note,label_binary,label_original,dataset_name,norm_key,dedup_key
text withheld: corpus licence does not permit redistribution,0,0.0,banglasarc,"অনেক ধন্যবাদ , সুন্দর ইফতারী ও সেহেরীর খাদ্য তালিকার জন্য !","অনেক ধন্যবাদ , সুন্দর ইফতারী ও সেহেরীর খাদ্য তালিকার জন্য !"
text withheld: corpus licence does not permit redistribution,1,1.0,banglasarc,আমরা সবসময় হাত ধরে।আমি যদি যেতে দিই তবে সে দোকান করে।,আমরা সবসময় হাত ধরে।আমি যদি যেতে দিই তবে সে দোকান করে।
text withheld: corpus licence does not permit redistribution,0,0.0,banglasarc,এই গুলা সব আমার সাথেই হয়,এই গুলা সব আমার সাথেই হয়
text withheld: corpus licence does not permit redistribution,0,0.0,banglasarc,শয়তানের বংসদর,শয়তানের বংসদর
text withheld: corpus licence does not permit redistribution,1,1.0,banglasarc,তাদের পোঁদ মিথ্যা বলে না।,তাদের পোঁদ মিথ্যা বলে না।
text withheld: corpus licence does not permit redistribution,0,0.0,banglasarc,ভালবাসার আরেক নাম মাশরাফি বিন মুর্তজা,ভালবাসার আরেক নাম মাশরাফি বিন মুর্তজা
text withheld: corpus licence does not permit redistribution,0,0.0,banglasarc,"সারাদিন কয় ভারত বয়কট,, রাত হলে কয় ভারত আমায় উদ্ধার কর।","সারাদিন কয় ভারত বয়কট,, রাত হলে কয় ভারত আমায় উদ্ধার কর।"
text withheld: corpus licence does not permit redistribution,0,0.0,banglasarc,"ভাই ""ইবেন দো"" আর ছাড়লেন নাহ","ভাই ""ইবেন দো"" আর ছাড়লেন নাহ"
text withheld: corpus licence does not permit redistribution,0,0.0,banglasarc,"যার কথায় এতো সিরিয়াস হচ্ছি,কাল ভুল বোঝাবোঝি সুধরানোর জন্য আমি নিজেও না থাকতে পারি।","যার কথায় এতো সিরিয়াস হচ্ছি,কাল ভুল বোঝাবোঝি সুধরানোর জন্য আমি নিজেও না থাকতে পারি।"
text withheld: corpus licence does not permit redistribution,1,1.0,banglasarc,একজন হতাশাবাদী এমন একজন ব্যক্তি যিনি প্রত্যেকে নিজের মতোই বাজে বলে মনে করেন এবং এর জন্য তাদের ঘৃণা করেন।,একজন হতাশাবাদী এমন একজন ব্যক্তি যিনি প্রত্যেকে নিজের মতোই বাজে বলে মনে করেন এবং এর জন্য তাদের ঘৃণা করেন।
text withheld: corpus licence does not permit redistribution,0,0.0,banglasarc,ঈদ মোবারক ❤❤❤❤❤,ঈদ মোবারক ❤❤❤❤❤
text withheld: corpus licence does not permit redistribution,0,0.0,banglasarc,শৈশবের বন্ধুত্ব বেঁচে থাকুক চিরকাল💝💝💝,শৈশবের বন্ধুত্ব বেঁচে থাকুক চিরকাল💝💝💝
text withheld: corpus licence does not permit redistribution,0,0.0,banglasarc,কি সুন্দর উপস্থাপনা 😊,কি সুন্দর উপস্থাপনা 😊
text withheld: corpus licence does not permit redistribution,1,1.0,banglasarc,আমি আপনার সমাধিক্ষেত্রে একটি ফেডোরা ছেড়ে যাব।,আমি আপনার সমাধিক্ষেত্রে একটি ফেডোরা ছেড়ে যাব।
text withheld: corpus licence does not permit redistribution,0,0.0,banglasarc,তোর মত মূর্খ্য জানোয়ারের কাছ থেকে এর বেশি চিন্তা করা ভুল। এই জানোয়ার আমার তো মনে হয় তোর যে জন্ম পরিচয় আছে সেটাই মনে হয় তুই বিশ্বাস করো না। কারন তোরে যারা জন্ম দিছে তাদের কি তোর জন্মের সময় দেখছিস দেখিস নাই তাহলে তোর কথা অনুযায়ী তোর কোনো জন্ম পরিচয় নাই...তুই একটা জারজ তাই না?,তোর মত মূর্খ্য জানোয়ারের কাছ থেকে এর বেশি চিন্তা করা ভুল। এই জানোয়ার আমার তো মনে হয় তোর যে জন্ম পরিচয় আছে সেটাই মনে হয় তুই বিশ্বাস করো না। কারন তোরে যারা জন্ম দিছে তাদের কি তোর জন্মের সময় দেখছিস দেখিস নাই তাহলে তোর কথা অনুযায়ী তোর কোনো জন্ম পরিচয় নাই...তুই একটা জারজ তাই না?
text withheld: corpus licence does not permit redistribution,0,0.0,banglasarc,নাউজুবিল্লাহ বলে প্রবেশ (শুধুমাত্র লিঙ্কে) করেন। ফজিলত আছে।,নাউজুবিল্লাহ বলে প্রবেশ (শুধুমাত্র লিঙ্কে) করেন। ফজিলত আছে।
text withheld: corpus licence does not permit redistribution,1,1.0,banglasarc,"অর্থ আমার কথা বলে সবসময় ""বিদায়""","অর্থ আমার কথা বলে সবসময় ""বিদায়"""
text withheld: corpus licence does not permit redistribution,0,0.0,banglasarc,ডা,ডা
text withheld: corpus licence does not permit redistribution,1,1.0,banglasarc,জ্যামিতি ব্যতীত জীবন অর্থহীন,জ্যামিতি ব্যতীত জীবন অর্থহীন
text withheld: corpus licence does not permit redistribution,0,0.0,banglasarc,"বর্তমানে আমাদের কাছে রয়েছে তিন ধরনের আম ল্যাংড়া, হিমসাগর ও আম্রপালি।","বর্তমানে আমাদের কাছে রয়েছে তিন ধরনের আম ল্যাংড়া, হিমসাগর ও আম্রপালি।"
text withheld: corpus licence does not permit redistribution,0,0.0,banglasarc,ঘুরে এলাম ফ্যান্টাসি কিংডম থেকে,ঘুরে এলাম ফ্যান্টাসি কিংডম থেকে
text withheld: corpus licence does not permit redistribution,0,0.0,banglasarc,"সমাজের বাস্তব চিত্র,,,","সমাজের বাস্তব চিত্র,,,"
text withheld: corpus licence does not permit redistribution,0,0.0,banglasarc,এত্তো আইসক্রিম খেলে তো গলা ব্যথা করতেই পারে।,এত্তো আইসক্রিম খেলে তো গলা ব্যথা করতেই পারে।
text withheld: corpus licence does not permit redistribution,0,0.0,banglasarc,মাঠ থেকে ফসল ঘরে আনে সেই ঘর জলে ভাসে ।,মাঠ থেকে ফসল ঘরে আনে সেই ঘর জলে ভাসে ।
text withheld: corpus licence does not permit redistribution,0,0.0,banglasarc,"আল্লাহপাক আমাদের রক্ষা করবেন,ইনশাআল্লাহ","আল্লাহপাক আমাদের রক্ষা করবেন,ইনশাআল্লাহ"
text withheld: corpus licence does not permit redistribution,0,0.0,banglasarc,আপনি এসব বলছেন আল্লাহর ভয় থেকে না আপনার ক্যারিয়ারের ভয়ে আর এগুলো আপনি শিখেছেন আপনার পরিবার থেকে আপনার সাষ্তি দেবার মানুষ কেউ না মানুষ হচ্ছে উছিলা মাত্র এসব আল্লাহর গজব আপনার উপর।,আপনি এসব বলছেন আল্লাহর ভয় থেকে না আপনার ক্যারিয়ারের ভয়ে আর এগুলো আপনি শিখেছেন আপনার পরিবার থেকে আপনার সাষ্তি দেবার মানুষ কেউ না মানুষ হচ্ছে উছিলা মাত্র এসব আল্লাহর গজব আপনার উপর।
text withheld: corpus licence does not permit redistribution,1,1.0,banglasarc,"আমি কেবল মানুষ, যদিও আমি আফসোস করছি।","আমি কেবল মানুষ, যদিও আমি আফসোস করছি।"
text withheld: corpus licence does not permit redistribution,0,0.0,banglasarc,পাশে আবার সালমান আছে নি,পাশে আবার সালমান আছে নি
text withheld: corpus licence does not permit redistribution,0,0.0,banglasarc,কাফতান দেখলে নিতে মন চায়,কাফতান দেখলে নিতে মন চায়
text withheld: corpus licence does not permit redistribution,1,1.0,banglasarc,"ছেলেরা হলেও ঠিক আছে, তারা কেবল পিসি সংস্কৃতিতে অসুস্থ!","ছেলেরা হলেও ঠিক আছে, তারা কেবল পিসি সংস্কৃতিতে অসুস্থ!"
text withheld: corpus licence does not permit redistribution,0,0.0,banglasarc,"গাছ লাগান পরিবেশ বাঁচান, আর সেই পরিবেশ বাঁচাতে গিয়ে আজ সেই বৃক্ষপ্রেমি ই কারাগারে,, 🤔🤔 আহারে মানবতা 🤔🤔😀😀","গাছ লাগান পরিবেশ বাঁচান, আর সেই পরিবেশ বাঁচাতে গিয়ে আজ সেই বৃক্ষপ্রেমি ই কারাগারে,, 🤔🤔 আহারে মানবতা 🤔🤔😀😀"
text withheld: corpus licence does not permit redistribution,0,0.0,banglasarc,আগামীকাল থেকে রাত ৮টার পর সারাদেশে দোকান-মার্কেট বন্ধ,আগামীকাল থেকে রাত ৮টার পর সারাদেশে দোকান-মার্কেট বন্ধ
text withheld: corpus licence does not permit redistribution,1,1.0,banglasarc,আমার সাবস্ক্রিপশন বাতিল করুন কারণ আমার আপনার সমস্যাগুলির দরকার নেই,আমার সাবস্ক্রিপশন বাতিল করুন কারণ আমার আপনার সমস্যাগুলির দরকার নেই
text withheld: corpus licence does not permit redistribution,0,0.0,banglasarc,হয়তো আপনাদের কেউই হবে,হয়তো আপনাদের কেউই হবে
text withheld: corpus licence does not permit redistribution,1,1.0,banglasarc,"""আমি দুঃখিত, আমি আদেশ নিই না।আমি সবেমাত্র পরামর্শ নিই। ""","""আমি দুঃখিত, আমি আদেশ নিই না।আমি সবেমাত্র পরামর্শ নিই। """
text withheld: corpus licence does not permit redistribution,0,0.0,banglasarc,কি ভাই কিছু খাবেন?,কি ভাই কিছু খাবেন?
text withheld: corpus licence does not permit redistribution,0,0.0,banglasarc,না জ্বালালে টাকা দিতে হবে না! বেঁচে যাবে বিদ্যুৎ ও টাকা এইটা তো একটা বোকাও জানে! তার চেয়ে বিদ্যুৎ চুরি বন্ধ করা জরুরী।,না জ্বালালে টাকা দিতে হবে না! বেঁচে যাবে বিদ্যুৎ ও টাকা এইটা তো একটা বোকাও জানে! তার চেয়ে বিদ্যুৎ চুরি বন্ধ করা জরুরী।
text withheld: corpus licence does not permit redistribution,0,0.0,banglasarc,ভাই কক্সবাজারের ওয়েদার কেমন?,ভাই কক্সবাজারের ওয়েদার কেমন?
text withheld: corpus licence does not permit redistribution,0,0.0,banglasarc,আমি আজ সকালেই ওখানে ছিলাম,আমি আজ সকালেই ওখানে ছিলাম
text withheld: corpus licence does not permit redistribution,0,0.0,banglasarc,এটাই ভালো অনেক ভালো,এটাই ভালো অনেক ভালো
text withheld: corpus licence does not permit redistribution,0,0.0,banglasarc,আমার অবুঝ মনে ছোটো একটা প্রশ্ন??? ঠিক কতো হাজার কোটি টাকা পাচার করলে ৫% হারে ৩ হাজার কোটি টাকা বাৎসরিক সুদ বাড়ে????,আমার অবুঝ মনে ছোটো একটা প্রশ্ন??? ঠিক কতো হাজার কোটি টাকা পাচার করলে ৫% হারে ৩ হাজার কোটি টাকা বাৎসরিক সুদ বাড়ে????
text withheld: corpus licence does not permit redistribution,1,1.0,banglasarc,"“ভাবি আমি ব্যঙ্গাত্মক?আমাকে যত্ন নেওয়ার ভান দেখুন! ""","“ভাবি আমি ব্যঙ্গাত্মক?আমাকে যত্ন নেওয়ার ভান দেখুন! """
text withheld: corpus licence does not permit redistribution,0,0.0,banglasarc,শেখ হাসিনা সবার চেয়ে আলাদা। নোবেল পাওয়া একমাত্র মিডনাইট হযরত। যিনি অন্যদেশের প্রধানমন্ত্রীর বাডীতে বুয়ার কাজ করেছেন।,শেখ হাসিনা সবার চেয়ে আলাদা। নোবেল পাওয়া একমাত্র মিডনাইট হযরত। যিনি অন্যদেশের প্রধানমন্ত্রীর বাডীতে বুয়ার কাজ করেছেন।
text withheld: corpus licence does not permit redistribution,1,1.0,banglasarc,"আপনি যদি সত্যিই শুনেন, সত্যিই সাবধানতার সাথে আপনি বিশ্বজুড়ে হাজার হাজার প্যান্টির শব্দ শুনতে পাচ্ছেন মাটিতে আঘাত করছেন।","আপনি যদি সত্যিই শুনেন, সত্যিই সাবধানতার সাথে আপনি বিশ্বজুড়ে হাজার হাজার প্যান্টির শব্দ শুনতে পাচ্ছেন মাটিতে আঘাত করছেন।"
text withheld: corpus licence does not permit redistribution,1,1.0,banglasarc,আমি যা বলি তা আপনি বিরক্ত?আমি যে জিনিস পিছনে রাখা আছে তা কল্পনা করুন।,আমি যা বলি তা আপনি বিরক্ত?আমি যে জিনিস পিছনে রাখা আছে তা কল্পনা করুন।
text withheld: corpus licence does not permit redistribution,1,1.0,banglasarc,"তবে, তবে, তবে কে তখন সমস্ত অর্থ উপার্জন করবে?","তবে, তবে, তবে কে তখন সমস্ত অর্থ উপার্জন করবে?"
text withheld: corpus licence does not permit redistribution,0,0.0,banglasarc,একলা কেনো আপু? কাকা কই??,একলা কেনো আপু? কাকা কই??
text withheld: corpus licence does not permit redistribution,0,0.0,banglasarc,এর পরে আমার পালা,এর পরে আমার পালা
text withheld: corpus licence does not permit redistribution,0,0.0,banglasarc,অনেক সুন্দর বিশ্লেষণ 🥰,অনেক সুন্দর বিশ্লেষণ 🥰
text withheld: corpus licence does not permit redistribution,1,1.0,banglasarc,আপনি যদি বলেন প্রতিটি স্মার্ট জিনিসের জন্য যদি একটি ডলার থাকে।আমি দরিদ্র হব,আপনি যদি বলেন প্রতিটি স্মার্ট জিনিসের জন্য যদি একটি ডলার থাকে।আমি দরিদ্র হব
text withheld: corpus licence does not permit redistribution,0,0.0,banglasarc,গজব পরছে দেশটায়।,গজব পরছে দেশটায়।
text withheld: corpus licence does not permit redistribution,0,0.0,banglasarc,লুটেপুটে খাও,লুটেপুটে খাও
text withheld: corpus licence does not permit redistribution,1,1.0,banglasarc,সারক্যাসম হ'ল বুদ্ধি সর্বনিম্ন রূপ!তবুও এটি মজাদার!,সারক্যাসম হ'ল বুদ্ধি সর্বনিম্ন রূপ!তবুও এটি মজাদার!
text withheld: corpus licence does not permit redistribution,1,1.0,banglasarc,"এটি আমি কখনও দেখেছি এমন কুরুচিপূর্ণ শীর্ষ, তবুও এটি আপনার মুখকে পুরোপুরি প্রশংসা করে।","এটি আমি কখনও দেখেছি এমন কুরুচিপূর্ণ শীর্ষ, তবুও এটি আপনার মুখকে পুরোপুরি প্রশংসা করে।"
text withheld: corpus licence does not permit redistribution,1,1.0,banglasarc,"""আমি যখনই দৌড়াতে যাই, আমি নতুন লোকের সাথে দেখা করি ... প্যারামেডিকসের মতো” ""","""আমি যখনই দৌড়াতে যাই, আমি নতুন লোকের সাথে দেখা করি ... প্যারামেডিকসের মতো” """
text withheld: corpus licence does not permit redistribution,1,1.0,banglasarc,"আমি যখন মারা যাই, আমি আমার দাদার মতো মারা যেতে চাই যিনি তাঁর ঘুমের মধ্যে শান্তভাবে মারা গিয়েছিলেন।তার গাড়িতে থাকা সমস্ত যাত্রীর মতো চিৎকার করছে না।","আমি যখন মারা যাই, আমি আমার দাদার মতো মারা যেতে চাই যিনি তাঁর ঘুমের মধ্যে শান্তভাবে মারা গিয়েছিলেন।তার গাড়িতে থাকা সমস্ত যাত্রীর মতো চিৎকার করছে না।"
text withheld: corpus licence does not permit redistribution,1,1.0,banglasarc,"একক আল্ট, কি স্ক্রাব","একক আল্ট, কি স্ক্রাব"
text withheld: corpus licence does not permit redistribution,1,1.0,banglasarc,আমরা যা অনুভব করি এবং ভাবি এবং তা হ'ল আমাদের নালীহীন গ্রন্থি এবং ভিসেরা এর অবস্থা দ্বারা নির্ধারিত অনেক পরিমাণে।,আমরা যা অনুভব করি এবং ভাবি এবং তা হ'ল আমাদের নালীহীন গ্রন্থি এবং ভিসেরা এর অবস্থা দ্বারা নির্ধারিত অনেক পরিমাণে।
text withheld: corpus licence does not permit redistribution,0,0.0,banglasarc,সুপার রেড হট চিলি আর অসাম কোরিয়ান রেসিপিতে তৈরি মি.নুডল্,সুপার রেড হট চিলি আর অসাম কোরিয়ান রেসিপিতে তৈরি মি.নুডল্
text withheld: corpus licence does not permit redistribution,1,1.0,banglasarc,আপনি যদি খুব মুক্ত মনের মত হন তবে আপনার মস্তিষ্কগুলি পড়ে যাবে।,আপনি যদি খুব মুক্ত মনের মত হন তবে আপনার মস্তিষ্কগুলি পড়ে যাবে।
text withheld: corpus licence does not permit redistribution,0,0.0,banglasarc,"অসাধারন, এটাই বেঁচে থাকার মূল মন্ত্র।","অসাধারন, এটাই বেঁচে থাকার মূল মন্ত্র।"
text withheld: corpus licence does not permit redistribution,0,0.0,banglasarc,আমাদের সুনামগঞ্জ খুব খারাপ অবস্থা সবাই দোয়া করবেন,আমাদের সুনামগঞ্জ খুব খারাপ অবস্থা সবাই দোয়া করবেন
text withheld: corpus licence does not permit redistribution,0,0.0,banglasarc,একন পুদুইনা আর আদা দিয়ে রঙ চা বেশি জোস হবেদে হয়দে,একন পুদুইনা আর আদা দিয়ে রঙ চা বেশি জোস হবেদে হয়দে
text withheld: corpus licence does not permit redistribution,0,0.0,banglasarc,"কতো কথা বলে মন, তারা বুঝে না কেন","কতো কথা বলে মন, তারা বুঝে না কেন"
text withheld: corpus licence does not permit redistribution,0,0.0,banglasarc,"এর দোষ শুধু বিয়া, এদেশের অনেক কোটিপতি, শিল্পপতি ছিল, তারাতো বিয়া করতে পারতো, এই নাট্যকর্মী তাহসানের চেয়েও উপযুক্ত পাত্র পাইছে মনে হয় কাকা বাবুকে। মিথিলা বুড়ো ফুলের ঘ্র্যান নিতে বেশ পছন্দ করে।","এর দোষ শুধু বিয়া, এদেশের অনেক কোটিপতি, শিল্পপতি ছিল, তারাতো বিয়া করতে পারতো, এই নাট্যকর্মী তাহসানের চেয়েও উপযুক্ত পাত্র পাইছে মনে হয় কাকা বাবুকে। মিথিলা বুড়ো ফুলের ঘ্র্যান নিতে বেশ পছন্দ করে।"
text withheld: corpus licence does not permit redistribution,1,1.0,banglasarc,আমি বাচ্চাদের বিশ্বাস করি না।তারা আমাদের প্রতিস্থাপন করতে এখানে এসেছেন।,আমি বাচ্চাদের বিশ্বাস করি না।তারা আমাদের প্রতিস্থাপন করতে এখানে এসেছেন।
text withheld: corpus licence does not permit redistribution,0,0.0,banglasarc,ইমান আলী স্যারের জন্য রইল অনেক অনেক দোয়া শুভ কামনা।,ইমান আলী স্যারের জন্য রইল অনেক অনেক দোয়া শুভ কামনা।
text withheld: corpus licence does not permit redistribution,0,0.0,banglasarc,সরকার এই মাগির বাল ও ফালাতে পারবে না।খারাপ কিছু বলতে চাইলাম না কিন্তু আবেগ ধরে রাখতে পারলাম না।,সরকার এই মাগির বাল ও ফালাতে পারবে না।খারাপ কিছু বলতে চাইলাম না কিন্তু আবেগ ধরে রাখতে পারলাম না।
text withheld: corpus licence does not permit redistribution,0,0.0,banglasarc,"অবতরণ করবে কোথায়? মোলাকাতের সময় অনেক পাওয়া যাবে, আগে মানুষ বাচাতে হবে।","অবতরণ করবে কোথায়? মোলাকাতের সময় অনেক পাওয়া যাবে, আগে মানুষ বাচাতে হবে।"
text withheld: corpus licence does not permit redistribution,1,1.0,banglasarc,সারক্যাসম them তাদের এটি উপলব্ধি না করে ইডিয়টসকে অপমান করার ক্ষমতা।,সারক্যাসম them তাদের এটি উপলব্ধি না করে ইডিয়টসকে অপমান করার ক্ষমতা।
text withheld: corpus licence does not permit redistribution,0,0.0,banglasarc,মুগলীর জন্য অনেক অনেক ভালোবাসা রইলো,মুগলীর জন্য অনেক অনেক ভালোবাসা রইলো
text withheld: corpus licence does not permit redistribution,1,1.0,banglasarc,আপনি যদি আমার সাথে একমত না হন তবে ঠিক আছে।আমি আপনাকে সঠিক হতে বাধ্য করতে পারি না,আপনি যদি আমার সাথে একমত না হন তবে ঠিক আছে।আমি আপনাকে সঠিক হতে বাধ্য করতে পারি না
text withheld: corpus licence does not permit redistribution,1,1.0,banglasarc,গির্জায় যাওয়া আপনাকে গ্যারেজে যাওয়ার চেয়ে খ্রিস্টানকে আর কোনও তৈরি করে না আপনাকে একটি অটোমোবাইল করে তোলে,গির্জায় যাওয়া আপনাকে গ্যারেজে যাওয়ার চেয়ে খ্রিস্টানকে আর কোনও তৈরি করে না আপনাকে একটি অটোমোবাইল করে তোলে
text withheld: corpus licence does not permit redistribution,0,0.0,banglasarc,ভাই তুমি কি মদন পাইছো মানুষকে এইটাতে তার পিক না আসল ভিডিও লাগবে আমার সাথে যোগাযোগ করো,ভাই তুমি কি মদন পাইছো মানুষকে এইটাতে তার পিক না আসল ভিডিও লাগবে আমার সাথে যোগাযোগ করো
text withheld: corpus licence does not permit redistribution,1,1.0,banglasarc,"""কখনও কখনও ক্ষমার দিকে প্রথম পদক্ষেপটি উপলব্ধি করা হয় যে অন্য ব্যক্তি একজন বোকা জন্মগ্রহণ করেছিলেন।""","""কখনও কখনও ক্ষমার দিকে প্রথম পদক্ষেপটি উপলব্ধি করা হয় যে অন্য ব্যক্তি একজন বোকা জন্মগ্রহণ করেছিলেন।"""
text withheld: corpus licence does not permit redistribution,1,1.0,banglasarc,আমাকে বলার জন্য ধন্যবাদ যে আপনি আমাকে কেবল একটি ইমেল প্রেরণ করেছেন।,আমাকে বলার জন্য ধন্যবাদ যে আপনি আমাকে কেবল একটি ইমেল প্রেরণ করেছেন।
text withheld: corpus licence does not permit redistribution,0,0.0,banglasarc,উনি ইচ্ছা মত ব্লাশ দেয়।,উনি ইচ্ছা মত ব্লাশ দেয়।
text withheld: corpus licence does not permit redistribution,1,1.0,banglasarc,"""আমি তালি দিয়েছি কারণ এটি শেষ হয়েছে, আমি এটি পছন্দ করি না।""","""আমি তালি দিয়েছি কারণ এটি শেষ হয়েছে, আমি এটি পছন্দ করি না।"""
text withheld: corpus licence does not permit redistribution,0,0.0,banglasarc,সবি এপ লিংক কেন ভাই!,সবি এপ লিংক কেন ভাই!
text withheld: corpus licence does not permit redistribution,0,0.0,banglasarc,"ওর কোন বাপ-মা নাই,ওর জনম ডাস্টবিনের ভিতর হয়েছে !! আল্লাহ ওকে হেদায়েত করুক ।","ওর কোন বাপ-মা নাই,ওর জনম ডাস্টবিনের ভিতর হয়েছে !! আল্লাহ ওকে হেদায়েত করুক ।"
text withheld: corpus licence does not permit redistribution,0,0.0,banglasarc,স্ট্রোক করবো!!! একদম শিওর,স্ট্রোক করবো!!! একদম শিওর
text withheld: corpus licence does not permit redistribution,1,1.0,banglasarc,"কিছু তারা যেখানেই যায় সেখানে সুখের কারণ হয়, কেউ কেউ যখনই যায়।","কিছু তারা যেখানেই যায় সেখানে সুখের কারণ হয়, কেউ কেউ যখনই যায়।"
text withheld: corpus licence does not permit redistribution,0,0.0,banglasarc,মাশারাফির প্রিয় রং সাদা,মাশারাফির প্রিয় রং সাদা
text withheld: corpus licence does not permit redistribution,0,0.0,banglasarc,"আমি লক্ষ করেছি ইউং জেনারেশনের বেশির ভাগ ছেলে বেপরোয়া ভাবে মোটর সাইকেল চালায় , তাদের জন্য অস্বাভাবিক কিছু না","আমি লক্ষ করেছি ইউং জেনারেশনের বেশির ভাগ ছেলে বেপরোয়া ভাবে মোটর সাইকেল চালায় , তাদের জন্য অস্বাভাবিক কিছু না"
text withheld: corpus licence does not permit redistribution,0,0.0,banglasarc,শুভ সকাল,শুভ সকাল
text withheld: corpus licence does not permit redistribution,0,0.0,banglasarc,তাহলে তুই কাফের (অবিশ্বাসী)!!!!!!!!!!!!!,তাহলে তুই কাফের (অবিশ্বাসী)!!!!!!!!!!!!!
text withheld: corpus licence does not permit redistribution,0,0.0,banglasarc,জয় হোক ভালোবাসার,জয় হোক ভালোবাসার
text withheld: corpus licence does not permit redistribution,0,0.0,banglasarc,দেশে কি হচ্ছে এসব। আল্লাহ সবাইকে রক্ষা করুক আমিন,দেশে কি হচ্ছে এসব। আল্লাহ সবাইকে রক্ষা করুক আমিন
text withheld: corpus licence does not permit redistribution,0,0.0,banglasarc,টপ ফ্যান আমি! চলো ভাত খাই!,টপ ফ্যান আমি! চলো ভাত খাই!
text withheld: corpus licence does not permit redistribution,1,1.0,banglasarc,আমি কেবল যত্ন নিই না এর অর্থ এই নয় যে আমি বুঝতে পারি না।,আমি কেবল যত্ন নিই না এর অর্থ এই নয় যে আমি বুঝতে পারি না।
text withheld: corpus licence does not permit redistribution,0,0.0,banglasarc,এবার ৬০% পর্যন্ত ডিসকাউন্টে হবে,এবার ৬০% পর্যন্ত ডিসকাউন্টে হবে
text withheld: corpus licence does not permit redistribution,0,0.0,banglasarc,আজকে বুধবার কিন্তু এটা তো আগের ভিডিও!!,আজকে বুধবার কিন্তু এটা তো আগের ভিডিও!!
text withheld: corpus licence does not permit redistribution,0,0.0,banglasarc,"উনার স্টাইলের কোনো সেন্স না থাকতে পারে,উনি তাবলিগের লেবাস ধরতে পারেন,উনার বানানো ছবির কোনো মান না থাকতে পারে,এমনকি ছবি তোলার জন্য উনি এখন অন্য কারও এক ফুটের মধ্যে দাঁড়ানো অবস্থায় মাস্কও খুলতে পারেন,কিন্তু মানুষ বড় দিল দরিয়া। এই ব্যাপারে উনার কোনো সমালোচনা নাই।","উনার স্টাইলের কোনো সেন্স না থাকতে পারে,উনি তাবলিগের লেবাস ধরতে পারেন,উনার বানানো ছবির কোনো মান না থাকতে পারে,এমনকি ছবি তোলার জন্য উনি এখন অন্য কারও এক ফুটের মধ্যে দাঁড়ানো অবস্থায় মাস্কও খুলতে পারেন,কিন্তু মানুষ বড় দিল দরিয়া। এই ব্যাপারে উনার কোনো সমালোচনা নাই।"
text withheld: corpus licence does not permit redistribution,0,0.0,banglasarc,সত্যি আপনি অনেক ভালো মানুষ,সত্যি আপনি অনেক ভালো মানুষ
text withheld: corpus licence does not permit redistribution,0,0.0,banglasarc,ও তো পুরাই অবাক |,ও তো পুরাই অবাক |
text withheld: corpus licence does not permit redistribution,1,1.0,banglasarc,শৈশবের স্থূলত্ব শেষ করার জন্য এটিই মিশেল এবং তার ড্রাইভ।,শৈশবের স্থূলত্ব শেষ করার জন্য এটিই মিশেল এবং তার ড্রাইভ।
text withheld: corpus licence does not permit redistribution,0,0.0,banglasarc,আমিও আমার বিয়ের সময় এভাবে ছিল্লাবো আমার বিয়ে আমার বিয়ে,আমিও আমার বিয়ের সময় এভাবে ছিল্লাবো আমার বিয়ে আমার বিয়ে
text withheld: corpus licence does not permit redistribution,1,1.0,banglasarc,"""আমরা সকলেই এমন কাউকে চিনি যে সাবলীল বাজে কথা বলে।""","""আমরা সকলেই এমন কাউকে চিনি যে সাবলীল বাজে কথা বলে।"""
text withheld: corpus licence does not permit redistribution,1,1.0,banglasarc,আমাকে প্রলোভনে না নিয়ে যান।আমি উপায় জানি,আমাকে প্রলোভনে না নিয়ে যান।আমি উপায় জানি
text withheld: corpus licence does not permit redistribution,0,0.0,banglasarc,"নিউজফিড দেখতে দেখতে মনে হচ্ছে, আমার চারপাশের বাতাস ভারি হয়ে উঠেছে, নিঃশ্বাস নিতে কেমন কষ্ট লাগতেছে!😥😓😓😓","নিউজফিড দেখতে দেখতে মনে হচ্ছে, আমার চারপাশের বাতাস ভারি হয়ে উঠেছে, নিঃশ্বাস নিতে কেমন কষ্ট লাগতেছে!😥😓😓😓"
text withheld: corpus licence does not permit redistribution,0,0.0,banglasarc,দানব কারা ?বিচার সেই দানবের হবেই ।,দানব কারা ?বিচার সেই দানবের হবেই ।
text withheld: corpus licence does not permit redistribution,1,1.0,banglasarc,"কারণ অ্যাপল এটি করে, এটি অবশ্যই একটি ভাল ধারণা হতে হবে!","কারণ অ্যাপল এটি করে, এটি অবশ্যই একটি ভাল ধারণা হতে হবে!"
text withheld: corpus licence does not permit redistribution,1,1.0,banglasarc,"এক সেকেন্ডে থাকুন, আমি ভেবেছিলাম আমরা আমাদের পরিচয় হারিয়ে ফেলব?","এক সেকেন্ডে থাকুন, আমি ভেবেছিলাম আমরা আমাদের পরিচয় হারিয়ে ফেলব?"
text withheld: corpus licence does not permit redistribution,0,0.0,banglasarc,"যেখানে একবার নিজের ব্যাক্তিত্ব হারিয়েছো,,সেখান থেকে সরে যাও।","যেখানে একবার নিজের ব্যাক্তিত্ব হারিয়েছো,,সেখান থেকে সরে যাও।"
text withheld: corpus licence does not permit redistribution,1,1.0,banglasarc,"হাহ, মজার বিষয়।#আনোয়েড #গ্রুআপ","হাহ, মজার বিষয়।#আনোয়েড #গ্রুআপ"
text withheld: corpus licence does not permit redistribution,0,0.0,banglasarc,"মাশাআল্লাহ অনেক সুন্দর একটা ভিডিও দেখে খুব ই ভালো লাগলো আপ্পি,","মাশাআল্লাহ অনেক সুন্দর একটা ভিডিও দেখে খুব ই ভালো লাগলো আপ্পি,"
text withheld: corpus licence does not permit redistribution,0,0.0,banglasarc,"দৃষ্টি ভঙ্গি বদলান, জীবন বদলে যাবে","দৃষ্টি ভঙ্গি বদলান, জীবন বদলে যাবে"
text withheld: corpus licence does not permit redistribution,0,0.0,banglasarc,"প্রিয় ভাই, আপনার প্রতি মানুষের আস্থা আছে, এই কষ্টের ফল দুনিয়া ও আখেরাতে পাবেন ইনশাআল্লাহ। ভালোবাসি আপনাকে","প্রিয় ভাই, আপনার প্রতি মানুষের আস্থা আছে, এই কষ্টের ফল দুনিয়া ও আখেরাতে পাবেন ইনশাআল্লাহ। ভালোবাসি আপনাকে"
text withheld: corpus licence does not permit redistribution,0,0.0,banglasarc,"বাংলাদেশে অনেক ব্যারিষ্টার আছেন,কিন্তু ব্যারিষ্টার সুমন একজনই। আল্লাহ তুমি আমার নিজ উপজেলার চুনারুঘাটের সন্তান সুমন ভাইয়ের নেক হায়াত বাড়িয়ে দিন,আমিন।","বাংলাদেশে অনেক ব্যারিষ্টার আছেন,কিন্তু ব্যারিষ্টার সুমন একজনই। আল্লাহ তুমি আমার নিজ উপজেলার চুনারুঘাটের সন্তান সুমন ভাইয়ের নেক হায়াত বাড়িয়ে দিন,আমিন।"
text withheld: corpus licence does not permit redistribution,0,0.0,banglasarc,প্রিয় নেতা আমার সালাম নিবেন আসসালামুয়ালাইকুম আপেল মাহমুদ গাজীপুর জেলা স্বেচ্ছাসেবক দলের সাংগঠনিক সম্পাদক আপনাদের একজন কর্মী প্রিয় নেতা 1315 আন্দোলনে আমরা তৃনমূল আপনাদের অনুমতিক্রমে অনেক কিছু করার চেষ্টা করেছি এখন আমাদের শুধু একটাই দাবি আমাদের মা গণতন্ত্রের নাম দেশমাতা বেগম খালেদা জিয়ার মুক্তি চাই আমাদের মাঝে তুলে জেলখানাতে শেষ হয়ে যাবে আমরা তৃনমূল সেটা কোনোভাবেই মেনে নিতে পারছি না প্রিয় নেতা আমার কথাটা নেতা একটু দেখলে দেখে নিজেকে ধন্য মনে করব,প্রিয় নেতা আমার সালাম নিবেন আসসালামুয়ালাইকুম আপেল মাহমুদ গাজীপুর জেলা স্বেচ্ছাসেবক দলের সাংগঠনিক সম্পাদক আপনাদের একজন কর্মী প্রিয় নেতা 1315 আন্দোলনে আমরা তৃনমূল আপনাদের অনুমতিক্রমে অনেক কিছু করার চেষ্টা করেছি এখন আমাদের শুধু একটাই দাবি আমাদের মা গণতন্ত্রের নাম দেশমাতা বেগম খালেদা জিয়ার মুক্তি চাই আমাদের মাঝে তুলে জেলখানাতে শেষ হয়ে যাবে আমরা তৃনমূল সেটা কোনোভাবেই মেনে নিতে পারছি না প্রিয় নেতা আমার কথাটা নেতা একটু দেখলে দেখে নিজেকে ধন্য মনে করব
text withheld: corpus licence does not permit redistribution,0,0.0,banglasarc,আল্লাহ তো নেই। ক্ষমা করবে কী করে?আপনার নাস্তিকতা মন আগের মতই আছে৷ এটা জাস্ট ক্যারিয়ার হারানোর ভয়ে বলতেছেন৷ কারণ আপনার কাছে সৃষ্টিকর্তা বিশ্বাসের চেয়ে ক্যারিয়ার বাঁচানো টা বড় কিছু৷,আল্লাহ তো নেই। ক্ষমা করবে কী করে?আপনার নাস্তিকতা মন আগের মতই আছে৷ এটা জাস্ট ক্যারিয়ার হারানোর ভয়ে বলতেছেন৷ কারণ আপনার কাছে সৃষ্টিকর্তা বিশ্বাসের চেয়ে ক্যারিয়ার বাঁচানো টা বড় কিছু৷
text withheld: corpus licence does not permit redistribution,1,1.0,banglasarc,"আপনি ঠিক বলেছেন, তার উচিত ছিল বাইরের দিকে কোনও গাড়ি বন্ধ হয়ে আসার কথা, তারা সর্বদা এটি করে","আপনি ঠিক বলেছেন, তার উচিত ছিল বাইরের দিকে কোনও গাড়ি বন্ধ হয়ে আসার কথা, তারা সর্বদা এটি করে"
text withheld: corpus licence does not permit redistribution,0,0.0,banglasarc,ঈদ মোবারক। unique idea!,ঈদ মোবারক। unique idea!
text withheld: corpus licence does not permit redistribution,0,0.0,banglasarc,তাকে প্রকাশে ফাশি দেওয়া হক,তাকে প্রকাশে ফাশি দেওয়া হক
text withheld: corpus licence does not permit redistribution,0,0.0,banglasarc,এটা অনেক আগে থেকেই ধারণা করছিলাম,এটা অনেক আগে থেকেই ধারণা করছিলাম
text withheld: corpus licence does not permit redistribution,1,1.0,banglasarc,"হুম, আমি এখানে ""f..ck এটি"" এবং ""f..ck"" এর মধ্যে এখানে আপনার মতামত ফাইল করতে যাচ্ছি।","হুম, আমি এখানে ""f..ck এটি"" এবং ""f..ck"" এর মধ্যে এখানে আপনার মতামত ফাইল করতে যাচ্ছি।"
text withheld: corpus licence does not permit redistribution,0,0.0,banglasarc,"তবে সবকিছুর উর্দ্ধে আমার একটা লাভ হইছে,আগে সাফা কবির কে চিনতাম না,এখন চিনলাম!!!","তবে সবকিছুর উর্দ্ধে আমার একটা লাভ হইছে,আগে সাফা কবির কে চিনতাম না,এখন চিনলাম!!!"
text withheld: corpus licence does not permit redistribution,1,1.0,banglasarc,যদি আপনার ফোনটি বেজে না থাকে তবে তা আমি।,যদি আপনার ফোনটি বেজে না থাকে তবে তা আমি।
text withheld: corpus licence does not permit redistribution,1,1.0,banglasarc,তুমি জানো আমি মানুষ সম্পর্কে কী পছন্দ করি?তাদের কুকুর।,তুমি জানো আমি মানুষ সম্পর্কে কী পছন্দ করি?তাদের কুকুর।
text withheld: corpus licence does not permit redistribution,1,1.0,banglasarc,প্রত্যেকেরই খারাপ দিন রয়েছে তবে প্রত্যেকেরই খারাপ জীবন নেই,প্রত্যেকেরই খারাপ দিন রয়েছে তবে প্রত্যেকেরই খারাপ জীবন নেই
text withheld: corpus licence does not permit redistribution,1,1.0,banglasarc,স্বাস্থ্য বই পড়ার বিষয়ে সতর্ক থাকুন।আপনি একটি ভুল ছাপান মারা যেতে পারে।,স্বাস্থ্য বই পড়ার বিষয়ে সতর্ক থাকুন।আপনি একটি ভুল ছাপান মারা যেতে পারে।
text withheld: corpus licence does not permit redistribution,0,0.0,banglasarc,"ভাই, একটা প্রাইভেট জেট কিনে ফেলেন। আমাদের দেশে একজন প্রাইভেট জেট ওয়ালা স্টার থাকবে না, তা কি হয়???","ভাই, একটা প্রাইভেট জেট কিনে ফেলেন। আমাদের দেশে একজন প্রাইভেট জেট ওয়ালা স্টার থাকবে না, তা কি হয়???"
text withheld: corpus licence does not permit redistribution,0,0.0,banglasarc,দুর্নীতির আরেকটি ফাঁদ পাতা হচ্ছে ।।।।। জনগণের টাকা আর কত খাবেন?,দুর্নীতির আরেকটি ফাঁদ পাতা হচ্ছে ।।।।। জনগণের টাকা আর কত খাবেন?
text withheld: corpus licence does not permit redistribution,1,1.0,banglasarc,আমি নির্দেশাবলী নিয়ে এসে থাকলেও আপনি আমাকে পরিচালনা করতে পারবেন না,আমি নির্দেশাবলী নিয়ে এসে থাকলেও আপনি আমাকে পরিচালনা করতে পারবেন না
text withheld: corpus licence does not permit redistribution,0,0.0,banglasarc,অচোদা মাল দিয়ে এগুলো না করলে নয় প্রথম আলোর।,অচোদা মাল দিয়ে এগুলো না করলে নয় প্রথম আলোর।
text withheld: corpus licence does not permit redistribution,0,0.0,banglasarc,এটা নিয়ে মোটিভেশন দিতে অনেক মোটিভেটর কে-ই দেখা যায় এবং অনেকেই এখান থেকে মোটিভেশন-ও নিচ্ছেন;,এটা নিয়ে মোটিভেশন দিতে অনেক মোটিভেটর কে-ই দেখা যায় এবং অনেকেই এখান থেকে মোটিভেশন-ও নিচ্ছেন;
text withheld: corpus licence does not permit redistribution,0,0.0,banglasarc,আসছে আবার করোনা।সতর্ক হই।মাক্স পড়ি।অযথা ঘুরা ঘুরি বন্ধ করি।,আসছে আবার করোনা।সতর্ক হই।মাক্স পড়ি।অযথা ঘুরা ঘুরি বন্ধ করি।
text withheld: corpus licence does not permit redistribution,0,0.0,banglasarc,যাদের যোগ্যতা নেই তারা মানুষকে কে নিয়ে সমালোচনা করে,যাদের যোগ্যতা নেই তারা মানুষকে কে নিয়ে সমালোচনা করে
text withheld: corpus licence does not permit redistribution,0,0.0,banglasarc,"ভাই অাপনার ফেইসটা কি করোনা ভাইরাসের চিহ্ন, অাবুল খানের ছবিটা না দিয়ে করোনার ছবিটা দিতেন অনেক ভাল হতো।","ভাই অাপনার ফেইসটা কি করোনা ভাইরাসের চিহ্ন, অাবুল খানের ছবিটা না দিয়ে করোনার ছবিটা দিতেন অনেক ভাল হতো।"
text withheld: corpus licence does not permit redistribution,1,1.0,banglasarc,আমার মনস্তাত্ত্বিক বিরতির প্রায় সময় এসেছে।,আমার মনস্তাত্ত্বিক বিরতির প্রায় সময় এসেছে।
text withheld: corpus licence does not permit redistribution,1,1.0,banglasarc,"মুশফিক শচিনের চেয়ে ভাল, তাই না?","মুশফিক শচিনের চেয়ে ভাল, তাই না?"
text withheld: corpus licence does not permit redistribution,0,0.0,banglasarc,"আপনাদের সকলের কাছে একটা বিষয়ে অনুরোধ-দয়াকরে এই মহিলা কিংবা ওনাদের মত ধর্ম ফ্যাসাদকারীদের নিয়া আর কোন নতুন নিউজ তৈরি করবেন না,,,কেননা এরা টেররিস্টদের হইতে অধিক ভয়ানক,,,, যে কোন শান্তিপূর্ণ স্থানের বুকে এরাই অশান্তি সৃষ্টিকারী।","আপনাদের সকলের কাছে একটা বিষয়ে অনুরোধ-দয়াকরে এই মহিলা কিংবা ওনাদের মত ধর্ম ফ্যাসাদকারীদের নিয়া আর কোন নতুন নিউজ তৈরি করবেন না,,,কেননা এরা টেররিস্টদের হইতে অধিক ভয়ানক,,,, যে কোন শান্তিপূর্ণ স্থানের বুকে এরাই অশান্তি সৃষ্টিকারী।"
text withheld: corpus licence does not permit redistribution,0,0.0,banglasarc,"বন্যা, অতিবৃষ্টিসহ সকল দূর্যোগের হাত থেকে রক্ষা কর।","বন্যা, অতিবৃষ্টিসহ সকল দূর্যোগের হাত থেকে রক্ষা কর।"
text withheld: corpus licence does not permit redistribution,1,1.0,banglasarc,"""কর্ম যদি আপনাকে আঘাত না করে তবে আমি আনন্দের সাথে করব” ""","""কর্ম যদি আপনাকে আঘাত না করে তবে আমি আনন্দের সাথে করব” """
text withheld: corpus licence does not permit redistribution,1,1.0,banglasarc,"""সত্যিকারের বন্ধন হ'ল যখন আপনি এবং আপনার বন্ধুরা সবাই একই জিনিস সম্পর্কে রাগান্বিত হন"" ""","""সত্যিকারের বন্ধন হ'ল যখন আপনি এবং আপনার বন্ধুরা সবাই একই জিনিস সম্পর্কে রাগান্বিত হন"" """
text withheld: corpus licence does not permit redistribution,0,0.0,banglasarc,সামনে এসএসসি পরীক্ষা তাই করোনা আবার ফিরে আসছে 🎆🎆🎆,সামনে এসএসসি পরীক্ষা তাই করোনা আবার ফিরে আসছে 🎆🎆🎆
text withheld: corpus licence does not permit redistribution,0,0.0,banglasarc,বৃক্ষপ্রেমী 🌚,বৃক্ষপ্রেমী 🌚
text withheld: corpus licence does not permit redistribution,1,1.0,banglasarc,আমার শৈশবের হাইলাইটটি আমার ভাইকে এত শক্ত করে হাসছিল যে খাবারটি তার নাক থেকে বেরিয়ে আসে।,আমার শৈশবের হাইলাইটটি আমার ভাইকে এত শক্ত করে হাসছিল যে খাবারটি তার নাক থেকে বেরিয়ে আসে।
text withheld: corpus licence does not permit redistribution,0,0.0,banglasarc,সামনে আমাদের পরিক্ষা। এই কারনেই হয়তো।,সামনে আমাদের পরিক্ষা। এই কারনেই হয়তো।
text withheld: corpus licence does not permit redistribution,1,1.0,banglasarc,আমি আশা করি একদিন আপনি ছিটে ছিটিয়ে আপনি টকশোর্ট মজার ব্যঙ্গাত্মক উক্তি,আমি আশা করি একদিন আপনি ছিটে ছিটিয়ে আপনি টকশোর্ট মজার ব্যঙ্গাত্মক উক্তি
text withheld: corpus licence does not permit redistribution,0,0.0,banglasarc,ভাই আমাগো অটো পাস দিবে একটু আগেবাগে জানাবেন? প্লিজ😇😇 তাহলে পড়ালেখা বন্ধ করে দিব🤪🤪🤪,ভাই আমাগো অটো পাস দিবে একটু আগেবাগে জানাবেন? প্লিজ😇😇 তাহলে পড়ালেখা বন্ধ করে দিব🤪🤪🤪
text withheld: corpus licence does not permit redistribution,0,0.0,banglasarc,"নিজের হীন সার্থ উদ্ধার করতে এখন সুন্দর করে প্রধানমন্ত্রী কে আইডল বানিয়ে দিলেন, এর মানে কি??","নিজের হীন সার্থ উদ্ধার করতে এখন সুন্দর করে প্রধানমন্ত্রী কে আইডল বানিয়ে দিলেন, এর মানে কি??"
text withheld: corpus licence does not permit redistribution,0,0.0,banglasarc,তিস্তা নদী সম্পর্কে অনেক কিছুই জানলাম,তিস্তা নদী সম্পর্কে অনেক কিছুই জানলাম
text withheld: corpus licence does not permit redistribution,0,0.0,banglasarc,কটি টাকার ভিউ আহা,কটি টাকার ভিউ আহা
text withheld: corpus licence does not permit redistribution,1,1.0,banglasarc,আমি আপনার সাথে একমত হব কিন্তু তারপরে আমরা দুজনেই ভুল হয়ে যাব।,আমি আপনার সাথে একমত হব কিন্তু তারপরে আমরা দুজনেই ভুল হয়ে যাব।
text withheld: corpus licence does not permit redistribution,1,1.0,banglasarc,একটি হাসি একটি বক্ররেখা যা সমস্ত কিছু সোজা করে।,একটি হাসি একটি বক্ররেখা যা সমস্ত কিছু সোজা করে।
text withheld: corpus licence does not permit redistribution,0,0.0,banglasarc,এমন একটা প্রতিষ্ঠান যাদের কাজ গুলোকে চোখ বন্ধ করে ভরসা করা যায়।,এমন একটা প্রতিষ্ঠান যাদের কাজ গুলোকে চোখ বন্ধ করে ভরসা করা যায়।
text withheld: corpus licence does not permit redistribution,0,0.0,banglasarc,সব বাবাদের জন্য অনেক অনেক শুভকামনা ও দোয়া।,সব বাবাদের জন্য অনেক অনেক শুভকামনা ও দোয়া।
text withheld: corpus licence does not permit redistribution,0,0.0,banglasarc,এখন বর্তমানে একলা চলাই ভালো,এখন বর্তমানে একলা চলাই ভালো
text withheld: corpus licence does not permit redistribution,0,0.0,banglasarc,ক্যামেরার পিছনে তার গল্পটা গোবরের চাইতেও নিৎকৃষ্ট।।,ক্যামেরার পিছনে তার গল্পটা গোবরের চাইতেও নিৎকৃষ্ট।।
text withheld: corpus licence does not permit redistribution,0,0.0,banglasarc,আমাদের নেত্রকোনার গর্ব! দোয়া ভালোবাসা শুভ কামনা ভাই আমার,আমাদের নেত্রকোনার গর্ব! দোয়া ভালোবাসা শুভ কামনা ভাই আমার
text withheld: corpus licence does not permit redistribution,0,0.0,banglasarc,তদন্তের স্বার্থে নাম প্রকাশ করা যাচ্ছে না !,তদন্তের স্বার্থে নাম প্রকাশ করা যাচ্ছে না !
text withheld: corpus licence does not permit redistribution,0,0.0,banglasarc,ঠিক এটা দেশের একটা ভবিষ্যৎ ।,ঠিক এটা দেশের একটা ভবিষ্যৎ ।
text withheld: corpus licence does not permit redistribution,0,0.0,banglasarc,বুঝলে অনেক কিছু।,বুঝলে অনেক কিছু।
text withheld: corpus licence does not permit redistribution,0,0.0,banglasarc,আমার খুব পছন্দের হাস্সোজ্বল মানুষ একজন।,আমার খুব পছন্দের হাস্সোজ্বল মানুষ একজন।
text withheld: corpus licence does not permit redistribution,0,0.0,banglasarc,বর্তমানে সাংবাদিক গুলো সাংঘাতিক হয়ে গেছে।,বর্তমানে সাংবাদিক গুলো সাংঘাতিক হয়ে গেছে।
text withheld: corpus licence does not permit redistribution,0,0.0,banglasarc,সামনে নির্বাচন,সামনে নির্বাচন
text withheld: corpus licence does not permit redistribution,1,1.0,banglasarc,যদি ব্যর্থতা সম্পর্কিত কোনও বই বিক্রি না হয় তবে এটি কি সফল?,যদি ব্যর্থতা সম্পর্কিত কোনও বই বিক্রি না হয় তবে এটি কি সফল?
text withheld: corpus licence does not permit redistribution,0,0.0,banglasarc,দুধু গুলা কি অনেক ছোট যে বুক টানা দিয়ে বড় করে দেখাও,দুধু গুলা কি অনেক ছোট যে বুক টানা দিয়ে বড় করে দেখাও
text withheld: corpus licence does not permit redistribution,1,1.0,banglasarc,তবে চিন্তা করবেন না যে অন্য রাতে দোয়ানকে অনেক বেশি ক্লিনার হিট হয়েছিল।,তবে চিন্তা করবেন না যে অন্য রাতে দোয়ানকে অনেক বেশি ক্লিনার হিট হয়েছিল।
text withheld: corpus licence does not permit redistribution,0,0.0,banglasarc,অল্পতেই সিরিয়াস হয়ে যাই কেন?,অল্পতেই সিরিয়াস হয়ে যাই কেন?
text withheld: corpus licence does not permit redistribution,1,1.0,banglasarc,কখনও কখনও আমি সময়মতো ফিরে যেতে এবং নিজেকে মুখে ঘুষি মারতে চাই।,কখনও কখনও আমি সময়মতো ফিরে যেতে এবং নিজেকে মুখে ঘুষি মারতে চাই।
text withheld: corpus licence does not permit redistribution,0,0.0,banglasarc,"আমি ছোটখাটো পাঁচ ফুট o9 ইঞ্চির একজন মানুষ!নাস্তিক ব্রো'দের প্রতি আমার ছোট একটা প্রশ্ন!যেহেতু নারী পুরুষ সমান অধিকার, সেহেতু! প্রান কম্পানি মামা ওয়েফার বাহির করছে, কিন্তু মামি ওয়েফার বাহির করেনিমিষ্টার নুডুলস বাহির করছে, কিন্তু মিসেস নুডুলস বাহির করে নাই!এতে কী নারি সম্মান অক্ষুণ্ণ হচ্ছে না?"" এ ব্যাপারে সাইন্স কী বলে! যুক্তি সহ কমেন্ট আসুন!","আমি ছোটখাটো পাঁচ ফুট o9 ইঞ্চির একজন মানুষ!নাস্তিক ব্রো'দের প্রতি আমার ছোট একটা প্রশ্ন!যেহেতু নারী পুরুষ সমান অধিকার, সেহেতু! প্রান কম্পানি মামা ওয়েফার বাহির করছে, কিন্তু মামি ওয়েফার বাহির করেনিমিষ্টার নুডুলস বাহির করছে, কিন্তু মিসেস নুডুলস বাহির করে নাই!এতে কী নারি সম্মান অক্ষুণ্ণ হচ্ছে না?"" এ ব্যাপারে সাইন্স কী বলে! যুক্তি সহ কমেন্ট আসুন!"
text withheld: corpus licence does not permit redistribution,0,0.0,banglasarc,"বেশি কিছু না, আমরা উন্নয়ন এর জোয়ারে ভেসে যাচ্ছি এই আর কি।","বেশি কিছু না, আমরা উন্নয়ন এর জোয়ারে ভেসে যাচ্ছি এই আর কি।"
text withheld: corpus licence does not permit redistribution,1,1.0,banglasarc,সিন্ডারেলার জুতো যদি পুরোপুরি ফিট করে তবে কেন এটি বন্ধ হয়ে গেল?,সিন্ডারেলার জুতো যদি পুরোপুরি ফিট করে তবে কেন এটি বন্ধ হয়ে গেল?
text withheld: corpus licence does not permit redistribution,0,0.0,banglasarc,তুমি একটা ফেরেশতা সবাই জানে,তুমি একটা ফেরেশতা সবাই জানে
text withheld: corpus licence does not permit redistribution,1,1.0,banglasarc,"উম্ম, তিনি তাকে 2700 ডলারের বেশি অনুদান দিতে পারবেন না","উম্ম, তিনি তাকে 2700 ডলারের বেশি অনুদান দিতে পারবেন না"
text withheld: corpus licence does not permit redistribution,0,0.0,banglasarc,নিজেকে পৃথিবীর সবচেয়ে সুন্দরী মনে করা একজন।,নিজেকে পৃথিবীর সবচেয়ে সুন্দরী মনে করা একজন।
text withheld: corpus licence does not permit redistribution,1,1.0,banglasarc,"আমি যখন ছোট ছিলাম তখন আমার বাবা -মা অনেকটা সরে গিয়েছিলাম, তবে আমি সবসময় তাদের খুঁজে পাই।","আমি যখন ছোট ছিলাম তখন আমার বাবা -মা অনেকটা সরে গিয়েছিলাম, তবে আমি সবসময় তাদের খুঁজে পাই।"
text withheld: corpus licence does not permit redistribution,1,1.0,banglasarc,"আমি সবসময় ""শুভ সকাল"" এর পরিবর্তে ""সকাল"" বলি কারণ এটি যদি একটি শুভ সকাল হয় তবে আমি এখনও বিছানায় থাকতাম এবং মানুষের সাথে কথা বলতাম না।","আমি সবসময় ""শুভ সকাল"" এর পরিবর্তে ""সকাল"" বলি কারণ এটি যদি একটি শুভ সকাল হয় তবে আমি এখনও বিছানায় থাকতাম এবং মানুষের সাথে কথা বলতাম না।"
text withheld: corpus licence does not permit redistribution,0,0.0,banglasarc,দেখা শেষ।,দেখা শেষ।
text withheld: corpus licence does not permit redistribution,0,0.0,banglasarc,যিনি কিনা জীবন ভর কঠোর পরিশ্রম করে ছেলে মেয়ের জন্য,যিনি কিনা জীবন ভর কঠোর পরিশ্রম করে ছেলে মেয়ের জন্য
text withheld: corpus licence does not permit redistribution,0,0.0,banglasarc,ভাই আফনে যুদি ছেলিবিটির ভাষা না বুঝেন সেইডা কি ছেলিবিটির দোষ? এই বাল্ডারে আফনে গালি দিতাছেন ক্যান?,ভাই আফনে যুদি ছেলিবিটির ভাষা না বুঝেন সেইডা কি ছেলিবিটির দোষ? এই বাল্ডারে আফনে গালি দিতাছেন ক্যান?
text withheld: corpus licence does not permit redistribution,0,0.0,banglasarc,"কোথাও ঘুরতে গেলে বন্ধুরা আগে যা বলতো বাড়ি গিয়ে ফোন করিস, এখন যা বলে বাড়ি গিয়ে ছবিগুলো পাঠিয়ে দিস.","কোথাও ঘুরতে গেলে বন্ধুরা আগে যা বলতো বাড়ি গিয়ে ফোন করিস, এখন যা বলে বাড়ি গিয়ে ছবিগুলো পাঠিয়ে দিস."
text withheld: corpus licence does not permit redistribution,0,0.0,banglasarc,এই জিনিস টা এতো বিরক্তিকর ভাই বলে শেষ করা যাবে না তার উপর যখন তখন আপডেট।,এই জিনিস টা এতো বিরক্তিকর ভাই বলে শেষ করা যাবে না তার উপর যখন তখন আপডেট।
text withheld: corpus licence does not permit redistribution,1,1.0,banglasarc,"“আমি তোমার নাক পেয়েছি।এটা আমার ব্যবসায় ছিল। ""","“আমি তোমার নাক পেয়েছি।এটা আমার ব্যবসায় ছিল। """
text withheld: corpus licence does not permit redistribution,0,0.0,banglasarc,কাক্কু আমার সেলামি কোই?,কাক্কু আমার সেলামি কোই?
text withheld: corpus licence does not permit redistribution,1,1.0,banglasarc,"ভাল ওয়াইনের মতো, বয়সের সাথে বিবাহ আরও ভাল হয় - একবার আপনি এতে কোনও কর্ক রাখতে শিখলে।","ভাল ওয়াইনের মতো, বয়সের সাথে বিবাহ আরও ভাল হয় - একবার আপনি এতে কোনও কর্ক রাখতে শিখলে।"
text withheld: corpus licence does not permit redistribution,1,1.0,banglasarc,"""কোনও দিন, আপনি অনেক দূরে যাবেন।আমি আশা করি আপনি সেখানে থাকবেন। ""","""কোনও দিন, আপনি অনেক দূরে যাবেন।আমি আশা করি আপনি সেখানে থাকবেন। """
text withheld: corpus licence does not permit redistribution,0,0.0,banglasarc,ফইন্নির ঘরের ফইন্নি,ফইন্নির ঘরের ফইন্নি
text withheld: corpus licence does not permit redistribution,0,0.0,banglasarc,আমিও করি এভাবে... আমি কখনো আলু কখনো মসুর ডাল দিয়ে করি এবং এটা খেতে খুবই মজার হয়।,আমিও করি এভাবে... আমি কখনো আলু কখনো মসুর ডাল দিয়ে করি এবং এটা খেতে খুবই মজার হয়।
text withheld: corpus licence does not permit redistribution,0,0.0,banglasarc,"ভাবীর চলাফেরা, মানুষের সাথে মিলামিশা দেখে আমার মনে হয় ভাবীই বাংলাদেশী আর তানহা আপু, তাপা বাবু এরা বিদেশী","ভাবীর চলাফেরা, মানুষের সাথে মিলামিশা দেখে আমার মনে হয় ভাবীই বাংলাদেশী আর তানহা আপু, তাপা বাবু এরা বিদেশী"
text withheld: corpus licence does not permit redistribution,0,0.0,banglasarc,এই ভিডিও গুলো তারাই দেখবে যারাপ্রকৃত কিছু শিখতে চায় এবং জানতে চায়।,এই ভিডিও গুলো তারাই দেখবে যারাপ্রকৃত কিছু শিখতে চায় এবং জানতে চায়।
text withheld: corpus licence does not permit redistribution,0,0.0,banglasarc,এই ভিডিওতে যেই জুয়েলারী বাক্সটা দেখেছেনে সেটা আমাকে দিয়েছে,এই ভিডিওতে যেই জুয়েলারী বাক্সটা দেখেছেনে সেটা আমাকে দিয়েছে
text withheld: corpus licence does not permit redistribution,1,1.0,banglasarc,"আমি গোপনীয়তা রাখি না, আমি কেবল মানুষকে আমার ব্যবসা থেকে দূরে রাখি।","আমি গোপনীয়তা রাখি না, আমি কেবল মানুষকে আমার ব্যবসা থেকে দূরে রাখি।"
text withheld: corpus licence does not permit redistribution,0,0.0,banglasarc,আমরা যখন আপুর বাসায় যাই মিটিং এর জন্য তখন থেকেই তাদের ভালবাসায় কখনো মনেই হয়নি যে এটা আমাদের পরিবার না।,আমরা যখন আপুর বাসায় যাই মিটিং এর জন্য তখন থেকেই তাদের ভালবাসায় কখনো মনেই হয়নি যে এটা আমাদের পরিবার না।
text withheld: corpus licence does not permit redistribution,1,1.0,banglasarc,"“আমি কখনই জানতাম না যে আমার বিয়ে না হওয়া পর্যন্ত আসল সুখ কী ছিল।এবং ততক্ষণে অনেক দেরি হয়ে গেছে। ""","“আমি কখনই জানতাম না যে আমার বিয়ে না হওয়া পর্যন্ত আসল সুখ কী ছিল।এবং ততক্ষণে অনেক দেরি হয়ে গেছে। """
text withheld: corpus licence does not permit redistribution,0,0.0,banglasarc,তোমরা বড়লোকেরা দেশের মানুষ কে ভাসিয়ে নিয়ে যাচ্ছে বন্যায়,তোমরা বড়লোকেরা দেশের মানুষ কে ভাসিয়ে নিয়ে যাচ্ছে বন্যায়
text withheld: corpus licence does not permit redistribution,0,0.0,banglasarc,"সেতি বিশ্বাস না করলে আই অন কিত্তাম! কিন্তু আল্লাহ্ তাকে হেদায়েত দান করুন, আমিন","সেতি বিশ্বাস না করলে আই অন কিত্তাম! কিন্তু আল্লাহ্ তাকে হেদায়েত দান করুন, আমিন"
text withheld: corpus licence does not permit redistribution,0,0.0,banglasarc,মীর শওকত আলী রাইট,মীর শওকত আলী রাইট
text withheld: corpus licence does not permit redistribution,0,0.0,banglasarc,এর লাগিউ করোনা যার না,এর লাগিউ করোনা যার না
text withheld: corpus licence does not permit redistribution,1,1.0,banglasarc,মজাদার ঘটনা: অ্যালকোহল 89%দ্বারা ‘প্রেরণ’ বোতামের আকার বাড়িয়ে তোলে।,মজাদার ঘটনা: অ্যালকোহল 89%দ্বারা ‘প্রেরণ’ বোতামের আকার বাড়িয়ে তোলে।
text withheld: corpus licence does not permit redistribution,1,1.0,banglasarc,তিনি কীভাবে নন -গেমিং সামগ্রী স্ট্রিমিং করছেন এখনও এখনও প্রায় রয়েছে?,তিনি কীভাবে নন -গেমিং সামগ্রী স্ট্রিমিং করছেন এখনও এখনও প্রায় রয়েছে?
text withheld: corpus licence does not permit redistribution,1,1.0,banglasarc,"দুঃখিত, আমার কুকুর আবার আপনার পাঠ্য খেয়েছে।","দুঃখিত, আমার কুকুর আবার আপনার পাঠ্য খেয়েছে।"
text withheld: corpus licence does not permit redistribution,0,0.0,banglasarc,কলকাতায় কবে আসছো জানাবে তোমার সাথে দেখা করার খুব ইচ্ছা আছে,কলকাতায় কবে আসছো জানাবে তোমার সাথে দেখা করার খুব ইচ্ছা আছে
text withheld: corpus licence does not permit redistribution,1,1.0,banglasarc,আমার সাবস্ক্রিপশন বাতিল করুন!আপনার সমস্যাগুলি আমার সময় এবং প্রচেষ্টার পক্ষে মূল্যবান নয়।,আমার সাবস্ক্রিপশন বাতিল করুন!আপনার সমস্যাগুলি আমার সময় এবং প্রচেষ্টার পক্ষে মূল্যবান নয়।
text withheld: corpus licence does not permit redistribution,0,0.0,banglasarc,ম্যাগি নুডুলস এর মত ২ মিনিটে ফরসা করবে এই ক্রীম......,ম্যাগি নুডুলস এর মত ২ মিনিটে ফরসা করবে এই ক্রীম......
text withheld: corpus licence does not permit redistribution,0,0.0,banglasarc,বাঘের বাচ্চা,বাঘের বাচ্চা
text withheld: corpus licence does not permit redistribution,0,0.0,banglasarc,শ্রীলংকার দুর্দিনে সরকারের এগিয়ে আসা উচিৎ,শ্রীলংকার দুর্দিনে সরকারের এগিয়ে আসা উচিৎ
text withheld: corpus licence does not permit redistribution,1,1.0,banglasarc,হাহাহা সেই ছোট্ট fucker পুরো সময় এই চক্রান্ত করছিল!,হাহাহা সেই ছোট্ট fucker পুরো সময় এই চক্রান্ত করছিল!
text withheld: corpus licence does not permit redistribution,0,0.0,banglasarc,"এজন্যই আল্লাহ সুবাহানাহু ওয়া তা'আলা বলেছেন, তিনি যাকে ভালবাসেন তাকে হেদায়েত দান করেন,","এজন্যই আল্লাহ সুবাহানাহু ওয়া তা'আলা বলেছেন, তিনি যাকে ভালবাসেন তাকে হেদায়েত দান করেন,"
text withheld: corpus licence does not permit redistribution,0,0.0,banglasarc,নাটক টা ভালই হলো,নাটক টা ভালই হলো
text withheld: corpus licence does not permit redistribution,1,1.0,banglasarc,"আমি পছন্দ করি যে তিনি কীভাবে সেখানে কিছুটা ফেটিশিংয়ে ফেলেছিলেন, কারণ এটি আপনাকে আকাঙ্ক্ষিত এবং বিশ্বাসযোগ্য বোধ করার গ্যারান্টিযুক্ত!","আমি পছন্দ করি যে তিনি কীভাবে সেখানে কিছুটা ফেটিশিংয়ে ফেলেছিলেন, কারণ এটি আপনাকে আকাঙ্ক্ষিত এবং বিশ্বাসযোগ্য বোধ করার গ্যারান্টিযুক্ত!"
text withheld: corpus licence does not permit redistribution,0,0.0,banglasarc,ফুডব্যাংকে আইলেই মনে হয় দুনিয়াতে ইশটেক ছাড়া আর কোনও খাওন নাই।,ফুডব্যাংকে আইলেই মনে হয় দুনিয়াতে ইশটেক ছাড়া আর কোনও খাওন নাই।
text withheld: corpus licence does not permit redistribution,0,0.0,banglasarc,প্রাথমিকে পোষ্য কোটা লিখিত থেকেই ধরা হয়। সেজন্য একজন পোষ্য কোটার প্রার্থী ৪০ পেয়েও চাকরি পেতে পারেন।,প্রাথমিকে পোষ্য কোটা লিখিত থেকেই ধরা হয়। সেজন্য একজন পোষ্য কোটার প্রার্থী ৪০ পেয়েও চাকরি পেতে পারেন।
text withheld: corpus licence does not permit redistribution,1,1.0,banglasarc,অসম্ভবকে করা এক ধরণের মজাদার।,অসম্ভবকে করা এক ধরণের মজাদার।
text withheld: corpus licence does not permit redistribution,0,0.0,banglasarc,"জায়েদ খানকে জীবনে তো নাম শুনি নাই,, আপনার মাধ্যমে ওনাকে চিনলাম,, এগিয়ে যাও","জায়েদ খানকে জীবনে তো নাম শুনি নাই,, আপনার মাধ্যমে ওনাকে চিনলাম,, এগিয়ে যাও"
text withheld: corpus licence does not permit redistribution,1,1.0,banglasarc,ওহ ... আমি আপনাকে বলিনি ... তবে এটি অবশ্যই আপনার ব্যবসায়ের কোনওটি হতে হবে না,ওহ ... আমি আপনাকে বলিনি ... তবে এটি অবশ্যই আপনার ব্যবসায়ের কোনওটি হতে হবে না
text withheld: corpus licence does not permit redistribution,0,0.0,banglasarc,পাগল ছাগলে দেশটা ভরে গেছে,পাগল ছাগলে দেশটা ভরে গেছে
text withheld: corpus licence does not permit redistribution,0,0.0,banglasarc,কবে আসছিলেন?,কবে আসছিলেন?
text withheld: corpus licence does not permit redistribution,0,0.0,banglasarc,বিদেশি হাইড্রোলিক হ্যামার টা ও কি থাকবে?,বিদেশি হাইড্রোলিক হ্যামার টা ও কি থাকবে?
text withheld: corpus licence does not permit redistribution,1,1.0,banglasarc,শিশু হিসাবে আমার পরিবারের মেনুতে দুটি পছন্দ রয়েছে: এটি নিন বা ছেড়ে দিন।,শিশু হিসাবে আমার পরিবারের মেনুতে দুটি পছন্দ রয়েছে: এটি নিন বা ছেড়ে দিন।
text withheld: corpus licence does not permit redistribution,1,1.0,banglasarc,আমাকে বলুন ... বোকা হয়ে কি কোনও পেশা হচ্ছে নাকি আপনি কেবল উপহার পেয়েছেন?,আমাকে বলুন ... বোকা হয়ে কি কোনও পেশা হচ্ছে নাকি আপনি কেবল উপহার পেয়েছেন?
text withheld: corpus licence does not permit redistribution,0,0.0,banglasarc,অনেক কিছু মিলে গেছিল,অনেক কিছু মিলে গেছিল
text withheld: corpus licence does not permit redistribution,1,1.0,banglasarc,তুমি মেয়ে!এবং ফিরে আসবেন না,তুমি মেয়ে!এবং ফিরে আসবেন না
text withheld: corpus licence does not permit redistribution,0,0.0,banglasarc,"ঠেলার নাম বাবাজি, জুয়ানকির ঠেলায় তখন বইলা ফেলসিলেন এবার ঠেলা ত সামলাইতেই হইব, আর আপনি যেটা করসেন ঐ টা ভুল না অপরাধবিচার চাওয়া পরে শুধু এতটুকুই বলব আল্লাহ আপনাকে হেদায়েত দান করুক #আমিন","ঠেলার নাম বাবাজি, জুয়ানকির ঠেলায় তখন বইলা ফেলসিলেন এবার ঠেলা ত সামলাইতেই হইব, আর আপনি যেটা করসেন ঐ টা ভুল না অপরাধবিচার চাওয়া পরে শুধু এতটুকুই বলব আল্লাহ আপনাকে হেদায়েত দান করুক #আমিন"
text withheld: corpus licence does not permit redistribution,1,1.0,banglasarc,"প্রতিটি সফল ব্যক্তির পিছনে, অনেক ব্যর্থ বছর রয়েছে।","প্রতিটি সফল ব্যক্তির পিছনে, অনেক ব্যর্থ বছর রয়েছে।"
text withheld: corpus licence does not permit redistribution,0,0.0,banglasarc,অরে নিয়ে যা করা হবে সব কিছুই অর পক্ষে যাচ্ছে কারন ও এখন আমেরিকার কাছে বলবে আমাকে নাগরিকত্ব দেও নয়তো দেশে গেলে বিপদ,অরে নিয়ে যা করা হবে সব কিছুই অর পক্ষে যাচ্ছে কারন ও এখন আমেরিকার কাছে বলবে আমাকে নাগরিকত্ব দেও নয়তো দেশে গেলে বিপদ
text withheld: corpus licence does not permit redistribution,0,0.0,banglasarc,থাকছে ১২ থেকে ৯৬ ঘণ্টায় নিশ্চিত ডেলিভারি।,থাকছে ১২ থেকে ৯৬ ঘণ্টায় নিশ্চিত ডেলিভারি।
text withheld: corpus licence does not permit redistribution,0,0.0,banglasarc,"প্রথম বিয়েতে যে ক্রোকারিজ পাইছি, সেটা দিয়ে আমার নাতিপুতির সংসার ও সুন্দর চলে যাবে।","প্রথম বিয়েতে যে ক্রোকারিজ পাইছি, সেটা দিয়ে আমার নাতিপুতির সংসার ও সুন্দর চলে যাবে।"
text withheld: corpus licence does not permit redistribution,0,0.0,banglasarc,তাতে করোনা কমবে না বন্যা বন্ধ হবে!,তাতে করোনা কমবে না বন্যা বন্ধ হবে!
text withheld: corpus licence does not permit redistribution,1,1.0,banglasarc,"তার রাজা ছাড়া রানী কী?ভাল histor তিহাসিকভাবে বলতে গেলে, আরও শক্তিশালী","তার রাজা ছাড়া রানী কী?ভাল histor তিহাসিকভাবে বলতে গেলে, আরও শক্তিশালী"
text withheld: corpus licence does not permit redistribution,1,1.0,banglasarc,আগামীকাল প্রায়শই সপ্তাহের ব্যস্ততম দিন।,আগামীকাল প্রায়শই সপ্তাহের ব্যস্ততম দিন।
text withheld: corpus licence does not permit redistribution,1,1.0,banglasarc,সেই লবণ দিয়ে কিছু ফ্রাই চান?,সেই লবণ দিয়ে কিছু ফ্রাই চান?
text withheld: corpus licence does not permit redistribution,0,0.0,banglasarc,অন্য কোন কালার হবে?,অন্য কোন কালার হবে?
text withheld: corpus licence does not permit redistribution,0,0.0,banglasarc,"কখনোই ভাল্লাগতো নাঅনেক চেষ্টা করেছিতার পরেও কোনো ভাবে ভাল্লাগাতে পারি নাই....আমার কাছে ""কয়ি মিল গায়া"" মুভির যাদুর মতো লাগে.....","কখনোই ভাল্লাগতো নাঅনেক চেষ্টা করেছিতার পরেও কোনো ভাবে ভাল্লাগাতে পারি নাই....আমার কাছে ""কয়ি মিল গায়া"" মুভির যাদুর মতো লাগে....."
text withheld: corpus licence does not permit redistribution,0,0.0,banglasarc,সুন্দরবনে বাঘ গননা করার জন্য প্রকল্প ব্যয় ধরা হয় ৬৬ কোটি টাকা।,সুন্দরবনে বাঘ গননা করার জন্য প্রকল্প ব্যয় ধরা হয় ৬৬ কোটি টাকা।
text withheld: corpus licence does not permit redistribution,0,0.0,banglasarc,লীগের ছাগলগুলা ম্যা ম্যা করতাসে কিছু কমেন্টে,লীগের ছাগলগুলা ম্যা ম্যা করতাসে কিছু কমেন্টে
text withheld: corpus licence does not permit redistribution,1,1.0,banglasarc,লোকেরা বলে যে হাসি হ'ল সেরা ওষুধ ... আপনার মুখ অবশ্যই বিশ্বকে নিরাময় করবে!,লোকেরা বলে যে হাসি হ'ল সেরা ওষুধ ... আপনার মুখ অবশ্যই বিশ্বকে নিরাময় করবে!
text withheld: corpus licence does not permit redistribution,0,0.0,banglasarc,"অসাধারণ ছবি, চোখ জুড়িয়ে যায়","অসাধারণ ছবি, চোখ জুড়িয়ে যায়"
text withheld: corpus licence does not permit redistribution,0,0.0,banglasarc,মালদ্বীপ যাওয়ার ইচ্ছা নাই তবে সাধ্য হলে ইনশাআল্লাহ একদিন মক্বাই যাব।,মালদ্বীপ যাওয়ার ইচ্ছা নাই তবে সাধ্য হলে ইনশাআল্লাহ একদিন মক্বাই যাব।
text withheld: corpus licence does not permit redistribution,0,0.0,banglasarc,সুন্দর ছবী.,সুন্দর ছবী.
text withheld: corpus licence does not permit redistribution,0,0.0,banglasarc,"আনুশকা শার্মাকে নিয়ে ট্রল দেখতে দেখতে ক্লান্ত ছিলাম, নিজেকে এভাবে বাংগালী জাতির জন্য উৎসর্গ করায় তোমাকে ধন্যবাদ।","আনুশকা শার্মাকে নিয়ে ট্রল দেখতে দেখতে ক্লান্ত ছিলাম, নিজেকে এভাবে বাংগালী জাতির জন্য উৎসর্গ করায় তোমাকে ধন্যবাদ।"
text withheld: corpus licence does not permit redistribution,1,1.0,banglasarc,"বোকামি কোনও অপরাধ নয়, তাই আপনি যেতে পারেন","বোকামি কোনও অপরাধ নয়, তাই আপনি যেতে পারেন"
text withheld: corpus licence does not permit redistribution,0,0.0,banglasarc,অসম্ভব ভালো লিখেছেন।,অসম্ভব ভালো লিখেছেন।
text withheld: corpus licence does not permit redistribution,0,0.0,banglasarc,গুরুত্বপূর্ণ তথ্য কাজে লাগবে।,গুরুত্বপূর্ণ তথ্য কাজে লাগবে।
text withheld: corpus licence does not permit redistribution,0,0.0,banglasarc,প্রথমবার দেখে আমি ভাবছিলাম হয়তো রানু মন্ডল এর ছোট বোন,প্রথমবার দেখে আমি ভাবছিলাম হয়তো রানু মন্ডল এর ছোট বোন
text withheld: corpus licence does not permit redistribution,0,0.0,banglasarc,এই ওয়েব সিরিজ টা অসাধারণ 👍👍👍🇧🇩,এই ওয়েব সিরিজ টা অসাধারণ 👍👍👍🇧🇩
text withheld: corpus licence does not permit redistribution,0,0.0,banglasarc,বাহিরে প্রচুর বৃষ্টি হচ্ছে ঘরে বসে তোমার লাইভ দেখছি,বাহিরে প্রচুর বৃষ্টি হচ্ছে ঘরে বসে তোমার লাইভ দেখছি
text withheld: corpus licence does not permit redistribution,0,0.0,banglasarc,"গত ৪৮ ঘন্টার মধ্যেই সারাদেশের ৪-৫ জায়গায় আগুন,,,পর্দার আড়ালে অন্যকেউ কলকাঠি নাড়ছেনা তো আবার?","গত ৪৮ ঘন্টার মধ্যেই সারাদেশের ৪-৫ জায়গায় আগুন,,,পর্দার আড়ালে অন্যকেউ কলকাঠি নাড়ছেনা তো আবার?"
text withheld: corpus licence does not permit redistribution,0,0.0,banglasarc,বাংলাদেশ জিন্দাবাদ❤❤❤,বাংলাদেশ জিন্দাবাদ❤❤❤
text withheld: corpus licence does not permit redistribution,1,1.0,banglasarc,হস্তমৈথুনটি বিলম্বের মতো - যতক্ষণ না আপনি বুঝতে পারবেন যে আপনি নিজেকে চোদাচ্ছেন।,হস্তমৈথুনটি বিলম্বের মতো - যতক্ষণ না আপনি বুঝতে পারবেন যে আপনি নিজেকে চোদাচ্ছেন।
text withheld: corpus licence does not permit redistribution,0,0.0,banglasarc,"আমার গ্রামের নাম কুকিকালিদাস, জন্ম থেকে গ্রামের মুসলিম লোকদের থেকে হিন্দু সম্প্রদায়ের লোকজনের সাথে উঠাবসা বেশি, ফেসবুক ফ্রেন্ড লিস্টে অনেক বন্ধুই আছে, সাথে দাদা, দিদি, কাকা, পিসি সহ অনেকেই আছে, কেউ কি বলতে পারবেন/ পারবে মুসলিমরা তাদের ক্ষতি করেছেন/ করেছে?আমাদের গ্রাম এমন একটি অসাম্প্রদায়িক জায়গা যেখানে মিষ্টির দোকান হিন্দু সম্প্রদায়ের লোকজনের","আমার গ্রামের নাম কুকিকালিদাস, জন্ম থেকে গ্রামের মুসলিম লোকদের থেকে হিন্দু সম্প্রদায়ের লোকজনের সাথে উঠাবসা বেশি, ফেসবুক ফ্রেন্ড লিস্টে অনেক বন্ধুই আছে, সাথে দাদা, দিদি, কাকা, পিসি সহ অনেকেই আছে, কেউ কি বলতে পারবেন/ পারবে মুসলিমরা তাদের ক্ষতি করেছেন/ করেছে?আমাদের গ্রাম এমন একটি অসাম্প্রদায়িক জায়গা যেখানে মিষ্টির দোকান হিন্দু সম্প্রদায়ের লোকজনের"
text withheld: corpus licence does not permit redistribution,0,0.0,banglasarc,তারপর ও আমরা রোজ রোজ ছোট ছোট ব্যাপার নিয়ে কতো বড় বড় ইস্যু বানাই,তারপর ও আমরা রোজ রোজ ছোট ছোট ব্যাপার নিয়ে কতো বড় বড় ইস্যু বানাই
text withheld: corpus licence does not permit redistribution,0,0.0,banglasarc,"পরকাল বিশ্বাস করে না .… কিন্তু আল্লাহর কাছে বিচার দেয় .… :-v , এর কারনে আরো ১০ জন নাস্তিক কথা বলার সুজোগ পাবে .. লাত্থি মাইরা এই দেশ থেইকা বের করা হোক … ফালতু","পরকাল বিশ্বাস করে না .… কিন্তু আল্লাহর কাছে বিচার দেয় .… :-v , এর কারনে আরো ১০ জন নাস্তিক কথা বলার সুজোগ পাবে .. লাত্থি মাইরা এই দেশ থেইকা বের করা হোক … ফালতু"
text withheld: corpus licence does not permit redistribution,1,1.0,banglasarc,আমাদের সবার সমস্যা আছে।আমাদের মধ্যে কেউ কেউ কেবল তাদের ফেসবুকে পোস্ট না করার জন্য বেছে নেয়।,আমাদের সবার সমস্যা আছে।আমাদের মধ্যে কেউ কেউ কেবল তাদের ফেসবুকে পোস্ট না করার জন্য বেছে নেয়।
text withheld: corpus licence does not permit redistribution,1,1.0,banglasarc,কেবল ভয়েসগুলি আমার সাথে কথা বলার অর্থ এই নয় যে আপনার সমস্ত alous র্ষা হওয়া উচিত।আপনি তাদের স্বাদ জন্য খানিকটা পাগল।,কেবল ভয়েসগুলি আমার সাথে কথা বলার অর্থ এই নয় যে আপনার সমস্ত alous র্ষা হওয়া উচিত।আপনি তাদের স্বাদ জন্য খানিকটা পাগল।
text withheld: corpus licence does not permit redistribution,1,1.0,banglasarc,আমার মুখের ভাবগুলি শেখানো দরকার।কীভাবে তাদের ভয়েসের ভিতরে ব্যবহার করবেন,আমার মুখের ভাবগুলি শেখানো দরকার।কীভাবে তাদের ভয়েসের ভিতরে ব্যবহার করবেন
text withheld: corpus licence does not permit redistribution,0,0.0,banglasarc,হালা চামচা! গুজব হলে সত্যটা কী?,হালা চামচা! গুজব হলে সত্যটা কী?
text withheld: corpus licence does not permit redistribution,1,1.0,banglasarc,আপনি যদি রাস্তায় একটি কাঁটাচামচ এনে থাকেন তবে তা নিন।,আপনি যদি রাস্তায় একটি কাঁটাচামচ এনে থাকেন তবে তা নিন।
text withheld: corpus licence does not permit redistribution,1,1.0,banglasarc,আমি আশা করি আরও বেশি লোক নীরবে সাবলীল ছিল।,আমি আশা করি আরও বেশি লোক নীরবে সাবলীল ছিল।
text withheld: corpus licence does not permit redistribution,0,0.0,banglasarc,নাস্তিক বা আস্তিক সবারই উপকার হবে বলে আশাকরি এই পোষ্টটি থেকে,নাস্তিক বা আস্তিক সবারই উপকার হবে বলে আশাকরি এই পোষ্টটি থেকে
text withheld: corpus licence does not permit redistribution,0,0.0,banglasarc,"সে একজন নাট্য কর্মী, তার চালচলন সেরকমই হওয়ার কথা, তাকে বাংলাদেশের প্রকৃত রিসালতে দেখতে এত কৌতহল কেন? সে (মিথিলা) স্পষ্ট বিপথগামী, তা সে বোঝেনা কারন তার কর্ম তাকে এটাই উপযুক্ত করে রেখেছে।","সে একজন নাট্য কর্মী, তার চালচলন সেরকমই হওয়ার কথা, তাকে বাংলাদেশের প্রকৃত রিসালতে দেখতে এত কৌতহল কেন? সে (মিথিলা) স্পষ্ট বিপথগামী, তা সে বোঝেনা কারন তার কর্ম তাকে এটাই উপযুক্ত করে রেখেছে।"
text withheld: corpus licence does not permit redistribution,0,0.0,banglasarc,"ধরেন আপনি মরুভূমির মাঝে কোন গভীর গর্তে পড়ে গেলেন, এখন আপনি কিভাবে বেঁচে ফিরবেন, মরুভূমিতে তো কোন মানুষজনের ঘর-বসতি নেই। তখন অবশ্যই আল্লাহকে স্মরণ করতে হবে, উনার কাছে সাহায্য কামনা করতে হবে। একমাত্র উনিই পারবেন আপনাকে বাঁচাতে। সুতরাং আল্লাহ তায়ালাকে অস্বীকার করার কোন যুক্তি নেই। আর যাদের পরকাল সম্পর্কে জ্ঞান নেই, দুনিয়াতে তাদের মতো মূর্খ ব্যক্তি আর নেই।","ধরেন আপনি মরুভূমির মাঝে কোন গভীর গর্তে পড়ে গেলেন, এখন আপনি কিভাবে বেঁচে ফিরবেন, মরুভূমিতে তো কোন মানুষজনের ঘর-বসতি নেই। তখন অবশ্যই আল্লাহকে স্মরণ করতে হবে, উনার কাছে সাহায্য কামনা করতে হবে। একমাত্র উনিই পারবেন আপনাকে বাঁচাতে। সুতরাং আল্লাহ তায়ালাকে অস্বীকার করার কোন যুক্তি নেই। আর যাদের পরকাল সম্পর্কে জ্ঞান নেই, দুনিয়াতে তাদের মতো মূর্খ ব্যক্তি আর নেই।"
text withheld: corpus licence does not permit redistribution,0,0.0,banglasarc,কট্টরপন্থীকে সাপোর্ট করা প্রকারান্তরে কট্টরপন্থীতার নামান্তর মিলন দাস,কট্টরপন্থীকে সাপোর্ট করা প্রকারান্তরে কট্টরপন্থীতার নামান্তর মিলন দাস
text withheld: corpus licence does not permit redistribution,0,0.0,banglasarc,"প্রতিটা মেয়ের স্বপ্ন থাকে বিয়ে নিয়ে, বারিশ আপু তুমি অনেক ভাগ্যবতি,, সবসময় ভালো থাকো দোয়া করি।","প্রতিটা মেয়ের স্বপ্ন থাকে বিয়ে নিয়ে, বারিশ আপু তুমি অনেক ভাগ্যবতি,, সবসময় ভালো থাকো দোয়া করি।"
text withheld: corpus licence does not permit redistribution,0,0.0,banglasarc,দেশে রাসুলের অপমানের বিক্ষোভ চলতেছি তাই এটা সব সরকারকে ছাল,দেশে রাসুলের অপমানের বিক্ষোভ চলতেছি তাই এটা সব সরকারকে ছাল
text withheld: corpus licence does not permit redistribution,0,0.0,banglasarc,গোলাপ ফুল দিয়ে পুজা হয়না!,গোলাপ ফুল দিয়ে পুজা হয়না!
text withheld: corpus licence does not permit redistribution,1,1.0,banglasarc,আপনি যে প্রতিটি স্মার্ট জিনিসটির জন্য আপনাকে একটি ডলার দিতে হয় তবে আমি প্রচুর অর্থ সাশ্রয় করব,আপনি যে প্রতিটি স্মার্ট জিনিসটির জন্য আপনাকে একটি ডলার দিতে হয় তবে আমি প্রচুর অর্থ সাশ্রয় করব
text withheld: corpus licence does not permit redistribution,0,0.0,banglasarc,ঢাকায় আমাদের যেসকল জায়গায় শাখা রয়েছেঃ,ঢাকায় আমাদের যেসকল জায়গায় শাখা রয়েছেঃ
text withheld: corpus licence does not permit redistribution,1,1.0,banglasarc,আমি বলছি না আমি তোমাকে ঘৃণা করি।তবে আমি আমার ফোনটি চার্জ করতে আপনার জীবন সমর্থন প্লাগ করব।,আমি বলছি না আমি তোমাকে ঘৃণা করি।তবে আমি আমার ফোনটি চার্জ করতে আপনার জীবন সমর্থন প্লাগ করব।
text withheld: corpus licence does not permit redistribution,1,1.0,banglasarc,"“উফ!আমি কি কেবল জোরে জোরে আমার চোখ রোল করেছি? ""","“উফ!আমি কি কেবল জোরে জোরে আমার চোখ রোল করেছি? """
text withheld: corpus licence does not permit redistribution,0,0.0,banglasarc,#হোম ডেলিভারি সুব্যবস্থা রয়েছে।,#হোম ডেলিভারি সুব্যবস্থা রয়েছে।
text withheld: corpus licence does not permit redistribution,1,1.0,banglasarc,"আমি প্রায় সবসময় রসিকতা করছি, কেবল আমার ব্যবহারকারীর নামটি দেখুন।","আমি প্রায় সবসময় রসিকতা করছি, কেবল আমার ব্যবহারকারীর নামটি দেখুন।"
text withheld: corpus licence does not permit redistribution,1,1.0,banglasarc,"এটি যত খারাপ হয় না কেন, আমি সবসময় ডলারের দোকানে ধনী।","এটি যত খারাপ হয় না কেন, আমি সবসময় ডলারের দোকানে ধনী।"
text withheld: corpus licence does not permit redistribution,1,1.0,banglasarc,"""আপনার উচ্ছ্বাস, বিপথগামী অধিকারের অনুভূতি অত্যাশ্চর্য” ""","""আপনার উচ্ছ্বাস, বিপথগামী অধিকারের অনুভূতি অত্যাশ্চর্য” """
text withheld: corpus licence does not permit redistribution,0,0.0,banglasarc,হায় হায় আমিত একে চিনি প্রায় টার্ক এ আমার রুমে আসত আমার এক রুমমেটের খুব ভাল ফ্রেন্ড ছিল ওর সাথে অনেক কথাও হত।,হায় হায় আমিত একে চিনি প্রায় টার্ক এ আমার রুমে আসত আমার এক রুমমেটের খুব ভাল ফ্রেন্ড ছিল ওর সাথে অনেক কথাও হত।
text withheld: corpus licence does not permit redistribution,0,0.0,banglasarc,"আমাদের দেশে নাস্তিকরা এতোটা ভয়ানক না, আস্তিকরা যে পরিমাণ ভয়ানক।সাফার যদি পরকালে বিশ্বাস নাই থাকে, এটা তার বিশ্বাসের কথা বলসে, আর সেটার গুনাহ আল্লাহর কাছে সেটা আল্লাহ সুবহানতায়ালা দেখবেন। তোমরা তাকে এইভাবে অপদস্ত করবে?ইসলাম কি তাই বলে?আরে একজন নাস্তিকের সাথেও মোহাম্মদ (সঃ) এমন ব্যাবহার করতেন, যে তার ব্যাবহার দেখে তার মনেও বিশ্বাস জাগে।এই তোমাদের আস্তিকতার প্রমান? তোমাদের এই ব্যাবহার দেখে আস্তিকও নাস্তিক হয়ে যাবে!!ভয় দেখিয়ে ঘৃনা করে কাউকে আস্তিক বানানো যায় না। ছিঃ এই ব্যাবহার কি ইসলামিক ব্যাবহার? এতো ঘৃনা?মোহাম্মদ (স)তো অনেক সুন্দর করে কাফেরদের সাথে কথা বলতেন!!","আমাদের দেশে নাস্তিকরা এতোটা ভয়ানক না, আস্তিকরা যে পরিমাণ ভয়ানক।সাফার যদি পরকালে বিশ্বাস নাই থাকে, এটা তার বিশ্বাসের কথা বলসে, আর সেটার গুনাহ আল্লাহর কাছে সেটা আল্লাহ সুবহানতায়ালা দেখবেন। তোমরা তাকে এইভাবে অপদস্ত করবে?ইসলাম কি তাই বলে?আরে একজন নাস্তিকের সাথেও মোহাম্মদ (সঃ) এমন ব্যাবহার করতেন, যে তার ব্যাবহার দেখে তার মনেও বিশ্বাস জাগে।এই তোমাদের আস্তিকতার প্রমান? তোমাদের এই ব্যাবহার দেখে আস্তিকও নাস্তিক হয়ে যাবে!!ভয় দেখিয়ে ঘৃনা করে কাউকে আস্তিক বানানো যায় না। ছিঃ এই ব্যাবহার কি ইসলামিক ব্যাবহার? এতো ঘৃনা?মোহাম্মদ (স)তো অনেক সুন্দর করে কাফেরদের সাথে কথা বলতেন!!"
text withheld: corpus licence does not permit redistribution,1,1.0,banglasarc,"""খুশী থেকো.এটি মানুষকে পাগল করে তোলে। ""","""খুশী থেকো.এটি মানুষকে পাগল করে তোলে। """
text withheld: corpus licence does not permit redistribution,0,0.0,banglasarc,বাংলাদেশ আওয়ামীলীগের প্রতিটি নেতা কর্মীকে অফুরান ভালবাসা এবং শ্রদ্ধা।,বাংলাদেশ আওয়ামীলীগের প্রতিটি নেতা কর্মীকে অফুরান ভালবাসা এবং শ্রদ্ধা।
text withheld: corpus licence does not permit redistribution,0,0.0,banglasarc,"ব্রাদার,,আপনি কি বাংলাদেশে একটি আন্তর্জাতিক মানের হাসপাতাল বানানোর উদ্যোগ নিতে পারেন না??","ব্রাদার,,আপনি কি বাংলাদেশে একটি আন্তর্জাতিক মানের হাসপাতাল বানানোর উদ্যোগ নিতে পারেন না??"
text withheld: corpus licence does not permit redistribution,1,1.0,banglasarc,যখন কোনও ব্যক্তি আপনার স্ত্রীকে চুরি করে তখন তাকে রাখার চেয়ে ভাল প্রতিশোধ নেওয়া যায় না।,যখন কোনও ব্যক্তি আপনার স্ত্রীকে চুরি করে তখন তাকে রাখার চেয়ে ভাল প্রতিশোধ নেওয়া যায় না।
text withheld: corpus licence does not permit redistribution,1,1.0,banglasarc,কিছু দিন আপনি বাগ;কিছু দিন আপনি উইন্ডশীল্ড,কিছু দিন আপনি বাগ;কিছু দিন আপনি উইন্ডশীল্ড
text withheld: corpus licence does not permit redistribution,1,1.0,banglasarc,একজন হতাশাবাদী রক্তের ধরণ সর্বদা বি-নেতিবাচক।,একজন হতাশাবাদী রক্তের ধরণ সর্বদা বি-নেতিবাচক।
text withheld: corpus licence does not permit redistribution,0,0.0,banglasarc,এমন বন্ধু কয়জনেই বা পায়।,এমন বন্ধু কয়জনেই বা পায়।
text withheld: corpus licence does not permit redistribution,0,0.0,banglasarc,আসলেই এত সুন্দর?,আসলেই এত সুন্দর?
text withheld: corpus licence does not permit redistribution,1,1.0,banglasarc,আমার বস আমাকে একটি ভাল দিন কাটাতে বলেছিলেন তাই আমি বাড়িতে গেলাম,আমার বস আমাকে একটি ভাল দিন কাটাতে বলেছিলেন তাই আমি বাড়িতে গেলাম
text withheld: corpus licence does not permit redistribution,0,0.0,banglasarc,শুকরে চিনে কচু।,শুকরে চিনে কচু।
text withheld: corpus licence does not permit redistribution,0,0.0,banglasarc,রক্ত দিয়ে এগিয়ে আসতেছে বিশ্ববিদ্যালয়ের ভাইয়েরা,রক্ত দিয়ে এগিয়ে আসতেছে বিশ্ববিদ্যালয়ের ভাইয়েরা
text withheld: corpus licence does not permit redistribution,1,1.0,banglasarc,"“জম্বিগুলি মস্তিষ্ক খায়।আপনি নিরাপদ.""","“জম্বিগুলি মস্তিষ্ক খায়।আপনি নিরাপদ."""
text withheld: corpus licence does not permit redistribution,0,0.0,banglasarc,"বাহ!অসাধারণ বলেছেন,,, আপনার জন্য থাকছে কেয়া কসমেটিকের সৌজন্যে একটি মহা মূল্যবান ইয়াবা মেশিন, পরিবেশ বান্ধব গাঞ্জার গাছ, আপনাকে জামালপুরের ডিসি, ফেনীর সিরাজউদ্দউলা, ওসি মোয়াজ্জেম, কক্সবাজারের বাবা বদি, বরগুনার মিন্নি, টেন্ডার কিং জি কে শামীম, ক্যাসিনো খালেদ ও সম্রাট, এমপি শামসুল, সানাই মাহবুব রানু মন্ডল, নারী ব্যাবসায়ী পাপীয়া ও সেফুদার পক্ষ থেকে, আন্তরিক অভিনন্দন ও শুভেচ্ছা সহ স্বাগতম। কপি। আমিও একটা কমেন্ট করে গেলাম","বাহ!অসাধারণ বলেছেন,,, আপনার জন্য থাকছে কেয়া কসমেটিকের সৌজন্যে একটি মহা মূল্যবান ইয়াবা মেশিন, পরিবেশ বান্ধব গাঞ্জার গাছ, আপনাকে জামালপুরের ডিসি, ফেনীর সিরাজউদ্দউলা, ওসি মোয়াজ্জেম, কক্সবাজারের বাবা বদি, বরগুনার মিন্নি, টেন্ডার কিং জি কে শামীম, ক্যাসিনো খালেদ ও সম্রাট, এমপি শামসুল, সানাই মাহবুব রানু মন্ডল, নারী ব্যাবসায়ী পাপীয়া ও সেফুদার পক্ষ থেকে, আন্তরিক অভিনন্দন ও শুভেচ্ছা সহ স্বাগতম। কপি। আমিও একটা কমেন্ট করে গেলাম"
text withheld: corpus licence does not permit redistribution,1,1.0,banglasarc,প্রিয় জীবন.আপনি কি কমপক্ষে লুব্রিক্যান্ট ব্যবহার শুরু করতে পারেন?,প্রিয় জীবন.আপনি কি কমপক্ষে লুব্রিক্যান্ট ব্যবহার শুরু করতে পারেন?
text withheld: corpus licence does not permit redistribution,0,0.0,banglasarc,নাস্তিক বাচ্চা আল্লাহ কাছে বিচার দেয়,নাস্তিক বাচ্চা আল্লাহ কাছে বিচার দেয়
text withheld: corpus licence does not permit redistribution,1,1.0,banglasarc,আমি আমার কথা খাওয়া থেকে কখনও বদহজম বিকাশ করি নি।,আমি আমার কথা খাওয়া থেকে কখনও বদহজম বিকাশ করি নি।
text withheld: corpus licence does not permit redistribution,0,0.0,banglasarc,"সরকারের উচিত ছিল পর্যাপ্ত খাবার পানি ও নিরাপদ আশ্রয়ের ব্যবস্থা করা, তা না করে তারা আছে পদ্মা সেতু উদভোদন অনুষ্ঠান নিয়ে","সরকারের উচিত ছিল পর্যাপ্ত খাবার পানি ও নিরাপদ আশ্রয়ের ব্যবস্থা করা, তা না করে তারা আছে পদ্মা সেতু উদভোদন অনুষ্ঠান নিয়ে"
text withheld: corpus licence does not permit redistribution,0,0.0,banglasarc,ওখানে হাটতে সময় কেমন অনুভূতি হয়েছে জানতে চাওয়া আমি 🥰🥰,ওখানে হাটতে সময় কেমন অনুভূতি হয়েছে জানতে চাওয়া আমি 🥰🥰
text withheld: corpus licence does not permit redistribution,0,0.0,banglasarc,এটা তে আদা ও রসুন বাটা কিছু দিতে হবে না,এটা তে আদা ও রসুন বাটা কিছু দিতে হবে না
text withheld: corpus licence does not permit redistribution,1,1.0,banglasarc,"""আমাকে অবমূল্যায়ন করা.এটা মজা হবে। ""","""আমাকে অবমূল্যায়ন করা.এটা মজা হবে। """
text withheld: corpus licence does not permit redistribution,0,0.0,banglasarc,এটা আমার গ্রুপ আশা করবো সবাই জয়েন করবেন। লিংক এ ক্লিক করে জয়েন করেনhttps://www.facebook.com/groups/2352496545019687/,এটা আমার গ্রুপ আশা করবো সবাই জয়েন করবেন। লিংক এ ক্লিক করে জয়েন করেনhttps://www.facebook.com/groups/2352496545019687/
text withheld: corpus licence does not permit redistribution,1,1.0,banglasarc,এই পোস্টটি স্পষ্টভাবে আমাকে লাইফ লোলের জন্য আরও ভাল দৃষ্টি দিয়েছে।,এই পোস্টটি স্পষ্টভাবে আমাকে লাইফ লোলের জন্য আরও ভাল দৃষ্টি দিয়েছে।
text withheld: corpus licence does not permit redistribution,1,1.0,banglasarc,"""অবশ্যই আমি আপনাকে সাহায্য করব ... আপনি যেভাবে এসেছিলেন ঠিক তেমনই।""","""অবশ্যই আমি আপনাকে সাহায্য করব ... আপনি যেভাবে এসেছিলেন ঠিক তেমনই।"""
text withheld: corpus licence does not permit redistribution,0,0.0,banglasarc,আজ সেই সকল বাবাদের ও জানাই বাবা দিবসের শুভেচ্ছা।,আজ সেই সকল বাবাদের ও জানাই বাবা দিবসের শুভেচ্ছা।
text withheld: corpus licence does not permit redistribution,0,0.0,banglasarc,চুপ থাকো বেয়াদব মহিলা কোথাকার। একদম চুপ,চুপ থাকো বেয়াদব মহিলা কোথাকার। একদম চুপ
text withheld: corpus licence does not permit redistribution,1,1.0,banglasarc,"“জাহান্নামে আপনার বাচ্চা যেমন আপনাকে কখনও কিছু ছুঁড়ে ফেলছে তেমন ক্রোধ নেই।আমি মেক্সিকান ড্রাগলর্ডের মতো ভাঙা ক্রাইওনগুলি ছিনিয়ে নিয়েছি। ""","“জাহান্নামে আপনার বাচ্চা যেমন আপনাকে কখনও কিছু ছুঁড়ে ফেলছে তেমন ক্রোধ নেই।আমি মেক্সিকান ড্রাগলর্ডের মতো ভাঙা ক্রাইওনগুলি ছিনিয়ে নিয়েছি। """
text withheld: corpus licence does not permit redistribution,1,1.0,banglasarc,আমার একাধিক ব্যক্তিত্ব রয়েছে এবং তাদের মতো তাদের কেউ নেই,আমার একাধিক ব্যক্তিত্ব রয়েছে এবং তাদের মতো তাদের কেউ নেই
text withheld: corpus licence does not permit redistribution,0,0.0,banglasarc,একজন মুসলিম হয়ে বলতে পারেন বিশ্বাস করতে প্রমাণ লাগে না। বিশ্বাস করতে ঈমান লাগে।,একজন মুসলিম হয়ে বলতে পারেন বিশ্বাস করতে প্রমাণ লাগে না। বিশ্বাস করতে ঈমান লাগে।
text withheld: corpus licence does not permit redistribution,0,0.0,banglasarc,"দ্রুত সুস্থ হয়ে কাজে ফিরুক, ইনশাআল্লাহ।","দ্রুত সুস্থ হয়ে কাজে ফিরুক, ইনশাআল্লাহ।"
text withheld: corpus licence does not permit redistribution,0,0.0,banglasarc,আপু চশমা পড়লে আপনাকে অনেক সুন্দর লাগে,আপু চশমা পড়লে আপনাকে অনেক সুন্দর লাগে
text withheld: corpus licence does not permit redistribution,1,1.0,banglasarc,"ঠিক আছে, আমি যদি ভুল নাম্বারে ফোন করি তবে আপনি ফোনটির উত্তর কেন?","ঠিক আছে, আমি যদি ভুল নাম্বারে ফোন করি তবে আপনি ফোনটির উত্তর কেন?"
text withheld: corpus licence does not permit redistribution,1,1.0,banglasarc,"যদি প্রথমে, আপনি সফল না হন, স্কাইডাইভিং আপনার পক্ষে নয়।","যদি প্রথমে, আপনি সফল না হন, স্কাইডাইভিং আপনার পক্ষে নয়।"
text withheld: corpus licence does not permit redistribution,0,0.0,banglasarc,ঢাকার বাহিরে কুরিয়ার খরচ দিয়ে বুকিং দিলে ক্যাশ অন ডেলিভারি ।,ঢাকার বাহিরে কুরিয়ার খরচ দিয়ে বুকিং দিলে ক্যাশ অন ডেলিভারি ।
text withheld: corpus licence does not permit redistribution,0,0.0,banglasarc,পরকালে তো আমিও বিশ্বাস করি কিন্তু কমেন্ট গুলা পড়ে তো মনে হচ্ছে না যে পরকালে বিশ্বাস করে খুব একটা লাভ হইলো। ভালো কথা তো কেউ লিখলেন না। তার বিশ্বাস তার কাছে। নিজের টা নিয়ে নিজে থাকলে কি প্রব্লেম। গায়ে পড়ে অফেন্ডেড হওয়া বাদ দেন। নুসরাত এর জন্য কিছু তো করতে পারলেন না অথচ আইসা এখানে সাফা কবিরের নাস্তিকতা নিয়া লাফালাফি।,পরকালে তো আমিও বিশ্বাস করি কিন্তু কমেন্ট গুলা পড়ে তো মনে হচ্ছে না যে পরকালে বিশ্বাস করে খুব একটা লাভ হইলো। ভালো কথা তো কেউ লিখলেন না। তার বিশ্বাস তার কাছে। নিজের টা নিয়ে নিজে থাকলে কি প্রব্লেম। গায়ে পড়ে অফেন্ডেড হওয়া বাদ দেন। নুসরাত এর জন্য কিছু তো করতে পারলেন না অথচ আইসা এখানে সাফা কবিরের নাস্তিকতা নিয়া লাফালাফি।
text withheld: corpus licence does not permit redistribution,1,1.0,banglasarc,আপনি যদি কাউকে 20 ডলার nd ণ দেন এবং সেই ব্যক্তিকে আর কখনও দেখেন না তবে এটি সম্ভবত এটি মূল্যবান ছিল,আপনি যদি কাউকে 20 ডলার nd ণ দেন এবং সেই ব্যক্তিকে আর কখনও দেখেন না তবে এটি সম্ভবত এটি মূল্যবান ছিল
text withheld: corpus licence does not permit redistribution,1,1.0,banglasarc,"আমি শপথ করছি যে আমি মিথ্যা বলছিলাম না, আমি আবার আমার মুখের সাথে কথাসাহিত্য লিখছিলাম।","আমি শপথ করছি যে আমি মিথ্যা বলছিলাম না, আমি আবার আমার মুখের সাথে কথাসাহিত্য লিখছিলাম।"
text withheld: corpus licence does not permit redistribution,0,0.0,banglasarc,নেশা,নেশা
text withheld: corpus licence does not permit redistribution,1,1.0,banglasarc,প্রাপ্তবয়স্কদের একগুচ্ছ খুব শান্ত থাকার চেয়ে কিছুই ক্রাইপিয়ার নয়।,প্রাপ্তবয়স্কদের একগুচ্ছ খুব শান্ত থাকার চেয়ে কিছুই ক্রাইপিয়ার নয়।
text withheld: corpus licence does not permit redistribution,0,0.0,banglasarc,সময়োপযোগী পদক্ষেপ,সময়োপযোগী পদক্ষেপ
text withheld: corpus licence does not permit redistribution,0,0.0,banglasarc,সেইম এক্সপ্রেশন ছিলো আমার,সেইম এক্সপ্রেশন ছিলো আমার
text withheld: corpus licence does not permit redistribution,1,1.0,banglasarc,একটি পরিষ্কার বিবেক সাধারণত একটি খারাপ স্মৃতির চিহ্ন।,একটি পরিষ্কার বিবেক সাধারণত একটি খারাপ স্মৃতির চিহ্ন।
text withheld: corpus licence does not permit redistribution,0,0.0,banglasarc,"কেউ মারা গেলে, আমরা অনেক স্টাটাস দেই, ছবি সেয়ার করি,","কেউ মারা গেলে, আমরা অনেক স্টাটাস দেই, ছবি সেয়ার করি,"
text withheld: corpus licence does not permit redistribution,0,0.0,banglasarc,এরা নাকি মায়ের জাত কিন্তু এরা এমন হয় কেন?,এরা নাকি মায়ের জাত কিন্তু এরা এমন হয় কেন?
text withheld: corpus licence does not permit redistribution,0,0.0,banglasarc,নাদির ভাই এককথায় অসাধারণ,নাদির ভাই এককথায় অসাধারণ
text withheld: corpus licence does not permit redistribution,1,1.0,banglasarc,এই হাতটি দেখুন?এটি এমন একটি চাপে নামবে যা প্রক্রিয়াটিতে আপনার মুখের সাথে যোগাযোগ করবে।শুধু আপনাকে সতর্কতা।,এই হাতটি দেখুন?এটি এমন একটি চাপে নামবে যা প্রক্রিয়াটিতে আপনার মুখের সাথে যোগাযোগ করবে।শুধু আপনাকে সতর্কতা।
text withheld: corpus licence does not permit redistribution,1,1.0,banglasarc,সারক্যাসম হ'ল কল্পনাপ্রসূতভাবে দেউলিয়ার শেষ আশ্রয়।,সারক্যাসম হ'ল কল্পনাপ্রসূতভাবে দেউলিয়ার শেষ আশ্রয়।
text withheld: corpus licence does not permit redistribution,0,0.0,banglasarc,টেন্ডার আর জুসি না বললে খাওয়া হজম হয় না,টেন্ডার আর জুসি না বললে খাওয়া হজম হয় না
text withheld: corpus licence does not permit redistribution,0,0.0,banglasarc,ভালবাসা অবিরাম....,ভালবাসা অবিরাম....
text withheld: corpus licence does not permit redistribution,0,0.0,banglasarc,প্রথমে বিশ্বাস করিনি ।,প্রথমে বিশ্বাস করিনি ।
text withheld: corpus licence does not permit redistribution,0,0.0,banglasarc,ভাই এসি নাই তাইলে এটা আমার কাজে লাগবে,ভাই এসি নাই তাইলে এটা আমার কাজে লাগবে
text withheld: corpus licence does not permit redistribution,0,0.0,banglasarc,মাননীয় প্রধানমন্ত্রী শেখ হাসিনা স্বপ্ন দেখেন স্বপ্ন দেখান এবং স্বপ্ন বাস্তবায়ন করেন। 🇧🇩জয় বাংলা জয় বঙ্গবন্ধু🇧🇩,মাননীয় প্রধানমন্ত্রী শেখ হাসিনা স্বপ্ন দেখেন স্বপ্ন দেখান এবং স্বপ্ন বাস্তবায়ন করেন। 🇧🇩জয় বাংলা জয় বঙ্গবন্ধু🇧🇩
text withheld: corpus licence does not permit redistribution,0,0.0,banglasarc,"বন্ধু হলো জীবনের অংশ,অথচ সেই বন্ধুর খোঁজ আমরা কয়জন রাখি।স্যারকে অসংখ্য ধন্যবাদ।","বন্ধু হলো জীবনের অংশ,অথচ সেই বন্ধুর খোঁজ আমরা কয়জন রাখি।স্যারকে অসংখ্য ধন্যবাদ।"
text withheld: corpus licence does not permit redistribution,1,1.0,banglasarc,একজন মানুষকে বলুন মহাবিশ্বে 300 বিলিয়ন তারা রয়েছে এবং তিনি আপনাকে বিশ্বাস করবেন।তাকে বলুন একটি বেঞ্চে এটিতে ভেজা পেইন্ট রয়েছে এবং নিশ্চিত হওয়ার জন্য তাকে এটি স্পর্শ করতে হবে।,একজন মানুষকে বলুন মহাবিশ্বে 300 বিলিয়ন তারা রয়েছে এবং তিনি আপনাকে বিশ্বাস করবেন।তাকে বলুন একটি বেঞ্চে এটিতে ভেজা পেইন্ট রয়েছে এবং নিশ্চিত হওয়ার জন্য তাকে এটি স্পর্শ করতে হবে।
text withheld: corpus licence does not permit redistribution,0,0.0,banglasarc,"কইল উনার হোম নাই, পূম ও নাই,। কিন্তু কইল না লোম আছে কিনা!! কিডা ছিডল!! কি খ্রাপ","কইল উনার হোম নাই, পূম ও নাই,। কিন্তু কইল না লোম আছে কিনা!! কিডা ছিডল!! কি খ্রাপ"
text withheld: corpus licence does not permit redistribution,0,0.0,banglasarc,এই মুর্খ তুই যে নিঃশ্বাস নিস তা কি দেখিস? তা হলে নাক দিয়ে নিঃশ্বাস না নিয়ে নাক অাটকিয়ে রাখবি তখন পরকাল ও পরকালের মালিক কে অনুভাব করতে পারবি।,এই মুর্খ তুই যে নিঃশ্বাস নিস তা কি দেখিস? তা হলে নাক দিয়ে নিঃশ্বাস না নিয়ে নাক অাটকিয়ে রাখবি তখন পরকাল ও পরকালের মালিক কে অনুভাব করতে পারবি।
text withheld: corpus licence does not permit redistribution,0,0.0,banglasarc,নিস্পাপ চেহারার আড়ালে যে কি কি লুকিয়ে থাকতে পারে তার উদাহরণ আপনি।আল্লাহ আপনাকে সুস্থ রাখুক,নিস্পাপ চেহারার আড়ালে যে কি কি লুকিয়ে থাকতে পারে তার উদাহরণ আপনি।আল্লাহ আপনাকে সুস্থ রাখুক
text withheld: corpus licence does not permit redistribution,1,1.0,banglasarc,বিবাহ।কারণ আপনার কৃপণ দিনটি কাজ শেষ করতে হবে না।,বিবাহ।কারণ আপনার কৃপণ দিনটি কাজ শেষ করতে হবে না।
text withheld: corpus licence does not permit redistribution,0,0.0,banglasarc,তুমি কি বোকাচোদা না এটেনশন সিকার ?,তুমি কি বোকাচোদা না এটেনশন সিকার ?
text withheld: corpus licence does not permit redistribution,0,0.0,banglasarc,"কম খরচে যেকোনো দেশের ভিসা প্রোসেসিং থেকে শুরু করে এয়ার টিকেট , আকর্ষণীয় ট্যুর প্যাকেজের জন্য যোগাযোগ","কম খরচে যেকোনো দেশের ভিসা প্রোসেসিং থেকে শুরু করে এয়ার টিকেট , আকর্ষণীয় ট্যুর প্যাকেজের জন্য যোগাযোগ"
text withheld: corpus licence does not permit redistribution,0,0.0,banglasarc,মাননীয় প্রধানমন্ত্রী যন্ত্রপাতির সাথে যে সকল মানুষ অক্লান্থ পরিস্রম করেছে তাদেরকে ও যাদুঘরে সাজিয়ে রাখা হউক।,মাননীয় প্রধানমন্ত্রী যন্ত্রপাতির সাথে যে সকল মানুষ অক্লান্থ পরিস্রম করেছে তাদেরকে ও যাদুঘরে সাজিয়ে রাখা হউক।
text withheld: corpus licence does not permit redistribution,0,0.0,banglasarc,রোহিঙ্গাদের জায়গা হবে কিন্তু আপনাদের হবে না,রোহিঙ্গাদের জায়গা হবে কিন্তু আপনাদের হবে না
text withheld: corpus licence does not permit redistribution,1,1.0,banglasarc,ওয়ালমার্টে আমার পরিচিত কাউকে এড়ানোর চেষ্টা করে সবেমাত্র 2000 ক্যালোরি পোড়া হয়েছে,ওয়ালমার্টে আমার পরিচিত কাউকে এড়ানোর চেষ্টা করে সবেমাত্র 2000 ক্যালোরি পোড়া হয়েছে
text withheld: corpus licence does not permit redistribution,0,0.0,banglasarc,"ছোটবেলায় দেখেছি পাড়ায় পাড়ায় মোড়ে মোড়ে চায়ের দোকান ,টংঘর । এখন দেখি পাড়ায়-পাড়ায় মোড়ে মোড়ে বিশ্ববিদ্যালয়।","ছোটবেলায় দেখেছি পাড়ায় পাড়ায় মোড়ে মোড়ে চায়ের দোকান ,টংঘর । এখন দেখি পাড়ায়-পাড়ায় মোড়ে মোড়ে বিশ্ববিদ্যালয়।"
text withheld: corpus licence does not permit redistribution,0,0.0,banglasarc,আর যাকে আমি খেয়ে চুনা দিয়ে দেই,আর যাকে আমি খেয়ে চুনা দিয়ে দেই
text withheld: corpus licence does not permit redistribution,1,1.0,banglasarc,আপনি কি ডিএম বা পিসি?,আপনি কি ডিএম বা পিসি?
text withheld: corpus licence does not permit redistribution,0,0.0,banglasarc,ও তো কোন দেশের এজেন্ট মনে হয় আমার,ও তো কোন দেশের এজেন্ট মনে হয় আমার
text withheld: corpus licence does not permit redistribution,1,1.0,banglasarc,তাইওয়ান সম্পর্কে বিরক্ত না করা এবং টয়েজের ফিরে আসার কথা ভুলে যাওয়ার জন্য ধন্যবাদ।,তাইওয়ান সম্পর্কে বিরক্ত না করা এবং টয়েজের ফিরে আসার কথা ভুলে যাওয়ার জন্য ধন্যবাদ।
text withheld: corpus licence does not permit redistribution,0,0.0,banglasarc,ওর জন্মটা এ টি এম এ হয়েছিল ।,ওর জন্মটা এ টি এম এ হয়েছিল ।
text withheld: corpus licence does not permit redistribution,0,0.0,banglasarc,বাহির হ মাগী আমাদের দেশ থেকে।তর গোষ্ঠী সহ চুদি বেশ্যা মাগীর বাচ্চা মাগী,বাহির হ মাগী আমাদের দেশ থেকে।তর গোষ্ঠী সহ চুদি বেশ্যা মাগীর বাচ্চা মাগী
text withheld: corpus licence does not permit redistribution,0,0.0,banglasarc,আহা! আল্লাহর সৃষ্টি কত সুন্দর ❤,আহা! আল্লাহর সৃষ্টি কত সুন্দর ❤
text withheld: corpus licence does not permit redistribution,0,0.0,banglasarc,পাশে থাকার জন্য অসংখ্য ধন্যবাদ,পাশে থাকার জন্য অসংখ্য ধন্যবাদ
text withheld: corpus licence does not permit redistribution,1,1.0,banglasarc,ভাল কমপক্ষে আপনার মা মনে করেন আপনি সুন্দর।,ভাল কমপক্ষে আপনার মা মনে করেন আপনি সুন্দর।
text withheld: corpus licence does not permit redistribution,0,0.0,banglasarc,"গার্মেন্টস বাঁচলে দেশ বাঁচবে, কে বলেছে মানুষ বাঁচলে দেশ বাঁচবে?? আগে গার্মেন্টস বেঁচে থাকুক","গার্মেন্টস বাঁচলে দেশ বাঁচবে, কে বলেছে মানুষ বাঁচলে দেশ বাঁচবে?? আগে গার্মেন্টস বেঁচে থাকুক"
text withheld: corpus licence does not permit redistribution,0,0.0,banglasarc,শুপ্রভাত বাংলাদেশ,শুপ্রভাত বাংলাদেশ
text withheld: corpus licence does not permit redistribution,0,0.0,banglasarc,বাংলাদেশের সবচেয়ে বড় পাতিল! দশ হাজার মানুষের রান্না অনায়াসে যেখানে সম্ভব!!,বাংলাদেশের সবচেয়ে বড় পাতিল! দশ হাজার মানুষের রান্না অনায়াসে যেখানে সম্ভব!!
text withheld: corpus licence does not permit redistribution,0,0.0,banglasarc,বাবাদের বিষয়টাতো এমনই।,বাবাদের বিষয়টাতো এমনই।
text withheld: corpus licence does not permit redistribution,0,0.0,banglasarc,আল্লাহ যেন তোমাকে সুখে রাখে সারা জীবন,আল্লাহ যেন তোমাকে সুখে রাখে সারা জীবন
text withheld: corpus licence does not permit redistribution,0,0.0,banglasarc,"আমাদের সুপার হোম দিচ্ছে তিন বেলা খাবার, এসি রুম, ফ্রি ওয়াইফাই, ফ্রি জিম, আড্ডা দেওয়ার আলাদা জায়গা,অসাধারণ ছাদ,ফ্রি লন্ড্রি","আমাদের সুপার হোম দিচ্ছে তিন বেলা খাবার, এসি রুম, ফ্রি ওয়াইফাই, ফ্রি জিম, আড্ডা দেওয়ার আলাদা জায়গা,অসাধারণ ছাদ,ফ্রি লন্ড্রি"
text withheld: corpus licence does not permit redistribution,1,1.0,banglasarc,নার্দে ভাল লাগবে।আপনি তাদের জন্য কাজ শেষ করতে পারেন।,নার্দে ভাল লাগবে।আপনি তাদের জন্য কাজ শেষ করতে পারেন।
text withheld: corpus licence does not permit redistribution,1,1.0,banglasarc,দয়া করে আপনার ধারণাগুলি আজই আমার কাছে জমা দিন যাতে আমি সেগুলি আমার আগামীকাল হিসাবে জমা দিতে পারি,দয়া করে আপনার ধারণাগুলি আজই আমার কাছে জমা দিন যাতে আমি সেগুলি আমার আগামীকাল হিসাবে জমা দিতে পারি
text withheld: corpus licence does not permit redistribution,1,1.0,banglasarc,"আচ্ছা এটি কি কেবল ""ছোট"" বিট একতরফা নয়?","আচ্ছা এটি কি কেবল ""ছোট"" বিট একতরফা নয়?"
text withheld: corpus licence does not permit redistribution,1,1.0,banglasarc,আমি সেই বন্ধু যে আপনি আপনার অন্যান্য বন্ধুরা আমার সাথে দেখা করার আগে আপনাকে ব্যাখ্যা করতে হবে।,আমি সেই বন্ধু যে আপনি আপনার অন্যান্য বন্ধুরা আমার সাথে দেখা করার আগে আপনাকে ব্যাখ্যা করতে হবে।
text withheld: corpus licence does not permit redistribution,1,1.0,banglasarc,এটি এখনও ইঁদুরের জন্য বেশ বড় কি তাই না?,এটি এখনও ইঁদুরের জন্য বেশ বড় কি তাই না?
text withheld: corpus licence does not permit redistribution,0,0.0,banglasarc,সময় উপযোগী সিদ্ধান্ত। সিলেটের বেশিরভাগ শিক্ষা প্রতিষ্ঠান পানিতে তলিয়ে গেছে!,সময় উপযোগী সিদ্ধান্ত। সিলেটের বেশিরভাগ শিক্ষা প্রতিষ্ঠান পানিতে তলিয়ে গেছে!
text withheld: corpus licence does not permit redistribution,0,0.0,banglasarc,মানুষ অচেনা কি ভাবে।,মানুষ অচেনা কি ভাবে।
text withheld: corpus licence does not permit redistribution,0,0.0,banglasarc,জয় ভাই প্রোগ্রামের টিআরপি বাড়ানোর জন্য এতসব পাগলামি করে। এগিয়ে যান অনন্ত ভাই।,জয় ভাই প্রোগ্রামের টিআরপি বাড়ানোর জন্য এতসব পাগলামি করে। এগিয়ে যান অনন্ত ভাই।
text withheld: corpus licence does not permit redistribution,0,0.0,banglasarc,আমিন.....,আমিন.....
text withheld: corpus licence does not permit redistribution,1,1.0,banglasarc,"আপনি যদি দু: খিত হন তবে কেউই সত্যই চিন্তা করে না, তাই আপনিও খুশি হতে পারেন।","আপনি যদি দু: খিত হন তবে কেউই সত্যই চিন্তা করে না, তাই আপনিও খুশি হতে পারেন।"
text withheld: corpus licence does not permit redistribution,0,0.0,banglasarc,এই মানুষগুলো কোথায় যাবে?,এই মানুষগুলো কোথায় যাবে?
text withheld: corpus licence does not permit redistribution,1,1.0,banglasarc,আমাদের অর্ধেক জীবন বাঁচানোর চেষ্টা করে আমরা যে সময়ের সাথে ছুটে এসেছি তার সাথে কিছু করার চেষ্টা করার জন্য ব্যয় করা হয়েছে।,আমাদের অর্ধেক জীবন বাঁচানোর চেষ্টা করে আমরা যে সময়ের সাথে ছুটে এসেছি তার সাথে কিছু করার চেষ্টা করার জন্য ব্যয় করা হয়েছে।
text withheld: corpus licence does not permit redistribution,0,0.0,banglasarc,প্লেসমেন্ট-ই কিন্তু চুড়ান্ত সাফল্য;,প্লেসমেন্ট-ই কিন্তু চুড়ান্ত সাফল্য;
text withheld: corpus licence does not permit redistribution,0,0.0,banglasarc,ভাইয়ের বিয়ের কেনাকাটা ...,ভাইয়ের বিয়ের কেনাকাটা ...
text withheld: corpus licence does not permit redistribution,1,1.0,banglasarc,"ব্যর্থতা সারের মতো;এটি নিশ্চিত হওয়ার জন্য দুর্গন্ধযুক্ত, তবে এটি ভবিষ্যতে জিনিসগুলি আরও দ্রুত বাড়িয়ে তোলে","ব্যর্থতা সারের মতো;এটি নিশ্চিত হওয়ার জন্য দুর্গন্ধযুক্ত, তবে এটি ভবিষ্যতে জিনিসগুলি আরও দ্রুত বাড়িয়ে তোলে"
text withheld: corpus licence does not permit redistribution,0,0.0,banglasarc,আল্লাহ আপনাকে সঠিক পথে আসার তৌফিক দান ক্রুক,আল্লাহ আপনাকে সঠিক পথে আসার তৌফিক দান ক্রুক
text withheld: corpus licence does not permit redistribution,0,0.0,banglasarc,মহান আল্লাহ এদেশের প্রাপ্তবয়ষ্ক সকল মুসুল্লিদের সহিহ বুঝ দান করুন,মহান আল্লাহ এদেশের প্রাপ্তবয়ষ্ক সকল মুসুল্লিদের সহিহ বুঝ দান করুন
text withheld: corpus licence does not permit redistribution,0,0.0,banglasarc,পারি না নিজেকে অচেনা করে রাখতে,পারি না নিজেকে অচেনা করে রাখতে
text withheld: corpus licence does not permit redistribution,0,0.0,banglasarc,এগুলা ফালতু কথা গুলা শুনে আমাদের লাভ কি,এগুলা ফালতু কথা গুলা শুনে আমাদের লাভ কি
text withheld: corpus licence does not permit redistribution,0,0.0,banglasarc,"জীবন-মৃত্যু আল্লাহর হাতে,,,কোনো ডাক্তার ইচ্ছা করে কেউকে মেরে ফেলে নাহ।","জীবন-মৃত্যু আল্লাহর হাতে,,,কোনো ডাক্তার ইচ্ছা করে কেউকে মেরে ফেলে নাহ।"
text withheld: corpus licence does not permit redistribution,0,0.0,banglasarc,এই মনভাব নিয়ে আমাদের দেশের লেখা পড়া গুলো দংশ হয়ে জাবে,এই মনভাব নিয়ে আমাদের দেশের লেখা পড়া গুলো দংশ হয়ে জাবে
text withheld: corpus licence does not permit redistribution,0,0.0,banglasarc,উঁচু বংশের শাশুড়ি আর বংশ পরিচয়হীন ছেলের বউ!,উঁচু বংশের শাশুড়ি আর বংশ পরিচয়হীন ছেলের বউ!
text withheld: corpus licence does not permit redistribution,1,1.0,banglasarc,"আপনি এখানে বড়, সুন্দর কাপ কফি এখানে আসুন এবং আমরা আজ কতটা সম্পন্ন করতে যাচ্ছি সে সম্পর্কে আমার কাছে মিথ্যা কথা বলুন।","আপনি এখানে বড়, সুন্দর কাপ কফি এখানে আসুন এবং আমরা আজ কতটা সম্পন্ন করতে যাচ্ছি সে সম্পর্কে আমার কাছে মিথ্যা কথা বলুন।"
text withheld: corpus licence does not permit redistribution,0,0.0,banglasarc,"পবিত্র আল কুরআনে আল্লাহ বলেন, “মুমিনগণ, তোমরা অনেক ধারণা থেকে বেঁচে থাক। নিশ্চয় কতক ধারণা গোনাহ। এবং গোপনীয় বিষয় সন্ধান করো না। তোমাদের কেউ যেন কারও পশ্চাতে নিন্দা না করে। তোমাদের কেউ কি তারা মৃত ভ্রাতার মাংস ভক্ষণ করা পছন্দ করবে? বস্তূত: তোমরা তো একে ঘৃণাই কর। আল্লাহকে ভয় কর। নিশ্চয় আল্লাহ্ তওবা কবুলকারী, পরম দয়ালু”--সুরা হুজরাত, আয়াত ১২।এই আয়াতেও পারস্পারিক হক ও সমাজিক নিয়ম নীতি ব্যক্ত করা হয়েছে, এবং এতেও তিনটি বিষয় হারাম করা হয়েছে। এক) ( জন্নুন ) কোন কিছুর প্রতি ঢালাও ভাবে ধারনা করা। দুই) (তাজাছ্ছুছ ) অথাৎ কোন গোপনীয় দোষ সন্ধান করা। তিন) গীবিত করা অথাৎ, কোন অনুপস্থিত ব্যক্তি সম্পর্কে এমন কথা বলা যা সে শুনলে অপছন্দ করবে।","পবিত্র আল কুরআনে আল্লাহ বলেন, “মুমিনগণ, তোমরা অনেক ধারণা থেকে বেঁচে থাক। নিশ্চয় কতক ধারণা গোনাহ। এবং গোপনীয় বিষয় সন্ধান করো না। তোমাদের কেউ যেন কারও পশ্চাতে নিন্দা না করে। তোমাদের কেউ কি তারা মৃত ভ্রাতার মাংস ভক্ষণ করা পছন্দ করবে? বস্তূত: তোমরা তো একে ঘৃণাই কর। আল্লাহকে ভয় কর। নিশ্চয় আল্লাহ্ তওবা কবুলকারী, পরম দয়ালু”--সুরা হুজরাত, আয়াত ১২।এই আয়াতেও পারস্পারিক হক ও সমাজিক নিয়ম নীতি ব্যক্ত করা হয়েছে, এবং এতেও তিনটি বিষয় হারাম করা হয়েছে। এক) ( জন্নুন ) কোন কিছুর প্রতি ঢালাও ভাবে ধারনা করা। দুই) (তাজাছ্ছুছ ) অথাৎ কোন গোপনীয় দোষ সন্ধান করা। তিন) গীবিত করা অথাৎ, কোন অনুপস্থিত ব্যক্তি সম্পর্কে এমন কথা বলা যা সে শুনলে অপছন্দ করবে।"
text withheld: corpus licence does not permit redistribution,1,1.0,banglasarc,আমি একটি ভাল হৃদয় পেয়েছি কিন্তু এই মুখ,আমি একটি ভাল হৃদয় পেয়েছি কিন্তু এই মুখ
text withheld: corpus licence does not permit redistribution,0,0.0,banglasarc,"খুব সুন্দর তো, যাবো অবশ্যই।","খুব সুন্দর তো, যাবো অবশ্যই।"
text withheld: corpus licence does not permit redistribution,0,0.0,banglasarc,চোপ,চোপ
text withheld: corpus licence does not permit redistribution,1,1.0,banglasarc,একটি স্কঙ্ক এমন ব্যক্তির চেয়ে ভাল সংস্থা যা নিজেকে ‘ফ্র্যাঙ্ক’ হওয়ার জন্য গর্বিত করে।,একটি স্কঙ্ক এমন ব্যক্তির চেয়ে ভাল সংস্থা যা নিজেকে ‘ফ্র্যাঙ্ক’ হওয়ার জন্য গর্বিত করে।
text withheld: corpus licence does not permit redistribution,1,1.0,banglasarc,আমার জিহ্বা নিয়ন্ত্রণ করা কোনও সমস্যা নয়।এটি আমার মুখ যা উদ্ধার প্রয়োজন।,আমার জিহ্বা নিয়ন্ত্রণ করা কোনও সমস্যা নয়।এটি আমার মুখ যা উদ্ধার প্রয়োজন।
text withheld: corpus licence does not permit redistribution,1,1.0,banglasarc,আমার একটা ককটেল দরকারলেজ ধরুন।,আমার একটা ককটেল দরকারলেজ ধরুন।
text withheld: corpus licence does not permit redistribution,1,1.0,banglasarc,"শ্রদ্ধা জানাতে গিয়েছিলেন, বান্ধবী জম্বি হয়ে গেল।","শ্রদ্ধা জানাতে গিয়েছিলেন, বান্ধবী জম্বি হয়ে গেল।"
text withheld: corpus licence does not permit redistribution,0,0.0,banglasarc,ভাই পরলে কিন্তু শেষ😯😯,ভাই পরলে কিন্তু শেষ😯😯
text withheld: corpus licence does not permit redistribution,1,1.0,banglasarc,জীবন হতাশায় পূর্ণ এবং আমি আপনাকে কেবল তালিকায় যুক্ত করেছি,জীবন হতাশায় পূর্ণ এবং আমি আপনাকে কেবল তালিকায় যুক্ত করেছি
text withheld: corpus licence does not permit redistribution,0,0.0,banglasarc,"অন্য ধর্মের লোক কে গালি দিবেন, নাস্তিককে গালি দিবেন আর সেটাকে সমর্থন না করলে তাকে নাস্তিক বলবেন, বলি নাস্তিক কাকে বলে? আর আপনি নাস্তিকতার সার্টিফিকেট দেয়ার কে? oil your own machine, আল্লাহ সকলের অন্তরের খবর জানে, কাউকে গালি দিয়ে বকা বাদ্যি করে নিজেকে শ্রেষ্ঠ প্রমান করা যায় না বেহেশতে ও যাওয়া যায় না, কোন ধর্ম ই খারাপ আচরনের শিক্ষা দেয় না, আমাদের নবী ছিলেন মিষ্ট ভাষী অমায়িক আর আমরা প্রনিয়ত করতেছি তার উল্টা টা, আর কিছু বললেই বলা হবে নাস্তিক shame shame, আমাদের মধ্যে প্রকৃত শিক্ষা নেই","অন্য ধর্মের লোক কে গালি দিবেন, নাস্তিককে গালি দিবেন আর সেটাকে সমর্থন না করলে তাকে নাস্তিক বলবেন, বলি নাস্তিক কাকে বলে? আর আপনি নাস্তিকতার সার্টিফিকেট দেয়ার কে? oil your own machine, আল্লাহ সকলের অন্তরের খবর জানে, কাউকে গালি দিয়ে বকা বাদ্যি করে নিজেকে শ্রেষ্ঠ প্রমান করা যায় না বেহেশতে ও যাওয়া যায় না, কোন ধর্ম ই খারাপ আচরনের শিক্ষা দেয় না, আমাদের নবী ছিলেন মিষ্ট ভাষী অমায়িক আর আমরা প্রনিয়ত করতেছি তার উল্টা টা, আর কিছু বললেই বলা হবে নাস্তিক shame shame, আমাদের মধ্যে প্রকৃত শিক্ষা নেই"
text withheld: corpus licence does not permit redistribution,0,0.0,banglasarc,বেক্সিমকো গ্রুপের মাধ্যমে পরিচালনা করলে সবকিছু সুন্দর এবং অসুস্থ প্রতিযোগিতা থাকবে না।,বেক্সিমকো গ্রুপের মাধ্যমে পরিচালনা করলে সবকিছু সুন্দর এবং অসুস্থ প্রতিযোগিতা থাকবে না।
text withheld: corpus licence does not permit redistribution,1,1.0,banglasarc,প্রেমে থাকা একজন মানুষ বিয়ে না করা পর্যন্ত অসম্পূর্ণ।তারপরে সে শেষ হয়েছে।,প্রেমে থাকা একজন মানুষ বিয়ে না করা পর্যন্ত অসম্পূর্ণ।তারপরে সে শেষ হয়েছে।
text withheld: corpus licence does not permit redistribution,1,1.0,banglasarc,আমাদের সাধারণ ভাষার চারটি সুন্দর শব্দ: আমি আপনাকে তাই বলেছি।,আমাদের সাধারণ ভাষার চারটি সুন্দর শব্দ: আমি আপনাকে তাই বলেছি।
text withheld: corpus licence does not permit redistribution,0,0.0,banglasarc,"চুতমারানি দিলি তো দেশটা ভাসাইয়া, লিমিট ক্রস কইরা কেউ ফেমাস হইতে পারে না, প্রভা ও পারেনি, চুদির ভাই ৩/৪ টা মালের সাথে চু্্্ করসো ঠিকাসে, এখন ফুল নুড এ আসি গেসো????","চুতমারানি দিলি তো দেশটা ভাসাইয়া, লিমিট ক্রস কইরা কেউ ফেমাস হইতে পারে না, প্রভা ও পারেনি, চুদির ভাই ৩/৪ টা মালের সাথে চু্্্ করসো ঠিকাসে, এখন ফুল নুড এ আসি গেসো????"
text withheld: corpus licence does not permit redistribution,0,0.0,banglasarc,হটাও লীগ বাঁচাও দেশ,হটাও লীগ বাঁচাও দেশ
text withheld: corpus licence does not permit redistribution,0,0.0,banglasarc,"দুই বন্ধু,দু'জনকে নিয়েই গর্বিত।","দুই বন্ধু,দু'জনকে নিয়েই গর্বিত।"
text withheld: corpus licence does not permit redistribution,1,1.0,banglasarc,আপনি যদি ঘনিষ্ঠভাবে শুনেন তবে আপনি আমাকে যত্নশীল না শুনতে পারেন।,আপনি যদি ঘনিষ্ঠভাবে শুনেন তবে আপনি আমাকে যত্নশীল না শুনতে পারেন।
text withheld: corpus licence does not permit redistribution,1,1.0,banglasarc,যদি সে ইতিমধ্যে পদত্যাগ করতে সম্মত হয় তবে এটি কি কেবল পাইলিং নয়?,যদি সে ইতিমধ্যে পদত্যাগ করতে সম্মত হয় তবে এটি কি কেবল পাইলিং নয়?
text withheld: corpus licence does not permit redistribution,1,1.0,banglasarc,তবে এটি আমাকে পুরোপুরি খেলা থেকে সরিয়ে নিয়ে মুহ নিমজ্জন নষ্ট করবে,তবে এটি আমাকে পুরোপুরি খেলা থেকে সরিয়ে নিয়ে মুহ নিমজ্জন নষ্ট করবে
text withheld: corpus licence does not permit redistribution,1,1.0,banglasarc,আমি সবসময় এই ব্যঙ্গাত্মক ছিল না।এটিতে এই ভাল হয়ে উঠতে আমার অনেক বছর সময় লেগেছিল।,আমি সবসময় এই ব্যঙ্গাত্মক ছিল না।এটিতে এই ভাল হয়ে উঠতে আমার অনেক বছর সময় লেগেছিল।
text withheld: corpus licence does not permit redistribution,1,1.0,banglasarc,সহকর্মীদের মুগ্ধ করতে আমি গভীর রাতে অর্থহীন ইমেলগুলি প্রেরণ করি।,সহকর্মীদের মুগ্ধ করতে আমি গভীর রাতে অর্থহীন ইমেলগুলি প্রেরণ করি।
text withheld: corpus licence does not permit redistribution,0,0.0,banglasarc,বগুড়ার পুলাটারে সারা দেশ চিনে।কিন্তু জায়েদ ফ্যান কে কয় জনে চিনে,বগুড়ার পুলাটারে সারা দেশ চিনে।কিন্তু জায়েদ ফ্যান কে কয় জনে চিনে
text withheld: corpus licence does not permit redistribution,0,0.0,banglasarc,তোমাদের দুজনের ভালোবাসার কাহিনি শুনেছি।,তোমাদের দুজনের ভালোবাসার কাহিনি শুনেছি।
text withheld: corpus licence does not permit redistribution,0,0.0,banglasarc,সধ্যের মধ্যে সেরা প্রোডাক্ট,সধ্যের মধ্যে সেরা প্রোডাক্ট
text withheld: corpus licence does not permit redistribution,0,0.0,banglasarc,"বাংলাদেশে বক ধার্মিক হলে চুরি,ঘুষ ,দুর্নীতি,মদ-মাদক,জেনা -সব মাফ।কিন্ত প্রকাশ্যে নাস্তিক বললেই মহাবিপদ।যেদেশে এতো “আস্তিক’’-সেই দেশে এসব চলে কিভাবে????","বাংলাদেশে বক ধার্মিক হলে চুরি,ঘুষ ,দুর্নীতি,মদ-মাদক,জেনা -সব মাফ।কিন্ত প্রকাশ্যে নাস্তিক বললেই মহাবিপদ।যেদেশে এতো “আস্তিক’’-সেই দেশে এসব চলে কিভাবে????"
text withheld: corpus licence does not permit redistribution,0,0.0,banglasarc,"মানুষের চাহিদা যত কম,,সেই মানুষ ততটাই সুখি।","মানুষের চাহিদা যত কম,,সেই মানুষ ততটাই সুখি।"
text withheld: corpus licence does not permit redistribution,0,0.0,banglasarc,অামি অামার ভোট দিতে পারি নাই,অামি অামার ভোট দিতে পারি নাই
text withheld: corpus licence does not permit redistribution,0,0.0,banglasarc,"আমার কমেট কুজে পাচ্চিনা,ফেইসবুক মুমিনদের কমেটের মাঝে,সবাই সাফা কবিরাকে দিনের পথে নিয়ে আচুন,","আমার কমেট কুজে পাচ্চিনা,ফেইসবুক মুমিনদের কমেটের মাঝে,সবাই সাফা কবিরাকে দিনের পথে নিয়ে আচুন,"
text withheld: corpus licence does not permit redistribution,0,0.0,banglasarc,খুচরা পয়সা পড়ে থাকতে দেখে ঐ টা টোকায়ে নিচ্ছে।,খুচরা পয়সা পড়ে থাকতে দেখে ঐ টা টোকায়ে নিচ্ছে।
text withheld: corpus licence does not permit redistribution,0,0.0,banglasarc,ধন্যবাদ জানানোর জন্য,ধন্যবাদ জানানোর জন্য
text withheld: corpus licence does not permit redistribution,1,1.0,banglasarc,যা আপনাকে হত্যা করে না তা আপনাকে অস্বাস্থ্যকর মোকাবেলা করার ব্যবস্থা এবং হাস্যরসের একটি অন্ধকার বোধ দেয়,যা আপনাকে হত্যা করে না তা আপনাকে অস্বাস্থ্যকর মোকাবেলা করার ব্যবস্থা এবং হাস্যরসের একটি অন্ধকার বোধ দেয়
text withheld: corpus licence does not permit redistribution,0,0.0,banglasarc,রাষ্টীয় কাজে নিয়োজিত ব্যক্তি বর্গ এমন ধরনের কথা বলে নির্বুদ্ধিতার প্রমাণ না দিলেই কি নয়!!!,রাষ্টীয় কাজে নিয়োজিত ব্যক্তি বর্গ এমন ধরনের কথা বলে নির্বুদ্ধিতার প্রমাণ না দিলেই কি নয়!!!
text withheld: corpus licence does not permit redistribution,0,0.0,banglasarc,বাস্তবায়ন কঠিন হবে।,বাস্তবায়ন কঠিন হবে।
text withheld: corpus licence does not permit redistribution,1,1.0,banglasarc,"আমার ডাক্তার জিজ্ঞাসা করেছিলেন যে আমার পরিবারের কেউ মানসিক অসুস্থতায় ভুগছেন কিনা?আমি বলেছিলাম: ”না, আমরা সকলেই এটি উপভোগ করছি বলে মনে হচ্ছে।","আমার ডাক্তার জিজ্ঞাসা করেছিলেন যে আমার পরিবারের কেউ মানসিক অসুস্থতায় ভুগছেন কিনা?আমি বলেছিলাম: ”না, আমরা সকলেই এটি উপভোগ করছি বলে মনে হচ্ছে।"
text withheld: corpus licence does not permit redistribution,0,0.0,banglasarc,সরকার দেশের মানুষের কষ্ট বাড়াতে সকল পদক্ষেপ নিতে ব্যস্ত।,সরকার দেশের মানুষের কষ্ট বাড়াতে সকল পদক্ষেপ নিতে ব্যস্ত।
text withheld: corpus licence does not permit redistribution,1,1.0,banglasarc,আপনি কি জানেন না যে এই গৃহহীন লোকেরা সকলেই যথেষ্ট পরিশ্রম না করায় নিঃস্ব?,আপনি কি জানেন না যে এই গৃহহীন লোকেরা সকলেই যথেষ্ট পরিশ্রম না করায় নিঃস্ব?
text withheld: corpus licence does not permit redistribution,0,0.0,banglasarc,কর আইন বাস্তব সম্মত করুন,কর আইন বাস্তব সম্মত করুন
text withheld: corpus licence does not permit redistribution,0,0.0,banglasarc,চমৎকার জরিপ। সহমত ভাই।পাবলিক করেন সেয়ার করতে চাই।,চমৎকার জরিপ। সহমত ভাই।পাবলিক করেন সেয়ার করতে চাই।
text withheld: corpus licence does not permit redistribution,0,0.0,banglasarc,পুরনো মদ নতুন মোড়কে,পুরনো মদ নতুন মোড়কে
text withheld: corpus licence does not permit redistribution,1,1.0,banglasarc,"তুমি আমার চা কাপ ছিল, তবে আমি এখন শ্যাম্পেন পান করি।","তুমি আমার চা কাপ ছিল, তবে আমি এখন শ্যাম্পেন পান করি।"
text withheld: corpus licence does not permit redistribution,0,0.0,banglasarc,"এমন কোন দেশ আছে,যে দেশের সকল মানুষ নিরাপদে থাকে...…?","এমন কোন দেশ আছে,যে দেশের সকল মানুষ নিরাপদে থাকে...…?"
text withheld: corpus licence does not permit redistribution,1,1.0,banglasarc,একজন মহিলার মন একজন পুরুষের চেয়ে ক্লিনার কারণ তিনি এটি প্রায়শই পরিবর্তন করেন,একজন মহিলার মন একজন পুরুষের চেয়ে ক্লিনার কারণ তিনি এটি প্রায়শই পরিবর্তন করেন
text withheld: corpus licence does not permit redistribution,1,1.0,banglasarc,আপনি এই কারণেই এই দেশকে শ্যাম্পুতে দিকনির্দেশনা রাখতে হবে।,আপনি এই কারণেই এই দেশকে শ্যাম্পুতে দিকনির্দেশনা রাখতে হবে।
text withheld: corpus licence does not permit redistribution,1,1.0,banglasarc,বিবাহ বিবাহ বিচ্ছেদের প্রধান কারণ।,বিবাহ বিবাহ বিচ্ছেদের প্রধান কারণ।
text withheld: corpus licence does not permit redistribution,0,0.0,banglasarc,টাকাটা বন্যত্য মাঝে বিলিয়ে দেন,টাকাটা বন্যত্য মাঝে বিলিয়ে দেন
text withheld: corpus licence does not permit redistribution,0,0.0,banglasarc,আবার কি পানি বাড়ছে ?,আবার কি পানি বাড়ছে ?
text withheld: corpus licence does not permit redistribution,0,0.0,banglasarc,দেশের যে অবস্থা তাতে গাঁজাচাষ ছাড়া উপায় কি?,দেশের যে অবস্থা তাতে গাঁজাচাষ ছাড়া উপায় কি?
text withheld: corpus licence does not permit redistribution,0,0.0,banglasarc,দিন দিন উন্নতির বদলে অবনতি দেখে খারাপ লাগলো।,দিন দিন উন্নতির বদলে অবনতি দেখে খারাপ লাগলো।
text withheld: corpus licence does not permit redistribution,1,1.0,banglasarc,"""কখনও কখনও আমার কেবল যা আপনি সরবরাহ করতে পারেন তা প্রয়োজন: আপনার অনুপস্থিতি"" ""","""কখনও কখনও আমার কেবল যা আপনি সরবরাহ করতে পারেন তা প্রয়োজন: আপনার অনুপস্থিতি"" """
text withheld: corpus licence does not permit redistribution,0,0.0,banglasarc,অস্থির হইছে। কিন্তু ডিমান্ডিং হয় নাই। এই পোজটা ক্লিভেজ ডিমান্ড করে।,অস্থির হইছে। কিন্তু ডিমান্ডিং হয় নাই। এই পোজটা ক্লিভেজ ডিমান্ড করে।
text withheld: corpus licence does not permit redistribution,0,0.0,banglasarc,আগের কথা বলাটাই বেশি ভালো ছিলো,আগের কথা বলাটাই বেশি ভালো ছিলো
text withheld: corpus licence does not permit redistribution,0,0.0,banglasarc,মহান আল্লাহ সবাইকে হেদায়েত দান করুন। আমিম,মহান আল্লাহ সবাইকে হেদায়েত দান করুন। আমিম
text withheld: corpus licence does not permit redistribution,0,0.0,banglasarc,একটা পাঞ্জাবি আমারে দিলেও তো পারতে,একটা পাঞ্জাবি আমারে দিলেও তো পারতে
text withheld: corpus licence does not permit redistribution,0,0.0,banglasarc,ধন্যবাদ আমাদের উপজেলা নিয়ে সুন্দর ব্লগ করার জন্য,ধন্যবাদ আমাদের উপজেলা নিয়ে সুন্দর ব্লগ করার জন্য
text withheld: corpus licence does not permit redistribution,0,0.0,banglasarc,আসসালামুআলাইকুম। জনাবা সাফা কবীর আপনি বয়সে আমার কন্যার বয়সী হবেন। আপনি ভূল করেন নি। আপনি পরকারে বিশ্বাস করবেন কি করবেন না তা আপনার বিষয়। যদি সত্যিকার ভাবে কোন পরাকাল থাকে তবে আপনাকে সেই জগতে জবাবদিহীতা করতে হবে। আর না থাকলেতো নাই। আমি পরকালে বিশ্বাসী মানুষ। যে কথা বলছিলাম আপনি নাস্তিক। এটা আপনার বিষয়। আমার দায়িত্ব হল আপনার কাছে ইসলামের মূল দাওয়াত বা নির্যাস উপস্থাপন করা। আমি তা করতে পারি নাই । আমাকে আরো দেখতে হবে যে আপনি নাস্তিক বা অবিশ্বাসী যাই হোন না কেন আপনি কোন ধর্ম নিয়ে বাজে মন্তব্য করেছেন কিনা। যদি করেন তবে সেটা অপরাধ। এখন পর্যন্ত কোন প্রমান পাই নাই ।কিন্ত যে হারে আপনাকে মাগী বেশ্যা বলা হচ্ছে তা মারাত্বক। কারন আমাদের স্কুল কলেজ বিশ্ববিদ্যালয় গুলোতে ছা্ত্রদের মানবিক গুনাবলী হবার শিক্ষা দেয়া হয় না। পরিবারগুলোেতো দেয়ই না বলা চলে। হাতে গোনা দুচারটি পরিবার থাকতে পারে।যারা আপনাকে গালী দিয়েছে তারা নিজেরাই জানে না তারা কত সর্বনাশ নিজেদের করেছে এবং ইসলাম ধর্মের করেছে।,আসসালামুআলাইকুম। জনাবা সাফা কবীর আপনি বয়সে আমার কন্যার বয়সী হবেন। আপনি ভূল করেন নি। আপনি পরকারে বিশ্বাস করবেন কি করবেন না তা আপনার বিষয়। যদি সত্যিকার ভাবে কোন পরাকাল থাকে তবে আপনাকে সেই জগতে জবাবদিহীতা করতে হবে। আর না থাকলেতো নাই। আমি পরকালে বিশ্বাসী মানুষ। যে কথা বলছিলাম আপনি নাস্তিক। এটা আপনার বিষয়। আমার দায়িত্ব হল আপনার কাছে ইসলামের মূল দাওয়াত বা নির্যাস উপস্থাপন করা। আমি তা করতে পারি নাই । আমাকে আরো দেখতে হবে যে আপনি নাস্তিক বা অবিশ্বাসী যাই হোন না কেন আপনি কোন ধর্ম নিয়ে বাজে মন্তব্য করেছেন কিনা। যদি করেন তবে সেটা অপরাধ। এখন পর্যন্ত কোন প্রমান পাই নাই ।কিন্ত যে হারে আপনাকে মাগী বেশ্যা বলা হচ্ছে তা মারাত্বক। কারন আমাদের স্কুল কলেজ বিশ্ববিদ্যালয় গুলোতে ছা্ত্রদের মানবিক গুনাবলী হবার শিক্ষা দেয়া হয় না। পরিবারগুলোেতো দেয়ই না বলা চলে। হাতে গোনা দুচারটি পরিবার থাকতে পারে।যারা আপনাকে গালী দিয়েছে তারা নিজেরাই জানে না তারা কত সর্বনাশ নিজেদের করেছে এবং ইসলাম ধর্মের করেছে।
text withheld: corpus licence does not permit redistribution,0,0.0,banglasarc,তুই শর্টপ্যন্ট খুলে ছবি দে,তুই শর্টপ্যন্ট খুলে ছবি দে
text withheld: corpus licence does not permit redistribution,1,1.0,banglasarc,অসন্তুষ্ট হওয়ার জন্য কানসাসে আত্মীয়দের থাকার প্রয়োজন নেই।,অসন্তুষ্ট হওয়ার জন্য কানসাসে আত্মীয়দের থাকার প্রয়োজন নেই।
text withheld: corpus licence does not permit redistribution,0,0.0,banglasarc,কেও সিগারেট খেয়ে ধোয়া দিচ্ছে ।,কেও সিগারেট খেয়ে ধোয়া দিচ্ছে ।
text withheld: corpus licence does not permit redistribution,1,1.0,banglasarc,কেন আপনি পাই জিরোর জন্য 40 ডলার বাইরে থাকবেন?,কেন আপনি পাই জিরোর জন্য 40 ডলার বাইরে থাকবেন?
text withheld: corpus licence does not permit redistribution,1,1.0,banglasarc,"“আমি হয় আমার চুল এবং মেকআপ করেছি বা গৃহহীন দেখছি।কোন মধ্যে নেই.""","“আমি হয় আমার চুল এবং মেকআপ করেছি বা গৃহহীন দেখছি।কোন মধ্যে নেই."""
text withheld: corpus licence does not permit redistribution,0,0.0,banglasarc,"দুঃখিত, আমাদের হেল্পলাইন নাম্বার নেই।","দুঃখিত, আমাদের হেল্পলাইন নাম্বার নেই।"
text withheld: corpus licence does not permit redistribution,1,1.0,banglasarc,"বন্ধুরা এসে যায়, সমুদ্রের waves েউয়ের মতো তবে আপনার মুখের একটি অক্টোপাসের মতো সত্য তারা থাকে।","বন্ধুরা এসে যায়, সমুদ্রের waves েউয়ের মতো তবে আপনার মুখের একটি অক্টোপাসের মতো সত্য তারা থাকে।"
text withheld: corpus licence does not permit redistribution,1,1.0,banglasarc,"আমি যখন দিকনির্দেশের জন্য জিজ্ঞাসা করি, দয়া করে ‘পূর্ব‘ পূর্বের মতো শব্দ ব্যবহার করবেন না।","আমি যখন দিকনির্দেশের জন্য জিজ্ঞাসা করি, দয়া করে ‘পূর্ব‘ পূর্বের মতো শব্দ ব্যবহার করবেন না।"
text withheld: corpus licence does not permit redistribution,1,1.0,banglasarc,"একজন সাংবাদিক যিনি তাঁর দুর্নীতির পাশে দাঁড়িয়ে আছেন, তিনি এর আগে দেখেন নি।","একজন সাংবাদিক যিনি তাঁর দুর্নীতির পাশে দাঁড়িয়ে আছেন, তিনি এর আগে দেখেন নি।"
text withheld: corpus licence does not permit redistribution,1,1.0,banglasarc,"আসলে, পুরো মহাবিশ্ব আমার চারপাশে ঘোরে!","আসলে, পুরো মহাবিশ্ব আমার চারপাশে ঘোরে!"
text withheld: corpus licence does not permit redistribution,1,1.0,banglasarc,"পারিবারিক ভালবাসা অগোছালো, আঁকড়ে থাকা এবং খারাপ ওয়ালপেপারের মতো বিরক্তিকর এবং পুনরাবৃত্ত প্যাটার্নের।","পারিবারিক ভালবাসা অগোছালো, আঁকড়ে থাকা এবং খারাপ ওয়ালপেপারের মতো বিরক্তিকর এবং পুনরাবৃত্ত প্যাটার্নের।"
text withheld: corpus licence does not permit redistribution,0,0.0,banglasarc,চিত্রগ্রহন ও সম্পাদনায়ঃ জাকারিয়া নাহিদ,চিত্রগ্রহন ও সম্পাদনায়ঃ জাকারিয়া নাহিদ
text withheld: corpus licence does not permit redistribution,0,0.0,banglasarc,"জর্ম্মে ত্রুটি থাকলে এমন হয়! এটা তার জন্মগত সমস্যা। আর নাস্তিকের বীর্য থেকে জন্ম নিলে সে কিভাবে আস্তিক হবে। তার পরকালে বিশ্বাস নিয়ে আমাকে আপনাকে টেনশন করার দরকার নাই। দোয়া করি, আল্লাহ সবাইকে হেদায়েত দান করুন। আমীন....","জর্ম্মে ত্রুটি থাকলে এমন হয়! এটা তার জন্মগত সমস্যা। আর নাস্তিকের বীর্য থেকে জন্ম নিলে সে কিভাবে আস্তিক হবে। তার পরকালে বিশ্বাস নিয়ে আমাকে আপনাকে টেনশন করার দরকার নাই। দোয়া করি, আল্লাহ সবাইকে হেদায়েত দান করুন। আমীন...."
text withheld: corpus licence does not permit redistribution,1,1.0,banglasarc,"“সময় সেরা শিক্ষক;দুর্ভাগ্যক্রমে এটি তার সমস্ত ছাত্রকে হত্যা করে! ""","“সময় সেরা শিক্ষক;দুর্ভাগ্যক্রমে এটি তার সমস্ত ছাত্রকে হত্যা করে! """
text withheld: corpus licence does not permit redistribution,1,1.0,banglasarc,আমি মাঝে মাঝে মনে করি যে god শ্বর মানুষকে কিছুটা বাড়িয়ে তোলেন তার ক্ষমতাকে কিছুটা বেশি বিবেচনা করেছেন।,আমি মাঝে মাঝে মনে করি যে god শ্বর মানুষকে কিছুটা বাড়িয়ে তোলেন তার ক্ষমতাকে কিছুটা বেশি বিবেচনা করেছেন।
text withheld: corpus licence does not permit redistribution,0,0.0,banglasarc,"যারা সিলেটে বন্যার্তদের পাশে দাঁড়াতে চান, তারা এই নাম্বার গুলোতে অর্থ পাঠাতে পারেন।","যারা সিলেটে বন্যার্তদের পাশে দাঁড়াতে চান, তারা এই নাম্বার গুলোতে অর্থ পাঠাতে পারেন।"
text withheld: corpus licence does not permit redistribution,0,0.0,banglasarc,এই শাড়ী আমি নিতে চাই দাম কত?,এই শাড়ী আমি নিতে চাই দাম কত?
text withheld: corpus licence does not permit redistribution,1,1.0,banglasarc,"“আমি সবসময় আমার পার্সে একটি ছুরি বহন করি।আপনি জানেন, চিজেকেক বা অন্য কিছুর ক্ষেত্রে। ""","“আমি সবসময় আমার পার্সে একটি ছুরি বহন করি।আপনি জানেন, চিজেকেক বা অন্য কিছুর ক্ষেত্রে। """
text withheld: corpus licence does not permit redistribution,0,0.0,banglasarc,এবার পুলিশের থেরাপি কারে বলে দেখবা,এবার পুলিশের থেরাপি কারে বলে দেখবা
text withheld: corpus licence does not permit redistribution,1,1.0,banglasarc,"কখনও কখনও, আমার পরিবার পৃথিবীতে অদ্ভুত পরিবার হয়ে ওঠে","কখনও কখনও, আমার পরিবার পৃথিবীতে অদ্ভুত পরিবার হয়ে ওঠে"
text withheld: corpus licence does not permit redistribution,0,0.0,banglasarc,আজকে সাধারণ এ অসাধারণ লাগছে আপু তোমায়,আজকে সাধারণ এ অসাধারণ লাগছে আপু তোমায়
text withheld: corpus licence does not permit redistribution,1,1.0,banglasarc,সারকাসম হ'ল দুর্বলদের প্রতিবাদ।,সারকাসম হ'ল দুর্বলদের প্রতিবাদ।
text withheld: corpus licence does not permit redistribution,1,1.0,banglasarc,সৃজনশীলতার গোপনীয়তা আপনার উত্সগুলি কীভাবে আড়াল করতে হয় তা জেনে রাখা। সৃজনশীলতার গোপনীয়তা কীভাবে আপনার উত্সগুলি আড়াল করতে হয় তা জেনে।,সৃজনশীলতার গোপনীয়তা আপনার উত্সগুলি কীভাবে আড়াল করতে হয় তা জেনে রাখা। সৃজনশীলতার গোপনীয়তা কীভাবে আপনার উত্সগুলি আড়াল করতে হয় তা জেনে।
text withheld: corpus licence does not permit redistribution,1,1.0,banglasarc,আমি এত ভাল প্রেমিক কারণ আমি নিজে থেকে অনেক অনুশীলন করি,আমি এত ভাল প্রেমিক কারণ আমি নিজে থেকে অনেক অনুশীলন করি
text withheld: corpus licence does not permit redistribution,1,1.0,banglasarc,আমি ছয় ভাইয়ের সাথে বড় হয়েছি।এভাবেই আমি বাথরুমের জন্য নাচতে শিখেছি।,আমি ছয় ভাইয়ের সাথে বড় হয়েছি।এভাবেই আমি বাথরুমের জন্য নাচতে শিখেছি।
text withheld: corpus licence does not permit redistribution,1,1.0,banglasarc,আপনি যদি খুব বেশি মুক্ত হন তবে আপনার মস্তিষ্কগুলি পড়ে যাবে।,আপনি যদি খুব বেশি মুক্ত হন তবে আপনার মস্তিষ্কগুলি পড়ে যাবে।
text withheld: corpus licence does not permit redistribution,1,1.0,banglasarc,কখনও কখনও আমি লোকদের দিকে তাকাই এবং মনে করি সত্যই যে শুক্রাণু জিতেছে তা thats,কখনও কখনও আমি লোকদের দিকে তাকাই এবং মনে করি সত্যই যে শুক্রাণু জিতেছে তা thats
text withheld: corpus licence does not permit redistribution,0,0.0,banglasarc,ফাজলামির একটা লিমিট থাকা দরকার 😏😞,ফাজলামির একটা লিমিট থাকা দরকার 😏😞
text withheld: corpus licence does not permit redistribution,1,1.0,banglasarc,তার কেবল বাদ দেওয়া উচিত মানে ভয়ানক,তার কেবল বাদ দেওয়া উচিত মানে ভয়ানক
text withheld: corpus licence does not permit redistribution,0,0.0,banglasarc,"আজকে জানতে পারলাম , এই বান্দরটার নাম জায়েদ খান","আজকে জানতে পারলাম , এই বান্দরটার নাম জায়েদ খান"
text withheld: corpus licence does not permit redistribution,0,0.0,banglasarc,"দেশের মানুষ বন্যায় বাসছে আপনারা কেন পদ্মা সেতু নিয়ে ব্যাস্ত,","দেশের মানুষ বন্যায় বাসছে আপনারা কেন পদ্মা সেতু নিয়ে ব্যাস্ত,"
text withheld: corpus licence does not permit redistribution,0,0.0,banglasarc,"কিছু বলাই ঠিক না, সবাই চুপ থা","কিছু বলাই ঠিক না, সবাই চুপ থা"
text withheld: corpus licence does not permit redistribution,0,0.0,banglasarc,সব জিনিসই ব্যবহার করার জীবন আর বাকি থাকবে কেন।,সব জিনিসই ব্যবহার করার জীবন আর বাকি থাকবে কেন।
text withheld: corpus licence does not permit redistribution,0,0.0,banglasarc,তোমার শুধু জানালা না সব কিছু খোলা থাকে।,তোমার শুধু জানালা না সব কিছু খোলা থাকে।
text withheld: corpus licence does not permit redistribution,1,1.0,banglasarc,আপনি কি একজন ট্রাকম্যান টানলেন?,আপনি কি একজন ট্রাকম্যান টানলেন?
text withheld: corpus licence does not permit redistribution,0,0.0,banglasarc,কাক্কু তুই একটু থাম এই তামাশা দেখতে দেখতে জীবনটা তামাশাময় হইয়া যাইতে আছে,কাক্কু তুই একটু থাম এই তামাশা দেখতে দেখতে জীবনটা তামাশাময় হইয়া যাইতে আছে
text withheld: corpus licence does not permit redistribution,1,1.0,banglasarc,"হোম, আজকাল, এমন একটি জায়গা যেখানে পরিবারের বাকি অংশটি গাড়িটি ফিরিয়ে আনার আগ পর্যন্ত পরিবারের অংশ অপেক্ষা করে।","হোম, আজকাল, এমন একটি জায়গা যেখানে পরিবারের বাকি অংশটি গাড়িটি ফিরিয়ে আনার আগ পর্যন্ত পরিবারের অংশ অপেক্ষা করে।"
text withheld: corpus licence does not permit redistribution,0,0.0,banglasarc,একই বিশ্ববিদ্যালয়ে দুটা নিয়ম হতে পারে না,একই বিশ্ববিদ্যালয়ে দুটা নিয়ম হতে পারে না
text withheld: corpus licence does not permit redistribution,0,0.0,banglasarc,এধরনের একটি প্রশ্নের উত্তর দিয়েছেন আসিফ মহিউদ্দীন৷ পাবেন এই লিংকে: http://dw.com/p/1gghk,এধরনের একটি প্রশ্নের উত্তর দিয়েছেন আসিফ মহিউদ্দীন৷ পাবেন এই লিংকে: http://dw.com/p/1gghk
text withheld: corpus licence does not permit redistribution,0,0.0,banglasarc,তাই আজই আমাদের ৩০+ সুবিধা কি কি রয়েছে সেগুলো দেখতে ফ্রী ভিজিট করুন আমাদের সুপার হোমে।,তাই আজই আমাদের ৩০+ সুবিধা কি কি রয়েছে সেগুলো দেখতে ফ্রী ভিজিট করুন আমাদের সুপার হোমে।
text withheld: corpus licence does not permit redistribution,1,1.0,banglasarc,আত্মার দারিদ্র্য বানরের মতো কারণ যদিও সে সিল্কে পোশাক পরে থাকে তবে সে দরিদ্র থাকে,আত্মার দারিদ্র্য বানরের মতো কারণ যদিও সে সিল্কে পোশাক পরে থাকে তবে সে দরিদ্র থাকে
text withheld: corpus licence does not permit redistribution,0,0.0,banglasarc,একজন মুসলমান নারী হিসেবে আপনি এই ধরনের মন্তব্য কিভাবে করলেন? আপনার কথা শুনে বোঝাই যাচ্ছিলো আপনি মন থেকেই এই কথা বলেছেন। সবাই যদি এই কথার বিরোধিতা না করতো তবে আপনি সবার কাছে ক্ষমা চেয়ে এই পোস্ট দিতেন না। আল্লাহ্,একজন মুসলমান নারী হিসেবে আপনি এই ধরনের মন্তব্য কিভাবে করলেন? আপনার কথা শুনে বোঝাই যাচ্ছিলো আপনি মন থেকেই এই কথা বলেছেন। সবাই যদি এই কথার বিরোধিতা না করতো তবে আপনি সবার কাছে ক্ষমা চেয়ে এই পোস্ট দিতেন না। আল্লাহ্
text withheld: corpus licence does not permit redistribution,1,1.0,banglasarc,আমার বস আমার তারকা থাকতেন তবে আমি বুঝতে পেরেছিলাম যে তারা কথা না কথা বলা পর্যন্ত লোকেরা উজ্জ্বল প্রদর্শিত হবে,আমার বস আমার তারকা থাকতেন তবে আমি বুঝতে পেরেছিলাম যে তারা কথা না কথা বলা পর্যন্ত লোকেরা উজ্জ্বল প্রদর্শিত হবে
text withheld: corpus licence does not permit redistribution,0,0.0,banglasarc,ভাই অনেকের থাকলেও এই সৌভাগ্যটা সবার হয় না,ভাই অনেকের থাকলেও এই সৌভাগ্যটা সবার হয় না
text withheld: corpus licence does not permit redistribution,0,0.0,banglasarc,কমফু পাণ্ডা হচ্ছে টিভিতে আপা,কমফু পাণ্ডা হচ্ছে টিভিতে আপা
text withheld: corpus licence does not permit redistribution,0,0.0,banglasarc,বাল্যকালের বন্ধুই আসল বন্ধু।অটুট থাকে যেন অকৃত্রিম এ ভালোবাসা।,বাল্যকালের বন্ধুই আসল বন্ধু।অটুট থাকে যেন অকৃত্রিম এ ভালোবাসা।
text withheld: corpus licence does not permit redistribution,0,0.0,banglasarc,"বাহ্! অসাধারণ বলেছেন...প্রথমেই আপনার জন্য থাকছে কেয়া কসমেটিক্স এর সৌজন্যে একটি মহা মূল্যবান ইয়াবা মেশিন ,পরিবেশ বান্ধব গান্জার গাছ । আপনাকে জামালপুরের ডিসি, ফেনীর সিরাজুদ্দৌলা ও ওসি মোয়াজ্জেম, কক্সবাজারের বাবা বদি, বরগুনার মিন্নি, টেন্ডার কিং জি কে শামীম, ক্যাসিনো খালেদ ও সম্রাট, চট্টগ্রামের এমপি শামসুল, সানাই মাহাবুব,পিকে হালদার,সিনোুদা,পাপিয়া পরিমনি হিরো আলম ও টাকলা মুরাদের পক্ষ থেকে জানাই শুভেচ্ছা সহ স্বাগতম","বাহ্! অসাধারণ বলেছেন...প্রথমেই আপনার জন্য থাকছে কেয়া কসমেটিক্স এর সৌজন্যে একটি মহা মূল্যবান ইয়াবা মেশিন ,পরিবেশ বান্ধব গান্জার গাছ । আপনাকে জামালপুরের ডিসি, ফেনীর সিরাজুদ্দৌলা ও ওসি মোয়াজ্জেম, কক্সবাজারের বাবা বদি, বরগুনার মিন্নি, টেন্ডার কিং জি কে শামীম, ক্যাসিনো খালেদ ও সম্রাট, চট্টগ্রামের এমপি শামসুল, সানাই মাহাবুব,পিকে হালদার,সিনোুদা,পাপিয়া পরিমনি হিরো আলম ও টাকলা মুরাদের পক্ষ থেকে জানাই শুভেচ্ছা সহ স্বাগতম"
text withheld: corpus licence does not permit redistribution,0,0.0,banglasarc,জুতা পেটা করা উচিত।,জুতা পেটা করা উচিত।
text withheld: corpus licence does not permit redistribution,0,0.0,banglasarc,আহসান উল্লাহ্,আহসান উল্লাহ্
text withheld: corpus licence does not permit redistribution,0,0.0,banglasarc,ধনীদের সন্তান এ দেশে লেখা পড়া করে না।,ধনীদের সন্তান এ দেশে লেখা পড়া করে না।
text withheld: corpus licence does not permit redistribution,1,1.0,banglasarc,ধনী ব্যক্তি অর্থ সহ দরিদ্র মানুষ ছাড়া কিছুই নয়।,ধনী ব্যক্তি অর্থ সহ দরিদ্র মানুষ ছাড়া কিছুই নয়।
text withheld: corpus licence does not permit redistribution,0,0.0,banglasarc,"আমিও যে সবাইকে নিরাপদে থাকতে বলেছি আরো কত আগে থেকে, নাস্তিক আলো তা প্রচার করলো না কেন?","আমিও যে সবাইকে নিরাপদে থাকতে বলেছি আরো কত আগে থেকে, নাস্তিক আলো তা প্রচার করলো না কেন?"
text withheld: corpus licence does not permit redistribution,0,0.0,banglasarc,"বাংলাদেশের সবচেয়ে বড় দৈত্যাকার রান্নার হাঁড়ি কোথায় কাদের কাছে আছে, আপনি কি তা জানেন??","বাংলাদেশের সবচেয়ে বড় দৈত্যাকার রান্নার হাঁড়ি কোথায় কাদের কাছে আছে, আপনি কি তা জানেন??"
text withheld: corpus licence does not permit redistribution,0,0.0,banglasarc,আর্থিক লোকসান পুষিয়ে আবার দাঁড়াতে পারবে তো.....,আর্থিক লোকসান পুষিয়ে আবার দাঁড়াতে পারবে তো.....
text withheld: corpus licence does not permit redistribution,0,0.0,banglasarc,নিরাপদ সড়ক আন্দোলন এর সময় ও আপনার চাটা দেখছিলাম।এখন আবার আসছেন চাটতে।এইসবই পারবেন। ডাক্টারদের মান সম্মত গিয়্যার দেওয়ার জন্য তো লাফাইলেন না।! আমেরিকা আছেন।অইখানেই থাকেন। এখানের ইস্যু নিয়ে কথা না বললেই খুশি হবো।,নিরাপদ সড়ক আন্দোলন এর সময় ও আপনার চাটা দেখছিলাম।এখন আবার আসছেন চাটতে।এইসবই পারবেন। ডাক্টারদের মান সম্মত গিয়্যার দেওয়ার জন্য তো লাফাইলেন না।! আমেরিকা আছেন।অইখানেই থাকেন। এখানের ইস্যু নিয়ে কথা না বললেই খুশি হবো।
text withheld: corpus licence does not permit redistribution,0,0.0,banglasarc,প্রার্থনা করি মানুষের দুঃখ-দুর্দশা গুলি যেন তিনি অতি দ্রুত শেষ করে দেয়।,প্রার্থনা করি মানুষের দুঃখ-দুর্দশা গুলি যেন তিনি অতি দ্রুত শেষ করে দেয়।
text withheld: corpus licence does not permit redistribution,0,0.0,banglasarc,"আস্তিক ভাই বোনেরা আপনারা একসময়ের সঘোষিত নাস্তিক বর্তমান সময়ে আবার সঘোষিত আস্তিক,বাউল বিশেষজ্ঞ 'লুংগী মাজহারের 'উক্তি গুলো নিয়ে কি বলবেন?তখনতো আপনাদের কাউকে ফেসবুক বা কোথাও ঝড় তুলতে দেখি নাই।","আস্তিক ভাই বোনেরা আপনারা একসময়ের সঘোষিত নাস্তিক বর্তমান সময়ে আবার সঘোষিত আস্তিক,বাউল বিশেষজ্ঞ 'লুংগী মাজহারের 'উক্তি গুলো নিয়ে কি বলবেন?তখনতো আপনাদের কাউকে ফেসবুক বা কোথাও ঝড় তুলতে দেখি নাই।"
text withheld: corpus licence does not permit redistribution,0,0.0,banglasarc,"আল্লাহর কাছে ক্ষমা চেয়েছেন,সুতরাং উনাকে নিয়ে আমরা বাজে মন্তব্য এবং ট্রল করা থেকে বিরত থাকি, ক্ষমা করার মালিক একমাত্র আল্লাহ!","আল্লাহর কাছে ক্ষমা চেয়েছেন,সুতরাং উনাকে নিয়ে আমরা বাজে মন্তব্য এবং ট্রল করা থেকে বিরত থাকি, ক্ষমা করার মালিক একমাত্র আল্লাহ!"
text withheld: corpus licence does not permit redistribution,1,1.0,banglasarc,কলার আইডি পরিবার স্ক্রিনিংয়ের জন্য উদ্ভাবিত হয়েছিল।,কলার আইডি পরিবার স্ক্রিনিংয়ের জন্য উদ্ভাবিত হয়েছিল।
text withheld: corpus licence does not permit redistribution,0,0.0,banglasarc,"লজ্জা হওয়া উচিত, রোস্টার হওয়ার নূন্যতম যোগ্যতা নেই এসেছেন রোস্ট করতে।","লজ্জা হওয়া উচিত, রোস্টার হওয়ার নূন্যতম যোগ্যতা নেই এসেছেন রোস্ট করতে।"
text withheld: corpus licence does not permit redistribution,1,1.0,banglasarc,"আমি একটি রিমিক্স রিমিক্স করেছি, এটি স্বাভাবিক অবস্থায় ফিরে এসেছিল","আমি একটি রিমিক্স রিমিক্স করেছি, এটি স্বাভাবিক অবস্থায় ফিরে এসেছিল"
text withheld: corpus licence does not permit redistribution,0,0.0,banglasarc,চার-পাঁচটা আস্ত গরু এই পাতিলের সাইজের কাছে কেন কিছুই নয়?,চার-পাঁচটা আস্ত গরু এই পাতিলের সাইজের কাছে কেন কিছুই নয়?
text withheld: corpus licence does not permit redistribution,1,1.0,banglasarc,অর্থ আপনাকে খুশি করে না।আমার এখন 50 মিলিয়ন ডলার রয়েছে তবে আমার যখন কেবল 48 মিলিয়ন ছিল তখন আমি ঠিক তেমন খুশি হয়েছিলাম।,অর্থ আপনাকে খুশি করে না।আমার এখন 50 মিলিয়ন ডলার রয়েছে তবে আমার যখন কেবল 48 মিলিয়ন ছিল তখন আমি ঠিক তেমন খুশি হয়েছিলাম।
text withheld: corpus licence does not permit redistribution,0,0.0,banglasarc,এই ঘরগুলো যদি অবৈধ হয় তবে এগুলো তৈরি করার সময় প্রশাসন কোথায় ছিল?,এই ঘরগুলো যদি অবৈধ হয় তবে এগুলো তৈরি করার সময় প্রশাসন কোথায় ছিল?
text withheld: corpus licence does not permit redistribution,0,0.0,banglasarc,এতো সত্য কথা বলতে হবে কেন,এতো সত্য কথা বলতে হবে কেন
text withheld: corpus licence does not permit redistribution,1,1.0,banglasarc,"তিনি 5 টি চ্যাম্পিয়নশিপ পেয়েছেন, আপনি কোন প্রতিরক্ষা ব্যবহার করেন তা উপহাস করবেন আপনি কে?","তিনি 5 টি চ্যাম্পিয়নশিপ পেয়েছেন, আপনি কোন প্রতিরক্ষা ব্যবহার করেন তা উপহাস করবেন আপনি কে?"
text withheld: corpus licence does not permit redistribution,0,0.0,banglasarc,আগেই বলছিলাম ও চিটার। এখন ঠিকই আমার কাছে আসলা তো হুহ????? লাভিয়ু বেইপ♥,আগেই বলছিলাম ও চিটার। এখন ঠিকই আমার কাছে আসলা তো হুহ????? লাভিয়ু বেইপ♥
text withheld: corpus licence does not permit redistribution,0,0.0,banglasarc,পরের সিরিজ কবে কোথায় ?,পরের সিরিজ কবে কোথায় ?
text withheld: corpus licence does not permit redistribution,1,1.0,banglasarc,দুর্যোগে অপরাধ কখনও হয় না।,দুর্যোগে অপরাধ কখনও হয় না।
text withheld: corpus licence does not permit redistribution,0,0.0,banglasarc,মানুষ কতটা যাযাবর হলে এমনটা করতে পারে,মানুষ কতটা যাযাবর হলে এমনটা করতে পারে
text withheld: corpus licence does not permit redistribution,0,0.0,banglasarc,তলে তলে ভালই ঘাটাঘাটি কর বুঝলাম,তলে তলে ভালই ঘাটাঘাটি কর বুঝলাম
text withheld: corpus licence does not permit redistribution,0,0.0,banglasarc,চলে এলো দিঘী ও ইয়াশের,চলে এলো দিঘী ও ইয়াশের
text withheld: corpus licence does not permit redistribution,0,0.0,banglasarc,প্রতিদিন ঘুরে বেড়ানো রেস্টুরেন্টে খাওয়া ছাড়া এদের লাইফে কোন কাজ নাই।,প্রতিদিন ঘুরে বেড়ানো রেস্টুরেন্টে খাওয়া ছাড়া এদের লাইফে কোন কাজ নাই।
text withheld: corpus licence does not permit redistribution,0,0.0,banglasarc,আমি আপনাদের ফেসবুক এবং টুইটার পেজ এ চেষ্টা করছিলাম কিছুদিন ধরে কানেক্ট হতে।টুইটার পেজ এনুতুন পোষ্ট দেখিনি। আপনাকে স্বুস্থ স্বাভাবিক দেখে অনেক ভাল লাগছে।সবসময় আপনার স্বুস্থ সুন্দর জীবন এবং আপনার দলের সফল ভবিষ্যত কামনা করি।ভাল থাকুন সবসময় কেমন।,আমি আপনাদের ফেসবুক এবং টুইটার পেজ এ চেষ্টা করছিলাম কিছুদিন ধরে কানেক্ট হতে।টুইটার পেজ এনুতুন পোষ্ট দেখিনি। আপনাকে স্বুস্থ স্বাভাবিক দেখে অনেক ভাল লাগছে।সবসময় আপনার স্বুস্থ সুন্দর জীবন এবং আপনার দলের সফল ভবিষ্যত কামনা করি।ভাল থাকুন সবসময় কেমন।
text withheld: corpus licence does not permit redistribution,1,1.0,banglasarc,"“যদি জীবন আপনাকে লেবু দেয় তবে এর জন্য কৃতজ্ঞ হোন।আমি যতক্ষণ মনে করতে পারি কেবল খোসা ছাড়ছি! ""","“যদি জীবন আপনাকে লেবু দেয় তবে এর জন্য কৃতজ্ঞ হোন।আমি যতক্ষণ মনে করতে পারি কেবল খোসা ছাড়ছি! """
text withheld: corpus licence does not permit redistribution,0,0.0,banglasarc,এতো সুন্দর একটা ভিউ দেখলে দেখতে মন চাচ্ছে বারবার ভাইয়া,এতো সুন্দর একটা ভিউ দেখলে দেখতে মন চাচ্ছে বারবার ভাইয়া
text withheld: corpus licence does not permit redistribution,0,0.0,banglasarc,প্রাণঢালা ভালোবাসা ভাইটির জন্য 🖤🖤,প্রাণঢালা ভালোবাসা ভাইটির জন্য 🖤🖤
text withheld: corpus licence does not permit redistribution,0,0.0,banglasarc,অসাধারণ স্থান ❤️,অসাধারণ স্থান ❤️
text withheld: corpus licence does not permit redistribution,1,1.0,banglasarc,সহিংসতা কিছু সমাধান করবে না ... তবে এটি নিশ্চিতভাবেই আমাকে ভাল লাগছে।,সহিংসতা কিছু সমাধান করবে না ... তবে এটি নিশ্চিতভাবেই আমাকে ভাল লাগছে।
text withheld: corpus licence does not permit redistribution,0,0.0,banglasarc,আমরা ছোটবেলা থেকে শিক্ষেছি অন্য দের সামনে খাওয়া একদমই উচিত নয়। আমি নিজেও এটাতে ভিষণ লজ্জা বোধ করি। বতর্মান সময়ে অনেক গুলো খাবার নিয়ে সবাই কে দেখিয়ে দেখিয়ে খাওয়া টা যেন ফ্যাশন হয়ে দাড়িয়েছে।যা সত্যিই বিরক্তিকর ব্যাপার।,আমরা ছোটবেলা থেকে শিক্ষেছি অন্য দের সামনে খাওয়া একদমই উচিত নয়। আমি নিজেও এটাতে ভিষণ লজ্জা বোধ করি। বতর্মান সময়ে অনেক গুলো খাবার নিয়ে সবাই কে দেখিয়ে দেখিয়ে খাওয়া টা যেন ফ্যাশন হয়ে দাড়িয়েছে।যা সত্যিই বিরক্তিকর ব্যাপার।
text withheld: corpus licence does not permit redistribution,0,0.0,banglasarc,আজ পযর্ন্ত মানুষ ঔ চিনতে পারলাম না,আজ পযর্ন্ত মানুষ ঔ চিনতে পারলাম না
text withheld: corpus licence does not permit redistribution,0,0.0,banglasarc,লাভ ইউ রাইসা আপু,লাভ ইউ রাইসা আপু
text withheld: corpus licence does not permit redistribution,0,0.0,banglasarc,ভালবাসা ❤❤❤,ভালবাসা ❤❤❤
text withheld: corpus licence does not permit redistribution,1,1.0,banglasarc,যদি মনে হচ্ছে আমি কোনও অভিশাপ দিচ্ছি তবে দয়া করে আমাকে বলুন।আমি ভুল ছাপ ছেড়ে দিতে চাই না,যদি মনে হচ্ছে আমি কোনও অভিশাপ দিচ্ছি তবে দয়া করে আমাকে বলুন।আমি ভুল ছাপ ছেড়ে দিতে চাই না
text withheld: corpus licence does not permit redistribution,1,1.0,banglasarc,"লোকেরা যখন আমাকে বোকা প্রশ্ন জিজ্ঞাসা করে, তখন একটি ব্যঙ্গাত্মক মন্তব্য দেওয়া আমার আইনী বাধ্যবাধকতা।","লোকেরা যখন আমাকে বোকা প্রশ্ন জিজ্ঞাসা করে, তখন একটি ব্যঙ্গাত্মক মন্তব্য দেওয়া আমার আইনী বাধ্যবাধকতা।"
text withheld: corpus licence does not permit redistribution,0,0.0,banglasarc,আলহামদুলিল্লাহ। ধন্যবাদ মাশরাফি ভাই।,আলহামদুলিল্লাহ। ধন্যবাদ মাশরাফি ভাই।
text withheld: corpus licence does not permit redistribution,1,1.0,banglasarc,বিশ্ব আজ শেষ হওয়ার বিষয়ে চিন্তা করবেন না।এটি ইতিমধ্যে আগামীকাল অস্ট্রেলিয়ায়।,বিশ্ব আজ শেষ হওয়ার বিষয়ে চিন্তা করবেন না।এটি ইতিমধ্যে আগামীকাল অস্ট্রেলিয়ায়।
text withheld: corpus licence does not permit redistribution,0,0.0,banglasarc,আপু তোমাকে অনেক ভালো লাগে,আপু তোমাকে অনেক ভালো লাগে
text withheld: corpus licence does not permit redistribution,0,0.0,banglasarc,আমার আপু বলে কথা,আমার আপু বলে কথা
text withheld: corpus licence does not permit redistribution,0,0.0,banglasarc,পুরুষের তুলনায় নারী কর্মকর্তাদের দূর্নীতির রেকর্ড কম,পুরুষের তুলনায় নারী কর্মকর্তাদের দূর্নীতির রেকর্ড কম
text withheld: corpus licence does not permit redistribution,0,0.0,banglasarc,মাশা আল্লাহ নুরানি চেহারা,মাশা আল্লাহ নুরানি চেহারা
text withheld: corpus licence does not permit redistribution,0,0.0,banglasarc,"যারা যারা এতদিন আমার বাবাকে দেখতে চেয়ে কমেন্ট করেছন, তারা এটা ভালো করে দেখে নিয়েন আর তারপরই বুঝে যাবেন "" আমি এমন কেন!!""","যারা যারা এতদিন আমার বাবাকে দেখতে চেয়ে কমেন্ট করেছন, তারা এটা ভালো করে দেখে নিয়েন আর তারপরই বুঝে যাবেন "" আমি এমন কেন!!"""
text withheld: corpus licence does not permit redistribution,0,0.0,banglasarc,আলহামদুলিল্লাহ বেগম জিয়া আছেন এবং থাকবেন এদেশের কোটি মানুষের অন্তরে.,আলহামদুলিল্লাহ বেগম জিয়া আছেন এবং থাকবেন এদেশের কোটি মানুষের অন্তরে.
text withheld: corpus licence does not permit redistribution,1,1.0,banglasarc,"আমি নিশ্চিত যে আমার শেষ কথাগুলি হবে, ""আপনি কি ফু… এনজি আমাকে মজা করছেন?""","আমি নিশ্চিত যে আমার শেষ কথাগুলি হবে, ""আপনি কি ফু… এনজি আমাকে মজা করছেন?"""
text withheld: corpus licence does not permit redistribution,1,1.0,banglasarc,ওহে প্রিয়তম একটি ব্যক্তিত্ব কিনুন,ওহে প্রিয়তম একটি ব্যক্তিত্ব কিনুন
text withheld: corpus licence does not permit redistribution,0,0.0,banglasarc,খুবই গুরুত্বপূর্ণ নিউজ।,খুবই গুরুত্বপূর্ণ নিউজ।
text withheld: corpus licence does not permit redistribution,0,0.0,banglasarc,এই ছেলেটা কি জোস !,এই ছেলেটা কি জোস !
text withheld: corpus licence does not permit redistribution,0,0.0,banglasarc,কতোবার বউ বউ খেলবেন এবার বিয়েটা করেন,কতোবার বউ বউ খেলবেন এবার বিয়েটা করেন
text withheld: corpus licence does not permit redistribution,0,0.0,banglasarc,"কেমন একটা শিরশির অনুভূতি,,,","কেমন একটা শিরশির অনুভূতি,,,"
text withheld: corpus licence does not permit redistribution,1,1.0,banglasarc,আপনি যদি স্মার্ট হওয়ার চেষ্টা করেন তবে আমি আরও ভাল হওয়ার চেষ্টা করব।,আপনি যদি স্মার্ট হওয়ার চেষ্টা করেন তবে আমি আরও ভাল হওয়ার চেষ্টা করব।
text withheld: corpus licence does not permit redistribution,1,1.0,banglasarc,"আমি জানি আমাকে ব্যঙ্গাত্মক হতে হবে না, তবে বিশ্ব আমাকে কাজ করার জন্য এত বেশি উপাদান দিয়েছে।আমি অপচয় হতে ঘৃণা করব।","আমি জানি আমাকে ব্যঙ্গাত্মক হতে হবে না, তবে বিশ্ব আমাকে কাজ করার জন্য এত বেশি উপাদান দিয়েছে।আমি অপচয় হতে ঘৃণা করব।"
text withheld: corpus licence does not permit redistribution,0,0.0,banglasarc,তুইতো একটা নাস্তিক,তুইতো একটা নাস্তিক
text withheld: corpus licence does not permit redistribution,0,0.0,banglasarc,বাংলা নাটকের মেহেজাবিন বাস্তব জীবনে কেমন?,বাংলা নাটকের মেহেজাবিন বাস্তব জীবনে কেমন?
text withheld: corpus licence does not permit redistribution,1,1.0,banglasarc,আপনি কি সবসময় এত বোকা বা আজ একটি বিশেষ অনুষ্ঠান,আপনি কি সবসময় এত বোকা বা আজ একটি বিশেষ অনুষ্ঠান
text withheld: corpus licence does not permit redistribution,0,0.0,banglasarc,আল্লাহ তোমার কাছে বিচার দিসেএএএএ.....তবে হেতি কিন্তু নাস্তিক.....,আল্লাহ তোমার কাছে বিচার দিসেএএএএ.....তবে হেতি কিন্তু নাস্তিক.....
text withheld: corpus licence does not permit redistribution,0,0.0,banglasarc,বাহ অনেক সাহসী একজন মেয়ে।,বাহ অনেক সাহসী একজন মেয়ে।
text withheld: corpus licence does not permit redistribution,0,0.0,banglasarc,একটা স্ত্রী লিঙ্গের ছাগলও আছে,একটা স্ত্রী লিঙ্গের ছাগলও আছে
text withheld: corpus licence does not permit redistribution,1,1.0,banglasarc,যদি সে কোনও পতাকা সঠিকভাবে তরঙ্গ করতে না পারে তবে তার ক্রিয়াগুলি স্পষ্টভাবে বিষ্ঠার পক্ষে গুরুত্বপূর্ণ নয়,যদি সে কোনও পতাকা সঠিকভাবে তরঙ্গ করতে না পারে তবে তার ক্রিয়াগুলি স্পষ্টভাবে বিষ্ঠার পক্ষে গুরুত্বপূর্ণ নয়
text withheld: corpus licence does not permit redistribution,0,0.0,banglasarc,অশেষ শ্রদ্ধা ও সম্মান 🧡,অশেষ শ্রদ্ধা ও সম্মান 🧡
text withheld: corpus licence does not permit redistribution,0,0.0,banglasarc,ভুলভাল নিউজ করেন ক্যান🙄🙄 দেশে ফের রাজপথে আন্দোলন ফিরে আসায় বেড়ে গেল করোনা সংক্রমণ 🤭🤣🤣,ভুলভাল নিউজ করেন ক্যান🙄🙄 দেশে ফের রাজপথে আন্দোলন ফিরে আসায় বেড়ে গেল করোনা সংক্রমণ 🤭🤣🤣
text withheld: corpus licence does not permit redistribution,1,1.0,banglasarc,আমি শোনার ভান করা আপনার পক্ষে যথেষ্ট হওয়া উচিত।,আমি শোনার ভান করা আপনার পক্ষে যথেষ্ট হওয়া উচিত।
text withheld: corpus licence does not permit redistribution,1,1.0,banglasarc,"প্রতিবাদ মাত্র 10 দিন দীর্ঘ হয়েছে, সুখী হতে পারে না","প্রতিবাদ মাত্র 10 দিন দীর্ঘ হয়েছে, সুখী হতে পারে না"
text withheld: corpus licence does not permit redistribution,1,1.0,banglasarc,"কিছু পরিবারে, 'দয়া করে' যাদু শব্দ হিসাবে বর্ণনা করা হয়।আমাদের বাড়িতে, তবে এটি 'দুঃখিত' ছিল।","কিছু পরিবারে, 'দয়া করে' যাদু শব্দ হিসাবে বর্ণনা করা হয়।আমাদের বাড়িতে, তবে এটি 'দুঃখিত' ছিল।"
text withheld: corpus licence does not permit redistribution,1,1.0,banglasarc,কারণ আমি এত জনপ্রিয়: আমার সবাই আছে,কারণ আমি এত জনপ্রিয়: আমার সবাই আছে
text withheld: corpus licence does not permit redistribution,0,0.0,banglasarc,ভালোবাসা ভাই তদের জন্য❤️,ভালোবাসা ভাই তদের জন্য❤️
text withheld: corpus licence does not permit redistribution,1,1.0,banglasarc,আপনি যদি স্মার্ট হওয়ার চেষ্টা করেন তবে আমি ভাল হওয়ার চেষ্টা করব,আপনি যদি স্মার্ট হওয়ার চেষ্টা করেন তবে আমি ভাল হওয়ার চেষ্টা করব
text withheld: corpus licence does not permit redistribution,1,1.0,banglasarc,ধৈর্য: যখন অনেক সাক্ষী থাকে তখন আপনার যা আছে।,ধৈর্য: যখন অনেক সাক্ষী থাকে তখন আপনার যা আছে।
text withheld: corpus licence does not permit redistribution,1,1.0,banglasarc,"আমাকে অপমান করার জন্য, আমাকে প্রথমে আপনার মতামতকে মূল্য দিতে হবে।","আমাকে অপমান করার জন্য, আমাকে প্রথমে আপনার মতামতকে মূল্য দিতে হবে।"
text withheld: corpus licence does not permit redistribution,1,1.0,banglasarc,"কিছু তারা যেখানেই যায় সেখানে সুখ দেয়;অন্যরা, যখনই তারা যায়।","কিছু তারা যেখানেই যায় সেখানে সুখ দেয়;অন্যরা, যখনই তারা যায়।"
text withheld: corpus licence does not permit redistribution,1,1.0,banglasarc,কর্ম যদি আপনাকে আঘাত না করে তবে আমি আনন্দের সাথে করব,কর্ম যদি আপনাকে আঘাত না করে তবে আমি আনন্দের সাথে করব
text withheld: corpus licence does not permit redistribution,0,0.0,banglasarc,ফকিন্নি আজ থেকে তর নাটক দেখা বাদ দিলাম।,ফকিন্নি আজ থেকে তর নাটক দেখা বাদ দিলাম।
text withheld: corpus licence does not permit redistribution,0,0.0,banglasarc,চেহারাটা বিখ্যাত পর্ণস্টার মিঞা খলিফা সাথে মিল আছে। দুই দিনের বৈরাগী ভাতেরে কয় অন্ন।খবিস,চেহারাটা বিখ্যাত পর্ণস্টার মিঞা খলিফা সাথে মিল আছে। দুই দিনের বৈরাগী ভাতেরে কয় অন্ন।খবিস
text withheld: corpus licence does not permit redistribution,0,0.0,banglasarc,শুভ জন্মদিন শেহওয়ার ভাইয়া।,শুভ জন্মদিন শেহওয়ার ভাইয়া।
text withheld: corpus licence does not permit redistribution,0,0.0,banglasarc,হালের নতুন সেনসেশন বা স্টাইল হলো নাস্তিকতা। আপনি আপনার নাস্তিকবাদ যত বেশি জাহির করবেন আপনি তত জ্ঞানী মানুষ।,হালের নতুন সেনসেশন বা স্টাইল হলো নাস্তিকতা। আপনি আপনার নাস্তিকবাদ যত বেশি জাহির করবেন আপনি তত জ্ঞানী মানুষ।
text withheld: corpus licence does not permit redistribution,0,0.0,banglasarc,বাইক কিনতে লোন চাই,বাইক কিনতে লোন চাই
text withheld: corpus licence does not permit redistribution,1,1.0,banglasarc,এই বোকা নন দক্ষ সামগ্রীর কারণে অবশ্যই হতে হবে?,এই বোকা নন দক্ষ সামগ্রীর কারণে অবশ্যই হতে হবে?
text withheld: corpus licence does not permit redistribution,0,0.0,banglasarc,আপনি কি আমাদের সাথে অনলাইনে কাজ করবেন?,আপনি কি আমাদের সাথে অনলাইনে কাজ করবেন?
text withheld: corpus licence does not permit redistribution,0,0.0,banglasarc,এই ৩ মিনিট ২৯ সেকেন্ডেই যে কারো জীবন পরিবর্তন করতে পারে ইনশাআল্লাহ।,এই ৩ মিনিট ২৯ সেকেন্ডেই যে কারো জীবন পরিবর্তন করতে পারে ইনশাআল্লাহ।
text withheld: corpus licence does not permit redistribution,1,1.0,banglasarc,আমি পাওয়ারশপকে বিদ্যুতের জন্য দুর্দান্ত মূল্য হিসাবে পেয়েছি।,আমি পাওয়ারশপকে বিদ্যুতের জন্য দুর্দান্ত মূল্য হিসাবে পেয়েছি।
text withheld: corpus licence does not permit redistribution,0,0.0,banglasarc,এই ছবিটা কারো থাকলে একটু দেবে,এই ছবিটা কারো থাকলে একটু দেবে
text withheld: corpus licence does not permit redistribution,0,0.0,banglasarc,বাংলাদেশ আম উপহার দিল আর ভারত দিল পানি ।,বাংলাদেশ আম উপহার দিল আর ভারত দিল পানি ।
text withheld: corpus licence does not permit redistribution,1,1.0,banglasarc,এ যেন তিনি জানতেন যে এই ঘটছে,এ যেন তিনি জানতেন যে এই ঘটছে
text withheld: corpus licence does not permit redistribution,0,0.0,banglasarc,যোগ্যতা থাকলে সে নারী নাকি পুরুষ সেটা বিষয় না,যোগ্যতা থাকলে সে নারী নাকি পুরুষ সেটা বিষয় না
text withheld: corpus licence does not permit redistribution,1,1.0,banglasarc,"এটি সমস্ত স্থির ছেলেরা, পিচফোর্সকে নামানোর সময়!","এটি সমস্ত স্থির ছেলেরা, পিচফোর্সকে নামানোর সময়!"
text withheld: corpus licence does not permit redistribution,1,1.0,banglasarc,"সাফল্যের লিফটটি অর্ডারের বাইরে।আপনাকে সিঁড়ি ব্যবহার করতে হবে, একবারে এক ধাপ।","সাফল্যের লিফটটি অর্ডারের বাইরে।আপনাকে সিঁড়ি ব্যবহার করতে হবে, একবারে এক ধাপ।"
text withheld: corpus licence does not permit redistribution,1,1.0,banglasarc,আমি দুঃখিত.আপনি কোন ভাষায় কথা বলছেন?এটি বুলশিটের মতো শোনাচ্ছে।,আমি দুঃখিত.আপনি কোন ভাষায় কথা বলছেন?এটি বুলশিটের মতো শোনাচ্ছে।
text withheld: corpus licence does not permit redistribution,1,1.0,banglasarc,"""এত লোক তাদের শারীরিক উপস্থিতি এবং বস্তুগত সম্পদ সম্পর্কে উদ্বিগ্ন, যে তারা তাদের কৃপণ ব্যক্তিত্বকে পুরোপুরি উপেক্ষা করে।""","""এত লোক তাদের শারীরিক উপস্থিতি এবং বস্তুগত সম্পদ সম্পর্কে উদ্বিগ্ন, যে তারা তাদের কৃপণ ব্যক্তিত্বকে পুরোপুরি উপেক্ষা করে।"""
text withheld: corpus licence does not permit redistribution,0,0.0,banglasarc,এবার হিন্দু বৌদ্ধ ঐক্য পরিষদের অস্তিত্ব নিয়ে টানাটানি হয় কিনা দেখেন। প্রিয়া সাহা একটা ব্র,এবার হিন্দু বৌদ্ধ ঐক্য পরিষদের অস্তিত্ব নিয়ে টানাটানি হয় কিনা দেখেন। প্রিয়া সাহা একটা ব্র
text withheld: corpus licence does not permit redistribution,1,1.0,banglasarc,হতে পারে আপনার কিছু মেকআপ খাওয়া উচিত যাতে আপনি অভ্যন্তরেও সুন্দর হতে পারেন,হতে পারে আপনার কিছু মেকআপ খাওয়া উচিত যাতে আপনি অভ্যন্তরেও সুন্দর হতে পারেন
text withheld: corpus licence does not permit redistribution,0,0.0,banglasarc,বাস্তবে যা সত্যি তাইতো বললাম।,বাস্তবে যা সত্যি তাইতো বললাম।
text withheld: corpus licence does not permit redistribution,1,1.0,banglasarc,যদি ইডিয়টস গাছগুলিতে বেড়ে ওঠে তবে এই জায়গাটি একটি বাগান হবে।,যদি ইডিয়টস গাছগুলিতে বেড়ে ওঠে তবে এই জায়গাটি একটি বাগান হবে।
text withheld: corpus licence does not permit redistribution,0,0.0,banglasarc,জীবনে কোনোদিন ধান চাষ করছেন বা দেখছেন?,জীবনে কোনোদিন ধান চাষ করছেন বা দেখছেন?
text withheld: corpus licence does not permit redistribution,1,1.0,banglasarc,"""বৈবাহিক অবস্থা হিসাবে 'একক' এর পরিবর্তে তাদের উচিত ছিল 'স্বাধীনভাবে মালিকানাধীন এবং পরিচালিত।'","""বৈবাহিক অবস্থা হিসাবে 'একক' এর পরিবর্তে তাদের উচিত ছিল 'স্বাধীনভাবে মালিকানাধীন এবং পরিচালিত।'"
text withheld: corpus licence does not permit redistribution,1,1.0,banglasarc,আপনার নাম গুগল না হলে আপনি যেমন সমস্ত কিছু জানেন তার মতো কাজ করা বন্ধ করুন।,আপনার নাম গুগল না হলে আপনি যেমন সমস্ত কিছু জানেন তার মতো কাজ করা বন্ধ করুন।
text withheld: corpus licence does not permit redistribution,0,0.0,banglasarc,"বাহ! বাংলার ফেইসবুক সমাজ আরও একজনকে বাজে, অকথ্য, অশ্লীল ভাষায় গালিগালাজ করার মাধ্যমে ধর্ম এর পথে ফিরিয়ে নিয়ে এসেছে। আলহামদুলিল্লাহ।","বাহ! বাংলার ফেইসবুক সমাজ আরও একজনকে বাজে, অকথ্য, অশ্লীল ভাষায় গালিগালাজ করার মাধ্যমে ধর্ম এর পথে ফিরিয়ে নিয়ে এসেছে। আলহামদুলিল্লাহ।"
text withheld: corpus licence does not permit redistribution,0,0.0,banglasarc,"কেউ মারা গেলে, আমরা অনেক স্টাটাস দেই,","কেউ মারা গেলে, আমরা অনেক স্টাটাস দেই,"
text withheld: corpus licence does not permit redistribution,0,0.0,banglasarc,আর আওয়ামীলীগ চেনে শুয়ার,আর আওয়ামীলীগ চেনে শুয়ার
text withheld: corpus licence does not permit redistribution,1,1.0,banglasarc,আপনি যদি পৃথিবী পরিবর্তন করতে চান তবে আপনি অবিবাহিত থাকাকালীন এটি করুন।একবার আপনি বিবাহিত হয়ে গেলে আপনি টিভি চ্যানেলটিও পরিবর্তন করতে পারবেন না।,আপনি যদি পৃথিবী পরিবর্তন করতে চান তবে আপনি অবিবাহিত থাকাকালীন এটি করুন।একবার আপনি বিবাহিত হয়ে গেলে আপনি টিভি চ্যানেলটিও পরিবর্তন করতে পারবেন না।
text withheld: corpus licence does not permit redistribution,1,1.0,banglasarc,আপনি যদি পনির না হন তবে বয়সের কোনও গুরুত্ব নেই।,আপনি যদি পনির না হন তবে বয়সের কোনও গুরুত্ব নেই।
text withheld: corpus licence does not permit redistribution,0,0.0,banglasarc,বাবা দিবসে মার্কস ফুলক্রীম মিল্ক পাউডারের বিশেষ নিবেদন...,বাবা দিবসে মার্কস ফুলক্রীম মিল্ক পাউডারের বিশেষ নিবেদন...
text withheld: corpus licence does not permit redistribution,0,0.0,banglasarc,আপনার দেয়া তথ্যগুলোর সোর্স সবসময়ই বিশ্বাসযোগ্য এবং লেজিট,আপনার দেয়া তথ্যগুলোর সোর্স সবসময়ই বিশ্বাসযোগ্য এবং লেজিট
text withheld: corpus licence does not permit redistribution,1,1.0,banglasarc,আপনি যদি আমাকে আপত্তিকর মনে করেন।তারপরে আমি আপনাকে আমাকে সন্ধান করা ছেড়ে দেওয়ার পরামর্শ দিচ্ছি,আপনি যদি আমাকে আপত্তিকর মনে করেন।তারপরে আমি আপনাকে আমাকে সন্ধান করা ছেড়ে দেওয়ার পরামর্শ দিচ্ছি
text withheld: corpus licence does not permit redistribution,0,0.0,banglasarc,"বাংলাদেশ টেস্ট খেলার জন্য এখনো উপযুক্ত হয় নি, আইসিসির উচিত বাংলাদেশ কে টেস্ট থেকে বরখাস্ত করা।","বাংলাদেশ টেস্ট খেলার জন্য এখনো উপযুক্ত হয় নি, আইসিসির উচিত বাংলাদেশ কে টেস্ট থেকে বরখাস্ত করা।"
text withheld: corpus licence does not permit redistribution,0,0.0,banglasarc,"বড়দের দোয়া খুবই জরুরি,কারণ কেউ কেউ বলে থাকেন ,বাপ ছাড়া দোয়ায় পোয়া হয়।","বড়দের দোয়া খুবই জরুরি,কারণ কেউ কেউ বলে থাকেন ,বাপ ছাড়া দোয়ায় পোয়া হয়।"
text withheld: corpus licence does not permit redistribution,1,1.0,banglasarc,যদি সবকিছু ঠিকঠাক চলছে বলে মনে হয় তবে আপনি অবশ্যই কিছু উপেক্ষা করেছেন।,যদি সবকিছু ঠিকঠাক চলছে বলে মনে হয় তবে আপনি অবশ্যই কিছু উপেক্ষা করেছেন।
text withheld: corpus licence does not permit redistribution,0,0.0,banglasarc,ভগবান তারাতাড়ি সুস্হ করে তুলবেন,ভগবান তারাতাড়ি সুস্হ করে তুলবেন
text withheld: corpus licence does not permit redistribution,0,0.0,banglasarc,এই যে টিশার্টের জন্য এই দিকে তাকান!!! এই দুই লিঙ্কে গেলে সব পাবেন।,এই যে টিশার্টের জন্য এই দিকে তাকান!!! এই দুই লিঙ্কে গেলে সব পাবেন।
text withheld: corpus licence does not permit redistribution,0,0.0,banglasarc,ভুল বুঝার জন্য ধন্যবাদ।। তাই এমন কোন কথা বলা ঠিক না যেগুলা মূখ্যতার পরিচয় দেই।।।।কেও ভুল বুঝতে পারলে আল্লাহ কাছে ক্ষমা চাইলে আল্লাহ মাফ করে দেন।।দয়া করে অতি উৎসাহ হয়ে আমরা আর কোন ফালতু কথা কমেন্ট না করি কারন আল্লাহ ক্ষমাশীল আর আল্লাহ উনাকে মাফ করে দিবেন কারন উনি ভুল বুঝতে ফেরেছেন।।,ভুল বুঝার জন্য ধন্যবাদ।। তাই এমন কোন কথা বলা ঠিক না যেগুলা মূখ্যতার পরিচয় দেই।।।।কেও ভুল বুঝতে পারলে আল্লাহ কাছে ক্ষমা চাইলে আল্লাহ মাফ করে দেন।।দয়া করে অতি উৎসাহ হয়ে আমরা আর কোন ফালতু কথা কমেন্ট না করি কারন আল্লাহ ক্ষমাশীল আর আল্লাহ উনাকে মাফ করে দিবেন কারন উনি ভুল বুঝতে ফেরেছেন।।
text withheld: corpus licence does not permit redistribution,0,0.0,banglasarc,"সুবহানাল্লাহ্, কি অপরূপ আল্লাহ্ র সৃষ্টি!","সুবহানাল্লাহ্, কি অপরূপ আল্লাহ্ র সৃষ্টি!"
text withheld: corpus licence does not permit redistribution,0,0.0,banglasarc,ইফতারের পর কমেন্ট করবো ....!!,ইফতারের পর কমেন্ট করবো ....!!
text withheld: corpus licence does not permit redistribution,1,1.0,banglasarc,আমি কটাক্ষ পছন্দ করি এটি মুখে খোঁচা দেওয়ার মতো তবে শব্দের সাথে,আমি কটাক্ষ পছন্দ করি এটি মুখে খোঁচা দেওয়ার মতো তবে শব্দের সাথে
text withheld: corpus licence does not permit redistribution,1,1.0,banglasarc,আপনি যখন আমার সাথে কথা বলছেন তখন মুখ বন্ধ করুন।,আপনি যখন আমার সাথে কথা বলছেন তখন মুখ বন্ধ করুন।
text withheld: corpus licence does not permit redistribution,0,0.0,banglasarc,হেফাজত মানে সেক্স করা ...হা হা হা৷,হেফাজত মানে সেক্স করা ...হা হা হা৷
text withheld: corpus licence does not permit redistribution,0,0.0,banglasarc,তুমি বাংলার গর্ব।,তুমি বাংলার গর্ব।
text withheld: corpus licence does not permit redistribution,1,1.0,banglasarc,আপনার সাফল্য উদযাপন।আপনার ব্যর্থতায় কিছু রসিকতা সন্ধান করুন।,আপনার সাফল্য উদযাপন।আপনার ব্যর্থতায় কিছু রসিকতা সন্ধান করুন।
text withheld: corpus licence does not permit redistribution,0,0.0,banglasarc,"সবুজ ঘাসের দেশ যখন সে চোখে দেখে দারুচিনি–দ্বীপের ভিতর, তেমনি দেখেছি তারে অন্ধকারে; বলেছে সে, ‘এতোদিন কোথায় ছিলেন?’ পাখির নীড়ের মতো চোখ তুলে নাটোরের বনলতা সেন|❤️�","সবুজ ঘাসের দেশ যখন সে চোখে দেখে দারুচিনি–দ্বীপের ভিতর, তেমনি দেখেছি তারে অন্ধকারে; বলেছে সে, ‘এতোদিন কোথায় ছিলেন?’ পাখির নীড়ের মতো চোখ তুলে নাটোরের বনলতা সেন|❤️�"
text withheld: corpus licence does not permit redistribution,0,0.0,banglasarc,বুঝিতে পারিলাম আমাদের দেশে নীরবে নীরবে নাস্তিকতার ব্যপক প্রসার ঘটিয়াছে।।,বুঝিতে পারিলাম আমাদের দেশে নীরবে নীরবে নাস্তিকতার ব্যপক প্রসার ঘটিয়াছে।।
text withheld: corpus licence does not permit redistribution,0,0.0,banglasarc,"ভুলে যাবেন না আল্লাহ আছেন, উনি সব দেখচ্ছেন।","ভুলে যাবেন না আল্লাহ আছেন, উনি সব দেখচ্ছেন।"
text withheld: corpus licence does not permit redistribution,0,0.0,banglasarc,বিয়ের মেকাপ রিসেপশন অব্দি টিকায় রাখার চিন্তা মনে হয় কমবেশি সব ব্রাইডের ই হয়।,বিয়ের মেকাপ রিসেপশন অব্দি টিকায় রাখার চিন্তা মনে হয় কমবেশি সব ব্রাইডের ই হয়।
text withheld: corpus licence does not permit redistribution,0,0.0,banglasarc,আসা করি ১দিন বাংলা দেশ কেই গর্বিত করাবেন 🙂,আসা করি ১দিন বাংলা দেশ কেই গর্বিত করাবেন 🙂
text withheld: corpus licence does not permit redistribution,1,1.0,banglasarc,বিধি বিশ্বাস।অবশ্যই আমি করি.যদি কোনও নিয়ম না থাকে তবে আপনি কীভাবে সেগুলি ভেঙে ফেলতে পারেন?,বিধি বিশ্বাস।অবশ্যই আমি করি.যদি কোনও নিয়ম না থাকে তবে আপনি কীভাবে সেগুলি ভেঙে ফেলতে পারেন?
text withheld: corpus licence does not permit redistribution,1,1.0,banglasarc,নতুন পোপ হ'ল প্রেম এবং আনন্দ ছড়িয়ে দেওয়ার বিষয়ে এবং ডুম এবং অন্ধকার নয়।,নতুন পোপ হ'ল প্রেম এবং আনন্দ ছড়িয়ে দেওয়ার বিষয়ে এবং ডুম এবং অন্ধকার নয়।
text withheld: corpus licence does not permit redistribution,1,1.0,banglasarc,আমি অনুমান করছি তিনি মনে করেন আপনি প্রতি বছর মোট নয়,আমি অনুমান করছি তিনি মনে করেন আপনি প্রতি বছর মোট নয়
text withheld: corpus licence does not permit redistribution,0,0.0,banglasarc,অভিনয় হোক বা বাস্তবতা. আসলেই খুব ভালো লাগলো নাটক টী।দুজনে অভিনয়টা অনেক অনেক সুন্দর হয়েছে।,অভিনয় হোক বা বাস্তবতা. আসলেই খুব ভালো লাগলো নাটক টী।দুজনে অভিনয়টা অনেক অনেক সুন্দর হয়েছে।
text withheld: corpus licence does not permit redistribution,1,1.0,banglasarc,আমার প্রতিবেশীর ডায়েরি বলে যে আমার সীমানা সংক্রান্ত সমস্যা রয়েছে।,আমার প্রতিবেশীর ডায়েরি বলে যে আমার সীমানা সংক্রান্ত সমস্যা রয়েছে।
text withheld: corpus licence does not permit redistribution,0,0.0,banglasarc,অসাধারণ হয়েছে রিমু আপু অনেক অনেক শুভেচ্ছা অভিনন্দন,অসাধারণ হয়েছে রিমু আপু অনেক অনেক শুভেচ্ছা অভিনন্দন
text withheld: corpus licence does not permit redistribution,0,0.0,banglasarc,কমেন্ট দেখে ব্যাপক বিনোদন পাচ্ছি 🐸,কমেন্ট দেখে ব্যাপক বিনোদন পাচ্ছি 🐸
text withheld: corpus licence does not permit redistribution,1,1.0,banglasarc,"ছেলে: ""আপনি আমার টাইপ নন।""মেয়ে: ""কেন,‘ কারণ আমি পড়তে পারি? ""","ছেলে: ""আপনি আমার টাইপ নন।""মেয়ে: ""কেন,‘ কারণ আমি পড়তে পারি? """
text withheld: corpus licence does not permit redistribution,1,1.0,banglasarc,"জীবন একটি জাহাজ ধ্বংস, তবে আমাদের অবশ্যই লাইফবোটগুলিতে গান করতে ভুলব না।","জীবন একটি জাহাজ ধ্বংস, তবে আমাদের অবশ্যই লাইফবোটগুলিতে গান করতে ভুলব না।"
text withheld: corpus licence does not permit redistribution,0,0.0,banglasarc,"মানুষের মধ্যে সবচেয়ে উত্তম ব্যক্তি সেই, যে মানুষের উপকার করে।","মানুষের মধ্যে সবচেয়ে উত্তম ব্যক্তি সেই, যে মানুষের উপকার করে।"
text withheld: corpus licence does not permit redistribution,0,0.0,banglasarc,কত রে ঢং দেখাইলি রে পাদনি,কত রে ঢং দেখাইলি রে পাদনি
text withheld: corpus licence does not permit redistribution,0,0.0,banglasarc,অভিযোগ দিছো ভালো কথা কিন্তু তুই ভুয়া তথ্য দিলি কেন??,অভিযোগ দিছো ভালো কথা কিন্তু তুই ভুয়া তথ্য দিলি কেন??
text withheld: corpus licence does not permit redistribution,0,0.0,banglasarc,খুব ভালো লাগে,খুব ভালো লাগে
text withheld: corpus licence does not permit redistribution,1,1.0,banglasarc,"আমেন বিচক্ষণ মাদারফুকারস, কিছু শিখুন।","আমেন বিচক্ষণ মাদারফুকারস, কিছু শিখুন।"
text withheld: corpus licence does not permit redistribution,1,1.0,banglasarc,"""আমার কাছে এটি ব্যাখ্যা করার মতো সময় বা ক্রাইওন নেই।""","""আমার কাছে এটি ব্যাখ্যা করার মতো সময় বা ক্রাইওন নেই।"""
text withheld: corpus licence does not permit redistribution,1,1.0,banglasarc,"আমি শান্ত দেখতে পাচ্ছি, তবে আমার মনের ভিতরে, আমি আপনাকে 20 বার, 5 মিনিটের মধ্যে 20 টি বিভিন্ন উপায়ে হত্যা করেছি।","আমি শান্ত দেখতে পাচ্ছি, তবে আমার মনের ভিতরে, আমি আপনাকে 20 বার, 5 মিনিটের মধ্যে 20 টি বিভিন্ন উপায়ে হত্যা করেছি।"
text withheld: corpus licence does not permit redistribution,1,1.0,banglasarc,"""আমার বৃত্তটি এত ছোট, আমি প্রায় নিজেকে কেটে ফেলেছি।""","""আমার বৃত্তটি এত ছোট, আমি প্রায় নিজেকে কেটে ফেলেছি।"""
text withheld: corpus licence does not permit redistribution,0,0.0,banglasarc,খোদার গজব সব এই জায়গায়,খোদার গজব সব এই জায়গায়
text withheld: corpus licence does not permit redistribution,0,0.0,banglasarc,মানবতা বেঁচে থাকুক সবার মাঝে।😊❤️ #pray_for_chittagong,মানবতা বেঁচে থাকুক সবার মাঝে।😊❤️ #pray_for_chittagong
text withheld: corpus licence does not permit redistribution,0,0.0,banglasarc,কালো কালো করিস নে লো...o গোয়ালের ঝি..আমায় বিধাতা করিছে কালো ! আমি করবো কি🖤✨,কালো কালো করিস নে লো...o গোয়ালের ঝি..আমায় বিধাতা করিছে কালো ! আমি করবো কি🖤✨
text withheld: corpus licence does not permit redistribution,0,0.0,banglasarc,"ডয়চে ভেলে বাকস্বাধীনতার পক্ষে৷ আর আমরা শুধু নাস্তিকদের মতামত নয়, সবপক্ষের মতামতই তুলে ধরার চেষ্টা করছি৷ আমাদের নতুন আয়োজন #dwalaap সম্পর্কে বিস্তারিত জানতে ভিজিট করুন: http://www.dw.com/alaap","ডয়চে ভেলে বাকস্বাধীনতার পক্ষে৷ আর আমরা শুধু নাস্তিকদের মতামত নয়, সবপক্ষের মতামতই তুলে ধরার চেষ্টা করছি৷ আমাদের নতুন আয়োজন #dwalaap সম্পর্কে বিস্তারিত জানতে ভিজিট করুন: http://www.dw.com/alaap"
text withheld: corpus licence does not permit redistribution,0,0.0,banglasarc,মহান আল্লাহ তাকে জান্নাতবাসী করুক আমিন,মহান আল্লাহ তাকে জান্নাতবাসী করুক আমিন
text withheld: corpus licence does not permit redistribution,1,1.0,banglasarc,এটি দেখতে অনেকটা দেখতে শুরু হয়েছে,এটি দেখতে অনেকটা দেখতে শুরু হয়েছে
text withheld: corpus licence does not permit redistribution,1,1.0,banglasarc,এর অর্থ সাধারণত তারা 5 বছরের অভিজ্ঞতার সাথে কাউকে চায় এবং এন্ট্রি লেভেল মজুরির জন্য কাজ করতে ইচ্ছুক নৈতিকতা।,এর অর্থ সাধারণত তারা 5 বছরের অভিজ্ঞতার সাথে কাউকে চায় এবং এন্ট্রি লেভেল মজুরির জন্য কাজ করতে ইচ্ছুক নৈতিকতা।
text withheld: corpus licence does not permit redistribution,0,0.0,banglasarc,আমার মনে হয় বড় অংশ ভুট দিতে যাবে না বললে ভাল হত,আমার মনে হয় বড় অংশ ভুট দিতে যাবে না বললে ভাল হত
text withheld: corpus licence does not permit redistribution,0,0.0,banglasarc,দূনীতির বিষয়টা ও উল্ল্যেখ করে রাইখেন,দূনীতির বিষয়টা ও উল্ল্যেখ করে রাইখেন
text withheld: corpus licence does not permit redistribution,0,0.0,banglasarc,অসংখ্য ধন্যবাদ,অসংখ্য ধন্যবাদ
text withheld: corpus licence does not permit redistribution,0,0.0,banglasarc,ছাত্রলীগ এ কাজ করে কি ভাবে।।পাশে থেকে উৎসাহ দিতে পারে।।যার কাজ তাকেই করতে হবে।।।সহায়তা করবে ছাত্রলীগ,ছাত্রলীগ এ কাজ করে কি ভাবে।।পাশে থেকে উৎসাহ দিতে পারে।।যার কাজ তাকেই করতে হবে।।।সহায়তা করবে ছাত্রলীগ
text withheld: corpus licence does not permit redistribution,0,0.0,banglasarc,সমরে আমরা শান্তিতে আমরা সর্বত্র আমরা,সমরে আমরা শান্তিতে আমরা সর্বত্র আমরা
text withheld: corpus licence does not permit redistribution,0,0.0,banglasarc,চাইলেই সব করা যায় না। কিছু সৃতি নিজেকে পাল্টাতে দেয়৷ নাহ,চাইলেই সব করা যায় না। কিছু সৃতি নিজেকে পাল্টাতে দেয়৷ নাহ
text withheld: corpus licence does not permit redistribution,1,1.0,banglasarc,"কখনও কখনও আমি আশা করি আমি একজন সুন্দর ব্যক্তি ছিলাম, তবে তারপরে আমি হাসি এবং আমার দিনটি চালিয়ে যাই।","কখনও কখনও আমি আশা করি আমি একজন সুন্দর ব্যক্তি ছিলাম, তবে তারপরে আমি হাসি এবং আমার দিনটি চালিয়ে যাই।"
text withheld: corpus licence does not permit redistribution,1,1.0,banglasarc,একসময় আমি মিষ্টি এবং নির্দোষ ছিলাম।এবং তারপর ছি ছি,একসময় আমি মিষ্টি এবং নির্দোষ ছিলাম।এবং তারপর ছি ছি
text withheld: corpus licence does not permit redistribution,0,0.0,banglasarc,হলিউড ফেইল করায় দিলেন দেখি,হলিউড ফেইল করায় দিলেন দেখি
text withheld: corpus licence does not permit redistribution,1,1.0,banglasarc,সর্বদা মনে রাখবেন: আপনি অন্য সবার মতোই অনন্য।,সর্বদা মনে রাখবেন: আপনি অন্য সবার মতোই অনন্য।
text withheld: corpus licence does not permit redistribution,0,0.0,banglasarc,আপনাদের জন্য রইল শুভ কামনা,আপনাদের জন্য রইল শুভ কামনা
text withheld: corpus licence does not permit redistribution,1,1.0,banglasarc,"10 বছর, 10,000,000 ডকুমেন্টস, 0 সংশোধন।","10 বছর, 10,000,000 ডকুমেন্টস, 0 সংশোধন।"
text withheld: corpus licence does not permit redistribution,0,0.0,banglasarc,শুশুক মানে তো ডলফিন তাই না ভাই?,শুশুক মানে তো ডলফিন তাই না ভাই?
text withheld: corpus licence does not permit redistribution,0,0.0,banglasarc,দালালদের অবস্থা এমনই হয়।,দালালদের অবস্থা এমনই হয়।
text withheld: corpus licence does not permit redistribution,1,1.0,banglasarc,আমার ব্যঙ্গাত্মক স্তরটি এমন পর্যায়ে পৌঁছেছে যেখানে আমি জানি না আমি মজা করছি কি না।,আমার ব্যঙ্গাত্মক স্তরটি এমন পর্যায়ে পৌঁছেছে যেখানে আমি জানি না আমি মজা করছি কি না।
text withheld: corpus licence does not permit redistribution,0,0.0,banglasarc,"যে কোন সমাজেই সংখ্যাগরিষ্ঠের দায় থাকে, দায়িত্ব কাঁধে তুলে নেবার। অন্যথা হলে, যা হয়, তা হয়েছে বাংলাদেশে। হিন্দুদের সংখ্যা কমতে কমতে এখন, গ্রাম-গঞ্জের হিন্দু নামগুলো আছে, মানুষগুলো নেই। এতে সাংস্কৃতিক দিক থেকে যে অপূরণীয় ক্ষতি বাংলাদেশের হয়েছে, তা পুষিয়ে নেবার মত নয়। ""ভারতীয় উপমহাদেশে এরকম দৃশ্যই দেখতে চাই। হিন্দুর ওপর অত্যাচার হলে মুসলমান প্রতিবাদ করবে, মুসলমানের ওপর হলে হিন্দু করবে প্রতিবাদ। এই সহযোগিতা, এই সহমর্মিতাই পৃথিবীকে সুন্দর করবে।""--- এই বোধ যত দ্রুত জাগ্রত হবে, ততই মঙ্গল।","যে কোন সমাজেই সংখ্যাগরিষ্ঠের দায় থাকে, দায়িত্ব কাঁধে তুলে নেবার। অন্যথা হলে, যা হয়, তা হয়েছে বাংলাদেশে। হিন্দুদের সংখ্যা কমতে কমতে এখন, গ্রাম-গঞ্জের হিন্দু নামগুলো আছে, মানুষগুলো নেই। এতে সাংস্কৃতিক দিক থেকে যে অপূরণীয় ক্ষতি বাংলাদেশের হয়েছে, তা পুষিয়ে নেবার মত নয়। ""ভারতীয় উপমহাদেশে এরকম দৃশ্যই দেখতে চাই। হিন্দুর ওপর অত্যাচার হলে মুসলমান প্রতিবাদ করবে, মুসলমানের ওপর হলে হিন্দু করবে প্রতিবাদ। এই সহযোগিতা, এই সহমর্মিতাই পৃথিবীকে সুন্দর করবে।""--- এই বোধ যত দ্রুত জাগ্রত হবে, ততই মঙ্গল।"
text withheld: corpus licence does not permit redistribution,0,0.0,banglasarc,সামনে ঈদ তাই করোনা আবার ঈদ করতে আইছে,সামনে ঈদ তাই করোনা আবার ঈদ করতে আইছে
text withheld: corpus licence does not permit redistribution,0,0.0,banglasarc,তোমার এই হাত ধরতে চায়,তোমার এই হাত ধরতে চায়
text withheld: corpus licence does not permit redistribution,1,1.0,banglasarc,পাংস সাহিত্যের সর্বোচ্চ রূপ।,পাংস সাহিত্যের সর্বোচ্চ রূপ।
text withheld: corpus licence does not permit redistribution,0,0.0,banglasarc,ভোটের রেজাল্ট পাইয়্যা গেছি,ভোটের রেজাল্ট পাইয়্যা গেছি
text withheld: corpus licence does not permit redistribution,0,0.0,banglasarc,বোম্বার ক্যাপশন আগুন আগুন,বোম্বার ক্যাপশন আগুন আগুন
text withheld: corpus licence does not permit redistribution,0,0.0,banglasarc,সঠিক বিচারের দাবি করছি,সঠিক বিচারের দাবি করছি
text withheld: corpus licence does not permit redistribution,0,0.0,banglasarc,নিজের সৌন্দর্য এভাবে প্রকাশ করতে হয় না,নিজের সৌন্দর্য এভাবে প্রকাশ করতে হয় না
text withheld: corpus licence does not permit redistribution,0,0.0,banglasarc,"আপনি কি লাইভে এসে আজ পর্যন্ত কোন বাক্য শুদ্ধ বাংলায় শেষ করতে পেরেছেন?আপনার ভাবটা এমন যে ,মেকআপ একমাত্র বিদ্যা যার উপর ডক্টরেট করে আপনি নোবেল বিজয়ী সবজান্তা সমশের।নেকামি বন্ধ করে সোজা স্পষ্ট কথা বলতে চেষ্টা করুন।","আপনি কি লাইভে এসে আজ পর্যন্ত কোন বাক্য শুদ্ধ বাংলায় শেষ করতে পেরেছেন?আপনার ভাবটা এমন যে ,মেকআপ একমাত্র বিদ্যা যার উপর ডক্টরেট করে আপনি নোবেল বিজয়ী সবজান্তা সমশের।নেকামি বন্ধ করে সোজা স্পষ্ট কথা বলতে চেষ্টা করুন।"
text withheld: corpus licence does not permit redistribution,1,1.0,banglasarc,তাদের দ্রুত পা বোই পেয়েছি,তাদের দ্রুত পা বোই পেয়েছি
text withheld: corpus licence does not permit redistribution,0,0.0,banglasarc,সময় মত পিপিই না দিয়ে চিকিৎসা করানোর ফল। মরার পর যত আফসোস,সময় মত পিপিই না দিয়ে চিকিৎসা করানোর ফল। মরার পর যত আফসোস
text withheld: corpus licence does not permit redistribution,0,0.0,banglasarc,"মনে হয় তুই আমার হবি, একদম’ই আমার।","মনে হয় তুই আমার হবি, একদম’ই আমার।"
text withheld: corpus licence does not permit redistribution,0,0.0,banglasarc,ভাই আমি তিস্তা পাড়ের মানুষ। ধন্যবাদ এই টপিকে কথা বলার জন্য,ভাই আমি তিস্তা পাড়ের মানুষ। ধন্যবাদ এই টপিকে কথা বলার জন্য
text withheld: corpus licence does not permit redistribution,0,0.0,banglasarc,প্রাণ সেই মুহূর্তগুলোকে পরিপূর্ণতায় প্রকাশ করে 'জীবনের স্বাদ' রূপে।,প্রাণ সেই মুহূর্তগুলোকে পরিপূর্ণতায় প্রকাশ করে 'জীবনের স্বাদ' রূপে।
text withheld: corpus licence does not permit redistribution,1,1.0,banglasarc,সততা সেরা নীতি হতে পারে তবে উন্মাদনা হ'ল সেরা প্রতিরক্ষা।,সততা সেরা নীতি হতে পারে তবে উন্মাদনা হ'ল সেরা প্রতিরক্ষা।
text withheld: corpus licence does not permit redistribution,0,0.0,banglasarc,আচ্ছা আমার একটু লজ্জা পাওয়া উচিত,আচ্ছা আমার একটু লজ্জা পাওয়া উচিত
text withheld: corpus licence does not permit redistribution,0,0.0,banglasarc,সন্তান নি,সন্তান নি
text withheld: corpus licence does not permit redistribution,1,1.0,banglasarc,"আমি লোকদের সম্পর্কে যত বেশি শিখি, আমি আমার কুকুরটিকে তত বেশি পছন্দ করি।","আমি লোকদের সম্পর্কে যত বেশি শিখি, আমি আমার কুকুরটিকে তত বেশি পছন্দ করি।"
text withheld: corpus licence does not permit redistribution,0,0.0,banglasarc,অল্প পরিচয়ে কারো সাথে ডেটিং করা ঠিক না,অল্প পরিচয়ে কারো সাথে ডেটিং করা ঠিক না
text withheld: corpus licence does not permit redistribution,0,0.0,banglasarc,দেশের অর্থনীতি মুখ থুবড়ে পড়েছে।,দেশের অর্থনীতি মুখ থুবড়ে পড়েছে।
text withheld: corpus licence does not permit redistribution,0,0.0,banglasarc,সামনে করোনা তাই আবার লকডাউন দেন। দ্রবমূল্যের দাম বাড়ানো দরকার সরকার।,সামনে করোনা তাই আবার লকডাউন দেন। দ্রবমূল্যের দাম বাড়ানো দরকার সরকার।
text withheld: corpus licence does not permit redistribution,1,1.0,banglasarc,"অনেক লোক উচ্চতা থেকে ভয় পায়।আমি না, আমি প্রস্থের ভয় পাই।","অনেক লোক উচ্চতা থেকে ভয় পায়।আমি না, আমি প্রস্থের ভয় পাই।"
text withheld: corpus licence does not permit redistribution,1,1.0,banglasarc,"বাহ, এর আগে শুনিনি।","বাহ, এর আগে শুনিনি।"
text withheld: corpus licence does not permit redistribution,0,0.0,banglasarc,গুড হিরো আলম ভাই,গুড হিরো আলম ভাই
text withheld: corpus licence does not permit redistribution,0,0.0,banglasarc,"আল্লাহ যাকে ইচ্ছা হেদায়াত দান করে থাকেন!""","আল্লাহ যাকে ইচ্ছা হেদায়াত দান করে থাকেন!"""
text withheld: corpus licence does not permit redistribution,0,0.0,banglasarc,যায়েদ খান একটা বাল। এই বাল বাংলা চলচিত্রে আসার পর থেকেই বাংলা চলচ্চিত্রের চেতনা দন্ড আর খারায় না,যায়েদ খান একটা বাল। এই বাল বাংলা চলচিত্রে আসার পর থেকেই বাংলা চলচ্চিত্রের চেতনা দন্ড আর খারায় না
text withheld: corpus licence does not permit redistribution,0,0.0,banglasarc,"হে ইমানদারগণ!তোমাদের কী হলো, যখনই তোমাদের আল্লাহর পথে বের হতে বলা হলো, অমনি তোমরা মাটি কামড়ে পড়ে থাকলে? তোমরা কি আখেরাতের মোকাবিলায় দুনিয়ার জীবন পছন্দ করে নিয়েছ? যদি তাই হয়, তাহলে তোমরা মনে রেখো, দুনিয়ার জীবনের এমন সাজ-সরঞ্জাম আখেরাতে খুব সামান্য বলে প্রমাণিত হবে।(সুরা: তাওবা, আয়াত-৩৮)নিশ্চয় যারা তাদের পালনকর্তাকে না দেখে ভয় করে, তাদের জন্যে রয়েছে ক্ষমা ও মহাপুরস্কার।(সুরা মুলক ৬৭:১২)আবু হুরায়রা (রাঃ) হ’তে বর্ণিত, তিনি বলেন, রাসূলুল্লাহ (ছাঃ) বলেছেন, ‘আমার উম্মতের সকলেই জান্নাতে প্রবেশ করবে, তবে যারা অস্বীকার করেছে তারা ব্যতীত। ছাহাবীগণ জিজ্ঞেস করলেন, হে আল্লাহর রাসূল (ছাঃ)! কে অস্বীকার করে? তিনি বললেন, যে ব্যক্তি আমার দ্বীনের আনুগত্য করবে, সে জান্নাতে প্রবেশ করবে, আর যে ব্যক্তি আমাকে অমান্য করবে সেই অস্বীকার করে’। (বুখারী হা/৭২৮০)নভোমন্ডল ও ভূমন্ডলের রাজত্ব আল্লাহরই। তিনি যাকে ইচ্ছা ক্ষমা করেন এবং যাকে ইচ্ছা শাস্তি দেন। তিনি ক্ষমাশীল, পরম মেহেরবান’ (ফাতাহ ১৩-১৪)আল্লাহ্ আমাদের সবাইকে ক্ষমা করুন...আমীন!","হে ইমানদারগণ!তোমাদের কী হলো, যখনই তোমাদের আল্লাহর পথে বের হতে বলা হলো, অমনি তোমরা মাটি কামড়ে পড়ে থাকলে? তোমরা কি আখেরাতের মোকাবিলায় দুনিয়ার জীবন পছন্দ করে নিয়েছ? যদি তাই হয়, তাহলে তোমরা মনে রেখো, দুনিয়ার জীবনের এমন সাজ-সরঞ্জাম আখেরাতে খুব সামান্য বলে প্রমাণিত হবে।(সুরা: তাওবা, আয়াত-৩৮)নিশ্চয় যারা তাদের পালনকর্তাকে না দেখে ভয় করে, তাদের জন্যে রয়েছে ক্ষমা ও মহাপুরস্কার।(সুরা মুলক ৬৭:১২)আবু হুরায়রা (রাঃ) হ’তে বর্ণিত, তিনি বলেন, রাসূলুল্লাহ (ছাঃ) বলেছেন, ‘আমার উম্মতের সকলেই জান্নাতে প্রবেশ করবে, তবে যারা অস্বীকার করেছে তারা ব্যতীত। ছাহাবীগণ জিজ্ঞেস করলেন, হে আল্লাহর রাসূল (ছাঃ)! কে অস্বীকার করে? তিনি বললেন, যে ব্যক্তি আমার দ্বীনের আনুগত্য করবে, সে জান্নাতে প্রবেশ করবে, আর যে ব্যক্তি আমাকে অমান্য করবে সেই অস্বীকার করে’। (বুখারী হা/৭২৮০)নভোমন্ডল ও ভূমন্ডলের রাজত্ব আল্লাহরই। তিনি যাকে ইচ্ছা ক্ষমা করেন এবং যাকে ইচ্ছা শাস্তি দেন। তিনি ক্ষমাশীল, পরম মেহেরবান’ (ফাতাহ ১৩-১৪)আল্লাহ্ আমাদের সবাইকে ক্ষমা করুন...আমীন!"
text withheld: corpus licence does not permit redistribution,0,0.0,banglasarc,"ফাটাফাটি হইছে, এই দেশ তুমার মুল্য বুঝলো না। আচোদা ভুদাই মোল্লারা ট্রল করবে","ফাটাফাটি হইছে, এই দেশ তুমার মুল্য বুঝলো না। আচোদা ভুদাই মোল্লারা ট্রল করবে"
text withheld: corpus licence does not permit redistribution,0,0.0,banglasarc,আমাদের জন্য দোয়ার দরখাস্ত রইল,আমাদের জন্য দোয়ার দরখাস্ত রইল
text withheld: corpus licence does not permit redistribution,0,0.0,banglasarc,আপনাদের ওখানেও দেখি ক্ষেত খামারের ক্ষতি হয়।,আপনাদের ওখানেও দেখি ক্ষেত খামারের ক্ষতি হয়।
text withheld: corpus licence does not permit redistribution,0,0.0,banglasarc,শুনেছি হুজুগে বাঙ্গালী মানে একজন যা করে সবাই তা করে আগুন লাগার ক্ষেত্রেও তাই দেখতেসি🙂,শুনেছি হুজুগে বাঙ্গালী মানে একজন যা করে সবাই তা করে আগুন লাগার ক্ষেত্রেও তাই দেখতেসি🙂
text withheld: corpus licence does not permit redistribution,0,0.0,banglasarc,প্রশ্ন: সাফা আপু তুমি যাকে বাবা বল সে কি তোমার জন্ম দিয়েছে এটা কি তুমি বিশ্বাস করো?উত্তর: সাফা না আমি বিশ্বাস করি না যা দেখি না তা বিশ্বাস করি না। তাই আমি সাফা বলছি আমি একটা জারজ সন্তান।,প্রশ্ন: সাফা আপু তুমি যাকে বাবা বল সে কি তোমার জন্ম দিয়েছে এটা কি তুমি বিশ্বাস করো?উত্তর: সাফা না আমি বিশ্বাস করি না যা দেখি না তা বিশ্বাস করি না। তাই আমি সাফা বলছি আমি একটা জারজ সন্তান।
text withheld: corpus licence does not permit redistribution,0,0.0,banglasarc,সিলেট জেলার গোয়াইনঘাট উপজেলার মানুষ পানিবন্ধি! স্মরণকালের ভয়াবহ বন্যা!,সিলেট জেলার গোয়াইনঘাট উপজেলার মানুষ পানিবন্ধি! স্মরণকালের ভয়াবহ বন্যা!
text withheld: corpus licence does not permit redistribution,0,0.0,banglasarc,অপূর্ব সুন্দর,অপূর্ব সুন্দর
text withheld: corpus licence does not permit redistribution,1,1.0,banglasarc,"ঠিক আছে ইইউ কমিশন 5 বছরের মধ্যে একটি সেনাবাহিনী চায়, সুতরাং লোকেরা যখন বাইরে যেতে চায় ততক্ষণে তাদের সত্যিকারের ইইউ সেনাবাহিনী তাদের জোর করে রেখে দিতে পারে।","ঠিক আছে ইইউ কমিশন 5 বছরের মধ্যে একটি সেনাবাহিনী চায়, সুতরাং লোকেরা যখন বাইরে যেতে চায় ততক্ষণে তাদের সত্যিকারের ইইউ সেনাবাহিনী তাদের জোর করে রেখে দিতে পারে।"
text withheld: corpus licence does not permit redistribution,0,0.0,banglasarc,এই কবিকে কোথাও যেন দেখেছি মনে হচ্ছে,এই কবিকে কোথাও যেন দেখেছি মনে হচ্ছে
text withheld: corpus licence does not permit redistribution,0,0.0,banglasarc,"ভাগ্য ভালো বাংলাদেশের কোন চিড়িয়াখানায় দেখা যায়, না হয় হাসান মাসুদ সাহেব বলে দিতেন যে, বিএনপি জামায়াতের কর্মী জিনের বেশে, দেশে বিশৃঙ্খলা সৃষ্টি করার জন্য প্রস্তুত হচ্ছে।","ভাগ্য ভালো বাংলাদেশের কোন চিড়িয়াখানায় দেখা যায়, না হয় হাসান মাসুদ সাহেব বলে দিতেন যে, বিএনপি জামায়াতের কর্মী জিনের বেশে, দেশে বিশৃঙ্খলা সৃষ্টি করার জন্য প্রস্তুত হচ্ছে।"
text withheld: corpus licence does not permit redistribution,0,0.0,banglasarc,আপু তুমি তো এমনিতেই সুন্দর তোমার ফেসিয়াল করার দরকার নাই আর ভাইয়া তো এভারগ্রীন,আপু তুমি তো এমনিতেই সুন্দর তোমার ফেসিয়াল করার দরকার নাই আর ভাইয়া তো এভারগ্রীন
text withheld: corpus licence does not permit redistribution,0,0.0,banglasarc,"বাংলাদেশ সেনাবাহিনী এদেশের জন্য একটা নিবেদিত প্রাণ, আপনাদের জন্য দোয়া ও শুভকামনা রইল।","বাংলাদেশ সেনাবাহিনী এদেশের জন্য একটা নিবেদিত প্রাণ, আপনাদের জন্য দোয়া ও শুভকামনা রইল।"
text withheld: corpus licence does not permit redistribution,1,1.0,banglasarc,আমি প্রতিদিন একটি ভাল মনোভাব নিয়ে জেগে থাকি।তারপরে ইডিয়টস ঘটে।,আমি প্রতিদিন একটি ভাল মনোভাব নিয়ে জেগে থাকি।তারপরে ইডিয়টস ঘটে।
text withheld: corpus licence does not permit redistribution,0,0.0,banglasarc,সেইটাই করতেছি কারন নিজেকে অবহেলার পাএি আর বানাতে চাইনা,সেইটাই করতেছি কারন নিজেকে অবহেলার পাএি আর বানাতে চাইনা
text withheld: corpus licence does not permit redistribution,0,0.0,banglasarc,আমার দিকে তাকায়ে কোন আন্টি আজকে বিয়ে দিতে চাইলো না কেন ?,আমার দিকে তাকায়ে কোন আন্টি আজকে বিয়ে দিতে চাইলো না কেন ?
text withheld: corpus licence does not permit redistribution,0,0.0,banglasarc,দুর্নীতিবাজদের কেও জাদু ঘরে রাখা হোক। ফেরাউনের মত জাতি দেখবে দুর্নীতি বাজদের।,দুর্নীতিবাজদের কেও জাদু ঘরে রাখা হোক। ফেরাউনের মত জাতি দেখবে দুর্নীতি বাজদের।
text withheld: corpus licence does not permit redistribution,1,1.0,banglasarc,আমি তোমাকে চড় মারতাম তবে ছিটেফোঁটা ছড়িয়ে ছিটিয়ে,আমি তোমাকে চড় মারতাম তবে ছিটেফোঁটা ছড়িয়ে ছিটিয়ে
text withheld: corpus licence does not permit redistribution,1,1.0,banglasarc,"তারা বলে প্রতিটি দিন একটি উপহার!ঠিক আছে, আমি জানতে চাই যে গ্রাহক পরিষেবা কোথায় তা তাই আমি এটিকে ফিরিয়ে দিতে পারি।","তারা বলে প্রতিটি দিন একটি উপহার!ঠিক আছে, আমি জানতে চাই যে গ্রাহক পরিষেবা কোথায় তা তাই আমি এটিকে ফিরিয়ে দিতে পারি।"
text withheld: corpus licence does not permit redistribution,1,1.0,banglasarc,কারণ তিনি এক্সফিনিটি সিরিজের বাচ্চাদের সাথে ভাগ করবেন না?,কারণ তিনি এক্সফিনিটি সিরিজের বাচ্চাদের সাথে ভাগ করবেন না?
text withheld: corpus licence does not permit redistribution,0,0.0,banglasarc,"মনটা ভরে গেল এসব ভাইদের প্রতি মানবতা দেখে,, মন থেকে দোয়া করি সবার জন্য যেন এভাবেই আমরা একজন আরেকজনের পাশে দাঁড়াতে পারি সব সময়। সবার প্রতি ভালোবাসা 🥰🥰🖤💝","মনটা ভরে গেল এসব ভাইদের প্রতি মানবতা দেখে,, মন থেকে দোয়া করি সবার জন্য যেন এভাবেই আমরা একজন আরেকজনের পাশে দাঁড়াতে পারি সব সময়। সবার প্রতি ভালোবাসা 🥰🥰🖤💝"
text withheld: corpus licence does not permit redistribution,0,0.0,banglasarc,১৭ কোটি মানুষের দেশ থেকে বিশ্ব অলিম্পিকে উল্লেখযোগ্য প্রতিনিধিত্ব নাই।,১৭ কোটি মানুষের দেশ থেকে বিশ্ব অলিম্পিকে উল্লেখযোগ্য প্রতিনিধিত্ব নাই।
text withheld: corpus licence does not permit redistribution,1,1.0,banglasarc,প্রত্যেক মানুষ তিনি করেননি এমন সমস্ত ভালোর জন্য দোষী।,প্রত্যেক মানুষ তিনি করেননি এমন সমস্ত ভালোর জন্য দোষী।
text withheld: corpus licence does not permit redistribution,1,1.0,banglasarc,যদিও বর্ণবাদী!,যদিও বর্ণবাদী!
text withheld: corpus licence does not permit redistribution,0,0.0,banglasarc,আল্লাহর সৃষ্টি কতই না সুন্দর ❤️,আল্লাহর সৃষ্টি কতই না সুন্দর ❤️
text withheld: corpus licence does not permit redistribution,0,0.0,banglasarc,মন যা চাই তা করা যাবেনা বরং কুরআান হাদীস যেটা বলে সেটাই মানতে হবে! তবেই তো আমরা সফল হবো।,মন যা চাই তা করা যাবেনা বরং কুরআান হাদীস যেটা বলে সেটাই মানতে হবে! তবেই তো আমরা সফল হবো।
text withheld: corpus licence does not permit redistribution,0,0.0,banglasarc,আল্লাহ বাঁচায়ছে ইনিংস ব্যবধানে হারেনাই,আল্লাহ বাঁচায়ছে ইনিংস ব্যবধানে হারেনাই
text withheld: corpus licence does not permit redistribution,1,1.0,banglasarc,আমি সবসময় অভদ্র এবং ব্যঙ্গাত্মক নই।কখনও কখনও আমি ঘুমিয়ে আছি,আমি সবসময় অভদ্র এবং ব্যঙ্গাত্মক নই।কখনও কখনও আমি ঘুমিয়ে আছি
text withheld: corpus licence does not permit redistribution,0,0.0,banglasarc,সোনালী দিন গুলো পার করে এসেছি।,সোনালী দিন গুলো পার করে এসেছি।
text withheld: corpus licence does not permit redistribution,0,0.0,banglasarc,আমরা নোউকা খুজতেসি বড় নৌকা।,আমরা নোউকা খুজতেসি বড় নৌকা।
text withheld: corpus licence does not permit redistribution,1,1.0,banglasarc,আমি ব্যঙ্গাত্মক হওয়ার আশ্চর্যজনক শক্তির পুরো দখলে আছি।,আমি ব্যঙ্গাত্মক হওয়ার আশ্চর্যজনক শক্তির পুরো দখলে আছি।
text withheld: corpus licence does not permit redistribution,0,0.0,banglasarc,"আজকে ম্যাডাম পায়ে হাঁটছে, সবসময় অবশ্য গাড়িতে হাটেন","আজকে ম্যাডাম পায়ে হাঁটছে, সবসময় অবশ্য গাড়িতে হাটেন"
text withheld: corpus licence does not permit redistribution,0,0.0,banglasarc,কথা গুলো আরও একবার নিজেকে নিয়ে নিজে বেচে থাকার সাহস ও শক্তির জোগান দিলো....ধন্যবাদ *,কথা গুলো আরও একবার নিজেকে নিয়ে নিজে বেচে থাকার সাহস ও শক্তির জোগান দিলো....ধন্যবাদ *
text withheld: corpus licence does not permit redistribution,1,1.0,banglasarc,ইঁদুরের দৌড়ের সমস্যাটি হ'ল আপনি যদি জিতেন তবে আপনি এখনও ইঁদুর।,ইঁদুরের দৌড়ের সমস্যাটি হ'ল আপনি যদি জিতেন তবে আপনি এখনও ইঁদুর।
text withheld: corpus licence does not permit redistribution,0,0.0,banglasarc,কিগো তুমি নাকি উদীয়মান নাস্তিক। মৃত্যু কে বিশ্বাস করো তো নাকি সেটাও চোখে দেখনি। আসলে এটা তো তোমার প্রোবলেম না তোমার ফ্যামিলি দায়ী তোমাকে প্রাথমিক শিক্ষাটা দিতে পারেনি। আবার এটা বইলো না যে আল্লাহ তোমাকে সৃষ্টি করেনি তোমার বাপ তোমাকে সৃষ্টি করেছে(নাউযুবিল্লাহ) কারন তুমি তো জন্মের পরে আল্লাহ কে দেখনি দেখছো তোমার বাবাকে আবার তুমি তো না দেখে কিছুই বিশ্বাস করতে চাও না। তোমাদের মতো সব নাস্তিকদের পাওয়ার এই মাটির উপরে মাটির নিচে গেলেই তোমাদের পাওয়ার শেষ বাহাদুরি করাও শেষ আর আল্লাহ হচ্ছেন সর্ব শক্তিমান তিনি চাইলে তোমার কথা শেষ হওয়ার সাথে সাথে মৃত্যু দিতে পারতেন দিলেন না কেন জান? আল্লাহ অবিশ্বাসীদের এই পৃথিবীতে আগে অপদস্থ করেন তারপর মৃত্যু দেন তুমি এখন সেই অপদস্থকারীদের তালিকায়। নাস্তিক একটা।,কিগো তুমি নাকি উদীয়মান নাস্তিক। মৃত্যু কে বিশ্বাস করো তো নাকি সেটাও চোখে দেখনি। আসলে এটা তো তোমার প্রোবলেম না তোমার ফ্যামিলি দায়ী তোমাকে প্রাথমিক শিক্ষাটা দিতে পারেনি। আবার এটা বইলো না যে আল্লাহ তোমাকে সৃষ্টি করেনি তোমার বাপ তোমাকে সৃষ্টি করেছে(নাউযুবিল্লাহ) কারন তুমি তো জন্মের পরে আল্লাহ কে দেখনি দেখছো তোমার বাবাকে আবার তুমি তো না দেখে কিছুই বিশ্বাস করতে চাও না। তোমাদের মতো সব নাস্তিকদের পাওয়ার এই মাটির উপরে মাটির নিচে গেলেই তোমাদের পাওয়ার শেষ বাহাদুরি করাও শেষ আর আল্লাহ হচ্ছেন সর্ব শক্তিমান তিনি চাইলে তোমার কথা শেষ হওয়ার সাথে সাথে মৃত্যু দিতে পারতেন দিলেন না কেন জান? আল্লাহ অবিশ্বাসীদের এই পৃথিবীতে আগে অপদস্থ করেন তারপর মৃত্যু দেন তুমি এখন সেই অপদস্থকারীদের তালিকায়। নাস্তিক একটা।
text withheld: corpus licence does not permit redistribution,1,1.0,banglasarc,কখনও কখনও যখন আমি চোখ বন্ধ করি ... আমি দেখতে পাচ্ছি না,কখনও কখনও যখন আমি চোখ বন্ধ করি ... আমি দেখতে পাচ্ছি না
text withheld: corpus licence does not permit redistribution,1,1.0,banglasarc,"আমি কটূক্তি বুঝতে পারি, তবে আমি এই পোস্টের সাথে কীভাবে প্রাসঙ্গিক তা দেখতে ব্যর্থ হয়েছি।","আমি কটূক্তি বুঝতে পারি, তবে আমি এই পোস্টের সাথে কীভাবে প্রাসঙ্গিক তা দেখতে ব্যর্থ হয়েছি।"
text withheld: corpus licence does not permit redistribution,1,1.0,banglasarc,রান্না কেন গ্রেপ্তার হয়েছিল?তিনি একটি ডিম শুরু হয়েছিল,রান্না কেন গ্রেপ্তার হয়েছিল?তিনি একটি ডিম শুরু হয়েছিল
text withheld: corpus licence does not permit redistribution,0,0.0,banglasarc,একজন নাগরিক হিসাবে শত্রুদের ঘৃণা করা উচিত।,একজন নাগরিক হিসাবে শত্রুদের ঘৃণা করা উচিত।
text withheld: corpus licence does not permit redistribution,0,0.0,banglasarc,ভরসা করার মতো আমাদের এই দেশে যদি কোনো সরকারি আইন এর বাহিনী থাকে তাহলে সেটা নিসন্দেহে বাংলাদেশ সেনাবাহিনী..🥰,ভরসা করার মতো আমাদের এই দেশে যদি কোনো সরকারি আইন এর বাহিনী থাকে তাহলে সেটা নিসন্দেহে বাংলাদেশ সেনাবাহিনী..🥰
text withheld: corpus licence does not permit redistribution,0,0.0,banglasarc,ভাই আপনিও ভালো থাকুন।,ভাই আপনিও ভালো থাকুন।
text withheld: corpus licence does not permit redistribution,0,0.0,banglasarc,"পুটকি দেখা যাই কে, পরি??","পুটকি দেখা যাই কে, পরি??"
text withheld: corpus licence does not permit redistribution,0,0.0,banglasarc,চলে এলো দিঘী ও ইয়াশের #শেষ_চিঠি (২য় পর্ব),চলে এলো দিঘী ও ইয়াশের #শেষ_চিঠি (২য় পর্ব)
text withheld: corpus licence does not permit redistribution,0,0.0,banglasarc,"ধর্ম গ্রন্থের রেফারেন্স টানার আগে ঘটনার প্রেক্ষাপট জেনে নেবেন, ধর্মের বাণীকে পেনাল কোড হিসেবে ব্যাবহার করবেন না।","ধর্ম গ্রন্থের রেফারেন্স টানার আগে ঘটনার প্রেক্ষাপট জেনে নেবেন, ধর্মের বাণীকে পেনাল কোড হিসেবে ব্যাবহার করবেন না।"
text withheld: corpus licence does not permit redistribution,0,0.0,banglasarc,"বিয়েতে সাজার পর যদি আমারে ভূতের মত লাগে,এই ভয়ে এখনি ঘুম আসে না","বিয়েতে সাজার পর যদি আমারে ভূতের মত লাগে,এই ভয়ে এখনি ঘুম আসে না"
text withheld: corpus licence does not permit redistribution,0,0.0,banglasarc,বুঝলাম আপনি একজন ভারতীয় দালাল।,বুঝলাম আপনি একজন ভারতীয় দালাল।
text withheld: corpus licence does not permit redistribution,1,1.0,banglasarc,ভাল ভদ্র মহিলা কদাপি ইতিহাস সৃষ্টি.,ভাল ভদ্র মহিলা কদাপি ইতিহাস সৃষ্টি.
text withheld: corpus licence does not permit redistribution,0,0.0,banglasarc,এইটারে ধান কাটা বলে??? হাহাহা,এইটারে ধান কাটা বলে??? হাহাহা
text withheld: corpus licence does not permit redistribution,1,1.0,banglasarc,"“তহবিল স্থানান্তর করার একটি উপায় রয়েছে যা বৈদ্যুতিন ব্যাংকিংয়ের চেয়ে আরও দ্রুত।একে বিবাহ বলা হয়। ""","“তহবিল স্থানান্তর করার একটি উপায় রয়েছে যা বৈদ্যুতিন ব্যাংকিংয়ের চেয়ে আরও দ্রুত।একে বিবাহ বলা হয়। """
text withheld: corpus licence does not permit redistribution,0,0.0,banglasarc,ই কবিতা আবৃত্তি করে আমি আমার স্কুলে প্রথম হইছিলাম।,ই কবিতা আবৃত্তি করে আমি আমার স্কুলে প্রথম হইছিলাম।
text withheld: corpus licence does not permit redistribution,0,0.0,banglasarc,"পৃথিবী এগিয়ে যাচ্ছে,অথচ আমরা এখনও প্রাচীন চিন্তা ভাবনায় পড়ে আছি","পৃথিবী এগিয়ে যাচ্ছে,অথচ আমরা এখনও প্রাচীন চিন্তা ভাবনায় পড়ে আছি"
text withheld: corpus licence does not permit redistribution,0,0.0,banglasarc,বেচে থাকুক হাজার বছর বন্ধুত্ম।,বেচে থাকুক হাজার বছর বন্ধুত্ম।
text withheld: corpus licence does not permit redistribution,0,0.0,banglasarc,কেও আতংকিত হয়েন নাহ। নিউজ চ্যানেল টা আগে দেখেন।তাদের কাছ থেকে আজগুবি নিউজ ই আসা করা জায়,কেও আতংকিত হয়েন নাহ। নিউজ চ্যানেল টা আগে দেখেন।তাদের কাছ থেকে আজগুবি নিউজ ই আসা করা জায়
text withheld: corpus licence does not permit redistribution,0,0.0,banglasarc,"মাশা আল্লাহ, এ আর রহমান এমনিতে অনেক প্রিয়,এই পরিবারের এমন রুপ দেখে মনটা আরো ভরে গেল,দোয়া ও অভিনন্দন নতুন কাপল এর জন্য।","মাশা আল্লাহ, এ আর রহমান এমনিতে অনেক প্রিয়,এই পরিবারের এমন রুপ দেখে মনটা আরো ভরে গেল,দোয়া ও অভিনন্দন নতুন কাপল এর জন্য।"
text withheld: corpus licence does not permit redistribution,0,0.0,banglasarc,ওরে বাটপার আর কয়েকটা দিন আপেক্ষা কর দেশের মানুষ তোমাদের লেংটা কর পিটাবে ।,ওরে বাটপার আর কয়েকটা দিন আপেক্ষা কর দেশের মানুষ তোমাদের লেংটা কর পিটাবে ।
text withheld: corpus licence does not permit redistribution,0,0.0,banglasarc,"নেগেটিভ রক্তের সংকট, যাদের নেগেটিভ রক্ত তারা অতিসত্বর মেডিকেল এ যান","নেগেটিভ রক্তের সংকট, যাদের নেগেটিভ রক্ত তারা অতিসত্বর মেডিকেল এ যান"
text withheld: corpus licence does not permit redistribution,1,1.0,banglasarc,বিবাহ মাশরুমের মতো: আমরা যদি ভাল বা খারাপ হয় তবে আমরা খুব দেরিতে লক্ষ্য করি।,বিবাহ মাশরুমের মতো: আমরা যদি ভাল বা খারাপ হয় তবে আমরা খুব দেরিতে লক্ষ্য করি।
text withheld: corpus licence does not permit redistribution,1,1.0,banglasarc,"এখানে, এই দুলটি +10 ভাগ্যের জন্য নিন .... ভাগ্যের জন্য","এখানে, এই দুলটি +10 ভাগ্যের জন্য নিন .... ভাগ্যের জন্য"
text withheld: corpus licence does not permit redistribution,0,0.0,banglasarc,হে! মেয়ে শুন তোর জম্ম তুই কি দেখেছিস।তোর জম্ম তোর বাপের দ্বারা বা কুত্তার দ্বারা হয়েছে তুই জানিস।,হে! মেয়ে শুন তোর জম্ম তুই কি দেখেছিস।তোর জম্ম তোর বাপের দ্বারা বা কুত্তার দ্বারা হয়েছে তুই জানিস।
text withheld: corpus licence does not permit redistribution,0,0.0,banglasarc,ফি আমানিল্লাহ,ফি আমানিল্লাহ
text withheld: corpus licence does not permit redistribution,0,0.0,banglasarc,এদের মত....এর মতামত ও আবার প্রথম আলোর মতন পত্রিকায় প্রকাশ হয় #shame,এদের মত....এর মতামত ও আবার প্রথম আলোর মতন পত্রিকায় প্রকাশ হয় #shame
text withheld: corpus licence does not permit redistribution,1,1.0,banglasarc,"সত্য, এই আপলোড করা ভিডিও ব্যতীত আমাদের কোনও প্রমাণ নেই যে তিনি এটিকে জীবিত করে তুলেছেন!","সত্য, এই আপলোড করা ভিডিও ব্যতীত আমাদের কোনও প্রমাণ নেই যে তিনি এটিকে জীবিত করে তুলেছেন!"
text withheld: corpus licence does not permit redistribution,1,1.0,banglasarc,"আমাকে বিচার করবেন নাআমি দুর্দান্ত হওয়ার জন্য জন্মগ্রহণ করেছি, নিখুঁত নয়।","আমাকে বিচার করবেন নাআমি দুর্দান্ত হওয়ার জন্য জন্মগ্রহণ করেছি, নিখুঁত নয়।"
text withheld: corpus licence does not permit redistribution,0,0.0,banglasarc,সচেতনতার অভাব।,সচেতনতার অভাব।
text withheld: corpus licence does not permit redistribution,1,1.0,banglasarc,"তুমি আমার চা কাপ ছিল, তবে আমি এখন শ্যাম্পেন পান করি","তুমি আমার চা কাপ ছিল, তবে আমি এখন শ্যাম্পেন পান করি"
text withheld: corpus licence does not permit redistribution,0,0.0,banglasarc,বাইঞ্চুদ বাংলা বলতে পারে না। ইংলিশ মারে,বাইঞ্চুদ বাংলা বলতে পারে না। ইংলিশ মারে
text withheld: corpus licence does not permit redistribution,0,0.0,banglasarc,"তোমার চেষ্টা সার্থক,তোমার জন্যে আমাদের দেশের নাম গিনেস রেকর্ডে উঠায় বাংলাদেশ গর্বিত","তোমার চেষ্টা সার্থক,তোমার জন্যে আমাদের দেশের নাম গিনেস রেকর্ডে উঠায় বাংলাদেশ গর্বিত"
text withheld: corpus licence does not permit redistribution,1,1.0,banglasarc,আমি খারাপ নই ... আমি শুধু পাগল,আমি খারাপ নই ... আমি শুধু পাগল
text withheld: corpus licence does not permit redistribution,1,1.0,banglasarc,"""আমার দরজায় আমার কাছে স্বাগত মাদুর নেই কারণ আমি মিথ্যাবাদী নই।""","""আমার দরজায় আমার কাছে স্বাগত মাদুর নেই কারণ আমি মিথ্যাবাদী নই।"""
text withheld: corpus licence does not permit redistribution,0,0.0,banglasarc,আগে এ ধরণের পোস্ট করতে তো দেখি নি...,আগে এ ধরণের পোস্ট করতে তো দেখি নি...
text withheld: corpus licence does not permit redistribution,0,0.0,banglasarc,আর মৌণতা বোনটির জন্য,আর মৌণতা বোনটির জন্য
text withheld: corpus licence does not permit redistribution,0,0.0,banglasarc,নির্মাণ শ্রমিকদের মুক্তিযোদ্ধা সার্টিফিকেট প্রদান করা হোক,নির্মাণ শ্রমিকদের মুক্তিযোদ্ধা সার্টিফিকেট প্রদান করা হোক
text withheld: corpus licence does not permit redistribution,0,0.0,banglasarc,"আপনি আবার ভুল করছেন। আপনি বলেছেন যে, আমি যদি কোন ভুল করে থাকি। এখানেই ভুলটা করেছেন। আপনি সহজ ভাষায় বলেন, হে আল্লাহ আমি ভুল করেছি ভুল বলেছি আমাকে ক্ষমা করেন হেদায়েত দান করেন, আমিন।","আপনি আবার ভুল করছেন। আপনি বলেছেন যে, আমি যদি কোন ভুল করে থাকি। এখানেই ভুলটা করেছেন। আপনি সহজ ভাষায় বলেন, হে আল্লাহ আমি ভুল করেছি ভুল বলেছি আমাকে ক্ষমা করেন হেদায়েত দান করেন, আমিন।"
text withheld: corpus licence does not permit redistribution,0,0.0,banglasarc,আমাদের মানিকগঞ্জ অনেক অনেক সুন্দর আর মানিকগঞ্জ এর মানুষ অনেক ভালো।,আমাদের মানিকগঞ্জ অনেক অনেক সুন্দর আর মানিকগঞ্জ এর মানুষ অনেক ভালো।
text withheld: corpus licence does not permit redistribution,1,1.0,banglasarc,আমি তোমাকে কখনো ভুলবো না!আর কখনও একই ভুল করতে হবে না।,আমি তোমাকে কখনো ভুলবো না!আর কখনও একই ভুল করতে হবে না।
text withheld: corpus licence does not permit redistribution,1,1.0,banglasarc,বিবাহ এতে না থাকা লোকদের জন্য একটি আনন্দ,বিবাহ এতে না থাকা লোকদের জন্য একটি আনন্দ
text withheld: corpus licence does not permit redistribution,1,1.0,banglasarc,হা হা সেখানে অনেক কিছুই আছে আমি নিশ্চিত যে আপনার চলমান যানবাহনে ঘটে না যা ঘটেছিল।,হা হা সেখানে অনেক কিছুই আছে আমি নিশ্চিত যে আপনার চলমান যানবাহনে ঘটে না যা ঘটেছিল।
text withheld: corpus licence does not permit redistribution,1,1.0,banglasarc,shhh কেউ যত্ন করে না,shhh কেউ যত্ন করে না
text withheld: corpus licence does not permit redistribution,0,0.0,banglasarc,আমাকে বিয়ের দিন ভূতের মতোই লাগবে আমি সিউর,আমাকে বিয়ের দিন ভূতের মতোই লাগবে আমি সিউর
text withheld: corpus licence does not permit redistribution,0,0.0,banglasarc,গাঁয়ে মানে না কিন্তু উনি (ডঃকামাল) মোড়ল সাজে,গাঁয়ে মানে না কিন্তু উনি (ডঃকামাল) মোড়ল সাজে
text withheld: corpus licence does not permit redistribution,0,0.0,banglasarc,হুম এতদিনে বুঝে গিয়েছি,হুম এতদিনে বুঝে গিয়েছি
text withheld: corpus licence does not permit redistribution,0,0.0,banglasarc,মৌলিক অধিকার কেড়ে নেওয়া জন্য সিইসিকে বরখাস্ত করা উচিত।,মৌলিক অধিকার কেড়ে নেওয়া জন্য সিইসিকে বরখাস্ত করা উচিত।
text withheld: corpus licence does not permit redistribution,0,0.0,banglasarc,"এটা কখনোই সম্ভব না,","এটা কখনোই সম্ভব না,"
text withheld: corpus licence does not permit redistribution,0,0.0,banglasarc,আই মিন ইট দিয়ে সিকিউরিটি গ্লাস ভাংগার পর আপার অনুভুতি কি ছিলো? প্লিজ আবার বইলেন না আপনার সর্বনাশ করেছে। জেনে বুঝে লিভটুগেদার করেছেন। প্লিজ গরিব ছেলেটার উপর রেপ কেইস দিবেন না। আই রিপিট এগেইন আপনার অনুভুতি কি?,আই মিন ইট দিয়ে সিকিউরিটি গ্লাস ভাংগার পর আপার অনুভুতি কি ছিলো? প্লিজ আবার বইলেন না আপনার সর্বনাশ করেছে। জেনে বুঝে লিভটুগেদার করেছেন। প্লিজ গরিব ছেলেটার উপর রেপ কেইস দিবেন না। আই রিপিট এগেইন আপনার অনুভুতি কি?
text withheld: corpus licence does not permit redistribution,1,1.0,banglasarc,আজ কেউ হাসছে এমন কারণ হোন ... বা কেউ পান করার কারণ।যাই হোক না কেন কাজ করে.,আজ কেউ হাসছে এমন কারণ হোন ... বা কেউ পান করার কারণ।যাই হোক না কেন কাজ করে.
text withheld: corpus licence does not permit redistribution,0,0.0,banglasarc,রিয়েল হিরো,রিয়েল হিরো
text withheld: corpus licence does not permit redistribution,0,0.0,banglasarc,সামান্য সবজি চাষ নিয়ে এত কথা!,সামান্য সবজি চাষ নিয়ে এত কথা!
text withheld: corpus licence does not permit redistribution,0,0.0,banglasarc,আপনাদের এই উদ্যোগ মহান আল্লাহ যেনো কবুল করেন 🤲 এবং এর প্রতিদান দুনিয়া এবং আখিরাতে দান করুন 💝,আপনাদের এই উদ্যোগ মহান আল্লাহ যেনো কবুল করেন 🤲 এবং এর প্রতিদান দুনিয়া এবং আখিরাতে দান করুন 💝
text withheld: corpus licence does not permit redistribution,0,0.0,banglasarc,আপনি তাকে ধর্ষণ করার হুমকি দিতে পারেন না। কারণ ধর্ষণ ইসলামে নিষিদ্ধ।,আপনি তাকে ধর্ষণ করার হুমকি দিতে পারেন না। কারণ ধর্ষণ ইসলামে নিষিদ্ধ।
text withheld: corpus licence does not permit redistribution,0,0.0,banglasarc,কোষ্ঠকাঠিন্য দূর করার ওষুধ!,কোষ্ঠকাঠিন্য দূর করার ওষুধ!
text withheld: corpus licence does not permit redistribution,0,0.0,banglasarc,দেশাদ্রোহী কাজ করে শুধুমাত্র বহিষ্কার??,দেশাদ্রোহী কাজ করে শুধুমাত্র বহিষ্কার??
text withheld: corpus licence does not permit redistribution,0,0.0,banglasarc,ই ইভেন্টে প্রতিযোগী অনেক কিন্তুু সুফল ভোগী মাত্র তিন জন।,ই ইভেন্টে প্রতিযোগী অনেক কিন্তুু সুফল ভোগী মাত্র তিন জন।
text withheld: corpus licence does not permit redistribution,0,0.0,banglasarc,"কি ভালবাসা,,, অবাক কান্ড,,,","কি ভালবাসা,,, অবাক কান্ড,,,"
text withheld: corpus licence does not permit redistribution,0,0.0,banglasarc,বিস্তারিত জানতে বা অর্ডার করতে দয়া করে ইনবক্স করুন।,বিস্তারিত জানতে বা অর্ডার করতে দয়া করে ইনবক্স করুন।
text withheld: corpus licence does not permit redistribution,0,0.0,banglasarc,অপেক্ষায় থাকলাম,অপেক্ষায় থাকলাম
text withheld: corpus licence does not permit redistribution,1,1.0,banglasarc,"আমি যখন ডাম্প কমান্ডটি ব্যবহার করি তখন আমি সর্বদা সত্যিকারের ফলাফল পেয়েছি তবে তারপরে কোনও স্ক্রাইচ পাই না, আমি কি কিছু ভুল করছি?","আমি যখন ডাম্প কমান্ডটি ব্যবহার করি তখন আমি সর্বদা সত্যিকারের ফলাফল পেয়েছি তবে তারপরে কোনও স্ক্রাইচ পাই না, আমি কি কিছু ভুল করছি?"
text withheld: corpus licence does not permit redistribution,1,1.0,banglasarc,কমপক্ষে সে প্রতারণা করছে না!,কমপক্ষে সে প্রতারণা করছে না!
text withheld: corpus licence does not permit redistribution,0,0.0,banglasarc,আজ হয়তো দাপট্য দেখিয়ে আপনি কারো রিযিক কেড়ে নিচ্ছেন,আজ হয়তো দাপট্য দেখিয়ে আপনি কারো রিযিক কেড়ে নিচ্ছেন
text withheld: corpus licence does not permit redistribution,1,1.0,banglasarc,আপনার মন নাচতে চাইতে পারে তবে আপনার দেহটি সত্যিই বিশ্রী সাদা লোক।,আপনার মন নাচতে চাইতে পারে তবে আপনার দেহটি সত্যিই বিশ্রী সাদা লোক।
text withheld: corpus licence does not permit redistribution,0,0.0,banglasarc,আফসোস এই পোস্ট তুমি আল্লাহ্'কে ভয় করে দাওনি!দিয়েছো নিজের জনপ্রিয়তা টিকিয়ে রাখার জন্য! আল্লাহ তোমাকে হেদায়ত দান করুকআমিন,আফসোস এই পোস্ট তুমি আল্লাহ্'কে ভয় করে দাওনি!দিয়েছো নিজের জনপ্রিয়তা টিকিয়ে রাখার জন্য! আল্লাহ তোমাকে হেদায়ত দান করুকআমিন
text withheld: corpus licence does not permit redistribution,0,0.0,banglasarc,শাড়িটা অনেক সুন্দর দাম কত,শাড়িটা অনেক সুন্দর দাম কত
text withheld: corpus licence does not permit redistribution,0,0.0,banglasarc,এতো খাওয়া পরেও একটা মানুষ এতো স্লিম থাকে কিভাবে?,এতো খাওয়া পরেও একটা মানুষ এতো স্লিম থাকে কিভাবে?
text withheld: corpus licence does not permit redistribution,0,0.0,banglasarc,অনেক সুন্দর হয়েছে,অনেক সুন্দর হয়েছে
text withheld: corpus licence does not permit redistribution,0,0.0,banglasarc,"আপনারা দু,জনেই ভাল মানুষ।আল্লাহ্ আপনাদের দু,জনকেই ভাল রাখুন।","আপনারা দু,জনেই ভাল মানুষ।আল্লাহ্ আপনাদের দু,জনকেই ভাল রাখুন।"
text withheld: corpus licence does not permit redistribution,0,0.0,banglasarc,আমি বুঝিনা... যারা গালিগালাজ করছে তারা কি পরকালের বিশ্বাস আছে!!! গালিগালাজ করে লাভ টা হচ্ছে কি! গালিগালাজ করে নিজের আমলনামা তে পাপ ভারী না করে আল্লাহ্,আমি বুঝিনা... যারা গালিগালাজ করছে তারা কি পরকালের বিশ্বাস আছে!!! গালিগালাজ করে লাভ টা হচ্ছে কি! গালিগালাজ করে নিজের আমলনামা তে পাপ ভারী না করে আল্লাহ্
text withheld: corpus licence does not permit redistribution,0,0.0,banglasarc,সামনে কোরবানীর ঈদ,সামনে কোরবানীর ঈদ
text withheld: corpus licence does not permit redistribution,1,1.0,banglasarc,জিউ-জিতসু কারণ দম বন্ধ করা মানুষকে অবৈধ।,জিউ-জিতসু কারণ দম বন্ধ করা মানুষকে অবৈধ।
text withheld: corpus licence does not permit redistribution,0,0.0,banglasarc,এত্ত বেশি ভালো লাগে আপনাদের🤗,এত্ত বেশি ভালো লাগে আপনাদের🤗
text withheld: corpus licence does not permit redistribution,1,1.0,banglasarc,কলেজের জন্য অর্থের প্রয়োজন।একটি কাজের জন্য কলেজ প্রয়োজন।অর্থের জন্য একটি চাকরি দরকার।এই সিস্টেমের পিছনে মাস্টারমাইন্ড কে ছিলেন?,কলেজের জন্য অর্থের প্রয়োজন।একটি কাজের জন্য কলেজ প্রয়োজন।অর্থের জন্য একটি চাকরি দরকার।এই সিস্টেমের পিছনে মাস্টারমাইন্ড কে ছিলেন?
text withheld: corpus licence does not permit redistribution,1,1.0,banglasarc,হালকা শব্দের চেয়ে দ্রুত ভ্রমণ করে।এই কারণেই কিছু লোক কথা না বলা পর্যন্ত উজ্জ্বল প্রদর্শিত হয়।,হালকা শব্দের চেয়ে দ্রুত ভ্রমণ করে।এই কারণেই কিছু লোক কথা না বলা পর্যন্ত উজ্জ্বল প্রদর্শিত হয়।
text withheld: corpus licence does not permit redistribution,0,0.0,banglasarc,মনে হচ্ছে ওর জন্মের ঠিক নেই,মনে হচ্ছে ওর জন্মের ঠিক নেই
text withheld: corpus licence does not permit redistribution,0,0.0,banglasarc,আত্নসম্মান চাইলে রাস্তায় নেমে আন্দোলন করেন।,আত্নসম্মান চাইলে রাস্তায় নেমে আন্দোলন করেন।
text withheld: corpus licence does not permit redistribution,0,0.0,banglasarc,"মাশাল্লাহ, সুবহানআল্লাহ","মাশাল্লাহ, সুবহানআল্লাহ"
text withheld: corpus licence does not permit redistribution,0,0.0,banglasarc,কি সুন্দর হাসি,কি সুন্দর হাসি
text withheld: corpus licence does not permit redistribution,0,0.0,banglasarc,"প্রিয় ফাহিম খান, ধন্যবাদ প্রশ্নটির জন্য।","প্রিয় ফাহিম খান, ধন্যবাদ প্রশ্নটির জন্য।"
text withheld: corpus licence does not permit redistribution,1,1.0,banglasarc,বন্ধুত্ব নিজের দিকে উঁকি দেওয়ার মতো: প্রত্যেকে এটি দেখতে পারে তবে কেবল আপনি যে উষ্ণ অনুভূতিটি এনেছেন তা কেবল আপনিই পান।,বন্ধুত্ব নিজের দিকে উঁকি দেওয়ার মতো: প্রত্যেকে এটি দেখতে পারে তবে কেবল আপনি যে উষ্ণ অনুভূতিটি এনেছেন তা কেবল আপনিই পান।
text withheld: corpus licence does not permit redistribution,0,0.0,banglasarc,এমন মাস্টার প্রাইস মুভি দিলে আর ইন্ডিয়ার মুভি জীবনে ও দেখতাম না কথা দিলাম,এমন মাস্টার প্রাইস মুভি দিলে আর ইন্ডিয়ার মুভি জীবনে ও দেখতাম না কথা দিলাম
text withheld: corpus licence does not permit redistribution,0,0.0,banglasarc,ছবিটা এবং শাড়িতে আপনি ভীষণ সুন্দর।,ছবিটা এবং শাড়িতে আপনি ভীষণ সুন্দর।
text withheld: corpus licence does not permit redistribution,1,1.0,banglasarc,আপনি যদি আমাকে ছাড়া বাঁচতে না পারেন তবে আপনি কেন ইতিমধ্যে মারা যাবেন না?,আপনি যদি আমাকে ছাড়া বাঁচতে না পারেন তবে আপনি কেন ইতিমধ্যে মারা যাবেন না?
text withheld: corpus licence does not permit redistribution,0,0.0,banglasarc,আমাকে কি কি কালার এর লেন্স ভালোলাগবে ?,আমাকে কি কি কালার এর লেন্স ভালোলাগবে ?
text withheld: corpus licence does not permit redistribution,1,1.0,banglasarc,"সে বিক্রি হয়ে গেছে, সময় সাবস্ক্রাইব করার সময়","সে বিক্রি হয়ে গেছে, সময় সাবস্ক্রাইব করার সময়"
text withheld: corpus licence does not permit redistribution,0,0.0,banglasarc,আপনাদের এই উদ্যোগ মহান আল্লাহ যেনো কবুল করেন 🤲 এবং এর প্রতিদান দুনিয়া এবং আখিরাতে দান করুন 💝 আমিন🤲,আপনাদের এই উদ্যোগ মহান আল্লাহ যেনো কবুল করেন 🤲 এবং এর প্রতিদান দুনিয়া এবং আখিরাতে দান করুন 💝 আমিন🤲
text withheld: corpus licence does not permit redistribution,1,1.0,banglasarc,অ্যালকোহল ‘প্রেরণ’ বোতামের আকার 89%বৃদ্ধি করে।,অ্যালকোহল ‘প্রেরণ’ বোতামের আকার 89%বৃদ্ধি করে।
text withheld: corpus licence does not permit redistribution,0,0.0,banglasarc,মাত্র দেখে শেষ করলাম।অসাধারন লেগেছে।খুব ভাল,মাত্র দেখে শেষ করলাম।অসাধারন লেগেছে।খুব ভাল
text withheld: corpus licence does not permit redistribution,0,0.0,banglasarc,স্বশ্রদ্ধ সালাম ইমান আলী সাহেবকে।,স্বশ্রদ্ধ সালাম ইমান আলী সাহেবকে।
text withheld: corpus licence does not permit redistribution,0,0.0,banglasarc,নাটকের নাম কি ভাই,নাটকের নাম কি ভাই
text withheld: corpus licence does not permit redistribution,0,0.0,banglasarc,"নিজেরা আইন করে,নিজেরাই মানেন না।আবার মৌলিক অধিকার!!","নিজেরা আইন করে,নিজেরাই মানেন না।আবার মৌলিক অধিকার!!"
text withheld: corpus licence does not permit redistribution,1,1.0,banglasarc,"আমি কখনও মুখ ভুলি না।তবে আপনার ক্ষেত্রে, আমি একটি প্রত্যাশা করতে পেরে খুশি হব।","আমি কখনও মুখ ভুলি না।তবে আপনার ক্ষেত্রে, আমি একটি প্রত্যাশা করতে পেরে খুশি হব।"
text withheld: corpus licence does not permit redistribution,0,0.0,banglasarc,কি নির্মল হাসি। একজন ভালো মানুষের প্রতিচ্ছবি।,কি নির্মল হাসি। একজন ভালো মানুষের প্রতিচ্ছবি।
text withheld: corpus licence does not permit redistribution,1,1.0,banglasarc,আপনি যদি জাহান্নামের মধ্য দিয়ে যাচ্ছেন তবে চালিয়ে যান।,আপনি যদি জাহান্নামের মধ্য দিয়ে যাচ্ছেন তবে চালিয়ে যান।
text withheld: corpus licence does not permit redistribution,1,1.0,banglasarc,"""ত্রুটিযুক্ত: (অ্যাড।) একজন ব্যক্তি যিনি তাদের 'ত্রুটিগুলি' গ্রহণ করেন এবং জানেন যে তারা নির্বিশেষে দুর্দান্ত"" ""","""ত্রুটিযুক্ত: (অ্যাড।) একজন ব্যক্তি যিনি তাদের 'ত্রুটিগুলি' গ্রহণ করেন এবং জানেন যে তারা নির্বিশেষে দুর্দান্ত"" """
text withheld: corpus licence does not permit redistribution,0,0.0,banglasarc,কোনো হতাহত হয়নি।,কোনো হতাহত হয়নি।
text withheld: corpus licence does not permit redistribution,1,1.0,banglasarc,যদি মনে হচ্ছে আমি কোনও অভিশাপ দিচ্ছি তবে দয়া করে আমাকে বলুন।আমি ভুল ছাপ ছেড়ে দিতে চাই না।,যদি মনে হচ্ছে আমি কোনও অভিশাপ দিচ্ছি তবে দয়া করে আমাকে বলুন।আমি ভুল ছাপ ছেড়ে দিতে চাই না।
text withheld: corpus licence does not permit redistribution,1,1.0,banglasarc,"জীবনে সফল হওয়ার জন্য আপনার তিনটি জিনিস দরকার: একটি ইচ্ছা হোন, একটি মেরুদণ্ড এবং একটি মজার হাড়।","জীবনে সফল হওয়ার জন্য আপনার তিনটি জিনিস দরকার: একটি ইচ্ছা হোন, একটি মেরুদণ্ড এবং একটি মজার হাড়।"
text withheld: corpus licence does not permit redistribution,0,0.0,banglasarc,তোমার জীবন অনেক সুখী,তোমার জীবন অনেক সুখী
text withheld: corpus licence does not permit redistribution,0,0.0,banglasarc,"হায়রে কপাল। দেশভাগের গল্প দিচ্ছে। হাস্যকর। মানুষের কথা বাদ দিলাম, আমার পরিচিত বহু হিন্দু ছোট ভাই বোন পরিবার সমেত আমেরিকা পাড়ি দিয়েছে গত কয়েক বছরে। তারা কি বিতারিত না নির্যাতিত কোনটা?","হায়রে কপাল। দেশভাগের গল্প দিচ্ছে। হাস্যকর। মানুষের কথা বাদ দিলাম, আমার পরিচিত বহু হিন্দু ছোট ভাই বোন পরিবার সমেত আমেরিকা পাড়ি দিয়েছে গত কয়েক বছরে। তারা কি বিতারিত না নির্যাতিত কোনটা?"
text withheld: corpus licence does not permit redistribution,1,1.0,banglasarc,"লোকেরা বলে যে হাসি সেরা ওষুধ, আপনার মুখ অবশ্যই বিশ্বকে নিরাময় করছে","লোকেরা বলে যে হাসি সেরা ওষুধ, আপনার মুখ অবশ্যই বিশ্বকে নিরাময় করছে"
text withheld: corpus licence does not permit redistribution,0,0.0,banglasarc,"নিজের চোখে দেখে আসলাম,,,পরিস্থিতি বর্ণনা/ধারণার চেয়ে ভয়াবহ। আল্লাহ সবাইকে মাফ করুক।","নিজের চোখে দেখে আসলাম,,,পরিস্থিতি বর্ণনা/ধারণার চেয়ে ভয়াবহ। আল্লাহ সবাইকে মাফ করুক।"
text withheld: corpus licence does not permit redistribution,1,1.0,banglasarc,আমি পরীক্ষায় ব্যর্থ হইনি।আমি এটি ভুল করার জন্য 100 টি উপায় খুঁজে পেয়েছি।,আমি পরীক্ষায় ব্যর্থ হইনি।আমি এটি ভুল করার জন্য 100 টি উপায় খুঁজে পেয়েছি।
text withheld: corpus licence does not permit redistribution,0,0.0,banglasarc,পছন্দ হয়েছে,পছন্দ হয়েছে
text withheld: corpus licence does not permit redistribution,1,1.0,banglasarc,"বাহ, একটি আসল কানাডিয়ান পাং আমি ইতিমধ্যে শুনিনি।","বাহ, একটি আসল কানাডিয়ান পাং আমি ইতিমধ্যে শুনিনি।"
text withheld: corpus licence does not permit redistribution,0,0.0,banglasarc,এত ক্ষমতার মধ্যে থেকেও নটি ট্রাম্পের কাছে গিয়ে বলে দেশে নাকি থাকতে পারছে না,এত ক্ষমতার মধ্যে থেকেও নটি ট্রাম্পের কাছে গিয়ে বলে দেশে নাকি থাকতে পারছে না
text withheld: corpus licence does not permit redistribution,0,0.0,banglasarc,সাহসী চোদা আলম,সাহসী চোদা আলম
text withheld: corpus licence does not permit redistribution,0,0.0,banglasarc,ঈদের আগে এরকম বাজে সিদ্ধান্ত নেওয়ার আগে আরো ভাবা উচিৎ ছিলো।,ঈদের আগে এরকম বাজে সিদ্ধান্ত নেওয়ার আগে আরো ভাবা উচিৎ ছিলো।
text withheld: corpus licence does not permit redistribution,0,0.0,banglasarc,"অবশেষে প্রিয়া সাহা বললেন তিনি ২০০১ সালের কথা বলেছেন,আচ্ছা এই বলদ মহিলা কি যানেনা এটা ২০১৯ সাল!","অবশেষে প্রিয়া সাহা বললেন তিনি ২০০১ সালের কথা বলেছেন,আচ্ছা এই বলদ মহিলা কি যানেনা এটা ২০১৯ সাল!"
text withheld: corpus licence does not permit redistribution,1,1.0,banglasarc,আমি তোমাকে ঘৃণা করি নাআমি আপনার অস্তিত্ব সম্পর্কে অগত্যা উত্তেজিত নই।,আমি তোমাকে ঘৃণা করি নাআমি আপনার অস্তিত্ব সম্পর্কে অগত্যা উত্তেজিত নই।
text withheld: corpus licence does not permit redistribution,1,1.0,banglasarc,"ক্যাপ্টেন, আপনি কি পুরো শিল্ডের উপরে একটি বড় ক্লাউন ত্বক দিয়ে একটি তৈরি করতে পারেন?","ক্যাপ্টেন, আপনি কি পুরো শিল্ডের উপরে একটি বড় ক্লাউন ত্বক দিয়ে একটি তৈরি করতে পারেন?"
text withheld: corpus licence does not permit redistribution,1,1.0,banglasarc,"প্রিয় নকল বন্ধুরা, প্রথমত, আপনার জানা উচিত, আমি এটি আমার মাঝের আঙুল দিয়ে টাইপ করছি।","প্রিয় নকল বন্ধুরা, প্রথমত, আপনার জানা উচিত, আমি এটি আমার মাঝের আঙুল দিয়ে টাইপ করছি।"
text withheld: corpus licence does not permit redistribution,0,0.0,banglasarc,আমাদের ৩০+ সুবিধা রয়েছ। সেগুলো কি কি দেখতে সুপার হোমে ফ্রী ভিজিট করুন।,আমাদের ৩০+ সুবিধা রয়েছ। সেগুলো কি কি দেখতে সুপার হোমে ফ্রী ভিজিট করুন।
text withheld: corpus licence does not permit redistribution,0,0.0,banglasarc,#আমানার আম কেনো কিনবেন?,#আমানার আম কেনো কিনবেন?
text withheld: corpus licence does not permit redistribution,0,0.0,banglasarc,যখন থেকে ভেবেছি কম খাব তখন থেকেই মনে হয় আরও খাই,যখন থেকে ভেবেছি কম খাব তখন থেকেই মনে হয় আরও খাই
text withheld: corpus licence does not permit redistribution,1,1.0,banglasarc,লোকেরা ভুলে যায় যে অ্যাডোবকে অস্ট্রেলিয়ায় পুরোপুরি আপলোড করতে হবে।,লোকেরা ভুলে যায় যে অ্যাডোবকে অস্ট্রেলিয়ায় পুরোপুরি আপলোড করতে হবে।
text withheld: corpus licence does not permit redistribution,0,0.0,banglasarc,আপনাদের একটু আনন্দ দেয়ার মধ্যেই আমাদের ভিডিও বানানোর সার্থকতা। দোয়া এবং ভালোবাসা রইলো আপনার জন্য।,আপনাদের একটু আনন্দ দেয়ার মধ্যেই আমাদের ভিডিও বানানোর সার্থকতা। দোয়া এবং ভালোবাসা রইলো আপনার জন্য।
text withheld: corpus licence does not permit redistribution,1,1.0,banglasarc,"প্রতিভা যখন কথা বলে, মাঝারি লোকেরা প্রচুর শব্দ করে","প্রতিভা যখন কথা বলে, মাঝারি লোকেরা প্রচুর শব্দ করে"
text withheld: corpus licence does not permit redistribution,0,0.0,banglasarc,চমৎকার তথ্য,চমৎকার তথ্য
text withheld: corpus licence does not permit redistribution,0,0.0,banglasarc,পদ্মার জন্য ছেলেধরা গুজবে সেই রেনুর মৃত্যুতে তার পরিবারে নেমে আসে বড় বিপর্যয়,পদ্মার জন্য ছেলেধরা গুজবে সেই রেনুর মৃত্যুতে তার পরিবারে নেমে আসে বড় বিপর্যয়
text withheld: corpus licence does not permit redistribution,1,1.0,banglasarc,"আমি সবসময় কেউ হতে চেয়েছিলাম, তবে আমি এখন দেখতে পাচ্ছি আমার আরও নির্দিষ্ট হওয়া উচিত ছিল।","আমি সবসময় কেউ হতে চেয়েছিলাম, তবে আমি এখন দেখতে পাচ্ছি আমার আরও নির্দিষ্ট হওয়া উচিত ছিল।"
text withheld: corpus licence does not permit redistribution,0,0.0,banglasarc,মেকাপ ছাড়াও ভালো লাগে নাহ আর মেকাপ দিলে তো আরো ভালো লাগে নাহ।,মেকাপ ছাড়াও ভালো লাগে নাহ আর মেকাপ দিলে তো আরো ভালো লাগে নাহ।
text withheld: corpus licence does not permit redistribution,1,1.0,banglasarc,সুতরাং আপনি সাদা স্ব-জেনোসাইড সমর্থন!,সুতরাং আপনি সাদা স্ব-জেনোসাইড সমর্থন!
text withheld: corpus licence does not permit redistribution,0,0.0,banglasarc,সত্যি খুব সুন্দর লাগছে তোমায়,সত্যি খুব সুন্দর লাগছে তোমায়
text withheld: corpus licence does not permit redistribution,0,0.0,banglasarc,"ভাই কি ডাইরেক্টিং ইয়ার, সুপার। মানে সব মিলিয়ে বুঝায় যায় না এটা বাংলাদেশের","ভাই কি ডাইরেক্টিং ইয়ার, সুপার। মানে সব মিলিয়ে বুঝায় যায় না এটা বাংলাদেশের"
text withheld: corpus licence does not permit redistribution,0,0.0,banglasarc,আওয়ামীলিগ হিন্দুদের কতো সুবিদা দিলো তার ফলাফল।,আওয়ামীলিগ হিন্দুদের কতো সুবিদা দিলো তার ফলাফল।
text withheld: corpus licence does not permit redistribution,1,1.0,banglasarc,"এটি আমি দেখেছি এমন কুরুচিপূর্ণ শীর্ষ, তবুও এটি আপনার মুখটি পুরোপুরি প্রশংসা করে","এটি আমি দেখেছি এমন কুরুচিপূর্ণ শীর্ষ, তবুও এটি আপনার মুখটি পুরোপুরি প্রশংসা করে"
text withheld: corpus licence does not permit redistribution,1,1.0,banglasarc,সাক্ষাত্কার: আপনি আপনার বর্তমান চাকরিতে কী করেন? আমি: বেশিরভাগ ভুল এবং অনুপযুক্ত মন্তব্য।,সাক্ষাত্কার: আপনি আপনার বর্তমান চাকরিতে কী করেন? আমি: বেশিরভাগ ভুল এবং অনুপযুক্ত মন্তব্য।
text withheld: corpus licence does not permit redistribution,0,0.0,banglasarc,আগামী বাংলাদেশ আপনাদের হাতে নিরাপদ,আগামী বাংলাদেশ আপনাদের হাতে নিরাপদ
text withheld: corpus licence does not permit redistribution,1,1.0,banglasarc,সাধারণভাবে আমার বাচ্চারা এমন কিছু খেতে অস্বীকার করে যা টেলিভিশনে নাচেনি।,সাধারণভাবে আমার বাচ্চারা এমন কিছু খেতে অস্বীকার করে যা টেলিভিশনে নাচেনি।
text withheld: corpus licence does not permit redistribution,0,0.0,banglasarc,জয় বাংলা,জয় বাংলা
text withheld: corpus licence does not permit redistribution,0,0.0,banglasarc,চট্টগ্রামের এই মানুষ গুলোরে দেখে মনে হয় এই দেশে পরিবর্তন আসবেই ইনশাআল্লাহ। সবাইকে আল্লাহ্ হেফাজত করুন।❤,চট্টগ্রামের এই মানুষ গুলোরে দেখে মনে হয় এই দেশে পরিবর্তন আসবেই ইনশাআল্লাহ। সবাইকে আল্লাহ্ হেফাজত করুন।❤
text withheld: corpus licence does not permit redistribution,0,0.0,banglasarc,"বাংলা সিনেমা বলতে একমাত্র কলকাতার সিনেমাই বুঝা যায়, বাংলাদেশের সিনেমা তো সেই কবে ধ্বংস হয়ে গেছে ৷","বাংলা সিনেমা বলতে একমাত্র কলকাতার সিনেমাই বুঝা যায়, বাংলাদেশের সিনেমা তো সেই কবে ধ্বংস হয়ে গেছে ৷"
text withheld: corpus licence does not permit redistribution,1,1.0,banglasarc,"""একজন মহিলা যখন একজন পুরুষকে পরিবর্তিত করতে সত্যই সফল হন তখনই তিনি যখন শিশু হন।""","""একজন মহিলা যখন একজন পুরুষকে পরিবর্তিত করতে সত্যই সফল হন তখনই তিনি যখন শিশু হন।"""
text withheld: corpus licence does not permit redistribution,1,1.0,banglasarc,কখনও কখনও আমি আশা করি যে আমি এমন লোকদের উপর বিনিয়োগ করেছি যে সময়টি আমি উপযুক্ত নয় এমন সময়ে আমি ফেরত পেতে পারি।,কখনও কখনও আমি আশা করি যে আমি এমন লোকদের উপর বিনিয়োগ করেছি যে সময়টি আমি উপযুক্ত নয় এমন সময়ে আমি ফেরত পেতে পারি।
text withheld: corpus licence does not permit redistribution,0,0.0,banglasarc,"বিজ্ঞানী নিউটন বলেছেন, সকল পরীক্ষা নিরীক্ষা ও আবিষ্কারের পরও এর পিছনে এক অদৃশ্য শক্তির অস্তিত্ব পরিলক্ষিত হয়, এ অদৃশ্য শক্তিই যদি ঈশ্বর হয়ে থাকে তবে বিজ্ঞানই নাস্তিকতা কে অচল করে দেয়.","বিজ্ঞানী নিউটন বলেছেন, সকল পরীক্ষা নিরীক্ষা ও আবিষ্কারের পরও এর পিছনে এক অদৃশ্য শক্তির অস্তিত্ব পরিলক্ষিত হয়, এ অদৃশ্য শক্তিই যদি ঈশ্বর হয়ে থাকে তবে বিজ্ঞানই নাস্তিকতা কে অচল করে দেয়."
text withheld: corpus licence does not permit redistribution,0,0.0,banglasarc,বিশ্বের একমাত্র সেতু। তাই সেতুটা সহ জাদুঘরে রাখার ব্যবস্থা করা হোক।😡,বিশ্বের একমাত্র সেতু। তাই সেতুটা সহ জাদুঘরে রাখার ব্যবস্থা করা হোক।😡
text withheld: corpus licence does not permit redistribution,1,1.0,banglasarc,আমি ব্যঙ্গাত্মক নই।আমি আপনার বোঝার বাইরে কেবল বুদ্ধিমান।,আমি ব্যঙ্গাত্মক নই।আমি আপনার বোঝার বাইরে কেবল বুদ্ধিমান।
text withheld: corpus licence does not permit redistribution,0,0.0,banglasarc,প্রসাশনের সুদৃষ্টি কামনা করছি,প্রসাশনের সুদৃষ্টি কামনা করছি
text withheld: corpus licence does not permit redistribution,0,0.0,banglasarc,"পুরো ইভেন্ট জুড়ে আপুকে আমরা কম প্যারা দেইনি, আপু তবু ক্লান্ত হয়নি।","পুরো ইভেন্ট জুড়ে আপুকে আমরা কম প্যারা দেইনি, আপু তবু ক্লান্ত হয়নি।"
text withheld: corpus licence does not permit redistribution,0,0.0,banglasarc,একটু উন্নতি আপনাদের সহ্য হয় না,একটু উন্নতি আপনাদের সহ্য হয় না
text withheld: corpus licence does not permit redistribution,0,0.0,banglasarc,এই হিরো আলম খানকির পোলাদের জন্য বাংলা ছবির খারাপ অবস্থা,এই হিরো আলম খানকির পোলাদের জন্য বাংলা ছবির খারাপ অবস্থা
text withheld: corpus licence does not permit redistribution,0,0.0,banglasarc,"নিরাপদ সড়ক চেয়ে ছেলে মেয়েরা পুলিশকে উদ্দেশ্য করে অশ্লীল একটি স্লোগান দিতো ""পুলিশ কোন চে.....র.......ল""। যেটা অত্যন্ত অশ্লীল এবং ছাত্র/ছাত্রীদের মুখে শোভা পায়না। কিন্তু আজকে আমার ঐ অশ্লীল স্লোগানটি দিতে ইচ্ছে করছে প্রিয়া সাহা ওরফে মাসুদা ভট্টি গংদের উদ্দেশ্য।","নিরাপদ সড়ক চেয়ে ছেলে মেয়েরা পুলিশকে উদ্দেশ্য করে অশ্লীল একটি স্লোগান দিতো ""পুলিশ কোন চে.....র.......ল""। যেটা অত্যন্ত অশ্লীল এবং ছাত্র/ছাত্রীদের মুখে শোভা পায়না। কিন্তু আজকে আমার ঐ অশ্লীল স্লোগানটি দিতে ইচ্ছে করছে প্রিয়া সাহা ওরফে মাসুদা ভট্টি গংদের উদ্দেশ্য।"
text withheld: corpus licence does not permit redistribution,0,0.0,banglasarc,ভয়াবহ বন্যায় সিলেটে বিমানবন্দর বন্ধ,ভয়াবহ বন্যায় সিলেটে বিমানবন্দর বন্ধ
text withheld: corpus licence does not permit redistribution,1,1.0,banglasarc,আপনি তাদের না।,আপনি তাদের না।
text withheld: corpus licence does not permit redistribution,1,1.0,banglasarc,"হ্যাঁ এটি ব্রিটিশ সাম্রাজ্যের মতো নয় যে ""সম্প্রতি"" অবধি মুসলমানদের সাথে যোগাযোগ ছিল।","হ্যাঁ এটি ব্রিটিশ সাম্রাজ্যের মতো নয় যে ""সম্প্রতি"" অবধি মুসলমানদের সাথে যোগাযোগ ছিল।"
text withheld: corpus licence does not permit redistribution,0,0.0,banglasarc,"আসো, খেলা হবে","আসো, খেলা হবে"
text withheld: corpus licence does not permit redistribution,1,1.0,banglasarc,আপনি আপনার ফোনের দিকে তাকাতে এবং হাসির কারণ হতে চাই।তারপরে একটি মেরুতে হাঁটুন।,আপনি আপনার ফোনের দিকে তাকাতে এবং হাসির কারণ হতে চাই।তারপরে একটি মেরুতে হাঁটুন।
text withheld: corpus licence does not permit redistribution,1,1.0,banglasarc,ব্যঙ্গ,ব্যঙ্গ
text withheld: corpus licence does not permit redistribution,1,1.0,banglasarc,ক্ষুদ্র জিনিসগুলিকে ঘামবেন না এবং ঘামযুক্ত জিনিসগুলিতে পোষ্য করবেন না।,ক্ষুদ্র জিনিসগুলিকে ঘামবেন না এবং ঘামযুক্ত জিনিসগুলিতে পোষ্য করবেন না।
text withheld: corpus licence does not permit redistribution,0,0.0,banglasarc,খুবই দুঃখজনক,খুবই দুঃখজনক
text withheld: corpus licence does not permit redistribution,0,0.0,banglasarc,"সবার শুভ হোক,শুভ সকাল।","সবার শুভ হোক,শুভ সকাল।"
text withheld: corpus licence does not permit redistribution,1,1.0,banglasarc,আমি হাসছি ... একা আপনাকে ভয় দেখানো উচিত,আমি হাসছি ... একা আপনাকে ভয় দেখানো উচিত
text withheld: corpus licence does not permit redistribution,0,0.0,banglasarc,তোমরা হইলা পৃথিবীর শ্রেষ্ঠ বেহায়া।,তোমরা হইলা পৃথিবীর শ্রেষ্ঠ বেহায়া।
text withheld: corpus licence does not permit redistribution,0,0.0,banglasarc,বেশিরভাগসময় পদ্মা সেতু নিয়ে মানুষকে ট্রল করতেই দেখি সামাজিক মাধ্যমে। বাংলাদেশের জন্য এই সেতু একটা বড় অর্জন।কথাগুলো শোনে ভালই লাগলো।,বেশিরভাগসময় পদ্মা সেতু নিয়ে মানুষকে ট্রল করতেই দেখি সামাজিক মাধ্যমে। বাংলাদেশের জন্য এই সেতু একটা বড় অর্জন।কথাগুলো শোনে ভালই লাগলো।
text withheld: corpus licence does not permit redistribution,0,0.0,banglasarc,"আমাদের ঐ দিক এটাকে ডিম পানিতেলানি বলে,,","আমাদের ঐ দিক এটাকে ডিম পানিতেলানি বলে,,"
text withheld: corpus licence does not permit redistribution,0,0.0,banglasarc,খুভ উপকারী ভিডিও,খুভ উপকারী ভিডিও
text withheld: corpus licence does not permit redistribution,0,0.0,banglasarc,এমন কিছু করা মোটেও ঠিক হবে না,এমন কিছু করা মোটেও ঠিক হবে না
text withheld: corpus licence does not permit redistribution,1,1.0,banglasarc,"কারণ মনে রাখবেন, সাদা লোকেরা বিশেষাধিকারযুক্ত এবং সংস্কৃতি নেই।","কারণ মনে রাখবেন, সাদা লোকেরা বিশেষাধিকারযুক্ত এবং সংস্কৃতি নেই।"
text withheld: corpus licence does not permit redistribution,1,1.0,banglasarc,আমি আশা করি আপনি কয়েক ঘন্টার মধ্যে কিছু জ্বলন্ত প্রতিক্রিয়ার জন্য প্রস্তুত।,আমি আশা করি আপনি কয়েক ঘন্টার মধ্যে কিছু জ্বলন্ত প্রতিক্রিয়ার জন্য প্রস্তুত।
text withheld: corpus licence does not permit redistribution,0,0.0,banglasarc,তোমার ছোট বেলার যে একটা ভিডিও ক্লিপ আছে ওইখানের বউ এর সাজে যেমন লাগতেছিল এখানেও তোমাকে অনেক কিউট আর সুন্দর লাগছে,তোমার ছোট বেলার যে একটা ভিডিও ক্লিপ আছে ওইখানের বউ এর সাজে যেমন লাগতেছিল এখানেও তোমাকে অনেক কিউট আর সুন্দর লাগছে
text withheld: corpus licence does not permit redistribution,0,0.0,banglasarc,"এগুলি পরিকল্পিত পরিকল্পিত লাগছে হঠাৎ ২ দিন ধরে শুধু আগুন লেগে যায়।সীতাকুণ্ড, পাবনা,এখন মোহাম্মদপুর।","এগুলি পরিকল্পিত পরিকল্পিত লাগছে হঠাৎ ২ দিন ধরে শুধু আগুন লেগে যায়।সীতাকুণ্ড, পাবনা,এখন মোহাম্মদপুর।"
text withheld: corpus licence does not permit redistribution,0,0.0,banglasarc,জীবনেও না ডরাই আমি,জীবনেও না ডরাই আমি
text withheld: corpus licence does not permit redistribution,0,0.0,banglasarc,বাইকার থেকে বাইকারের বাবা মায়ের সতর্ক বেশি হওয়া উচিৎ মনে করি। সন্তান চাইলো আর বাইক হাতে দিয়ে দিল,বাইকার থেকে বাইকারের বাবা মায়ের সতর্ক বেশি হওয়া উচিৎ মনে করি। সন্তান চাইলো আর বাইক হাতে দিয়ে দিল
text withheld: corpus licence does not permit redistribution,0,0.0,banglasarc,ইবলিশের বাচ্চা বাহির হ আমাদের দেশ থেকে না হলে জুতার মালা পরাইয়া তসলিমা নাসরিনের মতো কাহিনি হবে আবার,ইবলিশের বাচ্চা বাহির হ আমাদের দেশ থেকে না হলে জুতার মালা পরাইয়া তসলিমা নাসরিনের মতো কাহিনি হবে আবার
text withheld: corpus licence does not permit redistribution,0,0.0,banglasarc,নেটওয়ার্ক ভালো করেন ভাই,নেটওয়ার্ক ভালো করেন ভাই
text withheld: corpus licence does not permit redistribution,1,1.0,banglasarc,ভাল প্রযুক্তিগতভাবে ডারডোচও একজন প্রাপ্তবয়স্ক এবং আমরা দেখতে পাচ্ছি যে তিনি কতটা অপরিণত।,ভাল প্রযুক্তিগতভাবে ডারডোচও একজন প্রাপ্তবয়স্ক এবং আমরা দেখতে পাচ্ছি যে তিনি কতটা অপরিণত।
text withheld: corpus licence does not permit redistribution,1,1.0,banglasarc,আমি হাসছি.একা আপনাকে ভয় দেখানো উচিত।,আমি হাসছি.একা আপনাকে ভয় দেখানো উচিত।
text withheld: corpus licence does not permit redistribution,0,0.0,banglasarc,আপনার অনুষ্ঠান প্রায়ই দেখি।,আপনার অনুষ্ঠান প্রায়ই দেখি।
text withheld: corpus licence does not permit redistribution,1,1.0,banglasarc,আমি ফিফায় এখন পেনাল্টিতে স্তন্যপান করেছি তাই আশা করি এই নিবন্ধটি সহায়তা করবে।,আমি ফিফায় এখন পেনাল্টিতে স্তন্যপান করেছি তাই আশা করি এই নিবন্ধটি সহায়তা করবে।
text withheld: corpus licence does not permit redistribution,0,0.0,banglasarc,বাংলাদেশের একমাত্র ইউটিউবার যার ভিডিও না দেখলে আপনি নিজেই নিজের ক্ষতি করছেন ... এনায়েত ভাই তার প্রমিস প্রতিটি ভিডিওর মাধ্যমে রেখে যাচ্ছেন... ধন্যবাদ ভাই আপনাকে,বাংলাদেশের একমাত্র ইউটিউবার যার ভিডিও না দেখলে আপনি নিজেই নিজের ক্ষতি করছেন ... এনায়েত ভাই তার প্রমিস প্রতিটি ভিডিওর মাধ্যমে রেখে যাচ্ছেন... ধন্যবাদ ভাই আপনাকে
text withheld: corpus licence does not permit redistribution,0,0.0,banglasarc,ওনাদের বাড়ী মানিকগন্জের কোথায় ?,ওনাদের বাড়ী মানিকগন্জের কোথায় ?
text withheld: corpus licence does not permit redistribution,0,0.0,banglasarc,নতুন কাউকে পেলে পুরনো মানুষটাকে ভুলে যায়,নতুন কাউকে পেলে পুরনো মানুষটাকে ভুলে যায়
text withheld: corpus licence does not permit redistribution,1,1.0,banglasarc,প্লেয়ার-বেস কি অস্তিত্বহীন?,প্লেয়ার-বেস কি অস্তিত্বহীন?
text withheld: corpus licence does not permit redistribution,0,0.0,banglasarc,যেখান থেকে আবর্জনা পরিস্কার করতে দেখা যাচ্ছে সেখানে কোন আবর্জনা থাকার কথা না।,যেখান থেকে আবর্জনা পরিস্কার করতে দেখা যাচ্ছে সেখানে কোন আবর্জনা থাকার কথা না।
text withheld: corpus licence does not permit redistribution,1,1.0,banglasarc,যে মহিলারা পুরুষদের সাথে সমান হতে চান তাদের উচ্চাকাঙ্ক্ষার অভাব রয়েছে।,যে মহিলারা পুরুষদের সাথে সমান হতে চান তাদের উচ্চাকাঙ্ক্ষার অভাব রয়েছে।
text withheld: corpus licence does not permit redistribution,0,0.0,banglasarc,তারেক জিয়া লও সালামলাল সালাম,তারেক জিয়া লও সালামলাল সালাম
text withheld: corpus licence does not permit redistribution,1,1.0,banglasarc,আমি কেবল আমার চোখটি আমার মস্তিষ্ক দেখেছি,আমি কেবল আমার চোখটি আমার মস্তিষ্ক দেখেছি
text withheld: corpus licence does not permit redistribution,0,0.0,banglasarc,বাকশাল নিপাত যাক,বাকশাল নিপাত যাক
text withheld: corpus licence does not permit redistribution,0,0.0,banglasarc,মেয়েরা দাওয়াতে ছেলে খোঁজে,মেয়েরা দাওয়াতে ছেলে খোঁজে
text withheld: corpus licence does not permit redistribution,1,1.0,banglasarc,কারও জন্য কিছু ছেড়ে দিন তবে কাউকে কিছু রেখে যাবেন না।,কারও জন্য কিছু ছেড়ে দিন তবে কাউকে কিছু রেখে যাবেন না।
text withheld: corpus licence does not permit redistribution,1,1.0,banglasarc,"শুভকামনা ধন্যবাদ মার্কিন শিক্ষাব্যবস্থা পক্ষপাতদুষ্ট নয়, তাই না?","শুভকামনা ধন্যবাদ মার্কিন শিক্ষাব্যবস্থা পক্ষপাতদুষ্ট নয়, তাই না?"
text withheld: corpus licence does not permit redistribution,1,1.0,banglasarc,আপনি বাস্তব জীবনের সমস্যা জানেন?কোনও বিপদ সংগীত নেই।,আপনি বাস্তব জীবনের সমস্যা জানেন?কোনও বিপদ সংগীত নেই।
text withheld: corpus licence does not permit redistribution,1,1.0,banglasarc,"তাদের সবেমাত্র ""প্রাকৃতিক নিরোধক"" বিভাগটির নামকরণ করা উচিত ছিল","তাদের সবেমাত্র ""প্রাকৃতিক নিরোধক"" বিভাগটির নামকরণ করা উচিত ছিল"
text withheld: corpus licence does not permit redistribution,0,0.0,banglasarc,লড়াই করে হেরেছে বাংলাদেশ,লড়াই করে হেরেছে বাংলাদেশ
text withheld: corpus licence does not permit redistribution,0,0.0,banglasarc,পাগল কিন্তু ৫১প্রকার,পাগল কিন্তু ৫১প্রকার
text withheld: corpus licence does not permit redistribution,0,0.0,banglasarc,দিন্দাডের খবর কি বস?,দিন্দাডের খবর কি বস?
text withheld: corpus licence does not permit redistribution,1,1.0,banglasarc,"একবার একজন লোক আমার উপর একটি ছুরি টানল।আমি জানতাম তিনি পেশাদার নন, ছুরিটিতে এতে মাখন ছিল।","একবার একজন লোক আমার উপর একটি ছুরি টানল।আমি জানতাম তিনি পেশাদার নন, ছুরিটিতে এতে মাখন ছিল।"
text withheld: corpus licence does not permit redistribution,0,0.0,banglasarc,"জয় বাংলা,","জয় বাংলা,"
text withheld: corpus licence does not permit redistribution,0,0.0,banglasarc,তো আজকে কী ব্রেযারস এ জয়েন করেছো নাকি,তো আজকে কী ব্রেযারস এ জয়েন করেছো নাকি
text withheld: corpus licence does not permit redistribution,0,0.0,banglasarc,"ছোট্ট মেয়েটি আজ কত বড় হয়ে গেছে, বাবা মেয়ের ভালবাসা অবিরাম","ছোট্ট মেয়েটি আজ কত বড় হয়ে গেছে, বাবা মেয়ের ভালবাসা অবিরাম"
text withheld: corpus licence does not permit redistribution,0,0.0,banglasarc,শেষের এইটা ঠিক হইলো না।,শেষের এইটা ঠিক হইলো না।
text withheld: corpus licence does not permit redistribution,0,0.0,banglasarc,ফেইক হলেও বউ বউ লাগে,ফেইক হলেও বউ বউ লাগে
text withheld: corpus licence does not permit redistribution,1,1.0,banglasarc,"দুঃখিত, মানে না।","দুঃখিত, মানে না।"
text withheld: corpus licence does not permit redistribution,0,0.0,banglasarc,কি ভাবছ)?,কি ভাবছ)?
text withheld: corpus licence does not permit redistribution,0,0.0,banglasarc,হে পরমেশ্বর মহান সৃষ্টিকর্তা পরমতম অশেষ দয়াময় প্রভু ভগবান শ্রীকৃষ্ণ আপনি এই প্রাকৃতিক দুর্যোগ থেকে সকলকেই রক্ষা করুন,হে পরমেশ্বর মহান সৃষ্টিকর্তা পরমতম অশেষ দয়াময় প্রভু ভগবান শ্রীকৃষ্ণ আপনি এই প্রাকৃতিক দুর্যোগ থেকে সকলকেই রক্ষা করুন
text withheld: corpus licence does not permit redistribution,1,1.0,banglasarc,"অভিনন্দন, আপনি যদি লিফট বোতামটি তিনবার টিপেন তবে তা হুট মোডে যায়","অভিনন্দন, আপনি যদি লিফট বোতামটি তিনবার টিপেন তবে তা হুট মোডে যায়"
text withheld: corpus licence does not permit redistribution,0,0.0,banglasarc,আপনি সব সময় অসাধারন,আপনি সব সময় অসাধারন
text withheld: corpus licence does not permit redistribution,0,0.0,banglasarc,একজন বাংলাদেশী হয়ে আপনি গর্বিত কারণ আপনি যেভাবে পুরো পৃথিবীটা এক্সপ্লোর করছেন। আসলেই আপনি ভাগ্য বান নাদির ভাই❣️✌️🤟,একজন বাংলাদেশী হয়ে আপনি গর্বিত কারণ আপনি যেভাবে পুরো পৃথিবীটা এক্সপ্লোর করছেন। আসলেই আপনি ভাগ্য বান নাদির ভাই❣️✌️🤟
text withheld: corpus licence does not permit redistribution,0,0.0,banglasarc,ইমান আলীর ঈমান নিয়ে দুইজন কে আল্লাহ তায়ালা শেষ নিশ্বাস পর্যন্ত বাছিয়া রাখুক। আমিন,ইমান আলীর ঈমান নিয়ে দুইজন কে আল্লাহ তায়ালা শেষ নিশ্বাস পর্যন্ত বাছিয়া রাখুক। আমিন
text withheld: corpus licence does not permit redistribution,0,0.0,banglasarc,"আমি আমার জামাইকে খুব বেশি ভালোবাসি, এখন বিশ্বাস করা না করা আপনার ব্যাপার!","আমি আমার জামাইকে খুব বেশি ভালোবাসি, এখন বিশ্বাস করা না করা আপনার ব্যাপার!"
text withheld: corpus licence does not permit redistribution,0,0.0,banglasarc,মাগির পোলা কি শুরু করলি,মাগির পোলা কি শুরু করলি
text withheld: corpus licence does not permit redistribution,1,1.0,banglasarc,প্রেমে এটাই ঘটেছিল।আপনারা একজন অনেক কেঁদেছিলেন এবং তারপরে আপনারা দুজনেই ব্যঙ্গাত্মক হয়ে উঠলেন।,প্রেমে এটাই ঘটেছিল।আপনারা একজন অনেক কেঁদেছিলেন এবং তারপরে আপনারা দুজনেই ব্যঙ্গাত্মক হয়ে উঠলেন।
text withheld: corpus licence does not permit redistribution,0,0.0,banglasarc,আজ যদি বাংলাদেশের একটা বাধ থাকতো তাহলে এমন অবস্থা হতো না,আজ যদি বাংলাদেশের একটা বাধ থাকতো তাহলে এমন অবস্থা হতো না
text withheld: corpus licence does not permit redistribution,0,0.0,banglasarc,ও জারজ সন্তান একদম নিশ্চিত,ও জারজ সন্তান একদম নিশ্চিত
text withheld: corpus licence does not permit redistribution,0,0.0,banglasarc,দারুন মুহূর্ত ভাই ❤️,দারুন মুহূর্ত ভাই ❤️
text withheld: corpus licence does not permit redistribution,0,0.0,banglasarc,"এইদিকে মেগইল হেরে গেছে, অন্য দিকে টম মিষ্টি পেয়ে জিতে গেছে... কি বুঝলেন....","এইদিকে মেগইল হেরে গেছে, অন্য দিকে টম মিষ্টি পেয়ে জিতে গেছে... কি বুঝলেন...."
text withheld: corpus licence does not permit redistribution,1,1.0,banglasarc,"আমার প্রাকৃতিক-বংশোদ্ভূত কটূক্তি, যখন এটি নিরবচ্ছিন্ন থাকে, তখন মাঝে মাঝে কিছুটা উত্সাহজনক হতে পারে এবং আমি এটিই প্রথম স্বীকার করি","আমার প্রাকৃতিক-বংশোদ্ভূত কটূক্তি, যখন এটি নিরবচ্ছিন্ন থাকে, তখন মাঝে মাঝে কিছুটা উত্সাহজনক হতে পারে এবং আমি এটিই প্রথম স্বীকার করি"
text withheld: corpus licence does not permit redistribution,0,0.0,banglasarc,"যে যেমন সেই তো তাই বলবে, পাগলদে কথা কান দিও না","যে যেমন সেই তো তাই বলবে, পাগলদে কথা কান দিও না"
text withheld: corpus licence does not permit redistribution,0,0.0,banglasarc,অনেক অনেক ভালোবাসা এবং শুভ কামনা রইলো এগিয়ে যাও তোমারা।,অনেক অনেক ভালোবাসা এবং শুভ কামনা রইলো এগিয়ে যাও তোমারা।
text withheld: corpus licence does not permit redistribution,1,1.0,banglasarc,"হিউস্টন সস্তা বলে মনে হচ্ছে তবে আপনি সম্পত্তি কর, পরিবহন এবং বীমাগুলিতে আরও অনেক বেশি অর্থ প্রদান করবেন।","হিউস্টন সস্তা বলে মনে হচ্ছে তবে আপনি সম্পত্তি কর, পরিবহন এবং বীমাগুলিতে আরও অনেক বেশি অর্থ প্রদান করবেন।"
text withheld: corpus licence does not permit redistribution,1,1.0,banglasarc,"না, রকস্টার আক্ষরিক অর্থে আমাদের হিস্ট ছেড়ে না দিয়ে গ্লিচ করতে বাধ্য করেছিল","না, রকস্টার আক্ষরিক অর্থে আমাদের হিস্ট ছেড়ে না দিয়ে গ্লিচ করতে বাধ্য করেছিল"
text withheld: corpus licence does not permit redistribution,1,1.0,banglasarc,সাধারণ জ্ঞান ডিওডোরেন্টের মতো।যে লোকেরা এটির সবচেয়ে বেশি প্রয়োজন তাদের কখনই এটি ব্যবহার করে না,সাধারণ জ্ঞান ডিওডোরেন্টের মতো।যে লোকেরা এটির সবচেয়ে বেশি প্রয়োজন তাদের কখনই এটি ব্যবহার করে না
text withheld: corpus licence does not permit redistribution,0,0.0,banglasarc,চোর এর বাচ্চা চোর মাশরাফি ভোট চোর তুই যেই টাকা ও সুবিধা নিচ্ছিস তা হারাম হারাম কোরের বাচ্চা কারণ তুই অবৈধ এমপি।,চোর এর বাচ্চা চোর মাশরাফি ভোট চোর তুই যেই টাকা ও সুবিধা নিচ্ছিস তা হারাম হারাম কোরের বাচ্চা কারণ তুই অবৈধ এমপি।
text withheld: corpus licence does not permit redistribution,0,0.0,banglasarc,আপনাদের প্রতিনিধি দের সাথে কিভাবে যোগাযোগ করবো,আপনাদের প্রতিনিধি দের সাথে কিভাবে যোগাযোগ করবো
text withheld: corpus licence does not permit redistribution,0,0.0,banglasarc,"অভিনন্দন,, তিনি আমার প্রিয় শিল্পী।","অভিনন্দন,, তিনি আমার প্রিয় শিল্পী।"
text withheld: corpus licence does not permit redistribution,0,0.0,banglasarc,নিজেকে আরেক ধাপ ছাড়িয়ে গেলেন স্যার❤️❤️,নিজেকে আরেক ধাপ ছাড়িয়ে গেলেন স্যার❤️❤️
text withheld: corpus licence does not permit redistribution,1,1.0,banglasarc,"যেহেতু তারা তারা সেরা এনেছে না, তারা ধর্ষক এবং লুটার এবং কিছু, আমি ধরে নিই, ভাল মানুষ","যেহেতু তারা তারা সেরা এনেছে না, তারা ধর্ষক এবং লুটার এবং কিছু, আমি ধরে নিই, ভাল মানুষ"
text withheld: corpus licence does not permit redistribution,0,0.0,banglasarc,সেন্ডেল দিয়ে মেরে মুখ ফাটিয়ে দেয়া দরকার,সেন্ডেল দিয়ে মেরে মুখ ফাটিয়ে দেয়া দরকার
text withheld: corpus licence does not permit redistribution,1,1.0,banglasarc,"আমি আপনাকে কীভাবে বিরক্ত করেছি তা বলুন, কারণ আমি এটি আবার কীভাবে করতে পারি তা জানতে চাই","আমি আপনাকে কীভাবে বিরক্ত করেছি তা বলুন, কারণ আমি এটি আবার কীভাবে করতে পারি তা জানতে চাই"
text withheld: corpus licence does not permit redistribution,1,1.0,banglasarc,সারকাসম হ'ল গোপন ভাষা যা প্রত্যেকে যখন আপনার মুখের অর্থ বলতে চায় তখন তারা ব্যবহার করে।,সারকাসম হ'ল গোপন ভাষা যা প্রত্যেকে যখন আপনার মুখের অর্থ বলতে চায় তখন তারা ব্যবহার করে।
text withheld: corpus licence does not permit redistribution,0,0.0,banglasarc,ভুতের মুখে রাম রাম সাফা কবির এবার কেহেরমান...! ফাজলামি মারতে লাইভে আসো জাতির কাছে ক্ষমা চাইতে লাইভে আসার হার্ট হলো না কলিজা এত ছোট... ধন্যবাদ জানাই যারা একাউন্ট হ্যাকিং করেছে এমন বদমাইশের এমন বা এর থেকে আরো খারাপের কথা ছিল...! আল্লাহ সবার জন্য কিন্তু তোর মত মুনাফিকের জন্য না তুই আবার আল্লার কাছে কি বিচার দিবি হালার পুত্নি বেশ্যা।,ভুতের মুখে রাম রাম সাফা কবির এবার কেহেরমান...! ফাজলামি মারতে লাইভে আসো জাতির কাছে ক্ষমা চাইতে লাইভে আসার হার্ট হলো না কলিজা এত ছোট... ধন্যবাদ জানাই যারা একাউন্ট হ্যাকিং করেছে এমন বদমাইশের এমন বা এর থেকে আরো খারাপের কথা ছিল...! আল্লাহ সবার জন্য কিন্তু তোর মত মুনাফিকের জন্য না তুই আবার আল্লার কাছে কি বিচার দিবি হালার পুত্নি বেশ্যা।
text withheld: corpus licence does not permit redistribution,0,0.0,banglasarc,হ্যাঁ বইটা আসলে সাধারণ পাঠকদের জন্য করায় বেশি মোটা করি নাই আর।,হ্যাঁ বইটা আসলে সাধারণ পাঠকদের জন্য করায় বেশি মোটা করি নাই আর।
text withheld: corpus licence does not permit redistribution,0,0.0,banglasarc,মাঝে মাঝে এটা ভেবে খুব ভালো লাগে - হেটার্স রা bts দের পেছনেই time নষ্ট করে,মাঝে মাঝে এটা ভেবে খুব ভালো লাগে - হেটার্স রা bts দের পেছনেই time নষ্ট করে
text withheld: corpus licence does not permit redistribution,0,0.0,banglasarc,খুব সুন্দর লাগে মিষ্টি তোমাকে সুখে থাকো ভালো থাকো সুখে সংসার করো তোমার ভিডিও খুব ভালো লাগে নতুন নতুন ভিডিও দিও ধন্যবাদ,খুব সুন্দর লাগে মিষ্টি তোমাকে সুখে থাকো ভালো থাকো সুখে সংসার করো তোমার ভিডিও খুব ভালো লাগে নতুন নতুন ভিডিও দিও ধন্যবাদ
text withheld: corpus licence does not permit redistribution,1,1.0,banglasarc,"না, আপনাকে নিজের পুনরাবৃত্তি করতে হবে না।আমি আপনাকে প্রথমবার উপেক্ষা করছিলাম।","না, আপনাকে নিজের পুনরাবৃত্তি করতে হবে না।আমি আপনাকে প্রথমবার উপেক্ষা করছিলাম।"
text withheld: corpus licence does not permit redistribution,0,0.0,banglasarc,"আজকে নিজের পায়ে হাটছে, অন্যসময় কুত্তার পায়ে হাটে","আজকে নিজের পায়ে হাটছে, অন্যসময় কুত্তার পায়ে হাটে"
text withheld: corpus licence does not permit redistribution,0,0.0,banglasarc,চমৎকার আইডিয়া ।আমি ও থাকতে চাই,চমৎকার আইডিয়া ।আমি ও থাকতে চাই
text withheld: corpus licence does not permit redistribution,0,0.0,banglasarc,আসলে এই সিদ্ধান্তের কোন যৌক্তিকতা নাই,আসলে এই সিদ্ধান্তের কোন যৌক্তিকতা নাই
text withheld: corpus licence does not permit redistribution,1,1.0,banglasarc,"একটি সন্তান ধারণ আপনাকে পিতামাতা করে তোলে;দুটি আছে, আপনি রেফারি।","একটি সন্তান ধারণ আপনাকে পিতামাতা করে তোলে;দুটি আছে, আপনি রেফারি।"
text withheld: corpus licence does not permit redistribution,0,0.0,banglasarc,"ভাই, আল্লাহ তোমার দিলের নেক মাকসাদ গুলো পুরা করুক।","ভাই, আল্লাহ তোমার দিলের নেক মাকসাদ গুলো পুরা করুক।"
text withheld: corpus licence does not permit redistribution,0,0.0,banglasarc,এর সুরক্ষিত নিরাপত্তা কার্যকর না হওয়া পর্যন্ত এসএসসি পরীক্ষা স্থগিত করা হোক,এর সুরক্ষিত নিরাপত্তা কার্যকর না হওয়া পর্যন্ত এসএসসি পরীক্ষা স্থগিত করা হোক
text withheld: corpus licence does not permit redistribution,0,0.0,banglasarc,"বছর শেষে ঝরা পাতাবললো উড়ে এসে ,১টি বছর পেরিয়ে গেলো হাওয়ার সাথে ভেসে।নতুন বছর আসছে তাকেযত্ন করে রেখোস্বপ্নগুলা সত্য করেভীষণ ভালো থেকো। শুভ নববর্ষ।~","বছর শেষে ঝরা পাতাবললো উড়ে এসে ,১টি বছর পেরিয়ে গেলো হাওয়ার সাথে ভেসে।নতুন বছর আসছে তাকেযত্ন করে রেখোস্বপ্নগুলা সত্য করেভীষণ ভালো থেকো। শুভ নববর্ষ।~"
text withheld: corpus licence does not permit redistribution,0,0.0,banglasarc,ওর সৃষ্টকর্তা হয়তো এমন নিকৃষ্ট প্রানী যার নাম নিতে লজ্জাবোধ করে তাই অভিমানে একথা বলেছে। কিন্তু আমরা আমাদের সৃষ্টি কর্তার নাম নিতে কুন্ঠা বোধ করিনা বরং গর্বিত।,ওর সৃষ্টকর্তা হয়তো এমন নিকৃষ্ট প্রানী যার নাম নিতে লজ্জাবোধ করে তাই অভিমানে একথা বলেছে। কিন্তু আমরা আমাদের সৃষ্টি কর্তার নাম নিতে কুন্ঠা বোধ করিনা বরং গর্বিত।
text withheld: corpus licence does not permit redistribution,0,0.0,banglasarc,কথায় পাওয়া যাবে,কথায় পাওয়া যাবে
text withheld: corpus licence does not permit redistribution,1,1.0,banglasarc,"আজ আমাকে খোদাই করার জন্য ধন্যবাদ, যথাযথ ভাল বন্ধু আপনি, আপনি খুশি","আজ আমাকে খোদাই করার জন্য ধন্যবাদ, যথাযথ ভাল বন্ধু আপনি, আপনি খুশি"
text withheld: corpus licence does not permit redistribution,1,1.0,banglasarc,"""এই জায়গাটি এতটাই অদ্ভুত যে তেলাপোকা পাশের দরজায় চলে গেছে।""","""এই জায়গাটি এতটাই অদ্ভুত যে তেলাপোকা পাশের দরজায় চলে গেছে।"""
text withheld: corpus licence does not permit redistribution,0,0.0,banglasarc,এখন কাউ কে বিশ্বাস কোরতে নেই।তার থেকে একা থাকা অনেক ভাল।,এখন কাউ কে বিশ্বাস কোরতে নেই।তার থেকে একা থাকা অনেক ভাল।
text withheld: corpus licence does not permit redistribution,1,1.0,banglasarc,"হাসি এবং পৃথিবী আপনার সাথে হাসছে, শামুক এবং আপনি একা ঘুমান।","হাসি এবং পৃথিবী আপনার সাথে হাসছে, শামুক এবং আপনি একা ঘুমান।"
text withheld: corpus licence does not permit redistribution,1,1.0,banglasarc,হিংসা একটি রোগ ... শীঘ্রই সুস্থ হয়ে উঠুন।,হিংসা একটি রোগ ... শীঘ্রই সুস্থ হয়ে উঠুন।
text withheld: corpus licence does not permit redistribution,0,0.0,banglasarc,"আপুর কাছে ভাইয়া উনার লাইফলাইন আর ভাইয়ার কাছে আপু উনার বউ, সহজ স্বীকারোক্তি।","আপুর কাছে ভাইয়া উনার লাইফলাইন আর ভাইয়ার কাছে আপু উনার বউ, সহজ স্বীকারোক্তি।"
text withheld: corpus licence does not permit redistribution,0,0.0,banglasarc,কুরআন অবমাননাকারী তোর বিচার হবেই। আমরা জানি কুত্তার বাচ্চা কুত্তাই হয়।,কুরআন অবমাননাকারী তোর বিচার হবেই। আমরা জানি কুত্তার বাচ্চা কুত্তাই হয়।
text withheld: corpus licence does not permit redistribution,0,0.0,banglasarc,এটা একটা এক নাম্বারের নাস্তিকদের পেইজ,এটা একটা এক নাম্বারের নাস্তিকদের পেইজ
text withheld: corpus licence does not permit redistribution,1,1.0,banglasarc,এখানে বাহ্যিক হাসি এবং অভ্যন্তরীণ চিৎকারের আরেকটি দিন।,এখানে বাহ্যিক হাসি এবং অভ্যন্তরীণ চিৎকারের আরেকটি দিন।
text withheld: corpus licence does not permit redistribution,0,0.0,banglasarc,কনজুরিং ৩ এর ভুত পাওয়া গেছে,কনজুরিং ৩ এর ভুত পাওয়া গেছে
text withheld: corpus licence does not permit redistribution,0,0.0,banglasarc,দেশরত্ন শেখ হাসিনার নেতৃত্বে বাংলাদেশ আরো এগিয়ে যাবে ইনশাআল্লাহ।🙂,দেশরত্ন শেখ হাসিনার নেতৃত্বে বাংলাদেশ আরো এগিয়ে যাবে ইনশাআল্লাহ।🙂
text withheld: corpus licence does not permit redistribution,0,0.0,banglasarc,শিক্ষা সবার অধিকার,শিক্ষা সবার অধিকার
text withheld: corpus licence does not permit redistribution,0,0.0,banglasarc,রঙিন পাণ্ডা 🐼 🐼,রঙিন পাণ্ডা 🐼 🐼
text withheld: corpus licence does not permit redistribution,0,0.0,banglasarc,১০ বছর অফিসিয়াল ওয়ারেন্ট।,১০ বছর অফিসিয়াল ওয়ারেন্ট।
text withheld: corpus licence does not permit redistribution,0,0.0,banglasarc,রাইট সরকারী চরগুলোরে লাথি মেরে বের করেন,রাইট সরকারী চরগুলোরে লাথি মেরে বের করেন
text withheld: corpus licence does not permit redistribution,0,0.0,banglasarc,এখানেও বিভিন্ন শ্রেণী তৈরি হবে।,এখানেও বিভিন্ন শ্রেণী তৈরি হবে।
text withheld: corpus licence does not permit redistribution,0,0.0,banglasarc,আল্লাহ নিয়ম ভালো মানুষ গুলো আল্লাহ দুনিয়া থেকে দুরুত তুলে নিয়ে যায় আর পাপি কে তার পাপ আরো গাড়ো করার জন্য রেখে দেন,আল্লাহ নিয়ম ভালো মানুষ গুলো আল্লাহ দুনিয়া থেকে দুরুত তুলে নিয়ে যায় আর পাপি কে তার পাপ আরো গাড়ো করার জন্য রেখে দেন
text withheld: corpus licence does not permit redistribution,0,0.0,banglasarc,রোহিঙ্গাদের জন্য জামাই আদর আর আমাদের দেশের মানুষের এই হাল😔😔💔,রোহিঙ্গাদের জন্য জামাই আদর আর আমাদের দেশের মানুষের এই হাল😔😔💔
text withheld: corpus licence does not permit redistribution,0,0.0,banglasarc,পিয়াসাহাকে বাংলাদেশে নিষিদ্ধ করার দাবি জানাচ্ছি। সে বাংলাদেশের সম্মান নষ্ট করেছে।,পিয়াসাহাকে বাংলাদেশে নিষিদ্ধ করার দাবি জানাচ্ছি। সে বাংলাদেশের সম্মান নষ্ট করেছে।
text withheld: corpus licence does not permit redistribution,0,0.0,banglasarc,ধর্ম এবং মুক্তিযুদ্ধকে পুঁজি করে রাজনীতি বন্ধ করা হোক,ধর্ম এবং মুক্তিযুদ্ধকে পুঁজি করে রাজনীতি বন্ধ করা হোক
text withheld: corpus licence does not permit redistribution,1,1.0,banglasarc,কেবলমাত্র একটি সন্তানের জন্মের সুবিধা হ'ল আপনি সর্বদা জানেন যে এটি কে করেছে,কেবলমাত্র একটি সন্তানের জন্মের সুবিধা হ'ল আপনি সর্বদা জানেন যে এটি কে করেছে
text withheld: corpus licence does not permit redistribution,0,0.0,banglasarc,"যারা নিভে যেতে চায়, তাদের নিভে দাও।","যারা নিভে যেতে চায়, তাদের নিভে দাও।"
text withheld: corpus licence does not permit redistribution,0,0.0,banglasarc,সাবাশ হিরো আলম আলম,সাবাশ হিরো আলম আলম
text withheld: corpus licence does not permit redistribution,0,0.0,banglasarc,কিভাবে আর কোথায় পোষ্ট করবো?,কিভাবে আর কোথায় পোষ্ট করবো?
text withheld: corpus licence does not permit redistribution,0,0.0,banglasarc,নাস্তিক তো তারাই যাদের পূর্ব পুরুষ বান্দর ছিলো। সুতরাং বান্দরের মস্তিষ্ক আর কতইবা উর্বর হবে!আমরা তো সৈয়্যদুনা হযরত আদম শফিউল্লাহ (আ) এর বংশধর।,নাস্তিক তো তারাই যাদের পূর্ব পুরুষ বান্দর ছিলো। সুতরাং বান্দরের মস্তিষ্ক আর কতইবা উর্বর হবে!আমরা তো সৈয়্যদুনা হযরত আদম শফিউল্লাহ (আ) এর বংশধর।
text withheld: corpus licence does not permit redistribution,0,0.0,banglasarc,টোল এর টাকা একটু কমিয়ে দিলে ভালো হতো,টোল এর টাকা একটু কমিয়ে দিলে ভালো হতো
text withheld: corpus licence does not permit redistribution,0,0.0,banglasarc,পাহাড় ধসে মরার থেকে বাঁচালেও এখন দোষ!!,পাহাড় ধসে মরার থেকে বাঁচালেও এখন দোষ!!
text withheld: corpus licence does not permit redistribution,1,1.0,banglasarc,"""কদর্যতা স্থির করা যেতে পারে, বোকামি চিরকাল।""","""কদর্যতা স্থির করা যেতে পারে, বোকামি চিরকাল।"""
text withheld: corpus licence does not permit redistribution,0,0.0,banglasarc,সেরা ছিল ভাই 💥💥💥,সেরা ছিল ভাই 💥💥💥
text withheld: corpus licence does not permit redistribution,1,1.0,banglasarc,"বেশিরভাগ লোকের ""আহ হা"" মুহুর্ত রয়েছে।আমার কাছে ""ওহ এর জন্য ওহ, এফ..সি এই বিষ্ঠা"" মুহুর্তগুলি।","বেশিরভাগ লোকের ""আহ হা"" মুহুর্ত রয়েছে।আমার কাছে ""ওহ এর জন্য ওহ, এফ..সি এই বিষ্ঠা"" মুহুর্তগুলি।"
text withheld: corpus licence does not permit redistribution,0,0.0,banglasarc,জাকির ভাই আমি পাঁচ সেকেন্ড নষ্ট করে কমেন্টে এসে আপনার কমেন্ট দেখে নতুন জীবন ফিরে পেলাম।,জাকির ভাই আমি পাঁচ সেকেন্ড নষ্ট করে কমেন্টে এসে আপনার কমেন্ট দেখে নতুন জীবন ফিরে পেলাম।
text withheld: corpus licence does not permit redistribution,0,0.0,banglasarc,সবকিছুর দাম বারছে।,সবকিছুর দাম বারছে।
text withheld: corpus licence does not permit redistribution,0,0.0,banglasarc,"আল্লাহ প্রিয় ভাই কে শহীদ হিসাবে কবুল করে জান্নাতুল ফেরদাউস দান করুন, আমিন।","আল্লাহ প্রিয় ভাই কে শহীদ হিসাবে কবুল করে জান্নাতুল ফেরদাউস দান করুন, আমিন।"
text withheld: corpus licence does not permit redistribution,1,1.0,banglasarc,"মাফ করবেন, তবে একজন ব্যক্তি কীভাবে ষড়যন্ত্র?","মাফ করবেন, তবে একজন ব্যক্তি কীভাবে ষড়যন্ত্র?"
text withheld: corpus licence does not permit redistribution,0,0.0,banglasarc,"চেহারা টা দেখেন, কতো ইনোসেন্ট!","চেহারা টা দেখেন, কতো ইনোসেন্ট!"
text withheld: corpus licence does not permit redistribution,0,0.0,banglasarc,ফালতু ২টা,ফালতু ২টা
text withheld: corpus licence does not permit redistribution,1,1.0,banglasarc,যদি আমার নয়টি আঙ্গুলগুলি অনুপস্থিত থাকে তবে আমি কোনও ধীর গতিতে টাইপ করব না।,যদি আমার নয়টি আঙ্গুলগুলি অনুপস্থিত থাকে তবে আমি কোনও ধীর গতিতে টাইপ করব না।
text withheld: corpus licence does not permit redistribution,1,1.0,banglasarc,একজন আশাবাদী মনে করেন যে এটিই সেরা সম্ভাব্য বিশ্ব।একজন হতাশাবাদী ভয় পান যে এটি সত্য।,একজন আশাবাদী মনে করেন যে এটিই সেরা সম্ভাব্য বিশ্ব।একজন হতাশাবাদী ভয় পান যে এটি সত্য।
text withheld: corpus licence does not permit redistribution,0,0.0,banglasarc,"তুই হোগা মারা খা, খানকি","তুই হোগা মারা খা, খানকি"
text withheld: corpus licence does not permit redistribution,1,1.0,banglasarc,পাঁচ বছর বয়সের সাথে ডিল করার ক্ষেত্রে আসল বিপদটি হ'ল আপনি কোনও সময়েই পাঁচ বছরের বয়সের মতো শোনা শুরু করেন না।,পাঁচ বছর বয়সের সাথে ডিল করার ক্ষেত্রে আসল বিপদটি হ'ল আপনি কোনও সময়েই পাঁচ বছরের বয়সের মতো শোনা শুরু করেন না।
text withheld: corpus licence does not permit redistribution,0,0.0,banglasarc,তুমি আল্লাহকে বিশ্বাস করো না এতে আল্লাহর কোনো যায় আসে না কেননা আল্লাহর অনেক নেক বান্দা আছে,তুমি আল্লাহকে বিশ্বাস করো না এতে আল্লাহর কোনো যায় আসে না কেননা আল্লাহর অনেক নেক বান্দা আছে
text withheld: corpus licence does not permit redistribution,1,1.0,banglasarc,দ্রুত টিপ: আপনার নিজের মাদারফকে মনে করুন… এনজি গডড্যাম ব্যবসায় বি..সিএইচ।,দ্রুত টিপ: আপনার নিজের মাদারফকে মনে করুন… এনজি গডড্যাম ব্যবসায় বি..সিএইচ।
text withheld: corpus licence does not permit redistribution,0,0.0,banglasarc,সরকারের উচিৎ তাকে কাজে বহাল রাখা।,সরকারের উচিৎ তাকে কাজে বহাল রাখা।
text withheld: corpus licence does not permit redistribution,0,0.0,banglasarc,"গোটা দেশে যখন লক্ষ-কোটি দূর্নীতি আর অনিয়মে ছেয়ে যায়,, ঠিক তখনই নতুন এক ইস্যু নিয়ে হাজির হয় এইসব গণমাধ্যম","গোটা দেশে যখন লক্ষ-কোটি দূর্নীতি আর অনিয়মে ছেয়ে যায়,, ঠিক তখনই নতুন এক ইস্যু নিয়ে হাজির হয় এইসব গণমাধ্যম"
text withheld: corpus licence does not permit redistribution,0,0.0,banglasarc,এগিয়ে যান ভাই দোয়াও রইলো,এগিয়ে যান ভাই দোয়াও রইলো
text withheld: corpus licence does not permit redistribution,0,0.0,banglasarc,এদেশ থেকে মুসলমানদের তুলনায় অন্য ধর্মের লোকজন বিদেশে বেশি পারি জমাচ্ছে। এটা তাদের বিলাসিতা। এমন কোন হিন্দু পড়িবার পাওয়া যাবে না যাদের পরিবার ইন্ডিয়া অথবা অন্য কোন দেশে নাই। এখানে ওনার উদ্দেশ্যে ভিন্ন মনে হচ্ছে।,এদেশ থেকে মুসলমানদের তুলনায় অন্য ধর্মের লোকজন বিদেশে বেশি পারি জমাচ্ছে। এটা তাদের বিলাসিতা। এমন কোন হিন্দু পড়িবার পাওয়া যাবে না যাদের পরিবার ইন্ডিয়া অথবা অন্য কোন দেশে নাই। এখানে ওনার উদ্দেশ্যে ভিন্ন মনে হচ্ছে।
text withheld: corpus licence does not permit redistribution,0,0.0,banglasarc,কিছুক্ষণের জন্য ধ্যানে আছি,কিছুক্ষণের জন্য ধ্যানে আছি
text withheld: corpus licence does not permit redistribution,0,0.0,banglasarc,এইখানে যারা গালাগালি করবে এইগুলা হল আসল জানোয়ার!,এইখানে যারা গালাগালি করবে এইগুলা হল আসল জানোয়ার!
text withheld: corpus licence does not permit redistribution,0,0.0,banglasarc,"বন্যায় কবলিত লোকদের নিরাপত্তায় রাষ্ট্রীয় ভাবে খাদ্য,বাসস্থানের সুব্যবস্থা নিশ্চিত করা অতীব গুরুত্বপূর্ণ","বন্যায় কবলিত লোকদের নিরাপত্তায় রাষ্ট্রীয় ভাবে খাদ্য,বাসস্থানের সুব্যবস্থা নিশ্চিত করা অতীব গুরুত্বপূর্ণ"
text withheld: corpus licence does not permit redistribution,0,0.0,banglasarc,আমি আমার জীবনে অনেক ছাগল দেখছি,আমি আমার জীবনে অনেক ছাগল দেখছি
text withheld: corpus licence does not permit redistribution,1,1.0,banglasarc,ঘৃণা বা উপেক্ষা করা আমার জীবনকে পরিচালনা করা পুরোপুরি সহজ করে তোলে।,ঘৃণা বা উপেক্ষা করা আমার জীবনকে পরিচালনা করা পুরোপুরি সহজ করে তোলে।
text withheld: corpus licence does not permit redistribution,0,0.0,banglasarc,তর মুখে মুতি মাগী,তর মুখে মুতি মাগী
text withheld: corpus licence does not permit redistribution,1,1.0,banglasarc,"অবশ্যই ""সমস্ত ধরণের সমকামী"" রয়েছে তবে কেবল এক ধরণের মহিলা।","অবশ্যই ""সমস্ত ধরণের সমকামী"" রয়েছে তবে কেবল এক ধরণের মহিলা।"
text withheld: corpus licence does not permit redistribution,0,0.0,banglasarc,"আপু তোমার নিল চোখ গুলা বেশি সুন্দর, এবং তোমার নিল চোখ গুলা ছারা আমি তুমাকে চিনতেই পারি না,","আপু তোমার নিল চোখ গুলা বেশি সুন্দর, এবং তোমার নিল চোখ গুলা ছারা আমি তুমাকে চিনতেই পারি না,"
text withheld: corpus licence does not permit redistribution,1,1.0,banglasarc,কখনও কখনও আমি বিশ্বের রাজ্যে এত অসুস্থ বোধ করি আমি আমার দ্বিতীয় অ্যাপল পাইও শেষ করতে পারি না।,কখনও কখনও আমি বিশ্বের রাজ্যে এত অসুস্থ বোধ করি আমি আমার দ্বিতীয় অ্যাপল পাইও শেষ করতে পারি না।
text withheld: corpus licence does not permit redistribution,0,0.0,banglasarc,আপু অনলাইনে পাওয়া যাবে,আপু অনলাইনে পাওয়া যাবে
text withheld: corpus licence does not permit redistribution,0,0.0,banglasarc,আমি ঘুমায় গেসিলাম,আমি ঘুমায় গেসিলাম
text withheld: corpus licence does not permit redistribution,1,1.0,banglasarc,"আপনি ছেলেরা আমরা চাই নায়ক, কিন্তু প্রাপ্য নয়।","আপনি ছেলেরা আমরা চাই নায়ক, কিন্তু প্রাপ্য নয়।"
text withheld: corpus licence does not permit redistribution,0,0.0,banglasarc,আমি সবসময় দোয়া করি আল্লাহ যেন আমার সব আয়ু আমার জামাইকে দেয়!,আমি সবসময় দোয়া করি আল্লাহ যেন আমার সব আয়ু আমার জামাইকে দেয়!
text withheld: corpus licence does not permit redistribution,0,0.0,banglasarc,এতে জনসংখ্যা বৃদ্ধি পাবে,এতে জনসংখ্যা বৃদ্ধি পাবে
text withheld: corpus licence does not permit redistribution,0,0.0,banglasarc,চমৎকার একটা ব্যাগ।,চমৎকার একটা ব্যাগ।
text withheld: corpus licence does not permit redistribution,0,0.0,banglasarc,নতুন প্রজন্মের ভাবনা আর পুরোনো প্রজন্মের বিশ্বাসে হাতে হাত রেখে এগিয়ে যাবার এখনই সময়।,নতুন প্রজন্মের ভাবনা আর পুরোনো প্রজন্মের বিশ্বাসে হাতে হাত রেখে এগিয়ে যাবার এখনই সময়।
text withheld: corpus licence does not permit redistribution,0,0.0,banglasarc,ওরা মানুষ নয় ওরা জানোয়ার,ওরা মানুষ নয় ওরা জানোয়ার
text withheld: corpus licence does not permit redistribution,1,1.0,banglasarc,আপনি এটি সঠিকভাবে করে কিছু শিখবেন না,আপনি এটি সঠিকভাবে করে কিছু শিখবেন না
text withheld: corpus licence does not permit redistribution,0,0.0,banglasarc,অলে বাবালে স্পষ্ট ভাষায় আমরা যা শুনেছি তা কি ভুল শুনেছি নাকি তারপরও বলবো আপনি ভুল বুঝতে পেরে আল্লাহ্,অলে বাবালে স্পষ্ট ভাষায় আমরা যা শুনেছি তা কি ভুল শুনেছি নাকি তারপরও বলবো আপনি ভুল বুঝতে পেরে আল্লাহ্
text withheld: corpus licence does not permit redistribution,0,0.0,banglasarc,"প্রকৃত সেলিব্রিটি এরাই,,,স্যালুট ভাই ❣️","প্রকৃত সেলিব্রিটি এরাই,,,স্যালুট ভাই ❣️"
text withheld: corpus licence does not permit redistribution,0,0.0,banglasarc,জিংক ফসফেট ও পাউডার কোটিং-এর কারণে রিগ্যাল আলমারিতে মরিচা ধরে না আর এইচডি ডিজিটাল প্রিন্ট হওয়ায় এর রং থাকে আজীবন।,জিংক ফসফেট ও পাউডার কোটিং-এর কারণে রিগ্যাল আলমারিতে মরিচা ধরে না আর এইচডি ডিজিটাল প্রিন্ট হওয়ায় এর রং থাকে আজীবন।
text withheld: corpus licence does not permit redistribution,0,0.0,banglasarc,মানুষ না খেয়ে ভয়াবহ পরিস্থিতিতে আছে,মানুষ না খেয়ে ভয়াবহ পরিস্থিতিতে আছে
text withheld: corpus licence does not permit redistribution,0,0.0,banglasarc,দাওয়াত দিয়েন ভাই বিগ ফ্যান,দাওয়াত দিয়েন ভাই বিগ ফ্যান
text withheld: corpus licence does not permit redistribution,1,1.0,banglasarc,"""আমি আপনার মনোযোগের অধিকারী, মহিলা"" বলার এটি একটি অত্যন্ত দীর্ঘ পথ।","""আমি আপনার মনোযোগের অধিকারী, মহিলা"" বলার এটি একটি অত্যন্ত দীর্ঘ পথ।"
text withheld: corpus licence does not permit redistribution,0,0.0,banglasarc,আর ব্যাবস্থা নেয়া লাগবে না। এখন যা ব্যাবস্থা করোনাই নিবে। লিখে রাখেন আজ ২৩ মার্চ ২০২০। ২৩ এপ্রিল ২০২০ দেইখেন কেমন সাইজ চলে। আশা করি আমার কথাটা মিথ্যা হোক।,আর ব্যাবস্থা নেয়া লাগবে না। এখন যা ব্যাবস্থা করোনাই নিবে। লিখে রাখেন আজ ২৩ মার্চ ২০২০। ২৩ এপ্রিল ২০২০ দেইখেন কেমন সাইজ চলে। আশা করি আমার কথাটা মিথ্যা হোক।
text withheld: corpus licence does not permit redistribution,1,1.0,banglasarc,"আমি ফরাসিদের তাদের ব্যঙ্গাত্মক, তাদের বিদ্রূপের জন্য ভালবাসি।আমি তাদের খারাপ মেজাজের জন্য তাদের ভালবাসি।","আমি ফরাসিদের তাদের ব্যঙ্গাত্মক, তাদের বিদ্রূপের জন্য ভালবাসি।আমি তাদের খারাপ মেজাজের জন্য তাদের ভালবাসি।"
text withheld: corpus licence does not permit redistribution,1,1.0,banglasarc,আমেরিকানরা করার আগে কম্পিউটারগুলি কটূক্তি বুঝতে পারে।,আমেরিকানরা করার আগে কম্পিউটারগুলি কটূক্তি বুঝতে পারে।
text withheld: corpus licence does not permit redistribution,1,1.0,banglasarc,"""আপনি যখন আমার সাথে কথা বলছেন তখন আপনার মুখটি বন্ধ করুন।""","""আপনি যখন আমার সাথে কথা বলছেন তখন আপনার মুখটি বন্ধ করুন।"""
text withheld: corpus licence does not permit redistribution,1,1.0,banglasarc,"আপনি যখন আপনার দড়ির শেষে এসেছেন, তখন একটি গিঁট বেঁধে রাখুন।","আপনি যখন আপনার দড়ির শেষে এসেছেন, তখন একটি গিঁট বেঁধে রাখুন।"
text withheld: corpus licence does not permit redistribution,0,0.0,banglasarc,বেঁচে থাকলে জীবনে অনেক এডভেঞ্চার করতে পারবেন।,বেঁচে থাকলে জীবনে অনেক এডভেঞ্চার করতে পারবেন।
text withheld: corpus licence does not permit redistribution,1,1.0,banglasarc,আমরা এত নিকৃষ্ট যে আমরা একজন মানুষকে চাঁদে অবতরণ করেছি!,আমরা এত নিকৃষ্ট যে আমরা একজন মানুষকে চাঁদে অবতরণ করেছি!
text withheld: corpus licence does not permit redistribution,0,0.0,banglasarc,সত্যি ভাই খুব বেশি সুন্দর হয়েছে,সত্যি ভাই খুব বেশি সুন্দর হয়েছে
text withheld: corpus licence does not permit redistribution,0,0.0,banglasarc,"এতো পেচাল পড়ে লাভ কি ভাই,, বিডি সরকার নতজানু নীতির কারনেই উত্তরানঞ্চল আজ মরুভূমি হয়ে গেছে","এতো পেচাল পড়ে লাভ কি ভাই,, বিডি সরকার নতজানু নীতির কারনেই উত্তরানঞ্চল আজ মরুভূমি হয়ে গেছে"
text withheld: corpus licence does not permit redistribution,0,0.0,banglasarc,আমাদের নদী কমিশন আর যৌথ নদী কমিশন কি করে?,আমাদের নদী কমিশন আর যৌথ নদী কমিশন কি করে?
text withheld: corpus licence does not permit redistribution,1,1.0,banglasarc,যদি হিলারি জিততে পারে আমি কীভাবে এই জনতার মধ্যে একটিতে প্রয়োগ করব এবং তাদের কি ডেন্টাল বীমা রয়েছে?,যদি হিলারি জিততে পারে আমি কীভাবে এই জনতার মধ্যে একটিতে প্রয়োগ করব এবং তাদের কি ডেন্টাল বীমা রয়েছে?
text withheld: corpus licence does not permit redistribution,1,1.0,banglasarc,একেবারে কালো হয়ে যাওয়ার আগে এটি সর্বদা অন্ধকার।,একেবারে কালো হয়ে যাওয়ার আগে এটি সর্বদা অন্ধকার।
text withheld: corpus licence does not permit redistribution,1,1.0,banglasarc,জ্যামিতি ছাড়া জীবন অর্থহীন।,জ্যামিতি ছাড়া জীবন অর্থহীন।
text withheld: corpus licence does not permit redistribution,0,0.0,banglasarc,এই ব্লাক শাড়িটা আমি নিতে চাই। এটা কি সেল হয়েগেছে নাকি আছে।,এই ব্লাক শাড়িটা আমি নিতে চাই। এটা কি সেল হয়েগেছে নাকি আছে।
text withheld: corpus licence does not permit redistribution,1,1.0,banglasarc,বিশ্বে দুটি ধরণের লোক রয়েছে 1. জনগণ যারা কটাক্ষ বোঝে এবং প্রশংসা করে 2. ইডিয়টস,বিশ্বে দুটি ধরণের লোক রয়েছে 1. জনগণ যারা কটাক্ষ বোঝে এবং প্রশংসা করে 2. ইডিয়টস
text withheld: corpus licence does not permit redistribution,1,1.0,banglasarc,যখন কিছুই সরে না যায় তখন তারা কেন এটিকে রাশ আওয়ার বলে?,যখন কিছুই সরে না যায় তখন তারা কেন এটিকে রাশ আওয়ার বলে?
text withheld: corpus licence does not permit redistribution,0,0.0,banglasarc,পাডারফো পাডারা এই কথাটা একজন ভালোমানুষ দ্বারা বল্লেই পারতা!,পাডারফো পাডারা এই কথাটা একজন ভালোমানুষ দ্বারা বল্লেই পারতা!
text withheld: corpus licence does not permit redistribution,0,0.0,banglasarc,নাস্তিক শাহ্ রিয়ার কবিরের কারসাজি এটা। এই জানোয়ার তা মেয়ে কে বলে দিয়েছে এভাবে ক্ষমার নামে নাটক করার জন্য ।শাহরিয়ার কবির বহু ইতর লোক। ও মুসলিম বেশে দেশে পুরোদমে নাস্তিক্কবাদ প্রতিষ্ঠা করে যাচ্ছে ।,নাস্তিক শাহ্ রিয়ার কবিরের কারসাজি এটা। এই জানোয়ার তা মেয়ে কে বলে দিয়েছে এভাবে ক্ষমার নামে নাটক করার জন্য ।শাহরিয়ার কবির বহু ইতর লোক। ও মুসলিম বেশে দেশে পুরোদমে নাস্তিক্কবাদ প্রতিষ্ঠা করে যাচ্ছে ।
text withheld: corpus licence does not permit redistribution,1,1.0,banglasarc,আসুন আমরা পরিবারের অবশিষ্ট সদস্যদের জন্য একটি পারিবারিক জমায়েত করি যারা এখনও একে অপরের সাথে কথা বলে।,আসুন আমরা পরিবারের অবশিষ্ট সদস্যদের জন্য একটি পারিবারিক জমায়েত করি যারা এখনও একে অপরের সাথে কথা বলে।
text withheld: corpus licence does not permit redistribution,1,1.0,banglasarc,আমার দাদা একজন উচ্চ বিদ্যালয়ের অধ্যক্ষ ছিলেন এবং হাইস্কুল থেকে কখনও স্নাতক হননি।,আমার দাদা একজন উচ্চ বিদ্যালয়ের অধ্যক্ষ ছিলেন এবং হাইস্কুল থেকে কখনও স্নাতক হননি।
text withheld: corpus licence does not permit redistribution,0,0.0,banglasarc,প্রথমে দেখে ভাল লাগল তবে শেষটা দেখে মনটা খারাপ হয়ে গেছে,প্রথমে দেখে ভাল লাগল তবে শেষটা দেখে মনটা খারাপ হয়ে গেছে
text withheld: corpus licence does not permit redistribution,0,0.0,banglasarc,আল্লাহ তাকে হেদায়েত দিন,আল্লাহ তাকে হেদায়েত দিন
text withheld: corpus licence does not permit redistribution,0,0.0,banglasarc,আপনার ভিডিও গুলা অনেক ভালো লাগে❤️❤️,আপনার ভিডিও গুলা অনেক ভালো লাগে❤️❤️
text withheld: corpus licence does not permit redistribution,1,1.0,banglasarc,তাদের কাছে থাকা লোকদের বাদে প্রত্যেকে কীভাবে সন্তানকে বড় করতে জানে।,তাদের কাছে থাকা লোকদের বাদে প্রত্যেকে কীভাবে সন্তানকে বড় করতে জানে।
text withheld: corpus licence does not permit redistribution,0,0.0,banglasarc,মুসলমান না হলে কোন সমস্যা নেই। তোমার জন্য দোজখের আগুন ই যথেষ্ট। তবে হ্যাঁ আল্লাহ তোমাকে হেদায়েত দান করুন।,মুসলমান না হলে কোন সমস্যা নেই। তোমার জন্য দোজখের আগুন ই যথেষ্ট। তবে হ্যাঁ আল্লাহ তোমাকে হেদায়েত দান করুন।
text withheld: corpus licence does not permit redistribution,0,0.0,banglasarc,খুব অন্যায় হয়েছে শাস্তি পেতে হবে 😂,খুব অন্যায় হয়েছে শাস্তি পেতে হবে 😂
text withheld: corpus licence does not permit redistribution,0,0.0,banglasarc,আপু লাল বেগুন ও নিয়া আসচেন?,আপু লাল বেগুন ও নিয়া আসচেন?
text withheld: corpus licence does not permit redistribution,1,1.0,banglasarc,"আমি স্কুলে যাই, তবে আমি কী জানতে চাই তা কখনই শিখি না।","আমি স্কুলে যাই, তবে আমি কী জানতে চাই তা কখনই শিখি না।"
text withheld: corpus licence does not permit redistribution,1,1.0,banglasarc,সুন্দর সুগন্ধি।আপনি কি এতে মেরিনেট করতে হবে?,সুন্দর সুগন্ধি।আপনি কি এতে মেরিনেট করতে হবে?
text withheld: corpus licence does not permit redistribution,0,0.0,banglasarc,পিরিতের পেত্নী ও সুন্দর কবি বলিয়াছেন,পিরিতের পেত্নী ও সুন্দর কবি বলিয়াছেন
text withheld: corpus licence does not permit redistribution,0,0.0,banglasarc,"জনগণ নাটক দেখতে দেখতে এতোই পারদর্শী,,, যে,,, নাটক দেখার আগেই মূল গল্প বলতে পারে,,,,,😀","জনগণ নাটক দেখতে দেখতে এতোই পারদর্শী,,, যে,,, নাটক দেখার আগেই মূল গল্প বলতে পারে,,,,,😀"
text withheld: corpus licence does not permit redistribution,0,0.0,banglasarc,এখন এসব সস্তা ভিডিও। পারলে নতুন কিছু ভাবেন।,এখন এসব সস্তা ভিডিও। পারলে নতুন কিছু ভাবেন।
text withheld: corpus licence does not permit redistribution,1,1.0,banglasarc,"সহজ প্রশ্ন, ট্রাম্পের ট্যাক্স রিটার্ন কোথায়?","সহজ প্রশ্ন, ট্রাম্পের ট্যাক্স রিটার্ন কোথায়?"
text withheld: corpus licence does not permit redistribution,0,0.0,banglasarc,আমাদের জ্বলছে কারন সংকট মোকাবিলায় পাকিস্তানের সঙ্গে কাজ করলে আমরা খুসি হতাম।,আমাদের জ্বলছে কারন সংকট মোকাবিলায় পাকিস্তানের সঙ্গে কাজ করলে আমরা খুসি হতাম।
text withheld: corpus licence does not permit redistribution,0,0.0,banglasarc,আমরা পৌঁছে দিবো সেই অসহায় মানুষ গুলোর কাছে ইনশাআল্লাহ।,আমরা পৌঁছে দিবো সেই অসহায় মানুষ গুলোর কাছে ইনশাআল্লাহ।
text withheld: corpus licence does not permit redistribution,1,1.0,banglasarc,"এই মুহুর্তে, এটি কী পার্থক্য করে?","এই মুহুর্তে, এটি কী পার্থক্য করে?"
text withheld: corpus licence does not permit redistribution,0,0.0,banglasarc,এত সুন্দর করে বলার ভাষা সবার থাকে না আসলে বেঁচে থাকার জন্য যুদ্ধটা নিজেরই করতে হয়।,এত সুন্দর করে বলার ভাষা সবার থাকে না আসলে বেঁচে থাকার জন্য যুদ্ধটা নিজেরই করতে হয়।
text withheld: corpus licence does not permit redistribution,1,1.0,banglasarc,"আমি দুঃখিত.আমি শুনছিলাম, কোথাও না হওয়া পর্যন্ত আমি এই উচ্চস্বরে, অশ্লীল আওয়াজ দ্বারা বিভ্রান্ত হয়ে পড়েছিলাম যা আপনার কণ্ঠস্বর হিসাবে পরিণত হয়েছিল।","আমি দুঃখিত.আমি শুনছিলাম, কোথাও না হওয়া পর্যন্ত আমি এই উচ্চস্বরে, অশ্লীল আওয়াজ দ্বারা বিভ্রান্ত হয়ে পড়েছিলাম যা আপনার কণ্ঠস্বর হিসাবে পরিণত হয়েছিল।"
text withheld: corpus licence does not permit redistribution,0,0.0,banglasarc,এ ক্ষত কোনোদিন পূরণ হবার নয় 💔😓,এ ক্ষত কোনোদিন পূরণ হবার নয় 💔😓
text withheld: corpus licence does not permit redistribution,0,0.0,banglasarc,জুলাই মাসে শ্রীলংকা সফরে যাচ্ছে টাইগাররা......সুএ..71 tv,জুলাই মাসে শ্রীলংকা সফরে যাচ্ছে টাইগাররা......সুএ..71 tv
text withheld: corpus licence does not permit redistribution,0,0.0,banglasarc,"তোমার কথাগুলো শুনে,,আমি অনেক কেদেছি কারন আমার বাবা মা নেই","তোমার কথাগুলো শুনে,,আমি অনেক কেদেছি কারন আমার বাবা মা নেই"
text withheld: corpus licence does not permit redistribution,1,1.0,banglasarc,যদি এই বেসরকারী স্কুলটি তাদের বহিষ্কার করতে চায় তবে তারা এটি করতে পারে তবে অবৈধ অনুসন্ধান এবং আগ্নেয়াস্ত্র চুরির বিষয়টি অবর্ণনীয় এবং আমি আশা করি এটি স্কুলটির জন্য খুব ব্যয় করে।,যদি এই বেসরকারী স্কুলটি তাদের বহিষ্কার করতে চায় তবে তারা এটি করতে পারে তবে অবৈধ অনুসন্ধান এবং আগ্নেয়াস্ত্র চুরির বিষয়টি অবর্ণনীয় এবং আমি আশা করি এটি স্কুলটির জন্য খুব ব্যয় করে।
text withheld: corpus licence does not permit redistribution,0,0.0,banglasarc,অবিলম্বে এই বৃক্ষপ্রেমীর মুক্তি চাই ✊🌚,অবিলম্বে এই বৃক্ষপ্রেমীর মুক্তি চাই ✊🌚
text withheld: corpus licence does not permit redistribution,0,0.0,banglasarc,"আল্লাহর ক্ষমা হয়তো পেতে পারেন, তবে বঙ্গবাসি ফেসবুকজীবি মুমিনের ক্ষমা পেতে হলে এতো সহজে চিড়া ভিজবে না।","আল্লাহর ক্ষমা হয়তো পেতে পারেন, তবে বঙ্গবাসি ফেসবুকজীবি মুমিনের ক্ষমা পেতে হলে এতো সহজে চিড়া ভিজবে না।"
text withheld: corpus licence does not permit redistribution,1,1.0,banglasarc,বাচ্চা ঝরনা কে আগাছা নিয়ে আসে?,বাচ্চা ঝরনা কে আগাছা নিয়ে আসে?
text withheld: corpus licence does not permit redistribution,0,0.0,banglasarc,মাশাআল্লাহ আমি ও এমন করি মোবাইল দেখার সময়।,মাশাআল্লাহ আমি ও এমন করি মোবাইল দেখার সময়।
text withheld: corpus licence does not permit redistribution,0,0.0,banglasarc,ইমান আলীরাই সত্যিকারের সৎলোক। দেশপ্রেমিক ও সুখী মানুষ এরাই।,ইমান আলীরাই সত্যিকারের সৎলোক। দেশপ্রেমিক ও সুখী মানুষ এরাই।
text withheld: corpus licence does not permit redistribution,1,1.0,banglasarc,আপনি এবং আপনার বন্ধুরা যখন একই জিনিস সম্পর্কে রাগান্বিত হন তখন সত্য বন্ধন হয়।,আপনি এবং আপনার বন্ধুরা যখন একই জিনিস সম্পর্কে রাগান্বিত হন তখন সত্য বন্ধন হয়।
text withheld: corpus licence does not permit redistribution,0,0.0,banglasarc,"অনন্ত জলিল মানবিক 'নায়ক', ওনার সাথে কাউকে তুলনা করা বোকামি।","অনন্ত জলিল মানবিক 'নায়ক', ওনার সাথে কাউকে তুলনা করা বোকামি।"
text withheld: corpus licence does not permit redistribution,0,0.0,banglasarc,"আমি মানতে চাই না যে তুমি আমার চেয়ে অনেক সিনিয়র, কিন্তু বার বার কেন যেন আজ তোমার চেহারা বলে উঠে তুমি অনেক সিনিয়র","আমি মানতে চাই না যে তুমি আমার চেয়ে অনেক সিনিয়র, কিন্তু বার বার কেন যেন আজ তোমার চেহারা বলে উঠে তুমি অনেক সিনিয়র"
text withheld: corpus licence does not permit redistribution,1,1.0,banglasarc,লোকেরা বলে যে হাসি হ'ল সেরা ওষুধ ... আপনার মুখটি অবশ্যই বিশ্বকে নিরাময় করবে।,লোকেরা বলে যে হাসি হ'ল সেরা ওষুধ ... আপনার মুখটি অবশ্যই বিশ্বকে নিরাময় করবে।
text withheld: corpus licence does not permit redistribution,1,1.0,banglasarc,"লোকেরা যখন আপনাকে চোখ বন্ধ করে শুয়ে দেখছে, তখনও তারা জিজ্ঞাসা করে ""আপনি কি ঘুমাচ্ছেন?""এবং আমি পছন্দ করি, ""না।আমি মারা যাওয়ার প্রশিক্ষণ দিচ্ছি। ""","লোকেরা যখন আপনাকে চোখ বন্ধ করে শুয়ে দেখছে, তখনও তারা জিজ্ঞাসা করে ""আপনি কি ঘুমাচ্ছেন?""এবং আমি পছন্দ করি, ""না।আমি মারা যাওয়ার প্রশিক্ষণ দিচ্ছি। """
text withheld: corpus licence does not permit redistribution,0,0.0,banglasarc,"মানুষ হিসাবে এভাবেই পথ চলা উচিত। কথাগুলো বাস্তব জীবনের সঙ্গে মিলে গেছে,,,,,","মানুষ হিসাবে এভাবেই পথ চলা উচিত। কথাগুলো বাস্তব জীবনের সঙ্গে মিলে গেছে,,,,,"
text withheld: corpus licence does not permit redistribution,1,1.0,banglasarc,আমার ধারণা এখন এটি আমার জীবন ...,আমার ধারণা এখন এটি আমার জীবন ...
text withheld: corpus licence does not permit redistribution,0,0.0,banglasarc,"আপনি যাকে ভালোবাসেন, ইচ্ছা করলেই তাকে হেদায়াত করতে পারবেন না।","আপনি যাকে ভালোবাসেন, ইচ্ছা করলেই তাকে হেদায়াত করতে পারবেন না।"
text withheld: corpus licence does not permit redistribution,1,1.0,banglasarc,"ওহ, তুমি আমাকে ঘৃণা কর?ক্লাবে যোগদান কর!f..ck আপনি সেন্টের কোণে সাপ্তাহিক সভাগুলি রয়েছে এবং আমার গাধা ব্লাভডি চুম্বন করুন","ওহ, তুমি আমাকে ঘৃণা কর?ক্লাবে যোগদান কর!f..ck আপনি সেন্টের কোণে সাপ্তাহিক সভাগুলি রয়েছে এবং আমার গাধা ব্লাভডি চুম্বন করুন"
text withheld: corpus licence does not permit redistribution,0,0.0,banglasarc,"প্রকৃতি কাছে মানুষ অসহায়, প্রকৃতির ভয়ঙ্কর রুপ মানুষ এখনো দেখে নাই যেটুকুই দেখছে সীমিত","প্রকৃতি কাছে মানুষ অসহায়, প্রকৃতির ভয়ঙ্কর রুপ মানুষ এখনো দেখে নাই যেটুকুই দেখছে সীমিত"
text withheld: corpus licence does not permit redistribution,1,1.0,banglasarc,"""আমাকে বিয়ে করুন এবং আমি আর কোনও ঘোড়ার দিকে তাকাব না!""গ্রুচো মার্কস","""আমাকে বিয়ে করুন এবং আমি আর কোনও ঘোড়ার দিকে তাকাব না!""গ্রুচো মার্কস"
text withheld: corpus licence does not permit redistribution,0,0.0,banglasarc,জুতা পেটা করা উচিত। শালি রাজাকার,জুতা পেটা করা উচিত। শালি রাজাকার
text withheld: corpus licence does not permit redistribution,1,1.0,banglasarc,কিছু তারা যেখানেই যায় সেখানে সুখ দেয়;অন্যরা যখনই যায়।,কিছু তারা যেখানেই যায় সেখানে সুখ দেয়;অন্যরা যখনই যায়।
text withheld: corpus licence does not permit redistribution,0,0.0,banglasarc,দোয়া করবেন আমরা যেন পাই।,দোয়া করবেন আমরা যেন পাই।
text withheld: corpus licence does not permit redistribution,1,1.0,banglasarc,"আপনি কি প্রথম দর্শনে প্রেমে বিশ্বাস করেন বা আমাকে আবার হাঁটতে হবে? ""","আপনি কি প্রথম দর্শনে প্রেমে বিশ্বাস করেন বা আমাকে আবার হাঁটতে হবে? """
text withheld: corpus licence does not permit redistribution,0,0.0,banglasarc,এটার জন্য তদন্ত কমিটি গঠন করা হউক,এটার জন্য তদন্ত কমিটি গঠন করা হউক
text withheld: corpus licence does not permit redistribution,1,1.0,banglasarc,আমি কেবল যত্ন করি না এর অর্থ এই নয় যে আমি বুঝতে পারি না,আমি কেবল যত্ন করি না এর অর্থ এই নয় যে আমি বুঝতে পারি না
text withheld: corpus licence does not permit redistribution,0,0.0,banglasarc,লোকটা ট্রাম্পের মত ম্যানটেল বুঝেনা তো বুঝে না,লোকটা ট্রাম্পের মত ম্যানটেল বুঝেনা তো বুঝে না
text withheld: corpus licence does not permit redistribution,0,0.0,banglasarc,বাংলাদেশের অনেকেই রান্না-বান্না নিয়ে কন্টেন্ট তৈরী করে থাকে। কিন্তু আপনার তৈরী কন্টেন্ট সবার থেকে একেবারেই আলাদা এবং ভিন্নধর্মী। ভিডিও গুলো বেশ উপকারী।,বাংলাদেশের অনেকেই রান্না-বান্না নিয়ে কন্টেন্ট তৈরী করে থাকে। কিন্তু আপনার তৈরী কন্টেন্ট সবার থেকে একেবারেই আলাদা এবং ভিন্নধর্মী। ভিডিও গুলো বেশ উপকারী।
text withheld: corpus licence does not permit redistribution,0,0.0,banglasarc,অনেক শুভকামনা রইল,অনেক শুভকামনা রইল
text withheld: corpus licence does not permit redistribution,0,0.0,banglasarc,সব দেখা শেষ। :),সব দেখা শেষ। :)
text withheld: corpus licence does not permit redistribution,1,1.0,banglasarc,"""আমি আর চাই না এমন কাউকে আমি চাই।""","""আমি আর চাই না এমন কাউকে আমি চাই।"""
text withheld: corpus licence does not permit redistribution,0,0.0,banglasarc,আপনারা তো অনেক খুশিতে আছেন আর ওইদিগে সিলেট মানুষ কেঁদে কেঁদে হয়রান একটু ওদের পাশে দারান,আপনারা তো অনেক খুশিতে আছেন আর ওইদিগে সিলেট মানুষ কেঁদে কেঁদে হয়রান একটু ওদের পাশে দারান
text withheld: corpus licence does not permit redistribution,0,0.0,banglasarc,সারা দেশে এসএসসি পরীক্ষা স্থগিত এখন বুঝতেই পারছেন সিলেটে পানির পরিস্থিতি কিরকম ভয়াবহ। 😐,সারা দেশে এসএসসি পরীক্ষা স্থগিত এখন বুঝতেই পারছেন সিলেটে পানির পরিস্থিতি কিরকম ভয়াবহ। 😐
text withheld: corpus licence does not permit redistribution,0,0.0,banglasarc,"ভাইয়া আপনারা মানিকগঞ্জে এসেছেন দেখে খুব ভালো লাগলো আগে জানিয়ে আসলে দেখা করতে যেতাম অবশ্যই মানিকগঞ্জ এমন একটা জায়গা যেখানে আপনি সবকিছুরই ছোঁয়া পাবেন গ্রাম, শহর, নদী-নালা এই জন্যই এখানে থাকতে মন চায় সবারই শুভ জন্মদিন ভাইয়া এবং অনেক অনেক ভালোবাসা আপনাদের জন্য","ভাইয়া আপনারা মানিকগঞ্জে এসেছেন দেখে খুব ভালো লাগলো আগে জানিয়ে আসলে দেখা করতে যেতাম অবশ্যই মানিকগঞ্জ এমন একটা জায়গা যেখানে আপনি সবকিছুরই ছোঁয়া পাবেন গ্রাম, শহর, নদী-নালা এই জন্যই এখানে থাকতে মন চায় সবারই শুভ জন্মদিন ভাইয়া এবং অনেক অনেক ভালোবাসা আপনাদের জন্য"
text withheld: corpus licence does not permit redistribution,1,1.0,banglasarc,স্ক্রিমিন সিসিলিয়ান ব্র্যান্ডটি বেশ সুস্বাদু।,স্ক্রিমিন সিসিলিয়ান ব্র্যান্ডটি বেশ সুস্বাদু।
text withheld: corpus licence does not permit redistribution,0,0.0,banglasarc,আমি যদি কোন ভুল করে থাকি !!!! মানে আপনি এখনো শিওর না যে ভুল করেছেন কিনা !!!! আর ফেসবুকের বিচার চেয়ে শাহবাগে দারান কারন এটা জাতীয় অপরাধ !!!! হা হা হা,আমি যদি কোন ভুল করে থাকি !!!! মানে আপনি এখনো শিওর না যে ভুল করেছেন কিনা !!!! আর ফেসবুকের বিচার চেয়ে শাহবাগে দারান কারন এটা জাতীয় অপরাধ !!!! হা হা হা
text withheld: corpus licence does not permit redistribution,1,1.0,banglasarc,লোকেরা আমাকে কী মনে করে তা আমি চিন্তা করি না।কমপক্ষে মশা আমাকে আকর্ষণীয় মনে করে,লোকেরা আমাকে কী মনে করে তা আমি চিন্তা করি না।কমপক্ষে মশা আমাকে আকর্ষণীয় মনে করে
text withheld: corpus licence does not permit redistribution,0,0.0,banglasarc,মানবতার জয় হোক,মানবতার জয় হোক
text withheld: corpus licence does not permit redistribution,0,0.0,banglasarc,তুমি দুবাই ঘরোয়া কোন আমন্তনে আসব।,তুমি দুবাই ঘরোয়া কোন আমন্তনে আসব।
text withheld: corpus licence does not permit redistribution,0,0.0,banglasarc,তুমি কতো চমৎকার করে সব নেগেটিভ বিষয়কে হাসি তামাশা করে উড়িয়ে দাও।,তুমি কতো চমৎকার করে সব নেগেটিভ বিষয়কে হাসি তামাশা করে উড়িয়ে দাও।
text withheld: corpus licence does not permit redistribution,0,0.0,banglasarc,"নিশ্চই আল্লাহ সবার মনের অবস্থার কথা জানেন। সুতরাং পালাবার কোন অবকাশ নাই। আমরা আমাদের ভুলগুলো সুধরে নেই আমাদের নেক আমল দ্বারা। নিশ্চই আল্লাহ সবকিছু যানেন,,সবকিছুই বুঝেন।তিনি পরাক্রমশালী প্রজ্ঞাময়।","নিশ্চই আল্লাহ সবার মনের অবস্থার কথা জানেন। সুতরাং পালাবার কোন অবকাশ নাই। আমরা আমাদের ভুলগুলো সুধরে নেই আমাদের নেক আমল দ্বারা। নিশ্চই আল্লাহ সবকিছু যানেন,,সবকিছুই বুঝেন।তিনি পরাক্রমশালী প্রজ্ঞাময়।"
text withheld: corpus licence does not permit redistribution,1,1.0,banglasarc,হাস্যরসের অনুভূতিটি মূলত একই ... এটাই আমাকে পায়,হাস্যরসের অনুভূতিটি মূলত একই ... এটাই আমাকে পায়
text withheld: corpus licence does not permit redistribution,0,0.0,banglasarc,"আপু এইরকম ছবি দিয়েন না, দিলে জখম লাগে","আপু এইরকম ছবি দিয়েন না, দিলে জখম লাগে"
text withheld: corpus licence does not permit redistribution,0,0.0,banglasarc,মহান মানুষের মহৎ গুণ,মহান মানুষের মহৎ গুণ
text withheld: corpus licence does not permit redistribution,0,0.0,banglasarc,ইম্রান এইডস সরকারের জাইংগার গন্ধ শুকছে মনে হয়! নাস্তিক শালি। সামনে রোজার মাস। আর কত্ত বড় কথা!!!! এই ঈদে অর কোন নাটক দেখতে চাই না। যে অর সাথে কাজ করবে সেই নাস্তিক,ইম্রান এইডস সরকারের জাইংগার গন্ধ শুকছে মনে হয়! নাস্তিক শালি। সামনে রোজার মাস। আর কত্ত বড় কথা!!!! এই ঈদে অর কোন নাটক দেখতে চাই না। যে অর সাথে কাজ করবে সেই নাস্তিক
text withheld: corpus licence does not permit redistribution,0,0.0,banglasarc,আমাদের বাংলাদেশ ও অনেক সুন্দর। 🌷,আমাদের বাংলাদেশ ও অনেক সুন্দর। 🌷
text withheld: corpus licence does not permit redistribution,0,0.0,banglasarc,এইটাই শেষ দেখা তার সাথে।,এইটাই শেষ দেখা তার সাথে।
text withheld: corpus licence does not permit redistribution,0,0.0,banglasarc,চাঁদ সুন্দর এই চাঁদকে যিনি বানিয়েছেন জানিনা তিনি কত সুন্দর সুবহানআল্লাহ,চাঁদ সুন্দর এই চাঁদকে যিনি বানিয়েছেন জানিনা তিনি কত সুন্দর সুবহানআল্লাহ
text withheld: corpus licence does not permit redistribution,0,0.0,banglasarc,"সকল সাংবাদিক ভাইদের ধন্যবাদ, এতোকষ্ট করে এই নিউজ গুলো কভার করতেছেন আপনারা","সকল সাংবাদিক ভাইদের ধন্যবাদ, এতোকষ্ট করে এই নিউজ গুলো কভার করতেছেন আপনারা"
text withheld: corpus licence does not permit redistribution,1,1.0,banglasarc,সারকাসম একটি শিল্প।এটি যদি বিজ্ঞান হয় তবে আমার পিএইচডি থাকত।,সারকাসম একটি শিল্প।এটি যদি বিজ্ঞান হয় তবে আমার পিএইচডি থাকত।
text withheld: corpus licence does not permit redistribution,1,1.0,banglasarc,আপনি কি এমন লোকদের ঘৃণা করেন না যারা কেবল নিজেকে দৃ res ়প্রত্যয়ী দেখানোর জন্য বড় শব্দ ব্যবহার করেন?,আপনি কি এমন লোকদের ঘৃণা করেন না যারা কেবল নিজেকে দৃ res ়প্রত্যয়ী দেখানোর জন্য বড় শব্দ ব্যবহার করেন?
text withheld: corpus licence does not permit redistribution,0,0.0,banglasarc,নাস্তিকদের শাস্তি আল্লাহ দুনিয়াতেই দিবে।ওয়েট কর।,নাস্তিকদের শাস্তি আল্লাহ দুনিয়াতেই দিবে।ওয়েট কর।
text withheld: corpus licence does not permit redistribution,0,0.0,banglasarc,"বাবা। কৈশর, যৌবন পেরিয়ে বদলে যাওয়া এক জীবন নিয়ে চলতে থাকা এক চরিত্র।","বাবা। কৈশর, যৌবন পেরিয়ে বদলে যাওয়া এক জীবন নিয়ে চলতে থাকা এক চরিত্র।"
text withheld: corpus licence does not permit redistribution,0,0.0,banglasarc,আশেপাশের মানুষেরা এমন এগিয়ে আসলেই হবে,আশেপাশের মানুষেরা এমন এগিয়ে আসলেই হবে
text withheld: corpus licence does not permit redistribution,0,0.0,banglasarc,ফাগুন হাওয়ায়।,ফাগুন হাওয়ায়।
text withheld: corpus licence does not permit redistribution,1,1.0,banglasarc,"আমি আপনাকে নিশ্চিতভাবে বলতে পারি না, তবে আমি জানি যে আপনি গেমটি চালু করার সাথে সাথে রত্নগুলি একটি গেম গণনা করে।","আমি আপনাকে নিশ্চিতভাবে বলতে পারি না, তবে আমি জানি যে আপনি গেমটি চালু করার সাথে সাথে রত্নগুলি একটি গেম গণনা করে।"
text withheld: corpus licence does not permit redistribution,1,1.0,banglasarc,আপনি কি প্রথম দর্শনে প্রেমে বিশ্বাস করেন বা আমাকে আবার হাঁটতে হবে?,আপনি কি প্রথম দর্শনে প্রেমে বিশ্বাস করেন বা আমাকে আবার হাঁটতে হবে?
text withheld: corpus licence does not permit redistribution,1,1.0,banglasarc,"""কারও দাঁত বেঁধে একটি হাসি বিভ্রান্ত করবেন না।""","""কারও দাঁত বেঁধে একটি হাসি বিভ্রান্ত করবেন না।"""
text withheld: corpus licence does not permit redistribution,0,0.0,banglasarc,"একেই বলে বন্ধুত্বের ভালবাসা, ভাল লাগল।","একেই বলে বন্ধুত্বের ভালবাসা, ভাল লাগল।"
text withheld: corpus licence does not permit redistribution,0,0.0,banglasarc,তাদের থেকে অনেক বেশি টাকা নিয়ে ভর্তি করা হয়।,তাদের থেকে অনেক বেশি টাকা নিয়ে ভর্তি করা হয়।
text withheld: corpus licence does not permit redistribution,0,0.0,banglasarc,জ্বালানি সাশ্রয় পরিবেশবান্ধব পরিবহন,জ্বালানি সাশ্রয় পরিবেশবান্ধব পরিবহন
text withheld: corpus licence does not permit redistribution,0,0.0,banglasarc,"জাহেদ খান আমার বালের নায়ক,কয়টা মুবিতে অভিনয় করছে আমার মনে হয়ে হাতে গোনা দুই তিনটা বেশি না,,,","জাহেদ খান আমার বালের নায়ক,কয়টা মুবিতে অভিনয় করছে আমার মনে হয়ে হাতে গোনা দুই তিনটা বেশি না,,,"
text withheld: corpus licence does not permit redistribution,0,0.0,banglasarc,"এই সাফা কবির আমরা সব বুঝি তোমার প্রতি ঘৃণা ছাড়া আর কোন কিছু নেই,,, কোরমা পোলাও দিয়ে ভাত খেয়ে শুটকির গাভলায় হাত ঢুকিয়ে দিয়ে আমাদের শুঁটকির গন্ধ শুকাইও না ,,,,","এই সাফা কবির আমরা সব বুঝি তোমার প্রতি ঘৃণা ছাড়া আর কোন কিছু নেই,,, কোরমা পোলাও দিয়ে ভাত খেয়ে শুটকির গাভলায় হাত ঢুকিয়ে দিয়ে আমাদের শুঁটকির গন্ধ শুকাইও না ,,,,"
text withheld: corpus licence does not permit redistribution,0,0.0,banglasarc,কথা গুলো সত্যিই অসাধারণ বলেছেন অসহায় মেয়েদের সত্যিই পেছনে না ঘুরে সামনে এগিয়ে চলা উচিত।,কথা গুলো সত্যিই অসাধারণ বলেছেন অসহায় মেয়েদের সত্যিই পেছনে না ঘুরে সামনে এগিয়ে চলা উচিত।
text withheld: corpus licence does not permit redistribution,0,0.0,banglasarc,দেখে তো মনে হয় না এতো শয়তান আপনি,দেখে তো মনে হয় না এতো শয়তান আপনি
text withheld: corpus licence does not permit redistribution,0,0.0,banglasarc,বাবা দিবসের শুভেচ্ছা,বাবা দিবসের শুভেচ্ছা
text withheld: corpus licence does not permit redistribution,0,0.0,banglasarc,শুধুমাত্র অধিক গতি এসব দুর্ঘটনার কারণ! সবাইকে সচেতন হতে হবে।,শুধুমাত্র অধিক গতি এসব দুর্ঘটনার কারণ! সবাইকে সচেতন হতে হবে।
text withheld: corpus licence does not permit redistribution,1,1.0,banglasarc,কেউ নিখুঁত নয় আমি কোনও দেহ নই আমি নিখুঁত,কেউ নিখুঁত নয় আমি কোনও দেহ নই আমি নিখুঁত
text withheld: corpus licence does not permit redistribution,0,0.0,banglasarc,অনুপ্রেরণার অতীব উদগিরন থেকেই তিনি এই অমিয় বানী নিসাঃরন করিয়াছেন...!!!!,অনুপ্রেরণার অতীব উদগিরন থেকেই তিনি এই অমিয় বানী নিসাঃরন করিয়াছেন...!!!!
text withheld: corpus licence does not permit redistribution,0,0.0,banglasarc,"এলিয়েন এ্যাটাক, সুনামি, অদ্ভুত প্রাণি সব আমেরিকার😐 অবশ্য ওদের ওখানে আমাদের দেশের মত দামী স্থাপনা নেই🥴","এলিয়েন এ্যাটাক, সুনামি, অদ্ভুত প্রাণি সব আমেরিকার😐 অবশ্য ওদের ওখানে আমাদের দেশের মত দামী স্থাপনা নেই🥴"
text withheld: corpus licence does not permit redistribution,0,0.0,banglasarc,বাংলাদেশ চিরজিবী হোক ❤️🇧🇩❤️,বাংলাদেশ চিরজিবী হোক ❤️🇧🇩❤️
text withheld: corpus licence does not permit redistribution,0,0.0,banglasarc,অসাধারণ একটি সারি আমি নিয়েছি,অসাধারণ একটি সারি আমি নিয়েছি
text withheld: corpus licence does not permit redistribution,0,0.0,banglasarc,দেশের অবদান তোমরা ধরে রাখতে পারবা,দেশের অবদান তোমরা ধরে রাখতে পারবা
text withheld: corpus licence does not permit redistribution,0,0.0,banglasarc,বিশ্ববিদ্যালয় হলো সুন্দর মনন গঠনের প্ল্যাটফর্ম।,বিশ্ববিদ্যালয় হলো সুন্দর মনন গঠনের প্ল্যাটফর্ম।
text withheld: corpus licence does not permit redistribution,0,0.0,banglasarc,"যাক, আফজাল হোসেন, একটা শক্ত চরিএে। দেখতে হবে অবশ্যই।","যাক, আফজাল হোসেন, একটা শক্ত চরিএে। দেখতে হবে অবশ্যই।"
text withheld: corpus licence does not permit redistribution,0,0.0,banglasarc,এই ক্ষমা চাওয়াটাও আরেক রকম বাটপারি!!,এই ক্ষমা চাওয়াটাও আরেক রকম বাটপারি!!
text withheld: corpus licence does not permit redistribution,0,0.0,banglasarc,এইটা জানা জাতির জন্য অতান্ত্য জরুরী।,এইটা জানা জাতির জন্য অতান্ত্য জরুরী।
text withheld: corpus licence does not permit redistribution,1,1.0,banglasarc,নিজেকে এবং জীবনে আপনি যে সমস্যার মুখোমুখি হন তা দেখে হাসতে সক্ষম হওয়াই ভাল।হাস্যরসের অনুভূতি আপনাকে বাঁচাতে পারে।,নিজেকে এবং জীবনে আপনি যে সমস্যার মুখোমুখি হন তা দেখে হাসতে সক্ষম হওয়াই ভাল।হাস্যরসের অনুভূতি আপনাকে বাঁচাতে পারে।
text withheld: corpus licence does not permit redistribution,0,0.0,banglasarc,ঈমান সাতটি বিশ্বাসের উপর প্রতিষ্ঠিত। তারমধ্যে পরকাল একটি! পরকালে বিশ্বাস না করলে সমস্যা নেই কারণ আপনি নাস্তিক! প্রত্যেক মানুষের তার নিজস্ব ভাবে চলাফেরা ও বিশ্বাস এর অধিকার আপনি মুসলমান থেকে নাম সরিয়ে ফেলুন,ঈমান সাতটি বিশ্বাসের উপর প্রতিষ্ঠিত। তারমধ্যে পরকাল একটি! পরকালে বিশ্বাস না করলে সমস্যা নেই কারণ আপনি নাস্তিক! প্রত্যেক মানুষের তার নিজস্ব ভাবে চলাফেরা ও বিশ্বাস এর অধিকার আপনি মুসলমান থেকে নাম সরিয়ে ফেলুন
text withheld: corpus licence does not permit redistribution,0,0.0,banglasarc,তারা ধারণ করেন আবেগ আর অনুভূতির সবটুকু দিয়ে।,তারা ধারণ করেন আবেগ আর অনুভূতির সবটুকু দিয়ে।
text withheld: corpus licence does not permit redistribution,0,0.0,banglasarc,"একজন অভিনেত্রী একটা কথা বলেছেন ,তার বিশ্বাস নিয়ে আর তার জন্যে আমাদের এত মাথা ব্যথা? কেন রে বাপু? তোমাদের ফেবু কমেন্টস কি তার বিশ্বাস ভাঙতে পারবে? সে নাস্তিক এটা পরিষ্কার অনেক আগে থেকেই, আপনাদের কি মনে হয় তার এই পোষ্ট কি তার অণূতপ্ততা থেকে দেওয়া ? যদি তাই মনে করেন, তাহলে আপনারা বোকার স্বর্গে বাস করছেন, এই পোস্ট শুধুমাত্র তার অভিনয়, আপনারা লাফালাফি শুরু করেছেন , এই নাস্তিক পরিবার আড়ালে বসে হাসছে! আমাদের বর্তমান সমাজ রীতিমত এদের হাতে বন্ধী, এদের কে দামী গাড়ি, বিশাল বাড়িতে থাকার পথ কিন্তু আমরাই করে দিয়েছি, আমাদের কারণেই এরা চেলিব্রেটি হয়েছে, মুল কথা হচ্ছে আজকে এই নাস্তিক নিয়ে আপনারা যতই লিখা লেখি করেন , তাতে তাদের ক্ষতি কিছু হচ্ছে না, ধর্মপ্রান মানুষের অনুভূতিতে আঘাত করে সে তার প্রচারণার কাজ টা আপনাদের দিয়ে করিয়ে নিচ্ছে, বুদ্ধিমানের জন্য ইশারাই যথেষ্ট ,","একজন অভিনেত্রী একটা কথা বলেছেন ,তার বিশ্বাস নিয়ে আর তার জন্যে আমাদের এত মাথা ব্যথা? কেন রে বাপু? তোমাদের ফেবু কমেন্টস কি তার বিশ্বাস ভাঙতে পারবে? সে নাস্তিক এটা পরিষ্কার অনেক আগে থেকেই, আপনাদের কি মনে হয় তার এই পোষ্ট কি তার অণূতপ্ততা থেকে দেওয়া ? যদি তাই মনে করেন, তাহলে আপনারা বোকার স্বর্গে বাস করছেন, এই পোস্ট শুধুমাত্র তার অভিনয়, আপনারা লাফালাফি শুরু করেছেন , এই নাস্তিক পরিবার আড়ালে বসে হাসছে! আমাদের বর্তমান সমাজ রীতিমত এদের হাতে বন্ধী, এদের কে দামী গাড়ি, বিশাল বাড়িতে থাকার পথ কিন্তু আমরাই করে দিয়েছি, আমাদের কারণেই এরা চেলিব্রেটি হয়েছে, মুল কথা হচ্ছে আজকে এই নাস্তিক নিয়ে আপনারা যতই লিখা লেখি করেন , তাতে তাদের ক্ষতি কিছু হচ্ছে না, ধর্মপ্রান মানুষের অনুভূতিতে আঘাত করে সে তার প্রচারণার কাজ টা আপনাদের দিয়ে করিয়ে নিচ্ছে, বুদ্ধিমানের জন্য ইশারাই যথেষ্ট ,"
text withheld: corpus licence does not permit redistribution,1,1.0,banglasarc,"""আমি ভাবতে শুরু করছি যে জীবনের আমার উদ্দেশ্য অন্যদের কাছে সতর্কতা কাহিনী হিসাবে কাজ করা” ""","""আমি ভাবতে শুরু করছি যে জীবনের আমার উদ্দেশ্য অন্যদের কাছে সতর্কতা কাহিনী হিসাবে কাজ করা” """
text withheld: corpus licence does not permit redistribution,0,0.0,banglasarc,মাশাআল্লাহ,মাশাআল্লাহ
text withheld: corpus licence does not permit redistribution,1,1.0,banglasarc,আমার বান্ধবী লুকোচুরি খেলে খুব ভাল।আমি এখনও তাকে খুঁজে পাইনি,আমার বান্ধবী লুকোচুরি খেলে খুব ভাল।আমি এখনও তাকে খুঁজে পাইনি
text withheld: corpus licence does not permit redistribution,0,0.0,banglasarc,এত সুন্দর সংসার ছেড়ে মিথিলা কেমনে গেলো আল্লাহ। মেয়ে নিয়ে তুমি সুখে থেকো।,এত সুন্দর সংসার ছেড়ে মিথিলা কেমনে গেলো আল্লাহ। মেয়ে নিয়ে তুমি সুখে থেকো।
text withheld: corpus licence does not permit redistribution,0,0.0,banglasarc,দেশে মহামারা চলছে ।,দেশে মহামারা চলছে ।
text withheld: corpus licence does not permit redistribution,1,1.0,banglasarc,প্রতিযোগিতা একটি পাপ!,প্রতিযোগিতা একটি পাপ!
text withheld: corpus licence does not permit redistribution,1,1.0,banglasarc,"আমি দুঃখিত, আপনি যদি ঠিক থাকেন তবে আমি আপনার সাথে একমত হব।","আমি দুঃখিত, আপনি যদি ঠিক থাকেন তবে আমি আপনার সাথে একমত হব।"
text withheld: corpus licence does not permit redistribution,0,0.0,banglasarc,এখন থেকে দ্বীনদার পাত্র-পাত্রী পেতে চাইলে এই গুগল ফর্মের মাধ্যমে রেজিস্ট্রেশন করে আপনার বায়োডাটা দিতে হবে।,এখন থেকে দ্বীনদার পাত্র-পাত্রী পেতে চাইলে এই গুগল ফর্মের মাধ্যমে রেজিস্ট্রেশন করে আপনার বায়োডাটা দিতে হবে।
text withheld: corpus licence does not permit redistribution,0,0.0,banglasarc,অনেক ভালো সিদ্ধান্ত,অনেক ভালো সিদ্ধান্ত
text withheld: corpus licence does not permit redistribution,0,0.0,banglasarc,খানকীর ছবি দেখলেই ঘিন্না হয়।,খানকীর ছবি দেখলেই ঘিন্না হয়।
text withheld: corpus licence does not permit redistribution,0,0.0,banglasarc,"দেশের মানুষের জন্য, বন্যার্তদের জন্য কিছু করুন।","দেশের মানুষের জন্য, বন্যার্তদের জন্য কিছু করুন।"
text withheld: corpus licence does not permit redistribution,0,0.0,banglasarc,এইটা যেন ফটো সেশসেন মধ্যে না থাকে সেটাই কাম্য কারন সকলে হাজার বছরের শ্রেষ্ঠ বাঙ্গালী বঙ্গবন্ধুকে বুকে ধারন করেছে। ধন্যবাদ।,এইটা যেন ফটো সেশসেন মধ্যে না থাকে সেটাই কাম্য কারন সকলে হাজার বছরের শ্রেষ্ঠ বাঙ্গালী বঙ্গবন্ধুকে বুকে ধারন করেছে। ধন্যবাদ।
text withheld: corpus licence does not permit redistribution,1,1.0,banglasarc,"আপনার মুখ থেকে সার্কাসম পড়ে যায়, ঠিক যেমন আপনার কাছ থেকে বোকা পড়ে।","আপনার মুখ থেকে সার্কাসম পড়ে যায়, ঠিক যেমন আপনার কাছ থেকে বোকা পড়ে।"
text withheld: corpus licence does not permit redistribution,0,0.0,banglasarc,সিনেমার খবর নাই ভোদা দেখায় বেড়াচ্ছে খানকি,সিনেমার খবর নাই ভোদা দেখায় বেড়াচ্ছে খানকি
text withheld: corpus licence does not permit redistribution,1,1.0,banglasarc,একজন মনোরোগ বিশেষজ্ঞ এমন একজন সহকর্মী যিনি আপনাকে আপনার স্ত্রী কিছুই জিজ্ঞাসা করেন না এমন অনেক ব্যয়বহুল প্রশ্ন জিজ্ঞাসা করেন।,একজন মনোরোগ বিশেষজ্ঞ এমন একজন সহকর্মী যিনি আপনাকে আপনার স্ত্রী কিছুই জিজ্ঞাসা করেন না এমন অনেক ব্যয়বহুল প্রশ্ন জিজ্ঞাসা করেন।
text withheld: corpus licence does not permit redistribution,0,0.0,banglasarc,ভয়াবহ অবস্থা 😢,ভয়াবহ অবস্থা 😢
text withheld: corpus licence does not permit redistribution,1,1.0,banglasarc,হ্যাঁ কারণ কেবল কালো টুইটার মন্টিকে অপছন্দ করে।,হ্যাঁ কারণ কেবল কালো টুইটার মন্টিকে অপছন্দ করে।
text withheld: corpus licence does not permit redistribution,0,0.0,banglasarc,সবাই সাবধানে থাকুন,সবাই সাবধানে থাকুন
text withheld: corpus licence does not permit redistribution,0,0.0,banglasarc,"অতীতের সকল রেকর্ড ভেঙে দিয়েছে এবারের বন্যা। কোম্পানীগঞ্জ-গোয়াইনঘাট ও জৈন্তাপুরে বহু মানুষের ঘর-বাড়ি প্লাবিত। ইয়া আল্লাহ, সবাইকে হেফাজত করুন।","অতীতের সকল রেকর্ড ভেঙে দিয়েছে এবারের বন্যা। কোম্পানীগঞ্জ-গোয়াইনঘাট ও জৈন্তাপুরে বহু মানুষের ঘর-বাড়ি প্লাবিত। ইয়া আল্লাহ, সবাইকে হেফাজত করুন।"
text withheld: corpus licence does not permit redistribution,0,0.0,banglasarc,অভিন্দন সবাইকে,অভিন্দন সবাইকে
text withheld: corpus licence does not permit redistribution,1,1.0,banglasarc,কারও বিশ্বাস ভাঙা একটি নিখুঁত কাগজের টুকরো টুকরো টুকরো টুকরো টুকরো টুকরো টুকরো টুকরো টুকরো টুকরো টুকরো টুকরো টুকরো টুকরো টুকরো টুকরো টুকরো টুকরো টুকরো টুকরো টুকরো টুকরো টুকরো টুকরো টুকরো টুকরো টুকরো টুকরো টুকরো টুকরো টুকরো টুকরো টুকরো টুকরো টুকরো টুকরো টুকরো টুকরো টুকরো টুকরো টুকরো টুকরো টুকরো টুকরো টুকরো টুকরো টুকরো টুকরো টুকরো টুকরো টুকরো টুকরো টুকরো টুকরো টুকরো টুকরো টুকরো টুকরো টুকরো টুকরো টুকরো টুকরো টুকরো টুকরো টুকরো টুকরো টুকরো টুকরোআপনি এটি মসৃণ করতে পারেন তবে এটি আর কখনও একই হতে পারে না।,কারও বিশ্বাস ভাঙা একটি নিখুঁত কাগজের টুকরো টুকরো টুকরো টুকরো টুকরো টুকরো টুকরো টুকরো টুকরো টুকরো টুকরো টুকরো টুকরো টুকরো টুকরো টুকরো টুকরো টুকরো টুকরো টুকরো টুকরো টুকরো টুকরো টুকরো টুকরো টুকরো টুকরো টুকরো টুকরো টুকরো টুকরো টুকরো টুকরো টুকরো টুকরো টুকরো টুকরো টুকরো টুকরো টুকরো টুকরো টুকরো টুকরো টুকরো টুকরো টুকরো টুকরো টুকরো টুকরো টুকরো টুকরো টুকরো টুকরো টুকরো টুকরো টুকরো টুকরো টুকরো টুকরো টুকরো টুকরো টুকরো টুকরো টুকরো টুকরো টুকরো টুকরো টুকরোআপনি এটি মসৃণ করতে পারেন তবে এটি আর কখনও একই হতে পারে না।
text withheld: corpus licence does not permit redistribution,1,1.0,banglasarc,আমার একই আকার আছে তবে আমি আসলে সেই মানচিত্রটি শেষ করি নি .. সম্ভবত একটি নতুন মাউস প্রয়োজন,আমার একই আকার আছে তবে আমি আসলে সেই মানচিত্রটি শেষ করি নি .. সম্ভবত একটি নতুন মাউস প্রয়োজন
text withheld: corpus licence does not permit redistribution,0,0.0,banglasarc,তুই একটা নাস্তিক দূরে গিয়া মর।তোর কথা কেউ শুনবে না ছেচড়া একটা,তুই একটা নাস্তিক দূরে গিয়া মর।তোর কথা কেউ শুনবে না ছেচড়া একটা
text withheld: corpus licence does not permit redistribution,0,0.0,banglasarc,"সন্তানের কাছে ফেরেশতা থেকে মানুষে থপ করে পড়ার চেয়ে, মানুষ থাকাই উত্তম। মানুষ স্রষ্টার সর্বশ্রেষ্ঠ সৃষ্টি।","সন্তানের কাছে ফেরেশতা থেকে মানুষে থপ করে পড়ার চেয়ে, মানুষ থাকাই উত্তম। মানুষ স্রষ্টার সর্বশ্রেষ্ঠ সৃষ্টি।"
text withheld: corpus licence does not permit redistribution,0,0.0,banglasarc,ইমান আলী ঈমান নিয়ে বেঁচে থাকুক আর আপনার মত বন্ধু ও ইমান আলী দু’জনকেই মহান আল্লাহ্ সুখী করুন (আমীন)।,ইমান আলী ঈমান নিয়ে বেঁচে থাকুক আর আপনার মত বন্ধু ও ইমান আলী দু’জনকেই মহান আল্লাহ্ সুখী করুন (আমীন)।
text withheld: corpus licence does not permit redistribution,0,0.0,banglasarc,আমরাও অধীর আগ্রহে অপেক্ষা করছি।,আমরাও অধীর আগ্রহে অপেক্ষা করছি।
text withheld: corpus licence does not permit redistribution,0,0.0,banglasarc,"সামন আপুর বিয়ের ৫ দিনের বিয়ের আয়োজন নিয়ে আমরা আসবো, শুরু করলাম বিয়ের দিনের আয়োজন দিয়ে।","সামন আপুর বিয়ের ৫ দিনের বিয়ের আয়োজন নিয়ে আমরা আসবো, শুরু করলাম বিয়ের দিনের আয়োজন দিয়ে।"
text withheld: corpus licence does not permit redistribution,1,1.0,banglasarc,"সেরা কেস দৃশ্য, আপনি আপনার চাকরি হারাবেন এবং একমাত্র লোকেরা যারা বিশ্বাস করেন যে আপনি যেভাবেই 'ষড়যন্ত্র তাত্ত্বিক'।","সেরা কেস দৃশ্য, আপনি আপনার চাকরি হারাবেন এবং একমাত্র লোকেরা যারা বিশ্বাস করেন যে আপনি যেভাবেই 'ষড়যন্ত্র তাত্ত্বিক'।"
text withheld: corpus licence does not permit redistribution,0,0.0,banglasarc,বন্ধু তো বন্ধুই 💟,বন্ধু তো বন্ধুই 💟
text withheld: corpus licence does not permit redistribution,0,0.0,banglasarc,বাল জিতবা তুমি! মুশরিক!,বাল জিতবা তুমি! মুশরিক!
text withheld: corpus licence does not permit redistribution,0,0.0,banglasarc,"আলহামদুলিল্লাহ,আগুন নিয়ন্ত্রণে এসেছে।","আলহামদুলিল্লাহ,আগুন নিয়ন্ত্রণে এসেছে।"
text withheld: corpus licence does not permit redistribution,0,0.0,banglasarc,"ওরে বাবা! কী বিশাল বোঝা মাথায় তুলেছে। হয়েছে, অনেক হয়েছে।","ওরে বাবা! কী বিশাল বোঝা মাথায় তুলেছে। হয়েছে, অনেক হয়েছে।"
text withheld: corpus licence does not permit redistribution,1,1.0,banglasarc,"আমার অনুভূতিতে আঘাত করার বিষয়ে চিন্তা করবেন না, কারণ আমি আপনাকে গ্যারান্টি দিচ্ছি যে আমার আত্ম-সম্মানটির একটি বিটও আপনার গ্রহণযোগ্যতায় আবদ্ধ নয়।","আমার অনুভূতিতে আঘাত করার বিষয়ে চিন্তা করবেন না, কারণ আমি আপনাকে গ্যারান্টি দিচ্ছি যে আমার আত্ম-সম্মানটির একটি বিটও আপনার গ্রহণযোগ্যতায় আবদ্ধ নয়।"
text withheld: corpus licence does not permit redistribution,1,1.0,banglasarc,বাংলাদেশ পরের বার ফিফা বিশ্বকাপ জিতবে,বাংলাদেশ পরের বার ফিফা বিশ্বকাপ জিতবে
text withheld: corpus licence does not permit redistribution,0,0.0,banglasarc,লড়াই হবে রাজপথে,লড়াই হবে রাজপথে
text withheld: corpus licence does not permit redistribution,0,0.0,banglasarc,"ভিডিও টা দেখেই শান্তি লাগতাছে,যাইতে পারলে কি হবে কে জানে?","ভিডিও টা দেখেই শান্তি লাগতাছে,যাইতে পারলে কি হবে কে জানে?"
text withheld: corpus licence does not permit redistribution,1,1.0,banglasarc,আমি এটি পাই না তবে আমি কর্ম দেবতাদের সন্তুষ্ট করার জন্য ভোট দেব,আমি এটি পাই না তবে আমি কর্ম দেবতাদের সন্তুষ্ট করার জন্য ভোট দেব
text withheld: corpus licence does not permit redistribution,0,0.0,banglasarc,এভাবেই হারিয়ে যায় প্রিয় মানুষ টি সম্পর্ক যত পুরনো হয় অবহেলা তত বাড়তে থাকে যার জন্য শেষ পযর্ন্ত সব শেষ হয়ে যায়,এভাবেই হারিয়ে যায় প্রিয় মানুষ টি সম্পর্ক যত পুরনো হয় অবহেলা তত বাড়তে থাকে যার জন্য শেষ পযর্ন্ত সব শেষ হয়ে যায়
text withheld: corpus licence does not permit redistribution,0,0.0,banglasarc,তাতে কারো কিছু যায় আসেনা।,তাতে কারো কিছু যায় আসেনা।
text withheld: corpus licence does not permit redistribution,1,1.0,banglasarc,"""আমার হারানোর আগে আপনার ধৈর্য সন্ধান করুন।""","""আমার হারানোর আগে আপনার ধৈর্য সন্ধান করুন।"""
text withheld: corpus licence does not permit redistribution,1,1.0,banglasarc,"আমি কিছুটা সাসি, কিছু কটাক্ষ মিশ্রণে ফেলে দেওয়া হয়েছিল, তবে একই সাথে স্টোক - এবং ব্রাশ।","আমি কিছুটা সাসি, কিছু কটাক্ষ মিশ্রণে ফেলে দেওয়া হয়েছিল, তবে একই সাথে স্টোক - এবং ব্রাশ।"
text withheld: corpus licence does not permit redistribution,0,0.0,banglasarc,"বাংলা ভাষার অপব্যবহার উনার কাছ থেকে পরবর্তী প্রজন্ম শিখছে।এর বিশ্রী ভাষা শুনলে সালাম,বরকত ও জোহা স্যার আর যুদ্ধ করত না।উর্দু ভাষার সংমিশ্রণ করেন উনি বেশি।ইয়াহিয়ার বুড়া বান্ধবী।","বাংলা ভাষার অপব্যবহার উনার কাছ থেকে পরবর্তী প্রজন্ম শিখছে।এর বিশ্রী ভাষা শুনলে সালাম,বরকত ও জোহা স্যার আর যুদ্ধ করত না।উর্দু ভাষার সংমিশ্রণ করেন উনি বেশি।ইয়াহিয়ার বুড়া বান্ধবী।"
text withheld: corpus licence does not permit redistribution,1,1.0,banglasarc,যে লোকেরা আমার কটাক্ষকে কটাক্ষ করে জবাব দেয় তারা আমার প্রিয়।,যে লোকেরা আমার কটাক্ষকে কটাক্ষ করে জবাব দেয় তারা আমার প্রিয়।
text withheld: corpus licence does not permit redistribution,1,1.0,banglasarc,প্রেমের বুদ্ধি কল্পনা সাফল্য।,প্রেমের বুদ্ধি কল্পনা সাফল্য।
text withheld: corpus licence does not permit redistribution,1,1.0,banglasarc,আমি মনে করি একটি অকার্যকর পরিবার যে কোনও পরিবার যার মধ্যে একাধিক ব্যক্তি রয়েছে।,আমি মনে করি একটি অকার্যকর পরিবার যে কোনও পরিবার যার মধ্যে একাধিক ব্যক্তি রয়েছে।
text withheld: corpus licence does not permit redistribution,0,0.0,banglasarc,ফইন্নি মার্কা পুলা মাইয়ার সাথে আড্ডা দিতে চাইলে এখনি ✔✔আরে ভাই✔✔পেইজে লাইক দাও অটোমেটিকলি তুমিও ✔✔আরে ভাই✔✔হয়ে যাবে।,ফইন্নি মার্কা পুলা মাইয়ার সাথে আড্ডা দিতে চাইলে এখনি ✔✔আরে ভাই✔✔পেইজে লাইক দাও অটোমেটিকলি তুমিও ✔✔আরে ভাই✔✔হয়ে যাবে।
text withheld: corpus licence does not permit redistribution,1,1.0,banglasarc,"অনেক ফ্রিকস, তাই কয়েকটি সার্কাস।","অনেক ফ্রিকস, তাই কয়েকটি সার্কাস।"
text withheld: corpus licence does not permit redistribution,1,1.0,banglasarc,শাশুড়ির দ্বারা খুব কম ভুল করা যেতে পারে যারা বেবিসিত করতে ইচ্ছুক।,শাশুড়ির দ্বারা খুব কম ভুল করা যেতে পারে যারা বেবিসিত করতে ইচ্ছুক।
text withheld: corpus licence does not permit redistribution,1,1.0,banglasarc,তিনি শুনেছি তিনি একটি দুর্দান্ত হিটিং কোচ তৈরি করবেন ...,তিনি শুনেছি তিনি একটি দুর্দান্ত হিটিং কোচ তৈরি করবেন ...
text withheld: corpus licence does not permit redistribution,1,1.0,banglasarc,"সারক্যাসম আমাকে যে বাস্তবতার জীবনযাপন করে তার কঠোরতা কাটিয়ে উঠতে সহায়তা করে, দাগের ব্যথা কমিয়ে দেয় এবং মানুষকে হাসায়।","সারক্যাসম আমাকে যে বাস্তবতার জীবনযাপন করে তার কঠোরতা কাটিয়ে উঠতে সহায়তা করে, দাগের ব্যথা কমিয়ে দেয় এবং মানুষকে হাসায়।"
text withheld: corpus licence does not permit redistribution,0,0.0,banglasarc,আপনাদের মত মহান মানুষের জন্য বন্ধুত্বের গুরুত্ব দিন দিন বেড়েই চলেছে।,আপনাদের মত মহান মানুষের জন্য বন্ধুত্বের গুরুত্ব দিন দিন বেড়েই চলেছে।
text withheld: corpus licence does not permit redistribution,0,0.0,banglasarc,কুথায় পাব এই শাড়ী,কুথায় পাব এই শাড়ী
text withheld: corpus licence does not permit redistribution,1,1.0,banglasarc,এটি কেবল প্রমাণ করে যে ট্রাম্প স্মার্ট এবং তাঁর সময়ের আগে।,এটি কেবল প্রমাণ করে যে ট্রাম্প স্মার্ট এবং তাঁর সময়ের আগে।
text withheld: corpus licence does not permit redistribution,0,0.0,banglasarc,বেঁচে থাকুক আপনাদের বন্ধুত্ব।,বেঁচে থাকুক আপনাদের বন্ধুত্ব।
text withheld: corpus licence does not permit redistribution,1,1.0,banglasarc,"হ্যাঁ, সে নিজের জন্য কতটা সাহস করে।","হ্যাঁ, সে নিজের জন্য কতটা সাহস করে।"
text withheld: corpus licence does not permit redistribution,1,1.0,banglasarc,"অভিশাপ, যদি কেবল সেই কার্ডবোর্ড টিভি বাক্সটি এতটা দৃ ur ় এবং ক্ষতির প্রতিরোধ ক্ষমতা না ছিল।","অভিশাপ, যদি কেবল সেই কার্ডবোর্ড টিভি বাক্সটি এতটা দৃ ur ় এবং ক্ষতির প্রতিরোধ ক্ষমতা না ছিল।"
text withheld: corpus licence does not permit redistribution,0,0.0,banglasarc,আপনার বাচ্চারা কেমন আছে।,আপনার বাচ্চারা কেমন আছে।
text withheld: corpus licence does not permit redistribution,0,0.0,banglasarc,কীসের এত ভয় বন্ধু?,কীসের এত ভয় বন্ধু?
text withheld: corpus licence does not permit redistribution,1,1.0,banglasarc,এটি মঞ্চস্থ হয়নি বলে বিশ্বাস করতে আমার খুব কষ্ট হয়।,এটি মঞ্চস্থ হয়নি বলে বিশ্বাস করতে আমার খুব কষ্ট হয়।
text withheld: corpus licence does not permit redistribution,1,1.0,banglasarc,এ কারণেই তারা এটিকে আমেরিকান স্বপ্ন বলে কারণ এটি বিশ্বাস করতে আপনাকে ঘুমিয়ে থাকতে হবে।,এ কারণেই তারা এটিকে আমেরিকান স্বপ্ন বলে কারণ এটি বিশ্বাস করতে আপনাকে ঘুমিয়ে থাকতে হবে।
text withheld: corpus licence does not permit redistribution,0,0.0,banglasarc,"মানুষের প্রতি তার সহানুভূতি গুলোও খুব ভালো লাগে এবং নজর কারে,খুব ভালো থেকো প্রিয়♥️","মানুষের প্রতি তার সহানুভূতি গুলোও খুব ভালো লাগে এবং নজর কারে,খুব ভালো থেকো প্রিয়♥️"
text withheld: corpus licence does not permit redistribution,0,0.0,banglasarc,ধন্যবাদ l,ধন্যবাদ l
text withheld: corpus licence does not permit redistribution,1,1.0,banglasarc,সারকাসম হ'ল গোপন ভাষা যা প্রত্যেকে যখন আপনার মুখের অর্থ বলতে চায় তখন তারা ব্যবহার করে,সারকাসম হ'ল গোপন ভাষা যা প্রত্যেকে যখন আপনার মুখের অর্থ বলতে চায় তখন তারা ব্যবহার করে
text withheld: corpus licence does not permit redistribution,0,0.0,banglasarc,এটা দিয়ে কি tiktok করা যাবে........,এটা দিয়ে কি tiktok করা যাবে........
text withheld: corpus licence does not permit redistribution,1,1.0,banglasarc,হালকা শব্দের চেয়ে দ্রুত ভ্রমণ করে।এই কারণেই কিছু লোক কথা না বলা পর্যন্ত উজ্জ্বল প্রদর্শিত হয়,হালকা শব্দের চেয়ে দ্রুত ভ্রমণ করে।এই কারণেই কিছু লোক কথা না বলা পর্যন্ত উজ্জ্বল প্রদর্শিত হয়
text withheld: corpus licence does not permit redistribution,0,0.0,banglasarc,"পদ্মা সেতুর উদ্বোধনী অনুষ্ঠানের লেজার শো আর আতশবাজির মত বাতাসে নিমেষে হারিয়ে যাওয়া অর্থ গুলি সিলেট,সুনামগঞ্জ এর বন্যার্ত মানুষের কিছুটা কাজে লাগে","পদ্মা সেতুর উদ্বোধনী অনুষ্ঠানের লেজার শো আর আতশবাজির মত বাতাসে নিমেষে হারিয়ে যাওয়া অর্থ গুলি সিলেট,সুনামগঞ্জ এর বন্যার্ত মানুষের কিছুটা কাজে লাগে"
text withheld: corpus licence does not permit redistribution,1,1.0,banglasarc,আমি আমার নিজের রসিকতাগুলিতে হাসতে না দেওয়ার চেষ্টা করি তবে আমরা সকলেই জানি আমি হাসিখুশি।,আমি আমার নিজের রসিকতাগুলিতে হাসতে না দেওয়ার চেষ্টা করি তবে আমরা সকলেই জানি আমি হাসিখুশি।
text withheld: corpus licence does not permit redistribution,0,0.0,banglasarc,জামাই তা দেইখা বাপের কাছে রাইখা না গেলেই হয়,জামাই তা দেইখা বাপের কাছে রাইখা না গেলেই হয়
text withheld: corpus licence does not permit redistribution,0,0.0,banglasarc,সাব্বাশ ভাতিজা চালাইয়া যাও,সাব্বাশ ভাতিজা চালাইয়া যাও
text withheld: corpus licence does not permit redistribution,1,1.0,banglasarc,আপনি যখন কথা বলছিলেন তখন আমি দুঃখিত আমি যখন আমি যে ধারণাটি যত্ন নিয়েছিলেন তা কোথায় পেয়েছিলেন তা নির্ধারণ করার চেষ্টা করছিলাম।,আপনি যখন কথা বলছিলেন তখন আমি দুঃখিত আমি যখন আমি যে ধারণাটি যত্ন নিয়েছিলেন তা কোথায় পেয়েছিলেন তা নির্ধারণ করার চেষ্টা করছিলাম।
text withheld: corpus licence does not permit redistribution,0,0.0,banglasarc,সব শিক্ষা প্রতিষ্ঠান বন্ধ করার দাবি জানাচ্ছি।,সব শিক্ষা প্রতিষ্ঠান বন্ধ করার দাবি জানাচ্ছি।
text withheld: corpus licence does not permit redistribution,0,0.0,banglasarc,শিল্পী সমিতির এই দাম্ভিকতার জন্যই ওরা এতটা পিছিয়ে আছে । এর আগে ও পরে অনেকগুলো ব্যাপারে নিজেরাই নিজেদের সমালোচনা করতে দেখেছি তাই বললাম ।,শিল্পী সমিতির এই দাম্ভিকতার জন্যই ওরা এতটা পিছিয়ে আছে । এর আগে ও পরে অনেকগুলো ব্যাপারে নিজেরাই নিজেদের সমালোচনা করতে দেখেছি তাই বললাম ।
text withheld: corpus licence does not permit redistribution,1,1.0,banglasarc,সমস্ত পুরুষ বিরক্তিকর হয় না।কিছু মারা গেছে।,সমস্ত পুরুষ বিরক্তিকর হয় না।কিছু মারা গেছে।
text withheld: corpus licence does not permit redistribution,0,0.0,banglasarc,ভাই ছোট সাইজের হবে,ভাই ছোট সাইজের হবে
text withheld: corpus licence does not permit redistribution,0,0.0,banglasarc,এত ক্ষ্যাত ক্ষ্যাত চিন্তা মাথায় আসে?,এত ক্ষ্যাত ক্ষ্যাত চিন্তা মাথায় আসে?
text withheld: corpus licence does not permit redistribution,0,0.0,banglasarc,"যেভাবে চারদিকে দূর্ণীতি ও লুটপাট শুরু হয়েছে, তাতে আমরা আতংকে আছি, না জানি পুরো দেশটাই ধ্বংস হয়ে যায়","যেভাবে চারদিকে দূর্ণীতি ও লুটপাট শুরু হয়েছে, তাতে আমরা আতংকে আছি, না জানি পুরো দেশটাই ধ্বংস হয়ে যায়"
text withheld: corpus licence does not permit redistribution,0,0.0,banglasarc,এটা একটা ভূয়া নিউজ,এটা একটা ভূয়া নিউজ
text withheld: corpus licence does not permit redistribution,0,0.0,banglasarc,ফলাফল তাদের হেদায়েত নসিব হয়না!,ফলাফল তাদের হেদায়েত নসিব হয়না!
text withheld: corpus licence does not permit redistribution,1,1.0,banglasarc,"আমি আপনাকে জাহান্নামে যেতে বলব, তবে আমি সেখানে কাজ করি এবং প্রতিদিন আপনার কুৎসিত মগ দেখতে চাই না","আমি আপনাকে জাহান্নামে যেতে বলব, তবে আমি সেখানে কাজ করি এবং প্রতিদিন আপনার কুৎসিত মগ দেখতে চাই না"
text withheld: corpus licence does not permit redistribution,0,0.0,banglasarc,"অনেক ভাল লিখেছেন ভাই, কিন্তু ছাগু গুলো তা বুঝে না, অন্যকে গালি দিয়ে তারা নিজেকে খুব ধার্মিক প্রমান করতে চাই, কিন্তু তারা আসলে রাসূল সাঃ এর শিক্ষার বিপরীত কাজটাই করছে, সঠিক শিক্ষার অভাবে তারা ধর্মের নামে ভ্রান্ত ধারণা ছড়াচ্ছে, মুসলমানদের নাম খারাপের জন্য এরাই যথেষ্ঠ","অনেক ভাল লিখেছেন ভাই, কিন্তু ছাগু গুলো তা বুঝে না, অন্যকে গালি দিয়ে তারা নিজেকে খুব ধার্মিক প্রমান করতে চাই, কিন্তু তারা আসলে রাসূল সাঃ এর শিক্ষার বিপরীত কাজটাই করছে, সঠিক শিক্ষার অভাবে তারা ধর্মের নামে ভ্রান্ত ধারণা ছড়াচ্ছে, মুসলমানদের নাম খারাপের জন্য এরাই যথেষ্ঠ"
text withheld: corpus licence does not permit redistribution,0,0.0,banglasarc,আল্লাহ্ র কাছে উনার সুস্হতা এবং দীঘায়ু কামনা করছি.. আমিন,আল্লাহ্ র কাছে উনার সুস্হতা এবং দীঘায়ু কামনা করছি.. আমিন
text withheld: corpus licence does not permit redistribution,0,0.0,banglasarc,কি মেয়ে রে বাবা!,কি মেয়ে রে বাবা!
text withheld: corpus licence does not permit redistribution,0,0.0,banglasarc,"আটা,ময়দা,সুজি।তীর ছাড়া আমার চলে না।","আটা,ময়দা,সুজি।তীর ছাড়া আমার চলে না।"
text withheld: corpus licence does not permit redistribution,0,0.0,banglasarc,অসাধারণ হয়েছে কিন্তু মোবাইল টা অনেক ছোট,অসাধারণ হয়েছে কিন্তু মোবাইল টা অনেক ছোট
text withheld: corpus licence does not permit redistribution,0,0.0,banglasarc,এই প্রস্তাব গ্রহণযোগ্য নয়,এই প্রস্তাব গ্রহণযোগ্য নয়
text withheld: corpus licence does not permit redistribution,0,0.0,banglasarc,খুব মিস করছি বাংলাদেশের গ্রাম এর সেই অতুলনীয় স্মৃতি!,খুব মিস করছি বাংলাদেশের গ্রাম এর সেই অতুলনীয় স্মৃতি!
text withheld: corpus licence does not permit redistribution,1,1.0,banglasarc,"আপনার ইউজির যুদ্ধব্যাধি দেখা উচিত, এটি আশ্চর্যজনক, সেরা!","আপনার ইউজির যুদ্ধব্যাধি দেখা উচিত, এটি আশ্চর্যজনক, সেরা!"
text withheld: corpus licence does not permit redistribution,0,0.0,banglasarc,"শেষবার যখন ক্রিশ্চিয়ানো রোনালদো একটা ইউরোপীয় গোল্ডেন বুট জিতে তখন নেইমার, জাবি,ইনিয়েস্তা সবাই বার্সার হয়ে খেলতো।","শেষবার যখন ক্রিশ্চিয়ানো রোনালদো একটা ইউরোপীয় গোল্ডেন বুট জিতে তখন নেইমার, জাবি,ইনিয়েস্তা সবাই বার্সার হয়ে খেলতো।"
text withheld: corpus licence does not permit redistribution,0,0.0,banglasarc,অবশ্যই বেশ ভালো ব্যাপার; কারন এটা একটা উইন-উইন সিচুয়েশন।,অবশ্যই বেশ ভালো ব্যাপার; কারন এটা একটা উইন-উইন সিচুয়েশন।
text withheld: corpus licence does not permit redistribution,0,0.0,banglasarc,তাহলে কি জামাই হিসেবে ডাক্তারই ভাল?,তাহলে কি জামাই হিসেবে ডাক্তারই ভাল?
text withheld: corpus licence does not permit redistribution,0,0.0,banglasarc,"প্লিজ সবাই যার যার অবস্থান থেকে এগিয়ে আসুন, পানিবন্দী মানুষের পাশে দাঁড়ান, সহযোগিতার হাত বাড়িয়ে দিন।","প্লিজ সবাই যার যার অবস্থান থেকে এগিয়ে আসুন, পানিবন্দী মানুষের পাশে দাঁড়ান, সহযোগিতার হাত বাড়িয়ে দিন।"
text withheld: corpus licence does not permit redistribution,0,0.0,banglasarc,রোহিঙ্গাদের জায়গা হলে ইনাদেরও আবাসন সেবা পাওয়া উচিৎ।,রোহিঙ্গাদের জায়গা হলে ইনাদেরও আবাসন সেবা পাওয়া উচিৎ।
text withheld: corpus licence does not permit redistribution,1,1.0,banglasarc,"ঠিক আছে, আমার কাল্পনিক বন্ধু মনে করে আপনার গুরুতর মানসিক সমস্যা রয়েছে","ঠিক আছে, আমার কাল্পনিক বন্ধু মনে করে আপনার গুরুতর মানসিক সমস্যা রয়েছে"
text withheld: corpus licence does not permit redistribution,0,0.0,banglasarc,ভালো কাজ হয়েছে। সীমাবদ্ধতার মধ্যে থেকে করা কাজটি ভালো লেগেছে।,ভালো কাজ হয়েছে। সীমাবদ্ধতার মধ্যে থেকে করা কাজটি ভালো লেগেছে।
text withheld: corpus licence does not permit redistribution,1,1.0,banglasarc,হৌদিনী আপনার কৌশলগুলি জানে এবং তদন্ত করে।,হৌদিনী আপনার কৌশলগুলি জানে এবং তদন্ত করে।
text withheld: corpus licence does not permit redistribution,0,0.0,banglasarc,"আগে নিরাপদ আবাসন গড়েন, তারপর ভাঙ্গেন।","আগে নিরাপদ আবাসন গড়েন, তারপর ভাঙ্গেন।"
text withheld: corpus licence does not permit redistribution,1,1.0,banglasarc,"আমি যা বলেছিলাম তা গড়, ভয়ঙ্কর এবং সঠিক জিনিসগুলির জন্য দুঃখিত।","আমি যা বলেছিলাম তা গড়, ভয়ঙ্কর এবং সঠিক জিনিসগুলির জন্য দুঃখিত।"
text withheld: corpus licence does not permit redistribution,0,0.0,banglasarc,আপনার সব ভিডিও ভালো লাগে বেস্ট অফ লাক,আপনার সব ভিডিও ভালো লাগে বেস্ট অফ লাক
text withheld: corpus licence does not permit redistribution,1,1.0,banglasarc,উনানব্বই শতাংশ আইনজীবী বাকিদের একটি খারাপ নাম দেয়।,উনানব্বই শতাংশ আইনজীবী বাকিদের একটি খারাপ নাম দেয়।
text withheld: corpus licence does not permit redistribution,0,0.0,banglasarc,বাছার জন্য এসব বলছে। মাননীয় প্রধানমন্ত্রী কে ও কলংকিত করছে !,বাছার জন্য এসব বলছে। মাননীয় প্রধানমন্ত্রী কে ও কলংকিত করছে !
text withheld: corpus licence does not permit redistribution,1,1.0,banglasarc,"অর্থ সুখ কিনে না, তবে সমস্যাটি অধ্যয়নের জন্য এটি একটি বৃহত গবেষণা কর্মীদের বেতন প্রদান করবে।","অর্থ সুখ কিনে না, তবে সমস্যাটি অধ্যয়নের জন্য এটি একটি বৃহত গবেষণা কর্মীদের বেতন প্রদান করবে।"
text withheld: corpus licence does not permit redistribution,0,0.0,banglasarc,আমার কাছে অনেক গাজার বীজ আছে। ভাবতেছি চাষ করবো 😌,আমার কাছে অনেক গাজার বীজ আছে। ভাবতেছি চাষ করবো 😌
text withheld: corpus licence does not permit redistribution,0,0.0,banglasarc,ছেলেরা সুন্দর হয় না। হ্যান্ডসাম হয়,ছেলেরা সুন্দর হয় না। হ্যান্ডসাম হয়
text withheld: corpus licence does not permit redistribution,0,0.0,banglasarc,পরিকল্পিত কিনা দেখার অনুরোধ রইল,পরিকল্পিত কিনা দেখার অনুরোধ রইল
text withheld: corpus licence does not permit redistribution,0,0.0,banglasarc,একদিন সুইস ব্যাংকটাও আমাদের হয়ে যাবে😀,একদিন সুইস ব্যাংকটাও আমাদের হয়ে যাবে😀
text withheld: corpus licence does not permit redistribution,0,0.0,banglasarc,"চিন্তা করবেন না, দোয়া করবেন !","চিন্তা করবেন না, দোয়া করবেন !"
text withheld: corpus licence does not permit redistribution,0,0.0,banglasarc,মুক্তি চাই ।,মুক্তি চাই ।
text withheld: corpus licence does not permit redistribution,0,0.0,banglasarc,"তুই এক নাস্তিক, হিরো আলম এক বসতির পোলা।","তুই এক নাস্তিক, হিরো আলম এক বসতির পোলা।"
text withheld: corpus licence does not permit redistribution,0,0.0,banglasarc,কত তামশা যে আরও দেখতে হবে 🌝,কত তামশা যে আরও দেখতে হবে 🌝
text withheld: corpus licence does not permit redistribution,0,0.0,banglasarc,প্রভুর নামে সুন্দরী কানিজ ফাতেমারে স্টক করিতে থাকেন। আমিন!,প্রভুর নামে সুন্দরী কানিজ ফাতেমারে স্টক করিতে থাকেন। আমিন!
text withheld: corpus licence does not permit redistribution,0,0.0,banglasarc,কাফফারার টাকা কি এখানে দেয়া যাবে?,কাফফারার টাকা কি এখানে দেয়া যাবে?
text withheld: corpus licence does not permit redistribution,0,0.0,banglasarc,মুসলিম ভাই ও বোনেরা নামাজ পড়ে সবাই সিলেট বাসির জন্য দোয়া করবেন সিলেট বাসি যেনো বিপদ থেকে রক্ষা পায় আমিন,মুসলিম ভাই ও বোনেরা নামাজ পড়ে সবাই সিলেট বাসির জন্য দোয়া করবেন সিলেট বাসি যেনো বিপদ থেকে রক্ষা পায় আমিন
text withheld: corpus licence does not permit redistribution,0,0.0,banglasarc,"আগুন আর আগুন, পৃথিবী কেমন যেন হয়ে গেছে। আর দীর্ঘশ্বাস ফেলে প্রকৃতি অনুভব করা কঠিন হয়ে যাচ্ছে","আগুন আর আগুন, পৃথিবী কেমন যেন হয়ে গেছে। আর দীর্ঘশ্বাস ফেলে প্রকৃতি অনুভব করা কঠিন হয়ে যাচ্ছে"
text withheld: corpus licence does not permit redistribution,0,0.0,banglasarc,চোখের শান্তি😍 শুধু এটাই ভাবতেছি তখন আপনার অনুভূতি 'টা কেমন ছিলো ✨,চোখের শান্তি😍 শুধু এটাই ভাবতেছি তখন আপনার অনুভূতি 'টা কেমন ছিলো ✨
text withheld: corpus licence does not permit redistribution,0,0.0,banglasarc,রাতুল ভাইয়া ও তুলতুল আপুর বিয়েতে এমনই এক মজার অভিজ্ঞতা হয়েছিল আমাদের।,রাতুল ভাইয়া ও তুলতুল আপুর বিয়েতে এমনই এক মজার অভিজ্ঞতা হয়েছিল আমাদের।
text withheld: corpus licence does not permit redistribution,0,0.0,banglasarc,আর কত অবহেলিত হবে কৃষক!! সরকার বলে গাছ লাগান আবার গ্রেফতার করে!! তীব্র নিন্দা জানাই,আর কত অবহেলিত হবে কৃষক!! সরকার বলে গাছ লাগান আবার গ্রেফতার করে!! তীব্র নিন্দা জানাই
text withheld: corpus licence does not permit redistribution,0,0.0,banglasarc,"খুবই গুরুত্বপূর্ণ পোস্ট। এটা থেকে অনেকেই সাবধান হবেন,তাছাড়া ঠিকই বলেছেন অনেক ট্রাভেল ভ্লগাররা ভ্লগ করেন ঠিকই কিন্তু ভ্লগে অনেক কিছু গোপন করে যান, যা কিনা সবার জানা উচিত।আপনাকে অসংখ্য ধন্যবাদ।","খুবই গুরুত্বপূর্ণ পোস্ট। এটা থেকে অনেকেই সাবধান হবেন,তাছাড়া ঠিকই বলেছেন অনেক ট্রাভেল ভ্লগাররা ভ্লগ করেন ঠিকই কিন্তু ভ্লগে অনেক কিছু গোপন করে যান, যা কিনা সবার জানা উচিত।আপনাকে অসংখ্য ধন্যবাদ।"
text withheld: corpus licence does not permit redistribution,1,1.0,banglasarc,আপনি যদি কাউকে 20 ডলার nd ণ দেন এবং সেই ব্যক্তিকে আর কখনও দেখেন না তবে এটি সম্ভবত এটি মূল্যবান ছিল।,আপনি যদি কাউকে 20 ডলার nd ণ দেন এবং সেই ব্যক্তিকে আর কখনও দেখেন না তবে এটি সম্ভবত এটি মূল্যবান ছিল।
text withheld: corpus licence does not permit redistribution,1,1.0,banglasarc,এমন কিছু লোক আছেন যারা আপনার জীবনে আসে ভান করে যে তারা আপনাকে কেবল ভালবাসে কারণ তাদের আপনার প্রয়োজন।,এমন কিছু লোক আছেন যারা আপনার জীবনে আসে ভান করে যে তারা আপনাকে কেবল ভালবাসে কারণ তাদের আপনার প্রয়োজন।
text withheld: corpus licence does not permit redistribution,1,1.0,banglasarc,বিপর্যয় দুটি ধরণের: আমাদের নিজের কাছে দুর্ভাগ্য এবং অন্যের কাছে সৌভাগ্য,বিপর্যয় দুটি ধরণের: আমাদের নিজের কাছে দুর্ভাগ্য এবং অন্যের কাছে সৌভাগ্য
text withheld: corpus licence does not permit redistribution,0,0.0,banglasarc,এই প্রানি গুলোকে তাড়াতাড়ি চিরিয়াখানায় রাখা দরকার।,এই প্রানি গুলোকে তাড়াতাড়ি চিরিয়াখানায় রাখা দরকার।
text withheld: corpus licence does not permit redistribution,1,1.0,banglasarc,"তবে, তারা god শ্বরের সাথে কথা বলে, তাই তাদের অবশ্যই সমস্ত কিছু জানতে হবে ...","তবে, তারা god শ্বরের সাথে কথা বলে, তাই তাদের অবশ্যই সমস্ত কিছু জানতে হবে ..."
text withheld: corpus licence does not permit redistribution,0,0.0,banglasarc,কুলঙ্গার মানব সন্তান নাস্তিকের শিরমনি স্রষ্টাকি বিশ্বাস না করা তোমাদের ব্যপার কিন্ত ইসলামকে আক্রমন করে মৌলবাদি তোমরাই তৈরী করার সহায়ক তাই তোমাদের মরনটাও অস্বাভাবিক হয় মৌলবাদিদের হাতে তাই কিনা ?,কুলঙ্গার মানব সন্তান নাস্তিকের শিরমনি স্রষ্টাকি বিশ্বাস না করা তোমাদের ব্যপার কিন্ত ইসলামকে আক্রমন করে মৌলবাদি তোমরাই তৈরী করার সহায়ক তাই তোমাদের মরনটাও অস্বাভাবিক হয় মৌলবাদিদের হাতে তাই কিনা ?
text withheld: corpus licence does not permit redistribution,0,0.0,banglasarc,ইস্ আমার ও খুব যেতে ইচ্ছে করছে। সত্যি ই অসাধারণ সুন্দর মাশাল্লাহ।,ইস্ আমার ও খুব যেতে ইচ্ছে করছে। সত্যি ই অসাধারণ সুন্দর মাশাল্লাহ।
text withheld: corpus licence does not permit redistribution,0,0.0,banglasarc,তাদের বিচার ব্যবস্থার প্রতি সব ধর্মের আস্থা আছে,তাদের বিচার ব্যবস্থার প্রতি সব ধর্মের আস্থা আছে
text withheld: corpus licence does not permit redistribution,1,1.0,banglasarc,কিছু লোককে বোঝার চেষ্টা করা ক্লিন এন্ডে একটি টারড বাছাই করার চেষ্টা করার মতো,কিছু লোককে বোঝার চেষ্টা করা ক্লিন এন্ডে একটি টারড বাছাই করার চেষ্টা করার মতো
text withheld: corpus licence does not permit redistribution,1,1.0,banglasarc,আমি কেবল কাস্টার থেকে উত্তেজনা এবং উত্সাহ পরিচালনা করতে পারি না!,আমি কেবল কাস্টার থেকে উত্তেজনা এবং উত্সাহ পরিচালনা করতে পারি না!
text withheld: corpus licence does not permit redistribution,1,1.0,banglasarc,"“কিছু লোক সত্যিই স্তন্যপান।তাদের এড়িয়ে চলুন। ""","“কিছু লোক সত্যিই স্তন্যপান।তাদের এড়িয়ে চলুন। """
text withheld: corpus licence does not permit redistribution,0,0.0,banglasarc,তোমরা খাওয়া নিয়ে সবসময় আয়েজনে থাকো,তোমরা খাওয়া নিয়ে সবসময় আয়েজনে থাকো
text withheld: corpus licence does not permit redistribution,1,1.0,banglasarc,আপনি আমাকে ছেড়ে চলে গেলে আমি কেঁদেছিলাম কিন্তু আমি যখন হেসেছিলাম তখন দেখলাম আপনি আমাকে কী রেখেছেন,আপনি আমাকে ছেড়ে চলে গেলে আমি কেঁদেছিলাম কিন্তু আমি যখন হেসেছিলাম তখন দেখলাম আপনি আমাকে কী রেখেছেন
text withheld: corpus licence does not permit redistribution,1,1.0,banglasarc,পৃথিবীতে কিছুই সম্পূর্ণ ভুল নয়।এমনকি একটি থামানো ঘড়িও দিনে দু'বার ঠিক থাকে।,পৃথিবীতে কিছুই সম্পূর্ণ ভুল নয়।এমনকি একটি থামানো ঘড়িও দিনে দু'বার ঠিক থাকে।
text withheld: corpus licence does not permit redistribution,0,0.0,banglasarc,হ্যা বাড়বে তো অবশ্যই সামনে যে ঈদ,হ্যা বাড়বে তো অবশ্যই সামনে যে ঈদ
text withheld: corpus licence does not permit redistribution,0,0.0,banglasarc,আসলে শরষের ভিতরেই ভূত। সরকার নিজের স্বার্থ হাসিল করতে গিয়ে নিজেদের জালে আটকে গেছে। মানুষ নিজের বিবেকের তাড়নায় সত্য কথা বললেই সরকারের সমালোচনা করলে রাষ্ট্রদোহী মামলা করা হয় আর প্রিয়া সাহার খুটির জোর আসল কোথায় থেকে যেখানে এতো বড় অপরাধ করার পরে ও আদালত মামলা না নিয়ে খারিজ করে দেয় এটা বোঝার বিষয় ।,আসলে শরষের ভিতরেই ভূত। সরকার নিজের স্বার্থ হাসিল করতে গিয়ে নিজেদের জালে আটকে গেছে। মানুষ নিজের বিবেকের তাড়নায় সত্য কথা বললেই সরকারের সমালোচনা করলে রাষ্ট্রদোহী মামলা করা হয় আর প্রিয়া সাহার খুটির জোর আসল কোথায় থেকে যেখানে এতো বড় অপরাধ করার পরে ও আদালত মামলা না নিয়ে খারিজ করে দেয় এটা বোঝার বিষয় ।
text withheld: corpus licence does not permit redistribution,0,0.0,banglasarc,বাহ খুব সুন্দর হয়ে গেছে র্যাকটা!,বাহ খুব সুন্দর হয়ে গেছে র্যাকটা!
text withheld: corpus licence does not permit redistribution,0,0.0,banglasarc,মালাউনের বাচ্চাদের বিশ্বাস নাই । এ বিজাতীদের বগলে ইট রাখে ।,মালাউনের বাচ্চাদের বিশ্বাস নাই । এ বিজাতীদের বগলে ইট রাখে ।
text withheld: corpus licence does not permit redistribution,0,0.0,banglasarc,আল্লাহ তোদেরকেও এই দিন একদিন দেখাবে,আল্লাহ তোদেরকেও এই দিন একদিন দেখাবে
text withheld: corpus licence does not permit redistribution,1,1.0,banglasarc,"""যে কেউ গড় আয়ু 75৫ বছর বয়সী, তিনি যখন ২৯ বছর বয়সে বিয়ে করবেন?""","""যে কেউ গড় আয়ু 75৫ বছর বয়সী, তিনি যখন ২৯ বছর বয়সে বিয়ে করবেন?"""
text withheld: corpus licence does not permit redistribution,0,0.0,banglasarc,বাংলার মানুষের বাৎসরিক আয় গড়ে বেশি তাই কিছু মানুষের ইনকাম দেসের বাহিরে রাখতে হয়,বাংলার মানুষের বাৎসরিক আয় গড়ে বেশি তাই কিছু মানুষের ইনকাম দেসের বাহিরে রাখতে হয়
text withheld: corpus licence does not permit redistribution,1,1.0,banglasarc,হতাশা কেবল উত্সাহ ছাড়াই ক্রোধ হয়।,হতাশা কেবল উত্সাহ ছাড়াই ক্রোধ হয়।
text withheld: corpus licence does not permit redistribution,1,1.0,banglasarc,"আমি দুঃখিত, আমি অর্ডার নিই না।আমি সবে পরামর্শ নিই।","আমি দুঃখিত, আমি অর্ডার নিই না।আমি সবে পরামর্শ নিই।"
text withheld: corpus licence does not permit redistribution,0,0.0,banglasarc,সে তো বিশ্বাস কি সেটাই জানে না ।,সে তো বিশ্বাস কি সেটাই জানে না ।
text withheld: corpus licence does not permit redistribution,0,0.0,banglasarc,মাশাল্লাহ আলহামদুলিল্লাহ,মাশাল্লাহ আলহামদুলিল্লাহ
text withheld: corpus licence does not permit redistribution,1,1.0,banglasarc,আপনি যখন ওসনাপটি আবার চালু করতে ভুলে যান তখন এটি ঘটে।,আপনি যখন ওসনাপটি আবার চালু করতে ভুলে যান তখন এটি ঘটে।
text withheld: corpus licence does not permit redistribution,0,0.0,banglasarc,ভালা মানুষের দাম নাই কোনো,ভালা মানুষের দাম নাই কোনো
text withheld: corpus licence does not permit redistribution,0,0.0,banglasarc,ছেলেটি বাসায় গাছ লাগিয়ে পরিবেশ বাঁচাতে চেয়েছিল।,ছেলেটি বাসায় গাছ লাগিয়ে পরিবেশ বাঁচাতে চেয়েছিল।
text withheld: corpus licence does not permit redistribution,1,1.0,banglasarc,বোকা আপনি জানেন না যে আমরা কেবল তখনই সহানুভূতি দেখানোর কথা যখন সাদা মানুষ সন্ত্রাসবাদের শিকার হতে পারে।,বোকা আপনি জানেন না যে আমরা কেবল তখনই সহানুভূতি দেখানোর কথা যখন সাদা মানুষ সন্ত্রাসবাদের শিকার হতে পারে।
text withheld: corpus licence does not permit redistribution,1,1.0,banglasarc,"হ্যাঁ, পুঁজিবাদ ব্যতীত অন্য কিছু বেছে নেওয়া দেশগুলি আরও অনেক ভাল করে।","হ্যাঁ, পুঁজিবাদ ব্যতীত অন্য কিছু বেছে নেওয়া দেশগুলি আরও অনেক ভাল করে।"
text withheld: corpus licence does not permit redistribution,0,0.0,banglasarc,বাংলাদেশের গর্বিত সন্তান এরা ❤️,বাংলাদেশের গর্বিত সন্তান এরা ❤️
text withheld: corpus licence does not permit redistribution,0,0.0,banglasarc,নতুন নাস্তিক জন্মাইছে,নতুন নাস্তিক জন্মাইছে
text withheld: corpus licence does not permit redistribution,0,0.0,banglasarc,"ওতো সাহা নয় পদবীতে!!!নাম হলো প্রিয় বালা বিশ্বাস, বিশ্বাস বাড়ীর মেয়ে বিয়ে করেছে প্রায় সমগোত্রের দাশ পরিবারের ছেলে মলয় দাশ কে। তো ভন্ড রা “সাহা” পদবী নিল কেন?চ্যাটার্জি ব্যানার্জি নিলেই ভাল হতোনা? আইডেনটিটি চুরি করা ফৌজদারী দন্ড বিধির অপরাধ!!!","ওতো সাহা নয় পদবীতে!!!নাম হলো প্রিয় বালা বিশ্বাস, বিশ্বাস বাড়ীর মেয়ে বিয়ে করেছে প্রায় সমগোত্রের দাশ পরিবারের ছেলে মলয় দাশ কে। তো ভন্ড রা “সাহা” পদবী নিল কেন?চ্যাটার্জি ব্যানার্জি নিলেই ভাল হতোনা? আইডেনটিটি চুরি করা ফৌজদারী দন্ড বিধির অপরাধ!!!"
text withheld: corpus licence does not permit redistribution,0,0.0,banglasarc,আপনার লাইভের ক্যাপশনটা একটু ভুল হয়েছে।একটু চেক করে নিবেন।ভালো থাকবেন,আপনার লাইভের ক্যাপশনটা একটু ভুল হয়েছে।একটু চেক করে নিবেন।ভালো থাকবেন
text withheld: corpus licence does not permit redistribution,0,0.0,banglasarc,"অহ ,আহারে তুমিতো টপ ফ্যান।। তুমি না করলে হপে??","অহ ,আহারে তুমিতো টপ ফ্যান।। তুমি না করলে হপে??"
text withheld: corpus licence does not permit redistribution,0,0.0,banglasarc,"এটা কোন প্রকারের ক্ষমা চাওয়ার মধ্যে পড়ে জানিনা, “আমি যদি কোন ভুল করে থাকি” ওয়াও... ক্ষমা এমন ভাবে চাইতে হয় যাতে ক্ষমা পাওয়ার অনুভব থাকে।কারো বিশ্বাসে আঘাত মানে? এটা কি তোমার বিশ্বাসে আঘাত করেনি?সবার’ই মন ভাসনা কখন না কখনো সমাজে ফসকে পড়ে আর তোমার বেলায়ও সেটা হয়েছে।বলতে গেলে অনেক কিছু বলা সম্ভব, থাক বাদই দিলাম।পরি শেষে বলব এই ক্ষমার মালিক সয়ং আল্লাহ তিনিই মাত্র ক্ষমাকারি।ভবিষ্যতে এমনি হলে আমরা নিন্দা ছাড়া কিছুই উপহার দিতে পারবো না।","এটা কোন প্রকারের ক্ষমা চাওয়ার মধ্যে পড়ে জানিনা, “আমি যদি কোন ভুল করে থাকি” ওয়াও... ক্ষমা এমন ভাবে চাইতে হয় যাতে ক্ষমা পাওয়ার অনুভব থাকে।কারো বিশ্বাসে আঘাত মানে? এটা কি তোমার বিশ্বাসে আঘাত করেনি?সবার’ই মন ভাসনা কখন না কখনো সমাজে ফসকে পড়ে আর তোমার বেলায়ও সেটা হয়েছে।বলতে গেলে অনেক কিছু বলা সম্ভব, থাক বাদই দিলাম।পরি শেষে বলব এই ক্ষমার মালিক সয়ং আল্লাহ তিনিই মাত্র ক্ষমাকারি।ভবিষ্যতে এমনি হলে আমরা নিন্দা ছাড়া কিছুই উপহার দিতে পারবো না।"
text withheld: corpus licence does not permit redistribution,0,0.0,banglasarc,তাহলে এবার নুসরাতের বিচারের জন্য আন্দোলন কর। কারণ তুমি করো দালালী করে বিচারের মোড় ঘুরিয়ে দেয়ার চেষ্টা করেছ।,তাহলে এবার নুসরাতের বিচারের জন্য আন্দোলন কর। কারণ তুমি করো দালালী করে বিচারের মোড় ঘুরিয়ে দেয়ার চেষ্টা করেছ।
text withheld: corpus licence does not permit redistribution,0,0.0,banglasarc,"তাকে জিজ্ঞেস করা দরকার।সে আসলো কি ভাবে,সে ত দেখেনাই।","তাকে জিজ্ঞেস করা দরকার।সে আসলো কি ভাবে,সে ত দেখেনাই।"
text withheld: corpus licence does not permit redistribution,0,0.0,banglasarc,বিগ্গাপন টি যাওয়ার বিশেষ প্রয়োজন আছে যেন সবাই বোঝে যে বাবাই এক মাত্র ব্যকতি,বিগ্গাপন টি যাওয়ার বিশেষ প্রয়োজন আছে যেন সবাই বোঝে যে বাবাই এক মাত্র ব্যকতি
text withheld: corpus licence does not permit redistribution,0,0.0,banglasarc,তাহসানের নাটক মানে অসাধারণ,তাহসানের নাটক মানে অসাধারণ
text withheld: corpus licence does not permit redistribution,0,0.0,banglasarc,"জায়দে তুই কেডা রে?. কবে অাসছোস বাংলা চলচিএে। জীবন তো নাম তো দুরে থাক তোর একটা ছবি নামও শুনি নাই।হাহাহা অাবাল চোদা।৯৬ পর অার কোন বাংলা ছবি দেখি নি।শালমান শাহ মারা যাবার পর।যাইহোক,জনাব জায়েদ যতই বড় বড় কথা বলেন অাপনারাও হিরো অালমের জনপ্রিয়তার ধারে কাছে ও নাই।","জায়দে তুই কেডা রে?. কবে অাসছোস বাংলা চলচিএে। জীবন তো নাম তো দুরে থাক তোর একটা ছবি নামও শুনি নাই।হাহাহা অাবাল চোদা।৯৬ পর অার কোন বাংলা ছবি দেখি নি।শালমান শাহ মারা যাবার পর।যাইহোক,জনাব জায়েদ যতই বড় বড় কথা বলেন অাপনারাও হিরো অালমের জনপ্রিয়তার ধারে কাছে ও নাই।"
text withheld: corpus licence does not permit redistribution,0,0.0,banglasarc,মাস্ক কোথায়?,মাস্ক কোথায়?
text withheld: corpus licence does not permit redistribution,0,0.0,banglasarc,"আমি একজন ব্রাজিল সাপোর্টার হয়ে বলছি, ব্রাজিলের ঘর থেকে এভাবে কাপ নিয়ে যাচ্ছে আর্জেন্টিনা, বিষয়টি খুবই দুঃখজনক তাই আমি হতাশ 🐼🐼","আমি একজন ব্রাজিল সাপোর্টার হয়ে বলছি, ব্রাজিলের ঘর থেকে এভাবে কাপ নিয়ে যাচ্ছে আর্জেন্টিনা, বিষয়টি খুবই দুঃখজনক তাই আমি হতাশ 🐼🐼"
text withheld: corpus licence does not permit redistribution,0,0.0,banglasarc,এদিকে বিয়ের দাওয়াত খেতে যেয়ে মেয়েরা এত কিছু চিন্তা করে আপনার এ কথা শুনলে জানতেই পারতাম না,এদিকে বিয়ের দাওয়াত খেতে যেয়ে মেয়েরা এত কিছু চিন্তা করে আপনার এ কথা শুনলে জানতেই পারতাম না
text withheld: corpus licence does not permit redistribution,0,0.0,banglasarc,এখন মানুষ ভালো কে খারাপ বলে আর খারাপ কে খুব ভালো বলে!! বাহ্ দারুন!!!,এখন মানুষ ভালো কে খারাপ বলে আর খারাপ কে খুব ভালো বলে!! বাহ্ দারুন!!!
text withheld: corpus licence does not permit redistribution,1,1.0,banglasarc,আপনি যদি আপনার মুখের মতো দৌড়ে যান তবে আপনি ভাল আকারে থাকবেন,আপনি যদি আপনার মুখের মতো দৌড়ে যান তবে আপনি ভাল আকারে থাকবেন
text withheld: corpus licence does not permit redistribution,1,1.0,banglasarc,দয়া করে আজই আপনার ধারণাগুলি আমার কাছে জমা দিন যাতে আমি সেগুলি আমার আগামীকাল আমার নিজের হিসাবে জমা দিতে পারি।,দয়া করে আজই আপনার ধারণাগুলি আমার কাছে জমা দিন যাতে আমি সেগুলি আমার আগামীকাল আমার নিজের হিসাবে জমা দিতে পারি।
text withheld: corpus licence does not permit redistribution,0,0.0,banglasarc,ওরে ভাই কাবিল টারে লাথি মারা উচিৎ,ওরে ভাই কাবিল টারে লাথি মারা উচিৎ
text withheld: corpus licence does not permit redistribution,1,1.0,banglasarc,আমি আশা করি আপনি যে বাসটি আমাকে সোয়ারভের নীচে ফেলে দিয়েছেন তা আপনাকে ফুটপাতে আঘাত করার জন্য।,আমি আশা করি আপনি যে বাসটি আমাকে সোয়ারভের নীচে ফেলে দিয়েছেন তা আপনাকে ফুটপাতে আঘাত করার জন্য।
text withheld: corpus licence does not permit redistribution,0,0.0,banglasarc,আজব সব আবাল পাবলিকের জন্য হিরো আলম,আজব সব আবাল পাবলিকের জন্য হিরো আলম
text withheld: corpus licence does not permit redistribution,1,1.0,banglasarc,"""আমি আপনার সাথে একমত হব, তবে তারপরে আমরা দুজনেই ভুল হয়ে যাব।","""আমি আপনার সাথে একমত হব, তবে তারপরে আমরা দুজনেই ভুল হয়ে যাব।"
text withheld: corpus licence does not permit redistribution,1,1.0,banglasarc,যতক্ষণ না এটি একটি রসিকতা হয় ততক্ষণ সবকিছু ঠিক আছে।,যতক্ষণ না এটি একটি রসিকতা হয় ততক্ষণ সবকিছু ঠিক আছে।
text withheld: corpus licence does not permit redistribution,1,1.0,banglasarc,কারও মেঘে রংধনু হওয়ার চেষ্টা করুন।,কারও মেঘে রংধনু হওয়ার চেষ্টা করুন।
text withheld: corpus licence does not permit redistribution,0,0.0,banglasarc,ফালাক এর জন্মদিনে সবার জন্য উপহারআপু বাংলা বানান লেখার সময় একটু খেয়াল রাখবেন।,ফালাক এর জন্মদিনে সবার জন্য উপহারআপু বাংলা বানান লেখার সময় একটু খেয়াল রাখবেন।
text withheld: corpus licence does not permit redistribution,0,0.0,banglasarc,এখনি সেয়ার করেন এদের কে এইভাবে চলতে দেওয়া যায় না,এখনি সেয়ার করেন এদের কে এইভাবে চলতে দেওয়া যায় না
text withheld: corpus licence does not permit redistribution,0,0.0,banglasarc,তেরো মামলার আসামী কে যদি যামিন দিয়ে বাহিরে ঘোরাফেরার সুযোগ করে দেওয়া হয় তবে সেতো খুন করবেই ৷,তেরো মামলার আসামী কে যদি যামিন দিয়ে বাহিরে ঘোরাফেরার সুযোগ করে দেওয়া হয় তবে সেতো খুন করবেই ৷
text withheld: corpus licence does not permit redistribution,0,0.0,banglasarc,খুব সমস্যায় আছে দেশটা,খুব সমস্যায় আছে দেশটা
text withheld: corpus licence does not permit redistribution,0,0.0,banglasarc,তোর মত ফালতু মেয়ের এই মুসলিম দেশে থাকাই উচিত না।,তোর মত ফালতু মেয়ের এই মুসলিম দেশে থাকাই উচিত না।
text withheld: corpus licence does not permit redistribution,0,0.0,banglasarc,অনেক সুন্দর লাগছা ব্রো !,অনেক সুন্দর লাগছা ব্রো !
text withheld: corpus licence does not permit redistribution,0,0.0,banglasarc,এমন করুচিপূর্ণ এবং কুৎসিত প্রস্তাব করার জন্য ওকে আইনের আওতায় আনা হোক,এমন করুচিপূর্ণ এবং কুৎসিত প্রস্তাব করার জন্য ওকে আইনের আওতায় আনা হোক
text withheld: corpus licence does not permit redistribution,1,1.0,banglasarc,"""বিবাহ বিবাহ বিচ্ছেদের প্রধান কারণ।""","""বিবাহ বিবাহ বিচ্ছেদের প্রধান কারণ।"""
text withheld: corpus licence does not permit redistribution,0,0.0,banglasarc,"ফিল্মে অনেকেই হিরো, বাস্তবে আলম রিয়েল হিরো, ভালো মানুষ,","ফিল্মে অনেকেই হিরো, বাস্তবে আলম রিয়েল হিরো, ভালো মানুষ,"
text withheld: corpus licence does not permit redistribution,0,0.0,banglasarc,এটা নিশ্চয়ই বাহাত্তর টিভির সাংবাদিক হবে,এটা নিশ্চয়ই বাহাত্তর টিভির সাংবাদিক হবে
text withheld: corpus licence does not permit redistribution,0,0.0,banglasarc,যতবার এই আয়াত এর মর্মটা উপলব্ধি করি ততবার চোঁখের পানি ঝড়ে!,যতবার এই আয়াত এর মর্মটা উপলব্ধি করি ততবার চোঁখের পানি ঝড়ে!
text withheld: corpus licence does not permit redistribution,0,0.0,banglasarc,আমি তার চেয়েও সুন্দর,আমি তার চেয়েও সুন্দর
text withheld: corpus licence does not permit redistribution,0,0.0,banglasarc,"আপনারাই পারবেন সব শ্রেণী পেশার মানুষের জন্য একটি মানবিক ও নৈতিক সরকার ব্যাবস্থা গড়ে তুলতে। এর জন্য অগ্রণী ভূমিকা পালন করতে হবে আপনার মত তরুণ ক্যাপ্টেনদের। পুলিশ, ডাক্তার, শিক্ষক, কৃষক, শ্রমিক সবার জীবনের সঠিক মূল্যায়ন নিশ্চিত করে পুরাতন ঘুনে ধরা ব্যাবস্থাকে সাড়িয়ে তোলার নেতৃত্ব দিতে হবে আপনাদেরই।","আপনারাই পারবেন সব শ্রেণী পেশার মানুষের জন্য একটি মানবিক ও নৈতিক সরকার ব্যাবস্থা গড়ে তুলতে। এর জন্য অগ্রণী ভূমিকা পালন করতে হবে আপনার মত তরুণ ক্যাপ্টেনদের। পুলিশ, ডাক্তার, শিক্ষক, কৃষক, শ্রমিক সবার জীবনের সঠিক মূল্যায়ন নিশ্চিত করে পুরাতন ঘুনে ধরা ব্যাবস্থাকে সাড়িয়ে তোলার নেতৃত্ব দিতে হবে আপনাদেরই।"
text withheld: corpus licence does not permit redistribution,0,0.0,banglasarc,কতোদিন যেতে চাইলাম!,কতোদিন যেতে চাইলাম!
text withheld: corpus licence does not permit redistribution,0,0.0,banglasarc,চুরি করে ক্ষমাচাইলে ও চোর চোরই থাকে,চুরি করে ক্ষমাচাইলে ও চোর চোরই থাকে
text withheld: corpus licence does not permit redistribution,1,1.0,banglasarc,আপনি যদি কখনও আপনার প্রতিটি চিন্তাভাবনা লিখে থাকেন তবে আপনি এখন পর্যন্ত সবচেয়ে সংক্ষিপ্ত গল্পের জন্য একটি পুরষ্কার পাবেন ..,আপনি যদি কখনও আপনার প্রতিটি চিন্তাভাবনা লিখে থাকেন তবে আপনি এখন পর্যন্ত সবচেয়ে সংক্ষিপ্ত গল্পের জন্য একটি পুরষ্কার পাবেন ..
text withheld: corpus licence does not permit redistribution,1,1.0,banglasarc,"""সোমবার এবং মঙ্গলবার পরেও ক্যালেন্ডারটি ডাব্লুটিএফ বলে।""","""সোমবার এবং মঙ্গলবার পরেও ক্যালেন্ডারটি ডাব্লুটিএফ বলে।"""
text withheld: corpus licence does not permit redistribution,1,1.0,banglasarc,"""স্কুলে তিনি যা কিছু শিখেছিলেন তা ভুলে যাওয়ার পরে শিক্ষা হ'ল।""","""স্কুলে তিনি যা কিছু শিখেছিলেন তা ভুলে যাওয়ার পরে শিক্ষা হ'ল।"""
text withheld: corpus licence does not permit redistribution,1,1.0,banglasarc,আপনার মেয়েকে তার তারিখের দ্বারা সংগ্রহ করা দেখে মনে হচ্ছে এক মিলিয়ন ডলারের স্ট্রেডিভারিয়াসকে গরিলার হাতে তুলে দেওয়া।,আপনার মেয়েকে তার তারিখের দ্বারা সংগ্রহ করা দেখে মনে হচ্ছে এক মিলিয়ন ডলারের স্ট্রেডিভারিয়াসকে গরিলার হাতে তুলে দেওয়া।
text withheld: corpus licence does not permit redistribution,1,1.0,banglasarc,"""তারা বলে যে অজ্ঞতা সুখী তবে আমি আপনাকে বরং বিরক্তিকর মনে করি।""","""তারা বলে যে অজ্ঞতা সুখী তবে আমি আপনাকে বরং বিরক্তিকর মনে করি।"""
text withheld: corpus licence does not permit redistribution,0,0.0,banglasarc,যুগ উপযোগী বিষয় নিয়ে আলোচনা এবং এর সহজ বিবরণ আসলেই চমৎকার।,যুগ উপযোগী বিষয় নিয়ে আলোচনা এবং এর সহজ বিবরণ আসলেই চমৎকার।
text withheld: corpus licence does not permit redistribution,0,0.0,banglasarc,"ইগো, রাগ, জেলাসি,হীনমন্যতা, কনফিউশন এইসবের কারনে রোজ কতো সুন্দর সম্পর্ক শেষ হয়ে যায়।","ইগো, রাগ, জেলাসি,হীনমন্যতা, কনফিউশন এইসবের কারনে রোজ কতো সুন্দর সম্পর্ক শেষ হয়ে যায়।"
text withheld: corpus licence does not permit redistribution,0,0.0,banglasarc,টিভি দেখা কমিয়ে দিছি,টিভি দেখা কমিয়ে দিছি
text withheld: corpus licence does not permit redistribution,1,1.0,banglasarc,অভিজ্ঞতা এমন কিছু যা আপনার প্রয়োজনের ঠিক পরে আপনি পান না।,অভিজ্ঞতা এমন কিছু যা আপনার প্রয়োজনের ঠিক পরে আপনি পান না।
text withheld: corpus licence does not permit redistribution,0,0.0,banglasarc,নিজের উপার্জনের টাকা দিয়ে,নিজের উপার্জনের টাকা দিয়ে
text withheld: corpus licence does not permit redistribution,0,0.0,banglasarc,"এই লাইভটা ও করলে, আরও কিছু সময় তোমাকে দেখতে পাবো।","এই লাইভটা ও করলে, আরও কিছু সময় তোমাকে দেখতে পাবো।"
text withheld: corpus licence does not permit redistribution,0,0.0,banglasarc,হাগা ধরছে,হাগা ধরছে
text withheld: corpus licence does not permit redistribution,1,1.0,banglasarc,মানবতার সমস্ত সমস্যা মানুষের একা ঘরে নিঃশব্দে বসতে অক্ষমতা থেকে উদ্ভূত।,মানবতার সমস্ত সমস্যা মানুষের একা ঘরে নিঃশব্দে বসতে অক্ষমতা থেকে উদ্ভূত।
text withheld: corpus licence does not permit redistribution,0,0.0,banglasarc,"বন্ধুত্ব "" সত্যি বিশাল এক ভালবাসাময় জগৎ !","বন্ধুত্ব "" সত্যি বিশাল এক ভালবাসাময় জগৎ !"
text withheld: corpus licence does not permit redistribution,0,0.0,banglasarc,খুবই সঠিক পদক্ষেপ। পাশাপাশি আমাদের মন্ত্রীদের কাছ থেকে সেনসেবল বিহেভিয়ার আশা করি।,খুবই সঠিক পদক্ষেপ। পাশাপাশি আমাদের মন্ত্রীদের কাছ থেকে সেনসেবল বিহেভিয়ার আশা করি।
text withheld: corpus licence does not permit redistribution,0,0.0,banglasarc,জীবন থেকে ১৩ মিনিট ৪৫ সেকেন্ড নষ্ট করে দিলাম,জীবন থেকে ১৩ মিনিট ৪৫ সেকেন্ড নষ্ট করে দিলাম
text withheld: corpus licence does not permit redistribution,0,0.0,banglasarc,আল্লাহ সকল প্রকার প্রাকৃতিক দুর্যোগ থেকে আমাদের হেফাজত করুন আমীন,আল্লাহ সকল প্রকার প্রাকৃতিক দুর্যোগ থেকে আমাদের হেফাজত করুন আমীন
text withheld: corpus licence does not permit redistribution,1,1.0,banglasarc,"আপনি কি কখনও কারও কথা শুনেছেন এবং ভাবছেন, ""কে আপনার জুতো বেঁধে দেয়?""","আপনি কি কখনও কারও কথা শুনেছেন এবং ভাবছেন, ""কে আপনার জুতো বেঁধে দেয়?"""
text withheld: corpus licence does not permit redistribution,1,1.0,banglasarc,"গত রাতে আমি ""স্থূলত্ব"" অধ্যয়ন করার সময় একটি পিজ্জা অর্ডার করেছি।","গত রাতে আমি ""স্থূলত্ব"" অধ্যয়ন করার সময় একটি পিজ্জা অর্ডার করেছি।"
text withheld: corpus licence does not permit redistribution,0,0.0,banglasarc,দিন শেষে শূন্য সব কিছু খালি পড়ে রয়!!!,দিন শেষে শূন্য সব কিছু খালি পড়ে রয়!!!
text withheld: corpus licence does not permit redistribution,0,0.0,banglasarc,"আজকাল অনেক কে-ই কৃষক, শ্রমিক ও পেশাজীবিদের নেতাদের পদ পদবীতে দেখা যায় কিন্তু সবাই-ই কাগুজে কৃষক, শ্রমিক ও পেশাজীবি।","আজকাল অনেক কে-ই কৃষক, শ্রমিক ও পেশাজীবিদের নেতাদের পদ পদবীতে দেখা যায় কিন্তু সবাই-ই কাগুজে কৃষক, শ্রমিক ও পেশাজীবি।"
text withheld: corpus licence does not permit redistribution,0,0.0,banglasarc,ঈদ মুবারক...❤️❤️❤️,ঈদ মুবারক...❤️❤️❤️
text withheld: corpus licence does not permit redistribution,0,0.0,banglasarc,"মা কে নিয়ে অনেক সুন্দর অভিনয় করেছেন দুজনের অভিনয় দেখে আমার নয়নে অশ্রো আটকাতে পারলাম না ঝরে ছিল, অসাধারণ অনুভূতি প্রকাশ করেছেন হৃদয়ের গভীরে নাড়া দিয়েছে বুঝতে পারছি না আমি কোথায় হারিয়ে গেছি, শিক্ষনীয় পোস্টের জন্য আপনাদের কে অসংখ্য ধন্যবাদ","মা কে নিয়ে অনেক সুন্দর অভিনয় করেছেন দুজনের অভিনয় দেখে আমার নয়নে অশ্রো আটকাতে পারলাম না ঝরে ছিল, অসাধারণ অনুভূতি প্রকাশ করেছেন হৃদয়ের গভীরে নাড়া দিয়েছে বুঝতে পারছি না আমি কোথায় হারিয়ে গেছি, শিক্ষনীয় পোস্টের জন্য আপনাদের কে অসংখ্য ধন্যবাদ"
text withheld: corpus licence does not permit redistribution,0,0.0,banglasarc,উভয়েরই চাকুরি হওয়ার এবং বাদ পড়ার সম্ভাবনা দুটোই আছে।,উভয়েরই চাকুরি হওয়ার এবং বাদ পড়ার সম্ভাবনা দুটোই আছে।
text withheld: corpus licence does not permit redistribution,0,0.0,banglasarc,এর ডিসপ্লে ড্যামেজ হয়েছে বলে দুশ্চিন্তায় পড়েছেন? অরিজিনাল ডিসপ্লের নিশ্চয়তা পেতে দোকানের পর দোকান ঘুরছেন?,এর ডিসপ্লে ড্যামেজ হয়েছে বলে দুশ্চিন্তায় পড়েছেন? অরিজিনাল ডিসপ্লের নিশ্চয়তা পেতে দোকানের পর দোকান ঘুরছেন?
text withheld: corpus licence does not permit redistribution,1,1.0,banglasarc,"“আমাকে প্রলোভনে না নিয়ে যান।আমি উপায় জানি। ""","“আমাকে প্রলোভনে না নিয়ে যান।আমি উপায় জানি। """
text withheld: corpus licence does not permit redistribution,0,0.0,banglasarc,আমি তো শপিং করে সন্ধ্যার আগেই বাসায় ফিরি,আমি তো শপিং করে সন্ধ্যার আগেই বাসায় ফিরি
text withheld: corpus licence does not permit redistribution,0,0.0,banglasarc,এইসকল নাস্তিক ভাইদের কাছে একটা প্রশ্ন ? আপনাদের বিখ্যাত নাস্তিকদের মৃত্যুর পর জানাজা/কবর ইসলামিক শরীয়ত মোতাবেক কেন করেন ? যেহেতু তারা ইসলাম মানেন না তাই তাদের উচিত তাদের লাশ মমি কইরা রাখা,এইসকল নাস্তিক ভাইদের কাছে একটা প্রশ্ন ? আপনাদের বিখ্যাত নাস্তিকদের মৃত্যুর পর জানাজা/কবর ইসলামিক শরীয়ত মোতাবেক কেন করেন ? যেহেতু তারা ইসলাম মানেন না তাই তাদের উচিত তাদের লাশ মমি কইরা রাখা
text withheld: corpus licence does not permit redistribution,1,1.0,banglasarc,"তার কেবল পথ থেকে বেরিয়ে আসা উচিত যাতে ক্ষতিগ্রস্থ, দুর্নীতিগ্রস্থ, কর-ডডিং, খসড়া-ডডিং, গ্রোপিং, মিথ্যা বলা, অভিযোগ করা শিশু ধর্ষণকারী রাষ্ট্রপতি হতে পারেন।","তার কেবল পথ থেকে বেরিয়ে আসা উচিত যাতে ক্ষতিগ্রস্থ, দুর্নীতিগ্রস্থ, কর-ডডিং, খসড়া-ডডিং, গ্রোপিং, মিথ্যা বলা, অভিযোগ করা শিশু ধর্ষণকারী রাষ্ট্রপতি হতে পারেন।"
text withheld: corpus licence does not permit redistribution,1,1.0,banglasarc,আমি প্রথম দর্শনে বিরক্তিতে বিশ্বাস করি।,আমি প্রথম দর্শনে বিরক্তিতে বিশ্বাস করি।
text withheld: corpus licence does not permit redistribution,0,0.0,banglasarc,আমিও নিজেকে এমন ভাবে তৈরি করছি আঘাত পেতে পেতে কঠিন শক্ত হচ্ছি আল্লাহ সবার সহায় হোক আমিন,আমিও নিজেকে এমন ভাবে তৈরি করছি আঘাত পেতে পেতে কঠিন শক্ত হচ্ছি আল্লাহ সবার সহায় হোক আমিন
text withheld: corpus licence does not permit redistribution,1,1.0,banglasarc,তাকে তার অর্ধেক টাকা ফেরত দেওয়ার জন্য কত উদার!,তাকে তার অর্ধেক টাকা ফেরত দেওয়ার জন্য কত উদার!
text withheld: corpus licence does not permit redistribution,0,0.0,banglasarc,এই নাস্তিকদের বিচার যেন আল্লাহ্ নিজে করেন এবং এদের সঙ্গ যারা দিচ্ছে তাদের বিচার ও যেন মহান আল্লাহ্ তায়লা করেন।এদের বিচার আল্লাহ্ এমনভাবে করতেন যাতে পৃথিবীতে জন্ম গ্রহণ করা অন্য কোন জানোয়ার দ্বিতীয় বার ইসলামের নামে কটূক্তি করার সাহসটাও না পেত,এই নাস্তিকদের বিচার যেন আল্লাহ্ নিজে করেন এবং এদের সঙ্গ যারা দিচ্ছে তাদের বিচার ও যেন মহান আল্লাহ্ তায়লা করেন।এদের বিচার আল্লাহ্ এমনভাবে করতেন যাতে পৃথিবীতে জন্ম গ্রহণ করা অন্য কোন জানোয়ার দ্বিতীয় বার ইসলামের নামে কটূক্তি করার সাহসটাও না পেত
text withheld: corpus licence does not permit redistribution,0,0.0,banglasarc,"সফল কৃষক,, তাকে একটা নোবেল ছুঁড়ে মারা উচিৎ,,","সফল কৃষক,, তাকে একটা নোবেল ছুঁড়ে মারা উচিৎ,,"
text withheld: corpus licence does not permit redistribution,1,1.0,banglasarc,আমার সার্কাস নয় আমার বানর নয় তবে আমি অবশ্যই ক্লাউনগুলি জানি,আমার সার্কাস নয় আমার বানর নয় তবে আমি অবশ্যই ক্লাউনগুলি জানি
text withheld: corpus licence does not permit redistribution,0,0.0,banglasarc,অন্তরের অন্তস্তল থেকে দোয়া রইলো আল্লাহ আপনাদের নেক হায়াত দান করুক। আপনাদের মতো মানুষের দরকার আছে সমাজের। অনেক দরকার।,অন্তরের অন্তস্তল থেকে দোয়া রইলো আল্লাহ আপনাদের নেক হায়াত দান করুক। আপনাদের মতো মানুষের দরকার আছে সমাজের। অনেক দরকার।
text withheld: corpus licence does not permit redistribution,0,0.0,banglasarc,সব মিলিয়ে ওদের খাবার টেস্ট ভালো ছিলো। কিন্তু ওদের সার্ভিস খুব খারাপ। 😑,সব মিলিয়ে ওদের খাবার টেস্ট ভালো ছিলো। কিন্তু ওদের সার্ভিস খুব খারাপ। 😑
text withheld: corpus licence does not permit redistribution,0,0.0,banglasarc,জানিনা পারবো কিনা ।মহান রাব্বুল আলামিন ভালো জানেন ।স্বাদের সাথে সাধে্য কূলাবে কিনা ?,জানিনা পারবো কিনা ।মহান রাব্বুল আলামিন ভালো জানেন ।স্বাদের সাথে সাধে্য কূলাবে কিনা ?
text withheld: corpus licence does not permit redistribution,0,0.0,banglasarc,"ভালবাসা আমাকে স্বার্থপর বানিয়ে দিয়েছে জানিস তো,","ভালবাসা আমাকে স্বার্থপর বানিয়ে দিয়েছে জানিস তো,"
text withheld: corpus licence does not permit redistribution,0,0.0,banglasarc,ছ্যাচড়া ব্যাটা,ছ্যাচড়া ব্যাটা
text withheld: corpus licence does not permit redistribution,1,1.0,banglasarc,"চিকিত্সকরা আইনজীবীদের মতো একই;পার্থক্যটি হ'ল আইনজীবীরা কেবল আপনাকে ছিনতাই করে, যেখানে চিকিত্সকরা আপনাকে ছিনতাই করে এবং আপনাকেও হত্যা করে।","চিকিত্সকরা আইনজীবীদের মতো একই;পার্থক্যটি হ'ল আইনজীবীরা কেবল আপনাকে ছিনতাই করে, যেখানে চিকিত্সকরা আপনাকে ছিনতাই করে এবং আপনাকেও হত্যা করে।"
text withheld: corpus licence does not permit redistribution,0,0.0,banglasarc,জাহেদ খান জা বলেছে টিক বলেছে বলদ ছারা নাম এর আগে কেও হিরো বলে,জাহেদ খান জা বলেছে টিক বলেছে বলদ ছারা নাম এর আগে কেও হিরো বলে
text withheld: corpus licence does not permit redistribution,1,1.0,banglasarc,সর্বদা মনে রাখবেন যে আপনি অনন্য।ঠিক সবার মতো।,সর্বদা মনে রাখবেন যে আপনি অনন্য।ঠিক সবার মতো।
text withheld: corpus licence does not permit redistribution,1,1.0,banglasarc,"আপনার সেরা বন্ধুদের কখনই একাকী হতে দেবেন না, তাদের বিরক্ত করতে দিন।","আপনার সেরা বন্ধুদের কখনই একাকী হতে দেবেন না, তাদের বিরক্ত করতে দিন।"
text withheld: corpus licence does not permit redistribution,0,0.0,banglasarc,মাগি নাস্তি হয়ে গেলি,মাগি নাস্তি হয়ে গেলি
text withheld: corpus licence does not permit redistribution,0,0.0,banglasarc,উচিত কথা বললে জীবন থাকবে না,উচিত কথা বললে জীবন থাকবে না
text withheld: corpus licence does not permit redistribution,1,1.0,banglasarc,"""বন্ধুত্বগুলি অবশ্যই অ্যালকোহল, কটাক্ষ, অনুপযুক্ততা এবং শেননিগানগুলির একটি দৃ foundation ় ভিত্তিতে তৈরি করা উচিত।""","""বন্ধুত্বগুলি অবশ্যই অ্যালকোহল, কটাক্ষ, অনুপযুক্ততা এবং শেননিগানগুলির একটি দৃ foundation ় ভিত্তিতে তৈরি করা উচিত।"""
text withheld: corpus licence does not permit redistribution,1,1.0,banglasarc,"আমার প্রতিরক্ষা হিসাবে, আমাকে নিরীক্ষণ করা হয়েছিল।","আমার প্রতিরক্ষা হিসাবে, আমাকে নিরীক্ষণ করা হয়েছিল।"
text withheld: corpus licence does not permit redistribution,1,1.0,banglasarc,"""যদি অজ্ঞতা আনন্দ হয় তবে আপনাকে অবশ্যই এই গ্রহের সবচেয়ে সুখী ব্যক্তি হতে হবে।""","""যদি অজ্ঞতা আনন্দ হয় তবে আপনাকে অবশ্যই এই গ্রহের সবচেয়ে সুখী ব্যক্তি হতে হবে।"""
text withheld: corpus licence does not permit redistribution,0,0.0,banglasarc,৭০০০ টাকা ছাড়!ফ্রি ডেলিভারি,৭০০০ টাকা ছাড়!ফ্রি ডেলিভারি
text withheld: corpus licence does not permit redistribution,0,0.0,banglasarc,আপু আপনাদের জীবন ও ভালো বাসা আমার খুব ভালো লাগে জোয়ান জামাই পেলেই কি সব পাওয়া জায় । জায়না আপু ধন্যবাদ তোমাকে এগিয়ে য়াও,আপু আপনাদের জীবন ও ভালো বাসা আমার খুব ভালো লাগে জোয়ান জামাই পেলেই কি সব পাওয়া জায় । জায়না আপু ধন্যবাদ তোমাকে এগিয়ে য়াও
text withheld: corpus licence does not permit redistribution,1,1.0,banglasarc,"এটা অবশ্যই মজার, ভাই।","এটা অবশ্যই মজার, ভাই।"
text withheld: corpus licence does not permit redistribution,0,0.0,banglasarc,দুইদিন পরে দেখা যাবে ওটা মুখোশ পরা কোনো ছিল।,দুইদিন পরে দেখা যাবে ওটা মুখোশ পরা কোনো ছিল।
text withheld: corpus licence does not permit redistribution,0,0.0,banglasarc,আপনার বানানো ভিডিও ভালো লাগে।,আপনার বানানো ভিডিও ভালো লাগে।
text withheld: corpus licence does not permit redistribution,1,1.0,banglasarc,তারা বলে যে বিবাহ স্বর্গে তৈরি হয়।তবে বজ্রপাত এবং বজ্রপাতও তাই।,তারা বলে যে বিবাহ স্বর্গে তৈরি হয়।তবে বজ্রপাত এবং বজ্রপাতও তাই।
text withheld: corpus licence does not permit redistribution,0,0.0,banglasarc,অসাধারণ 💝💝💝💝🇧🇩🇧🇩🇧🇩🇧🇩🇧🇩,অসাধারণ 💝💝💝💝🇧🇩🇧🇩🇧🇩🇧🇩🇧🇩
text withheld: corpus licence does not permit redistribution,0,0.0,banglasarc,আপনি করতে করতে ক্লান্ত হইয়া গেলে আমাদেরকে দিয়েন আমরাও করব রুষ্ট,আপনি করতে করতে ক্লান্ত হইয়া গেলে আমাদেরকে দিয়েন আমরাও করব রুষ্ট
text withheld: corpus licence does not permit redistribution,0,0.0,banglasarc,আমিও ভাবি এই কথা টা যে বললো আমাকে এতে কি আমার মাইন্ড করা উচিত,আমিও ভাবি এই কথা টা যে বললো আমাকে এতে কি আমার মাইন্ড করা উচিত
text withheld: corpus licence does not permit redistribution,1,1.0,banglasarc,শত্রুকে কখনই অবমূল্যায়ন করবেন না - তারা যত বোকা তা বিবেচনা করে না,শত্রুকে কখনই অবমূল্যায়ন করবেন না - তারা যত বোকা তা বিবেচনা করে না
text withheld: corpus licence does not permit redistribution,0,0.0,banglasarc,"ধর্মীয় বিশ্বাস সম্পুর্ন ব্যক্তিগত বিষয়। কে পরকাল বিশ্বাস করলো আর কে করলো না, তা নিয়ে এতো লাফালাফি করে তাকে মহাতারকা তৈরি করার কোন মানেই হয় না। যে পরকালে বিশ্বাস রাখবে না, তার ইমান নেই। তার হিসাব সে দিবে....... তাই বলে তাকে দেশ থেকে তারানো দাবী অযোক্তিক, ফালতু চিন্তা চেতনা ছাড়া কিছুই নয়। আজাইরা লোকগুলো নিজে ধর্মে কর্মে ঠন-ঠনা-ঠন, আইছে অন্যর দোষ ধরতে।বিষয়টি হচ্ছে কেউ ধর্মীয় অনুভূতি তে আঘাত দিয়ে কিছু বললো কিনা, কেউ কারো ধর্মীয় অনুভুতিতে আঘাত না দিলেই হল...... ব্যক্তিগত বিশ্বাস আর ধর্মীয় অনুভূতিতে আঘাত এক নয়।","ধর্মীয় বিশ্বাস সম্পুর্ন ব্যক্তিগত বিষয়। কে পরকাল বিশ্বাস করলো আর কে করলো না, তা নিয়ে এতো লাফালাফি করে তাকে মহাতারকা তৈরি করার কোন মানেই হয় না। যে পরকালে বিশ্বাস রাখবে না, তার ইমান নেই। তার হিসাব সে দিবে....... তাই বলে তাকে দেশ থেকে তারানো দাবী অযোক্তিক, ফালতু চিন্তা চেতনা ছাড়া কিছুই নয়। আজাইরা লোকগুলো নিজে ধর্মে কর্মে ঠন-ঠনা-ঠন, আইছে অন্যর দোষ ধরতে।বিষয়টি হচ্ছে কেউ ধর্মীয় অনুভূতি তে আঘাত দিয়ে কিছু বললো কিনা, কেউ কারো ধর্মীয় অনুভুতিতে আঘাত না দিলেই হল...... ব্যক্তিগত বিশ্বাস আর ধর্মীয় অনুভূতিতে আঘাত এক নয়।"
text withheld: corpus licence does not permit redistribution,0,0.0,banglasarc,ডুয়ার্সে আসেন ভাই...।,ডুয়ার্সে আসেন ভাই...।
text withheld: corpus licence does not permit redistribution,0,0.0,banglasarc,ঘরে বসেই অর্ডার করতে কল করুন: ০৮০০ ৭৭৭ ৭৭৭৭ (টোল ফ্রি),ঘরে বসেই অর্ডার করতে কল করুন: ০৮০০ ৭৭৭ ৭৭৭৭ (টোল ফ্রি)
text withheld: corpus licence does not permit redistribution,0,0.0,banglasarc,কে প্রথম ভালোবেসেছে?,কে প্রথম ভালোবেসেছে?
text withheld: corpus licence does not permit redistribution,0,0.0,banglasarc,আমি তোমার জন্য অনেক অনেক দোয়া করি।,আমি তোমার জন্য অনেক অনেক দোয়া করি।
text withheld: corpus licence does not permit redistribution,0,0.0,banglasarc,বরিষায় পুর্নিমার দেখা পাওয়া দুস্কর তাই ব্যাকাপে আছি,বরিষায় পুর্নিমার দেখা পাওয়া দুস্কর তাই ব্যাকাপে আছি
text withheld: corpus licence does not permit redistribution,1,1.0,banglasarc,আচ্ছা সে অবশ্যই সেখানে ডাম্বাস চালিয়েছে।,আচ্ছা সে অবশ্যই সেখানে ডাম্বাস চালিয়েছে।
text withheld: corpus licence does not permit redistribution,0,0.0,banglasarc,ফুড চয়েজ এতো জোস! সবগুলো এত মজার মজার খাবার!,ফুড চয়েজ এতো জোস! সবগুলো এত মজার মজার খাবার!
text withheld: corpus licence does not permit redistribution,0,0.0,banglasarc,"আপনি ""যদি"" শব্দটা ব্যবহার না করলেও পারতেন সবখানে। এটাই বোঝায় আপনি এখনও আপনার ভুলটা বুঝতে পারছেন নাহ। অনুতপ্ত ফেসবুকে না হয়ে তার কাছে হন যিনি সকল ক্ষমতার মালিক, যদি সত্যি আপনি নিজের ভুল বুঝে থাকেন । আল্লাহ আপনাকে হেদায়েত দান করুন।","আপনি ""যদি"" শব্দটা ব্যবহার না করলেও পারতেন সবখানে। এটাই বোঝায় আপনি এখনও আপনার ভুলটা বুঝতে পারছেন নাহ। অনুতপ্ত ফেসবুকে না হয়ে তার কাছে হন যিনি সকল ক্ষমতার মালিক, যদি সত্যি আপনি নিজের ভুল বুঝে থাকেন । আল্লাহ আপনাকে হেদায়েত দান করুন।"
text withheld: corpus licence does not permit redistribution,0,0.0,banglasarc,শুভেচ্ছা তরুনদের অংকার সজীব ভাই,শুভেচ্ছা তরুনদের অংকার সজীব ভাই
text withheld: corpus licence does not permit redistribution,0,0.0,banglasarc,এক টাকায় আহার ও বিদ্যানন্দ ফাউন্ডেশন বাংলাদেশের জনগণের অনুদানে কিভাবে সাধারণ দরিদ্র মানুষকে বিনামূল্যে ইফতার করাচ্ছে,এক টাকায় আহার ও বিদ্যানন্দ ফাউন্ডেশন বাংলাদেশের জনগণের অনুদানে কিভাবে সাধারণ দরিদ্র মানুষকে বিনামূল্যে ইফতার করাচ্ছে
text withheld: corpus licence does not permit redistribution,0,0.0,banglasarc,আমি যে কান্না করতে করতেই মরবো তাতে আমার ম্যাকআপ এর তেরোটা বাজবে,আমি যে কান্না করতে করতেই মরবো তাতে আমার ম্যাকআপ এর তেরোটা বাজবে
text withheld: corpus licence does not permit redistribution,0,0.0,banglasarc,শাশুড়ি মাকে দেয়া আমার ছোট্ট সারপ্রাইজ,শাশুড়ি মাকে দেয়া আমার ছোট্ট সারপ্রাইজ
text withheld: corpus licence does not permit redistribution,1,1.0,banglasarc,"আপনি: আপনি কি আমার মনের এক টুকরো চান? আমি: ওহ না, আমি শেষ টুকরোটি নিতে পারিনি।","আপনি: আপনি কি আমার মনের এক টুকরো চান? আমি: ওহ না, আমি শেষ টুকরোটি নিতে পারিনি।"
text withheld: corpus licence does not permit redistribution,0,0.0,banglasarc,বাবা দিবসে সকল বাবাদের জানাই অকৃত্রিম ভালোবাসা।,বাবা দিবসে সকল বাবাদের জানাই অকৃত্রিম ভালোবাসা।
text withheld: corpus licence does not permit redistribution,1,1.0,banglasarc,"আপনি যদি বলেন প্রতিটি স্মার্ট জিনিসের জন্য যদি একটি ডলার থাকে।আমি দরিদ্র হব। ""","আপনি যদি বলেন প্রতিটি স্মার্ট জিনিসের জন্য যদি একটি ডলার থাকে।আমি দরিদ্র হব। """
text withheld: corpus licence does not permit redistribution,1,1.0,banglasarc,"আমি একজন মহিলা, তবে আমি যখন পাগল হয়ে যাই তখন আমি একজন দুষ্ট দু: খিত রাক্ষস বি.সি.এইচ.সি.এবং যখন আমি খুশি, আমি কুকিজ বেক করতে এবং বিষ্ঠা করতে পছন্দ করি।","আমি একজন মহিলা, তবে আমি যখন পাগল হয়ে যাই তখন আমি একজন দুষ্ট দু: খিত রাক্ষস বি.সি.এইচ.সি.এবং যখন আমি খুশি, আমি কুকিজ বেক করতে এবং বিষ্ঠা করতে পছন্দ করি।"
text withheld: corpus licence does not permit redistribution,1,1.0,banglasarc,আপনার সব কিছু থাকতে পারে না।আপনি কোথায় রাখবেন?,আপনার সব কিছু থাকতে পারে না।আপনি কোথায় রাখবেন?
text withheld: corpus licence does not permit redistribution,1,1.0,banglasarc,"হ্যাঁ, তিনি যা করেছিলেন তা হ'ল এটি স্বাক্ষর করে আইন তৈরি করে।","হ্যাঁ, তিনি যা করেছিলেন তা হ'ল এটি স্বাক্ষর করে আইন তৈরি করে।"
text withheld: corpus licence does not permit redistribution,1,1.0,banglasarc,যদি কেবল বন্ধ মন বন্ধ মুখ দিয়ে আসে,যদি কেবল বন্ধ মন বন্ধ মুখ দিয়ে আসে
text withheld: corpus licence does not permit redistribution,1,1.0,banglasarc,"আমি শান্ত দেখতে পাচ্ছি তবে মনে মনে, আমি আপনাকে তিনবার হত্যা করেছি।","আমি শান্ত দেখতে পাচ্ছি তবে মনে মনে, আমি আপনাকে তিনবার হত্যা করেছি।"
text withheld: corpus licence does not permit redistribution,0,0.0,banglasarc,"কারো সাথে কথা হলে, দেখা হলে এইটা মাথায় রেখে কথা বলুন যেন এইটাই শেষ কথা, এইটাই শেষ দেখা তার সাথে","কারো সাথে কথা হলে, দেখা হলে এইটা মাথায় রেখে কথা বলুন যেন এইটাই শেষ কথা, এইটাই শেষ দেখা তার সাথে"
text withheld: corpus licence does not permit redistribution,0,0.0,banglasarc,"এভাবে কৃষক আটক করলে, বড় বড় নেতারা খাবে কি 🤔🤔কি খেয়ে কথা বলবে 😭😭😭আর সাংবাদিক রা কি খেয়ে সংবাদ সংগ্রহ করবে 🙄🙄","এভাবে কৃষক আটক করলে, বড় বড় নেতারা খাবে কি 🤔🤔কি খেয়ে কথা বলবে 😭😭😭আর সাংবাদিক রা কি খেয়ে সংবাদ সংগ্রহ করবে 🙄🙄"
text withheld: corpus licence does not permit redistribution,0,0.0,banglasarc,অনেক অনেক দোয়া ও ভালোবাসা রইলো তোমাদের জন্য আপু,অনেক অনেক দোয়া ও ভালোবাসা রইলো তোমাদের জন্য আপু
text withheld: corpus licence does not permit redistribution,0,0.0,banglasarc,"ফালতু নিউজ, সাফা , মিথিলা কে কি করছে তা নিয়ে যা করছেন বিরক্ত চরম শুনাত পৌছে গেছে","ফালতু নিউজ, সাফা , মিথিলা কে কি করছে তা নিয়ে যা করছেন বিরক্ত চরম শুনাত পৌছে গেছে"
text withheld: corpus licence does not permit redistribution,0,0.0,banglasarc,"পদ্না সেতুর জনবল, ওনাদের জন্য তো ব্যাবস্থা করা উচিত।।।।","পদ্না সেতুর জনবল, ওনাদের জন্য তো ব্যাবস্থা করা উচিত।।।।"
text withheld: corpus licence does not permit redistribution,0,0.0,banglasarc,৯০ কিংবা ৯৫% মুসলমানের দেশ আহা কি অবস্থা,৯০ কিংবা ৯৫% মুসলমানের দেশ আহা কি অবস্থা
text withheld: corpus licence does not permit redistribution,0,0.0,banglasarc,সেই........,সেই........
text withheld: corpus licence does not permit redistribution,0,0.0,banglasarc,অনেক সুন্দর আমার কাছে ভালো লেগেছে আপনি,অনেক সুন্দর আমার কাছে ভালো লেগেছে আপনি
text withheld: corpus licence does not permit redistribution,0,0.0,banglasarc,সম্পূর্ণ সহমত স্যার।,সম্পূর্ণ সহমত স্যার।
text withheld: corpus licence does not permit redistribution,1,1.0,banglasarc,"""খুব বেশি ঘুম হয়নি তবে আমি কয়েক ঘন্টা উদ্বেগজনক হয়ে উঠলাম।""","""খুব বেশি ঘুম হয়নি তবে আমি কয়েক ঘন্টা উদ্বেগজনক হয়ে উঠলাম।"""
text withheld: corpus licence does not permit redistribution,1,1.0,banglasarc,মন্দ বাহিনী আপনার বাড়ির পথে বিভ্রান্ত হয়ে পড়ুক।,মন্দ বাহিনী আপনার বাড়ির পথে বিভ্রান্ত হয়ে পড়ুক।
text withheld: corpus licence does not permit redistribution,1,1.0,banglasarc,বি..সিএইচ চড় মারছে।1836 সাল থেকে একটি..হোল লাইনে রাখা।,বি..সিএইচ চড় মারছে।1836 সাল থেকে একটি..হোল লাইনে রাখা।
text withheld: corpus licence does not permit redistribution,0,0.0,banglasarc,আই লাভ বাবা মা,আই লাভ বাবা মা
text withheld: corpus licence does not permit redistribution,0,0.0,banglasarc,কর্ম অনুসারে ফল প্রদানে জোগীর বিকল্প নেই।,কর্ম অনুসারে ফল প্রদানে জোগীর বিকল্প নেই।
text withheld: corpus licence does not permit redistribution,1,1.0,banglasarc,"আমি প্লাস্টিক সার্জারিতে বিশ্বাস করি না, তবে আপনার ক্ষেত্রে, এগিয়ে যান.","আমি প্লাস্টিক সার্জারিতে বিশ্বাস করি না, তবে আপনার ক্ষেত্রে, এগিয়ে যান."
text withheld: corpus licence does not permit redistribution,0,0.0,banglasarc,সবার শিক্ষার দায়িত্ব রাষ্ট্রের,সবার শিক্ষার দায়িত্ব রাষ্ট্রের
text withheld: corpus licence does not permit redistribution,0,0.0,banglasarc,গান গুলো দারুন হইছে,গান গুলো দারুন হইছে
text withheld: corpus licence does not permit redistribution,1,1.0,banglasarc,"“আপনি শিকার খেলেন।আমি হতাশাগ্রস্থ বাইস্ট্যান্ডার খেলব। ""","“আপনি শিকার খেলেন।আমি হতাশাগ্রস্থ বাইস্ট্যান্ডার খেলব। """
text withheld: corpus licence does not permit redistribution,0,0.0,banglasarc,ঐক্যফ্রন্ট নামক হাস্যকর প্ল্যাটফর্ম বাদ দিয়ে ২০দলীয় জোটের ঐক্য রাখুন,ঐক্যফ্রন্ট নামক হাস্যকর প্ল্যাটফর্ম বাদ দিয়ে ২০দলীয় জোটের ঐক্য রাখুন
text withheld: corpus licence does not permit redistribution,0,0.0,banglasarc,মহান বিজয় দিবস এর শুভেচ্ছা ❤জয় বাংলা ❤জয় বঙ্গবন্ধু ❤,মহান বিজয় দিবস এর শুভেচ্ছা ❤জয় বাংলা ❤জয় বঙ্গবন্ধু ❤
text withheld: corpus licence does not permit redistribution,0,0.0,banglasarc,বন্ধু সাথে বেইমানীর শান্তি পাইছে তবে তারে একবারে হত্যা করা ঠিক হইনি,বন্ধু সাথে বেইমানীর শান্তি পাইছে তবে তারে একবারে হত্যা করা ঠিক হইনি
text withheld: corpus licence does not permit redistribution,0,0.0,banglasarc,নেকামি চদাও। আমি যদি ভুল করে থাকি।অই নটি ভুল ত করচস ই। ভুল করে থাকি আবার কি।।।,নেকামি চদাও। আমি যদি ভুল করে থাকি।অই নটি ভুল ত করচস ই। ভুল করে থাকি আবার কি।।।
text withheld: corpus licence does not permit redistribution,0,0.0,banglasarc,মেয়েদের আত্মরক্ষার কৌশল শেখা বাধ্যতামূলেক করতে হবে….,মেয়েদের আত্মরক্ষার কৌশল শেখা বাধ্যতামূলেক করতে হবে….
text withheld: corpus licence does not permit redistribution,0,0.0,banglasarc,এস এস সি ২০২২ ব্যাচ কে অটোপ্রমোশন দেওয়া হোক🐸🐸,এস এস সি ২০২২ ব্যাচ কে অটোপ্রমোশন দেওয়া হোক🐸🐸
text withheld: corpus licence does not permit redistribution,0,0.0,banglasarc,এইবার শেষ খেলা,এইবার শেষ খেলা
text withheld: corpus licence does not permit redistribution,0,0.0,banglasarc,"বিকেলে হাটতে গেসিলাম ওইদিকে আল্লাহ সবাইকে হেফাজত করুন,,আমিন","বিকেলে হাটতে গেসিলাম ওইদিকে আল্লাহ সবাইকে হেফাজত করুন,,আমিন"
text withheld: corpus licence does not permit redistribution,0,0.0,banglasarc,শুভ কামনা ভাই,শুভ কামনা ভাই
text withheld: corpus licence does not permit redistribution,0,0.0,banglasarc,বাইরে রান্না করা গরু খাই নাই। গরুর মাংস টা কেমন টেস্ট?,বাইরে রান্না করা গরু খাই নাই। গরুর মাংস টা কেমন টেস্ট?
text withheld: corpus licence does not permit redistribution,1,1.0,banglasarc,"হ্যাঁ, আমি একজন প্রশান্তবাদী।আমি আপনার মুখ জুড়ে একটি মুষ্টি পাস করতে চলেছি।","হ্যাঁ, আমি একজন প্রশান্তবাদী।আমি আপনার মুখ জুড়ে একটি মুষ্টি পাস করতে চলেছি।"
text withheld: corpus licence does not permit redistribution,0,0.0,banglasarc,নির্বাচন কি সামনে?,নির্বাচন কি সামনে?
text withheld: corpus licence does not permit redistribution,0,0.0,banglasarc,ভাই আপনাকে এক সময় আমি খারাপ জানতাম তার কারন হল আপনি একজন মুসলিম হয়ে হেলোয়িন পালন করেছেন আমাদের দেশে তার জন্য। এখন আপনি ভাল কাজ করতেছেন তার জন্য হয়ে গেলাম বন্ধু দোয়া করি ভাল কাজ করে এগিয়ে যান।ঈদ মোবারক।,ভাই আপনাকে এক সময় আমি খারাপ জানতাম তার কারন হল আপনি একজন মুসলিম হয়ে হেলোয়িন পালন করেছেন আমাদের দেশে তার জন্য। এখন আপনি ভাল কাজ করতেছেন তার জন্য হয়ে গেলাম বন্ধু দোয়া করি ভাল কাজ করে এগিয়ে যান।ঈদ মোবারক।
text withheld: corpus licence does not permit redistribution,0,0.0,banglasarc,আহ!!! কি হৃদয় বিদারক ঘটনা,আহ!!! কি হৃদয় বিদারক ঘটনা
text withheld: corpus licence does not permit redistribution,0,0.0,banglasarc,"তার বক্তব্য স্পষ্ঠ। নিজে বাঁচার জন্য মনগড়া ব্যাখ্যা জনগন মেনে নিবে না!! প্রায় ৪ কোটি হিন্দু, বৌদ্ধ, খ্রিষ্টান নিখোঁজ হওয়ার কাল্পনিক বক্তব্য কি তিনি ট্রাম্পের কাছে ব্যাখ্যা করে বলেছিলেন?? আমি এটা বুঝাইনি ওটা বুঝাইছি?? দেশের ভাবমূর্তি খুন্ন করে নিজের ফায়দা লোটার জন্য অপচেষ্টা। সে যে এনজিও খুলেছে ঐ এনজিওর মাধ্যমে এদেশের গরীবদের চোষার ব্যবস্থা করেছে।","তার বক্তব্য স্পষ্ঠ। নিজে বাঁচার জন্য মনগড়া ব্যাখ্যা জনগন মেনে নিবে না!! প্রায় ৪ কোটি হিন্দু, বৌদ্ধ, খ্রিষ্টান নিখোঁজ হওয়ার কাল্পনিক বক্তব্য কি তিনি ট্রাম্পের কাছে ব্যাখ্যা করে বলেছিলেন?? আমি এটা বুঝাইনি ওটা বুঝাইছি?? দেশের ভাবমূর্তি খুন্ন করে নিজের ফায়দা লোটার জন্য অপচেষ্টা। সে যে এনজিও খুলেছে ঐ এনজিওর মাধ্যমে এদেশের গরীবদের চোষার ব্যবস্থা করেছে।"
text withheld: corpus licence does not permit redistribution,1,1.0,banglasarc,"যত তাড়াতাড়ি আমি আপনাকে গুলি করব, যত তাড়াতাড়ি আমি এর জন্য জেল থেকে বেরিয়ে আসব।ধরে নিবেন না যে এটি কোনও বড় উত্সাহ নয়।","যত তাড়াতাড়ি আমি আপনাকে গুলি করব, যত তাড়াতাড়ি আমি এর জন্য জেল থেকে বেরিয়ে আসব।ধরে নিবেন না যে এটি কোনও বড় উত্সাহ নয়।"
text withheld: corpus licence does not permit redistribution,0,0.0,banglasarc,ভগবান তোমার মঙ্গল করুন,ভগবান তোমার মঙ্গল করুন
text withheld: corpus licence does not permit redistribution,0,0.0,banglasarc,"শত,শত কিলোমিটার পথ অতিক্রম করে চলে আসেন কুয়াকাটায়। আপনার গুরুত্ব কেউ না বুজলেও আমরা বুজি।","শত,শত কিলোমিটার পথ অতিক্রম করে চলে আসেন কুয়াকাটায়। আপনার গুরুত্ব কেউ না বুজলেও আমরা বুজি।"
text withheld: corpus licence does not permit redistribution,0,0.0,banglasarc,"ম্যনেজারের কোন ক্ষমতা নাই, তার মালিকের বিরুদ্ধে ব্যবস্থা নেওয়ার।ড তুহিন মালিক স্যারযাহা প্রমাণিত","ম্যনেজারের কোন ক্ষমতা নাই, তার মালিকের বিরুদ্ধে ব্যবস্থা নেওয়ার।ড তুহিন মালিক স্যারযাহা প্রমাণিত"
text withheld: corpus licence does not permit redistribution,0,0.0,banglasarc,দেশ বাঁচাওমানুষ বাঁচাও,দেশ বাঁচাওমানুষ বাঁচাও
text withheld: corpus licence does not permit redistribution,0,0.0,banglasarc,ভিডিও এডিটিং অসাধারণ,ভিডিও এডিটিং অসাধারণ
text withheld: corpus licence does not permit redistribution,0,0.0,banglasarc,এত বড় নখ নিয়া ভাত উঠাইলো কেমনে???,এত বড় নখ নিয়া ভাত উঠাইলো কেমনে???
text withheld: corpus licence does not permit redistribution,0,0.0,banglasarc,আপু আসসালামুয়াইলাকুম,আপু আসসালামুয়াইলাকুম
text withheld: corpus licence does not permit redistribution,0,0.0,banglasarc,আপনি পারবেন দেশের নাম উজ্জ্বল করতে,আপনি পারবেন দেশের নাম উজ্জ্বল করতে
text withheld: corpus licence does not permit redistribution,1,1.0,banglasarc,ভাবি আমি ব্যঙ্গাত্মক?আমাকে যত্ন নেওয়ার ভান দেখুন!,ভাবি আমি ব্যঙ্গাত্মক?আমাকে যত্ন নেওয়ার ভান দেখুন!
text withheld: corpus licence does not permit redistribution,0,0.0,banglasarc,"প্রধানমন্ত্রীর অক্লান্ত প্রচেষ্টায় আজ বাংলাদেশে হিন্দু-মুসলিম ও অন্যান্য ধর্মাবলম্বীর সম্প্রীতি, সহাবস্থান একটি অপূর্ব নিদর্শন সৃষ্টি করেছে। কোন স্বার্থান্নাসী মহলের হয়ে প্রধানমন্ত্রীর ভাবমূর্তি নষ্ট করাই তার আসল উদ্দেশ্য।","প্রধানমন্ত্রীর অক্লান্ত প্রচেষ্টায় আজ বাংলাদেশে হিন্দু-মুসলিম ও অন্যান্য ধর্মাবলম্বীর সম্প্রীতি, সহাবস্থান একটি অপূর্ব নিদর্শন সৃষ্টি করেছে। কোন স্বার্থান্নাসী মহলের হয়ে প্রধানমন্ত্রীর ভাবমূর্তি নষ্ট করাই তার আসল উদ্দেশ্য।"
text withheld: corpus licence does not permit redistribution,1,1.0,banglasarc,"""একজন প্রাপ্তবয়স্ক হওয়া রাস্তাটি অতিক্রম করার আগে এবং বিমানের ধাক্কায় যাওয়ার আগে উভয় দিকই সন্ধান করছে” ""","""একজন প্রাপ্তবয়স্ক হওয়া রাস্তাটি অতিক্রম করার আগে এবং বিমানের ধাক্কায় যাওয়ার আগে উভয় দিকই সন্ধান করছে” """
text withheld: corpus licence does not permit redistribution,0,0.0,banglasarc,এটা খাওয়ার চেয়ে কাপ নুডলস খাওয়া ভালো। ভয়াবহ টেস্ট,এটা খাওয়ার চেয়ে কাপ নুডলস খাওয়া ভালো। ভয়াবহ টেস্ট
text withheld: corpus licence does not permit redistribution,0,0.0,banglasarc,উদ্ভোদন উপলক্ষে কারাগারের গেট খুলে দেওয়া হোক।,উদ্ভোদন উপলক্ষে কারাগারের গেট খুলে দেওয়া হোক।
text withheld: corpus licence does not permit redistribution,1,1.0,banglasarc,আমি বর্তমানে প্রতি ঘন্টা 15 ডাব্লুটিএফের গতিতে জীবনযাপন করছি।,আমি বর্তমানে প্রতি ঘন্টা 15 ডাব্লুটিএফের গতিতে জীবনযাপন করছি।
text withheld: corpus licence does not permit redistribution,1,1.0,banglasarc,একটি রক্তচোষা কমলা রঙের পরে আপনি এটি একটি টবে তিন বা চারবার ধুয়ে ফেলেন তবে এটি কি স্বাভাবিক নয় যে এটি নরম্যান নয়?,একটি রক্তচোষা কমলা রঙের পরে আপনি এটি একটি টবে তিন বা চারবার ধুয়ে ফেলেন তবে এটি কি স্বাভাবিক নয় যে এটি নরম্যান নয়?
text withheld: corpus licence does not permit redistribution,0,0.0,banglasarc,কিছু বন্দী কে মুক্তি দেওয়া হোক,কিছু বন্দী কে মুক্তি দেওয়া হোক
text withheld: corpus licence does not permit redistribution,0,0.0,banglasarc,আবাল গুলো বিশ্বাস আর ফ্যাক্ট এর মধ্যে ডিফারেন্স বুজতে পারে না যত সব মাদ্রাশি ওয়াস্ড ব্রেন .......,আবাল গুলো বিশ্বাস আর ফ্যাক্ট এর মধ্যে ডিফারেন্স বুজতে পারে না যত সব মাদ্রাশি ওয়াস্ড ব্রেন .......
text withheld: corpus licence does not permit redistribution,0,0.0,banglasarc,লোকের কমসং তৈরি করতে পারেন।,লোকের কমসং তৈরি করতে পারেন।
text withheld: corpus licence does not permit redistribution,1,1.0,banglasarc,আমি মনে করি পরিবারটি সেই জায়গা যেখানে বিশ্বের সবচেয়ে হাস্যকর এবং সর্বনিম্ন সম্মানজনক জিনিসগুলি চলছে।,আমি মনে করি পরিবারটি সেই জায়গা যেখানে বিশ্বের সবচেয়ে হাস্যকর এবং সর্বনিম্ন সম্মানজনক জিনিসগুলি চলছে।
text withheld: corpus licence does not permit redistribution,0,0.0,banglasarc,সুন্দর মতামত হিরো আলম,সুন্দর মতামত হিরো আলম
text withheld: corpus licence does not permit redistribution,0,0.0,banglasarc,প্রিয় নেতা আমি অন্ধকার আপেল মাহমুদ গাজীপুর জেলা স্বেচ্ছাসেবক দলের সাংগঠনিক সম্পাদক তৃণমূলের কর্মী হিসেবে আমি শুধু বলতে চাই আমাদের মায়ের মুক্তি চাই আমাদের মা তিলে তিলে জেলখানায় শেষ হয়ে যাবে আমরা তার সন্তান হয়েছে তা কোনোভাবেই মেনে নিতে পারছি না আমরা শুধু আমাদের মায়ের মুক্তি চাই,প্রিয় নেতা আমি অন্ধকার আপেল মাহমুদ গাজীপুর জেলা স্বেচ্ছাসেবক দলের সাংগঠনিক সম্পাদক তৃণমূলের কর্মী হিসেবে আমি শুধু বলতে চাই আমাদের মায়ের মুক্তি চাই আমাদের মা তিলে তিলে জেলখানায় শেষ হয়ে যাবে আমরা তার সন্তান হয়েছে তা কোনোভাবেই মেনে নিতে পারছি না আমরা শুধু আমাদের মায়ের মুক্তি চাই
text withheld: corpus licence does not permit redistribution,0,0.0,banglasarc,তুমি কি সব কিছু দেখ।বলদ কোথা কার।না দেখে কি ভাবে কি ভাবে একজন পুরুষ কে বাপ ডাকো,তুমি কি সব কিছু দেখ।বলদ কোথা কার।না দেখে কি ভাবে কি ভাবে একজন পুরুষ কে বাপ ডাকো
text withheld: corpus licence does not permit redistribution,1,1.0,banglasarc,"এটি হাস্যকর যে এই জাতীয় আবর্জনা ""সংগীত"" এর জন্য যায়।","এটি হাস্যকর যে এই জাতীয় আবর্জনা ""সংগীত"" এর জন্য যায়।"
text withheld: corpus licence does not permit redistribution,0,0.0,banglasarc,"আল্লাহ আপনার হেদায়েত দিক।ভূল করছেন আল্লাহার কাছে কেদে তওবা করেন,আল্লাহ আপনাকে মাফ করুন।মানুষ অনেক কিছু বলবে কিন্তু পরকালে হিসাব তো আপনাকেই দিতে হবে।","আল্লাহ আপনার হেদায়েত দিক।ভূল করছেন আল্লাহার কাছে কেদে তওবা করেন,আল্লাহ আপনাকে মাফ করুন।মানুষ অনেক কিছু বলবে কিন্তু পরকালে হিসাব তো আপনাকেই দিতে হবে।"
text withheld: corpus licence does not permit redistribution,0,0.0,banglasarc,একদম উচিৎ কথা বলেছেন আপি,একদম উচিৎ কথা বলেছেন আপি
text withheld: corpus licence does not permit redistribution,0,0.0,banglasarc,"ভাই আপনার পোষ্ট গুলো অসাধারণ, সবসময় সত্য কথা তুলে ধরেন, জনগণের চাওয়া-পাওয়া নিখুঁতভাবে তুলে ধরার জন্য আপ্রান চেষ্টা করেন, আপনার পোষ্ট গুলো আমার এককথায় অসাধারণ লাগে, খুবই যুক্তি সঙ্গতিপূর্ণ তথ্য তুলে ধরেন, আমি আশাবাদী আপনি একদিন এই বাংলার এক নাম্বার বাইঞ্চোদ হবেন।ধন্যপাদ","ভাই আপনার পোষ্ট গুলো অসাধারণ, সবসময় সত্য কথা তুলে ধরেন, জনগণের চাওয়া-পাওয়া নিখুঁতভাবে তুলে ধরার জন্য আপ্রান চেষ্টা করেন, আপনার পোষ্ট গুলো আমার এককথায় অসাধারণ লাগে, খুবই যুক্তি সঙ্গতিপূর্ণ তথ্য তুলে ধরেন, আমি আশাবাদী আপনি একদিন এই বাংলার এক নাম্বার বাইঞ্চোদ হবেন।ধন্যপাদ"
text withheld: corpus licence does not permit redistribution,1,1.0,banglasarc,যখন আপনার মুখটি নোংরা হয় কেবল তখনই সত্যিকারের বন্ধুরা আপনাকে বলে।,যখন আপনার মুখটি নোংরা হয় কেবল তখনই সত্যিকারের বন্ধুরা আপনাকে বলে।
text withheld: corpus licence does not permit redistribution,0,0.0,banglasarc,"আপাতত 9 টি প্রশ্ন করলাম উত্তর পেলে আরও 6 টি প্রশ্ন করব। ১) ""আল্লাহ পরম দয়ালু এবং ক্ষমাশীল, আল্লাহ নিশ্চয়ই ক্ষমা করবেন"" এই কথাটা কই পাইলেন? নিশ্চয়ই কুরআন থেকে। কুরআনে মানবজাতির জন্য এত এত সতর্কতা ও উপদেশ লেখা আছে। সবকিছুর মধ্যে ""আল্লাহ ক্ষমাশীল"" এটাই বিশ্বাস করলেন কেন??২) ""কারো বিশ্বাসে আঘাত দেয়ার জন্য কথাটা বলিনি"" আপনি বলেছেন আপনি পরকালে বিশ্বাস করেন না এটা আপনার ব্যাপার অন্য কেউ আঘাত পাবে কেন ? তবে কি আপনি এটাই চাচ্ছিলেন বা সৃষ্টি হোক এবং সমাজে অশান্তি সৃষ্টি হয় ? ৩) জনগণের কাছে ক্ষমা চেয়ে লাভ কি? আপনি জনগণের সাথে কোন অপরাধ করেন নাই। যা করার করেছেন আল্লাহর সাথে । আমাদের জনগণের সাথে ক্ষমা চাওয়ার মানে কি ? ৪) ""আপনার ফেসবুক হ্যাক?"" আমরা একটি ফেসবুক কি? হ্যাক কি? কখনো এ ধরনের কথা শুনেনি। লেখাপড়া করিনি তো, আপনি আমাদেরকে বিস্তারিত বুঝিয়ে বলবেন? হ্যাক কাকে বলে? ফেসবুক কাকে বলে এক হলে কি হয় ?৫) আপনি বেশি জনপ্রিয়তা অর্জন করার জন্য কিংবা রুপের অহংকারে কিংবা টাকার অহংকার এর উল্টো পাল্টা আচরণ করবেন জনগণ আপনাকে দেবীর মত পুজো করবে এটা আশা করছেন কেন এটা পাবলিক রিয়েকশান স্বাভাবিক অপর","আপাতত 9 টি প্রশ্ন করলাম উত্তর পেলে আরও 6 টি প্রশ্ন করব। ১) ""আল্লাহ পরম দয়ালু এবং ক্ষমাশীল, আল্লাহ নিশ্চয়ই ক্ষমা করবেন"" এই কথাটা কই পাইলেন? নিশ্চয়ই কুরআন থেকে। কুরআনে মানবজাতির জন্য এত এত সতর্কতা ও উপদেশ লেখা আছে। সবকিছুর মধ্যে ""আল্লাহ ক্ষমাশীল"" এটাই বিশ্বাস করলেন কেন??২) ""কারো বিশ্বাসে আঘাত দেয়ার জন্য কথাটা বলিনি"" আপনি বলেছেন আপনি পরকালে বিশ্বাস করেন না এটা আপনার ব্যাপার অন্য কেউ আঘাত পাবে কেন ? তবে কি আপনি এটাই চাচ্ছিলেন বা সৃষ্টি হোক এবং সমাজে অশান্তি সৃষ্টি হয় ? ৩) জনগণের কাছে ক্ষমা চেয়ে লাভ কি? আপনি জনগণের সাথে কোন অপরাধ করেন নাই। যা করার করেছেন আল্লাহর সাথে । আমাদের জনগণের সাথে ক্ষমা চাওয়ার মানে কি ? ৪) ""আপনার ফেসবুক হ্যাক?"" আমরা একটি ফেসবুক কি? হ্যাক কি? কখনো এ ধরনের কথা শুনেনি। লেখাপড়া করিনি তো, আপনি আমাদেরকে বিস্তারিত বুঝিয়ে বলবেন? হ্যাক কাকে বলে? ফেসবুক কাকে বলে এক হলে কি হয় ?৫) আপনি বেশি জনপ্রিয়তা অর্জন করার জন্য কিংবা রুপের অহংকারে কিংবা টাকার অহংকার এর উল্টো পাল্টা আচরণ করবেন জনগণ আপনাকে দেবীর মত পুজো করবে এটা আশা করছেন কেন এটা পাবলিক রিয়েকশান স্বাভাবিক অপর"
text withheld: corpus licence does not permit redistribution,0,0.0,banglasarc,মুরগি চোরের বংশধরদের এ দেশ থেকে বিতাড়িত করা দরকার,মুরগি চোরের বংশধরদের এ দেশ থেকে বিতাড়িত করা দরকার
text withheld: corpus licence does not permit redistribution,1,1.0,banglasarc,"জোকার যেমন বলেছিলেন, আপনি যদি কোনও কিছুতে ভাল হন তবে কেন এটি নিখরচায় করে।","জোকার যেমন বলেছিলেন, আপনি যদি কোনও কিছুতে ভাল হন তবে কেন এটি নিখরচায় করে।"
text withheld: corpus licence does not permit redistribution,0,0.0,banglasarc,পরে আমরা আপনার সাথে আপনার রিকোয়ারমেন্ট অনুযায়ী যোগাযোগ করব।,পরে আমরা আপনার সাথে আপনার রিকোয়ারমেন্ট অনুযায়ী যোগাযোগ করব।
text withheld: corpus licence does not permit redistribution,1,1.0,banglasarc,সার্কোটিক: আপনি যখন এতটা ব্যঙ্গাত্মক হন তখন লোকেরা নিশ্চিত হয় না যে আপনি রসিকতা করছেন বা আপনি কেবল পাগল কিনা।,সার্কোটিক: আপনি যখন এতটা ব্যঙ্গাত্মক হন তখন লোকেরা নিশ্চিত হয় না যে আপনি রসিকতা করছেন বা আপনি কেবল পাগল কিনা।
text withheld: corpus licence does not permit redistribution,0,0.0,banglasarc,"দেরিতে হলেও সঠিক সিদ্ধান্ত, সাধুবাদ জানাই।","দেরিতে হলেও সঠিক সিদ্ধান্ত, সাধুবাদ জানাই।"
text withheld: corpus licence does not permit redistribution,1,1.0,banglasarc,আমি আমার পেটে প্রজাপতি অনুভব করছি।আজ আমি প্রাতঃরাশ ছাড়াই আমার বাড়ি ছেড়ে চলে এসেছি,আমি আমার পেটে প্রজাপতি অনুভব করছি।আজ আমি প্রাতঃরাশ ছাড়াই আমার বাড়ি ছেড়ে চলে এসেছি
text withheld: corpus licence does not permit redistribution,0,0.0,banglasarc,চুদির ভাই মিশা কোন দেশে বাস করে যে হিরো আলমকে চিনেনা ?????,চুদির ভাই মিশা কোন দেশে বাস করে যে হিরো আলমকে চিনেনা ?????
text withheld: corpus licence does not permit redistribution,1,1.0,banglasarc,"জম্বিগুলি মস্তিষ্ক খায়, আপনি নিরাপদ।","জম্বিগুলি মস্তিষ্ক খায়, আপনি নিরাপদ।"
text withheld: corpus licence does not permit redistribution,1,1.0,banglasarc,"“আপনি যদি আমাকে আপত্তিকর মনে করেন।তারপরে আমি আপনাকে আমাকে সন্ধান করা ছেড়ে দেওয়ার পরামর্শ দিচ্ছি। ""","“আপনি যদি আমাকে আপত্তিকর মনে করেন।তারপরে আমি আপনাকে আমাকে সন্ধান করা ছেড়ে দেওয়ার পরামর্শ দিচ্ছি। """
text withheld: corpus licence does not permit redistribution,0,0.0,banglasarc,আহা মানুষ,আহা মানুষ
text withheld: corpus licence does not permit redistribution,1,1.0,banglasarc,"কেবল ভয়েসগুলি কেবল আমার সাথে কথা বলে, এর অর্থ এই নয় যে আপনার সমস্ত alous র্ষা হওয়া উচিত।আপনি তাদের স্বাদ জন্য খানিকটা পাগল।","কেবল ভয়েসগুলি কেবল আমার সাথে কথা বলে, এর অর্থ এই নয় যে আপনার সমস্ত alous র্ষা হওয়া উচিত।আপনি তাদের স্বাদ জন্য খানিকটা পাগল।"
text withheld: corpus licence does not permit redistribution,0,0.0,banglasarc,"একটা গালি না দিয়ে পারলাম না। আরে মূর্খ মাগী ১৯৪৭ সালে বাংলাদেশ ছিল না। ওই সময় ছিল ব্রিটিশদের রাজত্ব। ১৯৪৮-১৯৭১ পর্যন্ত ছিল পাকিস্তান সরকার। আর বাংলাদেশ স্বাধীন হওয়ার পর প্রত্যেক রাজনৈতিক দল তোদেরকে ভোটে টানার জন্য জামাই আদরে রেখেছে। বিশেষ করে আওয়ামীলীগ সরকার তো আসার পরে তোদেরকে সবচাইতে বেশি সুবিধা দিয়েছে। বাংলাদেশে দুই চারটি বিচ্ছিন্ন ঘটনা ছাড়া উল্লেখ যোগ্য কোন ঘটনা ঘটে নাই। আর পাশ্ববর্তী দেশ ইন্ডিয়াতে যে তোর দাদারা, হাজার হাজার মুসলমান মেরে ফেলতেছে সেটা কেন তোর ট্রাম্প বাবাকে বললি না। বাংলাদেশের বিরুদ্ধে কেন মিথ্যাচার করলি ?","একটা গালি না দিয়ে পারলাম না। আরে মূর্খ মাগী ১৯৪৭ সালে বাংলাদেশ ছিল না। ওই সময় ছিল ব্রিটিশদের রাজত্ব। ১৯৪৮-১৯৭১ পর্যন্ত ছিল পাকিস্তান সরকার। আর বাংলাদেশ স্বাধীন হওয়ার পর প্রত্যেক রাজনৈতিক দল তোদেরকে ভোটে টানার জন্য জামাই আদরে রেখেছে। বিশেষ করে আওয়ামীলীগ সরকার তো আসার পরে তোদেরকে সবচাইতে বেশি সুবিধা দিয়েছে। বাংলাদেশে দুই চারটি বিচ্ছিন্ন ঘটনা ছাড়া উল্লেখ যোগ্য কোন ঘটনা ঘটে নাই। আর পাশ্ববর্তী দেশ ইন্ডিয়াতে যে তোর দাদারা, হাজার হাজার মুসলমান মেরে ফেলতেছে সেটা কেন তোর ট্রাম্প বাবাকে বললি না। বাংলাদেশের বিরুদ্ধে কেন মিথ্যাচার করলি ?"
text withheld: corpus licence does not permit redistribution,0,0.0,banglasarc,মেকাপ সুন্দরী,মেকাপ সুন্দরী
text withheld: corpus licence does not permit redistribution,0,0.0,banglasarc,নিন্দুকেরা ভাবে বাংলাদেশ সবকিছুই শেখ হাসিনা দেখবে করবে বাকিরা সব রাজনৈতিক দলগুলো সমলোচনায় ব্যস্ত। এখনো সময় আছে আপনারা ভালো হয়ে যান দেশের জন্য বাংলার মানুষের জন্য সুন্দর মানুষিকতা দিয়ে কাজ করুন তবেই দেশ ও জাতি সুন্দর হবে।,নিন্দুকেরা ভাবে বাংলাদেশ সবকিছুই শেখ হাসিনা দেখবে করবে বাকিরা সব রাজনৈতিক দলগুলো সমলোচনায় ব্যস্ত। এখনো সময় আছে আপনারা ভালো হয়ে যান দেশের জন্য বাংলার মানুষের জন্য সুন্দর মানুষিকতা দিয়ে কাজ করুন তবেই দেশ ও জাতি সুন্দর হবে।
text withheld: corpus licence does not permit redistribution,1,1.0,banglasarc,আমি বুঝতে পারি নি যে ভ্যাকসিনগুলি আপনার জিনগুলি উন্নত করেছে,আমি বুঝতে পারি নি যে ভ্যাকসিনগুলি আপনার জিনগুলি উন্নত করেছে
text withheld: corpus licence does not permit redistribution,0,0.0,banglasarc,ঈদের পর কঠোর আন্দোলনে যাবে বি এন পি,ঈদের পর কঠোর আন্দোলনে যাবে বি এন পি
text withheld: corpus licence does not permit redistribution,1,1.0,banglasarc,একটি উপসংহার এমন একটি অংশ যেখানে আপনি চিন্তায় ক্লান্ত হয়ে পড়েছেন,একটি উপসংহার এমন একটি অংশ যেখানে আপনি চিন্তায় ক্লান্ত হয়ে পড়েছেন
text withheld: corpus licence does not permit redistribution,0,0.0,banglasarc,"ভালবাসার কোন বয়স হয়না।এখন ভালো থাকার চেয়ে সুখে থাকাটা অনেক জরুরি। যেটা আপনারা আছেন। সব সময় ভালো থাকবেন আপনারা। তবে একটা জিনিস মনে রাখবেন কিছু চুলকানি ওয়ালা লোক দুনিয়ায় থাকবেই, যাদের আপনাদের সুখে থাকাটা সহ্য হবে না।তাদের আপনি মানুষের মধ্যে ধরবেনা।","ভালবাসার কোন বয়স হয়না।এখন ভালো থাকার চেয়ে সুখে থাকাটা অনেক জরুরি। যেটা আপনারা আছেন। সব সময় ভালো থাকবেন আপনারা। তবে একটা জিনিস মনে রাখবেন কিছু চুলকানি ওয়ালা লোক দুনিয়ায় থাকবেই, যাদের আপনাদের সুখে থাকাটা সহ্য হবে না।তাদের আপনি মানুষের মধ্যে ধরবেনা।"
text withheld: corpus licence does not permit redistribution,0,0.0,banglasarc,বেশি মজা পাইলাম না ।,বেশি মজা পাইলাম না ।
text withheld: corpus licence does not permit redistribution,1,1.0,banglasarc,আমার কাছ থেকে কখনও পরামর্শ নেবেন না আপনি মাতাল হয়ে যাবেন,আমার কাছ থেকে কখনও পরামর্শ নেবেন না আপনি মাতাল হয়ে যাবেন
text withheld: corpus licence does not permit redistribution,0,0.0,banglasarc,আগে দেকতাম বিয়ে সময় মেয়েরা কান্না করতো আর এখন তা করে না কান্না করলে আপুদের মেকআপ ওঠে যাবে তার জন্য কান্না করেনা,আগে দেকতাম বিয়ে সময় মেয়েরা কান্না করতো আর এখন তা করে না কান্না করলে আপুদের মেকআপ ওঠে যাবে তার জন্য কান্না করেনা
text withheld: corpus licence does not permit redistribution,1,1.0,banglasarc,আমাকে বলুন.বোকা একটি পেশা হচ্ছে বা আপনি কেবল প্রতিভাশালী,আমাকে বলুন.বোকা একটি পেশা হচ্ছে বা আপনি কেবল প্রতিভাশালী
text withheld: corpus licence does not permit redistribution,0,0.0,banglasarc,সব সময় আপনারা হেফাজতে থাকুন! নিরাপদে থাকুন!,সব সময় আপনারা হেফাজতে থাকুন! নিরাপদে থাকুন!
text withheld: corpus licence does not permit redistribution,0,0.0,banglasarc,"জীবনটা ক্ষনস্থায়ী, জীবনটা অনিশ্চিত।","জীবনটা ক্ষনস্থায়ী, জীবনটা অনিশ্চিত।"
text withheld: corpus licence does not permit redistribution,0,0.0,banglasarc,পরিবার সচেতন না হওয়ার কারনেও আজকে এ-ই সমস্যা।।,পরিবার সচেতন না হওয়ার কারনেও আজকে এ-ই সমস্যা।।
text withheld: corpus licence does not permit redistribution,0,0.0,banglasarc,কঠিন প্রশ্নগুলোর আসল জবাব!,কঠিন প্রশ্নগুলোর আসল জবাব!
text withheld: corpus licence does not permit redistribution,1,1.0,banglasarc,"কেবল রেডডিতে আমেরিকানরা, তাই না?","কেবল রেডডিতে আমেরিকানরা, তাই না?"
text withheld: corpus licence does not permit redistribution,0,0.0,banglasarc,ডাকাতের কাজ ডাকাতি করা,ডাকাতের কাজ ডাকাতি করা
text withheld: corpus licence does not permit redistribution,0,0.0,banglasarc,ইফতারের ৩০মিনিট পূর্বে ভিডিও দেখতেসিলাম,ইফতারের ৩০মিনিট পূর্বে ভিডিও দেখতেসিলাম
text withheld: corpus licence does not permit redistribution,1,1.0,banglasarc,শ ... আমরা তাকে বলা উচিত?,শ ... আমরা তাকে বলা উচিত?
text withheld: corpus licence does not permit redistribution,0,0.0,banglasarc,আপনার সামনের বার সংসদ সদস্যের টিকেট কনফার্ম অন্তত এই নিউজের জন্যে।প্রধানমন্ত্রীর বকা খাইয়া সংবাদ সম্মেলনে আইসা বানোয়াট তথ্য ছড়াইতে না করে।,আপনার সামনের বার সংসদ সদস্যের টিকেট কনফার্ম অন্তত এই নিউজের জন্যে।প্রধানমন্ত্রীর বকা খাইয়া সংবাদ সম্মেলনে আইসা বানোয়াট তথ্য ছড়াইতে না করে।
text withheld: corpus licence does not permit redistribution,0,0.0,banglasarc,ভাইয়া আপনারা ঠিক আছেন তো !,ভাইয়া আপনারা ঠিক আছেন তো !
text withheld: corpus licence does not permit redistribution,1,1.0,banglasarc,যতক্ষণ না আপনি সেগুলি না জানেন ততক্ষণ প্রত্যেকে স্বাভাবিক বলে মনে হয়।,যতক্ষণ না আপনি সেগুলি না জানেন ততক্ষণ প্রত্যেকে স্বাভাবিক বলে মনে হয়।
text withheld: corpus licence does not permit redistribution,1,1.0,banglasarc,আপনি যদি কোনও কিছুর দিকে ফিরে তাকাতে এবং এটি সম্পর্কে হাসতে সক্ষম হন তবে আপনি এখন এটি সম্পর্কে হাসতে পারেন।,আপনি যদি কোনও কিছুর দিকে ফিরে তাকাতে এবং এটি সম্পর্কে হাসতে সক্ষম হন তবে আপনি এখন এটি সম্পর্কে হাসতে পারেন।
text withheld: corpus licence does not permit redistribution,0,0.0,banglasarc,সরকার বিরোধী কথা বললে মানুষ খারাপ। আর সরকারের দালালি করলে সেই ভালো এই হলো আসল চরিত্র বাংলাদেশ,সরকার বিরোধী কথা বললে মানুষ খারাপ। আর সরকারের দালালি করলে সেই ভালো এই হলো আসল চরিত্র বাংলাদেশ
text withheld: corpus licence does not permit redistribution,0,0.0,banglasarc,পদ্মা সেতু নিয়ে সরকারের এত মাথাব্যথা কেন তার মানে সরকারের ব্যর্থতা আছে তারই বহিঃপ্রকাশ এইজন্যেই জনগণের দৃষ্টি পদ্মা সেতুতে নিয়ে যাওয়াতে চাই,পদ্মা সেতু নিয়ে সরকারের এত মাথাব্যথা কেন তার মানে সরকারের ব্যর্থতা আছে তারই বহিঃপ্রকাশ এইজন্যেই জনগণের দৃষ্টি পদ্মা সেতুতে নিয়ে যাওয়াতে চাই
text withheld: corpus licence does not permit redistribution,0,0.0,banglasarc,জানালা দিয়ে উকি দেয়ার পর!!,জানালা দিয়ে উকি দেয়ার পর!!
text withheld: corpus licence does not permit redistribution,0,0.0,banglasarc,ফুডপ্যান্ডার সাথে যোগাযোগ করার জন্য ধন্যবাদ,ফুডপ্যান্ডার সাথে যোগাযোগ করার জন্য ধন্যবাদ
text withheld: corpus licence does not permit redistribution,1,1.0,banglasarc,এবং আমার মন্তব্যের কোন অংশটি আপনি এটি ভাবতে বাধ্য করেছেন?,এবং আমার মন্তব্যের কোন অংশটি আপনি এটি ভাবতে বাধ্য করেছেন?
text withheld: corpus licence does not permit redistribution,0,0.0,banglasarc,তিস্তা ব্যারেজ হুমকির মুখে পরে।,তিস্তা ব্যারেজ হুমকির মুখে পরে।
text withheld: corpus licence does not permit redistribution,0,0.0,banglasarc,কিডনি কেপে উঠলো 🙄,কিডনি কেপে উঠলো 🙄
text withheld: corpus licence does not permit redistribution,0,0.0,banglasarc,আগে বন্যর পানি কিছু টা কমুক,আগে বন্যর পানি কিছু টা কমুক
text withheld: corpus licence does not permit redistribution,1,1.0,banglasarc,আপনার অন্যান্য সমস্ত অংশগুলি এত ভাল লাগলে একটি বিবেক যা ব্যথা করে,আপনার অন্যান্য সমস্ত অংশগুলি এত ভাল লাগলে একটি বিবেক যা ব্যথা করে
text withheld: corpus licence does not permit redistribution,1,1.0,banglasarc,আপনার স্প্রোগের জন্য কবিতা,আপনার স্প্রোগের জন্য কবিতা
text withheld: corpus licence does not permit redistribution,0,0.0,banglasarc,"ধর্ম বিশ্বাস জিনিসটা, একটা অন্ধ বিশ্বাস! এটার কোন প্রমাণ নেই বা থাকে না।তবে আমরা যে ফ্যামিলিতে জন্মাই,সেই ফ্যামিলির ধর্মের অনুসারী হই।তবে কেউ সেটা মনে প্রাণে বিশ্বাস করবে এমনটা নয়! কারণ এই বিশ্বাস জিনিসটা কেউ চিন্তা করে করতে চায় আবার কেউ অন্ধ ভাবে করে,আবার কেউ করে না।এটা প্রত্যেকের একান্ত ব্যক্তিগত ব্যপার।এতে কারো কোন ক্ষতি বা সমস্যা হওয়ার কথা না!তবে কারো কায্যক্রম যদি অন্য কোন মানুষের ক্ষতি হয়,তবে তা নিয়ে তাকে বলা যেতে পারে।ধর্ম জিনিসটা বিশ্বাসের,এটা চাপায়ে দেওয়ার জিনিস না। তাই এ ব্যপারের কারো সমালোচনা করা উচিৎ না। ধর্ম মানুষের কর্মকে নিয়ন্ত্রণ করে।তাই বুঝতে হবে, যে ভাল কাজ,ভাল আচরণ করে,সে আসলেই ধার্মিক।আর যার কাজকর্ম খারাপ, যার আচরণ খারাপ, যে অন্যের ব্যপারে কুরুচিপূর্ণ কথা বলে,সে আসলে ধার্মিক নয়,সে বকধার্মিক!! সে আসলে ধর্মের লেবাসে আস্ত একটা শয়তান!! তাই কেউ কারো বিশ্বাসে আঘাত না করে,নিজের বিশ্বাস নিয়ে বাচুন এবং মানুষের জন্য যা ভাল,সেই কাজে নিজেকে ব্যস্ত রাখুন।অলস থাকবেন না,কারন অলস মস্তিষ্কে শয়তান ভর করে।মানুষের বদনাম করার চেয়ে সুনাম করুন। এতে বন্ধুত্ব বৃদ্ধি পায়,সমাজে উন্নয়ন হয়,শা","ধর্ম বিশ্বাস জিনিসটা, একটা অন্ধ বিশ্বাস! এটার কোন প্রমাণ নেই বা থাকে না।তবে আমরা যে ফ্যামিলিতে জন্মাই,সেই ফ্যামিলির ধর্মের অনুসারী হই।তবে কেউ সেটা মনে প্রাণে বিশ্বাস করবে এমনটা নয়! কারণ এই বিশ্বাস জিনিসটা কেউ চিন্তা করে করতে চায় আবার কেউ অন্ধ ভাবে করে,আবার কেউ করে না।এটা প্রত্যেকের একান্ত ব্যক্তিগত ব্যপার।এতে কারো কোন ক্ষতি বা সমস্যা হওয়ার কথা না!তবে কারো কায্যক্রম যদি অন্য কোন মানুষের ক্ষতি হয়,তবে তা নিয়ে তাকে বলা যেতে পারে।ধর্ম জিনিসটা বিশ্বাসের,এটা চাপায়ে দেওয়ার জিনিস না। তাই এ ব্যপারের কারো সমালোচনা করা উচিৎ না। ধর্ম মানুষের কর্মকে নিয়ন্ত্রণ করে।তাই বুঝতে হবে, যে ভাল কাজ,ভাল আচরণ করে,সে আসলেই ধার্মিক।আর যার কাজকর্ম খারাপ, যার আচরণ খারাপ, যে অন্যের ব্যপারে কুরুচিপূর্ণ কথা বলে,সে আসলে ধার্মিক নয়,সে বকধার্মিক!! সে আসলে ধর্মের লেবাসে আস্ত একটা শয়তান!! তাই কেউ কারো বিশ্বাসে আঘাত না করে,নিজের বিশ্বাস নিয়ে বাচুন এবং মানুষের জন্য যা ভাল,সেই কাজে নিজেকে ব্যস্ত রাখুন।অলস থাকবেন না,কারন অলস মস্তিষ্কে শয়তান ভর করে।মানুষের বদনাম করার চেয়ে সুনাম করুন। এতে বন্ধুত্ব বৃদ্ধি পায়,সমাজে উন্নয়ন হয়,শা"
text withheld: corpus licence does not permit redistribution,0,0.0,banglasarc,তবে বাস্তবতা এমন না,তবে বাস্তবতা এমন না
text withheld: corpus licence does not permit redistribution,1,1.0,banglasarc,"কখনও কখনও আমার মনে যা আছে তা না বলার জন্য যে পরিমাণ আত্ম-নিয়ন্ত্রণের পরিমাণ লাগে তা এতটা অপরিসীম হয়, আমার পরে একটি ঝাঁকুনি দরকার।","কখনও কখনও আমার মনে যা আছে তা না বলার জন্য যে পরিমাণ আত্ম-নিয়ন্ত্রণের পরিমাণ লাগে তা এতটা অপরিসীম হয়, আমার পরে একটি ঝাঁকুনি দরকার।"
text withheld: corpus licence does not permit redistribution,1,1.0,banglasarc,"বাহ, এটি এত উত্তেজনাপূর্ণ ... আমি নিজেকে খুব কমই ধারণ করতে পারি ...","বাহ, এটি এত উত্তেজনাপূর্ণ ... আমি নিজেকে খুব কমই ধারণ করতে পারি ..."
text withheld: corpus licence does not permit redistribution,0,0.0,banglasarc,সময়ের বিবর্তন এ পরী আজ ব্রা এর পাশাপাশি প্যান্টি কিনার জন্য টাকার অভাবে ভুগছে প্লিজ সবাই লাভ দিয়ে পরীমনির প্যান্টি আর ব্রার জন্য টাকা দিন। এক লাভ দুই টাকা,সময়ের বিবর্তন এ পরী আজ ব্রা এর পাশাপাশি প্যান্টি কিনার জন্য টাকার অভাবে ভুগছে প্লিজ সবাই লাভ দিয়ে পরীমনির প্যান্টি আর ব্রার জন্য টাকা দিন। এক লাভ দুই টাকা
text withheld: corpus licence does not permit redistribution,0,0.0,banglasarc,কয়দিন আগে না একবার ডুবল এখন আবার?,কয়দিন আগে না একবার ডুবল এখন আবার?
text withheld: corpus licence does not permit redistribution,1,1.0,banglasarc,যে সর্বশেষ হাসছে সে রসিকতা পায়নি,যে সর্বশেষ হাসছে সে রসিকতা পায়নি
text withheld: corpus licence does not permit redistribution,1,1.0,banglasarc,"""আমি এটি শেষ করব।আমার প্রথমে নাটকীয় হওয়া দরকার। ""","""আমি এটি শেষ করব।আমার প্রথমে নাটকীয় হওয়া দরকার। """
text withheld: corpus licence does not permit redistribution,0,0.0,banglasarc,ইতিবাচক।,ইতিবাচক।
text withheld: corpus licence does not permit redistribution,1,1.0,banglasarc,"""বিবাহ একটি দুর্দান্ত প্রতিষ্ঠান, তবে কে একটি প্রতিষ্ঠানে থাকতে চায়?""","""বিবাহ একটি দুর্দান্ত প্রতিষ্ঠান, তবে কে একটি প্রতিষ্ঠানে থাকতে চায়?"""
text withheld: corpus licence does not permit redistribution,0,0.0,banglasarc,আমি এখন থেকেই চিন্তায় আছি লেহেঙ্গা বা শাড়িতে বেধে যদি সবার সামনে উস্টা খাই,আমি এখন থেকেই চিন্তায় আছি লেহেঙ্গা বা শাড়িতে বেধে যদি সবার সামনে উস্টা খাই
text withheld: corpus licence does not permit redistribution,0,0.0,banglasarc,"মাঝে মাঝে আমার খুব ইচ্ছা করে তোকে বলতে সূচনা সব ছেড়ে চলে আয় না,","মাঝে মাঝে আমার খুব ইচ্ছা করে তোকে বলতে সূচনা সব ছেড়ে চলে আয় না,"
text withheld: corpus licence does not permit redistribution,1,1.0,banglasarc,পিট্টায় দুর্দান্ত ম্যাচআপ রয়েছে তবে আইফার্ট এখানে পরিষ্কার লোক।,পিট্টায় দুর্দান্ত ম্যাচআপ রয়েছে তবে আইফার্ট এখানে পরিষ্কার লোক।
text withheld: corpus licence does not permit redistribution,0,0.0,banglasarc,এই রকম যতো ভিডিও আছে এইটা সব থেকে সুন্দর,এই রকম যতো ভিডিও আছে এইটা সব থেকে সুন্দর
text withheld: corpus licence does not permit redistribution,1,1.0,banglasarc,"আমার মনে হচ্ছে এগুলির গত কয়েক সপ্তাহের অভাব রয়েছে, জেটস ওয়ান, তবে আমি এটিকে ভালবাসি","আমার মনে হচ্ছে এগুলির গত কয়েক সপ্তাহের অভাব রয়েছে, জেটস ওয়ান, তবে আমি এটিকে ভালবাসি"
text withheld: corpus licence does not permit redistribution,1,1.0,banglasarc,কিছু লোক স্লিনকি'র মতো।খুব বেশি অকেজো তবে আপনি যখন তাদের সিঁড়ি দিয়ে ধাক্কা দেন তখন আপনাকে হাসি দেয়,কিছু লোক স্লিনকি'র মতো।খুব বেশি অকেজো তবে আপনি যখন তাদের সিঁড়ি দিয়ে ধাক্কা দেন তখন আপনাকে হাসি দেয়
text withheld: corpus licence does not permit redistribution,1,1.0,banglasarc,"""জীবন রোলার কোস্টারের মতো, এবং আমি ছুঁড়ে ফেলতে চলেছি।""","""জীবন রোলার কোস্টারের মতো, এবং আমি ছুঁড়ে ফেলতে চলেছি।"""
text withheld: corpus licence does not permit redistribution,0,0.0,banglasarc,"নির্লজ্জের মতো আবার নিন্দাও জানাচ্ছে, ছিঃ ছিঃ ছিঃ","নির্লজ্জের মতো আবার নিন্দাও জানাচ্ছে, ছিঃ ছিঃ ছিঃ"
text withheld: corpus licence does not permit redistribution,0,0.0,banglasarc,হাসবো না কান্না করবো বুঝলাম না।তাই কিছুই বলতে পারলাম না।,হাসবো না কান্না করবো বুঝলাম না।তাই কিছুই বলতে পারলাম না।
text withheld: corpus licence does not permit redistribution,0,0.0,banglasarc,নাস্তিক আবার,নাস্তিক আবার
text withheld: corpus licence does not permit redistribution,0,0.0,banglasarc,"সবাই সাবধানে গাড়ি চালাবেন প্লিজ। মনে রাখবেন একটি দূর্ঘটনা, সারা জীবনের কান্না। 😭😭","সবাই সাবধানে গাড়ি চালাবেন প্লিজ। মনে রাখবেন একটি দূর্ঘটনা, সারা জীবনের কান্না। 😭😭"
text withheld: corpus licence does not permit redistribution,1,1.0,banglasarc,উত্তরোত্তর নাতি -নাতনিদের দেশপ্রেমিক নাম।,উত্তরোত্তর নাতি -নাতনিদের দেশপ্রেমিক নাম।
text withheld: corpus licence does not permit redistribution,0,0.0,banglasarc,দেশের মেরুদন্ড ভাঙার চেষ্টা চলছে না তো!!,দেশের মেরুদন্ড ভাঙার চেষ্টা চলছে না তো!!
text withheld: corpus licence does not permit redistribution,0,0.0,banglasarc,শাড়ীটার মূল্য কতো?,শাড়ীটার মূল্য কতো?
text withheld: corpus licence does not permit redistribution,0,0.0,banglasarc,"ঈদ যে,সামনে তাই এখন করোনাও হুরহুর করে বাড়তে থাকবে.. যেন ভাড়া টা ডাবল করে দিতে পারে","ঈদ যে,সামনে তাই এখন করোনাও হুরহুর করে বাড়তে থাকবে.. যেন ভাড়া টা ডাবল করে দিতে পারে"
text withheld: corpus licence does not permit redistribution,0,0.0,banglasarc,আমি নিয়েছি অনেক সুন্দর শাড়ি টা.,আমি নিয়েছি অনেক সুন্দর শাড়ি টা.
text withheld: corpus licence does not permit redistribution,0,0.0,banglasarc,ভিডিওটা দেখে অনেক হাসলাম,ভিডিওটা দেখে অনেক হাসলাম
text withheld: corpus licence does not permit redistribution,0,0.0,banglasarc,"নাস্তিক, লেসবিয়ান, এখনও সময় অাছে সঠিক পথে অাস জন্ম দাত্রী মা কে কেন ছোট করছিস তার কি অপরাধ!","নাস্তিক, লেসবিয়ান, এখনও সময় অাছে সঠিক পথে অাস জন্ম দাত্রী মা কে কেন ছোট করছিস তার কি অপরাধ!"
text withheld: corpus licence does not permit redistribution,0,0.0,banglasarc,তাদের চ্যানেল সাব্সক্রাইব করা মানে তাদের কর্মস্থলে একটা গুড রিভিউ দেয়ার মতো,তাদের চ্যানেল সাব্সক্রাইব করা মানে তাদের কর্মস্থলে একটা গুড রিভিউ দেয়ার মতো
text withheld: corpus licence does not permit redistribution,1,1.0,banglasarc,ক্ষমা প্রার্থনা।বিশ্বাস অস্বীকার।,ক্ষমা প্রার্থনা।বিশ্বাস অস্বীকার।
text withheld: corpus licence does not permit redistribution,1,1.0,banglasarc,আপনি একজনকে বিচার করার আগে তার জুতাগুলিতে এক মাইল হাঁটুন।তার পরে কে যত্ন করে?… সে এক মাইল দূরে এবং আপনি তার জুতো পেয়েছেন!,আপনি একজনকে বিচার করার আগে তার জুতাগুলিতে এক মাইল হাঁটুন।তার পরে কে যত্ন করে?… সে এক মাইল দূরে এবং আপনি তার জুতো পেয়েছেন!
text withheld: corpus licence does not permit redistribution,0,0.0,banglasarc,সে একজন বৃক্ষপ্রেমিক তাকে এভাবে গ্রেফতার করা কোনোভাবেই গ্রহণযোগ্য নয় অবিলম্বে তার মুক্তি দাবি করি 😂😂,সে একজন বৃক্ষপ্রেমিক তাকে এভাবে গ্রেফতার করা কোনোভাবেই গ্রহণযোগ্য নয় অবিলম্বে তার মুক্তি দাবি করি 😂😂
text withheld: corpus licence does not permit redistribution,0,0.0,banglasarc,নিজের এবং প্রিয়জনের জন্য মজাদার এই খাবারটি এখনি অর্ডার করে ফেলুন পাঠাও ফুড এর মাধ্যমে,নিজের এবং প্রিয়জনের জন্য মজাদার এই খাবারটি এখনি অর্ডার করে ফেলুন পাঠাও ফুড এর মাধ্যমে
text withheld: corpus licence does not permit redistribution,1,1.0,banglasarc,চুপ করে থাকা এবং সমস্ত সন্দেহকে সরিয়ে দেওয়ার চেয়ে বোকা ভাবা এবং বোকা বলে মনে করা ভাল।,চুপ করে থাকা এবং সমস্ত সন্দেহকে সরিয়ে দেওয়ার চেয়ে বোকা ভাবা এবং বোকা বলে মনে করা ভাল।
text withheld: corpus licence does not permit redistribution,1,1.0,banglasarc,আমার একটি জন্ম চিহ্ন রয়েছে যা দেখতে বোবা ফেটের স্পেসশিপের মতো।,আমার একটি জন্ম চিহ্ন রয়েছে যা দেখতে বোবা ফেটের স্পেসশিপের মতো।
text withheld: corpus licence does not permit redistribution,0,0.0,banglasarc,ভাইরে ভাই !! আর নিতে পারতাসি না !! নিউস ফিড ভরা আপনার নিউজ আপা !!,ভাইরে ভাই !! আর নিতে পারতাসি না !! নিউস ফিড ভরা আপনার নিউজ আপা !!
text withheld: corpus licence does not permit redistribution,1,1.0,banglasarc,"জীবন কঠিন.সর্বোপরি, এটি আপনাকে হত্যা করে।","জীবন কঠিন.সর্বোপরি, এটি আপনাকে হত্যা করে।"
text withheld: corpus licence does not permit redistribution,0,0.0,banglasarc,এগুলো সব প্রকল্পিত কাহিনি :) রাজনিতি চাইল। সাধারণ মানুষকে ধোকা। অা.লীগ বলে কথা। এরা মানুষ না অা.লীগ।।,এগুলো সব প্রকল্পিত কাহিনি :) রাজনিতি চাইল। সাধারণ মানুষকে ধোকা। অা.লীগ বলে কথা। এরা মানুষ না অা.লীগ।।
text withheld: corpus licence does not permit redistribution,0,0.0,banglasarc,সিলেটে বিদ্যুৎ বিপর্যয়ের আশংকা। কুমারগাঁও ১৩২/৩৩ কেভি গ্রিড উপকেন্দ্রের সুইচ ইয়ার্ডে পানি প্রবেশ করেছে।,সিলেটে বিদ্যুৎ বিপর্যয়ের আশংকা। কুমারগাঁও ১৩২/৩৩ কেভি গ্রিড উপকেন্দ্রের সুইচ ইয়ার্ডে পানি প্রবেশ করেছে।
text withheld: corpus licence does not permit redistribution,0,0.0,banglasarc,এতোদিন কই হারায় গেসিলা?,এতোদিন কই হারায় গেসিলা?
text withheld: corpus licence does not permit redistribution,1,1.0,banglasarc,গেমটিকে আরও বেশি ক্লান্তিকর করে তোলা দিকনির্দেশনা ছিল না।,গেমটিকে আরও বেশি ক্লান্তিকর করে তোলা দিকনির্দেশনা ছিল না।
text withheld: corpus licence does not permit redistribution,1,1.0,banglasarc,আমি এখনও বিছানায় যাইনি এবং আমি ইতিমধ্যে আগামীকাল কাজ থেকে বাড়ি আসার অপেক্ষা করতে পারি না,আমি এখনও বিছানায় যাইনি এবং আমি ইতিমধ্যে আগামীকাল কাজ থেকে বাড়ি আসার অপেক্ষা করতে পারি না
text withheld: corpus licence does not permit redistribution,1,1.0,banglasarc,সেরা কেনার দাম এখন অ্যামাজনের সাথে মেলে,সেরা কেনার দাম এখন অ্যামাজনের সাথে মেলে
text withheld: corpus licence does not permit redistribution,0,0.0,banglasarc,"অসম্ভব ভালো লাগলো,,স্যারের জীবনের গল্প","অসম্ভব ভালো লাগলো,,স্যারের জীবনের গল্প"
text withheld: corpus licence does not permit redistribution,0,0.0,banglasarc,হে আল্লাহ 🤲 আপনি সকল ক্ষতিগ্রস্থ মানুষদের রক্ষা করুন।,হে আল্লাহ 🤲 আপনি সকল ক্ষতিগ্রস্থ মানুষদের রক্ষা করুন।
text withheld: corpus licence does not permit redistribution,1,1.0,banglasarc,আমি সবার জন্য নই।আমি সবে আমার জন্য।,আমি সবার জন্য নই।আমি সবে আমার জন্য।
text withheld: corpus licence does not permit redistribution,1,1.0,banglasarc,আমার অন্তরের অন্তস্থল থেকে,আমার অন্তরের অন্তস্থল থেকে
text withheld: corpus licence does not permit redistribution,0,0.0,banglasarc,"গান ডা যদি ভালো না হয়, নুবেল রে রিপোর্ট মারুম","গান ডা যদি ভালো না হয়, নুবেল রে রিপোর্ট মারুম"
text withheld: corpus licence does not permit redistribution,1,1.0,banglasarc,রাজনৈতিক নির্ভুলতা শিষ্টাচারের সাথে অত্যাচার।,রাজনৈতিক নির্ভুলতা শিষ্টাচারের সাথে অত্যাচার।
text withheld: corpus licence does not permit redistribution,0,0.0,banglasarc,পাগলের সুখ মনে মনে,পাগলের সুখ মনে মনে
text withheld: corpus licence does not permit redistribution,0,0.0,banglasarc,দশ কেজি জিরা কিনে ১০০টাকা বাঁচান!,দশ কেজি জিরা কিনে ১০০টাকা বাঁচান!
text withheld: corpus licence does not permit redistribution,0,0.0,banglasarc,নিশ্চয়ই বাংলাদেশী কোনো সাংবাদিক! 🤤,নিশ্চয়ই বাংলাদেশী কোনো সাংবাদিক! 🤤
text withheld: corpus licence does not permit redistribution,0,0.0,banglasarc,পানিবন্দী মানুষদের উদ্ধার করতে দয়াকরে সেনাবাহিনী ও নৌবাহিনী মোতায়েন করার জন্য বিনীত অনুরোধ জানাচ্ছি।আল্লাহ হেফাজ করো।,পানিবন্দী মানুষদের উদ্ধার করতে দয়াকরে সেনাবাহিনী ও নৌবাহিনী মোতায়েন করার জন্য বিনীত অনুরোধ জানাচ্ছি।আল্লাহ হেফাজ করো।
text withheld: corpus licence does not permit redistribution,1,1.0,banglasarc,বাচ্চারা খুব ভাগ্যবান।তারা সারাদিন ঘুমাতে পারে এবং প্রত্যেকে এখনও তাদের জন্য গর্বিত হবে,বাচ্চারা খুব ভাগ্যবান।তারা সারাদিন ঘুমাতে পারে এবং প্রত্যেকে এখনও তাদের জন্য গর্বিত হবে
text withheld: corpus licence does not permit redistribution,0,0.0,banglasarc,এই মুহূর্তে প্রতিটি গ্রামে ক্যাম্প করে সরকারি রেশনিং মূল্যে নিত্য প্রয়োজনীয় সামগ্রী বিক্রির ব্যবস্থা করলে মনে হয় গরীবদের উপকার হতো।,এই মুহূর্তে প্রতিটি গ্রামে ক্যাম্প করে সরকারি রেশনিং মূল্যে নিত্য প্রয়োজনীয় সামগ্রী বিক্রির ব্যবস্থা করলে মনে হয় গরীবদের উপকার হতো।
text withheld: corpus licence does not permit redistribution,1,1.0,banglasarc,সারক্যাসম: কারণ খুনের অভিযোগগুলি ব্যয়বহুল।,সারক্যাসম: কারণ খুনের অভিযোগগুলি ব্যয়বহুল।
text withheld: corpus licence does not permit redistribution,0,0.0,banglasarc,সঠিক সময়ে সঠিক পদক্ষেপ,সঠিক সময়ে সঠিক পদক্ষেপ
text withheld: corpus licence does not permit redistribution,1,1.0,banglasarc,আমি চার বা ততোধিক লোকের সাথে না থাকলে আমি কিট-ক্যাট পছন্দ করি।,আমি চার বা ততোধিক লোকের সাথে না থাকলে আমি কিট-ক্যাট পছন্দ করি।
text withheld: corpus licence does not permit redistribution,1,1.0,banglasarc,আপনি সর্বদা বলতে পারেন যখন কোনও মানুষকে ভালভাবে অবহিত করা হয়।তাঁর মতামতগুলি অনেকটা আপনার নিজের মতো।,আপনি সর্বদা বলতে পারেন যখন কোনও মানুষকে ভালভাবে অবহিত করা হয়।তাঁর মতামতগুলি অনেকটা আপনার নিজের মতো।
text withheld: corpus licence does not permit redistribution,0,0.0,banglasarc,"এই অবেলায়, ফুচকা তোমারি ঝালে, নিরব টকে ভেসে যায়","এই অবেলায়, ফুচকা তোমারি ঝালে, নিরব টকে ভেসে যায়"
text withheld: corpus licence does not permit redistribution,1,1.0,banglasarc,"আপনি যদি মনে করেন যে আপনি কোনও পার্থক্য করতে খুব ছোট, তবে একটি মশার সাথে ঘুমানোর চেষ্টা করুন","আপনি যদি মনে করেন যে আপনি কোনও পার্থক্য করতে খুব ছোট, তবে একটি মশার সাথে ঘুমানোর চেষ্টা করুন"
text withheld: corpus licence does not permit redistribution,1,1.0,banglasarc,প্রত্যেকে (ওয়ার্ল্ডনিউজ) জানে যে বিশ্বযুদ্ধ 1 ছিল একটি ইসলামী সন্ত্রাসী আক্রমণ।,প্রত্যেকে (ওয়ার্ল্ডনিউজ) জানে যে বিশ্বযুদ্ধ 1 ছিল একটি ইসলামী সন্ত্রাসী আক্রমণ।
text withheld: corpus licence does not permit redistribution,0,0.0,banglasarc,ছাত্রদের মধ্যে এই ধরনের বৈষম্য সৃষ্টিকারী আহাম্মকের প্রস্তাবকে ধিক্কার জানাই,ছাত্রদের মধ্যে এই ধরনের বৈষম্য সৃষ্টিকারী আহাম্মকের প্রস্তাবকে ধিক্কার জানাই
text withheld: corpus licence does not permit redistribution,0,0.0,banglasarc,তোর মুখে জুতা মারা দরকার। তারপর তোর কাছে ক্ষমা চাইলে সব শেষ!এতো সহজ সব?ক্যারিয়ারের ভয়ে এখন আসছে সরি মারাইতে।,তোর মুখে জুতা মারা দরকার। তারপর তোর কাছে ক্ষমা চাইলে সব শেষ!এতো সহজ সব?ক্যারিয়ারের ভয়ে এখন আসছে সরি মারাইতে।
text withheld: corpus licence does not permit redistribution,0,0.0,banglasarc,"ওহ পরিমনি,দিনে দিনে আপনার প্রতি ভালো লাগা আরো বেড়ে যাচ্ছে","ওহ পরিমনি,দিনে দিনে আপনার প্রতি ভালো লাগা আরো বেড়ে যাচ্ছে"
text withheld: corpus licence does not permit redistribution,0,0.0,banglasarc,প্রথম বিশ্বযুদ্ধের সময় অটোম্যান কর্তৃক আর্মেনিয়ান জেনোসাইড নিয়ে একটা ভিডিও আপলোড করবেন,প্রথম বিশ্বযুদ্ধের সময় অটোম্যান কর্তৃক আর্মেনিয়ান জেনোসাইড নিয়ে একটা ভিডিও আপলোড করবেন
text withheld: corpus licence does not permit redistribution,0,0.0,banglasarc,লেখিকা প্রেমিকা,লেখিকা প্রেমিকা
text withheld: corpus licence does not permit redistribution,1,1.0,banglasarc,চ *** আপ বন্ধ করুন এবং অভিযোগ করা বন্ধ করুন।,চ *** আপ বন্ধ করুন এবং অভিযোগ করা বন্ধ করুন।
text withheld: corpus licence does not permit redistribution,0,0.0,banglasarc,আপনাদের ভয় নেই,আপনাদের ভয় নেই
text withheld: corpus licence does not permit redistribution,0,0.0,banglasarc,সাজ অনেক ভালো হয়েছে,সাজ অনেক ভালো হয়েছে
text withheld: corpus licence does not permit redistribution,0,0.0,banglasarc,এই গুলিকে জুতা দিয়ে মারা দরকার,এই গুলিকে জুতা দিয়ে মারা দরকার
text withheld: corpus licence does not permit redistribution,1,1.0,banglasarc,আমি হাসতে থামতে পারি না!,আমি হাসতে থামতে পারি না!
text withheld: corpus licence does not permit redistribution,1,1.0,banglasarc,আমি এত চালাক যে কখনও কখনও আমি যা বলছি তার একটি শব্দও আমি বুঝতে পারি না ..,আমি এত চালাক যে কখনও কখনও আমি যা বলছি তার একটি শব্দও আমি বুঝতে পারি না ..
text withheld: corpus licence does not permit redistribution,1,1.0,banglasarc,আমি যদি বিরক্ত হব তবে পরের বছর খেলোয়াড়রা যদি বুকে থাকে তবে প্লেগ ডাক্তার ইজিকে হ্রাস মূল্যে পেতে সক্ষম হবে।,আমি যদি বিরক্ত হব তবে পরের বছর খেলোয়াড়রা যদি বুকে থাকে তবে প্লেগ ডাক্তার ইজিকে হ্রাস মূল্যে পেতে সক্ষম হবে।
text withheld: corpus licence does not permit redistribution,1,1.0,banglasarc,সবেমাত্র ২ হাজার ক্যালোরি পোড়া হয়েছে।আমি শেষবারের মতো ওভেনে ব্রাউনিজ ছেড়ে চলে যাই।,সবেমাত্র ২ হাজার ক্যালোরি পোড়া হয়েছে।আমি শেষবারের মতো ওভেনে ব্রাউনিজ ছেড়ে চলে যাই।
text withheld: corpus licence does not permit redistribution,0,0.0,banglasarc,"দেশের সকলের উচিত, যার যে রকম সমর্থ মত প্রতিদিন 'যারা দিন আনে দিন খায়' তাদের একজন লোককে খাওয়ান।কারন তাদের দৈনিক আয় থাকবে না।বিদেশে যারা থাকেন তারা কিছু টাকা পাঠিয়ে তাদের আত্নীয় স্বজনের মাধ্যমেও এটা করতে পারেন।আল্লাহ আমাদের করোনা বিপদ থেকে রক্ষা করুন।","দেশের সকলের উচিত, যার যে রকম সমর্থ মত প্রতিদিন 'যারা দিন আনে দিন খায়' তাদের একজন লোককে খাওয়ান।কারন তাদের দৈনিক আয় থাকবে না।বিদেশে যারা থাকেন তারা কিছু টাকা পাঠিয়ে তাদের আত্নীয় স্বজনের মাধ্যমেও এটা করতে পারেন।আল্লাহ আমাদের করোনা বিপদ থেকে রক্ষা করুন।"
text withheld: corpus licence does not permit redistribution,0,0.0,banglasarc,"আমি মনে প্রাণে বিশ্বাস করি , ইনারা যে উদাহরণ তৈরি করলেন বাংলাদেশে, সেই পথে অচিরেই অনেকেই হাঁটবেন ।","আমি মনে প্রাণে বিশ্বাস করি , ইনারা যে উদাহরণ তৈরি করলেন বাংলাদেশে, সেই পথে অচিরেই অনেকেই হাঁটবেন ।"
text withheld: corpus licence does not permit redistribution,0,0.0,banglasarc,"সাফা,তোমার বয়স কম।কিন্ত ততুমি আজ যে জায়গাতে আছো,সেটা পরম করুনাময় অত্যন্ত ভালবেসে তোমাকে দিয়েছেন।এর যোগ্য তুমি ছিলে না।আমরা কেউ পরম করুনাময়ের নিকট হতে এত অনুগ্রহ, করুনা,ভালবাসা পাবার যোগ্য নই।তবে একটু নামখ্যাতি অর্জন করে নিজেকে অনেক বেশি কিছু ভাবাটা তাঁর বিরুদ্ধাচারন করার মতই। তুমি যেটা করেছ,সেটা এমনই কাজ।কারণ পরকাল পরম করুনাময়ের সৃষ্টি।তাঁর সাথে মিলিত হবার সময় পরকাল।তুমি তো পরকাল এর অর্থ ই জানো না।যারা পরকালে বিশ্বাস করে,তারা অন্যায় থেকে নিজেকে বিরত রাখে।শুধু রোজা নামাজ ই নয়,সকল প্রলোভন থেকে নিজেকে দূরে রাখে,ধর্মীয় বিধান অনুযায়ী চলে।আর কারো ধর্মীয় অনুভুতিতে আঘাত করার জন্য এ কথা বলোনি-সেটা ঠিক বলোনি।তুমি যেটা বলেছো সেটা অন্যের অনুভুতিতে যতটা না আঘাত করেছ্র,তার চেয়ে তুমি নিজেকে বেশি ছোট করলে আর অপমান করলে।একজন মানুষ মানেই পরকালে বিশ্বাস করবেই।আর যারা পরকালে বিশ্বাস করে না,তারা যে কোন নোংরা কাজ করতে পারে,তাদের কোন মূল্যবোধ নাই।পরম করুনাময়ের উপর বিশ্বাস তথাকলে তুমি আজ তুমি এ কথা বলতে পারতে না।মানুষ যখন তাঁর নিজের উপর বেশি ভরসা করে,বাহাদুরি করে,তখন শয়তান তার মধ্যে কাজ করে।আর শয়তান ক","সাফা,তোমার বয়স কম।কিন্ত ততুমি আজ যে জায়গাতে আছো,সেটা পরম করুনাময় অত্যন্ত ভালবেসে তোমাকে দিয়েছেন।এর যোগ্য তুমি ছিলে না।আমরা কেউ পরম করুনাময়ের নিকট হতে এত অনুগ্রহ, করুনা,ভালবাসা পাবার যোগ্য নই।তবে একটু নামখ্যাতি অর্জন করে নিজেকে অনেক বেশি কিছু ভাবাটা তাঁর বিরুদ্ধাচারন করার মতই। তুমি যেটা করেছ,সেটা এমনই কাজ।কারণ পরকাল পরম করুনাময়ের সৃষ্টি।তাঁর সাথে মিলিত হবার সময় পরকাল।তুমি তো পরকাল এর অর্থ ই জানো না।যারা পরকালে বিশ্বাস করে,তারা অন্যায় থেকে নিজেকে বিরত রাখে।শুধু রোজা নামাজ ই নয়,সকল প্রলোভন থেকে নিজেকে দূরে রাখে,ধর্মীয় বিধান অনুযায়ী চলে।আর কারো ধর্মীয় অনুভুতিতে আঘাত করার জন্য এ কথা বলোনি-সেটা ঠিক বলোনি।তুমি যেটা বলেছো সেটা অন্যের অনুভুতিতে যতটা না আঘাত করেছ্র,তার চেয়ে তুমি নিজেকে বেশি ছোট করলে আর অপমান করলে।একজন মানুষ মানেই পরকালে বিশ্বাস করবেই।আর যারা পরকালে বিশ্বাস করে না,তারা যে কোন নোংরা কাজ করতে পারে,তাদের কোন মূল্যবোধ নাই।পরম করুনাময়ের উপর বিশ্বাস তথাকলে তুমি আজ তুমি এ কথা বলতে পারতে না।মানুষ যখন তাঁর নিজের উপর বেশি ভরসা করে,বাহাদুরি করে,তখন শয়তান তার মধ্যে কাজ করে।আর শয়তান ক"
text withheld: corpus licence does not permit redistribution,0,0.0,banglasarc,কি করলে আপনি আর আমার চোখের সামনে আসবেন না বলেন তো আণ্টি,কি করলে আপনি আর আমার চোখের সামনে আসবেন না বলেন তো আণ্টি
text withheld: corpus licence does not permit redistribution,1,1.0,banglasarc,আপনি অ্যাকাউন্টটি খোলার পরে আপনার বিদ্যমান ব্যাংক এবং পিপলস ট্রাস্টের মধ্যে অনলাইন স্থানান্তর সেট আপ করতে পারেন।,আপনি অ্যাকাউন্টটি খোলার পরে আপনার বিদ্যমান ব্যাংক এবং পিপলস ট্রাস্টের মধ্যে অনলাইন স্থানান্তর সেট আপ করতে পারেন।
text withheld: corpus licence does not permit redistribution,1,1.0,banglasarc,"“আমি সবসময় অভদ্র এবং ব্যঙ্গাত্মক নই।কখনও কখনও আমি ঘুমিয়ে আছি। ""","“আমি সবসময় অভদ্র এবং ব্যঙ্গাত্মক নই।কখনও কখনও আমি ঘুমিয়ে আছি। """
text withheld: corpus licence does not permit redistribution,1,1.0,banglasarc,আপনার নমনীয়তা আমাকে অবাক করে দেয়।আপনি কীভাবে আপনার মুখের মধ্যে এবং আপনার পাছায় একই সাথে আপনার পাছায় উঠবেন?,আপনার নমনীয়তা আমাকে অবাক করে দেয়।আপনি কীভাবে আপনার মুখের মধ্যে এবং আপনার পাছায় একই সাথে আপনার পাছায় উঠবেন?
text withheld: corpus licence does not permit redistribution,0,0.0,banglasarc,মানুষের কৌতুহল হবে এটাই স্বাভাবিক,মানুষের কৌতুহল হবে এটাই স্বাভাবিক
text withheld: corpus licence does not permit redistribution,0,0.0,banglasarc,এটাই একজন যোগ্য নেতার পরিচয়। মহান নেতা দের দ্বারাই এত বিনয়ী হওয়া সম্ভব।,এটাই একজন যোগ্য নেতার পরিচয়। মহান নেতা দের দ্বারাই এত বিনয়ী হওয়া সম্ভব।
text withheld: corpus licence does not permit redistribution,0,0.0,banglasarc,বর্তমানে প্রিয়া সাহা যে মতামত দিয়েছে সে মতামত অনুযায়ী বোঝা যাচ্ছে যে সে প্রধানমন্ত্রী কে ও কাঠগড়ায় দাঁড় করিয়েছে? দূরন্ত এই প্রিয়া সাহা জানিনা এই সরকার তার বিচার করবে কিনা?,বর্তমানে প্রিয়া সাহা যে মতামত দিয়েছে সে মতামত অনুযায়ী বোঝা যাচ্ছে যে সে প্রধানমন্ত্রী কে ও কাঠগড়ায় দাঁড় করিয়েছে? দূরন্ত এই প্রিয়া সাহা জানিনা এই সরকার তার বিচার করবে কিনা?
text withheld: corpus licence does not permit redistribution,0,0.0,banglasarc,"আমরা বাকস্বাধীনতায় বিশ্বাসী৷ আসিফের বক্তব্যের সঙ্গে আপনি একমত না হলে, আপনার অবস্থান জানাতে চাইলে লিখতে পারেন এই লিংকে, প্রতিবেদনের নিচে: http://dw.com/p/1gghk","আমরা বাকস্বাধীনতায় বিশ্বাসী৷ আসিফের বক্তব্যের সঙ্গে আপনি একমত না হলে, আপনার অবস্থান জানাতে চাইলে লিখতে পারেন এই লিংকে, প্রতিবেদনের নিচে: http://dw.com/p/1gghk"
text withheld: corpus licence does not permit redistribution,1,1.0,banglasarc,"মানুষের ইচ্ছা আছে, কিন্তু মহিলার উপায় আছে।","মানুষের ইচ্ছা আছে, কিন্তু মহিলার উপায় আছে।"
text withheld: corpus licence does not permit redistribution,0,0.0,banglasarc,আমানার নিজস্ব বাগানের সম্পূর্ন কেমিক্যাল ও ফরমালিন মুক্ত সুস্বাদু আম অর্ডার করুন ঘরে বসে।,আমানার নিজস্ব বাগানের সম্পূর্ন কেমিক্যাল ও ফরমালিন মুক্ত সুস্বাদু আম অর্ডার করুন ঘরে বসে।
text withheld: corpus licence does not permit redistribution,0,0.0,banglasarc,এমন সিরিয়াস বিষয় গুলো নিয়েও আমরা বাঙ্গালীরা গুজব ছড়ায়।,এমন সিরিয়াস বিষয় গুলো নিয়েও আমরা বাঙ্গালীরা গুজব ছড়ায়।
text withheld: corpus licence does not permit redistribution,1,1.0,banglasarc,আপনি যদি ঘরের সবচেয়ে স্মার্ট ব্যক্তি হন তবে আপনি ভুল ঘরে রয়েছেন।,আপনি যদি ঘরের সবচেয়ে স্মার্ট ব্যক্তি হন তবে আপনি ভুল ঘরে রয়েছেন।
text withheld: corpus licence does not permit redistribution,1,1.0,banglasarc,স্পষ্টতই আপনি বিভ্রান্ত হয়ে পড়েছিলাম আমি কল্পনা,স্পষ্টতই আপনি বিভ্রান্ত হয়ে পড়েছিলাম আমি কল্পনা
text withheld: corpus licence does not permit redistribution,0,0.0,banglasarc,তুই পরকাল বিশ্বাস করস না তাহলে বাতাস বিশ্বাস করস বাতাস টা দেখা যায় না তাহলে বাতাস বিশ্বাস করিস কেমনে নাস্তিক।,তুই পরকাল বিশ্বাস করস না তাহলে বাতাস বিশ্বাস করস বাতাস টা দেখা যায় না তাহলে বাতাস বিশ্বাস করিস কেমনে নাস্তিক।
text withheld: corpus licence does not permit redistribution,1,1.0,banglasarc,আমি আপনার মানগুলির চেয়ে হিলগুলি উচ্চতর পেয়েছি।,আমি আপনার মানগুলির চেয়ে হিলগুলি উচ্চতর পেয়েছি।
text withheld: corpus licence does not permit redistribution,0,0.0,banglasarc,দুর্দান্ত সাবলীল অভিনয়।,দুর্দান্ত সাবলীল অভিনয়।
text withheld: corpus licence does not permit redistribution,0,0.0,banglasarc,বিলুপ্ত হতে বসা বিশেষ এই প্রাণীটিকে অতি অতি দ্রুত জাতীয় চিড়িয়াখানায় সংরক্ষণ করা হোক,বিলুপ্ত হতে বসা বিশেষ এই প্রাণীটিকে অতি অতি দ্রুত জাতীয় চিড়িয়াখানায় সংরক্ষণ করা হোক
text withheld: corpus licence does not permit redistribution,1,1.0,banglasarc,আপনি বনের মধ্যে না থাকলে এবং আপনি হারিয়ে গেছেন এবং আপনি কোনও পথ দেখেন না তবে অন্য কারও পথ অনুসরণ করবেন না।,আপনি বনের মধ্যে না থাকলে এবং আপনি হারিয়ে গেছেন এবং আপনি কোনও পথ দেখেন না তবে অন্য কারও পথ অনুসরণ করবেন না।
text withheld: corpus licence does not permit redistribution,1,1.0,banglasarc,আমি লোভ ছাড়া সবকিছু প্রতিহত করতে পারেন।,আমি লোভ ছাড়া সবকিছু প্রতিহত করতে পারেন।
text withheld: corpus licence does not permit redistribution,0,0.0,banglasarc,সকলের জন্য শুভকামনা।(দুবাই থেকে প্রবেশা),সকলের জন্য শুভকামনা।(দুবাই থেকে প্রবেশা)
text withheld: corpus licence does not permit redistribution,0,0.0,banglasarc,"ভাই আমার মাঝে ও এই ভয়টা কাজ করে,অসাধারণ হইছে নাটকটা","ভাই আমার মাঝে ও এই ভয়টা কাজ করে,অসাধারণ হইছে নাটকটা"
text withheld: corpus licence does not permit redistribution,1,1.0,banglasarc,বিশ্বের সেরা জিনিসগুলি নিখরচায় - এবং এটির প্রতিটি পয়সা মূল্যবান।,বিশ্বের সেরা জিনিসগুলি নিখরচায় - এবং এটির প্রতিটি পয়সা মূল্যবান।
text withheld: corpus licence does not permit redistribution,0,0.0,banglasarc,"এই পার্ভাট জানোয়ারদের কমেন্ট দেখে হাসিও পায় আবার করুনাও লাগে। এরা নিজেদের যেখানে সংখ্যা বেশি সেখানে ভিন্ন মত সহ্যই করতে পারে না, কিন্তু নিউজিল্যান্ড, অস্ট্রেলিয়া, আমেরিকা সহ উন্নত বিশ্বে যেখানে সংখ্যায় কম সেখানে সহনশীলতা, ভিন্নমত সব চায়। নিজেদের টা হইলেই সব ঠিক। আর বাকিদের টা বেঠিক..... এদের রাখার দরকার টা কি?? সব দেশ থেকেই তাড়ানো উচিত","এই পার্ভাট জানোয়ারদের কমেন্ট দেখে হাসিও পায় আবার করুনাও লাগে। এরা নিজেদের যেখানে সংখ্যা বেশি সেখানে ভিন্ন মত সহ্যই করতে পারে না, কিন্তু নিউজিল্যান্ড, অস্ট্রেলিয়া, আমেরিকা সহ উন্নত বিশ্বে যেখানে সংখ্যায় কম সেখানে সহনশীলতা, ভিন্নমত সব চায়। নিজেদের টা হইলেই সব ঠিক। আর বাকিদের টা বেঠিক..... এদের রাখার দরকার টা কি?? সব দেশ থেকেই তাড়ানো উচিত"
text withheld: corpus licence does not permit redistribution,0,0.0,banglasarc,ড়ং না করে অসহায়দের সাহায্য করুন,ড়ং না করে অসহায়দের সাহায্য করুন
text withheld: corpus licence does not permit redistribution,1,1.0,banglasarc,আমি কটাক্ষ ভালবাসি।এটি শব্দের সাথে মুখে লোককে ঘুষি মারার মতো।,আমি কটাক্ষ ভালবাসি।এটি শব্দের সাথে মুখে লোককে ঘুষি মারার মতো।
text withheld: corpus licence does not permit redistribution,0,0.0,banglasarc,শিরোনামটা যথেষ্ট মানানসই।,শিরোনামটা যথেষ্ট মানানসই।
text withheld: corpus licence does not permit redistribution,0,0.0,banglasarc,"আফসোস করি,আগের ভুল মনে করে কষ্ট পাই,অনুশোচনায় ভুগি,কিন্তু বেচে থাকতে তাদের এতো অবহেলা করি কেন?","আফসোস করি,আগের ভুল মনে করে কষ্ট পাই,অনুশোচনায় ভুগি,কিন্তু বেচে থাকতে তাদের এতো অবহেলা করি কেন?"
text withheld: corpus licence does not permit redistribution,0,0.0,banglasarc,"ভাইয়া আমিও জামু আপনার সাথে,,, নিবেন,,","ভাইয়া আমিও জামু আপনার সাথে,,, নিবেন,,"
text withheld: corpus licence does not permit redistribution,1,1.0,banglasarc,আপনি যদি কখনও মা হন তবে আমি কি কুকুরছানাগুলির মধ্যে একটি পেতে পারি?,আপনি যদি কখনও মা হন তবে আমি কি কুকুরছানাগুলির মধ্যে একটি পেতে পারি?
text withheld: corpus licence does not permit redistribution,0,0.0,banglasarc,পোষ্টটা পড়তে পড়তে চা ও বিড়ি খাচ্ছিলাম কিন্তু পোষ্ট দ্বারা প্রভাবিত হয়ে আনমনা হয়ে বিড়িই ছাই এস্ট্রেতে না ফেলে চায়ের কাপে ফেলে দিছি।,পোষ্টটা পড়তে পড়তে চা ও বিড়ি খাচ্ছিলাম কিন্তু পোষ্ট দ্বারা প্রভাবিত হয়ে আনমনা হয়ে বিড়িই ছাই এস্ট্রেতে না ফেলে চায়ের কাপে ফেলে দিছি।
text withheld: corpus licence does not permit redistribution,0,0.0,banglasarc,গাছ লাগান পরিবেশ বাঁচান। তাই সে গাছ লাগিয়েছিল।এটা অন্যায়।আমরা এমন এক পরিবেশপ্রেমীর দ্রুত মুক্তি চাই,গাছ লাগান পরিবেশ বাঁচান। তাই সে গাছ লাগিয়েছিল।এটা অন্যায়।আমরা এমন এক পরিবেশপ্রেমীর দ্রুত মুক্তি চাই
text withheld: corpus licence does not permit redistribution,1,1.0,banglasarc,"আমি ভুল করতে জন্মগ্রহণ করেছি, জাল পরিপূর্ণতা নয়।","আমি ভুল করতে জন্মগ্রহণ করেছি, জাল পরিপূর্ণতা নয়।"
text withheld: corpus licence does not permit redistribution,0,0.0,banglasarc,কৃষকের খেটে খাওয়া জীবন আমাদের ঘরের ওয়ালমেটে সুন্দর দৃশ্য হিসেবে স্থান পায় কিন্তু আমরা কেউই কৃষক হতে চাই না।,কৃষকের খেটে খাওয়া জীবন আমাদের ঘরের ওয়ালমেটে সুন্দর দৃশ্য হিসেবে স্থান পায় কিন্তু আমরা কেউই কৃষক হতে চাই না।
text withheld: corpus licence does not permit redistribution,0,0.0,banglasarc,কি হাসি মন নিলা কারিয়া,কি হাসি মন নিলা কারিয়া
text withheld: corpus licence does not permit redistribution,0,0.0,banglasarc,তোমার এ গানটি আমি বারবার শুনি।,তোমার এ গানটি আমি বারবার শুনি।
text withheld: corpus licence does not permit redistribution,0,0.0,banglasarc,টেক কেয়ার,টেক কেয়ার
text withheld: corpus licence does not permit redistribution,0,0.0,banglasarc,নাস্তিক কোথাকার,নাস্তিক কোথাকার
text withheld: corpus licence does not permit redistribution,0,0.0,banglasarc,অনেকেই আছে বাংলাদেশে চাকরি বা ব্যবসা-বাণিজ্য করে আর ওই টাকা দিয়ে ইন্ডিয়ার আত্মীয়-স্বজনদের মাধ্যমে সেখানে নিজের নামে জমি-জমা কিনে।একসময় সে স্বেচ্ছায় চলে যায়। এদের সংখ্যা কিন্তু অনেক। প্রিয়া সাহার কি এই পরিসংখ্যান জানা আছে?,অনেকেই আছে বাংলাদেশে চাকরি বা ব্যবসা-বাণিজ্য করে আর ওই টাকা দিয়ে ইন্ডিয়ার আত্মীয়-স্বজনদের মাধ্যমে সেখানে নিজের নামে জমি-জমা কিনে।একসময় সে স্বেচ্ছায় চলে যায়। এদের সংখ্যা কিন্তু অনেক। প্রিয়া সাহার কি এই পরিসংখ্যান জানা আছে?
text withheld: corpus licence does not permit redistribution,0,0.0,banglasarc,এরকম বন্ধু পাওয়া ভাগ্যের ব্যাপার।,এরকম বন্ধু পাওয়া ভাগ্যের ব্যাপার।
text withheld: corpus licence does not permit redistribution,0,0.0,banglasarc,"এগিয়ে যান ভাই, দোয়া এবং শুভ কামনা রইলো","এগিয়ে যান ভাই, দোয়া এবং শুভ কামনা রইলো"
text withheld: corpus licence does not permit redistribution,1,1.0,banglasarc,হ্যাঁ আমাদের সমস্ত 1.5 বিলিয়ন সহজেই এই 2 টি গ্রুপের মধ্যে একটিতে ঝাঁপিয়ে পড়তে পারে,হ্যাঁ আমাদের সমস্ত 1.5 বিলিয়ন সহজেই এই 2 টি গ্রুপের মধ্যে একটিতে ঝাঁপিয়ে পড়তে পারে
text withheld: corpus licence does not permit redistribution,1,1.0,banglasarc,"আয়নাগুলি কথা বলতে পারে না, আপনার জন্য ভাগ্যবান তারাও হাসতে পারে না।","আয়নাগুলি কথা বলতে পারে না, আপনার জন্য ভাগ্যবান তারাও হাসতে পারে না।"
text withheld: corpus licence does not permit redistribution,1,1.0,banglasarc,অবশ্যই আমি আপনাকে সাহায্য করব।আপনি একইভাবে এসেছিলেন,অবশ্যই আমি আপনাকে সাহায্য করব।আপনি একইভাবে এসেছিলেন
text withheld: corpus licence does not permit redistribution,0,0.0,banglasarc,"আহ,, জনগণের টাকাগুলো রে","আহ,, জনগণের টাকাগুলো রে"
text withheld: corpus licence does not permit redistribution,0,0.0,banglasarc,"হাইওয়ে তে,না চালাই শ্রেয়........","হাইওয়ে তে,না চালাই শ্রেয়........"
text withheld: corpus licence does not permit redistribution,0,0.0,banglasarc,"আপনি কাল থাকবেন না, কিন্তু আপনার কথা, আপনার আচরন,আপনার সৃতি কিন্তু ঠিকই থেকে যাবে।","আপনি কাল থাকবেন না, কিন্তু আপনার কথা, আপনার আচরন,আপনার সৃতি কিন্তু ঠিকই থেকে যাবে।"
text withheld: corpus licence does not permit redistribution,0,0.0,banglasarc,সালার জন্ম থিক না,সালার জন্ম থিক না
text withheld: corpus licence does not permit redistribution,0,0.0,banglasarc,কিছু ই বুঝতাসিনা,কিছু ই বুঝতাসিনা
text withheld: corpus licence does not permit redistribution,0,0.0,banglasarc,এমন পিক তুলার পর ফটোগ্রাফার ঠিক ছিলো?,এমন পিক তুলার পর ফটোগ্রাফার ঠিক ছিলো?
text withheld: corpus licence does not permit redistribution,0,0.0,banglasarc,আমার সবকিছুতেই বিরক্ত লাগে,আমার সবকিছুতেই বিরক্ত লাগে
text withheld: corpus licence does not permit redistribution,1,1.0,banglasarc,"""আমি অলস নই.আমি শক্তি সঞ্চয় মোডে আছি। ""","""আমি অলস নই.আমি শক্তি সঞ্চয় মোডে আছি। """
text withheld: corpus licence does not permit redistribution,1,1.0,banglasarc,নারী সঙ্গে আলোচনা করতে দুই তত্ত্ব আছে।কেউ কাজ করে না।,নারী সঙ্গে আলোচনা করতে দুই তত্ত্ব আছে।কেউ কাজ করে না।
text withheld: corpus licence does not permit redistribution,1,1.0,banglasarc,ভাবছি আমি ব্যঙ্গাত্মক?আমাকে যত্ন নেওয়ার ভান দেখুন।,ভাবছি আমি ব্যঙ্গাত্মক?আমাকে যত্ন নেওয়ার ভান দেখুন।
text withheld: corpus licence does not permit redistribution,0,0.0,banglasarc,বাংলাই বলতে পারে না,বাংলাই বলতে পারে না
text withheld: corpus licence does not permit redistribution,1,1.0,banglasarc,আপনার প্যাকেজগুলি তাড়াতাড়ি মেল করুন যাতে পোস্ট অফিস ক্রিসমাসের জন্য সময়মতো সেগুলি হারাতে পারে।,আপনার প্যাকেজগুলি তাড়াতাড়ি মেল করুন যাতে পোস্ট অফিস ক্রিসমাসের জন্য সময়মতো সেগুলি হারাতে পারে।
text withheld: corpus licence does not permit redistribution,1,1.0,banglasarc,অজ্ঞতা যদি আনন্দ হয়।আপনার অবশ্যই এই গ্রহের সবচেয়ে সুখী ব্যক্তি হতে হবে।,অজ্ঞতা যদি আনন্দ হয়।আপনার অবশ্যই এই গ্রহের সবচেয়ে সুখী ব্যক্তি হতে হবে।
text withheld: corpus licence does not permit redistribution,1,1.0,banglasarc,"লোকেরা মনে করে আমি লাজুক কারণ আমি তাদের কথোপকথনে জড়িত নই।সত্য কথাটি হ'ল, তারা কী বলছে তা আমি কোনও এফ.সি.কে দেই না।","লোকেরা মনে করে আমি লাজুক কারণ আমি তাদের কথোপকথনে জড়িত নই।সত্য কথাটি হ'ল, তারা কী বলছে তা আমি কোনও এফ.সি.কে দেই না।"
text withheld: corpus licence does not permit redistribution,1,1.0,banglasarc,খারাপ সিদ্ধান্ত ভাল গল্প করতে।,খারাপ সিদ্ধান্ত ভাল গল্প করতে।
text withheld: corpus licence does not permit redistribution,1,1.0,banglasarc,আমি এখনও যে কেউ অসন্তুষ্ট হইনি তার কাছে আমি ক্ষমা চাইতে চাই।দয়া করে ধৈর্য ধরুন.আমি শীঘ্রই আপনার কাছে যাব,আমি এখনও যে কেউ অসন্তুষ্ট হইনি তার কাছে আমি ক্ষমা চাইতে চাই।দয়া করে ধৈর্য ধরুন.আমি শীঘ্রই আপনার কাছে যাব
text withheld: corpus licence does not permit redistribution,0,0.0,banglasarc,ভারতীয় মদদপুষ্ট লীগ হটাও,ভারতীয় মদদপুষ্ট লীগ হটাও
text withheld: corpus licence does not permit redistribution,1,1.0,banglasarc,আপনি জীবন বীমা পরিশোধও পাবেন না।,আপনি জীবন বীমা পরিশোধও পাবেন না।
text withheld: corpus licence does not permit redistribution,0,0.0,banglasarc,প্রতিটা ক্ষেত্রেই দেখা যায় নারীদের প্রতি সহিংসতায় নারীরাই কোনো না কোনোভাবে জড়িত।,প্রতিটা ক্ষেত্রেই দেখা যায় নারীদের প্রতি সহিংসতায় নারীরাই কোনো না কোনোভাবে জড়িত।
text withheld: corpus licence does not permit redistribution,1,1.0,banglasarc,সহিংসতা কিছু সমাধান করবে না।তবে এটি নিশ্চিত আমাকে ভাল বোধ করে,সহিংসতা কিছু সমাধান করবে না।তবে এটি নিশ্চিত আমাকে ভাল বোধ করে
text withheld: corpus licence does not permit redistribution,1,1.0,banglasarc,"""বিবাহ এমন লোকদের জন্য একটি আনন্দ।""","""বিবাহ এমন লোকদের জন্য একটি আনন্দ।"""
text withheld: corpus licence does not permit redistribution,1,1.0,banglasarc,ধারালো জিহ্বাযুক্ত একজন ব্যক্তি অবশেষে তাদের কেটে ফেলবেন,ধারালো জিহ্বাযুক্ত একজন ব্যক্তি অবশেষে তাদের কেটে ফেলবেন
text withheld: corpus licence does not permit redistribution,1,1.0,banglasarc,"এটি সম্ভবত একটি টিভি শোতে আক্ষরিক অর্থে সর্বনিম্ন ""সস্তা"" উত্পাদন।","এটি সম্ভবত একটি টিভি শোতে আক্ষরিক অর্থে সর্বনিম্ন ""সস্তা"" উত্পাদন।"
text withheld: corpus licence does not permit redistribution,0,0.0,banglasarc,পদ্মা সেতু নিয়ে এত কষ্ট করে নিউজ করার কি আছে,পদ্মা সেতু নিয়ে এত কষ্ট করে নিউজ করার কি আছে
text withheld: corpus licence does not permit redistribution,0,0.0,banglasarc,"আমি গরীব কৃষাণী বেশি কিছু দিতে পারব না, শুধু নিতে পারব","আমি গরীব কৃষাণী বেশি কিছু দিতে পারব না, শুধু নিতে পারব"
text withheld: corpus licence does not permit redistribution,1,1.0,banglasarc,আপনি যদি আমাকে হাসছেন তবে এটি কারণ আমি খারাপ কিছু করার কথা ভাবছি।আপনি যদি আমাকে হাসতে দেখেন তবে এটি আমার ইতিমধ্যে রয়েছে বলে।,আপনি যদি আমাকে হাসছেন তবে এটি কারণ আমি খারাপ কিছু করার কথা ভাবছি।আপনি যদি আমাকে হাসতে দেখেন তবে এটি আমার ইতিমধ্যে রয়েছে বলে।
text withheld: corpus licence does not permit redistribution,0,0.0,banglasarc,এক দিন এমন করে সাজবো,এক দিন এমন করে সাজবো
text withheld: corpus licence does not permit redistribution,0,0.0,banglasarc,"ভাই সিলেট বাসি ও আপনাদের জন্য দোয়া ও শুভকামনা রইল, আল্লাহ সবাইকে হেফাজত করুন","ভাই সিলেট বাসি ও আপনাদের জন্য দোয়া ও শুভকামনা রইল, আল্লাহ সবাইকে হেফাজত করুন"
text withheld: corpus licence does not permit redistribution,0,0.0,banglasarc,ফেসবুক থেকে দুজনের পরিচয় এর পর বিয়ে। ছায়ানট,ফেসবুক থেকে দুজনের পরিচয় এর পর বিয়ে। ছায়ানট
text withheld: corpus licence does not permit redistribution,1,1.0,banglasarc,"আপনি, স্যার, পিরিয়ড ক্র্যাম্পগুলির মানব সংস্করণ।","আপনি, স্যার, পিরিয়ড ক্র্যাম্পগুলির মানব সংস্করণ।"
text withheld: corpus licence does not permit redistribution,0,0.0,banglasarc,শুভজন্মদিন। শুভকামনা অপার।আপনার মায়েরও আজ প্রথম মা হওয়ার দিন। বিশেষ এই দিনে উনাকে আমার শুভেচ্ছা এবং শুভকামনা জানিয়ে দেবেন। পরিবারের সবাইকে নিয়ে আনন্দে থাকবেন।,শুভজন্মদিন। শুভকামনা অপার।আপনার মায়েরও আজ প্রথম মা হওয়ার দিন। বিশেষ এই দিনে উনাকে আমার শুভেচ্ছা এবং শুভকামনা জানিয়ে দেবেন। পরিবারের সবাইকে নিয়ে আনন্দে থাকবেন।
text withheld: corpus licence does not permit redistribution,1,1.0,banglasarc,পরের সপ্তাহে কোনও সঙ্কট হতে পারে না।আমার সময়সূচী ইতিমধ্যে পূর্ণ।,পরের সপ্তাহে কোনও সঙ্কট হতে পারে না।আমার সময়সূচী ইতিমধ্যে পূর্ণ।
text withheld: corpus licence does not permit redistribution,1,1.0,banglasarc,হ্যাঁ .. এই বিশেষ পরিস্থিতির জন্য তার ব্যবহারকারীর নাম পরিবর্তন করা উচিত ছিল,হ্যাঁ .. এই বিশেষ পরিস্থিতির জন্য তার ব্যবহারকারীর নাম পরিবর্তন করা উচিত ছিল
text withheld: corpus licence does not permit redistribution,0,0.0,banglasarc,অসাধারণ সুন্দর কথা আর দুর্দান্ত আবৃত্তি!!,অসাধারণ সুন্দর কথা আর দুর্দান্ত আবৃত্তি!!
text withheld: corpus licence does not permit redistribution,0,0.0,banglasarc,"যতই এই সেই বলো না, সাজুগুজু করোনা কেনো! তোমারে সেই পেত্নীর মতোই লাগতেছে","যতই এই সেই বলো না, সাজুগুজু করোনা কেনো! তোমারে সেই পেত্নীর মতোই লাগতেছে"
text withheld: corpus licence does not permit redistribution,0,0.0,banglasarc,"নবীর অপমান কারীর শাস্তি দাও, তারপর ওয়াজে হিন্দুদেবদেবী দের অপমান কারীদের ডিম থেরাপি দাও।","নবীর অপমান কারীর শাস্তি দাও, তারপর ওয়াজে হিন্দুদেবদেবী দের অপমান কারীদের ডিম থেরাপি দাও।"
text withheld: corpus licence does not permit redistribution,0,0.0,banglasarc,খানকির ছাওয়াল হিরো আলম খাইছি তোরে যাবি কই,খানকির ছাওয়াল হিরো আলম খাইছি তোরে যাবি কই
text withheld: corpus licence does not permit redistribution,1,1.0,banglasarc,"""আমার বস আমাকে একটি ভাল দিন কাটাতে বলেছিলেন তাই আমি বাড়িতে গেলাম।""","""আমার বস আমাকে একটি ভাল দিন কাটাতে বলেছিলেন তাই আমি বাড়িতে গেলাম।"""
text withheld: corpus licence does not permit redistribution,0,0.0,banglasarc,যখন রান্না করতে আলসেমি লাগে তখন এভাবে ডিম রান্না করি,যখন রান্না করতে আলসেমি লাগে তখন এভাবে ডিম রান্না করি
text withheld: corpus licence does not permit redistribution,0,0.0,banglasarc,"সৌন্দর্য বৃদ্ধিতে ও সাজে গয়নার প্রাধান্য হাজার বছর আগে ছিল, আজও আছে। শুধু পরিবর্তন এসেছে যুগের সঙ্গে মিলিয়ে এর রং, নকশা, ও উপাদানের।","সৌন্দর্য বৃদ্ধিতে ও সাজে গয়নার প্রাধান্য হাজার বছর আগে ছিল, আজও আছে। শুধু পরিবর্তন এসেছে যুগের সঙ্গে মিলিয়ে এর রং, নকশা, ও উপাদানের।"
text withheld: corpus licence does not permit redistribution,0,0.0,banglasarc,এই যদি হয় ফ্যাশন তাহলে রাস্তার পাগলগুলাকে আমরা ফ্যাশন গুরু বলতে পারি,এই যদি হয় ফ্যাশন তাহলে রাস্তার পাগলগুলাকে আমরা ফ্যাশন গুরু বলতে পারি
text withheld: corpus licence does not permit redistribution,0,0.0,banglasarc,কিন্তু অপেক্ষা একটা দুরহ ব্যাপার !!,কিন্তু অপেক্ষা একটা দুরহ ব্যাপার !!
text withheld: corpus licence does not permit redistribution,0,0.0,banglasarc,সত্যি আপনার ভিডিও গুলো প্রশংসা পাওয়ার যোগ্য।,সত্যি আপনার ভিডিও গুলো প্রশংসা পাওয়ার যোগ্য।
text withheld: corpus licence does not permit redistribution,0,0.0,banglasarc,সাব্বাশ সাফা কবির!! ❤️,সাব্বাশ সাফা কবির!! ❤️
text withheld: corpus licence does not permit redistribution,1,1.0,banglasarc,আমি আশা করি লোকেরা 30 সেকেন্ডের ট্রেলার নিয়ে আসে।সুতরাং আমি দেখতে পাচ্ছি যে আমি নিজেকে কী করছি,আমি আশা করি লোকেরা 30 সেকেন্ডের ট্রেলার নিয়ে আসে।সুতরাং আমি দেখতে পাচ্ছি যে আমি নিজেকে কী করছি
text withheld: corpus licence does not permit redistribution,1,1.0,banglasarc,"“আমার বন্ধুরা আপনার চেয়ে অনেক শীতল।তারা অদৃশ্য। ""","“আমার বন্ধুরা আপনার চেয়ে অনেক শীতল।তারা অদৃশ্য। """
text withheld: corpus licence does not permit redistribution,1,1.0,banglasarc,"""স্পষ্টতই রক নীচে একটি বেসমেন্ট রয়েছে।""","""স্পষ্টতই রক নীচে একটি বেসমেন্ট রয়েছে।"""
text withheld: corpus licence does not permit redistribution,0,0.0,banglasarc,স্পষ্ট কথা বলো। নিজের আঞ্চলিকতাকে স্মার্টলি উপস্থাপন করো। সব ভালো লাগে,স্পষ্ট কথা বলো। নিজের আঞ্চলিকতাকে স্মার্টলি উপস্থাপন করো। সব ভালো লাগে
text withheld: corpus licence does not permit redistribution,0,0.0,banglasarc,চেনা মানুষেরা চিনেও না চেনার ভান করে,চেনা মানুষেরা চিনেও না চেনার ভান করে
text withheld: corpus licence does not permit redistribution,0,0.0,banglasarc,মুর্খতার কোন শেষ নাই,মুর্খতার কোন শেষ নাই
text withheld: corpus licence does not permit redistribution,1,1.0,banglasarc,তুমি কি স্বর্গ থেকে পড়েছ?আপনার মুখটি একরকম মজাদার দেখায়।,তুমি কি স্বর্গ থেকে পড়েছ?আপনার মুখটি একরকম মজাদার দেখায়।
text withheld: corpus licence does not permit redistribution,1,1.0,banglasarc,"""আমি ঘুমাতে পছন্দ করি কারণ এটি প্রতিশ্রুতি ছাড়াই মারা যাওয়ার মতো” ""","""আমি ঘুমাতে পছন্দ করি কারণ এটি প্রতিশ্রুতি ছাড়াই মারা যাওয়ার মতো” """
text withheld: corpus licence does not permit redistribution,1,1.0,banglasarc,নিজেকে পুনরাবৃত্তি করার দরকার নেই।আমি আপনাকে প্রথমবারের মতো জরিমানা উপেক্ষা করেছি।,নিজেকে পুনরাবৃত্তি করার দরকার নেই।আমি আপনাকে প্রথমবারের মতো জরিমানা উপেক্ষা করেছি।
text withheld: corpus licence does not permit redistribution,0,0.0,banglasarc,আল্লাহ তো মুসলিম নারীদের এভাবে চলতে বলে নাই।,আল্লাহ তো মুসলিম নারীদের এভাবে চলতে বলে নাই।
text withheld: corpus licence does not permit redistribution,0,0.0,banglasarc,ধন্যবাদ। ভাল থাকবেন 😊,ধন্যবাদ। ভাল থাকবেন 😊
text withheld: corpus licence does not permit redistribution,1,1.0,banglasarc,যদি গ্যাম্বোয়া কাজ করে তবে আমি সন্দেহ করি যে সে ফিরে আসবে।,যদি গ্যাম্বোয়া কাজ করে তবে আমি সন্দেহ করি যে সে ফিরে আসবে।
text withheld: corpus licence does not permit redistribution,0,0.0,banglasarc,এইবার লুচ্চায় ফাইসাগেছে। যারা এই লুচ্চারে নিয়া লাফায় তারা ভালো করে শুন,এইবার লুচ্চায় ফাইসাগেছে। যারা এই লুচ্চারে নিয়া লাফায় তারা ভালো করে শুন
text withheld: corpus licence does not permit redistribution,0,0.0,banglasarc,এতদিনে আরো আগে আসার দরকার।,এতদিনে আরো আগে আসার দরকার।
text withheld: corpus licence does not permit redistribution,0,0.0,banglasarc,জয় বাংলা ❤,জয় বাংলা ❤
text withheld: corpus licence does not permit redistribution,1,1.0,banglasarc,আমি আশা করি সবকিছু চর্বি পাওয়ার মতো সহজ ছিল,আমি আশা করি সবকিছু চর্বি পাওয়ার মতো সহজ ছিল
text withheld: corpus licence does not permit redistribution,0,0.0,banglasarc,তাদের হেদায়েতের জন্য প্রতিনিয়ত দুআ করি,তাদের হেদায়েতের জন্য প্রতিনিয়ত দুআ করি
text withheld: corpus licence does not permit redistribution,0,0.0,banglasarc,এখন পযর্ন্ত সরকারি কোনো এান কর্যক্রম চোখে পরলো না।,এখন পযর্ন্ত সরকারি কোনো এান কর্যক্রম চোখে পরলো না।
text withheld: corpus licence does not permit redistribution,0,0.0,banglasarc,"এদের দিকে মনোনিবেশ করার কোনো প্রয়োজনীয়তা অনুভব করছিনা,এগুলো আসবে যাবে,এদের পূর্ব পুরুষও আসছে,পরেও অনেকে আসবে,ইসলামের ক্ষতি করার সাধ্য তাদের নাই,আমরা এদেরকে ফলো না করলেই হলো।","এদের দিকে মনোনিবেশ করার কোনো প্রয়োজনীয়তা অনুভব করছিনা,এগুলো আসবে যাবে,এদের পূর্ব পুরুষও আসছে,পরেও অনেকে আসবে,ইসলামের ক্ষতি করার সাধ্য তাদের নাই,আমরা এদেরকে ফলো না করলেই হলো।"
text withheld: corpus licence does not permit redistribution,0,0.0,banglasarc,বমি আসছে একে দেখে,বমি আসছে একে দেখে
text withheld: corpus licence does not permit redistribution,0,0.0,banglasarc,বালের তামাশা শুরু করছস,বালের তামাশা শুরু করছস
text withheld: corpus licence does not permit redistribution,0,0.0,banglasarc,সত্যি বলতে আমি নিজেও প্রথমে বিশ্বাস করিনি ।,সত্যি বলতে আমি নিজেও প্রথমে বিশ্বাস করিনি ।
text withheld: corpus licence does not permit redistribution,0,0.0,banglasarc,নাবিলার হাসির আওয়াজের ঠ্যালায় জনের কথাটাই তো ভালোভাবে শুনতে পারলাম না,নাবিলার হাসির আওয়াজের ঠ্যালায় জনের কথাটাই তো ভালোভাবে শুনতে পারলাম না
text withheld: corpus licence does not permit redistribution,0,0.0,banglasarc,"অনেক ধন্যবাদ আপা, ভাল লাগলে শেয়ার করবেন প্লিজ ❤️❤️","অনেক ধন্যবাদ আপা, ভাল লাগলে শেয়ার করবেন প্লিজ ❤️❤️"
text withheld: corpus licence does not permit redistribution,1,1.0,banglasarc,"god শ্বর পুরুষদের একটি লিঙ্গ এবং একটি মস্তিষ্ক উভয়ই দিয়েছেন, তবে দুর্ভাগ্যক্রমে একই সাথে উভয় চালানোর জন্য পর্যাপ্ত রক্ত সরবরাহ নেই।","god শ্বর পুরুষদের একটি লিঙ্গ এবং একটি মস্তিষ্ক উভয়ই দিয়েছেন, তবে দুর্ভাগ্যক্রমে একই সাথে উভয় চালানোর জন্য পর্যাপ্ত রক্ত সরবরাহ নেই।"
text withheld: corpus licence does not permit redistribution,0,0.0,banglasarc,অসাধারণ সুন্দর দেখতে 😍 শুভ সকাল!,অসাধারণ সুন্দর দেখতে 😍 শুভ সকাল!
text withheld: corpus licence does not permit redistribution,0,0.0,banglasarc,"আপনাদের বন্ধুত্ব হোক মহান আল্লাহর সন্তুষ্টির জন্য, এ কামনাই করছি।","আপনাদের বন্ধুত্ব হোক মহান আল্লাহর সন্তুষ্টির জন্য, এ কামনাই করছি।"
text withheld: corpus licence does not permit redistribution,0,0.0,banglasarc,মানছে না কেউই,মানছে না কেউই
text withheld: corpus licence does not permit redistribution,0,0.0,banglasarc,নারী কর্মকর্তা রা পুরুষের তুলনায় সৎ ও একনিষ্ঠ হয়।,নারী কর্মকর্তা রা পুরুষের তুলনায় সৎ ও একনিষ্ঠ হয়।
text withheld: corpus licence does not permit redistribution,1,1.0,banglasarc,আমার ছিটেফোঁটা খুঁজে বের করার আমার ক্ষমতাকে অবমূল্যায়ন করবেন না,আমার ছিটেফোঁটা খুঁজে বের করার আমার ক্ষমতাকে অবমূল্যায়ন করবেন না
text withheld: corpus licence does not permit redistribution,1,1.0,banglasarc,আয়নাগুলি মিথ্যা বলে না এবং আপনার জন্য ভাগ্যবান তারা হাসেন না,আয়নাগুলি মিথ্যা বলে না এবং আপনার জন্য ভাগ্যবান তারা হাসেন না
text withheld: corpus licence does not permit redistribution,1,1.0,banglasarc,যদি এটি কোনও হেক্স সম্পাদকটিতে না করা হয় তবে এটি মোটেও প্রোগ্রামিং নয়,যদি এটি কোনও হেক্স সম্পাদকটিতে না করা হয় তবে এটি মোটেও প্রোগ্রামিং নয়
text withheld: corpus licence does not permit redistribution,0,0.0,banglasarc,শুধু মাত্র বাতাসে আদ্রতা বৃদ্ধির জন্য নয় আপনি চাইলে স্টুডিও সেটআপ এর ক্ষেত্রে এটি ব্যবহার করতে পারেন। যেটি আপনার ঘরের সন্দূর্য বৃদ্ধি করবে।,শুধু মাত্র বাতাসে আদ্রতা বৃদ্ধির জন্য নয় আপনি চাইলে স্টুডিও সেটআপ এর ক্ষেত্রে এটি ব্যবহার করতে পারেন। যেটি আপনার ঘরের সন্দূর্য বৃদ্ধি করবে।
text withheld: corpus licence does not permit redistribution,0,0.0,banglasarc,যত গতি ততো ক্ষতি,যত গতি ততো ক্ষতি
text withheld: corpus licence does not permit redistribution,0,0.0,banglasarc,ভোট দিতে পারবনা। কারন আমি গাজিপুর এ থাকি। ভোটের দিন ঢাকায় যাওয়া সম্ভব হবে না।,ভোট দিতে পারবনা। কারন আমি গাজিপুর এ থাকি। ভোটের দিন ঢাকায় যাওয়া সম্ভব হবে না।
text withheld: corpus licence does not permit redistribution,0,0.0,banglasarc,"জায়েদ খানের অবস্থা পদ্মা সেতুর ৯ নাম্বার পিলারের মতো, যে যেভাবে পারছে সে এসে ধাক্কা দিচ্ছে। 🙄","জায়েদ খানের অবস্থা পদ্মা সেতুর ৯ নাম্বার পিলারের মতো, যে যেভাবে পারছে সে এসে ধাক্কা দিচ্ছে। 🙄"
text withheld: corpus licence does not permit redistribution,0,0.0,banglasarc,"ছাগলকে যতই সাজানো হোক সে ব্য ব্য ই করবে সারা জীবন, হিরু আলমও যতই নায়ক সাজুক ওকে সারাজীবন তৃতীয় শ্রেণীর কমিডিয়ান ই লাগবে, সে-ত ঠিকমত কথাই বলতে পারেনা, নায়ক হবে কিভাবে! ব্যক্তি জীবনে সে হয়ত ভাল মানুষ হতে পারে সেটা ভিন্ন কথাযারা সত্যকে মানেন না তাদের জন্য এক বালতি সমবেদনা জানানো ছাড়া আর কিছুই দেবার নাই..","ছাগলকে যতই সাজানো হোক সে ব্য ব্য ই করবে সারা জীবন, হিরু আলমও যতই নায়ক সাজুক ওকে সারাজীবন তৃতীয় শ্রেণীর কমিডিয়ান ই লাগবে, সে-ত ঠিকমত কথাই বলতে পারেনা, নায়ক হবে কিভাবে! ব্যক্তি জীবনে সে হয়ত ভাল মানুষ হতে পারে সেটা ভিন্ন কথাযারা সত্যকে মানেন না তাদের জন্য এক বালতি সমবেদনা জানানো ছাড়া আর কিছুই দেবার নাই.."
text withheld: corpus licence does not permit redistribution,0,0.0,banglasarc,"ফ্রেশ গ্র্যাজুয়েট, মোটিভেটর ও মোটিভেশন গ্রহীতা এবং গ্রুপ) সবার জন্য আরও অনেক বেশী উইন-উইন হতো যদি দেখা যেত;","ফ্রেশ গ্র্যাজুয়েট, মোটিভেটর ও মোটিভেশন গ্রহীতা এবং গ্রুপ) সবার জন্য আরও অনেক বেশী উইন-উইন হতো যদি দেখা যেত;"
text withheld: corpus licence does not permit redistribution,1,1.0,banglasarc,"আমি যখন কাউকে দীর্ঘশ্বাস শুনি, ‘জীবন কঠিন,’ আমি সবসময় জিজ্ঞাসা করতে প্ররোচিত হই, ‘কিসের তুলনায়?’","আমি যখন কাউকে দীর্ঘশ্বাস শুনি, ‘জীবন কঠিন,’ আমি সবসময় জিজ্ঞাসা করতে প্ররোচিত হই, ‘কিসের তুলনায়?’"
text withheld: corpus licence does not permit redistribution,1,1.0,banglasarc,যতক্ষণ না আপনি তাদের না জানেন ততক্ষণ প্রত্যেকে স্বাভাবিক বলে মনে হয়,যতক্ষণ না আপনি তাদের না জানেন ততক্ষণ প্রত্যেকে স্বাভাবিক বলে মনে হয়
text withheld: corpus licence does not permit redistribution,0,0.0,banglasarc,"সবগুলো ক্লাস কি রেকর্ডিং, না লাইভ ক্লাস?","সবগুলো ক্লাস কি রেকর্ডিং, না লাইভ ক্লাস?"
text withheld: corpus licence does not permit redistribution,1,1.0,banglasarc,এক হাজার মাইল যাত্রা শুরু হয় একটি ভাঙা ফ্যান বেল্ট এবং ফুটো টায়ার দিয়ে।,এক হাজার মাইল যাত্রা শুরু হয় একটি ভাঙা ফ্যান বেল্ট এবং ফুটো টায়ার দিয়ে।
text withheld: corpus licence does not permit redistribution,0,0.0,banglasarc,"আজকাল দেখছি কৃষকের ও শান্তি নাই, ঠিক মতো চাষাবাদ ও করতে পারে না।","আজকাল দেখছি কৃষকের ও শান্তি নাই, ঠিক মতো চাষাবাদ ও করতে পারে না।"
text withheld: corpus licence does not permit redistribution,1,1.0,banglasarc,"যখনই তিনি কাউকে না জানেন বলে দাবি করেন, কেবল ধরে নিন যে তিনি করেন।","যখনই তিনি কাউকে না জানেন বলে দাবি করেন, কেবল ধরে নিন যে তিনি করেন।"
text withheld: corpus licence does not permit redistribution,0,0.0,banglasarc,অসাধারণ! অনেকের জীবনের সাথে মিলবে। সত্য উপলব্ধি।,অসাধারণ! অনেকের জীবনের সাথে মিলবে। সত্য উপলব্ধি।
text withheld: corpus licence does not permit redistribution,0,0.0,banglasarc,আল্লাহকে ভয় কর মরতে হবে একদিন,আল্লাহকে ভয় কর মরতে হবে একদিন
text withheld: corpus licence does not permit redistribution,0,0.0,banglasarc,"সময়ের চেয়ে জীবনের মূল্য বেশি,","সময়ের চেয়ে জীবনের মূল্য বেশি,"
text withheld: corpus licence does not permit redistribution,1,1.0,banglasarc,আরে!আমার একবারের মতো জুতা ছিল।তারপরে আমার বাবা চাকরি পেয়েছিলেন।,আরে!আমার একবারের মতো জুতা ছিল।তারপরে আমার বাবা চাকরি পেয়েছিলেন।
text withheld: corpus licence does not permit redistribution,0,0.0,banglasarc,এই নিউজের রিপোর্টার কি মগা নাকি? শুরুতেই নাস্তিক কিভাবে বলতে পারেন?,এই নিউজের রিপোর্টার কি মগা নাকি? শুরুতেই নাস্তিক কিভাবে বলতে পারেন?
text withheld: corpus licence does not permit redistribution,0,0.0,banglasarc,একটা মানুষের এত গুন কিভাবে হয়?,একটা মানুষের এত গুন কিভাবে হয়?
text withheld: corpus licence does not permit redistribution,0,0.0,banglasarc,আশরাফুল নাই তাই দেখবোনা।।,আশরাফুল নাই তাই দেখবোনা।।
text withheld: corpus licence does not permit redistribution,0,0.0,banglasarc,বাংলা ছি:নেমার 12 টা বাজানোর জন্য এই আবাল মার্কা হিরোই যতেস্ট,বাংলা ছি:নেমার 12 টা বাজানোর জন্য এই আবাল মার্কা হিরোই যতেস্ট
text withheld: corpus licence does not permit redistribution,0,0.0,banglasarc,পদ্মাসেতু নির্মাণে যে সব শ্রমিকরা কাজ করেছে তাদের যত দ্রুত সম্ভব মুক্তিযোদ্ধা ঘোষনা করা হোক ✊🐸,পদ্মাসেতু নির্মাণে যে সব শ্রমিকরা কাজ করেছে তাদের যত দ্রুত সম্ভব মুক্তিযোদ্ধা ঘোষনা করা হোক ✊🐸
text withheld: corpus licence does not permit redistribution,0,0.0,banglasarc,এক পায়ে নুপুর,এক পায়ে নুপুর
text withheld: corpus licence does not permit redistribution,1,1.0,banglasarc,যেন আমি এটা করতে পারি না,যেন আমি এটা করতে পারি না
text withheld: corpus licence does not permit redistribution,1,1.0,banglasarc,"এটি বিকাল 3 টা পিএসটি -র জন্য নির্ধারিত হয়েছে - এখন থেকে প্রায় 2 ঘন্টা, 38 মিনিট।","এটি বিকাল 3 টা পিএসটি -র জন্য নির্ধারিত হয়েছে - এখন থেকে প্রায় 2 ঘন্টা, 38 মিনিট।"
text withheld: corpus licence does not permit redistribution,1,1.0,banglasarc,“আমি কটাক্ষ ভালবাসি।এটি লোককে মুখে ঘুষি মারার মতো তবে শব্দের সাথে ”,“আমি কটাক্ষ ভালবাসি।এটি লোককে মুখে ঘুষি মারার মতো তবে শব্দের সাথে ”
text withheld: corpus licence does not permit redistribution,1,1.0,banglasarc,"god শ্বর, নীচ থেকে আরোহণ খুব দীর্ঘ সময় নেয়","god শ্বর, নীচ থেকে আরোহণ খুব দীর্ঘ সময় নেয়"
text withheld: corpus licence does not permit redistribution,0,0.0,banglasarc,"বিয়েতে গেইট ধরার পর্ব থাকবে না, এমনটা ভাবাই যায় না.. কনে পক্ষের ভাই বোনেরা মিলে বরের গেইট ধরা, এই নিয়ে আরোও কতো কি মজার সব কান্ড!!","বিয়েতে গেইট ধরার পর্ব থাকবে না, এমনটা ভাবাই যায় না.. কনে পক্ষের ভাই বোনেরা মিলে বরের গেইট ধরা, এই নিয়ে আরোও কতো কি মজার সব কান্ড!!"
text withheld: corpus licence does not permit redistribution,0,0.0,banglasarc,এই রেসিপি আরো দু বছর আগে থেকে করে খাচ্ছি যার নাম দিয়েছি ডিম টুকুস.,এই রেসিপি আরো দু বছর আগে থেকে করে খাচ্ছি যার নাম দিয়েছি ডিম টুকুস.
text withheld: corpus licence does not permit redistribution,0,0.0,banglasarc,পরকালের জন্য খেয়াল রাখো,পরকালের জন্য খেয়াল রাখো
text withheld: corpus licence does not permit redistribution,0,0.0,banglasarc,গাজীপুর ডেলিভারি দেওয়া যাবে??,গাজীপুর ডেলিভারি দেওয়া যাবে??
text withheld: corpus licence does not permit redistribution,0,0.0,banglasarc,"প্রিয় গ্রাহক,সাথে থাকার জন্য ধন্যবাদ।","প্রিয় গ্রাহক,সাথে থাকার জন্য ধন্যবাদ।"
text withheld: corpus licence does not permit redistribution,0,0.0,banglasarc,অসাধারণ এই বিষয় এখানে তুলে ধরার জন্য অনেক অনেক ধন্যবাদ,অসাধারণ এই বিষয় এখানে তুলে ধরার জন্য অনেক অনেক ধন্যবাদ
text withheld: corpus licence does not permit redistribution,1,1.0,banglasarc,বিপর্যয় দুটি ধরণের: আমাদের নিজের জন্য দুর্ভাগ্য এবং অন্যের কাছে সৌভাগ্য।,বিপর্যয় দুটি ধরণের: আমাদের নিজের জন্য দুর্ভাগ্য এবং অন্যের কাছে সৌভাগ্য।
text withheld: corpus licence does not permit redistribution,0,0.0,banglasarc,কিন্তু এই বিয়তে তো কনে স্বয়ং ভাই-বোনেদের সাথে দল বেঁধেছে গেইট ধরতে..,কিন্তু এই বিয়তে তো কনে স্বয়ং ভাই-বোনেদের সাথে দল বেঁধেছে গেইট ধরতে..
text withheld: corpus licence does not permit redistribution,0,0.0,banglasarc,মানবতা বেঁচে থাকুক সবার মাঝে।,মানবতা বেঁচে থাকুক সবার মাঝে।
text withheld: corpus licence does not permit redistribution,0,0.0,banglasarc,তার মত এক জন ননর্তকীর বিশ্বা স অবিশ্বাসে কি অাসা যায়। যে তাকে এই প্রশ্ন টা করেছে সে কি অার লোক পেলনা,তার মত এক জন ননর্তকীর বিশ্বা স অবিশ্বাসে কি অাসা যায়। যে তাকে এই প্রশ্ন টা করেছে সে কি অার লোক পেলনা
text withheld: corpus licence does not permit redistribution,0,0.0,banglasarc,আগে আম পরে টাকা।,আগে আম পরে টাকা।
text withheld: corpus licence does not permit redistribution,0,0.0,banglasarc,আসতেছি 😎,আসতেছি 😎
text withheld: corpus licence does not permit redistribution,1,1.0,banglasarc,এই নকল হাসি এবং পেশাদার দেহের ভাষা ভুল করবেন না।আমি আপনাকে গলায় ঘুষি মারতাম যদি আমি জানতাম যে আমি আমার চাকরি হারাব না।,এই নকল হাসি এবং পেশাদার দেহের ভাষা ভুল করবেন না।আমি আপনাকে গলায় ঘুষি মারতাম যদি আমি জানতাম যে আমি আমার চাকরি হারাব না।
text withheld: corpus licence does not permit redistribution,0,0.0,banglasarc,#কর্পোরেট ও পাইকারি বিক্রয় করা হয়।,#কর্পোরেট ও পাইকারি বিক্রয় করা হয়।
text withheld: corpus licence does not permit redistribution,0,0.0,banglasarc,আপনি ঠিক বলেছেন ৷,আপনি ঠিক বলেছেন ৷
text withheld: corpus licence does not permit redistribution,0,0.0,banglasarc,"যখন এক্সারসাইজ করতে ইচ্ছে করেনা, মোবাইল স্ক্রলিং করতে করতেই বার্ন করে ফেল এক্সট্রা ক্যালরি","যখন এক্সারসাইজ করতে ইচ্ছে করেনা, মোবাইল স্ক্রলিং করতে করতেই বার্ন করে ফেল এক্সট্রা ক্যালরি"
text withheld: corpus licence does not permit redistribution,0,0.0,banglasarc,ওতো বয়ান দিতে আসে নাই ও আসছে ওর আঁকাবাঁকা দাঁত গুলো দেখাতে ফাজিল কোথাকার,ওতো বয়ান দিতে আসে নাই ও আসছে ওর আঁকাবাঁকা দাঁত গুলো দেখাতে ফাজিল কোথাকার
text withheld: corpus licence does not permit redistribution,1,1.0,banglasarc,"কঠিন সময় স্থায়ী হয় না, শক্ত লোকেরা তা করে","কঠিন সময় স্থায়ী হয় না, শক্ত লোকেরা তা করে"
text withheld: corpus licence does not permit redistribution,0,0.0,banglasarc,তারেক রহমান সাহেবের প্রশ্নের জবাব কোনদিন আওয়মীলীগ দিতে পারে নাই। তারেক রহমান জিন্দাবাদ,তারেক রহমান সাহেবের প্রশ্নের জবাব কোনদিন আওয়মীলীগ দিতে পারে নাই। তারেক রহমান জিন্দাবাদ
text withheld: corpus licence does not permit redistribution,1,1.0,banglasarc,"যখন আপনার জীবনে কিছু ভুল হয়ে যায়, কেবল ""প্লট টুইস্ট"" চিৎকার করে এগিয়ে যান।","যখন আপনার জীবনে কিছু ভুল হয়ে যায়, কেবল ""প্লট টুইস্ট"" চিৎকার করে এগিয়ে যান।"
text withheld: corpus licence does not permit redistribution,0,0.0,banglasarc,ভাই অনেক ভালোবাসা,ভাই অনেক ভালোবাসা
text withheld: corpus licence does not permit redistribution,0,0.0,banglasarc,ঘটনা কি সত্যি??,ঘটনা কি সত্যি??
text withheld: corpus licence does not permit redistribution,0,0.0,banglasarc,"আমরা বাকস্বাধীনতায় বিশ্বাসী৷ নাস্তিকতা নিয়ে শুধু আসিফ নয়, আরো অনেকের বক্তব্য প্রকাশ করা হয়েছে #dwalaap এর চলতি সংখ্যায়৷ পাবেন এই লিংকে: www.dw.com/alaap","আমরা বাকস্বাধীনতায় বিশ্বাসী৷ নাস্তিকতা নিয়ে শুধু আসিফ নয়, আরো অনেকের বক্তব্য প্রকাশ করা হয়েছে #dwalaap এর চলতি সংখ্যায়৷ পাবেন এই লিংকে: www.dw.com/alaap"
text withheld: corpus licence does not permit redistribution,0,0.0,banglasarc,গরুর চেয়ে আরাে বেয়াক্কেল,গরুর চেয়ে আরাে বেয়াক্কেল
text withheld: corpus licence does not permit redistribution,0,0.0,banglasarc,যাও করলাম দোআ সুখে থাকো সবাইকে শান্তিতে রাখো,যাও করলাম দোআ সুখে থাকো সবাইকে শান্তিতে রাখো
text withheld: corpus licence does not permit redistribution,0,0.0,banglasarc,ভাই বাপের বেটা হলে দেশে যান!,ভাই বাপের বেটা হলে দেশে যান!
text withheld: corpus licence does not permit redistribution,1,1.0,banglasarc,আপনি যখন কথা বলেন তখন আমার মুখ যা করে তার জন্য আমি দায়বদ্ধ নই।,আপনি যখন কথা বলেন তখন আমার মুখ যা করে তার জন্য আমি দায়বদ্ধ নই।
text withheld: corpus licence does not permit redistribution,0,0.0,banglasarc,"খুব ইন্টারেস্টিং নিউজ,পরীক্ষায় আসবে","খুব ইন্টারেস্টিং নিউজ,পরীক্ষায় আসবে"
text withheld: corpus licence does not permit redistribution,0,0.0,banglasarc,সুস্থতার জন্য দোয়া রইলো।,সুস্থতার জন্য দোয়া রইলো।
text withheld: corpus licence does not permit redistribution,0,0.0,banglasarc,এদিকে নাকের উপর ক্রাশ খেয়ে বসে থাকা আমি,এদিকে নাকের উপর ক্রাশ খেয়ে বসে থাকা আমি
text withheld: corpus licence does not permit redistribution,1,1.0,banglasarc,আমি দুঃখিত তবে এটি আপনার দোষ ছিল,আমি দুঃখিত তবে এটি আপনার দোষ ছিল
text withheld: corpus licence does not permit redistribution,0,0.0,banglasarc,"দুনিয়াতে আমরা নিজের আপনজনকে খুব বেশীই ভালবাসি,","দুনিয়াতে আমরা নিজের আপনজনকে খুব বেশীই ভালবাসি,"
text withheld: corpus licence does not permit redistribution,0,0.0,banglasarc,পুরো ভিডিও টা দেখেছি অসাধারণ গল্প।,পুরো ভিডিও টা দেখেছি অসাধারণ গল্প।
text withheld: corpus licence does not permit redistribution,1,1.0,banglasarc,ক্রিস্টির সাথে প্রচুর ফটো অপ্স দেখতে প্রস্তুত হোন ফায়ার ফাইটারদের পাশে একটি শক্ত টুপি তিনি সামনের লাইনগুলি থেকে দূরে টানলেন!,ক্রিস্টির সাথে প্রচুর ফটো অপ্স দেখতে প্রস্তুত হোন ফায়ার ফাইটারদের পাশে একটি শক্ত টুপি তিনি সামনের লাইনগুলি থেকে দূরে টানলেন!
text withheld: corpus licence does not permit redistribution,0,0.0,banglasarc,শুভ কামনা ডিয়ার তোমার জন্য,শুভ কামনা ডিয়ার তোমার জন্য
text withheld: corpus licence does not permit redistribution,0,0.0,banglasarc,লজিকালি ব্যাপারটা এমন না।,লজিকালি ব্যাপারটা এমন না।
text withheld: corpus licence does not permit redistribution,0,0.0,banglasarc,মাশাআল্লাহ অনেক সুন্দর ভিও।,মাশাআল্লাহ অনেক সুন্দর ভিও।
text withheld: corpus licence does not permit redistribution,0,0.0,banglasarc,এর শাখা সারা দেশে ছড়িয়ে পরুক,এর শাখা সারা দেশে ছড়িয়ে পরুক
text withheld: corpus licence does not permit redistribution,0,0.0,banglasarc,শিক্ষা বাণিজ্যকে বৈধতা দেওয়ার নতুন কৌশল,শিক্ষা বাণিজ্যকে বৈধতা দেওয়ার নতুন কৌশল
text withheld: corpus licence does not permit redistribution,0,0.0,banglasarc,করোনা মানেই পদ্মাসেতু 🥸,করোনা মানেই পদ্মাসেতু 🥸
text withheld: corpus licence does not permit redistribution,0,0.0,banglasarc,কী এক অবস্থা! সমবেদনা টাও জানাতে কৃপণতা করে !! তারা আবার মন্ত্রী হয় কী করে!!!!,কী এক অবস্থা! সমবেদনা টাও জানাতে কৃপণতা করে !! তারা আবার মন্ত্রী হয় কী করে!!!!
text withheld: corpus licence does not permit redistribution,1,1.0,banglasarc,"তৃতীয় বিশ্বযুদ্ধের যে অস্ত্রের সাথে লড়াই করা হবে তা নিয়ে আমি জানি না, তবে চতুর্থ বিশ্বযুদ্ধের লাঠি এবং পাথর নিয়ে লড়াই করা হবে।","তৃতীয় বিশ্বযুদ্ধের যে অস্ত্রের সাথে লড়াই করা হবে তা নিয়ে আমি জানি না, তবে চতুর্থ বিশ্বযুদ্ধের লাঠি এবং পাথর নিয়ে লড়াই করা হবে।"
text withheld: corpus licence does not permit redistribution,0,0.0,banglasarc,নাস্তিকের চেয়ে মোনাফিক ভয়ংকর। ক্ষমা চাওয়ার চেয়ে না চাওয়াই ভালো ছিলো।অন্তত জানতাম আপনি মোনাফিক নন।,নাস্তিকের চেয়ে মোনাফিক ভয়ংকর। ক্ষমা চাওয়ার চেয়ে না চাওয়াই ভালো ছিলো।অন্তত জানতাম আপনি মোনাফিক নন।
text withheld: corpus licence does not permit redistribution,0,0.0,banglasarc,"তোর মতো কতো আবাল আসল আর গেলো। তোর মতো নরদমার কীট কে প্রমান দেয়া লাগবে আল্লাহ আছে কি নাই?? তোর মতো কীট দুনিয়াতে থাকলেই কি আর না থাকলেই কি??? সমাজে বিভেদ ৈতরি করে তোর মত নাস্তিকরা। যেহেতু তুই কোন ধরম মানিশ না, তোর সন্তানদের বলে যা মরার পরে তোর মৃত দেহ যাতে কবর না দেয়া হয়। সবচেয়ে ভাল সেটা কোন ডাস্টবিন এ ফেলে দেয়া। পচা গলা জিনিস ডাস্টবিন এই ভাল মানায়। বিয়ে যদি করে থাকিস, তাহলে করেছিস কোন রীতি নীতিতে?? তোর যে নামটা ওটাও তো মুসলিম নাম!!! নামটা পরিবর্তন করে রাখলি না কেন???","তোর মতো কতো আবাল আসল আর গেলো। তোর মতো নরদমার কীট কে প্রমান দেয়া লাগবে আল্লাহ আছে কি নাই?? তোর মতো কীট দুনিয়াতে থাকলেই কি আর না থাকলেই কি??? সমাজে বিভেদ ৈতরি করে তোর মত নাস্তিকরা। যেহেতু তুই কোন ধরম মানিশ না, তোর সন্তানদের বলে যা মরার পরে তোর মৃত দেহ যাতে কবর না দেয়া হয়। সবচেয়ে ভাল সেটা কোন ডাস্টবিন এ ফেলে দেয়া। পচা গলা জিনিস ডাস্টবিন এই ভাল মানায়। বিয়ে যদি করে থাকিস, তাহলে করেছিস কোন রীতি নীতিতে?? তোর যে নামটা ওটাও তো মুসলিম নাম!!! নামটা পরিবর্তন করে রাখলি না কেন???"
text withheld: corpus licence does not permit redistribution,0,0.0,banglasarc,"শিক্ষাখাত প্রকৃত শিক্ষিত ও আদর্শবান মানুষের হাতে নেই, নীতি-কৌশলের ক্ষমতাও নেই বলেই সবখানে এমন সিদ্ধান্ত নেওয়ার ভাবনা আসে","শিক্ষাখাত প্রকৃত শিক্ষিত ও আদর্শবান মানুষের হাতে নেই, নীতি-কৌশলের ক্ষমতাও নেই বলেই সবখানে এমন সিদ্ধান্ত নেওয়ার ভাবনা আসে"
text withheld: corpus licence does not permit redistribution,0,0.0,banglasarc,ইদানিং আমিও এই সমস্যায় আছি,ইদানিং আমিও এই সমস্যায় আছি
text withheld: corpus licence does not permit redistribution,0,0.0,banglasarc,ফসলের ক্ষতি না হলেও মানুষের ঘর-বাড়ি যে ভাসিয়ে নিয়ে গেছে তা-ও বিরাট ক্ষতি মন্ত্রী সাহেব!,ফসলের ক্ষতি না হলেও মানুষের ঘর-বাড়ি যে ভাসিয়ে নিয়ে গেছে তা-ও বিরাট ক্ষতি মন্ত্রী সাহেব!
text withheld: corpus licence does not permit redistribution,0,0.0,banglasarc,আজকে খুবই খারাপ অবস্থা সুনামগঞ্জের.... অনেক উচু উচু বাসা বাড়ির মধ্যেও পানি ডুকে যাচ্ছে.... 😥😥,আজকে খুবই খারাপ অবস্থা সুনামগঞ্জের.... অনেক উচু উচু বাসা বাড়ির মধ্যেও পানি ডুকে যাচ্ছে.... 😥😥
text withheld: corpus licence does not permit redistribution,0,0.0,banglasarc,ডাল ভাতের সাথে কোক!! সিরিয়াসলি ??,ডাল ভাতের সাথে কোক!! সিরিয়াসলি ??
text withheld: corpus licence does not permit redistribution,1,1.0,banglasarc,আপনি কখনই বুঝতে পারবেন না যতক্ষণ না আপনি একইভাবে কাজ করেন এমন একজন মিনি-আমাকে না হওয়া পর্যন্ত আপনি কতটা ব্যঙ্গাত্মক।,আপনি কখনই বুঝতে পারবেন না যতক্ষণ না আপনি একইভাবে কাজ করেন এমন একজন মিনি-আমাকে না হওয়া পর্যন্ত আপনি কতটা ব্যঙ্গাত্মক।
text withheld: corpus licence does not permit redistribution,1,1.0,banglasarc,আপনি যদি ব্যঙ্গাত্মক উত্তর না চান তবে একটি বোকা প্রশ্ন জিজ্ঞাসা করবেন না।,আপনি যদি ব্যঙ্গাত্মক উত্তর না চান তবে একটি বোকা প্রশ্ন জিজ্ঞাসা করবেন না।
text withheld: corpus licence does not permit redistribution,0,0.0,banglasarc,মাত্র শুরু হলো। দু'দিন পর এই গুজবটাই সত্য হয়ে যাবে। সত্য করার জন্য মিডিয়া তো আছেই।,মাত্র শুরু হলো। দু'দিন পর এই গুজবটাই সত্য হয়ে যাবে। সত্য করার জন্য মিডিয়া তো আছেই।
text withheld: corpus licence does not permit redistribution,0,0.0,banglasarc,যারা যারা লাইভে জয়েন করেছেন তাদের সকলকে অসংখ্য ধন্যবাদ,যারা যারা লাইভে জয়েন করেছেন তাদের সকলকে অসংখ্য ধন্যবাদ
text withheld: corpus licence does not permit redistribution,0,0.0,banglasarc,বিস্তারিত জানতে কল করুন ১৬২৫৫ নম্বরে অথবা আসুন আইএফআইসি ব্যাংক-এর যেকোনো শাখা বা উপশাখায়,বিস্তারিত জানতে কল করুন ১৬২৫৫ নম্বরে অথবা আসুন আইএফআইসি ব্যাংক-এর যেকোনো শাখা বা উপশাখায়
text withheld: corpus licence does not permit redistribution,1,1.0,banglasarc,"হাই, আমি মানুষ।তুমি কি কর?","হাই, আমি মানুষ।তুমি কি কর?"
text withheld: corpus licence does not permit redistribution,0,0.0,banglasarc,গুজব ছড়ানোদের অাইনের অাওতায় অানা প্রয়োজন ।,গুজব ছড়ানোদের অাইনের অাওতায় অানা প্রয়োজন ।
text withheld: corpus licence does not permit redistribution,0,0.0,banglasarc,এরা তো মরেই সাথে ঝুকিতে ফেলে রাস্তায় চলা সাধারণ যানবাহন ও মানুষদের!,এরা তো মরেই সাথে ঝুকিতে ফেলে রাস্তায় চলা সাধারণ যানবাহন ও মানুষদের!
text withheld: corpus licence does not permit redistribution,1,1.0,banglasarc,আপনি কেবল আপনার শেষ চুল কাটার মতোই ভাল।,আপনি কেবল আপনার শেষ চুল কাটার মতোই ভাল।
text withheld: corpus licence does not permit redistribution,0,0.0,banglasarc,সমস্ত নেতা কর্মীদের বিপ্লবী সালামও শ্রদ্ধা,সমস্ত নেতা কর্মীদের বিপ্লবী সালামও শ্রদ্ধা
text withheld: corpus licence does not permit redistribution,1,1.0,banglasarc,"আপনি যদি মনে করেন যে আপনি কোনও পার্থক্য করতে খুব ছোট, তবে একটি মশার সাথে ঘুমানোর চেষ্টা করুন।","আপনি যদি মনে করেন যে আপনি কোনও পার্থক্য করতে খুব ছোট, তবে একটি মশার সাথে ঘুমানোর চেষ্টা করুন।"
text withheld: corpus licence does not permit redistribution,0,0.0,banglasarc,"কে কার বাবা ও কার সন্তান হবে, সেটা জন্মের আগে কোনো রেস প্রতিযোগিতায় সিদ্ধান্ত হয়নি, সেই সিদ্ধান্তের ক্ষমতা সর্বময় স্রষ্টার।","কে কার বাবা ও কার সন্তান হবে, সেটা জন্মের আগে কোনো রেস প্রতিযোগিতায় সিদ্ধান্ত হয়নি, সেই সিদ্ধান্তের ক্ষমতা সর্বময় স্রষ্টার।"
text withheld: corpus licence does not permit redistribution,0,0.0,banglasarc,"নিরাপদ, নিরাপত্তা ২টাই চাই","নিরাপদ, নিরাপত্তা ২টাই চাই"
text withheld: corpus licence does not permit redistribution,0,0.0,banglasarc,"আমি তোমার লাইভ সব সময় দেখি, টাইম মিলাতে না পারলে, রেকডে ট লাইভ দেখি🌹🌹","আমি তোমার লাইভ সব সময় দেখি, টাইম মিলাতে না পারলে, রেকডে ট লাইভ দেখি🌹🌹"
text withheld: corpus licence does not permit redistribution,0,0.0,banglasarc,এক কথায় অসাধারণ💕,এক কথায় অসাধারণ💕
text withheld: corpus licence does not permit redistribution,0,0.0,banglasarc,এই পতিতা আবার কৈ থাইকা আমদানী হইল।এর বাপ মা কি নাস্তিক?,এই পতিতা আবার কৈ থাইকা আমদানী হইল।এর বাপ মা কি নাস্তিক?
text withheld: corpus licence does not permit redistribution,0,0.0,banglasarc,"বেঁচে থাকুক বন্ধুত্ব,","বেঁচে থাকুক বন্ধুত্ব,"
text withheld: corpus licence does not permit redistribution,1,1.0,banglasarc,মরসুমের 51 তম খেলা ... টরন্টোর ব্লু জেসের বিপক্ষে 28 শে মে।,মরসুমের 51 তম খেলা ... টরন্টোর ব্লু জেসের বিপক্ষে 28 শে মে।
text withheld: corpus licence does not permit redistribution,0,0.0,banglasarc,আল্লাহ ক্ষমাশীল। ভুল বুঝতে পেরে তওবা করলে ইনশাআল্লাহ পাপ মোচন করবেন। আল্লাহ আমাদের সবাইকে বুঝার তাওফিক দান করুন,আল্লাহ ক্ষমাশীল। ভুল বুঝতে পেরে তওবা করলে ইনশাআল্লাহ পাপ মোচন করবেন। আল্লাহ আমাদের সবাইকে বুঝার তাওফিক দান করুন
text withheld: corpus licence does not permit redistribution,1,1.0,banglasarc,আমি আপনাকে উপেক্ষা করার সময় দয়া করে আমাকে বাধা দেবেন না।,আমি আপনাকে উপেক্ষা করার সময় দয়া করে আমাকে বাধা দেবেন না।
text withheld: corpus licence does not permit redistribution,0,0.0,banglasarc,তোমার মনে মনে বলা কথাগুলো আমি সব বুঝতে পারছি!,তোমার মনে মনে বলা কথাগুলো আমি সব বুঝতে পারছি!
text withheld: corpus licence does not permit redistribution,0,0.0,banglasarc,তাঁকে আমাদের ডিপার্টমেন্টের শিক্ষক হিসেবে পেয়ে সত্যিই খুব ভালো লাগছে।,তাঁকে আমাদের ডিপার্টমেন্টের শিক্ষক হিসেবে পেয়ে সত্যিই খুব ভালো লাগছে।
text withheld: corpus licence does not permit redistribution,0,0.0,banglasarc,নির্বাচন কমিশনার গন সবাইকে বরখাস্ত করা হোক,নির্বাচন কমিশনার গন সবাইকে বরখাস্ত করা হোক
text withheld: corpus licence does not permit redistribution,0,0.0,banglasarc,ফেইসবুক ছাড়া আপনাদের আর কোথাও দেখা মেলেনা।,ফেইসবুক ছাড়া আপনাদের আর কোথাও দেখা মেলেনা।
text withheld: corpus licence does not permit redistribution,1,1.0,banglasarc,"আমাকে বলুন, বোকা হয়ে যাওয়া কি কোনও পেশা, নাকি আপনি কেবল প্রতিভাশালী?","আমাকে বলুন, বোকা হয়ে যাওয়া কি কোনও পেশা, নাকি আপনি কেবল প্রতিভাশালী?"
text withheld: corpus licence does not permit redistribution,0,0.0,banglasarc,"আপনি বললেন ""আমি যদি কোনো ভুল করে থাকি"" - মানে আপনি এখনো জানেন না বা সিউর নন যে কি ভুল করেছেন। তাহলে ক্ষমা চাচ্ছেন কেনো? কার কাছেই বা ক্ষমা চাচ্ছেন? যাকে দেখেননি, যার ফিজিক্যাল এক্সিসটেন্স নাই তার কাছে কেনোই বা ক্ষমা চাচ্ছেন? শোনেন, আল্লাহ অবশ্যই আপনাকে ক্ষমা করবেন, যদি আপনি মন থেকে অনুভব করেন যে আপনি যা বলেছেন ভুল করেছেন। ক্ষমা করার মালিক আল্লাহ, তার উপর ছেড়ে দেন।","আপনি বললেন ""আমি যদি কোনো ভুল করে থাকি"" - মানে আপনি এখনো জানেন না বা সিউর নন যে কি ভুল করেছেন। তাহলে ক্ষমা চাচ্ছেন কেনো? কার কাছেই বা ক্ষমা চাচ্ছেন? যাকে দেখেননি, যার ফিজিক্যাল এক্সিসটেন্স নাই তার কাছে কেনোই বা ক্ষমা চাচ্ছেন? শোনেন, আল্লাহ অবশ্যই আপনাকে ক্ষমা করবেন, যদি আপনি মন থেকে অনুভব করেন যে আপনি যা বলেছেন ভুল করেছেন। ক্ষমা করার মালিক আল্লাহ, তার উপর ছেড়ে দেন।"
text withheld: corpus licence does not permit redistribution,1,1.0,banglasarc,কখনও কখনও আমি আমার বিচক্ষণতা নিয়ে প্রশ্ন করি।মাঝে মাঝে এটি উত্তর দেয়,কখনও কখনও আমি আমার বিচক্ষণতা নিয়ে প্রশ্ন করি।মাঝে মাঝে এটি উত্তর দেয়
text withheld: corpus licence does not permit redistribution,1,1.0,banglasarc,"নিশ্চিত যে তারা চলে যেতে পারে, পরপর মাত্র 4 টি হারাবেন।","নিশ্চিত যে তারা চলে যেতে পারে, পরপর মাত্র 4 টি হারাবেন।"
text withheld: corpus licence does not permit redistribution,1,1.0,banglasarc,"ভাবেন, আমি বাচ্চাদের বিশ্বাস করি না।তারা আমাদের প্রতিস্থাপন করতে এখানে এসেছেন।","ভাবেন, আমি বাচ্চাদের বিশ্বাস করি না।তারা আমাদের প্রতিস্থাপন করতে এখানে এসেছেন।"
text withheld: corpus licence does not permit redistribution,1,1.0,banglasarc,আমি অর্থোপার্জনে আমার সময় নষ্ট করতে পারি না।,আমি অর্থোপার্জনে আমার সময় নষ্ট করতে পারি না।
text withheld: corpus licence does not permit redistribution,0,0.0,banglasarc,"হিরু আলম তুমি হলে রিয়েল হিরো, অনেক অনেক দোআ ও শুভ কামনা রইলো তোমার জন্য। এগিয়ে যাও","হিরু আলম তুমি হলে রিয়েল হিরো, অনেক অনেক দোআ ও শুভ কামনা রইলো তোমার জন্য। এগিয়ে যাও"
text withheld: corpus licence does not permit redistribution,0,0.0,banglasarc,"ধন্যবাদ হিরো আলম তুমি বাপের বেটা, জাহিদ খান একটা বেয়াদব হিরো কিভাবে যে ও হিরো হয় তার কোন বোধগম্য পাইলাম না, এবং পলিটিক্স করে এফডিসি শিল্পী সমিতির সাধারণ সম্পাদক পদটি দখল করে আছে। ওর কোন ছবি আছে যার পরিচয় দিয়ে ও এই পদ ক্যারি করতে পারে মিশা ভাই তোমার কথা আজীবন সদস্য হিসেবে ঘোষণা করে এখানেও জাহিদ খান পলিটিক্স করে মিশা ভাইকে দলে ঢুকিয়ে হিরো কে ও নাকি চিনে না, সারা বাংলা এপার-ওপার বৃদ্ধ-আবাল সবাই আলমরে চিনে আর কোথাকার কোন জাহিদ নাকি হিরো আলমকে চিনে না, ফকিন্নির পোলা বড় লোক হলে যায়, তার আর একটা নমুনা পাওয়া গেল জাহিদ খানের কথায়....","ধন্যবাদ হিরো আলম তুমি বাপের বেটা, জাহিদ খান একটা বেয়াদব হিরো কিভাবে যে ও হিরো হয় তার কোন বোধগম্য পাইলাম না, এবং পলিটিক্স করে এফডিসি শিল্পী সমিতির সাধারণ সম্পাদক পদটি দখল করে আছে। ওর কোন ছবি আছে যার পরিচয় দিয়ে ও এই পদ ক্যারি করতে পারে মিশা ভাই তোমার কথা আজীবন সদস্য হিসেবে ঘোষণা করে এখানেও জাহিদ খান পলিটিক্স করে মিশা ভাইকে দলে ঢুকিয়ে হিরো কে ও নাকি চিনে না, সারা বাংলা এপার-ওপার বৃদ্ধ-আবাল সবাই আলমরে চিনে আর কোথাকার কোন জাহিদ নাকি হিরো আলমকে চিনে না, ফকিন্নির পোলা বড় লোক হলে যায়, তার আর একটা নমুনা পাওয়া গেল জাহিদ খানের কথায়...."
text withheld: corpus licence does not permit redistribution,1,1.0,banglasarc,"একজন মানুষকে একটি মাছ দিন এবং সে একদিনের জন্য খাবে।কীভাবে মাছ ধরতে হবে তা শিখিয়ে দিন, এবং তিনি একটি নৌকায় বসে সারাদিন বিয়ার পান করবেন।","একজন মানুষকে একটি মাছ দিন এবং সে একদিনের জন্য খাবে।কীভাবে মাছ ধরতে হবে তা শিখিয়ে দিন, এবং তিনি একটি নৌকায় বসে সারাদিন বিয়ার পান করবেন।"
text withheld: corpus licence does not permit redistribution,1,1.0,banglasarc,"""আমার প্রিয় পার্টির কৌশলটি চলছে না।""","""আমার প্রিয় পার্টির কৌশলটি চলছে না।"""
text withheld: corpus licence does not permit redistribution,0,0.0,banglasarc,ইন্নালিল্লাহি ওয়া ইন্না ইলাইহি রাজিউন। আল্লাহ উনাকে বেহেস্ত নসিব করুক। আমিন।।,ইন্নালিল্লাহি ওয়া ইন্না ইলাইহি রাজিউন। আল্লাহ উনাকে বেহেস্ত নসিব করুক। আমিন।।
text withheld: corpus licence does not permit redistribution,1,1.0,banglasarc,আপনি অন্যান্য পরিকল্পনা তৈরিতে ব্যস্ত থাকাকালীন জীবন আপনার সাথে ঘটে,আপনি অন্যান্য পরিকল্পনা তৈরিতে ব্যস্ত থাকাকালীন জীবন আপনার সাথে ঘটে
text withheld: corpus licence does not permit redistribution,0,0.0,banglasarc,ভাই চাঁদ কোন দিকে উঠে?,ভাই চাঁদ কোন দিকে উঠে?
text withheld: corpus licence does not permit redistribution,0,0.0,banglasarc,যে যেভাবে ভালো থাকে তাকে সেভাবে থাকতে দেওয়াই ভালো।,যে যেভাবে ভালো থাকে তাকে সেভাবে থাকতে দেওয়াই ভালো।
text withheld: corpus licence does not permit redistribution,0,0.0,banglasarc,আমরা আল্লাহর কাছেই এর বিনিময় কামণা করি।,আমরা আল্লাহর কাছেই এর বিনিময় কামণা করি।
text withheld: corpus licence does not permit redistribution,0,0.0,banglasarc,সত্যিই কত মূল্যবান মতামত।।,সত্যিই কত মূল্যবান মতামত।।
text withheld: corpus licence does not permit redistribution,1,1.0,banglasarc,জীবন সংক্ষিপ্ত. যতদিন দাঁত আছে ততদিন হেসে নাও,জীবন সংক্ষিপ্ত. যতদিন দাঁত আছে ততদিন হেসে নাও
text withheld: corpus licence does not permit redistribution,0,0.0,banglasarc,ভালো লাগছে,ভালো লাগছে
text withheld: corpus licence does not permit redistribution,0,0.0,banglasarc,আল্লাহ মাফ করার মালিক,আল্লাহ মাফ করার মালিক
text withheld: corpus licence does not permit redistribution,0,0.0,banglasarc,অসাধারণ ভাই,অসাধারণ ভাই
text withheld: corpus licence does not permit redistribution,0,0.0,banglasarc,"বাংলাদেশে এই মুহূর্তে দুই তৃতীয়াংশ এলাকার বন্যা পরিস্থিতি অনেক ভয়াবহ রূপ নিয়েছে,মানুষের আহাজারিতে আকাশ বাতাস ভারী হয়ে গেছে","বাংলাদেশে এই মুহূর্তে দুই তৃতীয়াংশ এলাকার বন্যা পরিস্থিতি অনেক ভয়াবহ রূপ নিয়েছে,মানুষের আহাজারিতে আকাশ বাতাস ভারী হয়ে গেছে"
text withheld: corpus licence does not permit redistribution,1,1.0,banglasarc,আমি অনেক বিভিন্ন ধর্মে জাহান্নামে যাচ্ছি।,আমি অনেক বিভিন্ন ধর্মে জাহান্নামে যাচ্ছি।
text withheld: corpus licence does not permit redistribution,0,0.0,banglasarc,যে খাওয়া খাচ্ছ জামাইরে ফকির বানাইলা বা,যে খাওয়া খাচ্ছ জামাইরে ফকির বানাইলা বা
text withheld: corpus licence does not permit redistribution,0,0.0,banglasarc,"দেশের অর্থনৈতিক অগ্রগতিতে মেধা এবং অভিজ্ঞতা সততার সাথে কাজে লাগবেন, এটাই প্রত্যাশা।","দেশের অর্থনৈতিক অগ্রগতিতে মেধা এবং অভিজ্ঞতা সততার সাথে কাজে লাগবেন, এটাই প্রত্যাশা।"
text withheld: corpus licence does not permit redistribution,1,1.0,banglasarc,আমি অনুমান করছি যে লাইফ জ্যাকেটটি কেবল তার নৌকায় দুর্ঘটনা ঘটেছে এবং তাকে কোনওভাবে এ থেকে ফেলে দেওয়া হয়েছে এবং অচেতন অবস্থায় ছিটকে গেছে।,আমি অনুমান করছি যে লাইফ জ্যাকেটটি কেবল তার নৌকায় দুর্ঘটনা ঘটেছে এবং তাকে কোনওভাবে এ থেকে ফেলে দেওয়া হয়েছে এবং অচেতন অবস্থায় ছিটকে গেছে।
text withheld: corpus licence does not permit redistribution,0,0.0,banglasarc,আনফলো সাফা কাবির,আনফলো সাফা কাবির
text withheld: corpus licence does not permit redistribution,0,0.0,banglasarc,আর অনেক দূর দিতে হবে পাড়ি এগিয়ে যাও সমমুখ পানে,আর অনেক দূর দিতে হবে পাড়ি এগিয়ে যাও সমমুখ পানে
text withheld: corpus licence does not permit redistribution,0,0.0,banglasarc,"উনার মত একজন বীর যোদ্ধার মৃতকতে জাতি শোকাহত, উনার আত্মার মাগফেরাত কামনা করছি","উনার মত একজন বীর যোদ্ধার মৃতকতে জাতি শোকাহত, উনার আত্মার মাগফেরাত কামনা করছি"
text withheld: corpus licence does not permit redistribution,1,1.0,banglasarc,"আমি আমার সময়ে কিছু প্রিক্সের সাথে দেখা করেছি, তবে আপনি আমার বন্ধু, এফ..কিং ক্যাকটাস।","আমি আমার সময়ে কিছু প্রিক্সের সাথে দেখা করেছি, তবে আপনি আমার বন্ধু, এফ..কিং ক্যাকটাস।"
text withheld: corpus licence does not permit redistribution,0,0.0,banglasarc,কুত্তার ঘরে কি ঘোড়ার বাচ্চা আশা করা যায়?? মুরগী কবির এর জারজ এর কাছ থেকে এর চেয়ে আর কি আশা করা যায়?,কুত্তার ঘরে কি ঘোড়ার বাচ্চা আশা করা যায়?? মুরগী কবির এর জারজ এর কাছ থেকে এর চেয়ে আর কি আশা করা যায়?
text withheld: corpus licence does not permit redistribution,0,0.0,banglasarc,যাক সবাই পাল্টে....,যাক সবাই পাল্টে....
text withheld: corpus licence does not permit redistribution,1,1.0,banglasarc,থান্ডার আমাকে 830 এ জেগে উঠলে এটি ভালবাসুন,থান্ডার আমাকে 830 এ জেগে উঠলে এটি ভালবাসুন
text withheld: corpus licence does not permit redistribution,0,0.0,banglasarc,"আল্লাহ আপনাকে সুস্থ রাখুন, আরো সম্পদ দান করুন যাতে আরো মানুষের কল্যানে কাজ করতে পারেন","আল্লাহ আপনাকে সুস্থ রাখুন, আরো সম্পদ দান করুন যাতে আরো মানুষের কল্যানে কাজ করতে পারেন"
text withheld: corpus licence does not permit redistribution,1,1.0,banglasarc,আপনি যদি ভূতকে বিশ্বাস না করেন তবে আপনি কখনও পারিবারিক পুনর্মিলনে যাননি,আপনি যদি ভূতকে বিশ্বাস না করেন তবে আপনি কখনও পারিবারিক পুনর্মিলনে যাননি
text withheld: corpus licence does not permit redistribution,1,1.0,banglasarc,"আমার আত্মার সহকর্মী কোথাও বাইরে আছে, একটি টান দরজাটি চাপছে।আমি শুধু এটা জানি।","আমার আত্মার সহকর্মী কোথাও বাইরে আছে, একটি টান দরজাটি চাপছে।আমি শুধু এটা জানি।"
text withheld: corpus licence does not permit redistribution,1,1.0,banglasarc,ব্যাকরণআপনার বিষ্ঠা জানার এবং আপনি বিষ্ঠা জেনে থাকার মধ্যে পার্থক্য।,ব্যাকরণআপনার বিষ্ঠা জানার এবং আপনি বিষ্ঠা জেনে থাকার মধ্যে পার্থক্য।
text withheld: corpus licence does not permit redistribution,0,0.0,banglasarc,যেদিন ধর্ম নিয়ে বাড়াবাড়ি বন্ধ হবে। সেদিন আল্লাহ মাফ করবে। তার আগে নয়।,যেদিন ধর্ম নিয়ে বাড়াবাড়ি বন্ধ হবে। সেদিন আল্লাহ মাফ করবে। তার আগে নয়।
text withheld: corpus licence does not permit redistribution,0,0.0,banglasarc,ছেলেটাকে ভালো লাগে অনেক,ছেলেটাকে ভালো লাগে অনেক
text withheld: corpus licence does not permit redistribution,1,1.0,banglasarc,আমি কটাক্ষ ভালবাসি।এটি মুখে লোককে ঘুষি দেওয়ার মতো তবে শব্দের সাথে,আমি কটাক্ষ ভালবাসি।এটি মুখে লোককে ঘুষি দেওয়ার মতো তবে শব্দের সাথে
text withheld: corpus licence does not permit redistribution,1,1.0,banglasarc,জীবন একটি যৌন সংক্রামিত রোগ।,জীবন একটি যৌন সংক্রামিত রোগ।
text withheld: corpus licence does not permit redistribution,0,0.0,banglasarc,শুভ জন্মদিন আমার বাংলাদেশ। জয় বাংলা।,শুভ জন্মদিন আমার বাংলাদেশ। জয় বাংলা।
text withheld: corpus licence does not permit redistribution,1,1.0,banglasarc,আমি যখন একা ছিলাম তখন আমার পক্ষ ছেড়ে যাওয়ার জন্য আপনাকে ধন্যবাদ।আমি বুঝতে পেরেছি আমি তোমাকে ছাড়া অনেক কিছু করতে পারি।,আমি যখন একা ছিলাম তখন আমার পক্ষ ছেড়ে যাওয়ার জন্য আপনাকে ধন্যবাদ।আমি বুঝতে পেরেছি আমি তোমাকে ছাড়া অনেক কিছু করতে পারি।
text withheld: corpus licence does not permit redistribution,0,0.0,banglasarc,"আমার ধারণা নাস্তিকতা তুলনা মুলক ধনী ও কিছুটা মেধাবী তরুণদের একটি একটি হাল ফ্যাশন।হয়তো তারা কোনো একটা কাঙ্খিত কিছু না পেয়ে মন খারাপ করে স্রষ্টা বিরোধী হয়েছেনঅথবা সামর্থানুযায়ী ভোগের ক্ষেত্রে স্থানীয় ধর্মীয় বাধা পেয়ে তা থেকে দূরে থাকার উদ্দেশ্য নাস্তিকতা প্রকাশ করেছেন।তবে আমি মনে করি চিন্তার কোনো কারণ নেই, এরা যখন এমন কোনো বিপদে পরবে যার সমাধান তাদের ধারন ক্ষমতার বাইরে, তখনই তারা আবার স্রষ্টার শক্তি স্বীকার করে ধর্মে ফিরে আসবে। কেবল কিছু দিনের অপেক্ষা আর কি।","আমার ধারণা নাস্তিকতা তুলনা মুলক ধনী ও কিছুটা মেধাবী তরুণদের একটি একটি হাল ফ্যাশন।হয়তো তারা কোনো একটা কাঙ্খিত কিছু না পেয়ে মন খারাপ করে স্রষ্টা বিরোধী হয়েছেনঅথবা সামর্থানুযায়ী ভোগের ক্ষেত্রে স্থানীয় ধর্মীয় বাধা পেয়ে তা থেকে দূরে থাকার উদ্দেশ্য নাস্তিকতা প্রকাশ করেছেন।তবে আমি মনে করি চিন্তার কোনো কারণ নেই, এরা যখন এমন কোনো বিপদে পরবে যার সমাধান তাদের ধারন ক্ষমতার বাইরে, তখনই তারা আবার স্রষ্টার শক্তি স্বীকার করে ধর্মে ফিরে আসবে। কেবল কিছু দিনের অপেক্ষা আর কি।"
text withheld: corpus licence does not permit redistribution,1,1.0,banglasarc,যুদ্ধ আমেরিকানদের ভূগোল শেখানোর god শ্বরের উপায়,যুদ্ধ আমেরিকানদের ভূগোল শেখানোর god শ্বরের উপায়
text withheld: corpus licence does not permit redistribution,0,0.0,banglasarc,নামে নয় কাজে বিশ্বাসী জয় বাংলা,নামে নয় কাজে বিশ্বাসী জয় বাংলা
text withheld: corpus licence does not permit redistribution,1,1.0,banglasarc,"আমি বলিনি যে এটি আপনার দোষ ছিল, আমি বলেছিলাম আমি আপনাকে দোষ দিচ্ছি।","আমি বলিনি যে এটি আপনার দোষ ছিল, আমি বলেছিলাম আমি আপনাকে দোষ দিচ্ছি।"
text withheld: corpus licence does not permit redistribution,0,0.0,banglasarc,বাংলাদেশে আফগানিস্থাানের মতো মুসলিম শাসন হলে এদেশের সাংবাদিক খাবার বিক্রি করেও ভাত পাবে না। কারণ এদেশের বেশির ভাগ সাংবাদিক পুলিশের চেয়েও খারাপ।,বাংলাদেশে আফগানিস্থাানের মতো মুসলিম শাসন হলে এদেশের সাংবাদিক খাবার বিক্রি করেও ভাত পাবে না। কারণ এদেশের বেশির ভাগ সাংবাদিক পুলিশের চেয়েও খারাপ।
text withheld: corpus licence does not permit redistribution,0,0.0,banglasarc,"শাকিব খান , এই মহিলাকে দেশের 90% দর্শক অপছন্দ করে । যেসব মহিলারা অন্যদের সংসার ধংস করে এদেরকে ইংরেজীতে বলে home wreckers.এদের কেউ দেখতে পারেনা .এই কুফা মহিলার জন্য এখন তোমার ঈদের ছবি নিয়ে struggle করতে হচ্ছে ।এই নাকফাটা মহিলা নিজেকে ঈদের নায়িকা দাবী করত তোমার উপর ভর করে , এতে অন্য qualified নায়িকাদের বদদোয়া লাগছে তোমার ঊপর ।personal relationship এর ঊপর ভিত্তি করে কাউকে too much সুযোগ দেওয়া totally injustice.conflict of interest.god hates injustice.","শাকিব খান , এই মহিলাকে দেশের 90% দর্শক অপছন্দ করে । যেসব মহিলারা অন্যদের সংসার ধংস করে এদেরকে ইংরেজীতে বলে home wreckers.এদের কেউ দেখতে পারেনা .এই কুফা মহিলার জন্য এখন তোমার ঈদের ছবি নিয়ে struggle করতে হচ্ছে ।এই নাকফাটা মহিলা নিজেকে ঈদের নায়িকা দাবী করত তোমার উপর ভর করে , এতে অন্য qualified নায়িকাদের বদদোয়া লাগছে তোমার ঊপর ।personal relationship এর ঊপর ভিত্তি করে কাউকে too much সুযোগ দেওয়া totally injustice.conflict of interest.god hates injustice."
text withheld: corpus licence does not permit redistribution,0,0.0,banglasarc,এগুলো না দেখিয়ে সিলেট বাসির জন্য দোয়া করেন।।,এগুলো না দেখিয়ে সিলেট বাসির জন্য দোয়া করেন।।
text withheld: corpus licence does not permit redistribution,0,0.0,banglasarc,নিজেকে ভালো রাখতে হলে এটাই দরকার,নিজেকে ভালো রাখতে হলে এটাই দরকার
text withheld: corpus licence does not permit redistribution,0,0.0,banglasarc,আমিও বিশ্ব ঘুরবো ইনশাআল্লাহ,আমিও বিশ্ব ঘুরবো ইনশাআল্লাহ
text withheld: corpus licence does not permit redistribution,1,1.0,banglasarc,আমার পরিবার ডাঃ ফিলকে একজন চিকিত্সক প্রয়োজন।,আমার পরিবার ডাঃ ফিলকে একজন চিকিত্সক প্রয়োজন।
text withheld: corpus licence does not permit redistribution,0,0.0,banglasarc,"আমার যদি টাকা থাকতো, আমি এজে এর মতো হতাম","আমার যদি টাকা থাকতো, আমি এজে এর মতো হতাম"
text withheld: corpus licence does not permit redistribution,1,1.0,banglasarc,আমি কি এমন ধরণের ব্যক্তির মতো দেখি যিনি ছাগলকে পিন কুশনে পরিণত করার সময় নষ্ট করেন?,আমি কি এমন ধরণের ব্যক্তির মতো দেখি যিনি ছাগলকে পিন কুশনে পরিণত করার সময় নষ্ট করেন?
text withheld: corpus licence does not permit redistribution,1,1.0,banglasarc,"""আমার জীবন স্ন্যাকস দ্বারা পৃথক করা বিশ্রী এবং অপমানজনক মুহুর্তগুলির একটি সিরিজ।""","""আমার জীবন স্ন্যাকস দ্বারা পৃথক করা বিশ্রী এবং অপমানজনক মুহুর্তগুলির একটি সিরিজ।"""
text withheld: corpus licence does not permit redistribution,1,1.0,banglasarc,"""আমি নির্দেশাবলী নিয়ে এসে গেলেও আপনি আমাকে পরিচালনা করতে পারবেন না।""","""আমি নির্দেশাবলী নিয়ে এসে গেলেও আপনি আমাকে পরিচালনা করতে পারবেন না।"""
text withheld: corpus licence does not permit redistribution,0,0.0,banglasarc,কথাটা হয়তো সঠিক কিন্তু সবার ক্ষেত্রে এক নাও হতে পারে কারণ সবার চিন্তা ভাবনা এক নয়,কথাটা হয়তো সঠিক কিন্তু সবার ক্ষেত্রে এক নাও হতে পারে কারণ সবার চিন্তা ভাবনা এক নয়
text withheld: corpus licence does not permit redistribution,0,0.0,banglasarc,ভালো ছিলো। তবে ভাবছিলাম বইটা আরো মোটা হবে।,ভালো ছিলো। তবে ভাবছিলাম বইটা আরো মোটা হবে।
text withheld: corpus licence does not permit redistribution,1,1.0,banglasarc,বিশ্বাস করতে পারি না এটি দেখতে আমাকে এ পর্যন্ত স্ক্রোল করতে হয়েছিল,বিশ্বাস করতে পারি না এটি দেখতে আমাকে এ পর্যন্ত স্ক্রোল করতে হয়েছিল
text withheld: corpus licence does not permit redistribution,0,0.0,banglasarc,সিলেটের বন্যা ২০০৪ ও ১৯৮৮ সালের বন্যাকেও ছাড়িয়ে গেছে।,সিলেটের বন্যা ২০০৪ ও ১৯৮৮ সালের বন্যাকেও ছাড়িয়ে গেছে।
text withheld: corpus licence does not permit redistribution,0,0.0,banglasarc,"এই দালালের বাচ্চারা টিক টক ভিডিও দেখসনা কার কন্ঠ কার লগে, কার মাথা কার বুকে রাখা যায়।ফাওল,জালিমের দালাল কোথাকার জানি কোন হেনকার।","এই দালালের বাচ্চারা টিক টক ভিডিও দেখসনা কার কন্ঠ কার লগে, কার মাথা কার বুকে রাখা যায়।ফাওল,জালিমের দালাল কোথাকার জানি কোন হেনকার।"
text withheld: corpus licence does not permit redistribution,1,1.0,banglasarc,"অপূর্ণতা সৌন্দর্য, উন্মাদনা প্রতিভা এবং একেবারে বিরক্তিকর চেয়ে একেবারে হাস্যকর হওয়া ভাল।","অপূর্ণতা সৌন্দর্য, উন্মাদনা প্রতিভা এবং একেবারে বিরক্তিকর চেয়ে একেবারে হাস্যকর হওয়া ভাল।"
text withheld: corpus licence does not permit redistribution,1,1.0,banglasarc,আপনার বাচ্চাদের ট্যাক্স সম্পর্কে শেখানোর সর্বোত্তম উপায় হ'ল তাদের আইসক্রিমের 30 শতাংশ খাওয়া।,আপনার বাচ্চাদের ট্যাক্স সম্পর্কে শেখানোর সর্বোত্তম উপায় হ'ল তাদের আইসক্রিমের 30 শতাংশ খাওয়া।
text withheld: corpus licence does not permit redistribution,1,1.0,banglasarc,"কিছু দিন আপনি কবুতর, এবং কিছু দিন আপনি মূর্তি","কিছু দিন আপনি কবুতর, এবং কিছু দিন আপনি মূর্তি"
text withheld: corpus licence does not permit redistribution,0,0.0,banglasarc,আমিন,আমিন
text withheld: corpus licence does not permit redistribution,1,1.0,banglasarc,আমি ভাগ্যে বিশ্বাস করি: আপনি যাদের পছন্দ করেন না তাদের সাফল্য কীভাবে ব্যাখ্যা করতে পারেন?,আমি ভাগ্যে বিশ্বাস করি: আপনি যাদের পছন্দ করেন না তাদের সাফল্য কীভাবে ব্যাখ্যা করতে পারেন?
text withheld: corpus licence does not permit redistribution,0,0.0,banglasarc,"একজন বলেছিল ছাগলকে দিয়ে হাল চাষ হয় না । কথা আসলে কি, এতদিন বুঝতে না পারলে ও , আজ ঠিক বুঝতে পেরেছি ।","একজন বলেছিল ছাগলকে দিয়ে হাল চাষ হয় না । কথা আসলে কি, এতদিন বুঝতে না পারলে ও , আজ ঠিক বুঝতে পেরেছি ।"
text withheld: corpus licence does not permit redistribution,1,1.0,banglasarc,ইতিহাস আমাদের শিখিয়েছে যে পুরুষ এবং জাতিগুলি অন্য সমস্ত বিকল্পগুলি শেষ করে দেওয়ার পরে বুদ্ধিমানের সাথে আচরণ করে।,ইতিহাস আমাদের শিখিয়েছে যে পুরুষ এবং জাতিগুলি অন্য সমস্ত বিকল্পগুলি শেষ করে দেওয়ার পরে বুদ্ধিমানের সাথে আচরণ করে।
text withheld: corpus licence does not permit redistribution,1,1.0,banglasarc,আপনার পরিবারকে এত ভাল করেই জেনে রাখা হয়েছে যে আপনি তাদের পদক্ষেপের শব্দে কে আসছেন তা আপনি তৈরি করতে পারেন,আপনার পরিবারকে এত ভাল করেই জেনে রাখা হয়েছে যে আপনি তাদের পদক্ষেপের শব্দে কে আসছেন তা আপনি তৈরি করতে পারেন
text withheld: corpus licence does not permit redistribution,0,0.0,banglasarc,পিংক কালারের চান্দ মামা 👀,পিংক কালারের চান্দ মামা 👀
text withheld: corpus licence does not permit redistribution,1,1.0,banglasarc,যদি কিছু ভুল হতে পারে তবে তা হবে।,যদি কিছু ভুল হতে পারে তবে তা হবে।
text withheld: corpus licence does not permit redistribution,0,0.0,banglasarc,দোয়া করি এমনই থাকেন,দোয়া করি এমনই থাকেন
text withheld: corpus licence does not permit redistribution,1,1.0,banglasarc,আপনি ভাল আকারে থাকবেন ... যদি আপনি আপনার মুখের মতো দৌড়ে যান।,আপনি ভাল আকারে থাকবেন ... যদি আপনি আপনার মুখের মতো দৌড়ে যান।
text withheld: corpus licence does not permit redistribution,1,1.0,banglasarc,যে কেউ তাদের অবাক করে না বলে আমাদের অফিসে কাজ করার চেষ্টা করা উচিত।,যে কেউ তাদের অবাক করে না বলে আমাদের অফিসে কাজ করার চেষ্টা করা উচিত।
text withheld: corpus licence does not permit redistribution,1,1.0,banglasarc,একটি কালো ভেড়া ছাড়া একটি পরিবার একটি সাধারণ পরিবার নয়।,একটি কালো ভেড়া ছাড়া একটি পরিবার একটি সাধারণ পরিবার নয়।
text withheld: corpus licence does not permit redistribution,0,0.0,banglasarc,মাত্র ৫ মাসেই যে অবস্থা শুরু হয়েছে আবার বছরের পর বছর?,মাত্র ৫ মাসেই যে অবস্থা শুরু হয়েছে আবার বছরের পর বছর?
text withheld: corpus licence does not permit redistribution,1,1.0,banglasarc,আমি পাগল নই!কণ্ঠস্বর আমাকে বলে আমি পুরোপুরি বুদ্ধিমান,আমি পাগল নই!কণ্ঠস্বর আমাকে বলে আমি পুরোপুরি বুদ্ধিমান
text withheld: corpus licence does not permit redistribution,0,0.0,banglasarc,নুনু,নুনু
text withheld: corpus licence does not permit redistribution,0,0.0,banglasarc,"আমাদের অফিসের ঠিকানাঃ নতুন জুরাইন, পোস্তগোলা, আলমবাগ, ঢাকা- ১২০৪","আমাদের অফিসের ঠিকানাঃ নতুন জুরাইন, পোস্তগোলা, আলমবাগ, ঢাকা- ১২০৪"
text withheld: corpus licence does not permit redistribution,0,0.0,banglasarc,দোয়া রইল,দোয়া রইল
text withheld: corpus licence does not permit redistribution,0,0.0,banglasarc,কত কিছু দেখে বিশ্বাস করেছো তুমি? তুমি যাকে বাবা বলে মানছো তুমি কি সিওর সে ই তোমার বাবা? শোন সব দেখে বিশ্বাস করা যায়না। কিছু জিনিস অদৃশ্যেই বিশ্বাস করতে হয়। এটাই নিয়ম। আশা করছি তুমি তোমার ভুল বুঝতে পারবে।,কত কিছু দেখে বিশ্বাস করেছো তুমি? তুমি যাকে বাবা বলে মানছো তুমি কি সিওর সে ই তোমার বাবা? শোন সব দেখে বিশ্বাস করা যায়না। কিছু জিনিস অদৃশ্যেই বিশ্বাস করতে হয়। এটাই নিয়ম। আশা করছি তুমি তোমার ভুল বুঝতে পারবে।
text withheld: corpus licence does not permit redistribution,0,0.0,banglasarc,"এত সহজে কিভাবে ট্রিগারড হয় মানুষ বুঝিনা।আমার নিজের লাইক ই দেওয়া নাই এই পেজে। এসব অভিনেত্রী কোন ক্লাস এর ই না৷ অথচ আপনারাই এদেরকে মাথায় তোলেন, আবার সে স্বাধীন গনতান্ত্রিক দেশে একটা কথা বলেছে যে কথায় সে কোনো ধরম কে অপমান করেনি, সেখানে কেন আপনারা গালাগালি করছেন বুঝিনা।আপনাদের জন্য ই ধরমের বদনাম হয়। আপনাদের জন্য ই আমার নাস্তিক বন্ধু আমাকে মেসেজ দিতে পারে এই বলে যে, দেখো তোমার মুমিন ভাই দের কাজ সাফার পেজ এ যায়া।।৷ রেখেছ বাংগালী করে মাগো, মানুষ করতে পারোনি","এত সহজে কিভাবে ট্রিগারড হয় মানুষ বুঝিনা।আমার নিজের লাইক ই দেওয়া নাই এই পেজে। এসব অভিনেত্রী কোন ক্লাস এর ই না৷ অথচ আপনারাই এদেরকে মাথায় তোলেন, আবার সে স্বাধীন গনতান্ত্রিক দেশে একটা কথা বলেছে যে কথায় সে কোনো ধরম কে অপমান করেনি, সেখানে কেন আপনারা গালাগালি করছেন বুঝিনা।আপনাদের জন্য ই ধরমের বদনাম হয়। আপনাদের জন্য ই আমার নাস্তিক বন্ধু আমাকে মেসেজ দিতে পারে এই বলে যে, দেখো তোমার মুমিন ভাই দের কাজ সাফার পেজ এ যায়া।।৷ রেখেছ বাংগালী করে মাগো, মানুষ করতে পারোনি"
text withheld: corpus licence does not permit redistribution,0,0.0,banglasarc,এছাড়াও অনলাইনে অর্ডার করতে ক্লিক করুন:,এছাড়াও অনলাইনে অর্ডার করতে ক্লিক করুন:
text withheld: corpus licence does not permit redistribution,0,0.0,banglasarc,"একদিন আম ফুরিয়ে যাবে,গোলাপ শুকিয়ে যাবে। খাটি সরিষার তেল সেটা তো রয়ে যাবে।","একদিন আম ফুরিয়ে যাবে,গোলাপ শুকিয়ে যাবে। খাটি সরিষার তেল সেটা তো রয়ে যাবে।"
text withheld: corpus licence does not permit redistribution,0,0.0,banglasarc,এত সুন্দর লাগে,এত সুন্দর লাগে
text withheld: corpus licence does not permit redistribution,0,0.0,banglasarc,বিশাল হাওরে ছাত্রলীগ/যুবলীগ কে নিয়ে কৃষকের ধান কেটে দিচ্ছেন রাষ্ট্রপতি পুত্র মাননীয় সংসদ সদস্য জননেতা রেজয়ান আহমেদ য়ারেক ভাই ❤️,বিশাল হাওরে ছাত্রলীগ/যুবলীগ কে নিয়ে কৃষকের ধান কেটে দিচ্ছেন রাষ্ট্রপতি পুত্র মাননীয় সংসদ সদস্য জননেতা রেজয়ান আহমেদ য়ারেক ভাই ❤️
text withheld: corpus licence does not permit redistribution,1,1.0,banglasarc,আমি ভেবেছিলাম আমি বোকা পিনাকল দেখেছি ... তখন আমি তোমার সাথে দেখা করেছি।,আমি ভেবেছিলাম আমি বোকা পিনাকল দেখেছি ... তখন আমি তোমার সাথে দেখা করেছি।
text withheld: corpus licence does not permit redistribution,0,0.0,banglasarc,"দিনরাত কষ্ট করে খেয়ে না খেয়ে অনেক গরিব মানুষ গরু মোটাতাজা করে, কিন্তু এবার বন্যায় দাম পড়ে যাবে!","দিনরাত কষ্ট করে খেয়ে না খেয়ে অনেক গরিব মানুষ গরু মোটাতাজা করে, কিন্তু এবার বন্যায় দাম পড়ে যাবে!"
text withheld: corpus licence does not permit redistribution,1,1.0,banglasarc,হ্যাঁ তবে তারা বাদামি মানুষ তাই তাদের প্রতি সহানুভূতি করা আরও কঠিন,হ্যাঁ তবে তারা বাদামি মানুষ তাই তাদের প্রতি সহানুভূতি করা আরও কঠিন
text withheld: corpus licence does not permit redistribution,0,0.0,banglasarc,সাথে থাকুন আরো খবর জানতে,সাথে থাকুন আরো খবর জানতে
text withheld: corpus licence does not permit redistribution,0,0.0,banglasarc,তুমি তাকালেই হয়ে যাই বোকা,তুমি তাকালেই হয়ে যাই বোকা
text withheld: corpus licence does not permit redistribution,1,1.0,banglasarc,"""আপনি আমাকে পছন্দ না করলে ঠিক আছে।সবার ভাল স্বাদ নেই। ""","""আপনি আমাকে পছন্দ না করলে ঠিক আছে।সবার ভাল স্বাদ নেই। """
text withheld: corpus licence does not permit redistribution,0,0.0,banglasarc,"কোভিড যেহেতু হয়েছিল, তুমি খাবার টা একটু বেশি করেই খাও","কোভিড যেহেতু হয়েছিল, তুমি খাবার টা একটু বেশি করেই খাও"
text withheld: corpus licence does not permit redistribution,0,0.0,banglasarc,নাটকের জন্য শেষের টা কি খুব দরকার ছিল।,নাটকের জন্য শেষের টা কি খুব দরকার ছিল।
text withheld: corpus licence does not permit redistribution,0,0.0,banglasarc,তাহলে তো আল্লাহর সৃষ্টিকর্তাও থাকতে হয়?,তাহলে তো আল্লাহর সৃষ্টিকর্তাও থাকতে হয়?
text withheld: corpus licence does not permit redistribution,0,0.0,banglasarc,সালাম জানাই তাদের,সালাম জানাই তাদের
text withheld: corpus licence does not permit redistribution,0,0.0,banglasarc,আমার কাছে কুরআানের সবচেয়ে কষ্টদায়ক আয়াত হলো সূরা কাসাস,আমার কাছে কুরআানের সবচেয়ে কষ্টদায়ক আয়াত হলো সূরা কাসাস
text withheld: corpus licence does not permit redistribution,1,1.0,banglasarc,"""আমার মুখের ভাবগুলি কীভাবে তাদের কণ্ঠের ভিতরে ব্যবহার করতে হবে তা শিখিয়ে দেওয়া দরকার” ""","""আমার মুখের ভাবগুলি কীভাবে তাদের কণ্ঠের ভিতরে ব্যবহার করতে হবে তা শিখিয়ে দেওয়া দরকার” """
text withheld: corpus licence does not permit redistribution,0,0.0,banglasarc,অটুট থাকুক ভালোবাসা,অটুট থাকুক ভালোবাসা
text withheld: corpus licence does not permit redistribution,0,0.0,banglasarc,জি বলেন ভাই। মিনি মাম এক কেজি ময়দা মুখে মেখে রাখছে। আর আপনি বললেন উইদাউট মেকাপ!!!,জি বলেন ভাই। মিনি মাম এক কেজি ময়দা মুখে মেখে রাখছে। আর আপনি বললেন উইদাউট মেকাপ!!!
text withheld: corpus licence does not permit redistribution,0,0.0,banglasarc,হিরো আলমের সাথে যোগাযোগ কর,হিরো আলমের সাথে যোগাযোগ কর
text withheld: corpus licence does not permit redistribution,1,1.0,banglasarc,জীবনের একমাত্র রহস্য হ'ল কামিকাজে পাইলটরা হেলমেট পরেছিলেন।,জীবনের একমাত্র রহস্য হ'ল কামিকাজে পাইলটরা হেলমেট পরেছিলেন।
text withheld: corpus licence does not permit redistribution,0,0.0,banglasarc,কিছু একটা করেন?,কিছু একটা করেন?
text withheld: corpus licence does not permit redistribution,0,0.0,banglasarc,ওরে জুতা দিয়ে পিটান...,ওরে জুতা দিয়ে পিটান...
text withheld: corpus licence does not permit redistribution,1,1.0,banglasarc,এমন কিছু লোক আছেন যারা আপনার জীবনে এসে ভান করে যে তারা আপনাকে কেবল ভালবাসে কারণ তাদের আপনার প্রয়োজন।,এমন কিছু লোক আছেন যারা আপনার জীবনে এসে ভান করে যে তারা আপনাকে কেবল ভালবাসে কারণ তাদের আপনার প্রয়োজন।
text withheld: corpus licence does not permit redistribution,0,0.0,banglasarc,রাতের আধারে ঘুমের মধ্যে বেড়ে চলছে পানি। ভাসিয়ে নিয়ে যাচ্ছে সবকিছু।,রাতের আধারে ঘুমের মধ্যে বেড়ে চলছে পানি। ভাসিয়ে নিয়ে যাচ্ছে সবকিছু।
text withheld: corpus licence does not permit redistribution,0,0.0,banglasarc,"ভাইজান দেশের জন্য কিছু করেন,, জনগন মনে রাখবে","ভাইজান দেশের জন্য কিছু করেন,, জনগন মনে রাখবে"
text withheld: corpus licence does not permit redistribution,0,0.0,banglasarc,দেশে সংবাদের কী আকাল পড়ছে?,দেশে সংবাদের কী আকাল পড়ছে?
text withheld: corpus licence does not permit redistribution,0,0.0,banglasarc,"এসব কুতর্ক ছাড়ুন। ধর্ম হলো বিশ্বাসের ব্যাপার। কোনো যুক্তি বা বিজ্ঞান দিয়ে ধর্ম বিশ্বাস তৈরি করতে পারবেন না কিংবা সে বিশ্বাসকে বাঁচাতেও পারবেনা। যেমন, আপনি পিতার পরিচয় নিয়ে যে কুযুক্তি দিলেন — তার পাল্টা কুযুক্তি হলো — ডিএনএ পরীক্ষা করে আপনি পিতার পরিচয় নিশ্চিত হতে পারবেন। কিন্তু পরকালের ব্যাপারে নিশ্চিত হওয়ার জন্য এমন কোনো পরীক্ষা আছে কি? যিনি বিশ্বাস করেন এবং যিনি করেন না — কারো জন্যই নেই। তাই এধরনের বাজে তর্ক করে সময় এবং শক্তির অপচয় না করাই ভালো।","এসব কুতর্ক ছাড়ুন। ধর্ম হলো বিশ্বাসের ব্যাপার। কোনো যুক্তি বা বিজ্ঞান দিয়ে ধর্ম বিশ্বাস তৈরি করতে পারবেন না কিংবা সে বিশ্বাসকে বাঁচাতেও পারবেনা। যেমন, আপনি পিতার পরিচয় নিয়ে যে কুযুক্তি দিলেন — তার পাল্টা কুযুক্তি হলো — ডিএনএ পরীক্ষা করে আপনি পিতার পরিচয় নিশ্চিত হতে পারবেন। কিন্তু পরকালের ব্যাপারে নিশ্চিত হওয়ার জন্য এমন কোনো পরীক্ষা আছে কি? যিনি বিশ্বাস করেন এবং যিনি করেন না — কারো জন্যই নেই। তাই এধরনের বাজে তর্ক করে সময় এবং শক্তির অপচয় না করাই ভালো।"
text withheld: corpus licence does not permit redistribution,0,0.0,banglasarc,"নাস্তিক/আস্তিক যে যাই হোক,ফেবুতে এসে সবাই সাফা কবিরকে,ভইরা গালি-গালাজ কইরা দো-জাহানের অশেষ সওয়াব হাসিল করবার চাইতেসেন,আর মনে মনে পুলকিত হইতেসেন,""কি এক বিশাল সওয়াবের কাজ করলাম...মনে সুপ্ত বাসনা,আল্লাহ যে কোন ভাল কাজের বিনিময়ে,আল্লাহ ইচ্ছা করলে জান্নাত দিবেন,যদি এটাকেও ভালো কাজ হিসেবে ধরা হয়...তাইলেই কেল্লা ফতে""জীবনে তো পাপ কম করি নাই.. ভাই/বইন, থামেন,কুরআনের ছোট একটা সুরা,""সুরা কাফিরুনের"" বাংলা অনুবাদ পইড়েন,আর ইসলাম ধর্মতে কোথায় গালি দিয়া সুপথে আনার কথা বলা আসে,এটাও বইলেন....আল্লাহ আমাদের সবাইকে সঠিকভাবে পড়াশোনা করে(authentic source...সালমান রুশদীর source না ;) ) জেনে ইসলাম চর্চা করার,আর মানুষকে ইসলামের দিকে সহিহ ভাবে দাওয়াতের তৌফিক দান করুন,আমিন....","নাস্তিক/আস্তিক যে যাই হোক,ফেবুতে এসে সবাই সাফা কবিরকে,ভইরা গালি-গালাজ কইরা দো-জাহানের অশেষ সওয়াব হাসিল করবার চাইতেসেন,আর মনে মনে পুলকিত হইতেসেন,""কি এক বিশাল সওয়াবের কাজ করলাম...মনে সুপ্ত বাসনা,আল্লাহ যে কোন ভাল কাজের বিনিময়ে,আল্লাহ ইচ্ছা করলে জান্নাত দিবেন,যদি এটাকেও ভালো কাজ হিসেবে ধরা হয়...তাইলেই কেল্লা ফতে""জীবনে তো পাপ কম করি নাই.. ভাই/বইন, থামেন,কুরআনের ছোট একটা সুরা,""সুরা কাফিরুনের"" বাংলা অনুবাদ পইড়েন,আর ইসলাম ধর্মতে কোথায় গালি দিয়া সুপথে আনার কথা বলা আসে,এটাও বইলেন....আল্লাহ আমাদের সবাইকে সঠিকভাবে পড়াশোনা করে(authentic source...সালমান রুশদীর source না ;) ) জেনে ইসলাম চর্চা করার,আর মানুষকে ইসলামের দিকে সহিহ ভাবে দাওয়াতের তৌফিক দান করুন,আমিন...."
text withheld: corpus licence does not permit redistribution,1,1.0,banglasarc,"মানুষ প্যাকগুলিতে শিকার করেছিল, কারণ তারা এপেক্স প্রিডেটরদের মতো শক্তিশালী বা দ্রুত নয়, তাই তাদের বেঁচে থাকার জন্য এটি করা বোধগম্য।","মানুষ প্যাকগুলিতে শিকার করেছিল, কারণ তারা এপেক্স প্রিডেটরদের মতো শক্তিশালী বা দ্রুত নয়, তাই তাদের বেঁচে থাকার জন্য এটি করা বোধগম্য।"
text withheld: corpus licence does not permit redistribution,0,0.0,banglasarc,ইয়া আল্লাহ আপনি সহায় হোন 🥺,ইয়া আল্লাহ আপনি সহায় হোন 🥺
text withheld: corpus licence does not permit redistribution,1,1.0,banglasarc,"উফ, অনুমান করুন আমার আল্ট্রাওয়াইড মনিটরটি প্রশস্ত পর্যাপ্ত শট দেখায় না।","উফ, অনুমান করুন আমার আল্ট্রাওয়াইড মনিটরটি প্রশস্ত পর্যাপ্ত শট দেখায় না।"
text withheld: corpus licence does not permit redistribution,1,1.0,banglasarc,আপনি ঠিক গণিতের মতো আমি গণিতকে ঘৃণা করি,আপনি ঠিক গণিতের মতো আমি গণিতকে ঘৃণা করি
text withheld: corpus licence does not permit redistribution,1,1.0,banglasarc,সময়োপযোগী হওয়ার সমস্যাটি হ'ল এটির প্রশংসা করার জন্য কেউ নেই।,সময়োপযোগী হওয়ার সমস্যাটি হ'ল এটির প্রশংসা করার জন্য কেউ নেই।
text withheld: corpus licence does not permit redistribution,0,0.0,banglasarc,"বিশ্বাস করেন ভাই যে হারে মেকআপ আপনারা লাগাইছেন , একেক রকম মনে হয় একবার !","বিশ্বাস করেন ভাই যে হারে মেকআপ আপনারা লাগাইছেন , একেক রকম মনে হয় একবার !"
text withheld: corpus licence does not permit redistribution,1,1.0,banglasarc,হ্যাঁ কারণ আমরা সর্বদা 1.5x জুম এবং একটি ছদ্মবেশী নীল স্কোপ ফিল্টার দিয়ে একটি অস্ত্র দিয়ে শুরু করেছি।,হ্যাঁ কারণ আমরা সর্বদা 1.5x জুম এবং একটি ছদ্মবেশী নীল স্কোপ ফিল্টার দিয়ে একটি অস্ত্র দিয়ে শুরু করেছি।
text withheld: corpus licence does not permit redistribution,0,0.0,banglasarc,যিনি এই এডিশন করেছেন আর যিনি আপলোড করেছেন আপনিই ভাল জানেন এটি কতটুকু সত্য যদি এটা মিথ্যা হয় তাহলে কাল কেয়ামতে আপনাকে অপবাদের অপরাধে কঠোর শাস্তি ভোগ করতে হবে,যিনি এই এডিশন করেছেন আর যিনি আপলোড করেছেন আপনিই ভাল জানেন এটি কতটুকু সত্য যদি এটা মিথ্যা হয় তাহলে কাল কেয়ামতে আপনাকে অপবাদের অপরাধে কঠোর শাস্তি ভোগ করতে হবে
text withheld: corpus licence does not permit redistribution,1,1.0,banglasarc,"আপনি আপনার জীবন পছন্দ করতে পারেন, তবে আমি মনে করি এটি কেবল বন্ধু হতে চায়।","আপনি আপনার জীবন পছন্দ করতে পারেন, তবে আমি মনে করি এটি কেবল বন্ধু হতে চায়।"
text withheld: corpus licence does not permit redistribution,0,0.0,banglasarc,"আসল জিনিসের দাম না কমিয়ে এই পেয়াজ,রসুন এর দাম কমিয়ে কি লাভ?","আসল জিনিসের দাম না কমিয়ে এই পেয়াজ,রসুন এর দাম কমিয়ে কি লাভ?"
text withheld: corpus licence does not permit redistribution,1,1.0,banglasarc,"""একজন আশাবাদী মনে করেন যে এটিই সেরা সম্ভাব্য বিশ্ব। একজন হতাশাবাদী ভয় পান যে এটি সত্য।""","""একজন আশাবাদী মনে করেন যে এটিই সেরা সম্ভাব্য বিশ্ব। একজন হতাশাবাদী ভয় পান যে এটি সত্য।"""
text withheld: corpus licence does not permit redistribution,1,1.0,banglasarc,"মানুষ সংগীতের মতো।কেউ সত্য কথা বলে, এবং অন্যরা কেবল শব্দ হয়।","মানুষ সংগীতের মতো।কেউ সত্য কথা বলে, এবং অন্যরা কেবল শব্দ হয়।"
text withheld: corpus licence does not permit redistribution,1,1.0,banglasarc,আপনার শত্রু আছে?ভাল.এর অর্থ আপনি আপনার জীবনের কিছু সময় কোনও কিছুর জন্য দাঁড়িয়েছেন।,আপনার শত্রু আছে?ভাল.এর অর্থ আপনি আপনার জীবনের কিছু সময় কোনও কিছুর জন্য দাঁড়িয়েছেন।
text withheld: corpus licence does not permit redistribution,0,0.0,banglasarc,"একদিন সত্যিই বিয়ের সাজগোজ করে পিকচার দিবা, কিন্তু সেদিনও আমি ভাববো হয়তো প্রাঙ্ক করছো।","একদিন সত্যিই বিয়ের সাজগোজ করে পিকচার দিবা, কিন্তু সেদিনও আমি ভাববো হয়তো প্রাঙ্ক করছো।"
text withheld: corpus licence does not permit redistribution,0,0.0,banglasarc,"আমি তো ভাবতাছি,কবে সাফারে কোপাইবো!","আমি তো ভাবতাছি,কবে সাফারে কোপাইবো!"
text withheld: corpus licence does not permit redistribution,0,0.0,banglasarc,আমার মায়ের গল্প,আমার মায়ের গল্প
text withheld: corpus licence does not permit redistribution,1,1.0,banglasarc,"তারা বলে যে মহিলারা দিনে 20,000 শব্দ কথা বলে।আমার একটি কন্যা আছে যে প্রাতঃরাশের মাধ্যমে এটি সম্পন্ন করে।","তারা বলে যে মহিলারা দিনে 20,000 শব্দ কথা বলে।আমার একটি কন্যা আছে যে প্রাতঃরাশের মাধ্যমে এটি সম্পন্ন করে।"
text withheld: corpus licence does not permit redistribution,0,0.0,banglasarc,একজন পাগলের ও চিন্তা ভাবনা এদের চাইতে ভালো।,একজন পাগলের ও চিন্তা ভাবনা এদের চাইতে ভালো।
text withheld: corpus licence does not permit redistribution,1,1.0,banglasarc,"আসুন ভাগ করুন, আপনি গ্রেনেড নেবেন, আমি পিনটি নেব।","আসুন ভাগ করুন, আপনি গ্রেনেড নেবেন, আমি পিনটি নেব।"
text withheld: corpus licence does not permit redistribution,1,1.0,banglasarc,আমরা বৃদ্ধ হওয়ার কারণে আমরা খেলা বন্ধ করি না;আমরা পুরানো হয়ে উঠি কারণ আমরা খেলা বন্ধ করি।,আমরা বৃদ্ধ হওয়ার কারণে আমরা খেলা বন্ধ করি না;আমরা পুরানো হয়ে উঠি কারণ আমরা খেলা বন্ধ করি।
text withheld: corpus licence does not permit redistribution,1,1.0,banglasarc,এই শুক্রবার দেখার জন্য আপনি কোন সিনেমাটি বেছে নিয়েছেন তার ভিত্তিতে চারপাশের ইডিয়টস আপনার দেশপ্রেমের বিচার করছে sh শিট ক্রেজিয়ার পাচ্ছে।,এই শুক্রবার দেখার জন্য আপনি কোন সিনেমাটি বেছে নিয়েছেন তার ভিত্তিতে চারপাশের ইডিয়টস আপনার দেশপ্রেমের বিচার করছে sh শিট ক্রেজিয়ার পাচ্ছে।
text withheld: corpus licence does not permit redistribution,0,0.0,banglasarc,পরকাল বিশ্বাস করলে কি আর যা ইচ্ছা তাই করা যায়। এরা হচ্ছে স্বঘোষিত প্রকৃত কাফের (অবিশ্বাসী)। কবরে গেলেই বুঝতে পারবে কি আছে আর কি নেই। এরা মারা গেলে কেন যে জনাযা পড়ায় আর দোয়া করে এটা আমার বোধগম্য হয় না। যেমন মরবে তেমন মমি করে রেখে দেওয়া যেতে পারে বা পরীক্ষাগারে গবেষণার জন্য ফ্রিজআপ করা যেতে পারে।,পরকাল বিশ্বাস করলে কি আর যা ইচ্ছা তাই করা যায়। এরা হচ্ছে স্বঘোষিত প্রকৃত কাফের (অবিশ্বাসী)। কবরে গেলেই বুঝতে পারবে কি আছে আর কি নেই। এরা মারা গেলে কেন যে জনাযা পড়ায় আর দোয়া করে এটা আমার বোধগম্য হয় না। যেমন মরবে তেমন মমি করে রেখে দেওয়া যেতে পারে বা পরীক্ষাগারে গবেষণার জন্য ফ্রিজআপ করা যেতে পারে।
text withheld: corpus licence does not permit redistribution,1,1.0,banglasarc,"হ্যাঁ হ্যাঁ, কুখ্যাত ট্রাক ড্রাইভার লবি।","হ্যাঁ হ্যাঁ, কুখ্যাত ট্রাক ড্রাইভার লবি।"
text withheld: corpus licence does not permit redistribution,0,0.0,banglasarc,গর্বিত মায়ের গর্বিত সন্তান,গর্বিত মায়ের গর্বিত সন্তান
text withheld: corpus licence does not permit redistribution,1,1.0,banglasarc,আমি স্বতঃসংশোধনের চেয়ে স্বতঃসংশ্লিষ্ট সংশোধন আমাকে সংশোধন করি।,আমি স্বতঃসংশোধনের চেয়ে স্বতঃসংশ্লিষ্ট সংশোধন আমাকে সংশোধন করি।
text withheld: corpus licence does not permit redistribution,0,0.0,banglasarc,নয়া মনে হয় কখনো দেখে নাই,নয়া মনে হয় কখনো দেখে নাই
text withheld: corpus licence does not permit redistribution,1,1.0,banglasarc,আমাদের অভ্যন্তরীণ স্টোরেজ দরকার নেই কারণ আমাদের মেঘ রয়েছে।,আমাদের অভ্যন্তরীণ স্টোরেজ দরকার নেই কারণ আমাদের মেঘ রয়েছে।
text withheld: corpus licence does not permit redistribution,0,0.0,banglasarc,জাহিদ খান এর মাথা নষ্ট হয়ে গেছে সাফাতুল্লাহ ভাই শুনলে বাঁশ দিব বাঁশ আইকালা বাশ চলচ্চিত্র থেকে বিদায় করে দিব জায়েদ খানকে,জাহিদ খান এর মাথা নষ্ট হয়ে গেছে সাফাতুল্লাহ ভাই শুনলে বাঁশ দিব বাঁশ আইকালা বাশ চলচ্চিত্র থেকে বিদায় করে দিব জায়েদ খানকে
text withheld: corpus licence does not permit redistribution,0,0.0,banglasarc,এই সত্য হাসিটাই ওনার মুখে লেগে থাক আজীবন এই দোয়া করি।,এই সত্য হাসিটাই ওনার মুখে লেগে থাক আজীবন এই দোয়া করি।
text withheld: corpus licence does not permit redistribution,0,0.0,banglasarc,হাসিনা আর কাদের মামুকে জাদুঘর দেখাশোনার দায়িত্ব দেয়া হক,হাসিনা আর কাদের মামুকে জাদুঘর দেখাশোনার দায়িত্ব দেয়া হক
text withheld: corpus licence does not permit redistribution,0,0.0,banglasarc,মানুষ এসব বুঝতে বুঝতে অনেক সময় লেগে যায়,মানুষ এসব বুঝতে বুঝতে অনেক সময় লেগে যায়
text withheld: corpus licence does not permit redistribution,0,0.0,banglasarc,"এই মেয়ে কুফরী করেছে কাফের হইয়া গেছে, এর তওবা করে আবার ধর্ম গ্রহন করতে হবে। বাণীতে মহাজ্ঞানী আবগাছী ছাগল।","এই মেয়ে কুফরী করেছে কাফের হইয়া গেছে, এর তওবা করে আবার ধর্ম গ্রহন করতে হবে। বাণীতে মহাজ্ঞানী আবগাছী ছাগল।"
text withheld: corpus licence does not permit redistribution,0,0.0,banglasarc,আমার একজন আছে বিউটিফুল মানুষ। সেটা যার তার কমেন্ট বক্সে দিয়ে নষ্ট করতে চাই না।,আমার একজন আছে বিউটিফুল মানুষ। সেটা যার তার কমেন্ট বক্সে দিয়ে নষ্ট করতে চাই না।
text withheld: corpus licence does not permit redistribution,0,0.0,banglasarc,নিশ্চয়ই বিরোধী দলের চক্রান্ত😌,নিশ্চয়ই বিরোধী দলের চক্রান্ত😌
text withheld: corpus licence does not permit redistribution,0,0.0,banglasarc,তুমি যেটা বলবা ওটাই বেস্ট,তুমি যেটা বলবা ওটাই বেস্ট
text withheld: corpus licence does not permit redistribution,1,1.0,banglasarc,"আপনার সাথে কি খারাপ কিছু ঘটেছে, বা আপনি কি স্বাভাবিকভাবেই কোনও ব্যক্তির এই ভয়ানক?","আপনার সাথে কি খারাপ কিছু ঘটেছে, বা আপনি কি স্বাভাবিকভাবেই কোনও ব্যক্তির এই ভয়ানক?"
text withheld: corpus licence does not permit redistribution,0,0.0,banglasarc,অপেক্ষায় রইলাম!,অপেক্ষায় রইলাম!
text withheld: corpus licence does not permit redistribution,0,0.0,banglasarc,খেলা থাকবে,খেলা থাকবে
text withheld: corpus licence does not permit redistribution,1,1.0,banglasarc,সারক্যাসম হ'ল বুদ্ধি সর্বনিম্ন রূপ!তবুও এটি মজাদার,সারক্যাসম হ'ল বুদ্ধি সর্বনিম্ন রূপ!তবুও এটি মজাদার
text withheld: corpus licence does not permit redistribution,0,0.0,banglasarc,অলসতার জন্য আজ বেঁচে গেল,অলসতার জন্য আজ বেঁচে গেল
text withheld: corpus licence does not permit redistribution,0,0.0,banglasarc,খুব সুন্দর অভিনয়। শিক্ষনীয় অনেক উপাদান রয়েছে এতে। খুবই ভালো লাগল।,খুব সুন্দর অভিনয়। শিক্ষনীয় অনেক উপাদান রয়েছে এতে। খুবই ভালো লাগল।
text withheld: corpus licence does not permit redistribution,0,0.0,banglasarc,"তিস্তা নদী নিয়ে অনেক ক্যাচাল আছে খালি ভাসা-ভাসা জানতাম, আজকে পুরা কাহিনি বুঝলাম।","তিস্তা নদী নিয়ে অনেক ক্যাচাল আছে খালি ভাসা-ভাসা জানতাম, আজকে পুরা কাহিনি বুঝলাম।"
text withheld: corpus licence does not permit redistribution,0,0.0,banglasarc,অসাধারণ ! লেখার জন্য ধন্যবাদ।,অসাধারণ ! লেখার জন্য ধন্যবাদ।
text withheld: corpus licence does not permit redistribution,0,0.0,banglasarc,শালার সাংবাদিক!,শালার সাংবাদিক!
text withheld: corpus licence does not permit redistribution,0,0.0,banglasarc,আপনার রুচির তারিফ করতেই হয়,আপনার রুচির তারিফ করতেই হয়
text withheld: corpus licence does not permit redistribution,0,0.0,banglasarc,প্রিয় নেতা আমরা শুধু আমাদের মায়ের মুক্তি চাই,প্রিয় নেতা আমরা শুধু আমাদের মায়ের মুক্তি চাই
text withheld: corpus licence does not permit redistribution,1,1.0,banglasarc,আপনি একদল গুপ্তচর থেকে কী আশা করতে পারেন।,আপনি একদল গুপ্তচর থেকে কী আশা করতে পারেন।
text withheld: corpus licence does not permit redistribution,0,0.0,banglasarc,বিদ্যুৎ খরচ বাঁচবে।,বিদ্যুৎ খরচ বাঁচবে।
text withheld: corpus licence does not permit redistribution,1,1.0,banglasarc,পরিবার সেই বিরক্তিকর চুলকায় যেমন আপনি স্ক্র্যাচ করতে পারবেন না।,পরিবার সেই বিরক্তিকর চুলকায় যেমন আপনি স্ক্র্যাচ করতে পারবেন না।
text withheld: corpus licence does not permit redistribution,0,0.0,banglasarc,আমাদের সালামি আমরা আদায় করেই নিব,আমাদের সালামি আমরা আদায় করেই নিব
text withheld: corpus licence does not permit redistribution,0,0.0,banglasarc,পুটকি দিয়া হইছে :),পুটকি দিয়া হইছে :)
text withheld: corpus licence does not permit redistribution,0,0.0,banglasarc,সংবাদ পড়া বাদ দিয়ে মানুষের পাশে দাঁড়ান।,সংবাদ পড়া বাদ দিয়ে মানুষের পাশে দাঁড়ান।
text withheld: corpus licence does not permit redistribution,0,0.0,banglasarc,এমন বন্ধুত্ব বেঁচে থাক আজীবন,এমন বন্ধুত্ব বেঁচে থাক আজীবন
text withheld: corpus licence does not permit redistribution,0,0.0,banglasarc,"ইন্না লিল্লাহ... আমি এই আফার খোমা জীবনে দেখি নাই, নাম ও শুনি নাই।এখন দেখি হেতের ফেসবুকে ৭.৫০ লাখ + ফোলোয়ারস!!হেতে কি নিজেরে নাস্তিক ঘোষণা দেওয়ার পর এত্ত ফেমাস হইছে? নাকি আগেই ফেমাস ছিলো??","ইন্না লিল্লাহ... আমি এই আফার খোমা জীবনে দেখি নাই, নাম ও শুনি নাই।এখন দেখি হেতের ফেসবুকে ৭.৫০ লাখ + ফোলোয়ারস!!হেতে কি নিজেরে নাস্তিক ঘোষণা দেওয়ার পর এত্ত ফেমাস হইছে? নাকি আগেই ফেমাস ছিলো??"
text withheld: corpus licence does not permit redistribution,0,0.0,banglasarc,চলো আনজারা থেকে একটা পারফেক্ট ব্রাইডাল ল্যাহেংগা পছন্দ করি।,চলো আনজারা থেকে একটা পারফেক্ট ব্রাইডাল ল্যাহেংগা পছন্দ করি।
text withheld: corpus licence does not permit redistribution,0,0.0,banglasarc,বৃষ্টিময় সকালের শুভেচ্ছা 🌿🌿,বৃষ্টিময় সকালের শুভেচ্ছা 🌿🌿
text withheld: corpus licence does not permit redistribution,0,0.0,banglasarc,কেশ অন ডেলিভারী হবে ০১৯৩১-৬১৩৭১৭,কেশ অন ডেলিভারী হবে ০১৯৩১-৬১৩৭১৭
text withheld: corpus licence does not permit redistribution,1,1.0,banglasarc,ভাল জিনিস তাদের জিপিএস অবস্থান চালু করা প্রয়োজন।,ভাল জিনিস তাদের জিপিএস অবস্থান চালু করা প্রয়োজন।
text withheld: corpus licence does not permit redistribution,0,0.0,banglasarc,দাম কতো এবং চট্টগ্রামে হোম ডেলিভারি হবে তো,দাম কতো এবং চট্টগ্রামে হোম ডেলিভারি হবে তো
text withheld: corpus licence does not permit redistribution,0,0.0,banglasarc,সমবেদনা জানানোর ভাষা নেই।,সমবেদনা জানানোর ভাষা নেই।
text withheld: corpus licence does not permit redistribution,0,0.0,banglasarc,অনেক সুন্দর লাগতাছে,অনেক সুন্দর লাগতাছে
text withheld: corpus licence does not permit redistribution,0,0.0,banglasarc,"এই শাড়িটা আমি নিতে চাই, প্রাইজ কতো।","এই শাড়িটা আমি নিতে চাই, প্রাইজ কতো।"
text withheld: corpus licence does not permit redistribution,0,0.0,banglasarc,"আমি একজন হিন্দু হিসেবে বলছি , নবীকে কটুক্তির তীব্র নিন্দা জানাচ্ছি! সকল ধর্ম শান্তির ধর্ম।❤️","আমি একজন হিন্দু হিসেবে বলছি , নবীকে কটুক্তির তীব্র নিন্দা জানাচ্ছি! সকল ধর্ম শান্তির ধর্ম।❤️"
text withheld: corpus licence does not permit redistribution,1,1.0,banglasarc,"প্রেম একটি আগুন।তবে এটি আপনার চতুর্দিকে গরম করবে বা আপনার বাড়িটি পুড়িয়ে ফেলছে, আপনি কখনই বলতে পারবেন না।","প্রেম একটি আগুন।তবে এটি আপনার চতুর্দিকে গরম করবে বা আপনার বাড়িটি পুড়িয়ে ফেলছে, আপনি কখনই বলতে পারবেন না।"
text withheld: corpus licence does not permit redistribution,0,0.0,banglasarc,আমার #ছবিওয়ালা.me এই গ্রুপে আসার জন্য সবাইকে আমন্ত্রণ জানাচ্ছি। এই গ্রুপটি শুধুমাত্র ফটোগ্রাফি ও আঁকিবুঁকি বন্ধুদের জন্য উন্মুক্ত। যখনি ইচ্ছা ছবি এবং আঁকিবুঁকি পোস্ট করতে পারবেন। যদি ভালোলাগা থাকে তবে অবশ্যই সবাই জয়েন্ট করবেন। আর সম্ভব হলে আপনার ফেসবুক বন্ধুদেরও ইনভাইট করবেন।#ধন্যবাদ,আমার #ছবিওয়ালা.me এই গ্রুপে আসার জন্য সবাইকে আমন্ত্রণ জানাচ্ছি। এই গ্রুপটি শুধুমাত্র ফটোগ্রাফি ও আঁকিবুঁকি বন্ধুদের জন্য উন্মুক্ত। যখনি ইচ্ছা ছবি এবং আঁকিবুঁকি পোস্ট করতে পারবেন। যদি ভালোলাগা থাকে তবে অবশ্যই সবাই জয়েন্ট করবেন। আর সম্ভব হলে আপনার ফেসবুক বন্ধুদেরও ইনভাইট করবেন।#ধন্যবাদ
text withheld: corpus licence does not permit redistribution,0,0.0,banglasarc,সাফা কবির কি দেশের এত গুরুত্বপূর্ন কেউ??? যে তার বিশ্বাস অবিস্বাস নিয়ে মানুষের এত মাথাব্যথা!!! আসলে আমরাই বুঝে না বুঝে দিন দিন নাস্তিকতার প্রসার করতেছি। সাফা কবিরের বর্তমান মার্কেট ডাউন তো তাই হাই লাইটস হবার জন্য পত্রিকার মাধ্যমে তার প্রচারনা।আর সকল বিশ্বাসী ভাইদের প্রতি একটা অনুরোধ এই সকল পোষ্ট এ কমেন্ট করলেও কেউ লাইক দিয়েন না।,সাফা কবির কি দেশের এত গুরুত্বপূর্ন কেউ??? যে তার বিশ্বাস অবিস্বাস নিয়ে মানুষের এত মাথাব্যথা!!! আসলে আমরাই বুঝে না বুঝে দিন দিন নাস্তিকতার প্রসার করতেছি। সাফা কবিরের বর্তমান মার্কেট ডাউন তো তাই হাই লাইটস হবার জন্য পত্রিকার মাধ্যমে তার প্রচারনা।আর সকল বিশ্বাসী ভাইদের প্রতি একটা অনুরোধ এই সকল পোষ্ট এ কমেন্ট করলেও কেউ লাইক দিয়েন না।
text withheld: corpus licence does not permit redistribution,0,0.0,banglasarc,"ভাল্লুক গুলারে আর যেনো এই অনুষ্ঠানে না দেখি,,, কর্তিপক্ষের কাছে আবেদন জানাচ্ছি জোরালো ভাবে।","ভাল্লুক গুলারে আর যেনো এই অনুষ্ঠানে না দেখি,,, কর্তিপক্ষের কাছে আবেদন জানাচ্ছি জোরালো ভাবে।"
text withheld: corpus licence does not permit redistribution,0,0.0,banglasarc,_মানুষ আগের মতো বোকা নাই😅🥱,_মানুষ আগের মতো বোকা নাই😅🥱
text withheld: corpus licence does not permit redistribution,1,1.0,banglasarc,আমি আমার স্বামীকে পোপ করার চেয়ে কম সময়ে একটি পুরো শিশুকে জন্ম দিয়েছি।,আমি আমার স্বামীকে পোপ করার চেয়ে কম সময়ে একটি পুরো শিশুকে জন্ম দিয়েছি।
text withheld: corpus licence does not permit redistribution,1,1.0,banglasarc,আমি এখনও বিছানায় যাইনি এবং আমি ইতিমধ্যে আগামীকাল কাজ থেকে বাড়ি আসার অপেক্ষা করতে পারি না।,আমি এখনও বিছানায় যাইনি এবং আমি ইতিমধ্যে আগামীকাল কাজ থেকে বাড়ি আসার অপেক্ষা করতে পারি না।
text withheld: corpus licence does not permit redistribution,0,0.0,banglasarc,স্যালুট ❤❤,স্যালুট ❤❤
text withheld: corpus licence does not permit redistribution,1,1.0,banglasarc,"আমার কীবোর্ডটি অবশ্যই ভেঙে যেতে হবে, আমি পালানোর কীটি মারতে থাকি, তবে আমি এখনও কাজ করছি।","আমার কীবোর্ডটি অবশ্যই ভেঙে যেতে হবে, আমি পালানোর কীটি মারতে থাকি, তবে আমি এখনও কাজ করছি।"
text withheld: corpus licence does not permit redistribution,1,1.0,banglasarc,ক্ষমা করে ভুলে যাবেন?আমি যীশু নই বা আমার কাছে আলঝাইমার নেই।,ক্ষমা করে ভুলে যাবেন?আমি যীশু নই বা আমার কাছে আলঝাইমার নেই।
text withheld: corpus licence does not permit redistribution,0,0.0,banglasarc,ফাহিম ভাইয়ের গল্প,ফাহিম ভাইয়ের গল্প
text withheld: corpus licence does not permit redistribution,0,0.0,banglasarc,"আপনার রান্না, আপনার কথা, আপনার উপদেশ এবং আপনি অসম্ভব সুন্দর","আপনার রান্না, আপনার কথা, আপনার উপদেশ এবং আপনি অসম্ভব সুন্দর"
text withheld: corpus licence does not permit redistribution,0,0.0,banglasarc,"ন্যাকামি করো হে, সেলিব্রেটি হয়ে খুব...কামাইছো ! মুসলমান হয়ে নিজের ধর্মের প্রতি শ্রদ্ধাশীল থাকার বিষয়টা ভুলে গেছো, তাই না? পরিবারের কাছে কি বাল শিখছো তুমি?? নিজের ধর্ম, ধর্মের বিশ্বাসের প্রতি সব সময় শ্রদ্ধাশীল থাকবে | অন্যের ধর্মের প্রতিও সহনশীল থাকবে | তুমি সেলিব্রেটি হয়া গেছো বলে বিশাল কিছু হইয়া গেছো মনে করোনো, দুনিয়াতে মেলা কামাইছো, এবার পরপারের জন্য কিছু করো |","ন্যাকামি করো হে, সেলিব্রেটি হয়ে খুব...কামাইছো ! মুসলমান হয়ে নিজের ধর্মের প্রতি শ্রদ্ধাশীল থাকার বিষয়টা ভুলে গেছো, তাই না? পরিবারের কাছে কি বাল শিখছো তুমি?? নিজের ধর্ম, ধর্মের বিশ্বাসের প্রতি সব সময় শ্রদ্ধাশীল থাকবে | অন্যের ধর্মের প্রতিও সহনশীল থাকবে | তুমি সেলিব্রেটি হয়া গেছো বলে বিশাল কিছু হইয়া গেছো মনে করোনো, দুনিয়াতে মেলা কামাইছো, এবার পরপারের জন্য কিছু করো |"
text withheld: corpus licence does not permit redistribution,0,0.0,banglasarc,আরে নতুন বউ এখানে!!!,আরে নতুন বউ এখানে!!!
text withheld: corpus licence does not permit redistribution,0,0.0,banglasarc,নিরাপদে থাকুন।,নিরাপদে থাকুন।
text withheld: corpus licence does not permit redistribution,0,0.0,banglasarc,এমনই কিছু আকর্ষণীয় অফার পেতে পাঠাও এর সাথেই থাকুন আর প্রিয়জনদের সাথে আমাদের অফারগুলো শেয়ার করুন,এমনই কিছু আকর্ষণীয় অফার পেতে পাঠাও এর সাথেই থাকুন আর প্রিয়জনদের সাথে আমাদের অফারগুলো শেয়ার করুন
text withheld: corpus licence does not permit redistribution,0,0.0,banglasarc,প্রাইমারি তে কি মুক্তি যোদ্ধার কোটা বহাল আছে?,প্রাইমারি তে কি মুক্তি যোদ্ধার কোটা বহাল আছে?
text withheld: corpus licence does not permit redistribution,1,1.0,banglasarc,দুদককে রুটগার্স এবং মেরিল্যান্ড বা এটিকে আরও সমান করে দেওয়ার জন্য কিছু দিন।,দুদককে রুটগার্স এবং মেরিল্যান্ড বা এটিকে আরও সমান করে দেওয়ার জন্য কিছু দিন।
text withheld: corpus licence does not permit redistribution,0,0.0,banglasarc,অথচ এই দোকান থেকে আমি রেগুলার বাজার করি।,অথচ এই দোকান থেকে আমি রেগুলার বাজার করি।
text withheld: corpus licence does not permit redistribution,1,1.0,banglasarc,আমি একটি সামুদ্রিক ডায়েটে আছি।আমি যখন খাবার দেখি তখন আমি খাই।,আমি একটি সামুদ্রিক ডায়েটে আছি।আমি যখন খাবার দেখি তখন আমি খাই।
text withheld: corpus licence does not permit redistribution,0,0.0,banglasarc,বড়ই দুঃখ্যজনক,বড়ই দুঃখ্যজনক
text withheld: corpus licence does not permit redistribution,0,0.0,banglasarc,আমার পিঁয়াজু অনেক পছন্দ,আমার পিঁয়াজু অনেক পছন্দ
text withheld: corpus licence does not permit redistribution,1,1.0,banglasarc,দুঃখিত তবে লরি খুব বেশি দক্ষিণে আসবে না।,দুঃখিত তবে লরি খুব বেশি দক্ষিণে আসবে না।
text withheld: corpus licence does not permit redistribution,0,0.0,banglasarc,সিলেট যাচ্ছেন দেশরত্ন!,সিলেট যাচ্ছেন দেশরত্ন!
text withheld: corpus licence does not permit redistribution,1,1.0,banglasarc,"""আজ আপনাকে পছন্দ করার ভান করার শক্তি আমার কাছে নেই।""","""আজ আপনাকে পছন্দ করার ভান করার শক্তি আমার কাছে নেই।"""
text withheld: corpus licence does not permit redistribution,1,1.0,banglasarc,এটি স্পষ্টতই কাজ করছে না।আমি মনে করি আমাদের আলাদা আলাদা উপায়ে যেতে এবং অন্যান্য লোককে কৃপণ করা শুরু করার সময় এসেছে।,এটি স্পষ্টতই কাজ করছে না।আমি মনে করি আমাদের আলাদা আলাদা উপায়ে যেতে এবং অন্যান্য লোককে কৃপণ করা শুরু করার সময় এসেছে।
text withheld: corpus licence does not permit redistribution,0,0.0,banglasarc,করে সাবসকারইব করছি সুধু হাসার জন্য....মানদের নাতি।,করে সাবসকারইব করছি সুধু হাসার জন্য....মানদের নাতি।
text withheld: corpus licence does not permit redistribution,1,1.0,banglasarc,তাদের বিষয়টি খুব অনন্য ছিল যে তারা কিছুই করতে পারে না।,তাদের বিষয়টি খুব অনন্য ছিল যে তারা কিছুই করতে পারে না।
text withheld: corpus licence does not permit redistribution,1,1.0,banglasarc,"ফল এবং বাদাম এড়িয়ে চলুন।এই তুমি, কি খাচ্ছ.","ফল এবং বাদাম এড়িয়ে চলুন।এই তুমি, কি খাচ্ছ."
text withheld: corpus licence does not permit redistribution,0,0.0,banglasarc,অবশেষে বিয়ের গেইটে দাবির টাকা দিয়ে রাতুল ভাইয়ার মুক্তি মেলে,অবশেষে বিয়ের গেইটে দাবির টাকা দিয়ে রাতুল ভাইয়ার মুক্তি মেলে
text withheld: corpus licence does not permit redistribution,0,0.0,banglasarc,শত শত মানুষের দুয়া নিয়েই বেচে থাকবে ভাই টা,শত শত মানুষের দুয়া নিয়েই বেচে থাকবে ভাই টা
text withheld: corpus licence does not permit redistribution,1,1.0,banglasarc,আমি নোবেল শান্তি পুরষ্কারের জন্য হত্যা করব।,আমি নোবেল শান্তি পুরষ্কারের জন্য হত্যা করব।
text withheld: corpus licence does not permit redistribution,0,0.0,banglasarc,এই কাফতান টা আমি নিয়েছি আমার প্রিয়,এই কাফতান টা আমি নিয়েছি আমার প্রিয়
text withheld: corpus licence does not permit redistribution,1,1.0,banglasarc,একটি প্রয়োজন যাতে আমি পান করতে এবং গাড়ি চালাতে পারি।,একটি প্রয়োজন যাতে আমি পান করতে এবং গাড়ি চালাতে পারি।
text withheld: corpus licence does not permit redistribution,0,0.0,banglasarc,গুরু অাপনি সেরা। অভিনেতা হিসেবে গায়ক হিসেবে অাপনি লিজেন্ড। যেমন ভদ্র তেমন অমায়িক। তাই এতো ভালবাসি ♥,গুরু অাপনি সেরা। অভিনেতা হিসেবে গায়ক হিসেবে অাপনি লিজেন্ড। যেমন ভদ্র তেমন অমায়িক। তাই এতো ভালবাসি ♥
text withheld: corpus licence does not permit redistribution,0,0.0,banglasarc,আল্লাহ রহম করো,আল্লাহ রহম করো
text withheld: corpus licence does not permit redistribution,0,0.0,banglasarc,চোখের আশেপাশে মেকআপ করতে গেলেই আমার চোখে পানি আইসা পড়ে,চোখের আশেপাশে মেকআপ করতে গেলেই আমার চোখে পানি আইসা পড়ে
text withheld: corpus licence does not permit redistribution,0,0.0,banglasarc,"বন্যায় অনেক মানুষ ঘর ছাড়া,খাওয়ার মতো কিছুই নাই, অনেকে আছেন ২-৩ দিন থেকে কিছুই খায়নি।","বন্যায় অনেক মানুষ ঘর ছাড়া,খাওয়ার মতো কিছুই নাই, অনেকে আছেন ২-৩ দিন থেকে কিছুই খায়নি।"
text withheld: corpus licence does not permit redistribution,0,0.0,banglasarc,উঠানে হাঁটুর উপরে পানি 😴,উঠানে হাঁটুর উপরে পানি 😴
text withheld: corpus licence does not permit redistribution,1,1.0,banglasarc,"আপনি এতগুলি খেতে পারেন এমন কোনও উপায় নেই, এটি একটি প্রতিযোগিতার জন্য কল করে!","আপনি এতগুলি খেতে পারেন এমন কোনও উপায় নেই, এটি একটি প্রতিযোগিতার জন্য কল করে!"
text withheld: corpus licence does not permit redistribution,0,0.0,banglasarc,ভবিষ্যতে যেকোনো বড় প্রাকৃতিক দুর্যোগ মোকাবেলার প্রস্তুতি নিচ্ছে তা আমরা আজকের ভিডিওতে দেখিয়েছি।,ভবিষ্যতে যেকোনো বড় প্রাকৃতিক দুর্যোগ মোকাবেলার প্রস্তুতি নিচ্ছে তা আমরা আজকের ভিডিওতে দেখিয়েছি।
text withheld: corpus licence does not permit redistribution,1,1.0,banglasarc,অবশ্যই একটি মুক্ত মন থাকার সমস্যাটি হ'ল লোকেরা এসে এসে এতে জিনিস রাখার চেষ্টা করার জন্য জোর দেবে।,অবশ্যই একটি মুক্ত মন থাকার সমস্যাটি হ'ল লোকেরা এসে এসে এতে জিনিস রাখার চেষ্টা করার জন্য জোর দেবে।
text withheld: corpus licence does not permit redistribution,1,1.0,banglasarc,আমি জানতে চাই যে ওভারওয়াচ কীভাবে সেরা এস্পোর্টস গেমটিতে সিএসজিওকে মারধর করে,আমি জানতে চাই যে ওভারওয়াচ কীভাবে সেরা এস্পোর্টস গেমটিতে সিএসজিওকে মারধর করে
text withheld: corpus licence does not permit redistribution,1,1.0,banglasarc,আমি পাগল হই না।আমি উন্মাদ.আমি সময়ে সময়ে স্বাভাবিক যাই।,আমি পাগল হই না।আমি উন্মাদ.আমি সময়ে সময়ে স্বাভাবিক যাই।
text withheld: corpus licence does not permit redistribution,1,1.0,banglasarc,দেজা পুআপনি এই বকাঝকাটি আগে শুনেছেন এমন অনুভূতি।,দেজা পুআপনি এই বকাঝকাটি আগে শুনেছেন এমন অনুভূতি।
text withheld: corpus licence does not permit redistribution,0,0.0,banglasarc,জীবন কে মানুষ কত সহজ ভাবে নিচ্ছে,জীবন কে মানুষ কত সহজ ভাবে নিচ্ছে
text withheld: corpus licence does not permit redistribution,1,1.0,banglasarc,"বৈদ্যুতিক আলো দেওয়ার আগে এডিসন 10,000 বার ব্যর্থ হয়েছিল।আপনি কয়েকবার ব্যর্থ হলে নিরুৎসাহিত করবেন না।","বৈদ্যুতিক আলো দেওয়ার আগে এডিসন 10,000 বার ব্যর্থ হয়েছিল।আপনি কয়েকবার ব্যর্থ হলে নিরুৎসাহিত করবেন না।"
text withheld: corpus licence does not permit redistribution,1,1.0,banglasarc,আমি জাহান্নামে জ্বলন্ত অনুশীলনের জন্য সুপার-হট ঝরনা নিই।,আমি জাহান্নামে জ্বলন্ত অনুশীলনের জন্য সুপার-হট ঝরনা নিই।
text withheld: corpus licence does not permit redistribution,0,0.0,banglasarc,"লাগে সাফা পরকালে বিস্বাস না করলে সবাই জাহান্নামে যাবে। আর সাফা পরকালে বিস্বাস করলে সবাই জান্নাতের হুর পাবে, চ্যালচ্যালেয়া বেহেস্তে যাবে শালার ছাগল দেশে বাস করি","লাগে সাফা পরকালে বিস্বাস না করলে সবাই জাহান্নামে যাবে। আর সাফা পরকালে বিস্বাস করলে সবাই জান্নাতের হুর পাবে, চ্যালচ্যালেয়া বেহেস্তে যাবে শালার ছাগল দেশে বাস করি"
text withheld: corpus licence does not permit redistribution,0,0.0,banglasarc,ইমান ভাই শুভকামনা ও ভালোবাসা জানবেন।,ইমান ভাই শুভকামনা ও ভালোবাসা জানবেন।
text withheld: corpus licence does not permit redistribution,0,0.0,banglasarc,আমার তিন বছরের মেয়ে তোমার অনেক বড়ো ফ্যান। তোমার নাম ও মুখস্থ।,আমার তিন বছরের মেয়ে তোমার অনেক বড়ো ফ্যান। তোমার নাম ও মুখস্থ।
text withheld: corpus licence does not permit redistribution,0,0.0,banglasarc,সমবেদনা জানাবার ভাষা হারিয়ে ফেলেছি,সমবেদনা জানাবার ভাষা হারিয়ে ফেলেছি
text withheld: corpus licence does not permit redistribution,0,0.0,banglasarc,উনার এই ভিডিও ক্লিপ টা যতবার দেখি আমার নিজেকে পাগল পাগল লাগে।। আমার মাথা ভনভন করতে থাকে।,উনার এই ভিডিও ক্লিপ টা যতবার দেখি আমার নিজেকে পাগল পাগল লাগে।। আমার মাথা ভনভন করতে থাকে।
text withheld: corpus licence does not permit redistribution,0,0.0,banglasarc,আমাদের এলাকায় আসলেন অথচ আমরাই জানলাম না...,আমাদের এলাকায় আসলেন অথচ আমরাই জানলাম না...
text withheld: corpus licence does not permit redistribution,0,0.0,banglasarc,"মাশাআল্লাহ্, খুব কিউট বেবী। অনেক অনেক শুভ কামনা রইলো।","মাশাআল্লাহ্, খুব কিউট বেবী। অনেক অনেক শুভ কামনা রইলো।"
text withheld: corpus licence does not permit redistribution,0,0.0,banglasarc,আমার একটা গরুর খামার আছে আমি কি লোন নিতে পারি দয়া করে জানাবেন,আমার একটা গরুর খামার আছে আমি কি লোন নিতে পারি দয়া করে জানাবেন
text withheld: corpus licence does not permit redistribution,0,0.0,banglasarc,"এত্তো গ্যাপ দিয়েন না, পর পর ছাড়েন","এত্তো গ্যাপ দিয়েন না, পর পর ছাড়েন"
text withheld: corpus licence does not permit redistribution,0,0.0,banglasarc,আপনার প্রতি বিস্বাস ভালো বাসা সবার আছে তা না হলে কেউ টাকা দিতো,আপনার প্রতি বিস্বাস ভালো বাসা সবার আছে তা না হলে কেউ টাকা দিতো
text withheld: corpus licence does not permit redistribution,0,0.0,banglasarc,সেদিন আমরাও কেঁদেছিলাম ক্যামেরার পেছনে :),সেদিন আমরাও কেঁদেছিলাম ক্যামেরার পেছনে :)
text withheld: corpus licence does not permit redistribution,1,1.0,banglasarc,প্যারাশুট থাকলে আমরা কীভাবে রাশিয়ানদের 300 জনকে হত্যা করার জন্য দোষ দেব?,প্যারাশুট থাকলে আমরা কীভাবে রাশিয়ানদের 300 জনকে হত্যা করার জন্য দোষ দেব?
text withheld: corpus licence does not permit redistribution,0,0.0,banglasarc,"আপনার অনেক অন্ধ ভক্ত আছে আমার মত, তাদের সবাইকে বলে দিয়েন রক্তদানে এগিয়ে আসতে। বিশেষ করে, এই রমজানে মূমুর্ষূ রোগীরা খুব অসহায়ভাবে তাকিয়ে আছে আমাদের দিকে। রোজার দিন বলে কেউ রক্তদান করতে চায় না। আপনি একটু বলে দিলে সবাই মানবতার এই কাজে ঝাপিয়েঁ পড়বে। আপনিও অসহায়দের দুয়া পাবেন। সো প্লিজ-","আপনার অনেক অন্ধ ভক্ত আছে আমার মত, তাদের সবাইকে বলে দিয়েন রক্তদানে এগিয়ে আসতে। বিশেষ করে, এই রমজানে মূমুর্ষূ রোগীরা খুব অসহায়ভাবে তাকিয়ে আছে আমাদের দিকে। রোজার দিন বলে কেউ রক্তদান করতে চায় না। আপনি একটু বলে দিলে সবাই মানবতার এই কাজে ঝাপিয়েঁ পড়বে। আপনিও অসহায়দের দুয়া পাবেন। সো প্লিজ-"
text withheld: corpus licence does not permit redistribution,0,0.0,banglasarc,সাদী শরীফ উদ্দিন,সাদী শরীফ উদ্দিন
text withheld: corpus licence does not permit redistribution,1,1.0,banglasarc,"আসুন ভাগ করুন ... আপনি গ্রেনেড নেবেন, আমি পিনটি নেব।","আসুন ভাগ করুন ... আপনি গ্রেনেড নেবেন, আমি পিনটি নেব।"
text withheld: corpus licence does not permit redistribution,0,0.0,banglasarc,ঐ যারা কমেন্ট করতেছেন ধীরে সূস্থে করেন।আর বানান যেনো ভুল না হয়। আপনার প্রতিটা কমেন্ট অনেক মূল্যবান।,ঐ যারা কমেন্ট করতেছেন ধীরে সূস্থে করেন।আর বানান যেনো ভুল না হয়। আপনার প্রতিটা কমেন্ট অনেক মূল্যবান।
text withheld: corpus licence does not permit redistribution,0,0.0,banglasarc,ভাই তুই ওর শরীর প্রদর্শনের লিংক দে... আমি দেখতে চাই।দেখমূ আর *ত মারমু । দে তুই ।,ভাই তুই ওর শরীর প্রদর্শনের লিংক দে... আমি দেখতে চাই।দেখমূ আর *ত মারমু । দে তুই ।
text withheld: corpus licence does not permit redistribution,1,1.0,banglasarc,"আমার ছেলে আমাকে জিজ্ঞাসা করেছিল যে এটি বিবাহিত হতে পছন্দ করে তাই আমি তাকে আমাকে ছেড়ে যেতে বলেছিলাম।তিনি যখন করেছিলেন, আমি জিজ্ঞাসা করলাম কেন তিনি আমাকে উপেক্ষা করছেন।","আমার ছেলে আমাকে জিজ্ঞাসা করেছিল যে এটি বিবাহিত হতে পছন্দ করে তাই আমি তাকে আমাকে ছেড়ে যেতে বলেছিলাম।তিনি যখন করেছিলেন, আমি জিজ্ঞাসা করলাম কেন তিনি আমাকে উপেক্ষা করছেন।"
text withheld: corpus licence does not permit redistribution,0,0.0,banglasarc,দাম কেমন শাড়ি গুলোর? আর এ গুলো কি শাড়ি? নাম কি?,দাম কেমন শাড়ি গুলোর? আর এ গুলো কি শাড়ি? নাম কি?
text withheld: corpus licence does not permit redistribution,1,1.0,banglasarc,একটি অর্ধ-সত্য একটি সম্পূর্ণ মিথ্যা।,একটি অর্ধ-সত্য একটি সম্পূর্ণ মিথ্যা।
text withheld: corpus licence does not permit redistribution,0,0.0,banglasarc,গুজব সত্যি হইতে কতক্ষন,গুজব সত্যি হইতে কতক্ষন
text withheld: corpus licence does not permit redistribution,0,0.0,banglasarc,"ভারতে গিয়ে কি লাভ,,পাকিস্তান নয়তো আফগানিস্তানে নিয়ে যান","ভারতে গিয়ে কি লাভ,,পাকিস্তান নয়তো আফগানিস্তানে নিয়ে যান"
text withheld: corpus licence does not permit redistribution,1,1.0,banglasarc,"আমার ছোট বাচ্চাকে কিছু খেতে উত্সাহিত করার জন্য, আমি মাঝে মাঝে বলতে চাই- কেবল এটির বালি ভান করুন।","আমার ছোট বাচ্চাকে কিছু খেতে উত্সাহিত করার জন্য, আমি মাঝে মাঝে বলতে চাই- কেবল এটির বালি ভান করুন।"
text withheld: corpus licence does not permit redistribution,0,0.0,banglasarc,মিডিয়ার দালালী আর কত সহ্য করা লাগবো???,মিডিয়ার দালালী আর কত সহ্য করা লাগবো???
text withheld: corpus licence does not permit redistribution,0,0.0,banglasarc,আপনি স্যার উনাকে যে মনে রেখেছেন তাতেই বোঝা যায় উনার থেকে আপনি ও কম মহৎ নয়। আপনি অনেক সুন্দর মনের মানুষ।,আপনি স্যার উনাকে যে মনে রেখেছেন তাতেই বোঝা যায় উনার থেকে আপনি ও কম মহৎ নয়। আপনি অনেক সুন্দর মনের মানুষ।
text withheld: corpus licence does not permit redistribution,1,1.0,banglasarc,বিশ্রী মুহূর্তটি যখন আপনি সেই এক বন্ধু যিনি সর্বদা সম্পর্কের পরামর্শ দেন তবে এখনও অবিবাহিত।,বিশ্রী মুহূর্তটি যখন আপনি সেই এক বন্ধু যিনি সর্বদা সম্পর্কের পরামর্শ দেন তবে এখনও অবিবাহিত।
text withheld: corpus licence does not permit redistribution,0,0.0,banglasarc,"আমি কক্সবাজার সমুদ্রসৈকত দেখেছি, কিন্তু জায়েদের মতো বিশাল মাপের নির্লজ্জ বেহায়া দেখি নি।","আমি কক্সবাজার সমুদ্রসৈকত দেখেছি, কিন্তু জায়েদের মতো বিশাল মাপের নির্লজ্জ বেহায়া দেখি নি।"
text withheld: corpus licence does not permit redistribution,0,0.0,banglasarc,সবার যাত্রা শুভ হোক,সবার যাত্রা শুভ হোক
text withheld: corpus licence does not permit redistribution,0,0.0,banglasarc,পৃথিবীর সৌভাগ্যবান একজন,পৃথিবীর সৌভাগ্যবান একজন
text withheld: corpus licence does not permit redistribution,0,0.0,banglasarc,মাশাআল্লাহ...... পুতুল গুলো নিয়ে খেলা করা তাহলে সমস্যা নয়!!!!!,মাশাআল্লাহ...... পুতুল গুলো নিয়ে খেলা করা তাহলে সমস্যা নয়!!!!!
text withheld: corpus licence does not permit redistribution,1,1.0,banglasarc,লোকেরা ‘ওকে’ এর পরিবর্তে ‘কে’ লিখে যে সমস্ত অতিরিক্ত সময় বাঁচায় তা নিয়ে লোকেরা কী করবে?,লোকেরা ‘ওকে’ এর পরিবর্তে ‘কে’ লিখে যে সমস্ত অতিরিক্ত সময় বাঁচায় তা নিয়ে লোকেরা কী করবে?
text withheld: corpus licence does not permit redistribution,1,1.0,banglasarc,একটি সর্বোচ্চের সঠিক অনুপাত কি?সর্বাধিক অর্থে ন্যূনতম শব্দ।,একটি সর্বোচ্চের সঠিক অনুপাত কি?সর্বাধিক অর্থে ন্যূনতম শব্দ।
text withheld: corpus licence does not permit redistribution,1,1.0,banglasarc,এখানে আমাকে আমার কাছে গুরুত্বপূর্ণ কী তা ফেলে দিন এবং আপনার এবং আপনার সমস্ত প্রয়োজনের দিকে মনোযোগ দিন।,এখানে আমাকে আমার কাছে গুরুত্বপূর্ণ কী তা ফেলে দিন এবং আপনার এবং আপনার সমস্ত প্রয়োজনের দিকে মনোযোগ দিন।
text withheld: corpus licence does not permit redistribution,1,1.0,banglasarc,অবশ্যই এটি খারাপ জিনিস হতে পারে না,অবশ্যই এটি খারাপ জিনিস হতে পারে না
text withheld: corpus licence does not permit redistribution,1,1.0,banglasarc,"""god শ্বর পুরুষদের একটি লিঙ্গ এবং মস্তিষ্ক উভয়ই দিয়েছেন, তবে দুর্ভাগ্যক্রমে একই সাথে উভয়ই চালানোর জন্য পর্যাপ্ত রক্ত সরবরাহ নেই।""","""god শ্বর পুরুষদের একটি লিঙ্গ এবং মস্তিষ্ক উভয়ই দিয়েছেন, তবে দুর্ভাগ্যক্রমে একই সাথে উভয়ই চালানোর জন্য পর্যাপ্ত রক্ত সরবরাহ নেই।"""
text withheld: corpus licence does not permit redistribution,0,0.0,banglasarc,ভয়ঙ্কর সুন্দর 😍,ভয়ঙ্কর সুন্দর 😍
text withheld: corpus licence does not permit redistribution,0,0.0,banglasarc,এখানে সবাইকে ফ্রী করে দেওয়া উচিত।,এখানে সবাইকে ফ্রী করে দেওয়া উচিত।
text withheld: corpus licence does not permit redistribution,0,0.0,banglasarc,"এটা আমাদের ছাতক শহর,আল্লাহ হেফাজতকারি","এটা আমাদের ছাতক শহর,আল্লাহ হেফাজতকারি"
text withheld: corpus licence does not permit redistribution,0,0.0,banglasarc,কিছু দিন পরে আইন আসবে হাইওয়েতে বাইক চালানো নিষিদ্ধ।,কিছু দিন পরে আইন আসবে হাইওয়েতে বাইক চালানো নিষিদ্ধ।
text withheld: corpus licence does not permit redistribution,1,1.0,banglasarc,সাফল্য ভাল প্রতিশোধ.আমি সর্বদা অনুভব করি যে মহিলাদের তাদের কটাক্ষ বা সাফল্যের সাথে উত্তর দেওয়া উচিত।,সাফল্য ভাল প্রতিশোধ.আমি সর্বদা অনুভব করি যে মহিলাদের তাদের কটাক্ষ বা সাফল্যের সাথে উত্তর দেওয়া উচিত।
text withheld: corpus licence does not permit redistribution,0,0.0,banglasarc,এটা আমার আজকের কাহিনী,এটা আমার আজকের কাহিনী
text withheld: corpus licence does not permit redistribution,0,0.0,banglasarc,আপোষহীন নেত্রী!! আল্লাহ্ উনাকে নেক হায়াত দান করুন!!,আপোষহীন নেত্রী!! আল্লাহ্ উনাকে নেক হায়াত দান করুন!!
text withheld: corpus licence does not permit redistribution,0,0.0,banglasarc,সারাদিন পরিমনির পেইজে ঘুরো যে ওউ টপ ফ্যান দিছে,সারাদিন পরিমনির পেইজে ঘুরো যে ওউ টপ ফ্যান দিছে
text withheld: corpus licence does not permit redistribution,0,0.0,banglasarc,দাত এ আটা মারছে মনে হয়,দাত এ আটা মারছে মনে হয়
text withheld: corpus licence does not permit redistribution,0,0.0,banglasarc,তদন্ত করার দাবি জানাচ্ছি,তদন্ত করার দাবি জানাচ্ছি
text withheld: corpus licence does not permit redistribution,0,0.0,banglasarc,"ঢাকায় বাংলামটর এসে যে কাউকে জিজ্ঞেস করবেন মোতালিব প্লাজা কোথায়, সে আপনাকে পথ বলে দিবেন।","ঢাকায় বাংলামটর এসে যে কাউকে জিজ্ঞেস করবেন মোতালিব প্লাজা কোথায়, সে আপনাকে পথ বলে দিবেন।"
text withheld: corpus licence does not permit redistribution,0,0.0,banglasarc,বাংলাদেশের সেরা একজন অভিনেত্রী,বাংলাদেশের সেরা একজন অভিনেত্রী
text withheld: corpus licence does not permit redistribution,0,0.0,banglasarc,বঙ্গবন্ধুর স্বপ্ন গুলা একের পর এক বাস্তবায়ন করছেন।,বঙ্গবন্ধুর স্বপ্ন গুলা একের পর এক বাস্তবায়ন করছেন।
text withheld: corpus licence does not permit redistribution,0,0.0,banglasarc,দুই বন্ধুর বন্ধুত্ব অটুট থাকুক - এই দোয়া করি।,দুই বন্ধুর বন্ধুত্ব অটুট থাকুক - এই দোয়া করি।
text withheld: corpus licence does not permit redistribution,0,0.0,banglasarc,চট্রগ্রামের মানুষ অনেক ভাল সিলেট অপেক্ষায় /আগুনে আর বন্যায় দুইটার মধ্যকার পার্থক্য,চট্রগ্রামের মানুষ অনেক ভাল সিলেট অপেক্ষায় /আগুনে আর বন্যায় দুইটার মধ্যকার পার্থক্য
text withheld: corpus licence does not permit redistribution,0,0.0,banglasarc,"তুমি তো যুবতী, তুমি এখনো অনেক কাঁচা আছো, তাই তোমার নাম দিয়েছে কাঁচা টমেটো,, আর ওনি তো বুইড়া হয়ে পেকে গেছে, তাই ওনার নাম পাকা টমেটো","তুমি তো যুবতী, তুমি এখনো অনেক কাঁচা আছো, তাই তোমার নাম দিয়েছে কাঁচা টমেটো,, আর ওনি তো বুইড়া হয়ে পেকে গেছে, তাই ওনার নাম পাকা টমেটো"
text withheld: corpus licence does not permit redistribution,1,1.0,banglasarc,"আপনি কি আগামীকাল মুক্ত ""না, আমি ব্যয়বহুল","আপনি কি আগামীকাল মুক্ত ""না, আমি ব্যয়বহুল"
text withheld: corpus licence does not permit redistribution,1,1.0,banglasarc,আমার নিজের স্ব-সম্মান আমাকে কারও সাথে কথোপকথন করতে দেয় না।,আমার নিজের স্ব-সম্মান আমাকে কারও সাথে কথোপকথন করতে দেয় না।
text withheld: corpus licence does not permit redistribution,1,1.0,banglasarc,"""কখনও কখনও আমি মানুষের সাথে দেখা করি এবং তাদের কুকুরের জন্য খারাপ লাগে।""","""কখনও কখনও আমি মানুষের সাথে দেখা করি এবং তাদের কুকুরের জন্য খারাপ লাগে।"""
text withheld: corpus licence does not permit redistribution,1,1.0,banglasarc,বাহ ... আমি দেখতে দেখতে পাচ্ছি সত্যিই দোষী দোষী সাব্যস্ত#নোটপ্রেসড,বাহ ... আমি দেখতে দেখতে পাচ্ছি সত্যিই দোষী দোষী সাব্যস্ত#নোটপ্রেসড
text withheld: corpus licence does not permit redistribution,0,0.0,banglasarc,তোর এত সমস্যা কেন ভাই বেয়াদব ছেলে,তোর এত সমস্যা কেন ভাই বেয়াদব ছেলে
text withheld: corpus licence does not permit redistribution,1,1.0,banglasarc,আমি প্রায় একটি f..ck দিয়েছি।আমার থেকে ছিটেফোঁটা ভয়।,আমি প্রায় একটি f..ck দিয়েছি।আমার থেকে ছিটেফোঁটা ভয়।
text withheld: corpus licence does not permit redistribution,0,0.0,banglasarc,আর চুইঝাল খেলাম জীবনে প্রথমবারের মতো ❤️,আর চুইঝাল খেলাম জীবনে প্রথমবারের মতো ❤️
text withheld: corpus licence does not permit redistribution,0,0.0,banglasarc,"অনুগ্রহ করে জানাবেন, আপনি এই অফার সম্পর্কিত কোন এসএমএস পেয়েছিলেন কিনা?","অনুগ্রহ করে জানাবেন, আপনি এই অফার সম্পর্কিত কোন এসএমএস পেয়েছিলেন কিনা?"
text withheld: corpus licence does not permit redistribution,0,0.0,banglasarc,"এত উচ্ছ-বিত্ত পরিবারের দুইটা মানুষ অথচ কত নিরহংকারী! কতটা নম্র অমায়িক বাচনভঙ্গি, আচরণের দিকে থেকে (হাবিব নাতালিয়া)এর মধ্যে হাবিব সাহেব শেওয়ার ভাইয়ের ধারে কাছেও না! এরাই প্রকৃত মানুষ! শুভ জন্মদিন শেওয়ার ভাই! আর ভাবির জন্য রইলো শুভ কামনা","এত উচ্ছ-বিত্ত পরিবারের দুইটা মানুষ অথচ কত নিরহংকারী! কতটা নম্র অমায়িক বাচনভঙ্গি, আচরণের দিকে থেকে (হাবিব নাতালিয়া)এর মধ্যে হাবিব সাহেব শেওয়ার ভাইয়ের ধারে কাছেও না! এরাই প্রকৃত মানুষ! শুভ জন্মদিন শেওয়ার ভাই! আর ভাবির জন্য রইলো শুভ কামনা"
text withheld: corpus licence does not permit redistribution,0,0.0,banglasarc,সাধারণ মানুষের অনেক সুবিধা হয়েছে।,সাধারণ মানুষের অনেক সুবিধা হয়েছে।
text withheld: corpus licence does not permit redistribution,1,1.0,banglasarc,আমি আপনাকে এটি ব্যাখ্যা করতে পারি তবে আমি এটি আপনার জন্য বুঝতে পারি না।,আমি আপনাকে এটি ব্যাখ্যা করতে পারি তবে আমি এটি আপনার জন্য বুঝতে পারি না।
text withheld: corpus licence does not permit redistribution,0,0.0,banglasarc,পিক আপ অর্ডারের ক্ষেত্রে আমাদের চলমান ভাউচার সংক্রান্ত কোন তথ্য দিয়ে আপনাকে সহায়তা করতে পারছি না বলে আমরা আন্তরিকভাবে দুঃখিত।,পিক আপ অর্ডারের ক্ষেত্রে আমাদের চলমান ভাউচার সংক্রান্ত কোন তথ্য দিয়ে আপনাকে সহায়তা করতে পারছি না বলে আমরা আন্তরিকভাবে দুঃখিত।
text withheld: corpus licence does not permit redistribution,0,0.0,banglasarc,দ্য লিজেন্ড অনন্ত ভাই ♥,দ্য লিজেন্ড অনন্ত ভাই ♥
text withheld: corpus licence does not permit redistribution,1,1.0,banglasarc,"আমি কিছু মনে করি না, এটি সর্বোপরি একটি পরামর্শ","আমি কিছু মনে করি না, এটি সর্বোপরি একটি পরামর্শ"
text withheld: corpus licence does not permit redistribution,0,0.0,banglasarc,দিনশেষে সন্তানের সাফল্যেই তারা হাসেন বিজয়ের হাসি।,দিনশেষে সন্তানের সাফল্যেই তারা হাসেন বিজয়ের হাসি।
text withheld: corpus licence does not permit redistribution,0,0.0,banglasarc,"হিরো আলম এর ভাষা শুনে মনে হচ্ছে আবাল ছাবাল মিডিয়া দখল করেছে,,,, শুধু মানুষ চিনলেই হবে যোগ্যতা লাগবে সাধারণ মানুষ হিরো দের থেকে অনেক কিছু শিক্ষা নেই,,,, হিরো আলম এর যা আছে সেটা হলো অজ্ঞতার কিছু ভিউয়ার যেটা শুধু ইউটিউবে ইনকাম বাড়াই,,, সামাজিক শিক্ষা, সমাজের উচ্চতর দিকে টেনে নিয়ে যাইনা।।।।।।।। জাহেদ খান কে না চিনলেও তার মধ্যে অনেক কিছু আছে যা হিরো আলমের কখনো ছিলো না হবেও না।।।। ক্ষ্যেত ভিউ আর অশিক্ষিত পাব্লিকের হাসি মস্করার হিরো হিসাবে তার নাম থাকলেও মুলত সে মিডিয়া তে কাজ করার যে যোগ্যতা লাগে তার কিছুই নেই কিছুই নেই কিছুই নে,,,, শুধু কত মানুষ চিনলো সেই হিসাব করলে তো দেশের বড় বড় প্রডিউসার রা তার পিছুনে ঘুরতো।।।।।","হিরো আলম এর ভাষা শুনে মনে হচ্ছে আবাল ছাবাল মিডিয়া দখল করেছে,,,, শুধু মানুষ চিনলেই হবে যোগ্যতা লাগবে সাধারণ মানুষ হিরো দের থেকে অনেক কিছু শিক্ষা নেই,,,, হিরো আলম এর যা আছে সেটা হলো অজ্ঞতার কিছু ভিউয়ার যেটা শুধু ইউটিউবে ইনকাম বাড়াই,,, সামাজিক শিক্ষা, সমাজের উচ্চতর দিকে টেনে নিয়ে যাইনা।।।।।।।। জাহেদ খান কে না চিনলেও তার মধ্যে অনেক কিছু আছে যা হিরো আলমের কখনো ছিলো না হবেও না।।।। ক্ষ্যেত ভিউ আর অশিক্ষিত পাব্লিকের হাসি মস্করার হিরো হিসাবে তার নাম থাকলেও মুলত সে মিডিয়া তে কাজ করার যে যোগ্যতা লাগে তার কিছুই নেই কিছুই নেই কিছুই নে,,,, শুধু কত মানুষ চিনলো সেই হিসাব করলে তো দেশের বড় বড় প্রডিউসার রা তার পিছুনে ঘুরতো।।।।।"
text withheld: corpus licence does not permit redistribution,1,1.0,banglasarc,"আপনি কি বরং এক মিলিয়ন টাকা, বা [নাম সন্নিবেশ করুন] এর মাথা নিকেল পূর্ণ?","আপনি কি বরং এক মিলিয়ন টাকা, বা [নাম সন্নিবেশ করুন] এর মাথা নিকেল পূর্ণ?"
text withheld: corpus licence does not permit redistribution,1,1.0,banglasarc,"নীরবতা সোনালি, নালী টেপ রৌপ্য।","নীরবতা সোনালি, নালী টেপ রৌপ্য।"
text withheld: corpus licence does not permit redistribution,0,0.0,banglasarc,আহ প্রকৃতি,আহ প্রকৃতি
text withheld: corpus licence does not permit redistribution,1,1.0,banglasarc,আরে ওবামার মাথার পিছনে পর্দা ছিল এমন ক্লিপটি পোস্ট করুন শয়তান শিংয়ের মতো দেখতে এবং এইভাবে ওবামা দেখানো লুসিফার অবতার ছাড়া আর কিছুই নয়।,আরে ওবামার মাথার পিছনে পর্দা ছিল এমন ক্লিপটি পোস্ট করুন শয়তান শিংয়ের মতো দেখতে এবং এইভাবে ওবামা দেখানো লুসিফার অবতার ছাড়া আর কিছুই নয়।
text withheld: corpus licence does not permit redistribution,1,1.0,banglasarc,যোগাযোগের একক বৃহত্তম সমস্যা হ'ল এটি যে মায়া হয়েছিল।,যোগাযোগের একক বৃহত্তম সমস্যা হ'ল এটি যে মায়া হয়েছিল।
text withheld: corpus licence does not permit redistribution,1,1.0,banglasarc,"""আমার একা সময় কখনও কখনও আপনার সুরক্ষার জন্য হয়।""","""আমার একা সময় কখনও কখনও আপনার সুরক্ষার জন্য হয়।"""
text withheld: corpus licence does not permit redistribution,1,1.0,banglasarc,দুর্বলতার জন্য আমার নীরবতা কখনই ভুল করবেন না।কেউই জোরে হত্যার পরিকল্পনা করে না,দুর্বলতার জন্য আমার নীরবতা কখনই ভুল করবেন না।কেউই জোরে হত্যার পরিকল্পনা করে না
text withheld: corpus licence does not permit redistribution,0,0.0,banglasarc,"আপনি ও আপনার পরিবারের সকলকে পবিত্র ঈদের শুভেচ্ছা. সকলেই ঘরে থাকুন,নিরাপদ থাকুন.","আপনি ও আপনার পরিবারের সকলকে পবিত্র ঈদের শুভেচ্ছা. সকলেই ঘরে থাকুন,নিরাপদ থাকুন."
text withheld: corpus licence does not permit redistribution,1,1.0,banglasarc,"""আমি মাতাল হতে পারি, মিস হতে পারি, তবে সকালে আমি শান্ত থাকব এবং আপনি এখনও কুৎসিত থাকবেন।""","""আমি মাতাল হতে পারি, মিস হতে পারি, তবে সকালে আমি শান্ত থাকব এবং আপনি এখনও কুৎসিত থাকবেন।"""
text withheld: corpus licence does not permit redistribution,0,0.0,banglasarc,আমি তোমার খাওয়ার গুলো দেখি আর ভাবি মা শা আল্লাহ এত কিছু খেতে পারো তার পরও স্কিন বডি ফিট,আমি তোমার খাওয়ার গুলো দেখি আর ভাবি মা শা আল্লাহ এত কিছু খেতে পারো তার পরও স্কিন বডি ফিট
text withheld: corpus licence does not permit redistribution,0,0.0,banglasarc,মহারানী নিয়ে নতুন কিছু হবে নাকি,মহারানী নিয়ে নতুন কিছু হবে নাকি
text withheld: corpus licence does not permit redistribution,0,0.0,banglasarc,"অংক কষে নিছে, তবে ফলাফল ভূল।","অংক কষে নিছে, তবে ফলাফল ভূল।"
text withheld: corpus licence does not permit redistribution,0,0.0,banglasarc,তোমার ড্রেস টা অনেক সুন্দর।,তোমার ড্রেস টা অনেক সুন্দর।
text withheld: corpus licence does not permit redistribution,1,1.0,banglasarc,"""আমি যখন 35 তে 50 টি করে থাকি তখন আমাকে টেলগেট করার কোনও কারণ নেই your এবং আপনার গাড়ির উপরে থাকা সেই ফ্ল্যাশিং লাইটগুলি হাস্যকর দেখায়।""","""আমি যখন 35 তে 50 টি করে থাকি তখন আমাকে টেলগেট করার কোনও কারণ নেই your এবং আপনার গাড়ির উপরে থাকা সেই ফ্ল্যাশিং লাইটগুলি হাস্যকর দেখায়।"""
text withheld: corpus licence does not permit redistribution,0,0.0,banglasarc,বাবার মতোই ।,বাবার মতোই ।
text withheld: corpus licence does not permit redistribution,0,0.0,banglasarc,ঐ দেহ তোমার একদিন কাল হবে।,ঐ দেহ তোমার একদিন কাল হবে।
text withheld: corpus licence does not permit redistribution,0,0.0,banglasarc,কথা গুলো অন্যের হলেও নিজের জীবন চলার পথের পাথেয় হয়ে রইলো। খুব ভালো লেগেছে।,কথা গুলো অন্যের হলেও নিজের জীবন চলার পথের পাথেয় হয়ে রইলো। খুব ভালো লেগেছে।
text withheld: corpus licence does not permit redistribution,0,0.0,banglasarc,পরের জন্য তৈরি করা ফাদে কাল আপনিও পরবেন।,পরের জন্য তৈরি করা ফাদে কাল আপনিও পরবেন।
text withheld: corpus licence does not permit redistribution,1,1.0,banglasarc,"""প্রত্যেকের জন্য কেউ আছেন এবং আপনার জন্য সেই ব্যক্তি একজন মনোরোগ বিশেষজ্ঞ।""","""প্রত্যেকের জন্য কেউ আছেন এবং আপনার জন্য সেই ব্যক্তি একজন মনোরোগ বিশেষজ্ঞ।"""
text withheld: corpus licence does not permit redistribution,1,1.0,banglasarc,আপনি যে প্রতিটি স্মার্ট জিনিসটির জন্য আপনাকে একটি ডলার দিতে হয় তবে আমি প্রচুর অর্থ সাশ্রয় করব।,আপনি যে প্রতিটি স্মার্ট জিনিসটির জন্য আপনাকে একটি ডলার দিতে হয় তবে আমি প্রচুর অর্থ সাশ্রয় করব।
text withheld: corpus licence does not permit redistribution,0,0.0,banglasarc,"প্রত্যেকটি গ্রামে, ওয়ার্ড এ আওয়ামী লীগের নেতৃত্বে নিত্য প্রয়োজনীয় জিনিস পত্র এবং খাদ্য দ্রব্য সংগ্রহ করে দরিদ্রদের মাঝে প্রতিদিন বিতরণ করা উচিত। ইন্ডিয়া তে যেভাবে রেশন দিয়ে থাকে। সাথে সাথে হাসপাতাল কিংবা ইমার্জেন্সি তে যারা যারা কাজ করছেন, তাঁদের পরিবারের কাছে খাদ্য দ্রব্য পৌছিয়ে দেওয়ার জন্য আওয়ামী লীগের নেতৃবৃন্দের উদ্বেগ গ্রহণ করা উচিত।","প্রত্যেকটি গ্রামে, ওয়ার্ড এ আওয়ামী লীগের নেতৃত্বে নিত্য প্রয়োজনীয় জিনিস পত্র এবং খাদ্য দ্রব্য সংগ্রহ করে দরিদ্রদের মাঝে প্রতিদিন বিতরণ করা উচিত। ইন্ডিয়া তে যেভাবে রেশন দিয়ে থাকে। সাথে সাথে হাসপাতাল কিংবা ইমার্জেন্সি তে যারা যারা কাজ করছেন, তাঁদের পরিবারের কাছে খাদ্য দ্রব্য পৌছিয়ে দেওয়ার জন্য আওয়ামী লীগের নেতৃবৃন্দের উদ্বেগ গ্রহণ করা উচিত।"
text withheld: corpus licence does not permit redistribution,0,0.0,banglasarc,মৃত্যুর এতদিন পর মুখ খুললেন নিলয়ের বউ নওশিন,মৃত্যুর এতদিন পর মুখ খুললেন নিলয়ের বউ নওশিন
text withheld: corpus licence does not permit redistribution,1,1.0,banglasarc,দলগুলি কেবল আমাদের প্রতিবার আমাদের বন্ধ করে দেয় এমনভাবে আমাদের কাছে কেবল পাওয়ার প্লেতে রাখা উচিত!,দলগুলি কেবল আমাদের প্রতিবার আমাদের বন্ধ করে দেয় এমনভাবে আমাদের কাছে কেবল পাওয়ার প্লেতে রাখা উচিত!
text withheld: corpus licence does not permit redistribution,1,1.0,banglasarc,হাহাহা তুমি এত চালাক না ..,হাহাহা তুমি এত চালাক না ..
text withheld: corpus licence does not permit redistribution,1,1.0,banglasarc,হ্যাঁ তবে তারা পক্ষপাতদুষ্ট না হয়ে ট্রপগুলি বনাম মহিলাদের সম্পর্কে কথা বলতে পারে কারণ তারা পুরুষ - লালচে হয়।,হ্যাঁ তবে তারা পক্ষপাতদুষ্ট না হয়ে ট্রপগুলি বনাম মহিলাদের সম্পর্কে কথা বলতে পারে কারণ তারা পুরুষ - লালচে হয়।
text withheld: corpus licence does not permit redistribution,0,0.0,banglasarc,"মানুষের ঈমান নষ্ট হলে যা হয় আর কি, অসামাজিক ভাবে বেড়ে উঠা ছেলে মেয়েরা বলতে পারে এবং সেভাবে চলে ওরা।ওদের কারনে সমাজ আজ বিপদগামি..","মানুষের ঈমান নষ্ট হলে যা হয় আর কি, অসামাজিক ভাবে বেড়ে উঠা ছেলে মেয়েরা বলতে পারে এবং সেভাবে চলে ওরা।ওদের কারনে সমাজ আজ বিপদগামি.."
text withheld: corpus licence does not permit redistribution,0,0.0,banglasarc,মেয়ের বিয়ের গান নিজে সুর দিলেন,মেয়ের বিয়ের গান নিজে সুর দিলেন
text withheld: corpus licence does not permit redistribution,0,0.0,banglasarc,ভাইয়া আর ভাবি আমাদের এলাকায়...!!!,ভাইয়া আর ভাবি আমাদের এলাকায়...!!!
text withheld: corpus licence does not permit redistribution,1,1.0,banglasarc,"আমি জানি পরিবার প্রথমে আসে, তবে প্রাতঃরাশের পরে এর অর্থ হওয়া উচিত নয়?","আমি জানি পরিবার প্রথমে আসে, তবে প্রাতঃরাশের পরে এর অর্থ হওয়া উচিত নয়?"
text withheld: corpus licence does not permit redistribution,0,0.0,banglasarc,"অসাধারণ, বাঁচতে শিখে গেলে ভালো থাকা সহজ হয়ে যায়","অসাধারণ, বাঁচতে শিখে গেলে ভালো থাকা সহজ হয়ে যায়"
text withheld: corpus licence does not permit redistribution,0,0.0,banglasarc,ধন্যবাদ বাংলাদেশ সরকার,ধন্যবাদ বাংলাদেশ সরকার
text withheld: corpus licence does not permit redistribution,1,1.0,banglasarc,"""তার সাথে সমস্যাটি হ'ল তার কথোপকথনের শক্তি নেই তবে বক্তৃতা শক্তি নয়।""","""তার সাথে সমস্যাটি হ'ল তার কথোপকথনের শক্তি নেই তবে বক্তৃতা শক্তি নয়।"""
text withheld: corpus licence does not permit redistribution,0,0.0,banglasarc,স্যালুট ভাই স্যালুট,স্যালুট ভাই স্যালুট
text withheld: corpus licence does not permit redistribution,1,1.0,banglasarc,যতক্ষণ না আপনি জিনিসগুলির কোনও মজার দিক না দেখেন ততক্ষণ আপনি সত্যই শক্তিশালী হতে পারবেন না।,যতক্ষণ না আপনি জিনিসগুলির কোনও মজার দিক না দেখেন ততক্ষণ আপনি সত্যই শক্তিশালী হতে পারবেন না।
text withheld: corpus licence does not permit redistribution,0,0.0,banglasarc,"সোনা, এই ছবির ক্রেডিট আম্রে দিলানা৷ অন্যগুলির ক্রেডিট তো চাইনা","সোনা, এই ছবির ক্রেডিট আম্রে দিলানা৷ অন্যগুলির ক্রেডিট তো চাইনা"
text withheld: corpus licence does not permit redistribution,0,0.0,banglasarc,আমার তো কাজল মাশকারা দিতে ভয় লাগে মনে হয় চোখে গুতা লাগবে,আমার তো কাজল মাশকারা দিতে ভয় লাগে মনে হয় চোখে গুতা লাগবে
text withheld: corpus licence does not permit redistribution,0,0.0,banglasarc,দেশের তরে ।।।,দেশের তরে ।।।
text withheld: corpus licence does not permit redistribution,1,1.0,banglasarc,"আমার পরিবারে, পাগল কোনও প্রজন্মকে এড়িয়ে যায় না।","আমার পরিবারে, পাগল কোনও প্রজন্মকে এড়িয়ে যায় না।"
text withheld: corpus licence does not permit redistribution,1,1.0,banglasarc,এই দেশপ্রেমিকদের জন্য একটি কোট ধরুন!,এই দেশপ্রেমিকদের জন্য একটি কোট ধরুন!
text withheld: corpus licence does not permit redistribution,1,1.0,banglasarc,"লোকেরা আমাকে জিজ্ঞাসা করে, ""আপনি অবিবাহিত কেন?আপনি আকর্ষণীয়, বুদ্ধিমান এবং সৃজনশীল। ""আমার উত্তরটি হ'ল ""আমি অযোগ্য।""","লোকেরা আমাকে জিজ্ঞাসা করে, ""আপনি অবিবাহিত কেন?আপনি আকর্ষণীয়, বুদ্ধিমান এবং সৃজনশীল। ""আমার উত্তরটি হ'ল ""আমি অযোগ্য।"""
text withheld: corpus licence does not permit redistribution,1,1.0,banglasarc,"""জীবন সংক্ষিপ্ত. যতদিন দাঁত আছে ততদিন হেসে নাও.""","""জীবন সংক্ষিপ্ত. যতদিন দাঁত আছে ততদিন হেসে নাও."""
text withheld: corpus licence does not permit redistribution,0,0.0,banglasarc,আপি আপনার বর মানে আমাদের ভাইয়াকে সব সময় এমন করে ভালোবাসবেন আর খুনসুটিতে মেতে উঠবেন।সবার জীবনে ভালো বর আবার এমন আদরীনি বউ ও জোটেনা আল্লাহ আপনাদের জুটি বেধে দিয়েছেন শুকুর-আলহামদুলিল্লাহ্।ভালো থাকবেন।,আপি আপনার বর মানে আমাদের ভাইয়াকে সব সময় এমন করে ভালোবাসবেন আর খুনসুটিতে মেতে উঠবেন।সবার জীবনে ভালো বর আবার এমন আদরীনি বউ ও জোটেনা আল্লাহ আপনাদের জুটি বেধে দিয়েছেন শুকুর-আলহামদুলিল্লাহ্।ভালো থাকবেন।
text withheld: corpus licence does not permit redistribution,1,1.0,banglasarc,আমি জগ করতাম তবে বরফের কিউবগুলি আমার গ্লাস থেকে পড়ে যেতে থাকে।,আমি জগ করতাম তবে বরফের কিউবগুলি আমার গ্লাস থেকে পড়ে যেতে থাকে।
text withheld: corpus licence does not permit redistribution,1,1.0,banglasarc,আমার রান্নাঘর থেকে বিশেষ দূরত্ব প্রয়োজন।আমি ফ্যাট গাধা জন্য ইতিবাচক পরীক্ষা করেছি,আমার রান্নাঘর থেকে বিশেষ দূরত্ব প্রয়োজন।আমি ফ্যাট গাধা জন্য ইতিবাচক পরীক্ষা করেছি
text withheld: corpus licence does not permit redistribution,0,0.0,banglasarc,আমার পছন্দের একজন নায়কলাব ইউ ভাই,আমার পছন্দের একজন নায়কলাব ইউ ভাই
text withheld: corpus licence does not permit redistribution,0,0.0,banglasarc,"সুস্বাগতম। আপনার অনেক ভক্ত আছে আমার মত, তাদের সবাইকে বলে দিয়েন রক্তদানে এগিয়ে আসতে। বিশেষ করে, এই রমজানে মূমুর্ষূ রোগীরা খুব অসহায়ভাবে তাকিয়ে আছে আমাদের দিকে। রোজার দিন বলে কেউ রক্তদান করতে চায় না। আপনি একটু বলে দিলে সবাই মানবতার এই কাজে ঝাপিয়েঁ পড়বে। আপনিও অসহায়দের দুয়া পাবেন। সো প্লিজ-","সুস্বাগতম। আপনার অনেক ভক্ত আছে আমার মত, তাদের সবাইকে বলে দিয়েন রক্তদানে এগিয়ে আসতে। বিশেষ করে, এই রমজানে মূমুর্ষূ রোগীরা খুব অসহায়ভাবে তাকিয়ে আছে আমাদের দিকে। রোজার দিন বলে কেউ রক্তদান করতে চায় না। আপনি একটু বলে দিলে সবাই মানবতার এই কাজে ঝাপিয়েঁ পড়বে। আপনিও অসহায়দের দুয়া পাবেন। সো প্লিজ-"
text withheld: corpus licence does not permit redistribution,0,0.0,banglasarc,আমরা কেন ভুলে যাই সব কিছু দুই দিনের।,আমরা কেন ভুলে যাই সব কিছু দুই দিনের।
text withheld: corpus licence does not permit redistribution,0,0.0,banglasarc,আপু তোমার কথা গুল খুব সুন্দর। তোমাকে আমার খুব ভালো লাগে❤️❤️,আপু তোমার কথা গুল খুব সুন্দর। তোমাকে আমার খুব ভালো লাগে❤️❤️
text withheld: corpus licence does not permit redistribution,0,0.0,banglasarc,বরং যাদের গালাগাল করে গুষ্ঠি উদ্ধার করেন তাদের বেশিরভাগেরই আপনাদের তুলনায় আপনাদেরই কান্ধে নিয়া বইসা থাকা ধর্মের ব্যাপারে কিছুটা হইলেও পড়াশোনা আছে। আপনাদের জন্য হাদিস রাইখা গেলাম খান কয়েক।,বরং যাদের গালাগাল করে গুষ্ঠি উদ্ধার করেন তাদের বেশিরভাগেরই আপনাদের তুলনায় আপনাদেরই কান্ধে নিয়া বইসা থাকা ধর্মের ব্যাপারে কিছুটা হইলেও পড়াশোনা আছে। আপনাদের জন্য হাদিস রাইখা গেলাম খান কয়েক।
text withheld: corpus licence does not permit redistribution,1,1.0,banglasarc,"যদি প্রথমে আপনি সফল না হন তবে চেষ্টা করুন, আবার চেষ্টা করুন।তারপরে ছেড়ে দিন।এ সম্পর্কে জঘন্য বোকা হওয়ার কোনও মানে নেই।","যদি প্রথমে আপনি সফল না হন তবে চেষ্টা করুন, আবার চেষ্টা করুন।তারপরে ছেড়ে দিন।এ সম্পর্কে জঘন্য বোকা হওয়ার কোনও মানে নেই।"
text withheld: corpus licence does not permit redistribution,0,0.0,banglasarc,পৃথিবীর একমাত্র নির্লজ্জ্ব প্রানী মনু মিয়া,পৃথিবীর একমাত্র নির্লজ্জ্ব প্রানী মনু মিয়া
text withheld: corpus licence does not permit redistribution,0,0.0,banglasarc,"মেয়েদের কমেন্টে লাইক পড়ছে হাজার, শত শত। আমি এত সুন্দর কমেন্ট করলাম আমার কমেন্টের একটাও লাইক নাই। এটা আমার প্রতি অবিচার। আল্লাহ সব দেখেন এবং জানেন আল্লাহ ক্ষমাশীল আল্লাহ এই অবিচারের বিচার করবে","মেয়েদের কমেন্টে লাইক পড়ছে হাজার, শত শত। আমি এত সুন্দর কমেন্ট করলাম আমার কমেন্টের একটাও লাইক নাই। এটা আমার প্রতি অবিচার। আল্লাহ সব দেখেন এবং জানেন আল্লাহ ক্ষমাশীল আল্লাহ এই অবিচারের বিচার করবে"
text withheld: corpus licence does not permit redistribution,0,0.0,banglasarc,বড়ই দুঃখজনক ছেলেদের কে বুঝিয়ে কোনো লাভ হয় না 😪😪,বড়ই দুঃখজনক ছেলেদের কে বুঝিয়ে কোনো লাভ হয় না 😪😪
text withheld: corpus licence does not permit redistribution,1,1.0,banglasarc,সে শুধু শীতল মা হতে চায়!,সে শুধু শীতল মা হতে চায়!
text withheld: corpus licence does not permit redistribution,1,1.0,banglasarc,আপনি যদি প্রতিটি একক চিন্তাভাবনা লিখে রাখেন তবে আপনি কখনও কখনও সংক্ষিপ্ত গল্পের জন্য একটি পুরষ্কার পাবেন।,আপনি যদি প্রতিটি একক চিন্তাভাবনা লিখে রাখেন তবে আপনি কখনও কখনও সংক্ষিপ্ত গল্পের জন্য একটি পুরষ্কার পাবেন।
text withheld: corpus licence does not permit redistribution,0,0.0,banglasarc,"তোমার মাঝেই স্বপ্নের শুরু,তোমার মাঝেই শেষ ৷ তবু ভালো লাগা ভালোবাসাময় তুমি, আমার বাংলাদেশ ৷ মহান বিজয় দিবসের শুভেচ্ছা","তোমার মাঝেই স্বপ্নের শুরু,তোমার মাঝেই শেষ ৷ তবু ভালো লাগা ভালোবাসাময় তুমি, আমার বাংলাদেশ ৷ মহান বিজয় দিবসের শুভেচ্ছা"
text withheld: corpus licence does not permit redistribution,0,0.0,banglasarc,আন্তরিক অভিনন্দন,আন্তরিক অভিনন্দন
text withheld: corpus licence does not permit redistribution,0,0.0,banglasarc,"আজকের এই গল্প থেকে একটা কথায় পরিষ্কার বুঝা গেল,জীবনে কোন লক্ষ থাকতে হবে না,","আজকের এই গল্প থেকে একটা কথায় পরিষ্কার বুঝা গেল,জীবনে কোন লক্ষ থাকতে হবে না,"
text withheld: corpus licence does not permit redistribution,1,1.0,banglasarc,আপনি কি মনে করেন না যে এটি অদ্ভুত যে কোনও আইটি সংস্থার অর্ধেক পরিচালনা এটি সম্পর্কে কিছুই জানে না?,আপনি কি মনে করেন না যে এটি অদ্ভুত যে কোনও আইটি সংস্থার অর্ধেক পরিচালনা এটি সম্পর্কে কিছুই জানে না?
text withheld: corpus licence does not permit redistribution,0,0.0,banglasarc,টোকিও অলিম্পকে একটা মেডেলের জন্য কত হাহাকার,টোকিও অলিম্পকে একটা মেডেলের জন্য কত হাহাকার
text withheld: corpus licence does not permit redistribution,0,0.0,banglasarc,"মনে হয় এই সেই নাস্তিক, যে বলে ছিলো.... যা দেখি না তা বিশ্বাস করি না........","মনে হয় এই সেই নাস্তিক, যে বলে ছিলো.... যা দেখি না তা বিশ্বাস করি না........"
text withheld: corpus licence does not permit redistribution,0,0.0,banglasarc,আপনার আগ্রহের জন্য অসংখ্য ধন্যবাদ। 😀,আপনার আগ্রহের জন্য অসংখ্য ধন্যবাদ। 😀
text withheld: corpus licence does not permit redistribution,0,0.0,banglasarc,আপনি কি নাস্তিক..?,আপনি কি নাস্তিক..?
text withheld: corpus licence does not permit redistribution,1,1.0,banglasarc,গির্জার দিকে যাওয়া আপনাকে খ্রিস্টানকে গ্যারেজে যাওয়ার চেয়ে আর কোনও খ্রিস্টান করে তোলে না আপনাকে একটি অটোমোবাইল করে তোলে।,গির্জার দিকে যাওয়া আপনাকে খ্রিস্টানকে গ্যারেজে যাওয়ার চেয়ে আর কোনও খ্রিস্টান করে তোলে না আপনাকে একটি অটোমোবাইল করে তোলে।
text withheld: corpus licence does not permit redistribution,0,0.0,banglasarc,পাহাড়ি ঢল । এটা ঝর্নার সাভাবিক রূপ না,পাহাড়ি ঢল । এটা ঝর্নার সাভাবিক রূপ না
text withheld: corpus licence does not permit redistribution,0,0.0,banglasarc,অন্তরের গভীর থেকে দোয়া ও ভালোবাসা রইল ভাই,অন্তরের গভীর থেকে দোয়া ও ভালোবাসা রইল ভাই
text withheld: corpus licence does not permit redistribution,0,0.0,banglasarc,গরীব কৃষাণীকে আমরা ধনী করবো ইনশাআল্লাহ।,গরীব কৃষাণীকে আমরা ধনী করবো ইনশাআল্লাহ।
text withheld: corpus licence does not permit redistribution,0,0.0,banglasarc,আজকাল যত সুন্দর ছেলে দেখি হয় তারা বিবাহিত,আজকাল যত সুন্দর ছেলে দেখি হয় তারা বিবাহিত
text withheld: corpus licence does not permit redistribution,1,1.0,banglasarc,মনে রাখবেন আপনি যদি কিছু সুন্দর বলতে না পারেন ... এটি মজার করুন,মনে রাখবেন আপনি যদি কিছু সুন্দর বলতে না পারেন ... এটি মজার করুন
text withheld: corpus licence does not permit redistribution,0,0.0,banglasarc,অসাধারণ। অনুশীলন তাকে এই পর্যায়ে পৌছে দিয়েছে।,অসাধারণ। অনুশীলন তাকে এই পর্যায়ে পৌছে দিয়েছে।
text withheld: corpus licence does not permit redistribution,1,1.0,banglasarc,কখনও কখনও আমার প্রয়োজন যা কেবলমাত্র আপনি সরবরাহ করতে পারেন: আপনার অনুপস্থিতি,কখনও কখনও আমার প্রয়োজন যা কেবলমাত্র আপনি সরবরাহ করতে পারেন: আপনার অনুপস্থিতি
text withheld: corpus licence does not permit redistribution,1,1.0,banglasarc,"ছেলে: আপনার কোন বুদ্ধি আছে?মেয়ে: ইয়া, আপনি কি একই চান?","ছেলে: আপনার কোন বুদ্ধি আছে?মেয়ে: ইয়া, আপনি কি একই চান?"
text withheld: corpus licence does not permit redistribution,1,1.0,banglasarc,মজার সিনেমাগুলি থেকে উদ্ধৃতিগুলি পুনরাবৃত্তি করা আপনাকে মজার করে না।,মজার সিনেমাগুলি থেকে উদ্ধৃতিগুলি পুনরাবৃত্তি করা আপনাকে মজার করে না।
text withheld: corpus licence does not permit redistribution,0,0.0,banglasarc,একদম অযৌক্তিক কথাবার্তা,একদম অযৌক্তিক কথাবার্তা
text withheld: corpus licence does not permit redistribution,0,0.0,banglasarc,রবি এলিট পয়েন্ট দিয়ে কিছু ক্রয় করা যায়?,রবি এলিট পয়েন্ট দিয়ে কিছু ক্রয় করা যায়?
text withheld: corpus licence does not permit redistribution,0,0.0,banglasarc,আমার প্রিয় দুজন শিল্পী,আমার প্রিয় দুজন শিল্পী
text withheld: corpus licence does not permit redistribution,1,1.0,banglasarc,আপনি 9/11 করেছেন তা জেনে কেমন লাগছে?,আপনি 9/11 করেছেন তা জেনে কেমন লাগছে?
text withheld: corpus licence does not permit redistribution,0,0.0,banglasarc,ঘুরি ফিরি খাই দাই এর আজকের এপিসোডে আমরা আপনাদের দেখাবো,ঘুরি ফিরি খাই দাই এর আজকের এপিসোডে আমরা আপনাদের দেখাবো
text withheld: corpus licence does not permit redistribution,1,1.0,banglasarc,এমনকি যদি সে এটিকে উপেক্ষা করে তবে ভবিষ্যতে আরও বেশি মেয়ে থাকবে যারা কেবল তাকে উপেক্ষা করতে পারে না!,এমনকি যদি সে এটিকে উপেক্ষা করে তবে ভবিষ্যতে আরও বেশি মেয়ে থাকবে যারা কেবল তাকে উপেক্ষা করতে পারে না!
text withheld: corpus licence does not permit redistribution,0,0.0,banglasarc,সে একটা ম***,সে একটা ম***
text withheld: corpus licence does not permit redistribution,0,0.0,banglasarc,আমার বাড়ির লগে থাকেন। আগে বলবেন না। আমি নিয়াই ঘুরাইতাম,আমার বাড়ির লগে থাকেন। আগে বলবেন না। আমি নিয়াই ঘুরাইতাম
text withheld: corpus licence does not permit redistribution,1,1.0,banglasarc,আমার মামার মৃত্যুর ইচ্ছা - তিনি আমাকে তাঁর কোলে চেয়েছিলেন।তিনি বৈদ্যুতিন চেয়ারে ছিলেন।,আমার মামার মৃত্যুর ইচ্ছা - তিনি আমাকে তাঁর কোলে চেয়েছিলেন।তিনি বৈদ্যুতিন চেয়ারে ছিলেন।
text withheld: corpus licence does not permit redistribution,0,0.0,banglasarc,আলহামদুলিল্লাহ ---ওর জন্য আমার অনেক দোয়া ও শুভকামনা রইল।,আলহামদুলিল্লাহ ---ওর জন্য আমার অনেক দোয়া ও শুভকামনা রইল।
text withheld: corpus licence does not permit redistribution,0,0.0,banglasarc,আল্লাহ এ-র প্রতিদান নিজে হাতে দিব দোয়া রইল মানবতার ফেরিওলার ভাইয়া,আল্লাহ এ-র প্রতিদান নিজে হাতে দিব দোয়া রইল মানবতার ফেরিওলার ভাইয়া
text withheld: corpus licence does not permit redistribution,0,0.0,banglasarc,সব কিছু তে একটু বেশি বেশি ভাবি,সব কিছু তে একটু বেশি বেশি ভাবি
text withheld: corpus licence does not permit redistribution,1,1.0,banglasarc,প্রত্যেকের ভিতরে একটি আলো রয়েছে তবে কিছু শর্ট সার্কিটের মধ্যে ভুগছেন,প্রত্যেকের ভিতরে একটি আলো রয়েছে তবে কিছু শর্ট সার্কিটের মধ্যে ভুগছেন
text withheld: corpus licence does not permit redistribution,1,1.0,banglasarc,কেউ বুঝতে পারে না যে কিছু লোক কেবল স্বাভাবিক হওয়ার জন্য প্রচুর শক্তি ব্যয় করে।,কেউ বুঝতে পারে না যে কিছু লোক কেবল স্বাভাবিক হওয়ার জন্য প্রচুর শক্তি ব্যয় করে।
text withheld: corpus licence does not permit redistribution,1,1.0,banglasarc,সারক্যাসম: ইডিয়টসকে এটি উপলব্ধি না করে অপমান করার ক্ষমতা।,সারক্যাসম: ইডিয়টসকে এটি উপলব্ধি না করে অপমান করার ক্ষমতা।
text withheld: corpus licence does not permit redistribution,0,0.0,banglasarc,আমার গ্রামের মানুষ কিছুই পায়নি । নেতাদের দিলে তারা সব খেয়ে নিচ্ছে । সাধারণ মানুষের কাছে যাচ্ছে নাতো ।,আমার গ্রামের মানুষ কিছুই পায়নি । নেতাদের দিলে তারা সব খেয়ে নিচ্ছে । সাধারণ মানুষের কাছে যাচ্ছে নাতো ।
text withheld: corpus licence does not permit redistribution,0,0.0,banglasarc,কিসের ক্রেডিট চান আপনারা জিনিসপত্রের দাম বাড়ানোর...,কিসের ক্রেডিট চান আপনারা জিনিসপত্রের দাম বাড়ানোর...
text withheld: corpus licence does not permit redistribution,1,1.0,banglasarc,আপনি পৃষ্ঠাটি ঘুরিয়ে দিয়েছেন।আমি বইটি পুড়িয়ে দিয়েছি।,আপনি পৃষ্ঠাটি ঘুরিয়ে দিয়েছেন।আমি বইটি পুড়িয়ে দিয়েছি।
text withheld: corpus licence does not permit redistribution,0,0.0,banglasarc,অনেক সুন্দর শপিং হইছে😍😍,অনেক সুন্দর শপিং হইছে😍😍
text withheld: corpus licence does not permit redistribution,0,0.0,banglasarc,তুমি আছো বলে বৈশাখ টা এতো সুন্দর লাগে,তুমি আছো বলে বৈশাখ টা এতো সুন্দর লাগে
text withheld: corpus licence does not permit redistribution,0,0.0,banglasarc,অদ্ভুত এক মায়াবী 😍,অদ্ভুত এক মায়াবী 😍
text withheld: corpus licence does not permit redistribution,0,0.0,banglasarc,মানুষ গুলা এতো বোকা!! 🤦♀️,মানুষ গুলা এতো বোকা!! 🤦♀️
text withheld: corpus licence does not permit redistribution,0,0.0,banglasarc,"প্রিয় রবি , আজ আমি একটি নতুন রবি সিম ক্রয় করেছি । এখন নতুন সিমের কি অফার আছে জানালে উপকৃত হবো ।","প্রিয় রবি , আজ আমি একটি নতুন রবি সিম ক্রয় করেছি । এখন নতুন সিমের কি অফার আছে জানালে উপকৃত হবো ।"
text withheld: corpus licence does not permit redistribution,0,0.0,banglasarc,ঈদ মোবারক আমার প্রিয় একজন মানুষ ❤️,ঈদ মোবারক আমার প্রিয় একজন মানুষ ❤️
text withheld: corpus licence does not permit redistribution,1,1.0,banglasarc,"""আমি আপনার সাথে একমত হব কিন্তু তারপরে আমরা দুজনেই ভুল হব” ""","""আমি আপনার সাথে একমত হব কিন্তু তারপরে আমরা দুজনেই ভুল হব” """
text withheld: corpus licence does not permit redistribution,1,1.0,banglasarc,আপনি যদি আপনার বেশিরভাগ সমস্যার জন্য দায়ী প্যান্টের ব্যক্তিকে লাথি মারতে পারেন তবে আপনি এক মাস বসে থাকবেন না।,আপনি যদি আপনার বেশিরভাগ সমস্যার জন্য দায়ী প্যান্টের ব্যক্তিকে লাথি মারতে পারেন তবে আপনি এক মাস বসে থাকবেন না।
text withheld: corpus licence does not permit redistribution,0,0.0,banglasarc,ইনশাআল্লাহ জয় হবেই আমাদের,ইনশাআল্লাহ জয় হবেই আমাদের
text withheld: corpus licence does not permit redistribution,0,0.0,banglasarc,"এটা উচু এবং নিচু আলাদা দুটি শ্রেণি সৃষ্টি করবে, যা মারাত্মক ক্ষতির কারন হবে।","এটা উচু এবং নিচু আলাদা দুটি শ্রেণি সৃষ্টি করবে, যা মারাত্মক ক্ষতির কারন হবে।"
text withheld: corpus licence does not permit redistribution,1,1.0,banglasarc,আমার ভাগ্য একটি টাকের লোকের মতো যিনি সবেমাত্র একটি চিরুনি জিতেছেন,আমার ভাগ্য একটি টাকের লোকের মতো যিনি সবেমাত্র একটি চিরুনি জিতেছেন
text withheld: corpus licence does not permit redistribution,0,0.0,banglasarc,এ আর রহমান মৌলবাদী। তার নিজের ঘরকেই সংস্কারমুক্ত করতে পারেননি। অথচ গান গায় মানুষের জন্য। তার মেয়ে নারীবাদ শেখাচ্ছে! বোরখার অন্ধকারে থেকে আর যাই করুন নারী শেখাতে আসবেন না।,এ আর রহমান মৌলবাদী। তার নিজের ঘরকেই সংস্কারমুক্ত করতে পারেননি। অথচ গান গায় মানুষের জন্য। তার মেয়ে নারীবাদ শেখাচ্ছে! বোরখার অন্ধকারে থেকে আর যাই করুন নারী শেখাতে আসবেন না।
text withheld: corpus licence does not permit redistribution,0,0.0,banglasarc,ফানুসের মতো ঘুরে বেড়ায়,ফানুসের মতো ঘুরে বেড়ায়
text withheld: corpus licence does not permit redistribution,0,0.0,banglasarc,তোর বউর কালা ভোদা বাইনচুদ,তোর বউর কালা ভোদা বাইনচুদ
text withheld: corpus licence does not permit redistribution,1,1.0,banglasarc,আমি যখন কাউকে সত্যিই সেক্সি আলিঙ্গন করতে যাই তখন আমি এটিকে ঘৃণা করি এবং আমার মুখটি আয়নায় ঠিকঠাক হয়ে যায়।,আমি যখন কাউকে সত্যিই সেক্সি আলিঙ্গন করতে যাই তখন আমি এটিকে ঘৃণা করি এবং আমার মুখটি আয়নায় ঠিকঠাক হয়ে যায়।
text withheld: corpus licence does not permit redistribution,1,1.0,banglasarc,যদি আপনি আপনার মাথাটি খুব বড় হতে দেন তবে এটি আপনার ঘাড় ভেঙে ফেলবে।,যদি আপনি আপনার মাথাটি খুব বড় হতে দেন তবে এটি আপনার ঘাড় ভেঙে ফেলবে।
text withheld: corpus licence does not permit redistribution,0,0.0,banglasarc,আল্লাহ'তালা কখন কাকে কবুল করবেন তা আল্লাহ ভালো জানেন।আল্লাহ আপনাকে হেদায়াত নসিব করুন।,আল্লাহ'তালা কখন কাকে কবুল করবেন তা আল্লাহ ভালো জানেন।আল্লাহ আপনাকে হেদায়াত নসিব করুন।
text withheld: corpus licence does not permit redistribution,0,0.0,banglasarc,পাহাড়ি ঢলে এ বন্য না বন্ধু দেশের ছেড়ে দেওয়া পানি ভাই,পাহাড়ি ঢলে এ বন্য না বন্ধু দেশের ছেড়ে দেওয়া পানি ভাই
text withheld: corpus licence does not permit redistribution,1,1.0,banglasarc,তবে এটি জানা যায় যে এটি আগের কোডগুলিতে কখনও ছিল না বলে এটি হয় না।,তবে এটি জানা যায় যে এটি আগের কোডগুলিতে কখনও ছিল না বলে এটি হয় না।
text withheld: corpus licence does not permit redistribution,1,1.0,banglasarc,কোনও মিথ্যাবাদীর প্যান্টগুলি যদি সত্যিই আগুন ধরিয়ে দেয় তবে এটি আরও কত ভাল হবে?,কোনও মিথ্যাবাদীর প্যান্টগুলি যদি সত্যিই আগুন ধরিয়ে দেয় তবে এটি আরও কত ভাল হবে?
text withheld: corpus licence does not permit redistribution,0,0.0,banglasarc,"এবার কেন ভারতের যেতে হবে ভারতের কি এমন কিছু আছে যে তাকে ভারতের যেতে হবে,","এবার কেন ভারতের যেতে হবে ভারতের কি এমন কিছু আছে যে তাকে ভারতের যেতে হবে,"
text withheld: corpus licence does not permit redistribution,1,1.0,banglasarc,"আপনার নিজের স্বপ্নগুলি তৈরি করুন, বা অন্য কেউ আপনাকে তাদের তৈরির জন্য নিয়োগ দেবে","আপনার নিজের স্বপ্নগুলি তৈরি করুন, বা অন্য কেউ আপনাকে তাদের তৈরির জন্য নিয়োগ দেবে"
text withheld: corpus licence does not permit redistribution,1,1.0,banglasarc,আমাকে একা রেখে যাওয়ার জন্য এটি একটি সুন্দর দিন।,আমাকে একা রেখে যাওয়ার জন্য এটি একটি সুন্দর দিন।
text withheld: corpus licence does not permit redistribution,0,0.0,banglasarc,ওকে তসলিশার সাথে থাকার অনুমতি দেওয়া হউক । আর ওকে যেন মিডিয়াতে না দেখানো হয় ।,ওকে তসলিশার সাথে থাকার অনুমতি দেওয়া হউক । আর ওকে যেন মিডিয়াতে না দেখানো হয় ।
text withheld: corpus licence does not permit redistribution,1,1.0,banglasarc,"আমি সবসময় আমার পার্সে একটি ছুরি বহন করি।আপনি জানেন, চিজেকেক বা অন্য কিছুর ক্ষেত্রে","আমি সবসময় আমার পার্সে একটি ছুরি বহন করি।আপনি জানেন, চিজেকেক বা অন্য কিছুর ক্ষেত্রে"
text withheld: corpus licence does not permit redistribution,1,1.0,banglasarc,আপনি যদি কারও সম্পর্কে বলার মতো সুন্দর কিছু না পেয়ে থাকেন তবে আমার পাশে বসুন।,আপনি যদি কারও সম্পর্কে বলার মতো সুন্দর কিছু না পেয়ে থাকেন তবে আমার পাশে বসুন।
text withheld: corpus licence does not permit redistribution,0,0.0,banglasarc,আপুর শাড়িটা অনেক সুন্দর,আপুর শাড়িটা অনেক সুন্দর
text withheld: corpus licence does not permit redistribution,0,0.0,banglasarc,এটা কি চট্টগ্রামে কোথায় কোন শাখা আছে ।,এটা কি চট্টগ্রামে কোথায় কোন শাখা আছে ।
text withheld: corpus licence does not permit redistribution,1,1.0,banglasarc,সঠিক উত্তরটি হ'ল ক্লাইম্ব রক না করা।,সঠিক উত্তরটি হ'ল ক্লাইম্ব রক না করা।
text withheld: corpus licence does not permit redistribution,1,1.0,banglasarc,যতক্ষণ না সে তাকে ভালবাসে না ততক্ষণ একজন পুরুষ যে কোনও মহিলার সাথে খুশি হতে পারে।,যতক্ষণ না সে তাকে ভালবাসে না ততক্ষণ একজন পুরুষ যে কোনও মহিলার সাথে খুশি হতে পারে।
text withheld: corpus licence does not permit redistribution,0,0.0,banglasarc,ম্যডাম একটা প্রবাদ আছে অল্প শিক্ষা ভয়ঙ্করি ......আপনাকে দেখলে আমার কেন জানি মনে হয় আপনি নকল করে পাশ করা গ্রুপের ...চেহারার মধ্যে একটা ফকির ফকির ভাব আছে,ম্যডাম একটা প্রবাদ আছে অল্প শিক্ষা ভয়ঙ্করি ......আপনাকে দেখলে আমার কেন জানি মনে হয় আপনি নকল করে পাশ করা গ্রুপের ...চেহারার মধ্যে একটা ফকির ফকির ভাব আছে
text withheld: corpus licence does not permit redistribution,1,1.0,banglasarc,"আপনার দোষ, আপনি ডিফেন্ডিংয়ে কেবল ভয়ানক, অপ।","আপনার দোষ, আপনি ডিফেন্ডিংয়ে কেবল ভয়ানক, অপ।"
text withheld: corpus licence does not permit redistribution,0,0.0,banglasarc,চারিদিকে এত দুর্দশা!,চারিদিকে এত দুর্দশা!
text withheld: corpus licence does not permit redistribution,0,0.0,banglasarc,পাগলের প্রলাপ,পাগলের প্রলাপ
text withheld: corpus licence does not permit redistribution,1,1.0,banglasarc,"নিজের কাছে রেখে, জিনিসগুলি খারাপ থেকে আরও খারাপ দিকে যেতে থাকে।","নিজের কাছে রেখে, জিনিসগুলি খারাপ থেকে আরও খারাপ দিকে যেতে থাকে।"
text withheld: corpus licence does not permit redistribution,0,0.0,banglasarc,"শেহ্ওয়ার ভাই শুভকামনা, শুভেচ্ছা রইলো আপনার প্রতি, মারিয়া ভাবি কে সবুজ ঘেরা মনোরম পাকৃতিক পরিবেশের গ্রামে বেড়াতে নিয়ে গিয়েছেন পরিবারের সবার সাথে খুব ভালো লাগলো।","শেহ্ওয়ার ভাই শুভকামনা, শুভেচ্ছা রইলো আপনার প্রতি, মারিয়া ভাবি কে সবুজ ঘেরা মনোরম পাকৃতিক পরিবেশের গ্রামে বেড়াতে নিয়ে গিয়েছেন পরিবারের সবার সাথে খুব ভালো লাগলো।"
text withheld: corpus licence does not permit redistribution,1,1.0,banglasarc,আমার বেতন অন্যথায় বলে।,আমার বেতন অন্যথায় বলে।
text withheld: corpus licence does not permit redistribution,1,1.0,banglasarc,আপনি কেবল alous র্ষা করছেন কারণ ভয়েসগুলি কেবল আমার সাথে কথা বলে,আপনি কেবল alous র্ষা করছেন কারণ ভয়েসগুলি কেবল আমার সাথে কথা বলে
text withheld: corpus licence does not permit redistribution,0,0.0,banglasarc,এই মানুষটিকে নিয়ে যখন সমালোচনা করে তখন খুব খুব বেশী কষ্ট হয়।।। সুমন ভাই এর জন্য শুধু দোয়া আর ভালোবাসা।,এই মানুষটিকে নিয়ে যখন সমালোচনা করে তখন খুব খুব বেশী কষ্ট হয়।।। সুমন ভাই এর জন্য শুধু দোয়া আর ভালোবাসা।
text withheld: corpus licence does not permit redistribution,0,0.0,banglasarc,আবারও গোয়ারতুমি। আরে যদি ভুল করে থাকি মানে কি। এর মানে সে যে ভুল করেছে সেটা সে সোজা-সুজি স্বীকার করছে না। আর যে পরকালে বিশ্বাস করে না মুখে আল্লাহর পবিত্র নাম মানায় না। পরকালে বিশ্বাস করে না আবার আল্লাহ আল্লাহ করে মুখে ফেনা তুলে ফেলছে। কত অভিনয়ই না জানে।।।,আবারও গোয়ারতুমি। আরে যদি ভুল করে থাকি মানে কি। এর মানে সে যে ভুল করেছে সেটা সে সোজা-সুজি স্বীকার করছে না। আর যে পরকালে বিশ্বাস করে না মুখে আল্লাহর পবিত্র নাম মানায় না। পরকালে বিশ্বাস করে না আবার আল্লাহ আল্লাহ করে মুখে ফেনা তুলে ফেলছে। কত অভিনয়ই না জানে।।।
text withheld: corpus licence does not permit redistribution,0,0.0,banglasarc,"তারা নিজস্ব অপারেটিং সিস্টেম ইউজ করে, তাদের সময় নাই উইন্ডোজ এর ঢং দেখার","তারা নিজস্ব অপারেটিং সিস্টেম ইউজ করে, তাদের সময় নাই উইন্ডোজ এর ঢং দেখার"
text withheld: corpus licence does not permit redistribution,0,0.0,banglasarc,দুনিয়াতে হেদায়েত পাওয়া এবং হেদায়েতের পথে টিকে থাকতে পারা পরকালের জন্য নিশ্চয় সুসংবাদ!,দুনিয়াতে হেদায়েত পাওয়া এবং হেদায়েতের পথে টিকে থাকতে পারা পরকালের জন্য নিশ্চয় সুসংবাদ!
text withheld: corpus licence does not permit redistribution,0,0.0,banglasarc,এটা যেন নিজের ভবিষ্যৎ দেখলাম,এটা যেন নিজের ভবিষ্যৎ দেখলাম
text withheld: corpus licence does not permit redistribution,0,0.0,banglasarc,মেক আপ করিয়ে দিলে আমার তো ঘুম চলে আসে,মেক আপ করিয়ে দিলে আমার তো ঘুম চলে আসে
text withheld: corpus licence does not permit redistribution,1,1.0,banglasarc,আপনার হৃদয় অনুসরণ করুন কিন্তু বোকা না।,আপনার হৃদয় অনুসরণ করুন কিন্তু বোকা না।
text withheld: corpus licence does not permit redistribution,1,1.0,banglasarc,এই কারণেই মা চলে গেলেন,এই কারণেই মা চলে গেলেন
text withheld: corpus licence does not permit redistribution,0,0.0,banglasarc,বাহ তিনও বাচ্চা আজ কত্ত বড় হয়ে গেল <3,বাহ তিনও বাচ্চা আজ কত্ত বড় হয়ে গেল <3
text withheld: corpus licence does not permit redistribution,1,1.0,banglasarc,"লিবারেল মিডিয়া দ্বারা প্রদত্ত, স্পষ্টতই।","লিবারেল মিডিয়া দ্বারা প্রদত্ত, স্পষ্টতই।"
text withheld: corpus licence does not permit redistribution,0,0.0,banglasarc,"কেউ যদি অবিশ্বাসী হন, আল্লাহ তায়ালা তার শাস্তি বিধান করবেন। ধর্ষকামী মোল্লারা ক্ষেপেছেন কেন? সুন্দরী মেয়েটাকে নাগালের মধ্যে না পাওয়ায় আক্ষেপে গালাগাল করেই মনের সুখ মিটিয়ে নিচ্ছেন নাকি!","কেউ যদি অবিশ্বাসী হন, আল্লাহ তায়ালা তার শাস্তি বিধান করবেন। ধর্ষকামী মোল্লারা ক্ষেপেছেন কেন? সুন্দরী মেয়েটাকে নাগালের মধ্যে না পাওয়ায় আক্ষেপে গালাগাল করেই মনের সুখ মিটিয়ে নিচ্ছেন নাকি!"
text withheld: corpus licence does not permit redistribution,0,0.0,banglasarc,করোনা নিয়ে আসছে এইবার ঢাকা কাপাবে,করোনা নিয়ে আসছে এইবার ঢাকা কাপাবে
text withheld: corpus licence does not permit redistribution,1,1.0,banglasarc,"যখন আপনার জীবনে কিছু ভুল হয়ে যায়, কেবল 'প্লট টুইস্ট' চিৎকার করে এগিয়ে যান।","যখন আপনার জীবনে কিছু ভুল হয়ে যায়, কেবল 'প্লট টুইস্ট' চিৎকার করে এগিয়ে যান।"
text withheld: corpus licence does not permit redistribution,0,0.0,banglasarc,দেখুন এবং জয়েন করুন যদি আপনি আমার সাথে একমত হন!,দেখুন এবং জয়েন করুন যদি আপনি আমার সাথে একমত হন!
text withheld: corpus licence does not permit redistribution,0,0.0,banglasarc,আমার কলিজার ভাইটির কথা আজ অক্ষরে অক্ষরে মিলে যাচ্ছে।।,আমার কলিজার ভাইটির কথা আজ অক্ষরে অক্ষরে মিলে যাচ্ছে।।
text withheld: corpus licence does not permit redistribution,1,1.0,banglasarc,"আমি হত্যার ক্লাসরুমের মতো ধরণের যদিও এটি এক ধরণের খারাপ, বিরক্তিকর এবং গাধা টানায় পূর্ণ।","আমি হত্যার ক্লাসরুমের মতো ধরণের যদিও এটি এক ধরণের খারাপ, বিরক্তিকর এবং গাধা টানায় পূর্ণ।"
text withheld: corpus licence does not permit redistribution,0,0.0,banglasarc,সাংবাদিক ভাইয়েরা গঠনমুলক খবর পরিবেশন করলে আমাদের উপকার হতো।,সাংবাদিক ভাইয়েরা গঠনমুলক খবর পরিবেশন করলে আমাদের উপকার হতো।
text withheld: corpus licence does not permit redistribution,0,0.0,banglasarc,আমিও হাটতে চাই এইভাবে...ইনশাআল্লাহ,আমিও হাটতে চাই এইভাবে...ইনশাআল্লাহ
text withheld: corpus licence does not permit redistribution,0,0.0,banglasarc,আজবতো প্রশ্ন হবে ফাঁস আর সাধারণ জনগণ খাবে বাঁশ?,আজবতো প্রশ্ন হবে ফাঁস আর সাধারণ জনগণ খাবে বাঁশ?
text withheld: corpus licence does not permit redistribution,0,0.0,banglasarc,শোকাহত। শ্রদ্ধা। আত্মার শান্তি কামনা করছি।,শোকাহত। শ্রদ্ধা। আত্মার শান্তি কামনা করছি।
text withheld: corpus licence does not permit redistribution,0,0.0,banglasarc,"দুই বন্ধু ই সাদা মনের মানুষ, অটুট থাক এ বন্ধন চিরকাল","দুই বন্ধু ই সাদা মনের মানুষ, অটুট থাক এ বন্ধন চিরকাল"
text withheld: corpus licence does not permit redistribution,0,0.0,banglasarc,দোয়া ও শুভকামনা রইলো সবার জন্য 💞 আল্লাহ তাআলা সবাইকে ভালো রাখুন 💞,দোয়া ও শুভকামনা রইলো সবার জন্য 💞 আল্লাহ তাআলা সবাইকে ভালো রাখুন 💞
text withheld: corpus licence does not permit redistribution,0,0.0,banglasarc,আরে পুরান পাগলের ভাত নাই আবার নতুন পাগলের আমদানি। তোকে তসলিমা নাসরিন আছর করছে।,আরে পুরান পাগলের ভাত নাই আবার নতুন পাগলের আমদানি। তোকে তসলিমা নাসরিন আছর করছে।
text withheld: corpus licence does not permit redistribution,0,0.0,banglasarc,খাবার অর্ডার করি অনেক পদ লোভে। সব চেখে দেখি। কিন্তু সম্পূর্ণ শেষ করা হয়না। তবে বাকি খাবার পার্সেল করে আনি।,খাবার অর্ডার করি অনেক পদ লোভে। সব চেখে দেখি। কিন্তু সম্পূর্ণ শেষ করা হয়না। তবে বাকি খাবার পার্সেল করে আনি।
text withheld: corpus licence does not permit redistribution,0,0.0,banglasarc,এমন বন্ধু পাওয়া দুষ্কর। তবে গর্ব করার মতো।আল্লাহ ওনাকে নেক হায়াত দান করুন।,এমন বন্ধু পাওয়া দুষ্কর। তবে গর্ব করার মতো।আল্লাহ ওনাকে নেক হায়াত দান করুন।
text withheld: corpus licence does not permit redistribution,0,0.0,banglasarc,মুখে মুখে না বলছে রাস্তায় নামুন তবে বুঝুম।,মুখে মুখে না বলছে রাস্তায় নামুন তবে বুঝুম।
text withheld: corpus licence does not permit redistribution,0,0.0,banglasarc,আমি আপনাকে একদম শুরু থেকেই ফলো করি।,আমি আপনাকে একদম শুরু থেকেই ফলো করি।
text withheld: corpus licence does not permit redistribution,1,1.0,banglasarc,"""সিরিয়াল কিলার না হওয়ার জন্য আমি যে প্রচেষ্টা চালিয়েছি তার প্রশংসা করা শুরু করা উচিত।""","""সিরিয়াল কিলার না হওয়ার জন্য আমি যে প্রচেষ্টা চালিয়েছি তার প্রশংসা করা শুরু করা উচিত।"""
text withheld: corpus licence does not permit redistribution,0,0.0,banglasarc,দয়া করে আপনারা আর ভিডিও করবেন না মার্কেট এ গিয়ে। আজকে নুরজাহান এ গিয়ে আগুন দামে তারা জিনিষ সেল করতেছে কারণ এই আপনারা খালি ভিডিও করেন।,দয়া করে আপনারা আর ভিডিও করবেন না মার্কেট এ গিয়ে। আজকে নুরজাহান এ গিয়ে আগুন দামে তারা জিনিষ সেল করতেছে কারণ এই আপনারা খালি ভিডিও করেন।
text withheld: corpus licence does not permit redistribution,1,1.0,banglasarc,"আসুন ভাগ করুন, আপনি গ্রেনেড নেবেন, আমি পিনটি নেব","আসুন ভাগ করুন, আপনি গ্রেনেড নেবেন, আমি পিনটি নেব"
text withheld: corpus licence does not permit redistribution,1,1.0,banglasarc,জীবন নর্দমার মতো… আপনি যা থেকে বেরিয়ে আসেন তা আপনি এতে কী রেখেছেন তার উপর নির্ভর করে।,জীবন নর্দমার মতো… আপনি যা থেকে বেরিয়ে আসেন তা আপনি এতে কী রেখেছেন তার উপর নির্ভর করে।
text withheld: corpus licence does not permit redistribution,1,1.0,banglasarc,"আমাকে কোনও প্রশ্ন জিজ্ঞাসা করুন না, এবং আমি আপনাকে কোনও মিথ্যা বলব","আমাকে কোনও প্রশ্ন জিজ্ঞাসা করুন না, এবং আমি আপনাকে কোনও মিথ্যা বলব"
text withheld: corpus licence does not permit redistribution,0,0.0,banglasarc,"চুল তার কবেকার অন্ধকার কলকাতার নিশা, রূপ তার হাওড়া ব্রিজের কারুকার্য।","চুল তার কবেকার অন্ধকার কলকাতার নিশা, রূপ তার হাওড়া ব্রিজের কারুকার্য।"
text withheld: corpus licence does not permit redistribution,1,1.0,banglasarc,"আমি তাদের এমএমএ নিষিদ্ধ করার সাথে ঠিক আছি, প্রথমে ফুটবল এবং বক্সিং নিষিদ্ধ করুন, কারণ আপনি জানেন, ধারাবাহিকতা এবং কী নয়।","আমি তাদের এমএমএ নিষিদ্ধ করার সাথে ঠিক আছি, প্রথমে ফুটবল এবং বক্সিং নিষিদ্ধ করুন, কারণ আপনি জানেন, ধারাবাহিকতা এবং কী নয়।"
text withheld: corpus licence does not permit redistribution,1,1.0,banglasarc,আমার মনে হচ্ছে ট্রাম্প এমনকি বুঝতে পারেন না কেন এটি ভুল ....,আমার মনে হচ্ছে ট্রাম্প এমনকি বুঝতে পারেন না কেন এটি ভুল ....
text withheld: corpus licence does not permit redistribution,0,0.0,banglasarc,ছোট বেলায় এই দড়ি লাফ খেলা আমরাও খেলিছ,ছোট বেলায় এই দড়ি লাফ খেলা আমরাও খেলিছ
text withheld: corpus licence does not permit redistribution,0,0.0,banglasarc,ওর একটা পাঠা দরকার। পাঠার চো...ন জরুরি হয়ে গেছে।,ওর একটা পাঠা দরকার। পাঠার চো...ন জরুরি হয়ে গেছে।
text withheld: corpus licence does not permit redistribution,0,0.0,banglasarc,খুব শান্তি পেলাম কথা গুলো শুনে,খুব শান্তি পেলাম কথা গুলো শুনে
text withheld: corpus licence does not permit redistribution,0,0.0,banglasarc,ওরে বাটপার! ওরে বাটপার!! বানীঃ কুয়াকাটা হুজুর।,ওরে বাটপার! ওরে বাটপার!! বানীঃ কুয়াকাটা হুজুর।
text withheld: corpus licence does not permit redistribution,1,1.0,banglasarc,"পারিবারিক সম্পর্কের অর্থ হ'ল আপনি আপনার পরিবার থেকে যতটা চালাতে চান না কেন, আপনি পারবেন না।","পারিবারিক সম্পর্কের অর্থ হ'ল আপনি আপনার পরিবার থেকে যতটা চালাতে চান না কেন, আপনি পারবেন না।"
text withheld: corpus licence does not permit redistribution,0,0.0,banglasarc,"শেখ হাসিনা'র জন্য, বাংলাদেশ ধন্য।জয় বাংলা, জয় বঙ্গবন্ধু।","শেখ হাসিনা'র জন্য, বাংলাদেশ ধন্য।জয় বাংলা, জয় বঙ্গবন্ধু।"
text withheld: corpus licence does not permit redistribution,1,1.0,banglasarc,এখানে একটি টিস্যু রয়েছে যা আপনার ঠোঁটে কিছুটা ঠোঁট বুলশিট রয়েছে,এখানে একটি টিস্যু রয়েছে যা আপনার ঠোঁটে কিছুটা ঠোঁট বুলশিট রয়েছে
text withheld: corpus licence does not permit redistribution,0,0.0,banglasarc,যদি আমাকে ভুত্নি সাজায় দেয়! এই ফিল হইসিলো আমার,যদি আমাকে ভুত্নি সাজায় দেয়! এই ফিল হইসিলো আমার
text withheld: corpus licence does not permit redistribution,0,0.0,banglasarc,জননেতা এম নাছের রহমান সাহবের পক্ষ থেকে সংগ্রামী অভিনন্দন,জননেতা এম নাছের রহমান সাহবের পক্ষ থেকে সংগ্রামী অভিনন্দন
text withheld: corpus licence does not permit redistribution,0,0.0,banglasarc,ওরে মাইরা ফেলা... তোরা কই...!,ওরে মাইরা ফেলা... তোরা কই...!
text withheld: corpus licence does not permit redistribution,1,1.0,banglasarc,আমার প্রিয় অংশটি দাফন এড়না।,আমার প্রিয় অংশটি দাফন এড়না।
text withheld: corpus licence does not permit redistribution,0,0.0,banglasarc,বউ নাকি মানুষ পটাতে পারে খুব,বউ নাকি মানুষ পটাতে পারে খুব
text withheld: corpus licence does not permit redistribution,1,1.0,banglasarc,পেটা কেবল এই ধারণাটি পছন্দ করবে।,পেটা কেবল এই ধারণাটি পছন্দ করবে।
text withheld: corpus licence does not permit redistribution,0,0.0,banglasarc,স্পিচলেস......,স্পিচলেস......
text withheld: corpus licence does not permit redistribution,0,0.0,banglasarc,শুনলাম তুমি নাকি টি ব্যাগ? :o তোমাকে বলে খেয়ে ছেরে দেওয়া যায়? :3,শুনলাম তুমি নাকি টি ব্যাগ? :o তোমাকে বলে খেয়ে ছেরে দেওয়া যায়? :3
text withheld: corpus licence does not permit redistribution,0,0.0,banglasarc,করোনায় আক্রান্ত হলেন মাশরাফি,করোনায় আক্রান্ত হলেন মাশরাফি
text withheld: corpus licence does not permit redistribution,0,0.0,banglasarc,এই প্রথম পরিক্ষার ছবিতে কোনো ছেলে দেখলাম,এই প্রথম পরিক্ষার ছবিতে কোনো ছেলে দেখলাম
text withheld: corpus licence does not permit redistribution,0,0.0,banglasarc,এইটা আবার কি,এইটা আবার কি
text withheld: corpus licence does not permit redistribution,1,1.0,banglasarc,আপনি আমাকে বলছেন যে অ্যাথলিটরা কোনও পয়েন্ট মালভূমিতে?,আপনি আমাকে বলছেন যে অ্যাথলিটরা কোনও পয়েন্ট মালভূমিতে?
text withheld: corpus licence does not permit redistribution,0,0.0,banglasarc,ধন্যবাদ প্রিয়,ধন্যবাদ প্রিয়
text withheld: corpus licence does not permit redistribution,0,0.0,banglasarc,"বেচারা বেঁচে একটু গাছের পাতা, তাই নিয়ে এত কথা 😒","বেচারা বেঁচে একটু গাছের পাতা, তাই নিয়ে এত কথা 😒"
text withheld: corpus licence does not permit redistribution,1,1.0,banglasarc,আমার মা বোকা বড় করেন নি।একটি মনস্তাত্ত্বিক শীতল হৃদয় বি..চ।তবে বোকা নয়।,আমার মা বোকা বড় করেন নি।একটি মনস্তাত্ত্বিক শীতল হৃদয় বি..চ।তবে বোকা নয়।
text withheld: corpus licence does not permit redistribution,1,1.0,banglasarc,তারা বলে যে বিবাহ স্বর্গে তৈরি হয়।তবে থান্ডার এবং বজ্রপাতও তাই,তারা বলে যে বিবাহ স্বর্গে তৈরি হয়।তবে থান্ডার এবং বজ্রপাতও তাই
text withheld: corpus licence does not permit redistribution,0,0.0,banglasarc,বুঝলাম না দেশে কি শুরু হল একের পর এক অগ্নিকাণ্ড প্রাকিতীক দূর্যোগ,বুঝলাম না দেশে কি শুরু হল একের পর এক অগ্নিকাণ্ড প্রাকিতীক দূর্যোগ
text withheld: corpus licence does not permit redistribution,0,0.0,banglasarc,মাশা-আল্লাহ সব চেয়ে সুন্দরী।,মাশা-আল্লাহ সব চেয়ে সুন্দরী।
text withheld: corpus licence does not permit redistribution,0,0.0,banglasarc,"হুম অনেক টা এগিয়েছেন অশ্লীল পোষাক, মেকাপ করা বুক ও নাভি দেখিয়ে। এখোন শুধু ভিডিও বের হলেই সানি লিওন,মিয়া খলিফাদের লিস্টে থাকতে পারবেন","হুম অনেক টা এগিয়েছেন অশ্লীল পোষাক, মেকাপ করা বুক ও নাভি দেখিয়ে। এখোন শুধু ভিডিও বের হলেই সানি লিওন,মিয়া খলিফাদের লিস্টে থাকতে পারবেন"
text withheld: corpus licence does not permit redistribution,0,0.0,banglasarc,যা দেখছেন তা গিয়ে পাববেন না,যা দেখছেন তা গিয়ে পাববেন না
text withheld: corpus licence does not permit redistribution,1,1.0,banglasarc,"জীবন ভাল, আপনার একটি পাওয়া উচিত।","জীবন ভাল, আপনার একটি পাওয়া উচিত।"
text withheld: corpus licence does not permit redistribution,1,1.0,banglasarc,"যখন আমি হতাশ বোধ করি এবং কেউ ""এটি স্তন্যপান"" বলে, তখন আমি তাদের পা ভেঙে বলার তাগিদ পাই, ""এটি বন্ধ করে দিন""","যখন আমি হতাশ বোধ করি এবং কেউ ""এটি স্তন্যপান"" বলে, তখন আমি তাদের পা ভেঙে বলার তাগিদ পাই, ""এটি বন্ধ করে দিন"""
text withheld: corpus licence does not permit redistribution,0,0.0,banglasarc,"আমি পশ্চিম তো তুমি পূর্ব, আমার উত্তর মানে তোমার দক্ষিণ","আমি পশ্চিম তো তুমি পূর্ব, আমার উত্তর মানে তোমার দক্ষিণ"
text withheld: corpus licence does not permit redistribution,1,1.0,banglasarc,"আমি আপনাকে ছাড়া খুব দু: খিত বোধ করি, এটি প্রায় আপনাকে এখানে রাখার মতো।","আমি আপনাকে ছাড়া খুব দু: খিত বোধ করি, এটি প্রায় আপনাকে এখানে রাখার মতো।"
text withheld: corpus licence does not permit redistribution,0,0.0,banglasarc,খুব সুন্দর লেখা ۔۔۔এটাই বাস্তব জীবনের চিত্র ۔۔۔,খুব সুন্দর লেখা ۔۔۔এটাই বাস্তব জীবনের চিত্র ۔۔۔
text withheld: corpus licence does not permit redistribution,1,1.0,banglasarc,"আপনি এখানে বড়, সুন্দর কাপ কফি এখানে আসুন এবং আমরা আজ কতটা সম্পন্ন করতে যাচ্ছি সে সম্পর্কে আমাকে মিথ্যা বলুন","আপনি এখানে বড়, সুন্দর কাপ কফি এখানে আসুন এবং আমরা আজ কতটা সম্পন্ন করতে যাচ্ছি সে সম্পর্কে আমাকে মিথ্যা বলুন"
text withheld: corpus licence does not permit redistribution,0,0.0,banglasarc,সন্তান জন্মের পর নিজেকে ফেরেশতা মনে হলে এটাও মনে রাখবেন ঈবলিশের সন্তান অগনিত,সন্তান জন্মের পর নিজেকে ফেরেশতা মনে হলে এটাও মনে রাখবেন ঈবলিশের সন্তান অগনিত
text withheld: corpus licence does not permit redistribution,0,0.0,banglasarc,এইটা কবের ভিডিও ভাই,এইটা কবের ভিডিও ভাই
text withheld: corpus licence does not permit redistribution,1,1.0,banglasarc,কিছু লোক কেবল ধন যা আপনি কেবল তাদের কবর দিতে চান।,কিছু লোক কেবল ধন যা আপনি কেবল তাদের কবর দিতে চান।
text withheld: corpus licence does not permit redistribution,0,0.0,banglasarc,কিন্তু আমার শাশুড়ি তো আমাকে ভালোবাসবে,কিন্তু আমার শাশুড়ি তো আমাকে ভালোবাসবে
text withheld: corpus licence does not permit redistribution,0,0.0,banglasarc,মোবাইল স্ক্রলিং করতে করতেই বার্ন করে ফেল এক্সট্রা ক্যালরি,মোবাইল স্ক্রলিং করতে করতেই বার্ন করে ফেল এক্সট্রা ক্যালরি
text withheld: corpus licence does not permit redistribution,1,1.0,banglasarc,এটি স্বর্গে তৈরি একটি ম্যাচ ... একজন প্রতিবন্ধী দেবদূত দ্বারা।,এটি স্বর্গে তৈরি একটি ম্যাচ ... একজন প্রতিবন্ধী দেবদূত দ্বারা।
text withheld: corpus licence does not permit redistribution,0,0.0,banglasarc,"স্বাধীনতার অর্ধশতাব্দী পরও দেশের এই করুন অবস্থা, canada র সমান অর্থনীতি র দেশে হাজারো লোক পথে পথে দুবেলা খাবারের খোজে","স্বাধীনতার অর্ধশতাব্দী পরও দেশের এই করুন অবস্থা, canada র সমান অর্থনীতি র দেশে হাজারো লোক পথে পথে দুবেলা খাবারের খোজে"
text withheld: corpus licence does not permit redistribution,0,0.0,banglasarc,আমার৷ জন্য তো দূরে হয়ে গেলো,আমার৷ জন্য তো দূরে হয়ে গেলো
text withheld: corpus licence does not permit redistribution,0,0.0,banglasarc,বিয়ের দিন না কাঁদলে মানুষ ভাবে বউ নির্লজ্জ,বিয়ের দিন না কাঁদলে মানুষ ভাবে বউ নির্লজ্জ
text withheld: corpus licence does not permit redistribution,1,1.0,banglasarc,আপনি কি জানেন না যে বর্ণবাদী,আপনি কি জানেন না যে বর্ণবাদী
text withheld: corpus licence does not permit redistribution,1,1.0,banglasarc,ব্যক্তি 1: আমি কি আপনাকে একটি প্রশ্ন জিজ্ঞাসা করতে পারি? ব্যক্তি 2: আপনি ঠিক করেছেন!,ব্যক্তি 1: আমি কি আপনাকে একটি প্রশ্ন জিজ্ঞাসা করতে পারি? ব্যক্তি 2: আপনি ঠিক করেছেন!
text withheld: corpus licence does not permit redistribution,1,1.0,banglasarc,আমি এমন একটি পরিবার থেকে এসেছি যেখানে গ্রেভিকে পানীয় হিসাবে বিবেচনা করা হয়।,আমি এমন একটি পরিবার থেকে এসেছি যেখানে গ্রেভিকে পানীয় হিসাবে বিবেচনা করা হয়।
text withheld: corpus licence does not permit redistribution,1,1.0,banglasarc,আমি দুঃখিত আমি কি আমার চোখ জোরে জোরে রোল করেছি?,আমি দুঃখিত আমি কি আমার চোখ জোরে জোরে রোল করেছি?
text withheld: corpus licence does not permit redistribution,0,0.0,banglasarc,আমিও একটা হালাল সম্পর্ক চাই ভাই,আমিও একটা হালাল সম্পর্ক চাই ভাই
text withheld: corpus licence does not permit redistribution,1,1.0,banglasarc,"আমি বলছি না আমি আপনাকে ঘৃণা করি, আমি যা বলছি তা হ'ল আপনি আক্ষরিক অর্থে আমার জীবনের সোমবার।","আমি বলছি না আমি আপনাকে ঘৃণা করি, আমি যা বলছি তা হ'ল আপনি আক্ষরিক অর্থে আমার জীবনের সোমবার।"
text withheld: corpus licence does not permit redistribution,0,0.0,banglasarc,আষাঢ়ের শুভেচ্ছা রইল,আষাঢ়ের শুভেচ্ছা রইল
text withheld: corpus licence does not permit redistribution,1,1.0,banglasarc,কোনও সন্তানের আরও সমস্যায় পড়ার ক্ষমতাকে কখনই হ্রাস করবেন না।,কোনও সন্তানের আরও সমস্যায় পড়ার ক্ষমতাকে কখনই হ্রাস করবেন না।
text withheld: corpus licence does not permit redistribution,0,0.0,banglasarc,"নিশ্চই আল্লাহ ক্ষমাশীল ,,, মন থেকে ক্ষমা চাইলে নিশ্চই আল্লাহ ক্ষমা করেন.আমিন","নিশ্চই আল্লাহ ক্ষমাশীল ,,, মন থেকে ক্ষমা চাইলে নিশ্চই আল্লাহ ক্ষমা করেন.আমিন"
text withheld: corpus licence does not permit redistribution,1,1.0,banglasarc,"আমি সবকিছু ঠিকঠাকের মতো ঘুরে বেড়াচ্ছি, তবে গভীর নিচে, আমার জুতার ভিতরে, আমার সোকটি সরে যাচ্ছে।","আমি সবকিছু ঠিকঠাকের মতো ঘুরে বেড়াচ্ছি, তবে গভীর নিচে, আমার জুতার ভিতরে, আমার সোকটি সরে যাচ্ছে।"
text withheld: corpus licence does not permit redistribution,1,1.0,banglasarc,"ওহে মানুষ, আমি তোমাকে বলি, একজন বেগুনের পোশাক পরা একজন মহিলার চেয়ে বেশি কিছু আমাকে ঘুরিয়ে দেয় না বার বার আমাকে প্লামগুলিতে লাথি মারছে ...","ওহে মানুষ, আমি তোমাকে বলি, একজন বেগুনের পোশাক পরা একজন মহিলার চেয়ে বেশি কিছু আমাকে ঘুরিয়ে দেয় না বার বার আমাকে প্লামগুলিতে লাথি মারছে ..."
text withheld: corpus licence does not permit redistribution,0,0.0,banglasarc,বাস্তব জীবনের কথা ফুটে উঠেছে লেখনীতে।অসম্ভব সুন্দর।,বাস্তব জীবনের কথা ফুটে উঠেছে লেখনীতে।অসম্ভব সুন্দর।
text withheld: corpus licence does not permit redistribution,1,1.0,banglasarc,আমি আপনাকে চড় মারব তবে তা হবে প্রাণীর অপব্যবহার।,আমি আপনাকে চড় মারব তবে তা হবে প্রাণীর অপব্যবহার।
text withheld: corpus licence does not permit redistribution,1,1.0,banglasarc,আমার দরজায় আমার কাছে স্বাগত মাদুর নেই কারণ আমি মিথ্যাবাদী নই,আমার দরজায় আমার কাছে স্বাগত মাদুর নেই কারণ আমি মিথ্যাবাদী নই
text withheld: corpus licence does not permit redistribution,0,0.0,banglasarc,হে পরম করুণাময় তুমি আমাদের সাহায্যের হাত বাড়িয়ে দাও,হে পরম করুণাময় তুমি আমাদের সাহায্যের হাত বাড়িয়ে দাও
text withheld: corpus licence does not permit redistribution,0,0.0,banglasarc,সে এখন কেমন বোধ করছে জাতি জানতে চায়,সে এখন কেমন বোধ করছে জাতি জানতে চায়
text withheld: corpus licence does not permit redistribution,1,1.0,banglasarc,এটি কীভাবে তাদের কলেজ এবং ক্যারিয়ার প্রস্তুত করবে?,এটি কীভাবে তাদের কলেজ এবং ক্যারিয়ার প্রস্তুত করবে?
text withheld: corpus licence does not permit redistribution,0,0.0,banglasarc,অনেক সুন্দর জায়গা🥰🥰,অনেক সুন্দর জায়গা🥰🥰
text withheld: corpus licence does not permit redistribution,1,1.0,banglasarc,হুইস্কির স্বাদ যেমন আমি আপনাকে বলতে চাই যে আমি সত্যিই কেমন অনুভব করছি,হুইস্কির স্বাদ যেমন আমি আপনাকে বলতে চাই যে আমি সত্যিই কেমন অনুভব করছি
text withheld: corpus licence does not permit redistribution,1,1.0,banglasarc,আপনি যদি এখানে থাকেন তবে কে নরক চালাচ্ছে?,আপনি যদি এখানে থাকেন তবে কে নরক চালাচ্ছে?
text withheld: corpus licence does not permit redistribution,1,1.0,banglasarc,আমার সেরা জন্ম নিয়ন্ত্রণ এখন কেবল লাইট ছেড়ে দেওয়া।,আমার সেরা জন্ম নিয়ন্ত্রণ এখন কেবল লাইট ছেড়ে দেওয়া।
text withheld: corpus licence does not permit redistribution,1,1.0,banglasarc,কুইনরা হুজের সাথে প্রতিযোগিতা করে না।,কুইনরা হুজের সাথে প্রতিযোগিতা করে না।
text withheld: corpus licence does not permit redistribution,1,1.0,banglasarc,তবে এখন আমি কীভাবে আগাছা জন্য আমার প্রেসক্রিপশন পেতে যাচ্ছি?,তবে এখন আমি কীভাবে আগাছা জন্য আমার প্রেসক্রিপশন পেতে যাচ্ছি?
text withheld: corpus licence does not permit redistribution,1,1.0,banglasarc,"""সাফল্যের কোনও গোপন রহস্য নেই। আপনি কি কখনও এমন একজন সফল মানুষকে চেনেন যিনি আপনাকে এ সম্পর্কে বলেননি?""","""সাফল্যের কোনও গোপন রহস্য নেই। আপনি কি কখনও এমন একজন সফল মানুষকে চেনেন যিনি আপনাকে এ সম্পর্কে বলেননি?"""
text withheld: corpus licence does not permit redistribution,1,1.0,banglasarc,এটি যখন কাজ করেছিল তখন ওয়ান্টজ কলেজে থাকাকালীন এটি অবশ্যই এনএফএল -এ কাজ করবে!,এটি যখন কাজ করেছিল তখন ওয়ান্টজ কলেজে থাকাকালীন এটি অবশ্যই এনএফএল -এ কাজ করবে!
text withheld: corpus licence does not permit redistribution,0,0.0,banglasarc,"এবার স্কুল কলেজ বন্ধ দিলে সরকারের খবর আছে,,,","এবার স্কুল কলেজ বন্ধ দিলে সরকারের খবর আছে,,,"
text withheld: corpus licence does not permit redistribution,0,0.0,banglasarc,আহা শান্তি 🥰,আহা শান্তি 🥰
text withheld: corpus licence does not permit redistribution,0,0.0,banglasarc,প্রতিটি মেয়েই চাই সিঙ্গেল থাকতে কিন্তু কিছু দুষ্টু ছেলে তাদের পটিয়ে ফেলে।,প্রতিটি মেয়েই চাই সিঙ্গেল থাকতে কিন্তু কিছু দুষ্টু ছেলে তাদের পটিয়ে ফেলে।
text withheld: corpus licence does not permit redistribution,0,0.0,banglasarc,এটি যে কোন দেশ ভ্রমণের জন্য শিক্ষনীয়। ধন্যবাদ বিষয়টি শেয়ার করার জন্য,এটি যে কোন দেশ ভ্রমণের জন্য শিক্ষনীয়। ধন্যবাদ বিষয়টি শেয়ার করার জন্য
text withheld: corpus licence does not permit redistribution,0,0.0,banglasarc,আপু তুমি কক্সবাজার একটা বাড়ি করে নাও।,আপু তুমি কক্সবাজার একটা বাড়ি করে নাও।
text withheld: corpus licence does not permit redistribution,0,0.0,banglasarc,দাম কতো,দাম কতো
text withheld: corpus licence does not permit redistribution,1,1.0,banglasarc,চুপ করার ভাল সুযোগ কখনও মিস করবেন না।,চুপ করার ভাল সুযোগ কখনও মিস করবেন না।
text withheld: corpus licence does not permit redistribution,0,0.0,banglasarc,আমি আজও বুঝি না একটা gentleman person কে কিভাবে মিথিলা ছেড়ে গেল,আমি আজও বুঝি না একটা gentleman person কে কিভাবে মিথিলা ছেড়ে গেল
text withheld: corpus licence does not permit redistribution,1,1.0,banglasarc,"ব্যঙ্গাত্মক, কারণ মানুষের থেকে বকাঝকাটি মারধর করা অবৈধ।","ব্যঙ্গাত্মক, কারণ মানুষের থেকে বকাঝকাটি মারধর করা অবৈধ।"
text withheld: corpus licence does not permit redistribution,0,0.0,banglasarc,মেসেজ দিলে রিপ্লে দেন,মেসেজ দিলে রিপ্লে দেন
text withheld: corpus licence does not permit redistribution,1,1.0,banglasarc,"আপনি যদি মনে করেন যে আপনি কার্যকর হওয়ার জন্য খুব ছোট, আপনি কখনও মশার সাথে অন্ধকারে ছিলেন না","আপনি যদি মনে করেন যে আপনি কার্যকর হওয়ার জন্য খুব ছোট, আপনি কখনও মশার সাথে অন্ধকারে ছিলেন না"
text withheld: corpus licence does not permit redistribution,0,0.0,banglasarc,বজগড় ব্যাখ্যা ফালতু মহিলা,বজগড় ব্যাখ্যা ফালতু মহিলা
text withheld: corpus licence does not permit redistribution,1,1.0,banglasarc,"আমি জানি না যে আমার সম্পর্কে ""কঠিন ব্যক্তি"" হওয়ার বিষয়ে এই সমস্ত বকাঝকা কোথা থেকে আসছে।আমি একটি ধ্রুবক f..cking আনন্দ।","আমি জানি না যে আমার সম্পর্কে ""কঠিন ব্যক্তি"" হওয়ার বিষয়ে এই সমস্ত বকাঝকা কোথা থেকে আসছে।আমি একটি ধ্রুবক f..cking আনন্দ।"
text withheld: corpus licence does not permit redistribution,0,0.0,banglasarc,উনার মত ভয়েছ তাই এসব করলি কুত্তা জাতি। তোদের মায়ের সাথে কত লোক থাকছে তার নেই ঠিক,উনার মত ভয়েছ তাই এসব করলি কুত্তা জাতি। তোদের মায়ের সাথে কত লোক থাকছে তার নেই ঠিক
text withheld: corpus licence does not permit redistribution,1,1.0,banglasarc,আরে আমি তোমার নাক পেয়েছি এটি আমার ব্যবসায় ছিল,আরে আমি তোমার নাক পেয়েছি এটি আমার ব্যবসায় ছিল
text withheld: corpus licence does not permit redistribution,1,1.0,banglasarc,“আমার বস বলেছিলেন আমি আমার সহকর্মীদের ভয় দেখিয়েছি।তিনি ক্ষমা না পারা পর্যন্ত আমি তার দিকে তাকাচ্ছিলাম। ”,“আমার বস বলেছিলেন আমি আমার সহকর্মীদের ভয় দেখিয়েছি।তিনি ক্ষমা না পারা পর্যন্ত আমি তার দিকে তাকাচ্ছিলাম। ”
text withheld: corpus licence does not permit redistribution,1,1.0,banglasarc,সুযোগগুলি সূর্যাস্তের মতো।আপনি যদি খুব বেশি সময় অপেক্ষা করেন তবে আপনি তাদের মিস করছেন,সুযোগগুলি সূর্যাস্তের মতো।আপনি যদি খুব বেশি সময় অপেক্ষা করেন তবে আপনি তাদের মিস করছেন
text withheld: corpus licence does not permit redistribution,0,0.0,banglasarc,ইউরোপের নায়ক রিয়াজ কই?,ইউরোপের নায়ক রিয়াজ কই?
text withheld: corpus licence does not permit redistribution,0,0.0,banglasarc,নাস্তিকরা এখন আমাদের জ্ঞান দেয় নাস্তিকের গালে জুতা মারি তার সাথে আবাল সাংবাদিক কে,নাস্তিকরা এখন আমাদের জ্ঞান দেয় নাস্তিকের গালে জুতা মারি তার সাথে আবাল সাংবাদিক কে
text withheld: corpus licence does not permit redistribution,1,1.0,banglasarc,যার অফিসের গাছপালা মারা গেছে এমন কোনও ডাক্তারের কাছে যাবেন না।,যার অফিসের গাছপালা মারা গেছে এমন কোনও ডাক্তারের কাছে যাবেন না।
text withheld: corpus licence does not permit redistribution,0,0.0,banglasarc,"আপনারা আবার আরেক কাঠি সরেস!! গালাগালী ঠিক না,উচিত না,এবং পছন্দ ও করিনা,কিন্তু যে ব্যাপারটা নিয়ে ক্যাচাল টা বাজছে সে ব্যাপারে সাফা কিছুই বললো না ক্লিয়ার করলো না। আর এমন ভাবে বিচার দিলো আল্লাহর কাছে যেন আল্লাহ উনার একার। অনেকেই অহেতুক গালাগালি করেছে,নোংরা কথা বলেছে তাদের পক্ষে আমি কিছু বলছিনা কিন্তু সাফা তার দিকে থেকে ব্যাপারটা কি ক্লিয়ার করেছে??","আপনারা আবার আরেক কাঠি সরেস!! গালাগালী ঠিক না,উচিত না,এবং পছন্দ ও করিনা,কিন্তু যে ব্যাপারটা নিয়ে ক্যাচাল টা বাজছে সে ব্যাপারে সাফা কিছুই বললো না ক্লিয়ার করলো না। আর এমন ভাবে বিচার দিলো আল্লাহর কাছে যেন আল্লাহ উনার একার। অনেকেই অহেতুক গালাগালি করেছে,নোংরা কথা বলেছে তাদের পক্ষে আমি কিছু বলছিনা কিন্তু সাফা তার দিকে থেকে ব্যাপারটা কি ক্লিয়ার করেছে??"
text withheld: corpus licence does not permit redistribution,0,0.0,banglasarc,দেখেই গা শিউরে উঠছে,দেখেই গা শিউরে উঠছে
text withheld: corpus licence does not permit redistribution,0,0.0,banglasarc,দেশের প্রেক্ষাপটে আওয়ামীলীগ সরকার অতুলনীয়।,দেশের প্রেক্ষাপটে আওয়ামীলীগ সরকার অতুলনীয়।
text withheld: corpus licence does not permit redistribution,0,0.0,banglasarc,"আমরা আনন্দ মিছিল দিয়েছিলাম, যা ছিল এরকম ""যাবো গো যাবো গো বিশ্বকাপে যাবো গো""","আমরা আনন্দ মিছিল দিয়েছিলাম, যা ছিল এরকম ""যাবো গো যাবো গো বিশ্বকাপে যাবো গো"""
text withheld: corpus licence does not permit redistribution,0,0.0,banglasarc,আজকে তো একটা পরীকে দেখছি মনে হয় কি সুন্দর লাগছে,আজকে তো একটা পরীকে দেখছি মনে হয় কি সুন্দর লাগছে
text withheld: corpus licence does not permit redistribution,0,0.0,banglasarc,খানকির পোলা গুলো এই ফকিন্নী ভাইরাল করলো,খানকির পোলা গুলো এই ফকিন্নী ভাইরাল করলো
text withheld: corpus licence does not permit redistribution,1,1.0,banglasarc,"আপনি আমার সম্পর্কে যে জিনিসগুলি শুনেছেন তা মিথ্যা, আমি আরও খারাপ","আপনি আমার সম্পর্কে যে জিনিসগুলি শুনেছেন তা মিথ্যা, আমি আরও খারাপ"
text withheld: corpus licence does not permit redistribution,1,1.0,banglasarc,"লোকেরা বলে কিছুই অসম্ভব বলে, তবে আমি প্রতিদিন কিছুই করি না।","লোকেরা বলে কিছুই অসম্ভব বলে, তবে আমি প্রতিদিন কিছুই করি না।"
text withheld: corpus licence does not permit redistribution,0,0.0,banglasarc,জামাইয়ের হাতের ফ্রী রান্না খেতে মজাই লাগে,জামাইয়ের হাতের ফ্রী রান্না খেতে মজাই লাগে
text withheld: corpus licence does not permit redistribution,0,0.0,banglasarc,আল্লাহপাক উনাকে জান্নাত নসিব করুন।,আল্লাহপাক উনাকে জান্নাত নসিব করুন।
text withheld: corpus licence does not permit redistribution,1,1.0,banglasarc,ভাল কাজের জন্য পুরষ্কার আরও কাজ,ভাল কাজের জন্য পুরষ্কার আরও কাজ
text withheld: corpus licence does not permit redistribution,0,0.0,banglasarc,"সে যখন বলতেছিলো একটা সময় প্রচুর রিকশায় উঠেছি ইভেন আমার ফার্স্ট বেবি,,,,, আমি ভাবছি বলবে যে ইভেন আমার ফার্স্ট বেবি ও রিকশাতেই হইছে","সে যখন বলতেছিলো একটা সময় প্রচুর রিকশায় উঠেছি ইভেন আমার ফার্স্ট বেবি,,,,, আমি ভাবছি বলবে যে ইভেন আমার ফার্স্ট বেবি ও রিকশাতেই হইছে"
text withheld: corpus licence does not permit redistribution,0,0.0,banglasarc,শয়তান ইজ ব্যাক।,শয়তান ইজ ব্যাক।
text withheld: corpus licence does not permit redistribution,1,1.0,banglasarc,আমি জেনারেল স্টোরে গিয়েছিলাম তবে তারা আমাকে নির্দিষ্ট কিছু কিনতে দেয় না,আমি জেনারেল স্টোরে গিয়েছিলাম তবে তারা আমাকে নির্দিষ্ট কিছু কিনতে দেয় না
text withheld: corpus licence does not permit redistribution,0,0.0,banglasarc,সূচনা ও সাইফ এর কাছে আসার গল্প,সূচনা ও সাইফ এর কাছে আসার গল্প
text withheld: corpus licence does not permit redistribution,0,0.0,banglasarc,"ধর্ম বিষয়টা সবাই ঠিকভাবে বুঝে না। আমরাও অনেকেই সন্দেহের মধ্যে থাকি। আবার নামায, রোযা, হজ্ব করি। কিন্তু পুরো বিশ্বাস থাকলে আমরা তো এত হানাহানি,দূর্নীতি, অপশাসন,অনিয়ম করতাম না। আবার পারিবারিক ভাবে সে জ্ঞান না পেলে কিভাবে আমরা আখিরাত বুঝব?ইসলামে পুরোপুরি প্রবেশ করতে হয়।আধা বিশ্বাসে মন্জিলে মাকসুদে পৌছা যায় না।আখিরাত চিরন্তন। এটা বললেই হবে না। দৃঢ়ভাবে বিশ্বাস করতে হবে। তবে সে বুঝতে পারলে নিঃসন্দেহে এ কথা বলত না। গালিগালায,নাস্তিক না বলাই ভাল। বিচারটা তারই স্রষ্টা মহান আল্লাহকে করতে দিন।আল্লাহ আমাদের হেদায়েত দিন,বুঝার তৌফিক দিন।","ধর্ম বিষয়টা সবাই ঠিকভাবে বুঝে না। আমরাও অনেকেই সন্দেহের মধ্যে থাকি। আবার নামায, রোযা, হজ্ব করি। কিন্তু পুরো বিশ্বাস থাকলে আমরা তো এত হানাহানি,দূর্নীতি, অপশাসন,অনিয়ম করতাম না। আবার পারিবারিক ভাবে সে জ্ঞান না পেলে কিভাবে আমরা আখিরাত বুঝব?ইসলামে পুরোপুরি প্রবেশ করতে হয়।আধা বিশ্বাসে মন্জিলে মাকসুদে পৌছা যায় না।আখিরাত চিরন্তন। এটা বললেই হবে না। দৃঢ়ভাবে বিশ্বাস করতে হবে। তবে সে বুঝতে পারলে নিঃসন্দেহে এ কথা বলত না। গালিগালায,নাস্তিক না বলাই ভাল। বিচারটা তারই স্রষ্টা মহান আল্লাহকে করতে দিন।আল্লাহ আমাদের হেদায়েত দিন,বুঝার তৌফিক দিন।"
text withheld: corpus licence does not permit redistribution,0,0.0,banglasarc,আলগা পিরিতি। কিন্তু নিজের জেলার মানুষ কষ্ট করতেছে তার কোন খবর নেই।,আলগা পিরিতি। কিন্তু নিজের জেলার মানুষ কষ্ট করতেছে তার কোন খবর নেই।
text withheld: corpus licence does not permit redistribution,1,1.0,banglasarc,"""আপনি যদি খুব মুক্ত মনোভাব রাখেন তবে আপনার মস্তিষ্কগুলি পড়ে যাবে” ""","""আপনি যদি খুব মুক্ত মনোভাব রাখেন তবে আপনার মস্তিষ্কগুলি পড়ে যাবে” """
text withheld: corpus licence does not permit redistribution,1,1.0,banglasarc,বামপন্থী গণমাধ্যম এবং উইকিপিডিয়া থেকে শীর্ষস্থানীয় প্রতিবেদন।,বামপন্থী গণমাধ্যম এবং উইকিপিডিয়া থেকে শীর্ষস্থানীয় প্রতিবেদন।
text withheld: corpus licence does not permit redistribution,0,0.0,banglasarc,ধন্যবাদ! সজীব ওয়াজেদ জয় ভাই। আমরাই ডিজিটাল বাংলাদেশ।,ধন্যবাদ! সজীব ওয়াজেদ জয় ভাই। আমরাই ডিজিটাল বাংলাদেশ।
text withheld: corpus licence does not permit redistribution,0,0.0,banglasarc,"ব্যাপক প্রস্তুতি, ধন্যবাদ মাননীয় মন্ত্রী।","ব্যাপক প্রস্তুতি, ধন্যবাদ মাননীয় মন্ত্রী।"
text withheld: corpus licence does not permit redistribution,1,1.0,banglasarc,"আমার সাথে লড়াই করা বিশেষ অলিম্পিকে থাকার মতো।আপনি জিততে পারেন, তবে শেষ পর্যন্ত আপনি এখনও একজন প্রতিবন্ধী","আমার সাথে লড়াই করা বিশেষ অলিম্পিকে থাকার মতো।আপনি জিততে পারেন, তবে শেষ পর্যন্ত আপনি এখনও একজন প্রতিবন্ধী"
text withheld: corpus licence does not permit redistribution,0,0.0,banglasarc,উদ্ধারকাজে নেমেছে সেনাবাহিনী।,উদ্ধারকাজে নেমেছে সেনাবাহিনী।
text withheld: corpus licence does not permit redistribution,0,0.0,banglasarc,এমনটাই হওয়ার কথা ছিলো,এমনটাই হওয়ার কথা ছিলো
text withheld: corpus licence does not permit redistribution,1,1.0,banglasarc,"আমি শান্ত দেখতে পাচ্ছি, তবে আমার মনের ভিতরে, আমি আপনাকে 20 বার, 5 মিনিটের মধ্যে 20 টি বিভিন্ন উপায়ে হত্যা করেছি","আমি শান্ত দেখতে পাচ্ছি, তবে আমার মনের ভিতরে, আমি আপনাকে 20 বার, 5 মিনিটের মধ্যে 20 টি বিভিন্ন উপায়ে হত্যা করেছি"
text withheld: corpus licence does not permit redistribution,0,0.0,banglasarc,এক কথায় অসাধারণ হয়েছে,এক কথায় অসাধারণ হয়েছে
text withheld: corpus licence does not permit redistribution,0,0.0,banglasarc,"আমর মনে হয় না জানিয়ে দিলে হয়তো নিবে স্যার,এটাই বন্ধুত্ত্ব,মুখ ফুটে কিছু না চাওয়াটাই","আমর মনে হয় না জানিয়ে দিলে হয়তো নিবে স্যার,এটাই বন্ধুত্ত্ব,মুখ ফুটে কিছু না চাওয়াটাই"
text withheld: corpus licence does not permit redistribution,1,1.0,banglasarc,"“আমাকে জিজ্ঞাসা করা হয়েছিল যে আমি একটি সম্পর্কের মধ্যে কী খুঁজছি।স্পষ্টতই ‘একটি উপায়’ সঠিক উত্তর ছিল না। ""","“আমাকে জিজ্ঞাসা করা হয়েছিল যে আমি একটি সম্পর্কের মধ্যে কী খুঁজছি।স্পষ্টতই ‘একটি উপায়’ সঠিক উত্তর ছিল না। """
text withheld: corpus licence does not permit redistribution,0,0.0,banglasarc,"আমরা বড়ই দুর্বল, তুমি ছাড়া আমাদের কোনো সাহায্যকারী নেই।","আমরা বড়ই দুর্বল, তুমি ছাড়া আমাদের কোনো সাহায্যকারী নেই।"
text withheld: corpus licence does not permit redistribution,1,1.0,banglasarc,"""পরিবর্তে‘ সুন্দর দিন কাটানোর পরিবর্তে ’আমি মনে করি আমি বলতে শুরু করব,‘ আপনার প্রাপ্য দিনটি কাটাতে হবে ’’ আপনি জানেন, কর্মফলকে জিনিসগুলি সাজান। ""","""পরিবর্তে‘ সুন্দর দিন কাটানোর পরিবর্তে ’আমি মনে করি আমি বলতে শুরু করব,‘ আপনার প্রাপ্য দিনটি কাটাতে হবে ’’ আপনি জানেন, কর্মফলকে জিনিসগুলি সাজান। """
text withheld: corpus licence does not permit redistribution,0,0.0,banglasarc,"ভারত তো আমাদের ভাই,, আজ ভাইয়ের জন্য ভাইয়ের ব্যবহার","ভারত তো আমাদের ভাই,, আজ ভাইয়ের জন্য ভাইয়ের ব্যবহার"
text withheld: corpus licence does not permit redistribution,1,1.0,banglasarc,"“আমার নীরবতার অর্থ এই নয় যে আমি আপনার সাথে একমত।এটা ঠিক যে আপনার অজ্ঞতার স্তরটি আমাকে নির্বাক করে দিয়েছে ”""","“আমার নীরবতার অর্থ এই নয় যে আমি আপনার সাথে একমত।এটা ঠিক যে আপনার অজ্ঞতার স্তরটি আমাকে নির্বাক করে দিয়েছে ”"""
text withheld: corpus licence does not permit redistribution,0,0.0,banglasarc,নাইস কাপল,নাইস কাপল
text withheld: corpus licence does not permit redistribution,0,0.0,banglasarc,তারেক যার মহামান্য নেতা।,তারেক যার মহামান্য নেতা।
text withheld: corpus licence does not permit redistribution,0,0.0,banglasarc,কোন জানোয়ারদের কাহিনী,কোন জানোয়ারদের কাহিনী
text withheld: corpus licence does not permit redistribution,1,1.0,banglasarc,আপনি যদি সিরিয়াল কিলার না হন তবে আপনি কে তা গ্রহণ করুন।,আপনি যদি সিরিয়াল কিলার না হন তবে আপনি কে তা গ্রহণ করুন।
text withheld: corpus licence does not permit redistribution,1,1.0,banglasarc,আমি দুঃখিত যখন আমি আপনাকে বোকা বলি তখন আমি আপনার অনুভূতিতে আঘাত পেয়েছি।আমি সত্যিই ভেবেছিলাম আপনি ইতিমধ্যে জানেন।,আমি দুঃখিত যখন আমি আপনাকে বোকা বলি তখন আমি আপনার অনুভূতিতে আঘাত পেয়েছি।আমি সত্যিই ভেবেছিলাম আপনি ইতিমধ্যে জানেন।
text withheld: corpus licence does not permit redistribution,0,0.0,banglasarc,আজ যে সরকার আছে সে উন্নয়ন করে ক্রেডিট নিতে পারে কিন্তু উন্নয়ন টা নিয়ে যেতে পারবে না।,আজ যে সরকার আছে সে উন্নয়ন করে ক্রেডিট নিতে পারে কিন্তু উন্নয়ন টা নিয়ে যেতে পারবে না।
text withheld: corpus licence does not permit redistribution,0,0.0,banglasarc,"অসাধারণ,মন ছুঁয়ে গেল","অসাধারণ,মন ছুঁয়ে গেল"
text withheld: corpus licence does not permit redistribution,0,0.0,banglasarc,জাযাকাললাহ হুজুর,জাযাকাললাহ হুজুর
text withheld: corpus licence does not permit redistribution,1,1.0,banglasarc,পুলিশ একটি দ্রুতগতির গাড়িতে টানছে: পুলিশ: আমি সারাদিন আপনার জন্য অপেক্ষা করছিলাম। ড্রাইভার: হ্যাঁ ভাল আমি যত দ্রুত সম্ভব এখানে এসেছি,পুলিশ একটি দ্রুতগতির গাড়িতে টানছে: পুলিশ: আমি সারাদিন আপনার জন্য অপেক্ষা করছিলাম। ড্রাইভার: হ্যাঁ ভাল আমি যত দ্রুত সম্ভব এখানে এসেছি
text withheld: corpus licence does not permit redistribution,0,0.0,banglasarc,প্রত্যকে ছাত্র সমান অধিকার,প্রত্যকে ছাত্র সমান অধিকার
text withheld: corpus licence does not permit redistribution,1,1.0,banglasarc,"তারা বলে প্রতিটি দিন একটি উপহার!ঠিক আছে, আমি জানতে চাই যে গ্রাহক পরিষেবা কোথায় তাই আমি এটিকে ফিরিয়ে দিতে পারি !!","তারা বলে প্রতিটি দিন একটি উপহার!ঠিক আছে, আমি জানতে চাই যে গ্রাহক পরিষেবা কোথায় তাই আমি এটিকে ফিরিয়ে দিতে পারি !!"
text withheld: corpus licence does not permit redistribution,0,0.0,banglasarc,এই নাস্তিকের মে সাফা কবির এখন বুঝেন এর কাছ থেকে এর চেয়ে ভালো কিছু আশা করা যায় না।,এই নাস্তিকের মে সাফা কবির এখন বুঝেন এর কাছ থেকে এর চেয়ে ভালো কিছু আশা করা যায় না।
text withheld: corpus licence does not permit redistribution,1,1.0,banglasarc,প্রতিটি মহান পুরুষের পিছনে একজন মহিলা তার চোখ ঘুরিয়ে দিচ্ছেন।,প্রতিটি মহান পুরুষের পিছনে একজন মহিলা তার চোখ ঘুরিয়ে দিচ্ছেন।
text withheld: corpus licence does not permit redistribution,1,1.0,banglasarc,"না, তারা ভাড়া নেবে, তারা কেবল আপনার সম্পর্কের মধ্যে আপনি কোথায় আছেন, আপনি যদি বাচ্চাদের খাওয়ার পরিকল্পনা করছেন, বা যদি আপনি কোনও খারাপ দিন কাটাচ্ছেন তবে যদি আপনি পিএমএস করছেন তবে তারা ক্রমাগত জিজ্ঞাসা করবেন ... বা আপনি যদি ছিলেনএকসাথে 2.5x-শিফট কাজ করা এবং একবারে কয়েক দিনের জন্য কাজ করা এবং ডি ব্যাগগুলি থেকে বুলশিটের সাথে তাল মিলিয়ে ছেড়ে দেওয়া হয়েছে যারা জিজ্ঞাসা করেন যে আপনি পিএমএস করছেন কিনা","না, তারা ভাড়া নেবে, তারা কেবল আপনার সম্পর্কের মধ্যে আপনি কোথায় আছেন, আপনি যদি বাচ্চাদের খাওয়ার পরিকল্পনা করছেন, বা যদি আপনি কোনও খারাপ দিন কাটাচ্ছেন তবে যদি আপনি পিএমএস করছেন তবে তারা ক্রমাগত জিজ্ঞাসা করবেন ... বা আপনি যদি ছিলেনএকসাথে 2.5x-শিফট কাজ করা এবং একবারে কয়েক দিনের জন্য কাজ করা এবং ডি ব্যাগগুলি থেকে বুলশিটের সাথে তাল মিলিয়ে ছেড়ে দেওয়া হয়েছে যারা জিজ্ঞাসা করেন যে আপনি পিএমএস করছেন কিনা"
text withheld: corpus licence does not permit redistribution,0,0.0,banglasarc,জয় বাংলা বাংলার জয়,জয় বাংলা বাংলার জয়
text withheld: corpus licence does not permit redistribution,0,0.0,banglasarc,25 তারিখ এর পর থেকে shutdown দেওয়া হবে !,25 তারিখ এর পর থেকে shutdown দেওয়া হবে !
text withheld: corpus licence does not permit redistribution,0,0.0,banglasarc,ডলারের দাম বেড়েছে ২০২২ সালে,ডলারের দাম বেড়েছে ২০২২ সালে
text withheld: corpus licence does not permit redistribution,0,0.0,banglasarc,"বাস্তবের এই অনুভূতি টা নিতে চাই, ইনশাআল্লাহ কোনো একদিন 😊","বাস্তবের এই অনুভূতি টা নিতে চাই, ইনশাআল্লাহ কোনো একদিন 😊"
text withheld: corpus licence does not permit redistribution,1,1.0,banglasarc,সৌন্দর্য দর্শকের চোখে এবং এটি সময়ে সময়ে কোনও বোকা বা ভুল তথ্য দর্শকের একটি কালো চোখ দেওয়ার জন্য প্রয়োজনীয় হতে পারে,সৌন্দর্য দর্শকের চোখে এবং এটি সময়ে সময়ে কোনও বোকা বা ভুল তথ্য দর্শকের একটি কালো চোখ দেওয়ার জন্য প্রয়োজনীয় হতে পারে
text withheld: corpus licence does not permit redistribution,0,0.0,banglasarc,বাংলাদেশের সেরা খেলাড়ি মিঃ সাকিব,বাংলাদেশের সেরা খেলাড়ি মিঃ সাকিব
text withheld: corpus licence does not permit redistribution,1,1.0,banglasarc,সেরা প্রতিশোধ হল বৃহৎ সফলতা.,সেরা প্রতিশোধ হল বৃহৎ সফলতা.
text withheld: corpus licence does not permit redistribution,0,0.0,banglasarc,"আসসালামুআলাইকুম প্রিয় নেতা, আন্তরিক অভিনন্দন ও শুভেচ্ছা রইল। ইনশাআল্লাহ আমরা সবাই করোনা ভাইরাস এর বিরুদ্ধে যুদ্ধে জয়ী হব আল্লাহর ইচ্ছায়। আল্লাহ আমাদের সবাইকে হেফাজত করুন। আমীন।# প্রতিরোধ রোগের চিকিৎসার চেয়ে বেশি ভাল।# আতংকিত নয় সতর্ক হোন।# ঘরে থাকুন এবং নিরাপদে থাকুন।# পারলে সাহায্য করব, না পারলে কারো কোন ক্ষতি করব না।# নিজেকে, পরিবারকে ভালবাসুন এবং দেশকে ভালবাসুন। বিবেক ও দেশপ্রেম জাগ্রত করুন।# আল্লাহকে স্মরণ করুন।","আসসালামুআলাইকুম প্রিয় নেতা, আন্তরিক অভিনন্দন ও শুভেচ্ছা রইল। ইনশাআল্লাহ আমরা সবাই করোনা ভাইরাস এর বিরুদ্ধে যুদ্ধে জয়ী হব আল্লাহর ইচ্ছায়। আল্লাহ আমাদের সবাইকে হেফাজত করুন। আমীন।# প্রতিরোধ রোগের চিকিৎসার চেয়ে বেশি ভাল।# আতংকিত নয় সতর্ক হোন।# ঘরে থাকুন এবং নিরাপদে থাকুন।# পারলে সাহায্য করব, না পারলে কারো কোন ক্ষতি করব না।# নিজেকে, পরিবারকে ভালবাসুন এবং দেশকে ভালবাসুন। বিবেক ও দেশপ্রেম জাগ্রত করুন।# আল্লাহকে স্মরণ করুন।"
text withheld: corpus licence does not permit redistribution,0,0.0,banglasarc,মেকআপ করলে খুবই জঘন্য দেখাযায়,মেকআপ করলে খুবই জঘন্য দেখাযায়
text withheld: corpus licence does not permit redistribution,0,0.0,banglasarc,ওহ এইটা এই মেয়ের জামাই! থাক অত সুন্দরও ছিল না।,ওহ এইটা এই মেয়ের জামাই! থাক অত সুন্দরও ছিল না।
text withheld: corpus licence does not permit redistribution,0,0.0,banglasarc,প্রায় তিন চার বছর পর আমার ভাইবোনদের সাথে দেখা হবে,প্রায় তিন চার বছর পর আমার ভাইবোনদের সাথে দেখা হবে
text withheld: corpus licence does not permit redistribution,0,0.0,banglasarc,মায়ের মতো এই পৃথিবীতে আর কেউ নেই। মা হলো পৃথিবীর জান্নাত ও আখেরাতের জান্নাত। মা তোমাকে অনেক ভালো বাসি।,মায়ের মতো এই পৃথিবীতে আর কেউ নেই। মা হলো পৃথিবীর জান্নাত ও আখেরাতের জান্নাত। মা তোমাকে অনেক ভালো বাসি।
text withheld: corpus licence does not permit redistribution,0,0.0,banglasarc,আক্কেলেই হোক আর আখখেতেই হোক- এর কোনোটিই ব,আক্কেলেই হোক আর আখখেতেই হোক- এর কোনোটিই ব
text withheld: corpus licence does not permit redistribution,0,0.0,banglasarc,কমেন্ত পরে আমি ত শিহরিত.....,কমেন্ত পরে আমি ত শিহরিত.....
text withheld: corpus licence does not permit redistribution,1,1.0,banglasarc,আমি একটি মশলাদার বিপর্যয় আমি একটি গরম জগাখিচুড়ি নই,আমি একটি মশলাদার বিপর্যয় আমি একটি গরম জগাখিচুড়ি নই
text withheld: corpus licence does not permit redistribution,1,1.0,banglasarc,অভিজ্ঞতা হ'ল নামটি এত লোক তাদের ভুলকে দেয়।,অভিজ্ঞতা হ'ল নামটি এত লোক তাদের ভুলকে দেয়।
text withheld: corpus licence does not permit redistribution,0,0.0,banglasarc,"বিপদকে পুঁজি করে যারা অধিক মুনাফা করে, তাদের আমি মানুষ মনে করি না। কারন মানুষের পেটে জন্ম নিলেই মানুষ হওয়া যায় না। মানুষ হতে হলে মানুষত্ম থাকতে হয়।","বিপদকে পুঁজি করে যারা অধিক মুনাফা করে, তাদের আমি মানুষ মনে করি না। কারন মানুষের পেটে জন্ম নিলেই মানুষ হওয়া যায় না। মানুষ হতে হলে মানুষত্ম থাকতে হয়।"
text withheld: corpus licence does not permit redistribution,0,0.0,banglasarc,আল্লাহ হেদায়েত নসীব করুন।,আল্লাহ হেদায়েত নসীব করুন।
text withheld: corpus licence does not permit redistribution,0,0.0,banglasarc,"এই মহিলাকে জুতিয়ে অংক শেখানো উচিত,,,,,,ও কি ট্রাম্পের কাছে শতকরা হিসাবে অভিযোগ করেছে ?এই ফালতু মহিলাতো সরাসরি বলেছে সাড়ে তিনকোটি সংখ্যালঘু গায়েব হয়েছে, মুসলিম মৌলবাদী অপরাধিরা শেল্টার পাচ্ছে।এই তথ্য ফকিন্নি পেল কোথায় ?????","এই মহিলাকে জুতিয়ে অংক শেখানো উচিত,,,,,,ও কি ট্রাম্পের কাছে শতকরা হিসাবে অভিযোগ করেছে ?এই ফালতু মহিলাতো সরাসরি বলেছে সাড়ে তিনকোটি সংখ্যালঘু গায়েব হয়েছে, মুসলিম মৌলবাদী অপরাধিরা শেল্টার পাচ্ছে।এই তথ্য ফকিন্নি পেল কোথায় ?????"
text withheld: corpus licence does not permit redistribution,1,1.0,banglasarc,সুযোগটি বেশিরভাগ লোকের দ্বারা মিস করা হয় কারণ এটি সামগ্রিকভাবে পরিহিত এবং কাজের মতো দেখাচ্ছে।,সুযোগটি বেশিরভাগ লোকের দ্বারা মিস করা হয় কারণ এটি সামগ্রিকভাবে পরিহিত এবং কাজের মতো দেখাচ্ছে।
text withheld: corpus licence does not permit redistribution,0,0.0,banglasarc,"মিথ্যে অালোয় অার কতদিনথাকবো খুশি বলো,মিথ্যে অালোর চেয়ে, সত্যের অাধার ভালোএই নিয়মেই চলো।জীবন একটা উপভোগের জিনিস, তোমার মত তামাশা করা জীবনের মানে না। বুজেছো নোভাইল??","মিথ্যে অালোয় অার কতদিনথাকবো খুশি বলো,মিথ্যে অালোর চেয়ে, সত্যের অাধার ভালোএই নিয়মেই চলো।জীবন একটা উপভোগের জিনিস, তোমার মত তামাশা করা জীবনের মানে না। বুজেছো নোভাইল??"
text withheld: corpus licence does not permit redistribution,0,0.0,banglasarc,সাফা নিজেই করোনা ভাইরাস,সাফা নিজেই করোনা ভাইরাস
text withheld: corpus licence does not permit redistribution,1,1.0,banglasarc,আমি সেই মুডগুলির মধ্যে একটি যেখানে আমি কেবল কারও মুখে একটি বই ফেলে দিতে চাই এবং এর মতো হতে চাই: আমি আপনাকে ফেসবুক করেছি।,আমি সেই মুডগুলির মধ্যে একটি যেখানে আমি কেবল কারও মুখে একটি বই ফেলে দিতে চাই এবং এর মতো হতে চাই: আমি আপনাকে ফেসবুক করেছি।
text withheld: corpus licence does not permit redistribution,0,0.0,banglasarc,আললাহ এতো রহম করে তোকে বিনা পরিশ্রমে মুসলিম ঘরে পইদা করছে কিনতু আপসোস তুই সেইটার মূল্য বুঝলি না।আললাহ তুমি এই নিরবোধ সহ সকল নাসতিক নিরবোধ গুলোকে হেদাএত দান করুন।আমিন।,আললাহ এতো রহম করে তোকে বিনা পরিশ্রমে মুসলিম ঘরে পইদা করছে কিনতু আপসোস তুই সেইটার মূল্য বুঝলি না।আললাহ তুমি এই নিরবোধ সহ সকল নাসতিক নিরবোধ গুলোকে হেদাএত দান করুন।আমিন।
text withheld: corpus licence does not permit redistribution,0,0.0,banglasarc,তর মাথায় ব্রেন আছে সেটা তুই দেখছস? না দেখলে ভাব্বি গবর আছে,তর মাথায় ব্রেন আছে সেটা তুই দেখছস? না দেখলে ভাব্বি গবর আছে
text withheld: corpus licence does not permit redistribution,0,0.0,banglasarc,দেখা শেষ,দেখা শেষ
text withheld: corpus licence does not permit redistribution,0,0.0,banglasarc,সারাদেশে কি পরিকল্পনা মাফিক আগুন লাগানো হচ্ছে,সারাদেশে কি পরিকল্পনা মাফিক আগুন লাগানো হচ্ছে
text withheld: corpus licence does not permit redistribution,0,0.0,banglasarc,ডানা ভাইয়ের স্যুটিং-এর একটা দিন...,ডানা ভাইয়ের স্যুটিং-এর একটা দিন...
text withheld: corpus licence does not permit redistribution,0,0.0,banglasarc,বই পড়ার অভিজ্ঞতাকে রোমা কুকিজ জমিয়ে দেয় দারুণভাবে। তাই বই পড়ার সাথে রোমা কুকিজ রেখেছেন তো?,বই পড়ার অভিজ্ঞতাকে রোমা কুকিজ জমিয়ে দেয় দারুণভাবে। তাই বই পড়ার সাথে রোমা কুকিজ রেখেছেন তো?
text withheld: corpus licence does not permit redistribution,0,0.0,banglasarc,"অসাধারণ ব্লগ , খুব ভালো লাগলো ভিডিওটি 🥰","অসাধারণ ব্লগ , খুব ভালো লাগলো ভিডিওটি 🥰"
text withheld: corpus licence does not permit redistribution,1,1.0,banglasarc,"আমি প্লাস্টিক সার্জারিতে বিশ্বাস করি না।তবে আপনার ক্ষেত্রে, এগিয়ে যান","আমি প্লাস্টিক সার্জারিতে বিশ্বাস করি না।তবে আপনার ক্ষেত্রে, এগিয়ে যান"
text withheld: corpus licence does not permit redistribution,0,0.0,banglasarc,"স্বার্থের দুনিয়ায়,বন্ধুত্ব টিকে থাক আজীবন","স্বার্থের দুনিয়ায়,বন্ধুত্ব টিকে থাক আজীবন"
text withheld: corpus licence does not permit redistribution,0,0.0,banglasarc,কেউ তো বলে না,কেউ তো বলে না
text withheld: corpus licence does not permit redistribution,1,1.0,banglasarc,"রোদ ছাড়া একটি দিন যেমন আপনি জানেন, রাত।","রোদ ছাড়া একটি দিন যেমন আপনি জানেন, রাত।"
text withheld: corpus licence does not permit redistribution,1,1.0,banglasarc,"আমি এখনই ব্যস্ত, আমি কি আপনাকে অন্য কোনও সময় উপেক্ষা করতে পারি?","আমি এখনই ব্যস্ত, আমি কি আপনাকে অন্য কোনও সময় উপেক্ষা করতে পারি?"
text withheld: corpus licence does not permit redistribution,1,1.0,banglasarc,আপনার নিজের ছাড়া আর কেউ নেই।যদি না অন্য কোনও লোক আপনার পাশে দাঁড়িয়ে না থাকে তবে আপনি তাকে দোষ দিতে পারেন।,আপনার নিজের ছাড়া আর কেউ নেই।যদি না অন্য কোনও লোক আপনার পাশে দাঁড়িয়ে না থাকে তবে আপনি তাকে দোষ দিতে পারেন।
text withheld: corpus licence does not permit redistribution,1,1.0,banglasarc,অনুশীলন আপনাকে আরও ভাল নগ্ন দেখায় তাই টকিলা আপনার পছন্দ,অনুশীলন আপনাকে আরও ভাল নগ্ন দেখায় তাই টকিলা আপনার পছন্দ
text withheld: corpus licence does not permit redistribution,0,0.0,banglasarc,ইনশাআল্লাহ অনেক প্রত্যাশা নিয়ে অপেক্ষা করছে,ইনশাআল্লাহ অনেক প্রত্যাশা নিয়ে অপেক্ষা করছে
text withheld: corpus licence does not permit redistribution,0,0.0,banglasarc,"খাবারে ফরমালিন বিষ!এরপরও দক্ষিণ এশিয়ার সবচেয়ে ব্যয়বহুল দেশ আমার বাংলাদেশ!চিকিৎসা, শিক্ষা, প্রযুক্তি: সবকিছুতে নড়বড়ে অবস্থা।একটি ""হাওয়া ভবন""-এর রাহুগ্রাস থেকে রক্ষা পেয়ে এখন শতশত হাজার হাজার ""খাওয়া ভবন"" খপ্পরে।লোভ, হিংসা, অনাচার, দূর্নীতিতে জর্জরিত হয়ে মিথ্যে শান্তি বাতাশে এখন বিষাক্ত ভাইরাস এর ছোবল।কে বাঁচাবে এই জাতিকে!ভরসা রাখার মানুষেরাও এখন জবরদস্তির দখলে।তাহলে কে বাঁচাবে! কে!","খাবারে ফরমালিন বিষ!এরপরও দক্ষিণ এশিয়ার সবচেয়ে ব্যয়বহুল দেশ আমার বাংলাদেশ!চিকিৎসা, শিক্ষা, প্রযুক্তি: সবকিছুতে নড়বড়ে অবস্থা।একটি ""হাওয়া ভবন""-এর রাহুগ্রাস থেকে রক্ষা পেয়ে এখন শতশত হাজার হাজার ""খাওয়া ভবন"" খপ্পরে।লোভ, হিংসা, অনাচার, দূর্নীতিতে জর্জরিত হয়ে মিথ্যে শান্তি বাতাশে এখন বিষাক্ত ভাইরাস এর ছোবল।কে বাঁচাবে এই জাতিকে!ভরসা রাখার মানুষেরাও এখন জবরদস্তির দখলে।তাহলে কে বাঁচাবে! কে!"
text withheld: corpus licence does not permit redistribution,1,1.0,banglasarc,"""বিবাহ এমন একটি রোম্যান্স যেখানে প্রথম অধ্যায়ে নায়িকা মারা যায়।""","""বিবাহ এমন একটি রোম্যান্স যেখানে প্রথম অধ্যায়ে নায়িকা মারা যায়।"""
text withheld: corpus licence does not permit redistribution,1,1.0,banglasarc,আমি শুনেছি তারা টাওয়ারগুলি পুনর্নির্মাণ করছে।,আমি শুনেছি তারা টাওয়ারগুলি পুনর্নির্মাণ করছে।
text withheld: corpus licence does not permit redistribution,0,0.0,banglasarc,জানালা যে খোলা তা আমরা জানি,জানালা যে খোলা তা আমরা জানি
text withheld: corpus licence does not permit redistribution,0,0.0,banglasarc,একদম। অপশনাল হয়ে থাকার পাত্র না।,একদম। অপশনাল হয়ে থাকার পাত্র না।
text withheld: corpus licence does not permit redistribution,0,0.0,banglasarc,"হঠাৎ যদি শুনা যেতো সুইস ব্যাংক দেউলিয়া, কত শান্তিটাই না লাগতো","হঠাৎ যদি শুনা যেতো সুইস ব্যাংক দেউলিয়া, কত শান্তিটাই না লাগতো"
text withheld: corpus licence does not permit redistribution,0,0.0,banglasarc,পোটকা মাছের মত খালি ফোলতাছেন,পোটকা মাছের মত খালি ফোলতাছেন
text withheld: corpus licence does not permit redistribution,1,1.0,banglasarc,আপনি অন্য সবার মতোই অনন্য।,আপনি অন্য সবার মতোই অনন্য।
text withheld: corpus licence does not permit redistribution,0,0.0,banglasarc,বুড়ির ঢং কত!!,বুড়ির ঢং কত!!
text withheld: corpus licence does not permit redistribution,0,0.0,banglasarc,পাশে আছি গুরু। 🥱,পাশে আছি গুরু। 🥱
text withheld: corpus licence does not permit redistribution,0,0.0,banglasarc,চাঁন রাত উদযাপনের যে আসক্রিম গুলা খাইছিলা এগুলোর জন্য পরদিন গলা ভেঙে গেছিলো ।,চাঁন রাত উদযাপনের যে আসক্রিম গুলা খাইছিলা এগুলোর জন্য পরদিন গলা ভেঙে গেছিলো ।
text withheld: corpus licence does not permit redistribution,1,1.0,banglasarc,আচ্ছা ... উত্তর কি?,আচ্ছা ... উত্তর কি?
text withheld: corpus licence does not permit redistribution,1,1.0,banglasarc,আমি অলস নই আমি শক্তি সঞ্চয় মোডে আছি,আমি অলস নই আমি শক্তি সঞ্চয় মোডে আছি
text withheld: corpus licence does not permit redistribution,0,0.0,banglasarc,আমাদের প্যাকেজ সম্পর্কে জানতে এবং বেছে নিতে যোগাযোগ করুন ফেসবুকের ডাকবাক্সে.,আমাদের প্যাকেজ সম্পর্কে জানতে এবং বেছে নিতে যোগাযোগ করুন ফেসবুকের ডাকবাক্সে.
text withheld: corpus licence does not permit redistribution,0,0.0,banglasarc,অনেকেই ভয় করে। আমি ককুরের বাচ্চা আদর করি। অনেক ভালো লাগে কুকুর।,অনেকেই ভয় করে। আমি ককুরের বাচ্চা আদর করি। অনেক ভালো লাগে কুকুর।
text withheld: corpus licence does not permit redistribution,0,0.0,banglasarc,"ঠিক, খুব মনে পড়ে","ঠিক, খুব মনে পড়ে"
text withheld: corpus licence does not permit redistribution,0,0.0,banglasarc,"এই রুপ নাটক, সত্যিই অনন্তরের অন্তর স্থল থেকে উঠে আসা কথা ও সংলাপ। ধন্যবাদ মহাশয়।","এই রুপ নাটক, সত্যিই অনন্তরের অন্তর স্থল থেকে উঠে আসা কথা ও সংলাপ। ধন্যবাদ মহাশয়।"
text withheld: corpus licence does not permit redistribution,1,1.0,banglasarc,"""যদি আপনি জীবনের রাস্তায় শয়তানের সাথে কখনও সাক্ষাত না করেন তবে এটি কারণ আপনি দুজনেই একই দিকে যাচ্ছেন।""","""যদি আপনি জীবনের রাস্তায় শয়তানের সাথে কখনও সাক্ষাত না করেন তবে এটি কারণ আপনি দুজনেই একই দিকে যাচ্ছেন।"""
text withheld: corpus licence does not permit redistribution,0,0.0,banglasarc,বাংলাদেশ আওয়ামী লীগের সভাপতি ও জননেত্রী দেশরত্ন মানবতার ফেরিওয়ালা মা... বঙ্গবন্ধুর সাহসী কন্যা শেখ হাসিনা সরকার,বাংলাদেশ আওয়ামী লীগের সভাপতি ও জননেত্রী দেশরত্ন মানবতার ফেরিওয়ালা মা... বঙ্গবন্ধুর সাহসী কন্যা শেখ হাসিনা সরকার
text withheld: corpus licence does not permit redistribution,0,0.0,banglasarc,পানি আমাদের এলাকাবাসীর সবার ঘরে ঘরে 😪😭,পানি আমাদের এলাকাবাসীর সবার ঘরে ঘরে 😪😭
text withheld: corpus licence does not permit redistribution,0,0.0,banglasarc,মানষিক রোগী,মানষিক রোগী
text withheld: corpus licence does not permit redistribution,0,0.0,banglasarc,তুই কিভাবে গেলি এই খানে,তুই কিভাবে গেলি এই খানে
text withheld: corpus licence does not permit redistribution,0,0.0,banglasarc,"এই ঘটনার সাথে বাস্তবে বড়ই অমিল, সাধারণত মানুষ যত ধনী ততই কিপটা!!!আপনি যত ধনী মানুষ দেখবেন ততই তাদের হিসেবী দেখবেন!!!","এই ঘটনার সাথে বাস্তবে বড়ই অমিল, সাধারণত মানুষ যত ধনী ততই কিপটা!!!আপনি যত ধনী মানুষ দেখবেন ততই তাদের হিসেবী দেখবেন!!!"
text withheld: corpus licence does not permit redistribution,1,1.0,banglasarc,সমস্ত পুরুষ মাছের আগে সমান।,সমস্ত পুরুষ মাছের আগে সমান।
text withheld: corpus licence does not permit redistribution,0,0.0,banglasarc,আন্তর্জাতিক চাপ বাড়াতে হবে,আন্তর্জাতিক চাপ বাড়াতে হবে
text withheld: corpus licence does not permit redistribution,1,1.0,banglasarc,কেন এটি একটি খবর?,কেন এটি একটি খবর?
text withheld: corpus licence does not permit redistribution,0,0.0,banglasarc,"সেটাই থাকে তাদের জীবনের সবচেয়ে বড় ভুল,,যা বুঝতে বুঝতে আর সময় থাকে না","সেটাই থাকে তাদের জীবনের সবচেয়ে বড় ভুল,,যা বুঝতে বুঝতে আর সময় থাকে না"
text withheld: corpus licence does not permit redistribution,0,0.0,banglasarc,আমি সদ্য 2 মাস হয় আমার বাবা কে হারাইছে বোন এটা অনেক একটা কষ্টের বিষয় এ কষ্টের কোন শেষ নাই টোয়েন্টি সিক্স আমি সব বুঝি খুব কষ্ট খুব কষ্ট খুব কষ্ট আল্লাহ তোমার বাবাকে বেহেশত নসিব করুন তোমার বাবার জন্য দোয়া করি আমিন,আমি সদ্য 2 মাস হয় আমার বাবা কে হারাইছে বোন এটা অনেক একটা কষ্টের বিষয় এ কষ্টের কোন শেষ নাই টোয়েন্টি সিক্স আমি সব বুঝি খুব কষ্ট খুব কষ্ট খুব কষ্ট আল্লাহ তোমার বাবাকে বেহেশত নসিব করুন তোমার বাবার জন্য দোয়া করি আমিন
text withheld: corpus licence does not permit redistribution,0,0.0,banglasarc,আপু তোমাকে আমার সবসময় ভালো লাগে,আপু তোমাকে আমার সবসময় ভালো লাগে
text withheld: corpus licence does not permit redistribution,0,0.0,banglasarc,আপনি অনেক ভাল উপদেশ দিয়েছেন ধন্যবাদ,আপনি অনেক ভাল উপদেশ দিয়েছেন ধন্যবাদ
text withheld: corpus licence does not permit redistribution,0,0.0,banglasarc,"সহ্য করা খুব কঠিন হয়ে যাচ্ছে, যার যায় সেই জানে","সহ্য করা খুব কঠিন হয়ে যাচ্ছে, যার যায় সেই জানে"
text withheld: corpus licence does not permit redistribution,0,0.0,banglasarc,এবার চাঁদটাও বুঝি মেয়েদের দখলে চলেগেলো,এবার চাঁদটাও বুঝি মেয়েদের দখলে চলেগেলো
text withheld: corpus licence does not permit redistribution,1,1.0,banglasarc,এর পর থেকে আমরা অতীতের পর্যায়গুলি অর্জন করতে পারি নি ... আমি ভুলে গেছি।,এর পর থেকে আমরা অতীতের পর্যায়গুলি অর্জন করতে পারি নি ... আমি ভুলে গেছি।
text withheld: corpus licence does not permit redistribution,1,1.0,banglasarc,আমি আপনাকে অপমান করছি না।আমি আপনাকে বর্ণনা করছি।,আমি আপনাকে অপমান করছি না।আমি আপনাকে বর্ণনা করছি।
text withheld: corpus licence does not permit redistribution,0,0.0,banglasarc,মাশাআল্লাহ 💖,মাশাআল্লাহ 💖
text withheld: corpus licence does not permit redistribution,0,0.0,banglasarc,"একটা মেয়ে যতটা তীব্র ভাবে ভালবাসতে পারে,তার চেয়ে দ্বিগুণ তারা ঘৃণাও করতে পারে!","একটা মেয়ে যতটা তীব্র ভাবে ভালবাসতে পারে,তার চেয়ে দ্বিগুণ তারা ঘৃণাও করতে পারে!"
text withheld: corpus licence does not permit redistribution,1,1.0,banglasarc,"তার রাজা ছাড়া রানী কী?ভাল, histor তিহাসিকভাবে, আরও ভাল।","তার রাজা ছাড়া রানী কী?ভাল, histor তিহাসিকভাবে, আরও ভাল।"
text withheld: corpus licence does not permit redistribution,0,0.0,banglasarc,আমাদের জলঢাকায় এখন অনেক যায়গায় ভুট্টা চাষ হয়,আমাদের জলঢাকায় এখন অনেক যায়গায় ভুট্টা চাষ হয়
text withheld: corpus licence does not permit redistribution,1,1.0,banglasarc,আমার ধারণা,আমার ধারণা
text withheld: corpus licence does not permit redistribution,0,0.0,banglasarc,ওভাবে হবে না,ওভাবে হবে না
text withheld: corpus licence does not permit redistribution,1,1.0,banglasarc,অন্য রাতে আমি একটি সত্যিকারের সুন্দর পারিবারিক রেস্তোঁরায় খেয়েছি।প্রতিটি টেবিলের একটি যুক্তি ছিল।,অন্য রাতে আমি একটি সত্যিকারের সুন্দর পারিবারিক রেস্তোঁরায় খেয়েছি।প্রতিটি টেবিলের একটি যুক্তি ছিল।
text withheld: corpus licence does not permit redistribution,0,0.0,banglasarc,"যখন আমার মন খারাপ থাকে,তখন তাদের গান শুনে অজ্ঞান হয়ে থাকি","যখন আমার মন খারাপ থাকে,তখন তাদের গান শুনে অজ্ঞান হয়ে থাকি"
text withheld: corpus licence does not permit redistribution,0,0.0,banglasarc,বিদুৎ এর দাম এত বৃদ্ধির পর যোগান দিতে না পারা কি জনগণের দায়।,বিদুৎ এর দাম এত বৃদ্ধির পর যোগান দিতে না পারা কি জনগণের দায়।
text withheld: corpus licence does not permit redistribution,0,0.0,banglasarc,"গালী দিয়ে ধার্মিকরা কোন ধর্মের পরিচয় দিচ্ছেন? কে ধার্মিক কে নাস্তিক তা তার ব্যক্তিগত ব্যপার। আমাদের নবী (সাঃ) কাউকে আঘাত করে, গালী দিয়ে, জোর করে ইসলামের দাওয়াত দেননাই। যারা গালী দিচ্ছেন তারা ইসলাম সম্পর্কে নূন্যতম জ্ঞ্যান রাখেন কিনা সন্দেহ।","গালী দিয়ে ধার্মিকরা কোন ধর্মের পরিচয় দিচ্ছেন? কে ধার্মিক কে নাস্তিক তা তার ব্যক্তিগত ব্যপার। আমাদের নবী (সাঃ) কাউকে আঘাত করে, গালী দিয়ে, জোর করে ইসলামের দাওয়াত দেননাই। যারা গালী দিচ্ছেন তারা ইসলাম সম্পর্কে নূন্যতম জ্ঞ্যান রাখেন কিনা সন্দেহ।"
text withheld: corpus licence does not permit redistribution,0,0.0,banglasarc,আমি ভাবছি মিরপুরে,আমি ভাবছি মিরপুরে
text withheld: corpus licence does not permit redistribution,0,0.0,banglasarc,পৃথিবীতে সুন্দর সিঙ্গেল ভালো ছেলে আর নাই,পৃথিবীতে সুন্দর সিঙ্গেল ভালো ছেলে আর নাই
text withheld: corpus licence does not permit redistribution,1,1.0,banglasarc,পরিবার একটি আশীর্বাদ।কেবল বলতে থাকুন যে আপনি যখন পরিবারের কোনও সদস্য করেন বা বলেন তখন বিরক্ত হন,পরিবার একটি আশীর্বাদ।কেবল বলতে থাকুন যে আপনি যখন পরিবারের কোনও সদস্য করেন বা বলেন তখন বিরক্ত হন
text withheld: corpus licence does not permit redistribution,1,1.0,banglasarc,আপনার জীবনে কেবল দুটি জিনিস পরিবর্তিত হয়।আপনার বয়স এবং আপনি দৃষ্টিভঙ্গি,আপনার জীবনে কেবল দুটি জিনিস পরিবর্তিত হয়।আপনার বয়স এবং আপনি দৃষ্টিভঙ্গি
text withheld: corpus licence does not permit redistribution,1,1.0,banglasarc,"আপনি সর্বদা আমাকে একটি অনুগ্রহ করেন, যখন আপনি চুপ করে থাকেন!","আপনি সর্বদা আমাকে একটি অনুগ্রহ করেন, যখন আপনি চুপ করে থাকেন!"
text withheld: corpus licence does not permit redistribution,0,0.0,banglasarc,নতুন করি আবার গরিবের হক নষ্ট করার ফন্দি। আল্লাহ তোদের বিচার করবে।,নতুন করি আবার গরিবের হক নষ্ট করার ফন্দি। আল্লাহ তোদের বিচার করবে।
text withheld: corpus licence does not permit redistribution,0,0.0,banglasarc,"দোয়া করবেন, যেনো সবাই একদিন গরীব অসহায় মানুষদের পাশে দাঁড়াতে পারি।","দোয়া করবেন, যেনো সবাই একদিন গরীব অসহায় মানুষদের পাশে দাঁড়াতে পারি।"
text withheld: corpus licence does not permit redistribution,0,0.0,banglasarc,কয়েকদিনের ব্যবধানে সবার সুর দেখি উলটা,কয়েকদিনের ব্যবধানে সবার সুর দেখি উলটা
text withheld: corpus licence does not permit redistribution,1,1.0,banglasarc,ট্রাম্প টুইট করতে এবং স্টকগুলিকে ইচ্ছামত ফেলে দিতে পারে এমন আর কেউ কি কিছুটা আতঙ্কিত হয় নি?,ট্রাম্প টুইট করতে এবং স্টকগুলিকে ইচ্ছামত ফেলে দিতে পারে এমন আর কেউ কি কিছুটা আতঙ্কিত হয় নি?
text withheld: corpus licence does not permit redistribution,1,1.0,banglasarc,আমি কী করছি তা নিয়ে চিন্তা করবেন না।আমি কী করছি তা নিয়ে আপনি কেন উদ্বিগ্ন তা নিয়ে চিন্তা করুন।,আমি কী করছি তা নিয়ে চিন্তা করবেন না।আমি কী করছি তা নিয়ে আপনি কেন উদ্বিগ্ন তা নিয়ে চিন্তা করুন।
text withheld: corpus licence does not permit redistribution,1,1.0,banglasarc,"রেডডিট যতটা নির্মম হতে পারে, এখনই মৌলিক সম্মানের একটি লাইন রয়েছে ... সম্ভবত আপনার এটি অতিক্রম করা উচিত নয়?","রেডডিট যতটা নির্মম হতে পারে, এখনই মৌলিক সম্মানের একটি লাইন রয়েছে ... সম্ভবত আপনার এটি অতিক্রম করা উচিত নয়?"
text withheld: corpus licence does not permit redistribution,1,1.0,banglasarc,আপনার চোখ বন্ধ হয়ে গেলে আপনি দেখতে ভাল লাগছেন তবে আমার চোখ বন্ধ হয়ে গেলে আপনি সবচেয়ে ভাল দেখছেন।,আপনার চোখ বন্ধ হয়ে গেলে আপনি দেখতে ভাল লাগছেন তবে আমার চোখ বন্ধ হয়ে গেলে আপনি সবচেয়ে ভাল দেখছেন।
text withheld: corpus licence does not permit redistribution,0,0.0,banglasarc,"হিরোর প্রথম গুণ হলো সুন্দর একটা মন ও মনুষ্যত্ববোধ থাকা, যেটা হিরো আলমের মধ্যে রয়েছে।অন্যদিকে জায়েদ খান ওরফে বা.... খানের কি গুন আছে হিরো হওয়ার মতো??হিরো আলমের জবাবটা অত্যন্ত সুন্দর হয়েছে। ধন্যবাদ #হিরো_আলম ♥","হিরোর প্রথম গুণ হলো সুন্দর একটা মন ও মনুষ্যত্ববোধ থাকা, যেটা হিরো আলমের মধ্যে রয়েছে।অন্যদিকে জায়েদ খান ওরফে বা.... খানের কি গুন আছে হিরো হওয়ার মতো??হিরো আলমের জবাবটা অত্যন্ত সুন্দর হয়েছে। ধন্যবাদ #হিরো_আলম ♥"
text withheld: corpus licence does not permit redistribution,0,0.0,banglasarc,ছোট ভাই একটু কষ্ট করে ইউটিউব নিজের আইডি তে আপ করো তা হলে দেখতে এবং শুনতে পারবো নিজের মনে করে এতে তোমার দিক থেকে তুমি ভালো করবে এখন থেকে একটু ইউটিউবার হতে মনোযোগ দাও আর কোন ধরনের পরামর্শ লালে ইন বক্সে করো আমাকে । ধন্যবাদ ভাই আমার,ছোট ভাই একটু কষ্ট করে ইউটিউব নিজের আইডি তে আপ করো তা হলে দেখতে এবং শুনতে পারবো নিজের মনে করে এতে তোমার দিক থেকে তুমি ভালো করবে এখন থেকে একটু ইউটিউবার হতে মনোযোগ দাও আর কোন ধরনের পরামর্শ লালে ইন বক্সে করো আমাকে । ধন্যবাদ ভাই আমার
text withheld: corpus licence does not permit redistribution,1,1.0,banglasarc,তবে এটি যৌনতার সূচনা করা মহিলা ছিল যাতে এটি ধর্ষণ হতে পারে না,তবে এটি যৌনতার সূচনা করা মহিলা ছিল যাতে এটি ধর্ষণ হতে পারে না
text withheld: corpus licence does not permit redistribution,0,0.0,banglasarc,রোজা আছেন্নি আপু?,রোজা আছেন্নি আপু?
text withheld: corpus licence does not permit redistribution,1,1.0,banglasarc,"অভিশাপ, আমার জানা উচিত ছিল এটি একটি কল্পনার বিবরণ পিচ করার ভুল জায়গা হবে","অভিশাপ, আমার জানা উচিত ছিল এটি একটি কল্পনার বিবরণ পিচ করার ভুল জায়গা হবে"
text withheld: corpus licence does not permit redistribution,0,0.0,banglasarc,অতিত মনে পড়ে গেল,অতিত মনে পড়ে গেল
text withheld: corpus licence does not permit redistribution,0,0.0,banglasarc,কথা গুলো বাস্তব জীবনের সঙ্গে মিল আছে,কথা গুলো বাস্তব জীবনের সঙ্গে মিল আছে
text withheld: corpus licence does not permit redistribution,0,0.0,banglasarc,তারা কি সবসময় এভাবে এদেশের জনগণের বিরুদ্ধে অবস্থান নিবে,তারা কি সবসময় এভাবে এদেশের জনগণের বিরুদ্ধে অবস্থান নিবে
text withheld: corpus licence does not permit redistribution,1,1.0,banglasarc,আমার ছিটেফোঁটা খুঁজে পাওয়ার আমার ক্ষমতাকে অবমূল্যায়ন করবেন না।,আমার ছিটেফোঁটা খুঁজে পাওয়ার আমার ক্ষমতাকে অবমূল্যায়ন করবেন না।
text withheld: corpus licence does not permit redistribution,1,1.0,banglasarc,আমি বুঝতে পেরেছিলাম আমার পরিবার মজার কারণ কেউ কখনও আমাদের বাড়ি ছেড়ে যেতে চায়নি।,আমি বুঝতে পেরেছিলাম আমার পরিবার মজার কারণ কেউ কখনও আমাদের বাড়ি ছেড়ে যেতে চায়নি।
text withheld: corpus licence does not permit redistribution,0,0.0,banglasarc,অামা,অামা
text withheld: corpus licence does not permit redistribution,1,1.0,banglasarc,কিছু লোক মাইগ্রেনের একটি মানব সংস্করণ।,কিছু লোক মাইগ্রেনের একটি মানব সংস্করণ।
text withheld: corpus licence does not permit redistribution,0,0.0,banglasarc,এটা আসলেই খুব মজা হয়। অনেকে আলুও ছাড়ে এখানে। turkish একটা dish এরকম একটা রেসিপি দেখেছিলাম। এটা বাসায় try করেছিলাম।,এটা আসলেই খুব মজা হয়। অনেকে আলুও ছাড়ে এখানে। turkish একটা dish এরকম একটা রেসিপি দেখেছিলাম। এটা বাসায় try করেছিলাম।
text withheld: corpus licence does not permit redistribution,0,0.0,banglasarc,মেয়েরা আজ কাল অনেকটা এগিয়ে গেছে,মেয়েরা আজ কাল অনেকটা এগিয়ে গেছে
text withheld: corpus licence does not permit redistribution,0,0.0,banglasarc,গুড হিরো আলম ভাই থ্যাঙ্ক ইউ,গুড হিরো আলম ভাই থ্যাঙ্ক ইউ
text withheld: corpus licence does not permit redistribution,1,1.0,banglasarc,নেলথারিয়ন কেন সবকিছু ধ্বংস করবে?,নেলথারিয়ন কেন সবকিছু ধ্বংস করবে?
text withheld: corpus licence does not permit redistribution,1,1.0,banglasarc,ডান .. কারণ তিনি অবশ্যই একটি সাধারণ নির্বাচনে অবশ্যই গভীর দক্ষিণে বহন করবেন,ডান .. কারণ তিনি অবশ্যই একটি সাধারণ নির্বাচনে অবশ্যই গভীর দক্ষিণে বহন করবেন
text withheld: corpus licence does not permit redistribution,0,0.0,banglasarc,স্যার আপনি আর আপনার বন্ধু উভয়ই ভালো থাকুন।,স্যার আপনি আর আপনার বন্ধু উভয়ই ভালো থাকুন।
text withheld: corpus licence does not permit redistribution,1,1.0,banglasarc,কখনও কখনও আমি মানুষের সাথে দেখা করি এবং তাদের কুকুরের জন্য খারাপ লাগে।,কখনও কখনও আমি মানুষের সাথে দেখা করি এবং তাদের কুকুরের জন্য খারাপ লাগে।
text withheld: corpus licence does not permit redistribution,0,0.0,banglasarc,গুরু তুমি এগিয়ে যাও আমরা আছি তোমার সাথে।,গুরু তুমি এগিয়ে যাও আমরা আছি তোমার সাথে।
text withheld: corpus licence does not permit redistribution,0,0.0,banglasarc,ইনশা আল্লাহ,ইনশা আল্লাহ
text withheld: corpus licence does not permit redistribution,0,0.0,banglasarc,আল্লাহ দেশবাসীকে হেফাজত করুন 😥,আল্লাহ দেশবাসীকে হেফাজত করুন 😥
text withheld: corpus licence does not permit redistribution,1,1.0,banglasarc,তবে তিনি একজন অনুপ্রেরণামূলক ব্যবসায়ী মহিলা!,তবে তিনি একজন অনুপ্রেরণামূলক ব্যবসায়ী মহিলা!
text withheld: corpus licence does not permit redistribution,0,0.0,banglasarc,এতকিছু বলা হইলো দামটা বললে না,এতকিছু বলা হইলো দামটা বললে না
text withheld: corpus licence does not permit redistribution,1,1.0,banglasarc,যদি কেবল বন্ধ মন বন্ধ মুখ দিয়ে আসে।,যদি কেবল বন্ধ মন বন্ধ মুখ দিয়ে আসে।
text withheld: corpus licence does not permit redistribution,0,0.0,banglasarc,প্রমান হলো প্রধানমন্ত্রীর নির্দেশেই গ্রেফতার.....আবার প্রধানমন্ত্রীর নির্দেশেই মুক্তি !,প্রমান হলো প্রধানমন্ত্রীর নির্দেশেই গ্রেফতার.....আবার প্রধানমন্ত্রীর নির্দেশেই মুক্তি !
text withheld: corpus licence does not permit redistribution,1,1.0,banglasarc,কুকুরছানা হিসাবে স্কুবিকে দ্রুত কেউ ফটোশপ করুন।,কুকুরছানা হিসাবে স্কুবিকে দ্রুত কেউ ফটোশপ করুন।
text withheld: corpus licence does not permit redistribution,1,1.0,banglasarc,আপনি যদি জীবনের রাস্তায় শয়তানের সাথে কখনও সাক্ষাত না করেন তবে এটি কারণ আপনি দুজনেই একই দিকে যাচ্ছেন।,আপনি যদি জীবনের রাস্তায় শয়তানের সাথে কখনও সাক্ষাত না করেন তবে এটি কারণ আপনি দুজনেই একই দিকে যাচ্ছেন।
text withheld: corpus licence does not permit redistribution,0,0.0,banglasarc,প্রশংসনীয় উদ্যোগ,প্রশংসনীয় উদ্যোগ
text withheld: corpus licence does not permit redistribution,1,1.0,banglasarc,চুপ করার ভাল সুযোগ কখনই মিস করবেন না।,চুপ করার ভাল সুযোগ কখনই মিস করবেন না।
text withheld: corpus licence does not permit redistribution,0,0.0,banglasarc,অসাধারণ যুক্তিবিদ,অসাধারণ যুক্তিবিদ
text withheld: corpus licence does not permit redistribution,0,0.0,banglasarc,অসাধারণ সুন্দর একটি লেখা।,অসাধারণ সুন্দর একটি লেখা।
text withheld: corpus licence does not permit redistribution,1,1.0,banglasarc,এই আবহাওয়া আমার স্তনবৃন্তকে বিভ্রান্ত করে,এই আবহাওয়া আমার স্তনবৃন্তকে বিভ্রান্ত করে
text withheld: corpus licence does not permit redistribution,0,0.0,banglasarc,তামাকের জন্ম ভুমি কুষ্টিয়া ঘুরে আসার জন্য অনুরোধ করছি,তামাকের জন্ম ভুমি কুষ্টিয়া ঘুরে আসার জন্য অনুরোধ করছি
text withheld: corpus licence does not permit redistribution,0,0.0,banglasarc,স্তব্ধ পুরো চট্টগ্রাম😭😭 যেন ভয়ানক এক মৃত্যুপুরি। অনবরত সাইরেন বাজিয়ে ছুটছে অ্যাম্বুলেন্স😭😭,স্তব্ধ পুরো চট্টগ্রাম😭😭 যেন ভয়ানক এক মৃত্যুপুরি। অনবরত সাইরেন বাজিয়ে ছুটছে অ্যাম্বুলেন্স😭😭
text withheld: corpus licence does not permit redistribution,1,1.0,banglasarc,"""এক্স প্রেসিডেন্ট বিশ্বকে নষ্ট করবে, সোনার কিনবে??""","""এক্স প্রেসিডেন্ট বিশ্বকে নষ্ট করবে, সোনার কিনবে??"""
text withheld: corpus licence does not permit redistribution,1,1.0,banglasarc,এটা হাস্যকর!,এটা হাস্যকর!
text withheld: corpus licence does not permit redistribution,1,1.0,banglasarc,উইন্ডোজ হ্যালো এর মতো কিছু কেমন?,উইন্ডোজ হ্যালো এর মতো কিছু কেমন?
text withheld: corpus licence does not permit redistribution,1,1.0,banglasarc,শিক্ষক যদি আপনাকে বেরিয়ে আসতে বলে তবে এর অর্থ আপনি যুক্তিটি জিতেছেন,শিক্ষক যদি আপনাকে বেরিয়ে আসতে বলে তবে এর অর্থ আপনি যুক্তিটি জিতেছেন
text withheld: corpus licence does not permit redistribution,0,0.0,banglasarc,মানুষ বাঁচলে দেশ বাঁচবে,মানুষ বাঁচলে দেশ বাঁচবে
text withheld: corpus licence does not permit redistribution,0,0.0,banglasarc,তর লাল পেন্টের কছম।।তরে শিয়াল লাগের,তর লাল পেন্টের কছম।।তরে শিয়াল লাগের
text withheld: corpus licence does not permit redistribution,1,1.0,banglasarc,"আমি আশা করি আমি আমার কী, কলম, সেল ফোন, মেজাজ এবং এমনকি আমার মনকে হারাতে পারার সাথে সাথে সহজেই ওজন হ্রাস করতে পারি।","আমি আশা করি আমি আমার কী, কলম, সেল ফোন, মেজাজ এবং এমনকি আমার মনকে হারাতে পারার সাথে সাথে সহজেই ওজন হ্রাস করতে পারি।"
text withheld: corpus licence does not permit redistribution,0,0.0,banglasarc,অরে বাংলাদেশে আসলে গরম ডিম দেওয়া হোক,অরে বাংলাদেশে আসলে গরম ডিম দেওয়া হোক
text withheld: corpus licence does not permit redistribution,0,0.0,banglasarc,আর যারা ভ্যালেন্টাইন্স ডে তে কি গিফট দিবেন বলে ভাবছেন,আর যারা ভ্যালেন্টাইন্স ডে তে কি গিফট দিবেন বলে ভাবছেন
text withheld: corpus licence does not permit redistribution,0,0.0,banglasarc,"আমি ও হেরে গিয়েছি,তার ভালো বাসাকাছে,আমি বুঝিনি,এই মন তোমাকে চাই, তুমি কই তুমি কই","আমি ও হেরে গিয়েছি,তার ভালো বাসাকাছে,আমি বুঝিনি,এই মন তোমাকে চাই, তুমি কই তুমি কই"
text withheld: corpus licence does not permit redistribution,1,1.0,banglasarc,আমি যখন কোনও গুরুত্বপূর্ণ প্রশ্ন জিজ্ঞাসা করি এবং এবং কোনও উত্তর না না তখন আমি এটি সত্যিই পছন্দ করি।আমি আশা করি এটি চালিয়ে যায় আমি এটি এটি অনেক পছন্দ করি করি করি করি করি করি করি করি।,আমি যখন কোনও গুরুত্বপূর্ণ প্রশ্ন জিজ্ঞাসা করি এবং এবং কোনও উত্তর না না তখন আমি এটি সত্যিই পছন্দ করি।আমি আশা করি এটি চালিয়ে যায় আমি এটি এটি অনেক পছন্দ করি করি করি করি করি করি করি করি।
text withheld: corpus licence does not permit redistribution,1,1.0,banglasarc,তুমি না করলে কোনো কিছুই কাজে আসবে না.,তুমি না করলে কোনো কিছুই কাজে আসবে না.
text withheld: corpus licence does not permit redistribution,0,0.0,banglasarc,শ্রেষ্ঠ বাবা আপনি। যে কিনা স্ত্রীর সাথে ডিভোর্স হওয়ার পরেও অন্য কাউকে বিয়ে করেননি। শুধু মাত্র মেয়ের মুখের দিকে তাকিয়ে। আর অন্য দিকে মিথিলা আপু নিজের সুখের জন্য এত সুন্দর একটা নিষ্পাপ বাচ্চা রেখে অন্য কাউকে বিয়ে করে ফেলেছে।,শ্রেষ্ঠ বাবা আপনি। যে কিনা স্ত্রীর সাথে ডিভোর্স হওয়ার পরেও অন্য কাউকে বিয়ে করেননি। শুধু মাত্র মেয়ের মুখের দিকে তাকিয়ে। আর অন্য দিকে মিথিলা আপু নিজের সুখের জন্য এত সুন্দর একটা নিষ্পাপ বাচ্চা রেখে অন্য কাউকে বিয়ে করে ফেলেছে।
text withheld: corpus licence does not permit redistribution,1,1.0,banglasarc,আপনি কীভাবে একটি বেসিক ইকন দৃষ্টিকোণ থেকে জড়িত থেকে সংজ্ঞায়িত করেন তেমন কোনও জিনিস নেই।,আপনি কীভাবে একটি বেসিক ইকন দৃষ্টিকোণ থেকে জড়িত থেকে সংজ্ঞায়িত করেন তেমন কোনও জিনিস নেই।
text withheld: corpus licence does not permit redistribution,1,1.0,banglasarc,"আমি 4 টি প্ল্যাটফর্মে জিটিএ 5 এর মালিক, আমি এই নতুন গেমটি কমপক্ষে দু'জনের মালিক হব যেদিন এটি প্রকাশিত হবে।","আমি 4 টি প্ল্যাটফর্মে জিটিএ 5 এর মালিক, আমি এই নতুন গেমটি কমপক্ষে দু'জনের মালিক হব যেদিন এটি প্রকাশিত হবে।"
text withheld: corpus licence does not permit redistribution,1,1.0,banglasarc,আপনি সম্পূর্ণরূপে এটি লক্ষ্য করেছেন।,আপনি সম্পূর্ণরূপে এটি লক্ষ্য করেছেন।
text withheld: corpus licence does not permit redistribution,0,0.0,banglasarc,অসাধারণ ছবি,অসাধারণ ছবি
text withheld: corpus licence does not permit redistribution,0,0.0,banglasarc,বস্তির পোলা কি জানে,বস্তির পোলা কি জানে
text withheld: corpus licence does not permit redistribution,0,0.0,banglasarc,লোক লজ্জার ভয়ে কিছু বলতে পারিনা। মিথিলাকে আমার অনেক ভালো লাগে,লোক লজ্জার ভয়ে কিছু বলতে পারিনা। মিথিলাকে আমার অনেক ভালো লাগে
text withheld: corpus licence does not permit redistribution,1,1.0,banglasarc,"গিয়ে একটি এক্সবক্স কিনে, গভীরভাবে কেঁদেছিলেন।","গিয়ে একটি এক্সবক্স কিনে, গভীরভাবে কেঁদেছিলেন।"
text withheld: corpus licence does not permit redistribution,0,0.0,banglasarc,আমার এলাকা অথচ আমার নিজেরই হাওরে কোনো ছবি নাই,আমার এলাকা অথচ আমার নিজেরই হাওরে কোনো ছবি নাই
text withheld: corpus licence does not permit redistribution,0,0.0,banglasarc,খুব অবাক হইলাম🙄,খুব অবাক হইলাম🙄
text withheld: corpus licence does not permit redistribution,0,0.0,banglasarc,চিরন্তন সত্য। চাপা কষ্ট নিয়ে বেঁচে থাকার নাম মধ্যবিত্ত।,চিরন্তন সত্য। চাপা কষ্ট নিয়ে বেঁচে থাকার নাম মধ্যবিত্ত।
text withheld: corpus licence does not permit redistribution,1,1.0,banglasarc,আমি মারা যাওয়ার ঠিক আগে আমি শ্মশানটিকে আরও আকর্ষণীয় করে তুলতে পপকর্ন কার্নেলগুলির একটি ব্যাগ গিলে ফেলব।,আমি মারা যাওয়ার ঠিক আগে আমি শ্মশানটিকে আরও আকর্ষণীয় করে তুলতে পপকর্ন কার্নেলগুলির একটি ব্যাগ গিলে ফেলব।
text withheld: corpus licence does not permit redistribution,1,1.0,banglasarc,"""আমি পরামর্শে দুর্দান্ত নই ... আমি কি আপনাকে ব্যঙ্গাত্মক মন্তব্যে আগ্রহী করতে পারি?""","""আমি পরামর্শে দুর্দান্ত নই ... আমি কি আপনাকে ব্যঙ্গাত্মক মন্তব্যে আগ্রহী করতে পারি?"""
text withheld: corpus licence does not permit redistribution,1,1.0,banglasarc,"আমি ধরে নিই, তারা কেবল এটি উল্লেখ করতে চেয়েছিল যে এটি একটি পুলিৎজার পুরষ্কার বিজয়ী সাংবাদিকতার দ্বারা লিখেছিলেন যাতে কেউ উত্সকে প্রশ্ন করতে পারে না।","আমি ধরে নিই, তারা কেবল এটি উল্লেখ করতে চেয়েছিল যে এটি একটি পুলিৎজার পুরষ্কার বিজয়ী সাংবাদিকতার দ্বারা লিখেছিলেন যাতে কেউ উত্সকে প্রশ্ন করতে পারে না।"
text withheld: corpus licence does not permit redistribution,0,0.0,banglasarc,"ব্যক্তিগত স্বার্থে আপোষ থাকতে পারে, কিন্তু ধর্মীয় স্বার্থে কোনো আপোষ নেই।","ব্যক্তিগত স্বার্থে আপোষ থাকতে পারে, কিন্তু ধর্মীয় স্বার্থে কোনো আপোষ নেই।"
text withheld: corpus licence does not permit redistribution,0,0.0,banglasarc,বাস্তব কথা গুলো বলার জন্য ধন্যবাদ।,বাস্তব কথা গুলো বলার জন্য ধন্যবাদ।
text withheld: corpus licence does not permit redistribution,0,0.0,banglasarc,থালা দিয়ে দিয়েছে বাসন দিয়ে দিয়েছে খাবার দিচ্ছে না,থালা দিয়ে দিয়েছে বাসন দিয়ে দিয়েছে খাবার দিচ্ছে না
text withheld: corpus licence does not permit redistribution,0,0.0,banglasarc,গুনীজনই গুনের কদর দিতে জানেন।আল্লাহ তাকে বেহেস্ত দান করুন।এখন জাতির উচিৎ তার পরিবারের পাশে দাড়ানো।,গুনীজনই গুনের কদর দিতে জানেন।আল্লাহ তাকে বেহেস্ত দান করুন।এখন জাতির উচিৎ তার পরিবারের পাশে দাড়ানো।
text withheld: corpus licence does not permit redistribution,0,0.0,banglasarc,বিপদ নিয়ে কোন আলোচনা করে না।,বিপদ নিয়ে কোন আলোচনা করে না।
text withheld: corpus licence does not permit redistribution,1,1.0,banglasarc,তার হোমি ভাস্কেজের সাথে খেলার সুযোগ এবং ড্রেকের সাথে চিল।,তার হোমি ভাস্কেজের সাথে খেলার সুযোগ এবং ড্রেকের সাথে চিল।
text withheld: corpus licence does not permit redistribution,1,1.0,banglasarc,আপনার মতো আমার একাধিক ব্যক্তিত্বের মধ্যে একটিও নয়।,আপনার মতো আমার একাধিক ব্যক্তিত্বের মধ্যে একটিও নয়।
text withheld: corpus licence does not permit redistribution,0,0.0,banglasarc,তিস্তা নিয়া ওপার বাংলার মানুষ দের অনেক ক্ষোভ বিক্ষোভ আছে দেখে খুব খারাপ লাগতো,তিস্তা নিয়া ওপার বাংলার মানুষ দের অনেক ক্ষোভ বিক্ষোভ আছে দেখে খুব খারাপ লাগতো
text withheld: corpus licence does not permit redistribution,0,0.0,banglasarc,শুভ কামনা রইলো প্রিয় অভিনেতা -অভিনেত্রী 🌷,শুভ কামনা রইলো প্রিয় অভিনেতা -অভিনেত্রী 🌷
text withheld: corpus licence does not permit redistribution,0,0.0,banglasarc,শিক্ষা প্রতিষ্ঠান বন্ধ করে দেওয়া হোক,শিক্ষা প্রতিষ্ঠান বন্ধ করে দেওয়া হোক
text withheld: corpus licence does not permit redistribution,1,1.0,banglasarc,আপনার মুখের সাথে আপনার শব্দ আরও ভাল,আপনার মুখের সাথে আপনার শব্দ আরও ভাল
text withheld: corpus licence does not permit redistribution,0,0.0,banglasarc,সিলেট জেলার গোয়াইনঘাট উপজেলার মানুষ এখন পানিবন্ধি! স্মরণকালের ভয়াবহ বন্যা! সময় বাড়ার সাথে সাথে পানি বেড়েই চলছে।…,সিলেট জেলার গোয়াইনঘাট উপজেলার মানুষ এখন পানিবন্ধি! স্মরণকালের ভয়াবহ বন্যা! সময় বাড়ার সাথে সাথে পানি বেড়েই চলছে।…
text withheld: corpus licence does not permit redistribution,1,1.0,banglasarc,"কখনও কখনও, আমার পরিবার পৃথিবীর অদ্ভুত পরিবার হয়ে ওঠে।","কখনও কখনও, আমার পরিবার পৃথিবীর অদ্ভুত পরিবার হয়ে ওঠে।"
text withheld: corpus licence does not permit redistribution,0,0.0,banglasarc,"কি জামানা আসলো ফেইসবুকে জিহাদ করে,","কি জামানা আসলো ফেইসবুকে জিহাদ করে,"
text withheld: corpus licence does not permit redistribution,0,0.0,banglasarc,জ্বি মা এটাই প্রকৃতির নিয়ম,জ্বি মা এটাই প্রকৃতির নিয়ম
text withheld: corpus licence does not permit redistribution,0,0.0,banglasarc,কুত্তার বাচ্চা তুই কি তোর জন্ম দেখেছিস্?,কুত্তার বাচ্চা তুই কি তোর জন্ম দেখেছিস্?
text withheld: corpus licence does not permit redistribution,1,1.0,banglasarc,আমি ঘুমাতে পছন্দ করি কারণ এটি প্রতিশ্রুতি ছাড়াই মারা যাওয়ার মতো,আমি ঘুমাতে পছন্দ করি কারণ এটি প্রতিশ্রুতি ছাড়াই মারা যাওয়ার মতো
text withheld: corpus licence does not permit redistribution,1,1.0,banglasarc,আপনার নিজের অজ্ঞতার মাত্রা উপলব্ধি করতে এটি যথেষ্ট জ্ঞান লাগে।,আপনার নিজের অজ্ঞতার মাত্রা উপলব্ধি করতে এটি যথেষ্ট জ্ঞান লাগে।
text withheld: corpus licence does not permit redistribution,0,0.0,banglasarc,জয় হোক 💕💕💕,জয় হোক 💕💕💕
text withheld: corpus licence does not permit redistribution,0,0.0,banglasarc,এত জল ধরে রেখে আমরা কি করি বুঝতে পারি না।,এত জল ধরে রেখে আমরা কি করি বুঝতে পারি না।
text withheld: corpus licence does not permit redistribution,0,0.0,banglasarc,ভূল তথ্য দিয়ে সাংবাদিক সাহেব বিভ্রান্তি সৃষ্টি করছেন।,ভূল তথ্য দিয়ে সাংবাদিক সাহেব বিভ্রান্তি সৃষ্টি করছেন।
text withheld: corpus licence does not permit redistribution,0,0.0,banglasarc,কারণ একজন আরেকজন উপর এর ভালোবাসা সমানুপাতিক হারেই বাড়তে থাকে।,কারণ একজন আরেকজন উপর এর ভালোবাসা সমানুপাতিক হারেই বাড়তে থাকে।
text withheld: corpus licence does not permit redistribution,0,0.0,banglasarc,এ ধরণের পোস্টে সাধারণত কমেন্ট করতে ইচ্ছা করে না। কমেন্ট করলে মেয়েরা খুঁজে খুঁজে ফ্রেন্ড রিকুয়েস্ট পাঠায় আর মেসেজ দিয়ে ডিস্টার্ব করে! জ্বালা!!,এ ধরণের পোস্টে সাধারণত কমেন্ট করতে ইচ্ছা করে না। কমেন্ট করলে মেয়েরা খুঁজে খুঁজে ফ্রেন্ড রিকুয়েস্ট পাঠায় আর মেসেজ দিয়ে ডিস্টার্ব করে! জ্বালা!!
text withheld: corpus licence does not permit redistribution,0,0.0,banglasarc,তোরে জুতা দিয়ে মারা দরকার।।,তোরে জুতা দিয়ে মারা দরকার।।
text withheld: corpus licence does not permit redistribution,0,0.0,banglasarc,নিজস্ব প্রিমিয়াম প্যাকেজিং।,নিজস্ব প্রিমিয়াম প্যাকেজিং।
text withheld: corpus licence does not permit redistribution,0,0.0,banglasarc,"পরকাল যারা বিলিভ করে না তাদের জন্য পাপ কাজ সহজ হয়ে যায়, কিন্তু আমাদের দেশে পরকাল মানার করার পরো যে পাপ কাজ চলছে তাতে তো ভয় পাবার মত অবস্থা, কোন দিন যে আল্লাহ পাক গজব দেন এ দেশে :(","পরকাল যারা বিলিভ করে না তাদের জন্য পাপ কাজ সহজ হয়ে যায়, কিন্তু আমাদের দেশে পরকাল মানার করার পরো যে পাপ কাজ চলছে তাতে তো ভয় পাবার মত অবস্থা, কোন দিন যে আল্লাহ পাক গজব দেন এ দেশে :("
text withheld: corpus licence does not permit redistribution,1,1.0,banglasarc,"“ওহ, এবং আমি মনে করি আপেলগুলি পনির খেয়েছে।","“ওহ, এবং আমি মনে করি আপেলগুলি পনির খেয়েছে।"
text withheld: corpus licence does not permit redistribution,1,1.0,banglasarc,ওহ! আমার দুরবস্থা.তোমাকে বিরক্ত করার জন্য দুঃখিত.আমি ভুলে গিয়েছিলাম যখন আপনার কোনও কিছুর জন্য আমার প্রয়োজন তখনই আমার উপস্থিতি রয়েছে।,ওহ! আমার দুরবস্থা.তোমাকে বিরক্ত করার জন্য দুঃখিত.আমি ভুলে গিয়েছিলাম যখন আপনার কোনও কিছুর জন্য আমার প্রয়োজন তখনই আমার উপস্থিতি রয়েছে।
text withheld: corpus licence does not permit redistribution,0,0.0,banglasarc,অনেক সুন্দর বিষয় নিয়ে আলোচনা করেছেন। ধন্যবাদ,অনেক সুন্দর বিষয় নিয়ে আলোচনা করেছেন। ধন্যবাদ
text withheld: corpus licence does not permit redistribution,1,1.0,banglasarc,সমস্ত সাধারণীকরণ এটি সহ মিথ্যা।,সমস্ত সাধারণীকরণ এটি সহ মিথ্যা।
text withheld: corpus licence does not permit redistribution,1,1.0,banglasarc,আপনি আপনার কুৎসিত ব্যক্তিত্ব ফটোশপ করতে পারবেন না,আপনি আপনার কুৎসিত ব্যক্তিত্ব ফটোশপ করতে পারবেন না
text withheld: corpus licence does not permit redistribution,0,0.0,banglasarc,যদি তিন কোটি টাকা দিয়ে এই বাড়িটা আমি কিনি তাহলে বাড়ি ভাড়া বাবদ প্রতি মাসে বাংলাদেশি টাকায় আড়াই লক্ষ টাকা পাবো। আর যদি আগামী পাঁচ বছরে বাড়ির দাম কোনও কারণে decline করে তাহলে কম করে হলেও এক কোটি টাকা লস হবে। ভাবছি এখন কি করবো। বুদ্ধি দিয়ে সাহায্য করুন।,যদি তিন কোটি টাকা দিয়ে এই বাড়িটা আমি কিনি তাহলে বাড়ি ভাড়া বাবদ প্রতি মাসে বাংলাদেশি টাকায় আড়াই লক্ষ টাকা পাবো। আর যদি আগামী পাঁচ বছরে বাড়ির দাম কোনও কারণে decline করে তাহলে কম করে হলেও এক কোটি টাকা লস হবে। ভাবছি এখন কি করবো। বুদ্ধি দিয়ে সাহায্য করুন।
text withheld: corpus licence does not permit redistribution,0,0.0,banglasarc,ফকিন্নি আলাপ। কোরবানির এক ছাগলের টাকা এখানে দেবে! এটা আবালীয় আলাপ।,ফকিন্নি আলাপ। কোরবানির এক ছাগলের টাকা এখানে দেবে! এটা আবালীয় আলাপ।
text withheld: corpus licence does not permit redistribution,0,0.0,banglasarc,no_comments,no_comments
text withheld: corpus licence does not permit redistribution,0,0.0,banglasarc,ইনশাআল্লাহ দেশ এগিয়ে যাবে বহু দুর,ইনশাআল্লাহ দেশ এগিয়ে যাবে বহু দুর
text withheld: corpus licence does not permit redistribution,0,0.0,banglasarc,"বিভাজন,বিভেদ,বৈষম্য দূরীকরণে ধর্ম এবং মুক্তিযুদ্ধ ভিত্তিক রাজনীতি নিষিদ্ধ করা হোক","বিভাজন,বিভেদ,বৈষম্য দূরীকরণে ধর্ম এবং মুক্তিযুদ্ধ ভিত্তিক রাজনীতি নিষিদ্ধ করা হোক"
text withheld: corpus licence does not permit redistribution,1,1.0,banglasarc,প্রশ্ন: আপনি কি জানেন আমি কে? উত্তর: না কেন?আপনি ভুলে গিয়ে?,প্রশ্ন: আপনি কি জানেন আমি কে? উত্তর: না কেন?আপনি ভুলে গিয়ে?
text withheld: corpus licence does not permit redistribution,1,1.0,banglasarc,পবিত্র শিটবলগুলি আমি মনে করি আপনি কোনও কিছুতে থাকতে পারেন!,পবিত্র শিটবলগুলি আমি মনে করি আপনি কোনও কিছুতে থাকতে পারেন!
text withheld: corpus licence does not permit redistribution,1,1.0,banglasarc,shhhhhhhhhhhhh।কেউ গ্রাহ্য করে না.,shhhhhhhhhhhhh।কেউ গ্রাহ্য করে না.
text withheld: corpus licence does not permit redistribution,0,0.0,banglasarc,বাল আগেরটাই মজার ছিলো এখন সব ফালতু ভিডিও বানায়,বাল আগেরটাই মজার ছিলো এখন সব ফালতু ভিডিও বানায়
text withheld: corpus licence does not permit redistribution,1,1.0,banglasarc,লোকেরা তাদের ক্ষমতা ছেড়ে দেওয়ার সর্বাধিক সাধারণ উপায় হ'ল তাদের কোনও নেই তা ভেবে।,লোকেরা তাদের ক্ষমতা ছেড়ে দেওয়ার সর্বাধিক সাধারণ উপায় হ'ল তাদের কোনও নেই তা ভেবে।
text withheld: corpus licence does not permit redistribution,0,0.0,banglasarc,ওকে আই এস আই দিয়ে চোদানো দরকার।,ওকে আই এস আই দিয়ে চোদানো দরকার।
text withheld: corpus licence does not permit redistribution,0,0.0,banglasarc,"আপু হাতে মেহেদী পরেছ, কাল একটা সুন্দর নীল শাড়ি পরে ঘুরতে যেও ।","আপু হাতে মেহেদী পরেছ, কাল একটা সুন্দর নীল শাড়ি পরে ঘুরতে যেও ।"
text withheld: corpus licence does not permit redistribution,0,0.0,banglasarc,আমার মনে হয় আপু তুমি এতো বেশি খাও না,আমার মনে হয় আপু তুমি এতো বেশি খাও না
text withheld: corpus licence does not permit redistribution,0,0.0,banglasarc,টাকার অভাব,টাকার অভাব
text withheld: corpus licence does not permit redistribution,0,0.0,banglasarc,খুব শিঘ্রই যাচ্ছি 🙂,খুব শিঘ্রই যাচ্ছি 🙂
text withheld: corpus licence does not permit redistribution,1,1.0,banglasarc,তিনি বেশিরভাগ অপরাধীর মতো দেখতে চান।,তিনি বেশিরভাগ অপরাধীর মতো দেখতে চান।
text withheld: corpus licence does not permit redistribution,0,0.0,banglasarc,খুশি করে দাও,খুশি করে দাও
text withheld: corpus licence does not permit redistribution,0,0.0,banglasarc,জতো ফালতু আলোচনা করে টকশোতে।,জতো ফালতু আলোচনা করে টকশোতে।
text withheld: corpus licence does not permit redistribution,0,0.0,banglasarc,এটাই অনেক বড় ব্যাপার। আমাদের সবার অনেক খুশি হওয়া উচিত সে পায়ে হেটেছে। আমাদের সবার অনেক খুশি হওয়া উচিত সে পায়ে হেঁটেছে ।,এটাই অনেক বড় ব্যাপার। আমাদের সবার অনেক খুশি হওয়া উচিত সে পায়ে হেটেছে। আমাদের সবার অনেক খুশি হওয়া উচিত সে পায়ে হেঁটেছে ।
text withheld: corpus licence does not permit redistribution,0,0.0,banglasarc,আমাদের প্রিয়জনদের সাথে শেয়ার করা মুহূর্তগুলোর মাঝেই লুকিয়ে থাকে জীবনের স্বাদ।,আমাদের প্রিয়জনদের সাথে শেয়ার করা মুহূর্তগুলোর মাঝেই লুকিয়ে থাকে জীবনের স্বাদ।
text withheld: corpus licence does not permit redistribution,0,0.0,banglasarc,এক জিনিস নিয়ে আজ সহ কয়কদিন যে গাঞ্জাখোর দের মত করছিস তোর লজ্জা লাগছেনা? তোকে কি পরিমান বিষাক্ত লাগে বোঝাতে পারবোনা। রাস্তার কুকুরও তোর চাইতে উত্তম।,এক জিনিস নিয়ে আজ সহ কয়কদিন যে গাঞ্জাখোর দের মত করছিস তোর লজ্জা লাগছেনা? তোকে কি পরিমান বিষাক্ত লাগে বোঝাতে পারবোনা। রাস্তার কুকুরও তোর চাইতে উত্তম।
text withheld: corpus licence does not permit redistribution,1,1.0,banglasarc,"আমি একটি রিমিক্স রিমিক্স করেছি, এটি স্বাভাবিক অবস্থায় ফিরে এসেছিল।","আমি একটি রিমিক্স রিমিক্স করেছি, এটি স্বাভাবিক অবস্থায় ফিরে এসেছিল।"
text withheld: corpus licence does not permit redistribution,1,1.0,banglasarc,"""আপনি যদি মনে করেন যে আপনি কোনও পার্থক্য করতে খুব ছোট, তবে একটি মশার সাথে ঘুমানোর চেষ্টা করুন"" ""","""আপনি যদি মনে করেন যে আপনি কোনও পার্থক্য করতে খুব ছোট, তবে একটি মশার সাথে ঘুমানোর চেষ্টা করুন"" """
text withheld: corpus licence does not permit redistribution,0,0.0,banglasarc,আল্লাহ নেক হেদায়েত দান করুন,আল্লাহ নেক হেদায়েত দান করুন
text withheld: corpus licence does not permit redistribution,0,0.0,banglasarc,লড়াইটা ভালো থাকার ছিল...... সেটা একখ বেঁচে থাকার,লড়াইটা ভালো থাকার ছিল...... সেটা একখ বেঁচে থাকার
text withheld: corpus licence does not permit redistribution,0,0.0,banglasarc,এই মাএ মার্কেট থেকে আসলাম,এই মাএ মার্কেট থেকে আসলাম
text withheld: corpus licence does not permit redistribution,1,1.0,banglasarc,"নিজেকে এত গুরুত্ব সহকারে নেবেন না, অন্য কেউ করে না।","নিজেকে এত গুরুত্ব সহকারে নেবেন না, অন্য কেউ করে না।"
text withheld: corpus licence does not permit redistribution,0,0.0,banglasarc,পরবর্তী সিনেমা হবে স্বামী কেন ভাই?,পরবর্তী সিনেমা হবে স্বামী কেন ভাই?
text withheld: corpus licence does not permit redistribution,1,1.0,banglasarc,জীবন সংক্ষিপ্ত. যতদিন দাঁত আছে ততদিন হেসে নাও.,জীবন সংক্ষিপ্ত. যতদিন দাঁত আছে ততদিন হেসে নাও.
text withheld: corpus licence does not permit redistribution,0,0.0,banglasarc,এ ছবি দেখার পর অসহায় ছেলেগুলোর রাতের ঘুম হারাম হলে পরী অাপু তুমি দায়ী। কি দরকার এতো কিউট ছবি দিয়ে সিঙ্গেল ভাইদের মন ভাঙ্গার :'(,এ ছবি দেখার পর অসহায় ছেলেগুলোর রাতের ঘুম হারাম হলে পরী অাপু তুমি দায়ী। কি দরকার এতো কিউট ছবি দিয়ে সিঙ্গেল ভাইদের মন ভাঙ্গার :'(
text withheld: corpus licence does not permit redistribution,0,0.0,banglasarc,প্রায় সাড়ে সাত ফুট উচ্চতা এবং সাড়ে এগার ফুট ব্যাসের বৃত্তাকার পাতিল দিয়ে এক টাকায় আহার,প্রায় সাড়ে সাত ফুট উচ্চতা এবং সাড়ে এগার ফুট ব্যাসের বৃত্তাকার পাতিল দিয়ে এক টাকায় আহার
text withheld: corpus licence does not permit redistribution,0,0.0,banglasarc,আমরা বিভিন্ন দেশের নায়ক নায়িকা খেলোয়ার দেখে ঐ সব দেশের মানুষের চেহারা কথাবার্তা চলাফেরা অনুমান করে নি। কিন্তুু এ হিরো আলমকে দেখে অন্য সব দেশের মানুষ ও মনে করবো আমরাও ঐ হিরো আলম এর মত।আমি অনুরোধ করচি ভাই আপনি দেশের দশের কথা বিবেচনা করে দয়া করে সরে যান।আপনাকে নিয়ে মানুষ হাসি ঠাট্রা করে। কেনো আপনি বুঝেন না।আপনার কারনে বাংলাদেশের মানুষের চলচিএ প্রতি আগরোহ কমে যাচ্চে।সবাই বলে আরে দুর হিরো আলমের চবি।আপনার কারনে ভালো নায়ক নায়িকাদের সম্মান নষ্ট হচ্ছে।সুতরাং সরে গেলে আপনার সম্মান টুকু থাকবে।তবে আগের মত শর্ট ফিল্ম তৈরি করতে পারেন।আরেকটি কথা আপনি করোনা ভাইরাসে কারনে দিন মজুর দের পাশে থাকাতে আপনাকে সেলুট।ভালো থাকবে সুস্হ থাকবেন।,আমরা বিভিন্ন দেশের নায়ক নায়িকা খেলোয়ার দেখে ঐ সব দেশের মানুষের চেহারা কথাবার্তা চলাফেরা অনুমান করে নি। কিন্তুু এ হিরো আলমকে দেখে অন্য সব দেশের মানুষ ও মনে করবো আমরাও ঐ হিরো আলম এর মত।আমি অনুরোধ করচি ভাই আপনি দেশের দশের কথা বিবেচনা করে দয়া করে সরে যান।আপনাকে নিয়ে মানুষ হাসি ঠাট্রা করে। কেনো আপনি বুঝেন না।আপনার কারনে বাংলাদেশের মানুষের চলচিএ প্রতি আগরোহ কমে যাচ্চে।সবাই বলে আরে দুর হিরো আলমের চবি।আপনার কারনে ভালো নায়ক নায়িকাদের সম্মান নষ্ট হচ্ছে।সুতরাং সরে গেলে আপনার সম্মান টুকু থাকবে।তবে আগের মত শর্ট ফিল্ম তৈরি করতে পারেন।আরেকটি কথা আপনি করোনা ভাইরাসে কারনে দিন মজুর দের পাশে থাকাতে আপনাকে সেলুট।ভালো থাকবে সুস্হ থাকবেন।
text withheld: corpus licence does not permit redistribution,0,0.0,banglasarc,পৃথিবী দেখার প্রথম স্বাদ আমরা সবাই বাবার কাছ থেকেই পাই।,পৃথিবী দেখার প্রথম স্বাদ আমরা সবাই বাবার কাছ থেকেই পাই।
text withheld: corpus licence does not permit redistribution,1,1.0,banglasarc,আমি দুঃখিত.আমি আমার অভ্যন্তরীণ ব্যথা লুকানোর জন্য আমার র্যাপিয়ার বুদ্ধি ব্যবহার করি।,আমি দুঃখিত.আমি আমার অভ্যন্তরীণ ব্যথা লুকানোর জন্য আমার র্যাপিয়ার বুদ্ধি ব্যবহার করি।
text withheld: corpus licence does not permit redistribution,1,1.0,banglasarc,বৈধ বলে মনে হচ্ছে - এটিকে নতুন টিয়ার 1 জাহাজ করুন,বৈধ বলে মনে হচ্ছে - এটিকে নতুন টিয়ার 1 জাহাজ করুন
text withheld: corpus licence does not permit redistribution,1,1.0,banglasarc,একজন সাধারণ মানুষ আপনি,একজন সাধারণ মানুষ আপনি
text withheld: corpus licence does not permit redistribution,0,0.0,banglasarc,যে নিজের ভালো বোঝেনা তার পরিনতি ভাল কেমনে হবে,যে নিজের ভালো বোঝেনা তার পরিনতি ভাল কেমনে হবে
text withheld: corpus licence does not permit redistribution,1,1.0,banglasarc,কখনও কখনও আমার কাজগুলিতে আমার হেডফোনগুলি কিছু না নিয়েই থাকে তাই আমাকে চ্যাটি সহকর্মীদের সাথে ইন্টারঅ্যাক্ট করতে হবে না।,কখনও কখনও আমার কাজগুলিতে আমার হেডফোনগুলি কিছু না নিয়েই থাকে তাই আমাকে চ্যাটি সহকর্মীদের সাথে ইন্টারঅ্যাক্ট করতে হবে না।
text withheld: corpus licence does not permit redistribution,0,0.0,banglasarc,"তাৎক্ষণিক প্রশ্নোত্তরে মানুষের আরও অনেক সতর্ক হওয়া প্রয়োজন। সব উত্তর হাসতে হাসতে দেওয়া যায় না। ধন্যবাদ বোন, নিজের ভুলটি ধরতে পারাতে। পরম করুণাময় মহান দয়ালু আল্লাহতা’য়ালা তোমার সার্বিকভাবে ভালো করুক এবং সার্বিকভাবে সুস্থতা দান করুক।","তাৎক্ষণিক প্রশ্নোত্তরে মানুষের আরও অনেক সতর্ক হওয়া প্রয়োজন। সব উত্তর হাসতে হাসতে দেওয়া যায় না। ধন্যবাদ বোন, নিজের ভুলটি ধরতে পারাতে। পরম করুণাময় মহান দয়ালু আল্লাহতা’য়ালা তোমার সার্বিকভাবে ভালো করুক এবং সার্বিকভাবে সুস্থতা দান করুক।"
text withheld: corpus licence does not permit redistribution,0,0.0,banglasarc,ভালো লাগলো সাংবাদিক ভাই,ভালো লাগলো সাংবাদিক ভাই
text withheld: corpus licence does not permit redistribution,0,0.0,banglasarc,গ্রামভিত্তিক সকল অর্থনৈতিক কর্মকাণ্ড এগিয়ে নিতে আইএফআইসি ব্যাংকের সহজে ও কম সময়ে ঋণ সুবিধা,গ্রামভিত্তিক সকল অর্থনৈতিক কর্মকাণ্ড এগিয়ে নিতে আইএফআইসি ব্যাংকের সহজে ও কম সময়ে ঋণ সুবিধা
text withheld: corpus licence does not permit redistribution,1,1.0,banglasarc,"আপনি কোনও ব্যক্তিকে বিয়ে করার আগে, আপনাকে প্রথমে তাদের সত্যই কে তা দেখার জন্য ধীর ইন্টারনেট সহ একটি কম্পিউটার ব্যবহার করা উচিত।","আপনি কোনও ব্যক্তিকে বিয়ে করার আগে, আপনাকে প্রথমে তাদের সত্যই কে তা দেখার জন্য ধীর ইন্টারনেট সহ একটি কম্পিউটার ব্যবহার করা উচিত।"
text withheld: corpus licence does not permit redistribution,1,1.0,banglasarc,"আমার পুরোপুরি দুর্দান্ত একটি সন্ধ্যা হয়েছে, তবে এটি ছিল না।","আমার পুরোপুরি দুর্দান্ত একটি সন্ধ্যা হয়েছে, তবে এটি ছিল না।"
text withheld: corpus licence does not permit redistribution,1,1.0,banglasarc,"আপনারা সবাই একে অপরকেও জানেন, তাই না?","আপনারা সবাই একে অপরকেও জানেন, তাই না?"
text withheld: corpus licence does not permit redistribution,0,0.0,banglasarc,সৃষ্টিকর্তার দরকার না হলেসৃষ্টিকর্তার দেয়া অক্সিজেন নেয় কেন?নিজে অক্সিজেন বানিয়া তারপর নিক।,সৃষ্টিকর্তার দরকার না হলেসৃষ্টিকর্তার দেয়া অক্সিজেন নেয় কেন?নিজে অক্সিজেন বানিয়া তারপর নিক।
text withheld: corpus licence does not permit redistribution,0,0.0,banglasarc,জাদুঘর তৈরিতে কতহাজার কোটি টাকা বাজেট করা হলো আর পদ্মা সেতু তৈরি কারিগরদের দ্বিতীয় মুক্তিযোদ্ধার খেতাব প্রদান করা হোক।,জাদুঘর তৈরিতে কতহাজার কোটি টাকা বাজেট করা হলো আর পদ্মা সেতু তৈরি কারিগরদের দ্বিতীয় মুক্তিযোদ্ধার খেতাব প্রদান করা হোক।
text withheld: corpus licence does not permit redistribution,1,1.0,banglasarc,যে কেউ কিছুই বলেছিল না সে স্পষ্টতই কখনও ঘোরাঘুরির দরজাটিকে আঘাত করার চেষ্টা করেছিল না।,যে কেউ কিছুই বলেছিল না সে স্পষ্টতই কখনও ঘোরাঘুরির দরজাটিকে আঘাত করার চেষ্টা করেছিল না।
text withheld: corpus licence does not permit redistribution,0,0.0,banglasarc,স্কুল বন্ধ করা হোক,স্কুল বন্ধ করা হোক
text withheld: corpus licence does not permit redistribution,1,1.0,banglasarc,"লোকেরা বলে কিছুই অসম্ভব বলে, তবে আমি প্রতিদিন কিছুই করি না","লোকেরা বলে কিছুই অসম্ভব বলে, তবে আমি প্রতিদিন কিছুই করি না"
text withheld: corpus licence does not permit redistribution,1,1.0,banglasarc,শিক্ষক: আমরা শান্ত খেলা খেলতে যাচ্ছি। ছাত্র: আপনি খুব খেলছেন?,শিক্ষক: আমরা শান্ত খেলা খেলতে যাচ্ছি। ছাত্র: আপনি খুব খেলছেন?
text withheld: corpus licence does not permit redistribution,0,0.0,banglasarc,ঝাড়া কবির তুমার কমেন্টস বক্স অফ করে দাও... নইলে রাইটের ঘুম হারাম হই যাইবে ।,ঝাড়া কবির তুমার কমেন্টস বক্স অফ করে দাও... নইলে রাইটের ঘুম হারাম হই যাইবে ।
text withheld: corpus licence does not permit redistribution,1,1.0,banglasarc,"লোকেরা বলে যে হাসি সেরা medicine ষধ, আপনার মুখ অবশ্যই বিশ্বকে নিরাময় করবে!","লোকেরা বলে যে হাসি সেরা medicine ষধ, আপনার মুখ অবশ্যই বিশ্বকে নিরাময় করবে!"
text withheld: corpus licence does not permit redistribution,0,0.0,banglasarc,মানুষের প্রতি বাংলা চলচিত্রের আকর্শন বাড়াতে এই কাহিনী নিয়ে একটা সিনেমা বানানো উচিৎ আর সিনেমার নাম হবে জায়েদ বিষক্ত মৌসুমি কেন আসক্ত।,মানুষের প্রতি বাংলা চলচিত্রের আকর্শন বাড়াতে এই কাহিনী নিয়ে একটা সিনেমা বানানো উচিৎ আর সিনেমার নাম হবে জায়েদ বিষক্ত মৌসুমি কেন আসক্ত।
text withheld: corpus licence does not permit redistribution,0,0.0,banglasarc,হটাৎ এমন সিদ্ধান্তের কারণ কি,হটাৎ এমন সিদ্ধান্তের কারণ কি
text withheld: corpus licence does not permit redistribution,0,0.0,banglasarc,"আগামী ২০/৬/২২ তারিখ হতে আমাদের ""ফিগার ড্রইং ক্লাস"" শুরু হবে","আগামী ২০/৬/২২ তারিখ হতে আমাদের ""ফিগার ড্রইং ক্লাস"" শুরু হবে"
text withheld: corpus licence does not permit redistribution,1,1.0,banglasarc,আমি যখন একা ছিলাম তখন আমার পক্ষ ছেড়ে যাওয়ার জন্য আপনাকে ধন্যবাদ।আমি বুঝতে পেরেছিলাম আমি তোমাকে ছাড়া অনেক কিছু করতে পারি,আমি যখন একা ছিলাম তখন আমার পক্ষ ছেড়ে যাওয়ার জন্য আপনাকে ধন্যবাদ।আমি বুঝতে পেরেছিলাম আমি তোমাকে ছাড়া অনেক কিছু করতে পারি
text withheld: corpus licence does not permit redistribution,0,0.0,banglasarc,মা বাবার কাছ থেকে ইসলামের শিক্ষা পায়নি । আর সাফা কবির তো নষ্ট জগতের বাসিন্দা ওর কাছ থেকে কি আশা করা যায় । দোয়া করি আল্লাহ যেন ওঁকে হেদায়েত দান করেন ।,মা বাবার কাছ থেকে ইসলামের শিক্ষা পায়নি । আর সাফা কবির তো নষ্ট জগতের বাসিন্দা ওর কাছ থেকে কি আশা করা যায় । দোয়া করি আল্লাহ যেন ওঁকে হেদায়েত দান করেন ।
text withheld: corpus licence does not permit redistribution,0,0.0,banglasarc,"যে মানুষ ভুল করে অনুতপ্ত হয়ে আল্লার কাছে ক্ষমাপ্রার্থী হন তাকে তো আল্লাও ক্ষমা করেন। আর আমরা তো মানুষ। মানুষ মাত্রই সে ভুল করবে। সে তার পাপ ধুয়ে হয়তো আরও ভালো মানুষ হয়ে যাবে। আমরা তাকে একটিবার ক্ষমা করতেই পারি, পারি না?? হয়তো এরপর আমরা সুন্দর আরেক সাফাকে পাবো। সবার জীবন সুন্দর হোক।","যে মানুষ ভুল করে অনুতপ্ত হয়ে আল্লার কাছে ক্ষমাপ্রার্থী হন তাকে তো আল্লাও ক্ষমা করেন। আর আমরা তো মানুষ। মানুষ মাত্রই সে ভুল করবে। সে তার পাপ ধুয়ে হয়তো আরও ভালো মানুষ হয়ে যাবে। আমরা তাকে একটিবার ক্ষমা করতেই পারি, পারি না?? হয়তো এরপর আমরা সুন্দর আরেক সাফাকে পাবো। সবার জীবন সুন্দর হোক।"
text withheld: corpus licence does not permit redistribution,1,1.0,banglasarc,"“আমি ঘুমিয়ে পড়ি না।আমি নিজেকে একটি কোমায় ওভাররিং করি। ""","“আমি ঘুমিয়ে পড়ি না।আমি নিজেকে একটি কোমায় ওভাররিং করি। """
text withheld: corpus licence does not permit redistribution,1,1.0,banglasarc,আপনি: ওএমজি আপনি কি পড়েছেন? আমি: না মাটি সবে এসে আমার মুখে আমাকে ধাক্কা দিয়েছে!,আপনি: ওএমজি আপনি কি পড়েছেন? আমি: না মাটি সবে এসে আমার মুখে আমাকে ধাক্কা দিয়েছে!
text withheld: corpus licence does not permit redistribution,0,0.0,banglasarc,দেশের দুঃসময়ে সবসময়ই আওয়ামী লীগ-ছাত্রলীগ-যুবলীগ-স্বেচ্ছাসেবকলীগ সহ অঙ্গ-সংগঠনের নেতাকর্মীরাই মানুষের পাশে দাঁড়ায়।বঙ্গবন্ধু-কন্যা শেখ হাসিনার নির্দেশনায় ছাত্রলীগ তো দৃষ্টান্তমূলক কাজ করছে।,দেশের দুঃসময়ে সবসময়ই আওয়ামী লীগ-ছাত্রলীগ-যুবলীগ-স্বেচ্ছাসেবকলীগ সহ অঙ্গ-সংগঠনের নেতাকর্মীরাই মানুষের পাশে দাঁড়ায়।বঙ্গবন্ধু-কন্যা শেখ হাসিনার নির্দেশনায় ছাত্রলীগ তো দৃষ্টান্তমূলক কাজ করছে।
text withheld: corpus licence does not permit redistribution,0,0.0,banglasarc,"বড় কষ্টে আছে লাখো মানুষের সিলেট,আল্লাহ সিলেট বাসীকে হেফাজত করুক।","বড় কষ্টে আছে লাখো মানুষের সিলেট,আল্লাহ সিলেট বাসীকে হেফাজত করুক।"
text withheld: corpus licence does not permit redistribution,0,0.0,banglasarc,ভিজবো কথাটা শুনলেই বোঝা যায় তাহসান ভাই এর মত হবে খুবি স্নিগ্ধ আর শান্ত প্রকিতির।,ভিজবো কথাটা শুনলেই বোঝা যায় তাহসান ভাই এর মত হবে খুবি স্নিগ্ধ আর শান্ত প্রকিতির।
text withheld: corpus licence does not permit redistribution,0,0.0,banglasarc,ভুল ৩ টি ছাগল এর মাঝে ১ টি ছাগী,ভুল ৩ টি ছাগল এর মাঝে ১ টি ছাগী
text withheld: corpus licence does not permit redistribution,0,0.0,banglasarc,"শাশুড়ি এমনই হয়, ছেলের বউ কে খোটা না মারলে শান্তি পায় না।","শাশুড়ি এমনই হয়, ছেলের বউ কে খোটা না মারলে শান্তি পায় না।"
text withheld: corpus licence does not permit redistribution,1,1.0,banglasarc,সবার বোকা হওয়ার অধিকার রয়েছে।তবে আপনি সুযোগ -সুবিধাটি গালি দিচ্ছেন।,সবার বোকা হওয়ার অধিকার রয়েছে।তবে আপনি সুযোগ -সুবিধাটি গালি দিচ্ছেন।
text withheld: corpus licence does not permit redistribution,1,1.0,banglasarc,জীবন দশ গতির বাইকের মতো।আমাদের বেশিরভাগের গিয়ার রয়েছে যা আমরা কখনই ব্যবহার করি না।,জীবন দশ গতির বাইকের মতো।আমাদের বেশিরভাগের গিয়ার রয়েছে যা আমরা কখনই ব্যবহার করি না।
text withheld: corpus licence does not permit redistribution,0,0.0,banglasarc,"প্রথমেই আপনাকে আমি মাপ করে দিলাম, আর আপনিও আমাদের মাপ করে দিয়েন। ভবিষ্যৎতে আপনার মত নাস্তিক এর নাটক যাতে আর না দেখা লাগে। কিন্তু আমি আপনার নাটক এখনো দেখি না। খাল একটা ভিডিও দেখছি।জোবান ছবি তুলে আর আপনি বুক ফুলাইয়া হাটিয়া যাচ্ছেন, মধ্য যে ফোম লুকায়িত এইটা আমি মনে প্রানে বিলিভ করি, আল্লাহ আপনাকে হেদায়েত দিন","প্রথমেই আপনাকে আমি মাপ করে দিলাম, আর আপনিও আমাদের মাপ করে দিয়েন। ভবিষ্যৎতে আপনার মত নাস্তিক এর নাটক যাতে আর না দেখা লাগে। কিন্তু আমি আপনার নাটক এখনো দেখি না। খাল একটা ভিডিও দেখছি।জোবান ছবি তুলে আর আপনি বুক ফুলাইয়া হাটিয়া যাচ্ছেন, মধ্য যে ফোম লুকায়িত এইটা আমি মনে প্রানে বিলিভ করি, আল্লাহ আপনাকে হেদায়েত দিন"
text withheld: corpus licence does not permit redistribution,1,1.0,banglasarc,আপনি সত্যই ভাবেন যে নাটকটি কেন পেসাররা হেরে গেছে?,আপনি সত্যই ভাবেন যে নাটকটি কেন পেসাররা হেরে গেছে?
text withheld: corpus licence does not permit redistribution,0,0.0,banglasarc,"সমঅধিকার নয়, ন্যায্য অধিকার চাই। নারীরা যদি এই স্লোগান দেয়। আর তা বাস্তবায়ন হয়। তাহলে নারীরা সব জায়গায় সন্মানিত হবে।","সমঅধিকার নয়, ন্যায্য অধিকার চাই। নারীরা যদি এই স্লোগান দেয়। আর তা বাস্তবায়ন হয়। তাহলে নারীরা সব জায়গায় সন্মানিত হবে।"
text withheld: corpus licence does not permit redistribution,0,0.0,banglasarc,"আইন সকলের জন্য,সমান।","আইন সকলের জন্য,সমান।"
text withheld: corpus licence does not permit redistribution,0,0.0,banglasarc,এগুলো খাইতে খাইতে পুরা পেটটাকে একটা ঢোল বানাই ফেলছে সিলেটের সব পানি খাইলে ওদের পেট ভরবে না,এগুলো খাইতে খাইতে পুরা পেটটাকে একটা ঢোল বানাই ফেলছে সিলেটের সব পানি খাইলে ওদের পেট ভরবে না
text withheld: corpus licence does not permit redistribution,0,0.0,banglasarc,যে পরিমাণ মেকআপ করছেন আর যে পরিমাণ ফেস পাউডার মারছেন এই মেয়ের মুখে,যে পরিমাণ মেকআপ করছেন আর যে পরিমাণ ফেস পাউডার মারছেন এই মেয়ের মুখে
text withheld: corpus licence does not permit redistribution,1,1.0,banglasarc,একটি অ্যাপল একটি দিন যদি আপনি যথেষ্ট পরিমাণে এটির মধ্য দিয়ে থাকেন তবে কাউকে দূরে রাখে,একটি অ্যাপল একটি দিন যদি আপনি যথেষ্ট পরিমাণে এটির মধ্য দিয়ে থাকেন তবে কাউকে দূরে রাখে
text withheld: corpus licence does not permit redistribution,1,1.0,banglasarc,"“আমার উভয় স্ত্রীর সাথে আমার ভাগ্য খারাপ হয়েছে।প্রথমটি আমাকে ছেড়ে চলে গেল এবং দ্বিতীয়টি তা করেনি। ""","“আমার উভয় স্ত্রীর সাথে আমার ভাগ্য খারাপ হয়েছে।প্রথমটি আমাকে ছেড়ে চলে গেল এবং দ্বিতীয়টি তা করেনি। """
text withheld: corpus licence does not permit redistribution,0,0.0,banglasarc,আট বছরের সম্পর্কের পর তাদের বিয়ে ।,আট বছরের সম্পর্কের পর তাদের বিয়ে ।
text withheld: corpus licence does not permit redistribution,0,0.0,banglasarc,আসলেই তার হাসিটি অসাধারণ। মাথার ঘন চুল আর হাসিটি যেন বয়স বাড়তে দেয়নি।,আসলেই তার হাসিটি অসাধারণ। মাথার ঘন চুল আর হাসিটি যেন বয়স বাড়তে দেয়নি।
text withheld: corpus licence does not permit redistribution,0,0.0,banglasarc,"যেইখানে অক্সিজেনের সল্পতা মিটাতে গাছ লাগালে গ্রেফতার হয় সেইখানে দূষিত দেশের রেংকিংএ ১,২ এ থাকবে স্বাভাবিক 😑","যেইখানে অক্সিজেনের সল্পতা মিটাতে গাছ লাগালে গ্রেফতার হয় সেইখানে দূষিত দেশের রেংকিংএ ১,২ এ থাকবে স্বাভাবিক 😑"
text withheld: corpus licence does not permit redistribution,1,1.0,banglasarc,আমি আমার জীবনের এমন একটি পর্যায়ে এসেছি যেখানে আমার এফ..সি এর চেয়ে শক্তিশালী শব্দের প্রয়োজন।,আমি আমার জীবনের এমন একটি পর্যায়ে এসেছি যেখানে আমার এফ..সি এর চেয়ে শক্তিশালী শব্দের প্রয়োজন।
text withheld: corpus licence does not permit redistribution,1,1.0,banglasarc,"আমার ডাক্তার আমাকে বেঁচে থাকার জন্য ছয় মাস দিয়েছেন, কিন্তু যখন আমি বিলটি দিতে পারি না তখন তিনি আমাকে ছয় মাস বেশি দিয়েছিলেন।","আমার ডাক্তার আমাকে বেঁচে থাকার জন্য ছয় মাস দিয়েছেন, কিন্তু যখন আমি বিলটি দিতে পারি না তখন তিনি আমাকে ছয় মাস বেশি দিয়েছিলেন।"
text withheld: corpus licence does not permit redistribution,0,0.0,banglasarc,"ইনশাআল্লাহ মঞ্জু ভাই,, আমিও একদিন আপনার লাইভ শো তে আসবো, ইনশাআল্লাহ।","ইনশাআল্লাহ মঞ্জু ভাই,, আমিও একদিন আপনার লাইভ শো তে আসবো, ইনশাআল্লাহ।"
text withheld: corpus licence does not permit redistribution,1,1.0,banglasarc,"""কৌশল হ'ল এমন লোকদের জন্য যারা কটূক্তি ব্যবহার করার মতো যথেষ্ট মজাদার নয়।""","""কৌশল হ'ল এমন লোকদের জন্য যারা কটূক্তি ব্যবহার করার মতো যথেষ্ট মজাদার নয়।"""
text withheld: corpus licence does not permit redistribution,1,1.0,banglasarc,আগামীকাল আবর্জনা উঠেছে।প্রস্তুত হও.,আগামীকাল আবর্জনা উঠেছে।প্রস্তুত হও.
text withheld: corpus licence does not permit redistribution,0,0.0,banglasarc,আল্লাহ হয় এদেরকে হেদায়েত দাও না হয় ধ্বংস করে দাও।,আল্লাহ হয় এদেরকে হেদায়েত দাও না হয় ধ্বংস করে দাও।
text withheld: corpus licence does not permit redistribution,1,1.0,banglasarc,প্রতিদিন একটি জিনিস করুন যা আপনাকে ভয় দেখায়।,প্রতিদিন একটি জিনিস করুন যা আপনাকে ভয় দেখায়।
text withheld: corpus licence does not permit redistribution,1,1.0,banglasarc,"প্রত্যেকেই বলে যে আমাদের কোনও ক্ষোভ রাখা উচিত নয়, যখন সবাই ফেটে যাচ্ছে","প্রত্যেকেই বলে যে আমাদের কোনও ক্ষোভ রাখা উচিত নয়, যখন সবাই ফেটে যাচ্ছে"
text withheld: corpus licence does not permit redistribution,0,0.0,banglasarc,দলে থেকে দলের ক্ষতি যারা করেলাথি মেরে বের করে দেন,দলে থেকে দলের ক্ষতি যারা করেলাথি মেরে বের করে দেন
text withheld: corpus licence does not permit redistribution,1,1.0,banglasarc,"আপনি কোথায় যাচ্ছেন তা আপনি যদি না জানেন তবে আপনি খুব সাবধানতা অবলম্বন করতে পারেন, কারণ আপনি সেখানে নাও পেতে পারেন।","আপনি কোথায় যাচ্ছেন তা আপনি যদি না জানেন তবে আপনি খুব সাবধানতা অবলম্বন করতে পারেন, কারণ আপনি সেখানে নাও পেতে পারেন।"
text withheld: corpus licence does not permit redistribution,0,0.0,banglasarc,সুন্দরী আপু এতদিন কোথায় ছিলে,সুন্দরী আপু এতদিন কোথায় ছিলে
text withheld: corpus licence does not permit redistribution,1,1.0,banglasarc,ডেটিং যখন অনেক দূরে যায়,ডেটিং যখন অনেক দূরে যায়
text withheld: corpus licence does not permit redistribution,0,0.0,banglasarc,একটা মানুষ এতটা সুন্দর হয় তা তোমাকে না দেখলে জানতাম না আপি।,একটা মানুষ এতটা সুন্দর হয় তা তোমাকে না দেখলে জানতাম না আপি।
text withheld: corpus licence does not permit redistribution,0,0.0,banglasarc,"ভাই আপনার অনেক টাকা আছে, আপনি বাংলাদেশের এক নম্বর নায়ক, আপনি গরীবের জন্য কিছু করেন","ভাই আপনার অনেক টাকা আছে, আপনি বাংলাদেশের এক নম্বর নায়ক, আপনি গরীবের জন্য কিছু করেন"
text withheld: corpus licence does not permit redistribution,0,0.0,banglasarc,আহারে কত কষ্ট থাকলে এই কাজ করে।,আহারে কত কষ্ট থাকলে এই কাজ করে।
text withheld: corpus licence does not permit redistribution,0,0.0,banglasarc,এই ভাবে সামর্থ্যবান দের এগিয়ে আশা উচিৎ।,এই ভাবে সামর্থ্যবান দের এগিয়ে আশা উচিৎ।
text withheld: corpus licence does not permit redistribution,0,0.0,banglasarc,ধন্যবাদ আপু 😊,ধন্যবাদ আপু 😊
text withheld: corpus licence does not permit redistribution,0,0.0,banglasarc,"আজব রাজার অবাক দেশ- উন্নয়নে চলছে বেশ, শহিদুলের কথা মানতে পায় ব্যথা, প্রিয়ার দেওয়া দেশকে ব্যাথাহয়ে যায় অন্য বা অন্যান্য কথা।মিন্নি মেয়েটি পায়না উকিলপ্রিয়ার দেশদ্রোহে মামলাই নেয় না, কি হবে গো উকিল?বাঁচাতে গিযে স্বামীকে মিন্নি হয়ে গেলো ভিলেন গিন্নী। ফাঁসিয়ে দিয়ে দেশকে প্রিয়া দিদিহবেন হয়তো দেশপ্রেমী মমতা দিদি।","আজব রাজার অবাক দেশ- উন্নয়নে চলছে বেশ, শহিদুলের কথা মানতে পায় ব্যথা, প্রিয়ার দেওয়া দেশকে ব্যাথাহয়ে যায় অন্য বা অন্যান্য কথা।মিন্নি মেয়েটি পায়না উকিলপ্রিয়ার দেশদ্রোহে মামলাই নেয় না, কি হবে গো উকিল?বাঁচাতে গিযে স্বামীকে মিন্নি হয়ে গেলো ভিলেন গিন্নী। ফাঁসিয়ে দিয়ে দেশকে প্রিয়া দিদিহবেন হয়তো দেশপ্রেমী মমতা দিদি।"
text withheld: corpus licence does not permit redistribution,0,0.0,banglasarc,নোয়াখালী বিভাগ চাই,নোয়াখালী বিভাগ চাই
text withheld: corpus licence does not permit redistribution,0,0.0,banglasarc,সন্ধ্যা ৭টা থেকে এখন সকাল ১০ টা বাজে এখনও বৃষ্টি তামে নাই,সন্ধ্যা ৭টা থেকে এখন সকাল ১০ টা বাজে এখনও বৃষ্টি তামে নাই
text withheld: corpus licence does not permit redistribution,1,1.0,banglasarc,"তিনি 36 বারেরও কম ""পিউ"" বলেছিলেন, তাই আমরা এখনও ঠিক আছি।","তিনি 36 বারেরও কম ""পিউ"" বলেছিলেন, তাই আমরা এখনও ঠিক আছি।"
text withheld: corpus licence does not permit redistribution,0,0.0,banglasarc,তোমার গান মানুষ তোমার আন্ডা শুনবে,তোমার গান মানুষ তোমার আন্ডা শুনবে
text withheld: corpus licence does not permit redistribution,0,0.0,banglasarc,জনগণের মৌলিক অধিকার হরন করেছেন আপনার।।,জনগণের মৌলিক অধিকার হরন করেছেন আপনার।।
text withheld: corpus licence does not permit redistribution,0,0.0,banglasarc,আপা আরেকটা অডি গাড়ি কবে লইবেন??,আপা আরেকটা অডি গাড়ি কবে লইবেন??
text withheld: corpus licence does not permit redistribution,0,0.0,banglasarc,ফেসবুক থেকে দুজনের পরিচয় ।,ফেসবুক থেকে দুজনের পরিচয় ।
text withheld: corpus licence does not permit redistribution,1,1.0,banglasarc,“আমরা সবসময় হাত ধরে।আমি যদি যেতে দিই তবে সে দোকান করে। ”,“আমরা সবসময় হাত ধরে।আমি যদি যেতে দিই তবে সে দোকান করে। ”
text withheld: corpus licence does not permit redistribution,0,0.0,banglasarc,জেনে খুব ভাল লাগল শুভকামনা রইল,জেনে খুব ভাল লাগল শুভকামনা রইল
text withheld: corpus licence does not permit redistribution,0,0.0,banglasarc,"চিটাগং এর মানুষ ""খানা"" শব্দ টা ইউজ করে৷","চিটাগং এর মানুষ ""খানা"" শব্দ টা ইউজ করে৷"
text withheld: corpus licence does not permit redistribution,0,0.0,banglasarc,খুব ভালো লেখনি।আপনাদের বন্ধুত্ব অটুট থাকুক সারাজীবন।,খুব ভালো লেখনি।আপনাদের বন্ধুত্ব অটুট থাকুক সারাজীবন।
text withheld: corpus licence does not permit redistribution,0,0.0,banglasarc,প্রায় প্রতিটা ঘরবাড়ি এখন পানির নিচে,প্রায় প্রতিটা ঘরবাড়ি এখন পানির নিচে
text withheld: corpus licence does not permit redistribution,0,0.0,banglasarc,হেয়ার কাট টা অনেক সুন্দর হইছে,হেয়ার কাট টা অনেক সুন্দর হইছে
text withheld: corpus licence does not permit redistribution,0,0.0,banglasarc,শ্বশুরবাড়িতে পুকুরে মাছ ধরা,শ্বশুরবাড়িতে পুকুরে মাছ ধরা
text withheld: corpus licence does not permit redistribution,0,0.0,banglasarc,প্রিয় নেতা আমি খন্দকার আপেল মাহমুদ সাংগঠনিক সম্পাদক গাজীপুর জেলা স্বেচ্ছাসেবক দল তৃণমূলের দাবি একটাই আমাদের মায়ের মুক্তি চাই আমাদের মায়ের মুক্তি হোক বাংলাদেশ সফল হোক,প্রিয় নেতা আমি খন্দকার আপেল মাহমুদ সাংগঠনিক সম্পাদক গাজীপুর জেলা স্বেচ্ছাসেবক দল তৃণমূলের দাবি একটাই আমাদের মায়ের মুক্তি চাই আমাদের মায়ের মুক্তি হোক বাংলাদেশ সফল হোক
text withheld: corpus licence does not permit redistribution,0,0.0,banglasarc,অসাধারণ,অসাধারণ
text withheld: corpus licence does not permit redistribution,1,1.0,banglasarc,কারও একটি টিকিট এবং 39 যানবাহন পাস আছে?,কারও একটি টিকিট এবং 39 যানবাহন পাস আছে?
text withheld: corpus licence does not permit redistribution,1,1.0,banglasarc,আমি শান্ত দেখতে পাচ্ছি তবে মনে মনে আমি আপনাকে তিনবার হত্যা করেছি,আমি শান্ত দেখতে পাচ্ছি তবে মনে মনে আমি আপনাকে তিনবার হত্যা করেছি
text withheld: corpus licence does not permit redistribution,1,1.0,banglasarc,এটি একজনের জন্য তার লক্ষ্য ব্যাখ্যা করবে।,এটি একজনের জন্য তার লক্ষ্য ব্যাখ্যা করবে।
text withheld: corpus licence does not permit redistribution,1,1.0,banglasarc,"সমস্ত সততার সাথে, জিনিসগুলি আমাদের মধ্যে কখনও কাজ করবে না।আমি একজন ইউনিকর্ন, আপনি গাধা;আমি মহিমান্বিত, এবং আপনি আমার ভালবাসা কেবল একটি গাধা।","সমস্ত সততার সাথে, জিনিসগুলি আমাদের মধ্যে কখনও কাজ করবে না।আমি একজন ইউনিকর্ন, আপনি গাধা;আমি মহিমান্বিত, এবং আপনি আমার ভালবাসা কেবল একটি গাধা।"
text withheld: corpus licence does not permit redistribution,1,1.0,banglasarc,ভাগ্যটি হ'ল আপনি 100 শতাংশ দেওয়ার পরে আপনার বাকী যা রয়েছে।,ভাগ্যটি হ'ল আপনি 100 শতাংশ দেওয়ার পরে আপনার বাকী যা রয়েছে।
text withheld: corpus licence does not permit redistribution,0,0.0,banglasarc,অনেক সুন্দর প্রকৃতি উপভোগ করা যায় এখান থেকে। বিশেষত সন্ধ্যার পরের সময়টা খুবই উপভোগ্য।,অনেক সুন্দর প্রকৃতি উপভোগ করা যায় এখান থেকে। বিশেষত সন্ধ্যার পরের সময়টা খুবই উপভোগ্য।
text withheld: corpus licence does not permit redistribution,1,1.0,banglasarc,এটি একটি ব্যালটে ছিল এবং অস্টিনের লোকেরা কথা বলেছিল।,এটি একটি ব্যালটে ছিল এবং অস্টিনের লোকেরা কথা বলেছিল।
text withheld: corpus licence does not permit redistribution,0,0.0,banglasarc,অপরাধীরা কি ভাবে ছাড়া পায়?,অপরাধীরা কি ভাবে ছাড়া পায়?
text withheld: corpus licence does not permit redistribution,0,0.0,banglasarc,আজকে জানতে পারলাম।বিয়ের সময় বউ মনে মনে কি ভাবে,আজকে জানতে পারলাম।বিয়ের সময় বউ মনে মনে কি ভাবে
text withheld: corpus licence does not permit redistribution,1,1.0,banglasarc,কোকেন ঠিক আছে কারণ কোনও দরিদ্র লোকেরা এটি ব্যবহার করে না।,কোকেন ঠিক আছে কারণ কোনও দরিদ্র লোকেরা এটি ব্যবহার করে না।
text withheld: corpus licence does not permit redistribution,1,1.0,banglasarc,পরীক্ষায় আমার মনোভাব।তারা আমাকে এমন প্রশ্ন দেয় যা আমি জানি না।আমি তাদের উত্তর দিচ্ছি যে তারা জানে না।,পরীক্ষায় আমার মনোভাব।তারা আমাকে এমন প্রশ্ন দেয় যা আমি জানি না।আমি তাদের উত্তর দিচ্ছি যে তারা জানে না।
text withheld: corpus licence does not permit redistribution,0,0.0,banglasarc,"সাফা কবির নাষ্তিক। কাফের, আল্লাহু তাকে যেন জাহান্নামে নিক্ষেপ করেন। আমিন","সাফা কবির নাষ্তিক। কাফের, আল্লাহু তাকে যেন জাহান্নামে নিক্ষেপ করেন। আমিন"
text withheld: corpus licence does not permit redistribution,0,0.0,banglasarc,এই লোকটার কোন কাজ কাম নাই।,এই লোকটার কোন কাজ কাম নাই।
text withheld: corpus licence does not permit redistribution,1,1.0,banglasarc,আমি আমার স্থানীয় দোকানে আলু সস্তা কিনতে পারি,আমি আমার স্থানীয় দোকানে আলু সস্তা কিনতে পারি
text withheld: corpus licence does not permit redistribution,0,0.0,banglasarc,ছোটলোকের বাচচার কি করছ জুতা দিয়া তোর হিরুর পাছা লাল করতাম,ছোটলোকের বাচচার কি করছ জুতা দিয়া তোর হিরুর পাছা লাল করতাম
text withheld: corpus licence does not permit redistribution,0,0.0,banglasarc,আশা করি বুঝতে পেরেছেন।,আশা করি বুঝতে পেরেছেন।
text withheld: corpus licence does not permit redistribution,0,0.0,banglasarc,"ছিঃ,এভাবে অপমান নিজের দেশের মুভিকে,ছিঃ","ছিঃ,এভাবে অপমান নিজের দেশের মুভিকে,ছিঃ"
text withheld: corpus licence does not permit redistribution,0,0.0,banglasarc,কে তোমার চায়ের সাথে আয়েশ করে ড্ৰাই কেক ডুবিয়ে খাওয়ার পার্টনার ?,কে তোমার চায়ের সাথে আয়েশ করে ড্ৰাই কেক ডুবিয়ে খাওয়ার পার্টনার ?
text withheld: corpus licence does not permit redistribution,1,1.0,banglasarc,"আমার বান্ধবী আমাকে বাইরে গিয়ে এমন কিছু পেতে বলেছিল যা তাকে সেক্সি দেখায়, তাই আমি মাতাল হয়ে গেলাম।","আমার বান্ধবী আমাকে বাইরে গিয়ে এমন কিছু পেতে বলেছিল যা তাকে সেক্সি দেখায়, তাই আমি মাতাল হয়ে গেলাম।"
text withheld: corpus licence does not permit redistribution,1,1.0,banglasarc,"ওহ, আমি তোমাকে বলিনি?তখন আপনার ব্যবসায়ের কোনওটিই হতে হবে না।","ওহ, আমি তোমাকে বলিনি?তখন আপনার ব্যবসায়ের কোনওটিই হতে হবে না।"
text withheld: corpus licence does not permit redistribution,0,0.0,banglasarc,আল্লাহ তায়ালা আপ্নাকে ভালো রাখেন কামনা করি,আল্লাহ তায়ালা আপ্নাকে ভালো রাখেন কামনা করি
text withheld: corpus licence does not permit redistribution,1,1.0,banglasarc,সবকিছু পরিবর্তিত হচ্ছে.লোকেরা কৌতুক অভিনেতাদের এবং রাজনীতিবিদদের একটি রসিকতা হিসাবে গ্রহণ করছে।,সবকিছু পরিবর্তিত হচ্ছে.লোকেরা কৌতুক অভিনেতাদের এবং রাজনীতিবিদদের একটি রসিকতা হিসাবে গ্রহণ করছে।
text withheld: corpus licence does not permit redistribution,1,1.0,banglasarc,সাধারণ জ্ঞান আজকাল এত বিরল যে এটি একটি পরাশক্তি বিবেচনা করা উচিত,সাধারণ জ্ঞান আজকাল এত বিরল যে এটি একটি পরাশক্তি বিবেচনা করা উচিত
text withheld: corpus licence does not permit redistribution,0,0.0,banglasarc,আল্লাহ যেনো আপনার দাদীকে জান্নাত দান করেন আমীন,আল্লাহ যেনো আপনার দাদীকে জান্নাত দান করেন আমীন
text withheld: corpus licence does not permit redistribution,1,1.0,banglasarc,প্রতিটি ক্যালেন্ডারের দিনগুলি সংখ্যাযুক্ত,প্রতিটি ক্যালেন্ডারের দিনগুলি সংখ্যাযুক্ত
text withheld: corpus licence does not permit redistribution,1,1.0,banglasarc,তারপরে কুল এইড পান করুন এবং সেই সম্পদটি আপনার চারপাশে লোভী ডান উইং দানবটি ছড়িয়ে দিন।,তারপরে কুল এইড পান করুন এবং সেই সম্পদটি আপনার চারপাশে লোভী ডান উইং দানবটি ছড়িয়ে দিন।
text withheld: corpus licence does not permit redistribution,1,1.0,banglasarc,মা: আপনি আজ স্কুলে কী শিখলেন? আমি: স্পষ্টতই যথেষ্ট নয়।আমাকে আগামীকাল ফিরে যেতে হবে।,মা: আপনি আজ স্কুলে কী শিখলেন? আমি: স্পষ্টতই যথেষ্ট নয়।আমাকে আগামীকাল ফিরে যেতে হবে।
text withheld: corpus licence does not permit redistribution,0,0.0,banglasarc,কেন? এত ভয় পান কেন? মুর্খ আবাল চোদাদের গালি খেতেই হবে। কোন চাপে পড়ে এদের কাছে নতি স্বীকার করবেননা,কেন? এত ভয় পান কেন? মুর্খ আবাল চোদাদের গালি খেতেই হবে। কোন চাপে পড়ে এদের কাছে নতি স্বীকার করবেননা
text withheld: corpus licence does not permit redistribution,1,1.0,banglasarc,"""আপনি যদি পনির না হন তবে বয়সের কোনও গুরুত্ব নেই"" ""","""আপনি যদি পনির না হন তবে বয়সের কোনও গুরুত্ব নেই"" """
text withheld: corpus licence does not permit redistribution,0,0.0,banglasarc,তাহলে মা বাবা কে বিশ্বাস করো?,তাহলে মা বাবা কে বিশ্বাস করো?
text withheld: corpus licence does not permit redistribution,0,0.0,banglasarc,প্রাক্তনকে কখনো ক্ষমা করবো না।,প্রাক্তনকে কখনো ক্ষমা করবো না।
text withheld: corpus licence does not permit redistribution,0,0.0,banglasarc,সমবয়সী প্রেম ও পূর্ণতা,সমবয়সী প্রেম ও পূর্ণতা
text withheld: corpus licence does not permit redistribution,0,0.0,banglasarc,"আসসালামুআলাইকুম।আপু আপনি অনেক কিউট,আমি আপনার বিডিও ফরো করি।আপনার রান্নার ব্যবহারের পাত্রগুলো অনেক সুন্দর।","আসসালামুআলাইকুম।আপু আপনি অনেক কিউট,আমি আপনার বিডিও ফরো করি।আপনার রান্নার ব্যবহারের পাত্রগুলো অনেক সুন্দর।"
text withheld: corpus licence does not permit redistribution,0,0.0,banglasarc,"কেউ আস্তিক হলে সেটা ফলাও করে বলার মধ্যে যেমন কৃতিত্ব নেই তেমনি কেউ নাস্তিক হলে সেটা ফলাও করে বলার মধ্যেও কোন কৃতিত্ব নেই ।তবে নাস্তিক হয়ে মরার চেয়ে আস্তিক হয়ে মরা অনেক ভালো। বিজ্ঞান সম্পর্কে যথেষ্ট জ্ঞানের অভাবই নাস্তিকতার অন্যতম কারণ। একথা আমার নয়। মহান বিজ্ঞানী আইনস্টাইনের।আইনস্টাইন বলেছেন, ""বিজ্ঞান বিষয়ে অল্প জ্ঞান মানুষকে নাস্তিক করে...."" তিনি আরো বলেছেন, "" science without religion is lame and religion without science is blind "". নাস্তিক ভাইদের বলবো আপনারাও কিন্তু ধর্মান্ধদের মতোই কট্টর। ধর্মান্ধরা যেমন অন্যদের কথা শুনতে চায় না আপনারাও তেমনি ধর্মীয় বিষয় নিরপেক্ষ মন নিয়ে শুনতে চান না। তাহলে পার্থক্য কোথায় ???আপনা যখন এতোই বিজ্ঞানে বিশ্বাসী... তাহলে সংস্কার মুক্ত মন নিয়ে ডাঃ জাকির নায়েকের qur'an and modern science রিলেটেড video গুলো দেখুন... (আমি বলছি না তিনি যাই বলেন তার সবই ১০০% ঠিক বা আপনাকে মানতে হবে)। অনেক কিছু জানতে পারবেন, আপনাদের জ্ঞান সমৃদ্ধ হবে, আপনারা হয়তো সমালোচনার আরো মসলাও পেয়ে যাবেন। দয়াকরে ভয় পাবেন না। আশাকরি নাস্তিকরা সবাই খুব সাহসী। আশাকরি সবাই জেনে","কেউ আস্তিক হলে সেটা ফলাও করে বলার মধ্যে যেমন কৃতিত্ব নেই তেমনি কেউ নাস্তিক হলে সেটা ফলাও করে বলার মধ্যেও কোন কৃতিত্ব নেই ।তবে নাস্তিক হয়ে মরার চেয়ে আস্তিক হয়ে মরা অনেক ভালো। বিজ্ঞান সম্পর্কে যথেষ্ট জ্ঞানের অভাবই নাস্তিকতার অন্যতম কারণ। একথা আমার নয়। মহান বিজ্ঞানী আইনস্টাইনের।আইনস্টাইন বলেছেন, ""বিজ্ঞান বিষয়ে অল্প জ্ঞান মানুষকে নাস্তিক করে...."" তিনি আরো বলেছেন, "" science without religion is lame and religion without science is blind "". নাস্তিক ভাইদের বলবো আপনারাও কিন্তু ধর্মান্ধদের মতোই কট্টর। ধর্মান্ধরা যেমন অন্যদের কথা শুনতে চায় না আপনারাও তেমনি ধর্মীয় বিষয় নিরপেক্ষ মন নিয়ে শুনতে চান না। তাহলে পার্থক্য কোথায় ???আপনা যখন এতোই বিজ্ঞানে বিশ্বাসী... তাহলে সংস্কার মুক্ত মন নিয়ে ডাঃ জাকির নায়েকের qur'an and modern science রিলেটেড video গুলো দেখুন... (আমি বলছি না তিনি যাই বলেন তার সবই ১০০% ঠিক বা আপনাকে মানতে হবে)। অনেক কিছু জানতে পারবেন, আপনাদের জ্ঞান সমৃদ্ধ হবে, আপনারা হয়তো সমালোচনার আরো মসলাও পেয়ে যাবেন। দয়াকরে ভয় পাবেন না। আশাকরি নাস্তিকরা সবাই খুব সাহসী। আশাকরি সবাই জেনে"
text withheld: corpus licence does not permit redistribution,1,1.0,banglasarc,আমি আমেরিকাতে আমার লোকদের সাথে বৈষম্যমূলক আচরণ করার কথা মনে করি না?,আমি আমেরিকাতে আমার লোকদের সাথে বৈষম্যমূলক আচরণ করার কথা মনে করি না?
text withheld: corpus licence does not permit redistribution,0,0.0,banglasarc,টানা বৃষ্টির কারণে নগরীর বেশ কয়েকটি এলাকা বন্যায় আবারও প্লাবিত,টানা বৃষ্টির কারণে নগরীর বেশ কয়েকটি এলাকা বন্যায় আবারও প্লাবিত
text withheld: corpus licence does not permit redistribution,1,1.0,banglasarc,কৌশল হ'ল কাউকে এমনভাবে জাহান্নামে যেতে বলার ক্ষমতা যাতে তারা ভ্রমণের অপেক্ষায় থাকে।,কৌশল হ'ল কাউকে এমনভাবে জাহান্নামে যেতে বলার ক্ষমতা যাতে তারা ভ্রমণের অপেক্ষায় থাকে।
text withheld: corpus licence does not permit redistribution,1,1.0,banglasarc,আমি যদি নিজেকে হত্যা করতে চাই তবে আমি আপনার অহংকারে উঠে আপনার আইকিউতে ঝাঁপিয়ে পড়তাম।,আমি যদি নিজেকে হত্যা করতে চাই তবে আমি আপনার অহংকারে উঠে আপনার আইকিউতে ঝাঁপিয়ে পড়তাম।
text withheld: corpus licence does not permit redistribution,1,1.0,banglasarc,"এটি স্ক্রিপ্ট করা হয়েছে, তারা এগুলি সমস্ত উদ্দেশ্য করে করেছে।","এটি স্ক্রিপ্ট করা হয়েছে, তারা এগুলি সমস্ত উদ্দেশ্য করে করেছে।"
text withheld: corpus licence does not permit redistribution,1,1.0,banglasarc,"আপনার আত্মীয়দের লড়াই দেখার মতো কিছুই নয়, আমি সবসময় বলি।","আপনার আত্মীয়দের লড়াই দেখার মতো কিছুই নয়, আমি সবসময় বলি।"
text withheld: corpus licence does not permit redistribution,0,0.0,banglasarc,নাতাশা মাল্কোভা,নাতাশা মাল্কোভা
text withheld: corpus licence does not permit redistribution,1,1.0,banglasarc,এটি অবশ্যই প্রতিদিন আপনার দুটি মুখে মেকআপ করা শক্ত হওয়া উচিত।,এটি অবশ্যই প্রতিদিন আপনার দুটি মুখে মেকআপ করা শক্ত হওয়া উচিত।
text withheld: corpus licence does not permit redistribution,0,0.0,banglasarc,তাহসান ভাই অাপনার তুলনা অাপনি নিজেই। দ্য লিজেন্ড ♥,তাহসান ভাই অাপনার তুলনা অাপনি নিজেই। দ্য লিজেন্ড ♥
text withheld: corpus licence does not permit redistribution,1,1.0,banglasarc,আমাকে অবমূল্যায়ন করা.এটা মজা হবে।,আমাকে অবমূল্যায়ন করা.এটা মজা হবে।
text withheld: corpus licence does not permit redistribution,0,0.0,banglasarc,ঘটনা ঠিক হলে ওর পাছার ভিতর আইকাওলা বাঁশ দিয়ে গুলিসথানের চার মাথায় রাখা উচিত,ঘটনা ঠিক হলে ওর পাছার ভিতর আইকাওলা বাঁশ দিয়ে গুলিসথানের চার মাথায় রাখা উচিত
text withheld: corpus licence does not permit redistribution,0,0.0,banglasarc,আগে তো মানুষের জান বাঁচানো ফরজ।,আগে তো মানুষের জান বাঁচানো ফরজ।
text withheld: corpus licence does not permit redistribution,0,0.0,banglasarc,"হটাত আপুকে চমকে দেয়ার জন্য ভাইয়া স্পেন থেকে চলে আসে বাংলাদেশে,","হটাত আপুকে চমকে দেয়ার জন্য ভাইয়া স্পেন থেকে চলে আসে বাংলাদেশে,"
text withheld: corpus licence does not permit redistribution,1,1.0,banglasarc,আমি যখন জৈব শাকসব্জী কিনছি তখন আমি এটি ঘৃণা করি তবে আমি যখন বাড়ি ফিরে আসি তখন আমি আবিষ্কার করি যে তারা কেবল নিয়মিত ডোনাট।,আমি যখন জৈব শাকসব্জী কিনছি তখন আমি এটি ঘৃণা করি তবে আমি যখন বাড়ি ফিরে আসি তখন আমি আবিষ্কার করি যে তারা কেবল নিয়মিত ডোনাট।
text withheld: corpus licence does not permit redistribution,1,1.0,banglasarc,কিছুই আশা করুন এবং আপনি কখনই হতাশ হবেন না!,কিছুই আশা করুন এবং আপনি কখনই হতাশ হবেন না!
text withheld: corpus licence does not permit redistribution,0,0.0,banglasarc,১২ বছরের বেশী সময়ে আওয়ামিলীগ ক্ষমতায়।,১২ বছরের বেশী সময়ে আওয়ামিলীগ ক্ষমতায়।
text withheld: corpus licence does not permit redistribution,1,1.0,banglasarc,স্কুলে তিনি শিখেছেন এমন সমস্ত কিছু ভুলে যাওয়ার পরে শিক্ষা হ'ল।,স্কুলে তিনি শিখেছেন এমন সমস্ত কিছু ভুলে যাওয়ার পরে শিক্ষা হ'ল।
text withheld: corpus licence does not permit redistribution,0,0.0,banglasarc,আসলে পোস্টকারী এটা দ্বারা কি বুঝাতে চেয়েছিলেন। এখানে স্বামী স্ত্রীর ভিতর কথোপকথন শুনা যাচ্ছে। খারাপ কিছু তো হচ্ছে না। এবং তাদের কথার ভিতর অশালীন কিছুও ছিল না।,আসলে পোস্টকারী এটা দ্বারা কি বুঝাতে চেয়েছিলেন। এখানে স্বামী স্ত্রীর ভিতর কথোপকথন শুনা যাচ্ছে। খারাপ কিছু তো হচ্ছে না। এবং তাদের কথার ভিতর অশালীন কিছুও ছিল না।
text withheld: corpus licence does not permit redistribution,0,0.0,banglasarc,"সৃষ্টির ধারনা স্রষ্টার কাছ থেকেই এসেছে যা শুধু তার সৃষ্টির জন্য প্রযোজ্য,সৃষ্টার জন্য নয়।","সৃষ্টির ধারনা স্রষ্টার কাছ থেকেই এসেছে যা শুধু তার সৃষ্টির জন্য প্রযোজ্য,সৃষ্টার জন্য নয়।"
text withheld: corpus licence does not permit redistribution,1,1.0,banglasarc,"এ কারণেই তারা এটিকে আমেরিকান স্বপ্ন বলে, কারণ এটি বিশ্বাস করতে আপনাকে ঘুমিয়ে থাকতে হবে।","এ কারণেই তারা এটিকে আমেরিকান স্বপ্ন বলে, কারণ এটি বিশ্বাস করতে আপনাকে ঘুমিয়ে থাকতে হবে।"
text withheld: corpus licence does not permit redistribution,1,1.0,banglasarc,আজ আগামীকাল আপনি গতকাল সম্পর্কে উদ্বিগ্ন।,আজ আগামীকাল আপনি গতকাল সম্পর্কে উদ্বিগ্ন।
text withheld: corpus licence does not permit redistribution,0,0.0,banglasarc,বিশেষ করে সুনামগঞ্জ জেলার অন্তর্ভুক্ত ম্যাক্সিমাম ঘরে পানি দুকে গেছে #prayforsylhet,বিশেষ করে সুনামগঞ্জ জেলার অন্তর্ভুক্ত ম্যাক্সিমাম ঘরে পানি দুকে গেছে #prayforsylhet
text withheld: corpus licence does not permit redistribution,0,0.0,banglasarc,সরিষা ফুলের হলুদে হলুদে অার গাজর পাতার সবুজাভ রঙে রাঙানো থাকে চারপাশের সব ফসলের জমি। বিদেশী ভাবী নিশ্চয়ই খুব উপভোগ করেছে।,সরিষা ফুলের হলুদে হলুদে অার গাজর পাতার সবুজাভ রঙে রাঙানো থাকে চারপাশের সব ফসলের জমি। বিদেশী ভাবী নিশ্চয়ই খুব উপভোগ করেছে।
text withheld: corpus licence does not permit redistribution,0,0.0,banglasarc,কালো ছাড়া কি অন্য কোনো কালার হবেনা?,কালো ছাড়া কি অন্য কোনো কালার হবেনা?
text withheld: corpus licence does not permit redistribution,0,0.0,banglasarc,দুষ্টু ছেলের দল,দুষ্টু ছেলের দল
text withheld: corpus licence does not permit redistribution,1,1.0,banglasarc,আপনার চোখ ঘূর্ণায়মান রাখুন।আপনি সেখানে ফিরে একটি মস্তিষ্ক খুঁজে পাবেন।,আপনার চোখ ঘূর্ণায়মান রাখুন।আপনি সেখানে ফিরে একটি মস্তিষ্ক খুঁজে পাবেন।
text withheld: corpus licence does not permit redistribution,0,0.0,banglasarc,"তোমাদের জুটি অনেক সুন্দর, কিন্তু মিষ্টি তুমি পর্দা করলে তোমাকে আরো সুন্দর লাগবে।","তোমাদের জুটি অনেক সুন্দর, কিন্তু মিষ্টি তুমি পর্দা করলে তোমাকে আরো সুন্দর লাগবে।"
text withheld: corpus licence does not permit redistribution,0,0.0,banglasarc,আমরা আসলে প্রপার এডুকেশনটা শিখি না...নিজেই নিজের চিন্তা চেতনাকে এগিয়ে রাখি..ওয়েস্টার্নইজডের কথা বলতে গেলে মিনিমাম ৫০/৬০ বছর পিছিয়ে আমরা যেটার মূল কারন we'r not well educative nation..,আমরা আসলে প্রপার এডুকেশনটা শিখি না...নিজেই নিজের চিন্তা চেতনাকে এগিয়ে রাখি..ওয়েস্টার্নইজডের কথা বলতে গেলে মিনিমাম ৫০/৬০ বছর পিছিয়ে আমরা যেটার মূল কারন we'r not well educative nation..
text withheld: corpus licence does not permit redistribution,1,1.0,banglasarc,আগামীকাল আবর্জনা বাছাই করা হয়,আগামীকাল আবর্জনা বাছাই করা হয়
text withheld: corpus licence does not permit redistribution,0,0.0,banglasarc,আল্লাহ আজাবে পুরা পৃথিবীর মানুষ কাঁদে আর তোদের বেশ্যা গিরিতে মেতে আছোত এখন রমজান মাস তোদের বেহায়া পোনা দেখে মনে তোদের জন্ম কোন পতিতালয়ে,আল্লাহ আজাবে পুরা পৃথিবীর মানুষ কাঁদে আর তোদের বেশ্যা গিরিতে মেতে আছোত এখন রমজান মাস তোদের বেহায়া পোনা দেখে মনে তোদের জন্ম কোন পতিতালয়ে
text withheld: corpus licence does not permit redistribution,0,0.0,banglasarc,"বিনম্র শ্রদ্ধা দু,জনের জন্য।","বিনম্র শ্রদ্ধা দু,জনের জন্য।"
text withheld: corpus licence does not permit redistribution,0,0.0,banglasarc,আপু আমাকেও একটু শিখিয়ে দিয়েন আমি পারি না কিছু 😥,আপু আমাকেও একটু শিখিয়ে দিয়েন আমি পারি না কিছু 😥
text withheld: corpus licence does not permit redistribution,0,0.0,banglasarc,লাভ ইউ ম্যাশ ❤,লাভ ইউ ম্যাশ ❤
text withheld: corpus licence does not permit redistribution,0,0.0,banglasarc,সকল নেতা মন্ত্রীদের একাউন্ট হালনাগাদ করা হোক,সকল নেতা মন্ত্রীদের একাউন্ট হালনাগাদ করা হোক
text withheld: corpus licence does not permit redistribution,0,0.0,banglasarc,বৃক্ষপ্রেমীর এ অবস্থা হলে মানুষ আর বৃক্ষ রোপনে উৎসাহী হবেনা।,বৃক্ষপ্রেমীর এ অবস্থা হলে মানুষ আর বৃক্ষ রোপনে উৎসাহী হবেনা।
text withheld: corpus licence does not permit redistribution,0,0.0,banglasarc,তোমার বাপের জনমে পারবে বলে মনে হয়না।,তোমার বাপের জনমে পারবে বলে মনে হয়না।
text withheld: corpus licence does not permit redistribution,0,0.0,banglasarc,বাতাস এসে যদি ফেলে দেয় তোমার হাতটা ধরবো আমি। ❤️,বাতাস এসে যদি ফেলে দেয় তোমার হাতটা ধরবো আমি। ❤️
text withheld: corpus licence does not permit redistribution,1,1.0,banglasarc,আমি দীর্ঘকাল ধরে ভয়াবহ বিচক্ষণতার বিরতিতে উন্মাদ হয়ে গেলাম,আমি দীর্ঘকাল ধরে ভয়াবহ বিচক্ষণতার বিরতিতে উন্মাদ হয়ে গেলাম
text withheld: corpus licence does not permit redistribution,1,1.0,banglasarc,"যত বেশি পড়তে শিখুন, কীভাবে জীবিকা নির্বাহ করবেন তা শিখুন।এটি একটি সামান্য শিক্ষার একটি জিনিস।এটি আপনাকে প্রকৃত কাজের জন্য লুণ্ঠন করে।আপনি যত বেশি জানেন আপনি মনে করেন যে কেউ আপনার জীবিকা ow ণী।","যত বেশি পড়তে শিখুন, কীভাবে জীবিকা নির্বাহ করবেন তা শিখুন।এটি একটি সামান্য শিক্ষার একটি জিনিস।এটি আপনাকে প্রকৃত কাজের জন্য লুণ্ঠন করে।আপনি যত বেশি জানেন আপনি মনে করেন যে কেউ আপনার জীবিকা ow ণী।"
text withheld: corpus licence does not permit redistribution,0,0.0,banglasarc,১৯৪৩ সালের দুর্ভিক্ষে অনাহার ক্লিষ্ট হাড্ডিসার এক মাগীর স্থির চিত্র,১৯৪৩ সালের দুর্ভিক্ষে অনাহার ক্লিষ্ট হাড্ডিসার এক মাগীর স্থির চিত্র
text withheld: corpus licence does not permit redistribution,0,0.0,banglasarc,আপনার প্রায় প্রতিটা ভিডিও দেখি। শেষ দিকে সমাধানের পথ বল্লে আরও ভালো হয়।,আপনার প্রায় প্রতিটা ভিডিও দেখি। শেষ দিকে সমাধানের পথ বল্লে আরও ভালো হয়।
text withheld: corpus licence does not permit redistribution,1,1.0,banglasarc,আমি 97% নিশ্চিত যে আপনি আমাকে পছন্দ করেন না তবে আমি 100% নিশ্চিত যে আমি যত্ন নিই না।,আমি 97% নিশ্চিত যে আপনি আমাকে পছন্দ করেন না তবে আমি 100% নিশ্চিত যে আমি যত্ন নিই না।
text withheld: corpus licence does not permit redistribution,1,1.0,banglasarc,"""মঙ্গলবার সোমবারের কুৎসিত বোন।""","""মঙ্গলবার সোমবারের কুৎসিত বোন।"""
text withheld: corpus licence does not permit redistribution,1,1.0,banglasarc,"ছিঃ ছিঃমানে, তোমার মুখের দিকে তাকাও।","ছিঃ ছিঃমানে, তোমার মুখের দিকে তাকাও।"
text withheld: corpus licence does not permit redistribution,0,0.0,banglasarc,চমৎকার দৃশ্য,চমৎকার দৃশ্য
text withheld: corpus licence does not permit redistribution,0,0.0,banglasarc,"আপু কারো কিছুই হয় না,তারাই ভাল থাকে।সুখেও থাকে,দুনিয়াতে ভাল থাকে পরেও ভাল থাকবে,","আপু কারো কিছুই হয় না,তারাই ভাল থাকে।সুখেও থাকে,দুনিয়াতে ভাল থাকে পরেও ভাল থাকবে,"
text withheld: corpus licence does not permit redistribution,1,1.0,banglasarc,ধৈর্যযখন অনেক সাক্ষী থাকে তখন আপনার যা আছে।,ধৈর্যযখন অনেক সাক্ষী থাকে তখন আপনার যা আছে।
text withheld: corpus licence does not permit redistribution,1,1.0,banglasarc,"এটি, বা এলিক্সির বারটি সরান এবং তার হাতে প্রতিপক্ষের কার্ডগুলি লুকিয়ে রাখুন","এটি, বা এলিক্সির বারটি সরান এবং তার হাতে প্রতিপক্ষের কার্ডগুলি লুকিয়ে রাখুন"
text withheld: corpus licence does not permit redistribution,0,0.0,banglasarc,কথা গুলো সত্য আমার সাথে মিল আছে,কথা গুলো সত্য আমার সাথে মিল আছে
text withheld: corpus licence does not permit redistribution,0,0.0,banglasarc,আস্ত একটা খানকি,আস্ত একটা খানকি
text withheld: corpus licence does not permit redistribution,0,0.0,banglasarc,মায়ের মুক্তি চাই,মায়ের মুক্তি চাই
text withheld: corpus licence does not permit redistribution,0,0.0,banglasarc,আবার নতুন একটা ভাইরাস,আবার নতুন একটা ভাইরাস
text withheld: corpus licence does not permit redistribution,1,1.0,banglasarc,জীবন একটি স্যুপ এবং আমি একটি ফ্রিকিং কাঁটাচামচ।,জীবন একটি স্যুপ এবং আমি একটি ফ্রিকিং কাঁটাচামচ।
text withheld: corpus licence does not permit redistribution,0,0.0,banglasarc,আর আমার সারাদিন অনেক অনেক হাচ্চি আসে? সাজার সময় আসলে?কি করবো?,আর আমার সারাদিন অনেক অনেক হাচ্চি আসে? সাজার সময় আসলে?কি করবো?
text withheld: corpus licence does not permit redistribution,1,1.0,banglasarc,"এটি 100% করযোগ্য নয়, তবে তারা এটি করযোগ্য কিনা তা পরীক্ষা করে দেখবে, এ কারণেই এটি কোনও নয় যে তারা আপনার বাড়িতে সরবরাহ করবে না","এটি 100% করযোগ্য নয়, তবে তারা এটি করযোগ্য কিনা তা পরীক্ষা করে দেখবে, এ কারণেই এটি কোনও নয় যে তারা আপনার বাড়িতে সরবরাহ করবে না"
text withheld: corpus licence does not permit redistribution,0,0.0,banglasarc,হাওরের অবস্থা খুবই খারাপ,হাওরের অবস্থা খুবই খারাপ
text withheld: corpus licence does not permit redistribution,0,0.0,banglasarc,"বাপের বেটা হিরো আলম, ঐ শালা জায়েদ কে কে চেনে? ফকিন্নি...","বাপের বেটা হিরো আলম, ঐ শালা জায়েদ কে কে চেনে? ফকিন্নি..."
text withheld: corpus licence does not permit redistribution,0,0.0,banglasarc,তীব্র প্রতিবাদ জানাচ্ছি এবং সুষ্ঠু বিচার প্রার্থনা করছি,তীব্র প্রতিবাদ জানাচ্ছি এবং সুষ্ঠু বিচার প্রার্থনা করছি
text withheld: corpus licence does not permit redistribution,0,0.0,banglasarc,ধন্যবাদ ভাইয়া! বিষয়গুলো খেয়াল রাখতে হবে।,ধন্যবাদ ভাইয়া! বিষয়গুলো খেয়াল রাখতে হবে।
text withheld: corpus licence does not permit redistribution,0,0.0,banglasarc,আমাদের গল্প কথা গুলো,আমাদের গল্প কথা গুলো
text withheld: corpus licence does not permit redistribution,1,1.0,banglasarc,আমি একটি প্রাথমিক পাখি এবং একটি রাতের পেঁচা ... তাই আমি জ্ঞানী এবং আমার কৃমি আছে।,আমি একটি প্রাথমিক পাখি এবং একটি রাতের পেঁচা ... তাই আমি জ্ঞানী এবং আমার কৃমি আছে।
text withheld: corpus licence does not permit redistribution,0,0.0,banglasarc,এসব দেশের কলঙ্ক।,এসব দেশের কলঙ্ক।
text withheld: corpus licence does not permit redistribution,0,0.0,banglasarc,আপ্নার রেসিপি খুব ই চমৎকার এবং সহজ ও বটে ট্রাই করা হয় অবসরে,আপ্নার রেসিপি খুব ই চমৎকার এবং সহজ ও বটে ট্রাই করা হয় অবসরে
text withheld: corpus licence does not permit redistribution,1,1.0,banglasarc,"আমি সবসময় নতুন ভাড়া বলি, ‘আমাকে তোমার বস হিসাবে ভাবেন না, আমাকে এমন এক বন্ধু হিসাবে ভাবেন যিনি আপনাকে বরখাস্ত করতে পারেন।","আমি সবসময় নতুন ভাড়া বলি, ‘আমাকে তোমার বস হিসাবে ভাবেন না, আমাকে এমন এক বন্ধু হিসাবে ভাবেন যিনি আপনাকে বরখাস্ত করতে পারেন।"
text withheld: corpus licence does not permit redistribution,0,0.0,banglasarc,"সকাল হলেই বাজার করা, বুয়া না আসলে খেতে না পাওয়া, কাপড় কাঁচার ঝামেলা","সকাল হলেই বাজার করা, বুয়া না আসলে খেতে না পাওয়া, কাপড় কাঁচার ঝামেলা"
text withheld: corpus licence does not permit redistribution,0,0.0,banglasarc,বারো রকমের ভাত রান্না করতে পারলে বারো ভা…..রী।এখানে তো বিশ রকম ভাত রান্না চলছে!,বারো রকমের ভাত রান্না করতে পারলে বারো ভা…..রী।এখানে তো বিশ রকম ভাত রান্না চলছে!
text withheld: corpus licence does not permit redistribution,0,0.0,banglasarc,মনোযোগ দিয়ে প্রতিটা কথা শুনুন এবং সে অনুযায়ী জীবন পথের কাজে লাগবে।,মনোযোগ দিয়ে প্রতিটা কথা শুনুন এবং সে অনুযায়ী জীবন পথের কাজে লাগবে।
text withheld: corpus licence does not permit redistribution,1,1.0,banglasarc,জীবন সারাক্ষণ গুরুতর হতে হবে।সুতরাং আপনি যদি নিজেকে হাসতে না পারেন তবে আমাকে ফোন করুন .. আমি আপনাকে দেখে হাসব,জীবন সারাক্ষণ গুরুতর হতে হবে।সুতরাং আপনি যদি নিজেকে হাসতে না পারেন তবে আমাকে ফোন করুন .. আমি আপনাকে দেখে হাসব
text withheld: corpus licence does not permit redistribution,1,1.0,banglasarc,"প্রশ্নটি নয় যে আমাকে কে হতে দিচ্ছে, এটিই আমাকে থামিয়ে দেবে।","প্রশ্নটি নয় যে আমাকে কে হতে দিচ্ছে, এটিই আমাকে থামিয়ে দেবে।"
text withheld: corpus licence does not permit redistribution,1,1.0,banglasarc,আমি আপনাকে ঠিক ঘৃণা করি না তবে আপনি যদি আগুনে থাকেন এবং আমার জল থাকে তবে আমি এটি পান করতাম।,আমি আপনাকে ঠিক ঘৃণা করি না তবে আপনি যদি আগুনে থাকেন এবং আমার জল থাকে তবে আমি এটি পান করতাম।
text withheld: corpus licence does not permit redistribution,1,1.0,banglasarc,আমি কটাক্ষ ভালবাসি।এটি মুখে লোককে ঘুষি মারার মতো তবে শব্দের সাথে।,আমি কটাক্ষ ভালবাসি।এটি মুখে লোককে ঘুষি মারার মতো তবে শব্দের সাথে।
text withheld: corpus licence does not permit redistribution,0,0.0,banglasarc,"প্রাকৃতিক দূর্যোগ,বলার কিছু নাই।","প্রাকৃতিক দূর্যোগ,বলার কিছু নাই।"
text withheld: corpus licence does not permit redistribution,0,0.0,banglasarc,ইস্ অামি যদি পারতাম!,ইস্ অামি যদি পারতাম!
text withheld: corpus licence does not permit redistribution,0,0.0,banglasarc,নিজের সত্যি বিয়ে হলে বলতে আরো সাজবো,নিজের সত্যি বিয়ে হলে বলতে আরো সাজবো
text withheld: corpus licence does not permit redistribution,0,0.0,banglasarc,সকালে ঘুম থেকে উঠে ফজরের নামাজ পড়ে আমার প্রোফাইলে ঢুকে সুরা লাহাব পড়ে তিনবার ফুঁ দেবেন আমার প্রোফাইল ফটোতে। আল্লাহর ইচ্ছায় নাস্তিকদের প্রোফাইল বন্ধ হয়ে যাবে। এই কথা বিশ্বাস না করলে জাহান্নামে যাবেন। বিশ্বাস করলে মিয়া খলিফা আর সানি লিওনির মত বড় স্তনের হুর পাবেন। নিশ্চয়ই আল্লাহই সর্বশ্রেষ্ঠ বেশ্যার দালাল। আমীন।,সকালে ঘুম থেকে উঠে ফজরের নামাজ পড়ে আমার প্রোফাইলে ঢুকে সুরা লাহাব পড়ে তিনবার ফুঁ দেবেন আমার প্রোফাইল ফটোতে। আল্লাহর ইচ্ছায় নাস্তিকদের প্রোফাইল বন্ধ হয়ে যাবে। এই কথা বিশ্বাস না করলে জাহান্নামে যাবেন। বিশ্বাস করলে মিয়া খলিফা আর সানি লিওনির মত বড় স্তনের হুর পাবেন। নিশ্চয়ই আল্লাহই সর্বশ্রেষ্ঠ বেশ্যার দালাল। আমীন।
text withheld: corpus licence does not permit redistribution,0,0.0,banglasarc,কোর্স ফি কত?,কোর্স ফি কত?
text withheld: corpus licence does not permit redistribution,0,0.0,banglasarc,গুড় হিরো আলাম এগিয়ে যাও প্রবাসী ভাইয়েরা আছে তোমার সাথে,গুড় হিরো আলাম এগিয়ে যাও প্রবাসী ভাইয়েরা আছে তোমার সাথে
text withheld: corpus licence does not permit redistribution,0,0.0,banglasarc,ধন্যবাদ আপনার মূল্যবান মন্তব্যের জন্য।,ধন্যবাদ আপনার মূল্যবান মন্তব্যের জন্য।
text withheld: corpus licence does not permit redistribution,0,0.0,banglasarc,নিজের খেয়াল রাখবেন ভাই। অসুস্থ হয়ে গেলে হয়তো সেবামুলক কাজ এর ব্যঘাত হতে পারে,নিজের খেয়াল রাখবেন ভাই। অসুস্থ হয়ে গেলে হয়তো সেবামুলক কাজ এর ব্যঘাত হতে পারে
text withheld: corpus licence does not permit redistribution,1,1.0,banglasarc,"জিজ্ঞাসা।যে ব্যক্তি ক্রমাগত আপনার পরামর্শের জন্য জিজ্ঞাসা করে, তবুও আপনি যা বলেছিলেন তার বিপরীতে সর্বদা","জিজ্ঞাসা।যে ব্যক্তি ক্রমাগত আপনার পরামর্শের জন্য জিজ্ঞাসা করে, তবুও আপনি যা বলেছিলেন তার বিপরীতে সর্বদা"
text withheld: corpus licence does not permit redistribution,0,0.0,banglasarc,ভালোবাসা রইলো।,ভালোবাসা রইলো।
text withheld: corpus licence does not permit redistribution,1,1.0,banglasarc,"""কিছু তারা যেখানেই যায় সেখানে সুখের কারণ হয়; অন্যরা যখনই যায়"" ""","""কিছু তারা যেখানেই যায় সেখানে সুখের কারণ হয়; অন্যরা যখনই যায়"" """
text withheld: corpus licence does not permit redistribution,1,1.0,banglasarc,একজন ব্যঙ্গাত্মক ব্যক্তির একটি শ্রেষ্ঠত্বের জটিল রয়েছে যা কেবল নম্রতার সততার দ্বারা নিরাময় করা যায়।,একজন ব্যঙ্গাত্মক ব্যক্তির একটি শ্রেষ্ঠত্বের জটিল রয়েছে যা কেবল নম্রতার সততার দ্বারা নিরাময় করা যায়।
text withheld: corpus licence does not permit redistribution,1,1.0,banglasarc,"প্রত্যেকে সুস্থ, অন্য সব অতিরিক্ত অতিরিক্ত।","প্রত্যেকে সুস্থ, অন্য সব অতিরিক্ত অতিরিক্ত।"
text withheld: corpus licence does not permit redistribution,0,0.0,banglasarc,তারা তারি বলতে বলেন?,তারা তারি বলতে বলেন?
text withheld: corpus licence does not permit redistribution,0,0.0,banglasarc,সিলন টি বাংলাদেশে এর সাথেই থাকুন।,সিলন টি বাংলাদেশে এর সাথেই থাকুন।
text withheld: corpus licence does not permit redistribution,1,1.0,banglasarc,আপনার মুখ বন্ধ করে আপনি আরও ভাল শোনেন।,আপনার মুখ বন্ধ করে আপনি আরও ভাল শোনেন।
text withheld: corpus licence does not permit redistribution,0,0.0,banglasarc,ভাই এই সব নিউজ দিয়ে জনগণের মন অন্যান্য দিক থেকে সরানোর প্রচেষ্টা।এই মিডিয়ার ভাষ্যমতে এরা কারো এজেন্ট হিসেবে সাংঘাতিক হয়েগেছে।,ভাই এই সব নিউজ দিয়ে জনগণের মন অন্যান্য দিক থেকে সরানোর প্রচেষ্টা।এই মিডিয়ার ভাষ্যমতে এরা কারো এজেন্ট হিসেবে সাংঘাতিক হয়েগেছে।
text withheld: corpus licence does not permit redistribution,0,0.0,banglasarc,"আপনার প্রতিটা ভিডিও দেখা, অনেক ভালো লাগে ভাই","আপনার প্রতিটা ভিডিও দেখা, অনেক ভালো লাগে ভাই"
text withheld: corpus licence does not permit redistribution,0,0.0,banglasarc,"কমেন্ট বক্স তো না, যেন বিরাট গরু ছাগলের হাঁট। কোরবানির ঈদেই গরু কিনতে গেলে পাইনা।","কমেন্ট বক্স তো না, যেন বিরাট গরু ছাগলের হাঁট। কোরবানির ঈদেই গরু কিনতে গেলে পাইনা।"
text withheld: corpus licence does not permit redistribution,0,0.0,banglasarc,নাস্তিক দের নিয়া এত পাবলিছিটি/নিউজ করার দরকার কি ?? যার নিজের সম্পর্কে ধারনা নাই সে কিভাবে জ্ঞান চর্চা করবে কিভাবে রক্ষা করবে বাক স্বাধীনতা! সেত বাক প্রতিবন্ধী।,নাস্তিক দের নিয়া এত পাবলিছিটি/নিউজ করার দরকার কি ?? যার নিজের সম্পর্কে ধারনা নাই সে কিভাবে জ্ঞান চর্চা করবে কিভাবে রক্ষা করবে বাক স্বাধীনতা! সেত বাক প্রতিবন্ধী।
text withheld: corpus licence does not permit redistribution,0,0.0,banglasarc,পাহার❤️,পাহার❤️
text withheld: corpus licence does not permit redistribution,0,0.0,banglasarc,একমাস গেছে না আবার বন্যা😑,একমাস গেছে না আবার বন্যা😑
text withheld: corpus licence does not permit redistribution,0,0.0,banglasarc,ভাইয়া এগিয়ে চলো,ভাইয়া এগিয়ে চলো
text withheld: corpus licence does not permit redistribution,0,0.0,banglasarc,আপু এক ড্রেস টা কি কোনো পেইজ থেকে নিছো??,আপু এক ড্রেস টা কি কোনো পেইজ থেকে নিছো??
text withheld: corpus licence does not permit redistribution,0,0.0,banglasarc,বেঁচে থাক বন্ধুত্ব। শুভকামনা।,বেঁচে থাক বন্ধুত্ব। শুভকামনা।
text withheld: corpus licence does not permit redistribution,0,0.0,banglasarc,সিলেটের জৈন্তাপুরের উপজেলায় ৯০% মানুষের ঘর পানির নিচে,সিলেটের জৈন্তাপুরের উপজেলায় ৯০% মানুষের ঘর পানির নিচে
text withheld: corpus licence does not permit redistribution,1,1.0,banglasarc,আমার একা সময় কখনও কখনও আপনার সুরক্ষার জন্য,আমার একা সময় কখনও কখনও আপনার সুরক্ষার জন্য
text withheld: corpus licence does not permit redistribution,1,1.0,banglasarc,"এক দরজা প্রচেষ্টা, অন্য প্রর্দশিত হবে।অথবা আপনি বন্ধ দরজা খুলতে পারেন।এভাবেই দরজা কাজ করে।","এক দরজা প্রচেষ্টা, অন্য প্রর্দশিত হবে।অথবা আপনি বন্ধ দরজা খুলতে পারেন।এভাবেই দরজা কাজ করে।"
text withheld: corpus licence does not permit redistribution,0,0.0,banglasarc,শুনে আনন্দ পেলাম কারন স্যারের পড়াশোনা শুরু গ্রামের প্রাইমারি থেকে।,শুনে আনন্দ পেলাম কারন স্যারের পড়াশোনা শুরু গ্রামের প্রাইমারি থেকে।
text withheld: corpus licence does not permit redistribution,1,1.0,banglasarc,"ওহ, এই আবার ...","ওহ, এই আবার ..."
text withheld: corpus licence does not permit redistribution,0,0.0,banglasarc,অনুগ্রহপূর্বক জানাবেন যে আপনি কি নেটওয়ার্ক রিলেটেড কোন সমস্যার সম্মুখীন হচ্ছেন?,অনুগ্রহপূর্বক জানাবেন যে আপনি কি নেটওয়ার্ক রিলেটেড কোন সমস্যার সম্মুখীন হচ্ছেন?
text withheld: corpus licence does not permit redistribution,1,1.0,banglasarc,একজন মহিলার মন একজন পুরুষের চেয়ে ক্লিনার কারণ সে এটি প্রায়শই পরিবর্তন করে।,একজন মহিলার মন একজন পুরুষের চেয়ে ক্লিনার কারণ সে এটি প্রায়শই পরিবর্তন করে।
text withheld: corpus licence does not permit redistribution,0,0.0,banglasarc,নাস্তিক মাগীর একটা কমেন্ট দেখতে চাই,নাস্তিক মাগীর একটা কমেন্ট দেখতে চাই
text withheld: corpus licence does not permit redistribution,0,0.0,banglasarc,"কি দরকার ছিলো এত্ত ভাব নেয়ার ?বেশি ভাব নিতে গিয়া এখন বিপদে পরছে ।আল্লাহ্ আপনাকে হেদায়েত দান করুক,, আমিন।।","কি দরকার ছিলো এত্ত ভাব নেয়ার ?বেশি ভাব নিতে গিয়া এখন বিপদে পরছে ।আল্লাহ্ আপনাকে হেদায়েত দান করুক,, আমিন।।"
text withheld: corpus licence does not permit redistribution,0,0.0,banglasarc,হবিগঞ্জ জেলা বিএনপি র ব্যর্থ আহবায়ক কমিটি বাতিল করে কাউন্সিল চাই।,হবিগঞ্জ জেলা বিএনপি র ব্যর্থ আহবায়ক কমিটি বাতিল করে কাউন্সিল চাই।
text withheld: corpus licence does not permit redistribution,0,0.0,banglasarc,"বাংলাদেশে সকল অপকর্ম সংঘটিত হয় কুরাজনীতির বলয়ে। আর এ বলয়ের সুবিধাবাদী গোষ্ঠি সেটিকে চালিয়ে দেয় ধর্মীয় মোড়কে। অসাম্প্রদায়িক বাংলাদেশকে এ সুবিধাবাদী ধান্ধাবাজ গোষ্ঠিই সাম্প্রদায়িকতার আবরণ দিচ্ছে বিশ্ব জুড়ে। আখেরে ক্ষতিটা কার? নিশ্চয়ই আমজনতার। কারণ সুবিধাবাদী গোষ্ঠির পুরো পরিবার বাস করে ইউরোপ,আমেরিকা বা হাল আমলে মালয়েশিয়ায়। বিষয়টি সাধারণ মানুষকেই ভালভাবে অনুধাবনে নিতে হবে। কেননা, এদেশই আমজনতার শেষ ঠিকানা।","বাংলাদেশে সকল অপকর্ম সংঘটিত হয় কুরাজনীতির বলয়ে। আর এ বলয়ের সুবিধাবাদী গোষ্ঠি সেটিকে চালিয়ে দেয় ধর্মীয় মোড়কে। অসাম্প্রদায়িক বাংলাদেশকে এ সুবিধাবাদী ধান্ধাবাজ গোষ্ঠিই সাম্প্রদায়িকতার আবরণ দিচ্ছে বিশ্ব জুড়ে। আখেরে ক্ষতিটা কার? নিশ্চয়ই আমজনতার। কারণ সুবিধাবাদী গোষ্ঠির পুরো পরিবার বাস করে ইউরোপ,আমেরিকা বা হাল আমলে মালয়েশিয়ায়। বিষয়টি সাধারণ মানুষকেই ভালভাবে অনুধাবনে নিতে হবে। কেননা, এদেশই আমজনতার শেষ ঠিকানা।"
text withheld: corpus licence does not permit redistribution,0,0.0,banglasarc,আমার নেপাল যাওয়ার খুব ইচ্ছা,আমার নেপাল যাওয়ার খুব ইচ্ছা
text withheld: corpus licence does not permit redistribution,0,0.0,banglasarc,প্রত্যেকটা কাজ ই আসলে কষ্টের।এত গুলো লাইভ একদিনে।লাইভ এর প্রোডাক্ট গুলো সম্পর্কে ধারনা রাখা।সবার এত এত প্রশ্নের উত্তর দেয়া।,প্রত্যেকটা কাজ ই আসলে কষ্টের।এত গুলো লাইভ একদিনে।লাইভ এর প্রোডাক্ট গুলো সম্পর্কে ধারনা রাখা।সবার এত এত প্রশ্নের উত্তর দেয়া।
text withheld: corpus licence does not permit redistribution,0,0.0,banglasarc,ঘরের মেশিনডারেও ওর মত অসুস্থ বানাইতাছে,ঘরের মেশিনডারেও ওর মত অসুস্থ বানাইতাছে
text withheld: corpus licence does not permit redistribution,1,1.0,banglasarc,আপনি যদি মানুষকে সত্য বলতে যাচ্ছেন তবে মজার হোন বা তারা আপনাকে হত্যা করবে,আপনি যদি মানুষকে সত্য বলতে যাচ্ছেন তবে মজার হোন বা তারা আপনাকে হত্যা করবে
text withheld: corpus licence does not permit redistribution,1,1.0,banglasarc,ক্ষমতায় থাকা লোকদের তারা যা করছে তা চালিয়ে যাওয়ার মাধ্যমে আমাদের হারাতে হবে।,ক্ষমতায় থাকা লোকদের তারা যা করছে তা চালিয়ে যাওয়ার মাধ্যমে আমাদের হারাতে হবে।
text withheld: corpus licence does not permit redistribution,1,1.0,banglasarc,আমি একজন বিচারক দ্বারা বিবাহিত ছিল।আমি একটি জুরি জন্য জিজ্ঞাসা করা উচিত।,আমি একজন বিচারক দ্বারা বিবাহিত ছিল।আমি একটি জুরি জন্য জিজ্ঞাসা করা উচিত।
text withheld: corpus licence does not permit redistribution,1,1.0,banglasarc,আমরা কটনল্যান্ডের ডাকনাম পেয়েছি এবং পূর্ব কানাডা তুলা বাড়ানোর জায়গা নয়।,আমরা কটনল্যান্ডের ডাকনাম পেয়েছি এবং পূর্ব কানাডা তুলা বাড়ানোর জায়গা নয়।
text withheld: corpus licence does not permit redistribution,0,0.0,banglasarc,সন্তা,সন্তা
text withheld: corpus licence does not permit redistribution,1,1.0,banglasarc,তোমাকে কখনই ছাড়বে না,তোমাকে কখনই ছাড়বে না
text withheld: corpus licence does not permit redistribution,0,0.0,banglasarc,"আপনে বোন একটা বলদ। (প্রমানিত) লেখা পড়া কোথায় করেছেন?? নাকি করেন নাই?? প্লিজ আমি জানতে চাই।। ডন্ট ওরি, ইউ আর নট মাই ক্রাশ, আই হ্যাভ এ বিউটিফুল ওয়াইফ। আমি শুধু আপনার বলদামী সম্পর্কে জানতে চাই, কিভাবে পারেন? অনুভুতি কি?","আপনে বোন একটা বলদ। (প্রমানিত) লেখা পড়া কোথায় করেছেন?? নাকি করেন নাই?? প্লিজ আমি জানতে চাই।। ডন্ট ওরি, ইউ আর নট মাই ক্রাশ, আই হ্যাভ এ বিউটিফুল ওয়াইফ। আমি শুধু আপনার বলদামী সম্পর্কে জানতে চাই, কিভাবে পারেন? অনুভুতি কি?"
text withheld: corpus licence does not permit redistribution,0,0.0,banglasarc,অফারটি নিতে ভিজিট করুন মাইজিপি অ্যাপ এর হোম পেইজে। কুইক লিঙ্কঃ,অফারটি নিতে ভিজিট করুন মাইজিপি অ্যাপ এর হোম পেইজে। কুইক লিঙ্কঃ
text withheld: corpus licence does not permit redistribution,0,0.0,banglasarc,দেশনেত্রী বেগম খালেদা জিয়া জীপে না চড়ে প্রাইভেট কারে উঠে ঝুলবাজদের কবল থেকে কিছু সময়ের জন্য অন্তত নিজেকে সুরক্ষা করেছেন।,দেশনেত্রী বেগম খালেদা জিয়া জীপে না চড়ে প্রাইভেট কারে উঠে ঝুলবাজদের কবল থেকে কিছু সময়ের জন্য অন্তত নিজেকে সুরক্ষা করেছেন।
text withheld: corpus licence does not permit redistribution,1,1.0,banglasarc,"আমাকে বিচার করবেন নাআমি দুর্দান্ত হওয়ার জন্য জন্মগ্রহণ করেছি, নিখুঁত নয়","আমাকে বিচার করবেন নাআমি দুর্দান্ত হওয়ার জন্য জন্মগ্রহণ করেছি, নিখুঁত নয়"
text withheld: corpus licence does not permit redistribution,0,0.0,banglasarc,অলরেডি একটা চান্স ছিল মিস করছি আশা করি নেক্ট এ আশা পূরণ হবে😍,অলরেডি একটা চান্স ছিল মিস করছি আশা করি নেক্ট এ আশা পূরণ হবে😍
text withheld: corpus licence does not permit redistribution,0,0.0,banglasarc,বইখাতা রাখা যাবে এমন কোন ব্যগ আসে,বইখাতা রাখা যাবে এমন কোন ব্যগ আসে
text withheld: corpus licence does not permit redistribution,0,0.0,banglasarc,বুড়া পাগলে কি কয়,বুড়া পাগলে কি কয়
text withheld: corpus licence does not permit redistribution,0,0.0,banglasarc,অনেক অনেক শুভ কামনা রইল,অনেক অনেক শুভ কামনা রইল
text withheld: corpus licence does not permit redistribution,0,0.0,banglasarc,মাশা আল্লাহ্। মহান আল্লাহ্ রব্বুল আলামিন আমাদের নেত্রী আমাদের মা কে নেক হায়াত ও সুস্থতা দান করুন। আমিন।যুবদল ঢাকা মহানগর দক্ষিন।,মাশা আল্লাহ্। মহান আল্লাহ্ রব্বুল আলামিন আমাদের নেত্রী আমাদের মা কে নেক হায়াত ও সুস্থতা দান করুন। আমিন।যুবদল ঢাকা মহানগর দক্ষিন।
text withheld: corpus licence does not permit redistribution,0,0.0,banglasarc,এক সাপ্তাহ ধরে রোদ ও উটে নাই দিন রাত বৃষ্টি আর বৃষ্টি,এক সাপ্তাহ ধরে রোদ ও উটে নাই দিন রাত বৃষ্টি আর বৃষ্টি
text withheld: corpus licence does not permit redistribution,0,0.0,banglasarc,দালালমুক্ত বিএনপি চাই,দালালমুক্ত বিএনপি চাই
text withheld: corpus licence does not permit redistribution,0,0.0,banglasarc,"কুত্তা ঘি খায়না, এইটা নিয়ে সংবাদ প্রকাশ করার কোন দরকার আছে?","কুত্তা ঘি খায়না, এইটা নিয়ে সংবাদ প্রকাশ করার কোন দরকার আছে?"
text withheld: corpus licence does not permit redistribution,0,0.0,banglasarc,একদম প্রফেশনাল ভিডিও ভাইয়া,একদম প্রফেশনাল ভিডিও ভাইয়া
text withheld: corpus licence does not permit redistribution,0,0.0,banglasarc,চোর চোর চোর চোর চোর,চোর চোর চোর চোর চোর
text withheld: corpus licence does not permit redistribution,0,0.0,banglasarc,মাইজিপি অ্যাপ প্রথমবারের মত ডাউনলোড করলে অথবা শেষ ৬০ দিনে মাইজিপি অ্যাপ ভিজিট না করে থাকলে আপনি ৩ দিন মেয়াদে ১ জিবি পর্যন্ত ফ্রী ইন্টারনেট অফারটি সর্বোচ্চ একবার নিতে পারবেন।,মাইজিপি অ্যাপ প্রথমবারের মত ডাউনলোড করলে অথবা শেষ ৬০ দিনে মাইজিপি অ্যাপ ভিজিট না করে থাকলে আপনি ৩ দিন মেয়াদে ১ জিবি পর্যন্ত ফ্রী ইন্টারনেট অফারটি সর্বোচ্চ একবার নিতে পারবেন।
text withheld: corpus licence does not permit redistribution,0,0.0,banglasarc,"যে পরকালে বিশ্বাস করে না সে মুসলমান বা অন্য কোন ধর্মীয় তাতে কিছু আসে যায় না। তবে ইহকালের ঠেলা আপাতত সামাল দিয়ে চল, তারপর সময়কালে যখন বিশ্বাস হবে তখন অবিশ্বাস করার সুযোগ পাবে না।","যে পরকালে বিশ্বাস করে না সে মুসলমান বা অন্য কোন ধর্মীয় তাতে কিছু আসে যায় না। তবে ইহকালের ঠেলা আপাতত সামাল দিয়ে চল, তারপর সময়কালে যখন বিশ্বাস হবে তখন অবিশ্বাস করার সুযোগ পাবে না।"
text withheld: corpus licence does not permit redistribution,0,0.0,banglasarc,কয়েক দিন ধরে দেখছি বন্যার্তদের জন্য অনেক কষ্ট করছেন। কৃতজ্ঞতা আপনার প্রতি। আল্লাহ আপনাকে উত্তম প্রতিদান দেবেন নিশ্চয়ই।,কয়েক দিন ধরে দেখছি বন্যার্তদের জন্য অনেক কষ্ট করছেন। কৃতজ্ঞতা আপনার প্রতি। আল্লাহ আপনাকে উত্তম প্রতিদান দেবেন নিশ্চয়ই।
text withheld: corpus licence does not permit redistribution,0,0.0,banglasarc,টোলবিজ্র এর টোল দিতে গিয়ে কান্নাকাটি করে আবারো আগের রুপে ফিরে আসবে সাধারণ কৃষক,টোলবিজ্র এর টোল দিতে গিয়ে কান্নাকাটি করে আবারো আগের রুপে ফিরে আসবে সাধারণ কৃষক
text withheld: corpus licence does not permit redistribution,0,0.0,banglasarc,বাইক অলারা চায় বাইক নিয়ে আকাশে উড়াল দিতে এখন তারা বাইক ছাড়াই আকাশে উড়াল দিছে🙃,বাইক অলারা চায় বাইক নিয়ে আকাশে উড়াল দিতে এখন তারা বাইক ছাড়াই আকাশে উড়াল দিছে🙃
text withheld: corpus licence does not permit redistribution,0,0.0,banglasarc,আমি এসি রুম এবং শীতের সময় এটি ব্যবহারের কথা মেনশন করেছি। কোনো জিনিস সম্পর্কে ধারণা না থাকলে সেটা নিয়ে আমি রিভিউ করি না। আগে ভিডিওটি ভালো করে দেখুন।,আমি এসি রুম এবং শীতের সময় এটি ব্যবহারের কথা মেনশন করেছি। কোনো জিনিস সম্পর্কে ধারণা না থাকলে সেটা নিয়ে আমি রিভিউ করি না। আগে ভিডিওটি ভালো করে দেখুন।
text withheld: corpus licence does not permit redistribution,0,0.0,banglasarc,গুজব ছড়ানো থেকে সবাই সাবধান থাকি,গুজব ছড়ানো থেকে সবাই সাবধান থাকি
text withheld: corpus licence does not permit redistribution,0,0.0,banglasarc,চোরকে সমর্থন করলে নিজেও চোর।,চোরকে সমর্থন করলে নিজেও চোর।
text withheld: corpus licence does not permit redistribution,0,0.0,banglasarc,"প্রত্যেক টা ছবিই অর্ধেক ন্যাংটা,ভালা ছবি নাই?","প্রত্যেক টা ছবিই অর্ধেক ন্যাংটা,ভালা ছবি নাই?"
text withheld: corpus licence does not permit redistribution,1,1.0,banglasarc,কিছুই তাদের ব্যবসায়ের কোনও নয় তার চেয়ে দ্রুত একটি দল ... গর্ত একসাথে নিয়ে আসে না।,কিছুই তাদের ব্যবসায়ের কোনও নয় তার চেয়ে দ্রুত একটি দল ... গর্ত একসাথে নিয়ে আসে না।
text withheld: corpus licence does not permit redistribution,0,0.0,banglasarc,পুরোনো নাটক।।,পুরোনো নাটক।।
text withheld: corpus licence does not permit redistribution,0,0.0,banglasarc,আগামীতে এই মৃত্যুর হার আরো বাড়বে। বাইকার সচেতন কিংবা সাবধান না।,আগামীতে এই মৃত্যুর হার আরো বাড়বে। বাইকার সচেতন কিংবা সাবধান না।
text withheld: corpus licence does not permit redistribution,1,1.0,banglasarc,আপনি যদি জীবনের রাস্তায় শয়তানের সাথে কখনও সাক্ষাত না করেন তবে এটি কারণ আপনি দুজনেই একই দিকে যাচ্ছেন,আপনি যদি জীবনের রাস্তায় শয়তানের সাথে কখনও সাক্ষাত না করেন তবে এটি কারণ আপনি দুজনেই একই দিকে যাচ্ছেন
text withheld: corpus licence does not permit redistribution,0,0.0,banglasarc,"ছবি সেয়ার করি, আফসোস করি,আগের ভুল মনে করে কষ্ট পাই,অনুশোচনায় ভুগি,","ছবি সেয়ার করি, আফসোস করি,আগের ভুল মনে করে কষ্ট পাই,অনুশোচনায় ভুগি,"
text withheld: corpus licence does not permit redistribution,0,0.0,banglasarc,প্রতি পদে পদে নতুন কিছু চাঁদাবাজদের কর্ম সংস্থা হবে এবং সবশেষে দ্রুব্যমুল্যের দাম বাড়বে কমবে না কখনও,প্রতি পদে পদে নতুন কিছু চাঁদাবাজদের কর্ম সংস্থা হবে এবং সবশেষে দ্রুব্যমুল্যের দাম বাড়বে কমবে না কখনও
text withheld: corpus licence does not permit redistribution,0,0.0,banglasarc,বিয়েতে বাসর ঘর সাজানোর আনন্দই আলাদা।,বিয়েতে বাসর ঘর সাজানোর আনন্দই আলাদা।
text withheld: corpus licence does not permit redistribution,1,1.0,banglasarc,"একজন মায়ের বয়স কতই না, তিনি তার মধ্যবয়সী বাচ্চাদের উন্নতির লক্ষণগুলির জন্য দেখেন।","একজন মায়ের বয়স কতই না, তিনি তার মধ্যবয়সী বাচ্চাদের উন্নতির লক্ষণগুলির জন্য দেখেন।"
text withheld: corpus licence does not permit redistribution,0,0.0,banglasarc,আপু তোমাকে লেন্স না পরলে বেশী সুন্দর দেখায়,আপু তোমাকে লেন্স না পরলে বেশী সুন্দর দেখায়
text withheld: corpus licence does not permit redistribution,1,1.0,banglasarc,আমি আপনার স্ট্যাকার হতে খুব অলস।আপনাকে এখানে এসে কফি আনতে হবে।,আমি আপনার স্ট্যাকার হতে খুব অলস।আপনাকে এখানে এসে কফি আনতে হবে।
text withheld: corpus licence does not permit redistribution,1,1.0,banglasarc,দু'বছর বয়সী হওয়া এমন একটি ব্লেন্ডার থাকার মতো যা আপনার শীর্ষস্থানীয় নেই।,দু'বছর বয়সী হওয়া এমন একটি ব্লেন্ডার থাকার মতো যা আপনার শীর্ষস্থানীয় নেই।
text withheld: corpus licence does not permit redistribution,0,0.0,banglasarc,আল্লাহ তায়ালা আপনাকে নেক হায়াত দান করুক।,আল্লাহ তায়ালা আপনাকে নেক হায়াত দান করুক।
text withheld: corpus licence does not permit redistribution,0,0.0,banglasarc,আপ্নি সুধু মিডিয়ার হিরো না বাস্তবে ও হিরো। সেলুট বস।,আপ্নি সুধু মিডিয়ার হিরো না বাস্তবে ও হিরো। সেলুট বস।
text withheld: corpus licence does not permit redistribution,0,0.0,banglasarc,এই পাতিলের খাবার রান্নার হাতা কত বড়?,এই পাতিলের খাবার রান্নার হাতা কত বড়?
text withheld: corpus licence does not permit redistribution,1,1.0,banglasarc,"""আমি আশা করি আরও বেশি লোক নীরবতায় সাবলীল ছিল।""","""আমি আশা করি আরও বেশি লোক নীরবতায় সাবলীল ছিল।"""
text withheld: corpus licence does not permit redistribution,0,0.0,banglasarc,অগ্রিম অভিনন্দন,অগ্রিম অভিনন্দন
text withheld: corpus licence does not permit redistribution,0,0.0,banglasarc,চলে এলো দিঘী ও ইয়াশের #শেষ_চিঠি (১ম পর্ব),চলে এলো দিঘী ও ইয়াশের #শেষ_চিঠি (১ম পর্ব)
text withheld: corpus licence does not permit redistribution,0,0.0,banglasarc,জীবনযুদ্ধে সামর্থ্যের সবটুকু দিয়ে বাবারা লড়াই করে যান পরিবারের মুখে হাসি ফোটাতে।,জীবনযুদ্ধে সামর্থ্যের সবটুকু দিয়ে বাবারা লড়াই করে যান পরিবারের মুখে হাসি ফোটাতে।
text withheld: corpus licence does not permit redistribution,1,1.0,banglasarc,"থোর সবেমাত্র আলোকসজ্জার একটি বল্ট ব্যবহার করেছেন এবং ওলভারাইন ব্লেডগুলি ""অসীম তীক্ষ্ণ"" নয়","থোর সবেমাত্র আলোকসজ্জার একটি বল্ট ব্যবহার করেছেন এবং ওলভারাইন ব্লেডগুলি ""অসীম তীক্ষ্ণ"" নয়"
text withheld: corpus licence does not permit redistribution,1,1.0,banglasarc,আমি আমার এবং অন্যান্য লোকদের দেখার জন্য সেট পেয়েছি।,আমি আমার এবং অন্যান্য লোকদের দেখার জন্য সেট পেয়েছি।
text withheld: corpus licence does not permit redistribution,1,1.0,banglasarc,দয়া করে আমাকে বলুন যে এই ভাবনার এই ট্রেনটি আপনার কাছে রয়েছে একটি ক্যাবুস রয়েছে।,দয়া করে আমাকে বলুন যে এই ভাবনার এই ট্রেনটি আপনার কাছে রয়েছে একটি ক্যাবুস রয়েছে।
text withheld: corpus licence does not permit redistribution,1,1.0,banglasarc,তত্ত্বগুলি বলে যে মানুষ সবচেয়ে বুদ্ধিমান জীবিত।এমন তত্ত্ব রয়েছে যা আমাদের কাছে স্পষ্টভাবে মিথ্যা বলে।,তত্ত্বগুলি বলে যে মানুষ সবচেয়ে বুদ্ধিমান জীবিত।এমন তত্ত্ব রয়েছে যা আমাদের কাছে স্পষ্টভাবে মিথ্যা বলে।
text withheld: corpus licence does not permit redistribution,0,0.0,banglasarc,ভিডিও দেইখা আমি একটু কনফিউজড হইয়া গেছি,ভিডিও দেইখা আমি একটু কনফিউজড হইয়া গেছি
text withheld: corpus licence does not permit redistribution,0,0.0,banglasarc,রিপন ভাডিও এর চেয়ে ভালো লিরিক্স লিখে আর গান করে।,রিপন ভাডিও এর চেয়ে ভালো লিরিক্স লিখে আর গান করে।
text withheld: corpus licence does not permit redistribution,0,0.0,banglasarc,সকালে পারি না ঘুম ভাঙ্গাতে - রাখো তুমি ফোন সাইলেন্ট করে।,সকালে পারি না ঘুম ভাঙ্গাতে - রাখো তুমি ফোন সাইলেন্ট করে।
text withheld: corpus licence does not permit redistribution,0,0.0,banglasarc,বাবা খুব মনে পরে তোমার কথা,বাবা খুব মনে পরে তোমার কথা
text withheld: corpus licence does not permit redistribution,0,0.0,banglasarc,সামর্থ্যবান লোকদের ও এগিয়ে আসা উচিত,সামর্থ্যবান লোকদের ও এগিয়ে আসা উচিত
text withheld: corpus licence does not permit redistribution,1,1.0,banglasarc,কিছু লোক কেবল আপনাকে পছন্দ করবে যদি আপনি তাদের বাক্সের ভিতরে ফিট করেন।সেই বাক্সটি তাদের গাধা উপরে তুলতে ভয় পাবেন না।,কিছু লোক কেবল আপনাকে পছন্দ করবে যদি আপনি তাদের বাক্সের ভিতরে ফিট করেন।সেই বাক্সটি তাদের গাধা উপরে তুলতে ভয় পাবেন না।
text withheld: corpus licence does not permit redistribution,1,1.0,banglasarc,"এটি পরের সপ্তাহের বার্তা নিয়ে আসতে পারে, অপেক্ষা করতে পারে না!","এটি পরের সপ্তাহের বার্তা নিয়ে আসতে পারে, অপেক্ষা করতে পারে না!"
text withheld: corpus licence does not permit redistribution,0,0.0,banglasarc,কদমের মাঝে এক ফালি চাদ,কদমের মাঝে এক ফালি চাদ
text withheld: corpus licence does not permit redistribution,1,1.0,banglasarc,তিনি এখনও বেঁচে আছেন যদিও আপনার ভুল,তিনি এখনও বেঁচে আছেন যদিও আপনার ভুল
text withheld: corpus licence does not permit redistribution,1,1.0,banglasarc,আপনি যদি লিফট বোতামটি তিনবার টিপেন তবে তা হুট মোডে যায় - সত্যই।,আপনি যদি লিফট বোতামটি তিনবার টিপেন তবে তা হুট মোডে যায় - সত্যই।
text withheld: corpus licence does not permit redistribution,1,1.0,banglasarc,আমি সবসময় বোকা লোকদের সহ্য করি না।তবে আমি যখন করি তখন আমি সম্ভবত কর্মক্ষেত্রে আছি।,আমি সবসময় বোকা লোকদের সহ্য করি না।তবে আমি যখন করি তখন আমি সম্ভবত কর্মক্ষেত্রে আছি।
text withheld: corpus licence does not permit redistribution,1,1.0,banglasarc,আজ রাতের জন্য আবহাওয়ার পূর্বাভাস: অন্ধকার।,আজ রাতের জন্য আবহাওয়ার পূর্বাভাস: অন্ধকার।
text withheld: corpus licence does not permit redistribution,0,0.0,banglasarc,"আসসালামু আলাইকুম, দানের ফজিলত কোরআন হাদিসের আলোকে live যে এসে অথবা একটি ভিডিও আকারে বর্ননা করলে মানুষ আর বেশি উৎসাহিত হবে. please যদি সময় থাকে live যে আসবেন.","আসসালামু আলাইকুম, দানের ফজিলত কোরআন হাদিসের আলোকে live যে এসে অথবা একটি ভিডিও আকারে বর্ননা করলে মানুষ আর বেশি উৎসাহিত হবে. please যদি সময় থাকে live যে আসবেন."
text withheld: corpus licence does not permit redistribution,0,0.0,banglasarc,জায়েদ খাঁনকে চিনি ওরে নিয়ে বানানো ট্রলের জন্য এছাড়া এই বেয়াদবকে কখনোই হয়ত চেনা হতো না জায়েদ খাঁন হলো হিজরাআর হিরো আলম হলো বুদ্ধীমান জোকার।,জায়েদ খাঁনকে চিনি ওরে নিয়ে বানানো ট্রলের জন্য এছাড়া এই বেয়াদবকে কখনোই হয়ত চেনা হতো না জায়েদ খাঁন হলো হিজরাআর হিরো আলম হলো বুদ্ধীমান জোকার।
text withheld: corpus licence does not permit redistribution,1,1.0,banglasarc,আমার অ্যালকোহল ব্যবস্থায় এত বেশি রক্ত না থাকলে আমি ভাল থাকব।,আমার অ্যালকোহল ব্যবস্থায় এত বেশি রক্ত না থাকলে আমি ভাল থাকব।
text withheld: corpus licence does not permit redistribution,0,0.0,banglasarc,হেয়ার কাটটার নাম কি আপু?,হেয়ার কাটটার নাম কি আপু?
text withheld: corpus licence does not permit redistribution,1,1.0,banglasarc,সর্বদা মনে রাখবেন যে আপনি একেবারে অনন্য।ঠিক সবার মতো।,সর্বদা মনে রাখবেন যে আপনি একেবারে অনন্য।ঠিক সবার মতো।
text withheld: corpus licence does not permit redistribution,0,0.0,banglasarc,আমি এই কবিতা স্কুল এ আবৃত্তি করছিলাম,আমি এই কবিতা স্কুল এ আবৃত্তি করছিলাম
text withheld: corpus licence does not permit redistribution,1,1.0,banglasarc,আপনি কেবল alous র্ষা করছেন কারণ ভয়েসগুলি কেবল আমার সাথে কথা বলে।,আপনি কেবল alous র্ষা করছেন কারণ ভয়েসগুলি কেবল আমার সাথে কথা বলে।
text withheld: corpus licence does not permit redistribution,1,1.0,banglasarc,অভিজ্ঞতা একটি চমৎকার জিনিস।আপনি যখন এটি আবার তৈরি করেন তখন এটি আপনাকে কোনও ভুলকে স্বীকৃতি দিতে সক্ষম করে।,অভিজ্ঞতা একটি চমৎকার জিনিস।আপনি যখন এটি আবার তৈরি করেন তখন এটি আপনাকে কোনও ভুলকে স্বীকৃতি দিতে সক্ষম করে।
text withheld: corpus licence does not permit redistribution,0,0.0,banglasarc,জীবনে বাঁচতে শেখানোর জন্য আপনাকে অনেক অনেক ধন্যবাদ,জীবনে বাঁচতে শেখানোর জন্য আপনাকে অনেক অনেক ধন্যবাদ
text withheld: corpus licence does not permit redistribution,1,1.0,banglasarc,"তিনি স্পষ্টভাবে কোনও অপরাধ করছেন, আপনি কি তার ত্বকের রঙ দেখতে পাচ্ছেন না?","তিনি স্পষ্টভাবে কোনও অপরাধ করছেন, আপনি কি তার ত্বকের রঙ দেখতে পাচ্ছেন না?"
text withheld: corpus licence does not permit redistribution,0,0.0,banglasarc,"মানুষ তার কর্মের মাঝে বেচে থাকে, উনিও থাকবেন জীবিত বাঙালির মনে। বিনম্র শ্রদ্ধা আপনাকে।","মানুষ তার কর্মের মাঝে বেচে থাকে, উনিও থাকবেন জীবিত বাঙালির মনে। বিনম্র শ্রদ্ধা আপনাকে।"
text withheld: corpus licence does not permit redistribution,0,0.0,banglasarc,"ইস্রাইলের দালাল, ইহুদী","ইস্রাইলের দালাল, ইহুদী"
text withheld: corpus licence does not permit redistribution,0,0.0,banglasarc,"সিনেমা, থিয়েটার, ক্লাব খোলা থাকবে। এগুলো জরুরী সেবার আওতায় পড়েছে। তাহলে কাজকর্ম বাদ দিয়ে চলুন সিনেমা দেখতে যাই","সিনেমা, থিয়েটার, ক্লাব খোলা থাকবে। এগুলো জরুরী সেবার আওতায় পড়েছে। তাহলে কাজকর্ম বাদ দিয়ে চলুন সিনেমা দেখতে যাই"
text withheld: corpus licence does not permit redistribution,1,1.0,banglasarc,"শুধু কথা বলতে থাকুন, আমি আগ্রহী হয়ে উঠি।","শুধু কথা বলতে থাকুন, আমি আগ্রহী হয়ে উঠি।"
text withheld: corpus licence does not permit redistribution,0,0.0,banglasarc,এর থেকে বড় সুখ আর কি হতে পারে।।।খুব সুন্দর।।। বাংলার মাটি বাংলার জল ।।।,এর থেকে বড় সুখ আর কি হতে পারে।।।খুব সুন্দর।।। বাংলার মাটি বাংলার জল ।।।
text withheld: corpus licence does not permit redistribution,0,0.0,banglasarc,আবারো বিনোদন !,আবারো বিনোদন !
text withheld: corpus licence does not permit redistribution,0,0.0,banglasarc,"এটা কেমন গান রে ভাই, মিউ","এটা কেমন গান রে ভাই, মিউ"
text withheld: corpus licence does not permit redistribution,1,1.0,banglasarc,এটি আমার স্ট্যান্ডার্ড প্রতিক্রিয়া হতে চলেছে যখন কোনও মেয়ে জিজ্ঞাসা করে আমি কী করি,এটি আমার স্ট্যান্ডার্ড প্রতিক্রিয়া হতে চলেছে যখন কোনও মেয়ে জিজ্ঞাসা করে আমি কী করি
text withheld: corpus licence does not permit redistribution,0,0.0,banglasarc,বিশ্বকাপ না জিতলে নিশ্চিত খুন করে ফেলবে,বিশ্বকাপ না জিতলে নিশ্চিত খুন করে ফেলবে
text withheld: corpus licence does not permit redistribution,1,1.0,banglasarc,সাফল্যের রাস্তাটি সর্বদা নির্মাণাধীন থাকে।,সাফল্যের রাস্তাটি সর্বদা নির্মাণাধীন থাকে।
text withheld: corpus licence does not permit redistribution,0,0.0,banglasarc,পৃথিবীর সবচেয়ে বড় লটারি হচ্ছে বিশ্বাসী কাউকে খুঁজে পাওয়া,পৃথিবীর সবচেয়ে বড় লটারি হচ্ছে বিশ্বাসী কাউকে খুঁজে পাওয়া
text withheld: corpus licence does not permit redistribution,0,0.0,banglasarc,বাংলার ছাগল,বাংলার ছাগল
text withheld: corpus licence does not permit redistribution,1,1.0,banglasarc,ওপি আমি মনে করি এটি ঠিক আছে কারণ তিনি প্রতিটি মহিলাকে স্পর্শ করেন নির্বিশেষে যা অবশ্যই বৈধ অজুহাত।,ওপি আমি মনে করি এটি ঠিক আছে কারণ তিনি প্রতিটি মহিলাকে স্পর্শ করেন নির্বিশেষে যা অবশ্যই বৈধ অজুহাত।
text withheld: corpus licence does not permit redistribution,0,0.0,banglasarc,দায়িত্ব পালনের মধ্য দিয়ে ধীরে ধীরে জেগে ওঠেন একজন বাবা।,দায়িত্ব পালনের মধ্য দিয়ে ধীরে ধীরে জেগে ওঠেন একজন বাবা।
text withheld: corpus licence does not permit redistribution,0,0.0,banglasarc,"নাম সবুজ, জামা সবুজ গেছেও সবুজ এর মাঝে। এর থেকে সবুজ হয় না।","নাম সবুজ, জামা সবুজ গেছেও সবুজ এর মাঝে। এর থেকে সবুজ হয় না।"
text withheld: corpus licence does not permit redistribution,0,0.0,banglasarc,মুক্তি মুক্তি মুক্তি চাই দেশমাতার মুক্তি চাই মুক্তি মুক্তি মুক্তি চাই গণতন্ত্রের মুক্তি চাই মুক্তি মুক্তি মুক্তি চাই খালেদা জিয়ার মুক্তি চাই তৃণমূলের এক দাবি আমার মায়ের মুক্তি পাবে,মুক্তি মুক্তি মুক্তি চাই দেশমাতার মুক্তি চাই মুক্তি মুক্তি মুক্তি চাই গণতন্ত্রের মুক্তি চাই মুক্তি মুক্তি মুক্তি চাই খালেদা জিয়ার মুক্তি চাই তৃণমূলের এক দাবি আমার মায়ের মুক্তি পাবে
text withheld: corpus licence does not permit redistribution,0,0.0,banglasarc,"বর্তমান পরিস্থিতি সামাল দেওয়ার কৌশল মাত্র, ইন্দুর যখন একবার ঢুকছে বেড়া কাটা ছাড়া বের হবে না।","বর্তমান পরিস্থিতি সামাল দেওয়ার কৌশল মাত্র, ইন্দুর যখন একবার ঢুকছে বেড়া কাটা ছাড়া বের হবে না।"
text withheld: corpus licence does not permit redistribution,0,0.0,banglasarc,বাস্বাতবতার করাঘাতে বাবারা বেঁচে থাকেন,বাস্বাতবতার করাঘাতে বাবারা বেঁচে থাকেন
text withheld: corpus licence does not permit redistribution,0,0.0,banglasarc,সারারাত থেকে ঘুমাই নাই 😢 এখনো চোখে ঘুম নেই🙂🥺,সারারাত থেকে ঘুমাই নাই 😢 এখনো চোখে ঘুম নেই🙂🥺
text withheld: corpus licence does not permit redistribution,0,0.0,banglasarc,"সেফুদা, হিরো আলম, এবং এই ফারিয়া খালা এক কেটাগরির ছেলিব্রেটি","সেফুদা, হিরো আলম, এবং এই ফারিয়া খালা এক কেটাগরির ছেলিব্রেটি"
text withheld: corpus licence does not permit redistribution,0,0.0,banglasarc,মিডিয়ার দালালী আর কত সহ্য করা লাগবো?,মিডিয়ার দালালী আর কত সহ্য করা লাগবো?
text withheld: corpus licence does not permit redistribution,0,0.0,banglasarc,আচ্ছা নিজেই নিজের নাম লিখল কেন? আমি বলা উচিত ছিল না?,আচ্ছা নিজেই নিজের নাম লিখল কেন? আমি বলা উচিত ছিল না?
text withheld: corpus licence does not permit redistribution,0,0.0,banglasarc,লজ্জা থাকলে ফেসবুক ছেরে চলে জেতো,লজ্জা থাকলে ফেসবুক ছেরে চলে জেতো
text withheld: corpus licence does not permit redistribution,1,1.0,banglasarc,"হালকা শব্দের চেয়ে দ্রুত ভ্রমণ করে, এ কারণেই আপনার মতো লোকেরা উজ্জ্বল প্রদর্শিত হয় - যতক্ষণ না তারা মুখ খোলে।","হালকা শব্দের চেয়ে দ্রুত ভ্রমণ করে, এ কারণেই আপনার মতো লোকেরা উজ্জ্বল প্রদর্শিত হয় - যতক্ষণ না তারা মুখ খোলে।"
text withheld: corpus licence does not permit redistribution,1,1.0,banglasarc,সমস্ত ভাল নেওয়া হয়।,সমস্ত ভাল নেওয়া হয়।
text withheld: corpus licence does not permit redistribution,1,1.0,banglasarc,আমার বন্ধুরা আপনার চেয়ে অনেক শীতল।তারা অদৃশ্য।,আমার বন্ধুরা আপনার চেয়ে অনেক শীতল।তারা অদৃশ্য।
text withheld: corpus licence does not permit redistribution,0,0.0,banglasarc,আপাতত বালপাকনামো কমা,আপাতত বালপাকনামো কমা
text withheld: corpus licence does not permit redistribution,0,0.0,banglasarc,ইন্না লিল্লাহি ওয়া ইন্না ইলাহী রাজিউন l,ইন্না লিল্লাহি ওয়া ইন্না ইলাহী রাজিউন l
text withheld: corpus licence does not permit redistribution,1,1.0,banglasarc,একঘেয়েমি নিরাময় হ'ল কৌতূহল।কৌতূহলের কোনও নিরাময় নেই।,একঘেয়েমি নিরাময় হ'ল কৌতূহল।কৌতূহলের কোনও নিরাময় নেই।
text withheld: corpus licence does not permit redistribution,1,1.0,banglasarc,"হাঁসের মতো জীবন যাপনের মধ্য দিয়ে যান: শীর্ষে মহিমান্বিত, নীচে নরকের মতো লাথি মারছেন।","হাঁসের মতো জীবন যাপনের মধ্য দিয়ে যান: শীর্ষে মহিমান্বিত, নীচে নরকের মতো লাথি মারছেন।"
text withheld: corpus licence does not permit redistribution,1,1.0,banglasarc,"আমি আপনাকে জাহান্নামে যেতে বলব, তবে আমি সেখানে কাজ করি এবং প্রতিদিন আপনার কুৎসিত মগ দেখতে চাই না।","আমি আপনাকে জাহান্নামে যেতে বলব, তবে আমি সেখানে কাজ করি এবং প্রতিদিন আপনার কুৎসিত মগ দেখতে চাই না।"
text withheld: corpus licence does not permit redistribution,0,0.0,banglasarc,অনেক দোয়া রইল তাসরীফ মানবতায় সেবায় এগিয়ে যা মানুষ মানুষের জন্যে।তুই আমাদের নেত্রকোনার গর্ব। আমরা তোকে নিয়ে অনেক গর্ববোধ করি। আর হে তর শরীরের খেয়াল রাখিস।।,অনেক দোয়া রইল তাসরীফ মানবতায় সেবায় এগিয়ে যা মানুষ মানুষের জন্যে।তুই আমাদের নেত্রকোনার গর্ব। আমরা তোকে নিয়ে অনেক গর্ববোধ করি। আর হে তর শরীরের খেয়াল রাখিস।।
text withheld: corpus licence does not permit redistribution,0,0.0,banglasarc,"বা যার কথায় এতো সিরিয়াস হচ্ছি,কাল ভুল বোঝাবোঝি সুধরানোর জন্য আমি নিজেও না থাকতে পারি।","বা যার কথায় এতো সিরিয়াস হচ্ছি,কাল ভুল বোঝাবোঝি সুধরানোর জন্য আমি নিজেও না থাকতে পারি।"
text withheld: corpus licence does not permit redistribution,1,1.0,banglasarc,উঘ এটি আমাকে সবচেয়ে অসন্তুষ্ট করে তোলে আমি 5 বছরের মধ্যে খুশি হব যখন সে একজন কোয়েট থো,উঘ এটি আমাকে সবচেয়ে অসন্তুষ্ট করে তোলে আমি 5 বছরের মধ্যে খুশি হব যখন সে একজন কোয়েট থো
text withheld: corpus licence does not permit redistribution,0,0.0,banglasarc,তোর বাপে তোরে জন্ম দিছে নাকি গাছ ফেরে হইছস তা জানছ নাকি সেইটাও জানছ না। ভন্ড হালায়... পাগল।,তোর বাপে তোরে জন্ম দিছে নাকি গাছ ফেরে হইছস তা জানছ নাকি সেইটাও জানছ না। ভন্ড হালায়... পাগল।
text withheld: corpus licence does not permit redistribution,0,0.0,banglasarc,রহস্য বাকি রইল। সিজন 2 বের হবে সেই জন্যে আকর্ষণ রেখে দেয়া।,রহস্য বাকি রইল। সিজন 2 বের হবে সেই জন্যে আকর্ষণ রেখে দেয়া।
text withheld: corpus licence does not permit redistribution,1,1.0,banglasarc,আপনি যা ভাবেন সে সম্পর্কে আমি আসলে যে ধারণাটি যত্ন করি তা আপনাকে দেওয়ার জন্য আমি কী করেছি?,আপনি যা ভাবেন সে সম্পর্কে আমি আসলে যে ধারণাটি যত্ন করি তা আপনাকে দেওয়ার জন্য আমি কী করেছি?
text withheld: corpus licence does not permit redistribution,0,0.0,banglasarc,শুধু অর্ডার কর। আর অল্প অল্প করে সব ট্রাই কর।,শুধু অর্ডার কর। আর অল্প অল্প করে সব ট্রাই কর।
text withheld: corpus licence does not permit redistribution,1,1.0,banglasarc,"""দুঃখিত ... তোমার সাথে দেখা হয়েছে।""","""দুঃখিত ... তোমার সাথে দেখা হয়েছে।"""
text withheld: corpus licence does not permit redistribution,0,0.0,banglasarc,জয় বাংলা..!!,জয় বাংলা..!!
text withheld: corpus licence does not permit redistribution,1,1.0,banglasarc,একটি জমিতে একে অপরের সমান্তরালভাবে চলমান দুটি সংস্কৃতি * সর্বদা * এত ভাল কাজ করে।,একটি জমিতে একে অপরের সমান্তরালভাবে চলমান দুটি সংস্কৃতি * সর্বদা * এত ভাল কাজ করে।
text withheld: corpus licence does not permit redistribution,0,0.0,banglasarc,গরীবের মালকোভা,গরীবের মালকোভা
text withheld: corpus licence does not permit redistribution,0,0.0,banglasarc,ঈদে মেয়েদের সুখশান্তি নষ্ট করার জন্য একজন দর্জি ই যথেষ্ট।,ঈদে মেয়েদের সুখশান্তি নষ্ট করার জন্য একজন দর্জি ই যথেষ্ট।
text withheld: corpus licence does not permit redistribution,1,1.0,banglasarc,"আমি তালি দিয়েছি কারণ এটি শেষ হয়েছে, আমি এটি পছন্দ করি না বলে নয়","আমি তালি দিয়েছি কারণ এটি শেষ হয়েছে, আমি এটি পছন্দ করি না বলে নয়"
text withheld: corpus licence does not permit redistribution,0,0.0,banglasarc,শেষ করলাম ভাল ছিল। এটার জন্যই সাবসক্রিপশন নিয়েছিলাম । আরও বাংলাদেশী সিরিজ চাই।,শেষ করলাম ভাল ছিল। এটার জন্যই সাবসক্রিপশন নিয়েছিলাম । আরও বাংলাদেশী সিরিজ চাই।
text withheld: corpus licence does not permit redistribution,1,1.0,banglasarc,আমি খুব ভাল প্রেমিক কারণ আমি নিজে থেকে অনেক অনুশীলন করি।,আমি খুব ভাল প্রেমিক কারণ আমি নিজে থেকে অনেক অনুশীলন করি।
text withheld: corpus licence does not permit redistribution,0,0.0,banglasarc,শুভ কামনা রইলো।,শুভ কামনা রইলো।
text withheld: corpus licence does not permit redistribution,1,1.0,banglasarc,আমার সিদ্ধান্ত গ্রহণের দক্ষতা রাস্তা পার হওয়ার সময় কাঠবিড়ালিটির সাথে সাদৃশ্যপূর্ণ।,আমার সিদ্ধান্ত গ্রহণের দক্ষতা রাস্তা পার হওয়ার সময় কাঠবিড়ালিটির সাথে সাদৃশ্যপূর্ণ।
text withheld: corpus licence does not permit redistribution,0,0.0,banglasarc,সাব্বাস! ভন্ডামি বাদ দিয়ে সত্য কথা বলেছেন।,সাব্বাস! ভন্ডামি বাদ দিয়ে সত্য কথা বলেছেন।
text withheld: corpus licence does not permit redistribution,0,0.0,banglasarc,গুরু 🖤,গুরু 🖤
text withheld: corpus licence does not permit redistribution,0,0.0,banglasarc,অনেক অনেক ভালো লাগলো,অনেক অনেক ভালো লাগলো
text withheld: corpus licence does not permit redistribution,0,0.0,banglasarc,আল্লাহ হেদায়েত দাও,আল্লাহ হেদায়েত দাও
text withheld: corpus licence does not permit redistribution,1,1.0,banglasarc,"""আপনি যদি আরও স্মার্ট হওয়ার চেষ্টা করেন তবে আমি সুন্দর হওয়ার চেষ্টা করব” ""","""আপনি যদি আরও স্মার্ট হওয়ার চেষ্টা করেন তবে আমি সুন্দর হওয়ার চেষ্টা করব” """
text withheld: corpus licence does not permit redistribution,0,0.0,banglasarc,ভ্রাম্যমান মোবাইল কোর্ট অত্যন্ত জরুরী বন্যা এলাকায়।,ভ্রাম্যমান মোবাইল কোর্ট অত্যন্ত জরুরী বন্যা এলাকায়।
text withheld: corpus licence does not permit redistribution,0,0.0,banglasarc,গণজোয়ার,গণজোয়ার
text withheld: corpus licence does not permit redistribution,1,1.0,banglasarc,আপনি নাচ করতে চান?না?আপনি অবশ্যই আমাকে ভুল করে ফেলেছেন।আমি বললাম আপনি এই প্যান্টে চর্বি দেখছেন।,আপনি নাচ করতে চান?না?আপনি অবশ্যই আমাকে ভুল করে ফেলেছেন।আমি বললাম আপনি এই প্যান্টে চর্বি দেখছেন।
text withheld: corpus licence does not permit redistribution,1,1.0,banglasarc,সম্ভবত এমন কোনও জাতীয় সংরক্ষণাগার রয়েছে যা আপনি ব্যবহার করতে পারেন।,সম্ভবত এমন কোনও জাতীয় সংরক্ষণাগার রয়েছে যা আপনি ব্যবহার করতে পারেন।
text withheld: corpus licence does not permit redistribution,1,1.0,banglasarc,"""আমি আসলে মজার নই, আমি কেবল বোঝাই এবং লোকেরা মনে করে আমি রসিকতা করছি।""","""আমি আসলে মজার নই, আমি কেবল বোঝাই এবং লোকেরা মনে করে আমি রসিকতা করছি।"""
text withheld: corpus licence does not permit redistribution,0,0.0,banglasarc,পরমানু বা বিভিন্ন ধরনের পার্টিকেল যেগুলো আমরা চোখে দেখি না কিন্তু তাদের অস্তিত্ত্ব আছে বলে স্বীকার করি কারণ এগুলো এভিডেনা দ্বারা প্রমাণিত।,পরমানু বা বিভিন্ন ধরনের পার্টিকেল যেগুলো আমরা চোখে দেখি না কিন্তু তাদের অস্তিত্ত্ব আছে বলে স্বীকার করি কারণ এগুলো এভিডেনা দ্বারা প্রমাণিত।
text withheld: corpus licence does not permit redistribution,1,1.0,banglasarc,আমার বাবা -মা আমাকে কেবল চিৎকার করে বলে আমাকে বলে আমার একটি আসক্তি আছে এবং এটি আমার জীবনকে নষ্ট করে দেয়।,আমার বাবা -মা আমাকে কেবল চিৎকার করে বলে আমাকে বলে আমার একটি আসক্তি আছে এবং এটি আমার জীবনকে নষ্ট করে দেয়।
text withheld: corpus licence does not permit redistribution,0,0.0,banglasarc,বিতর্কে ইসলাম কখনো টিকবে না বলেই ধার্মিকরা সব সময় বিতর্কের বিপক্ষে থাকে। ইসলাম হচ্ছে এমন একটি ধর্ম- যেটি বিনাপ্রশ্নে মেনে নিতে হবে। প্রশ্ন হচ্ছে দর্শনের বিষয়। ধর্ম যদি ধর্ম সম্পর্কে প্রশ্ন করার অনুমোদন দেয় তাহলে ধর্ম তাসের ঘরের মত হুড়মুড় করে ভেঙে পরবে। এজন্যই বিতর্ক এবং প্রশ্ন করা নিয়ে ধর্ম সব সময় আতঙ্কে থাকে।,বিতর্কে ইসলাম কখনো টিকবে না বলেই ধার্মিকরা সব সময় বিতর্কের বিপক্ষে থাকে। ইসলাম হচ্ছে এমন একটি ধর্ম- যেটি বিনাপ্রশ্নে মেনে নিতে হবে। প্রশ্ন হচ্ছে দর্শনের বিষয়। ধর্ম যদি ধর্ম সম্পর্কে প্রশ্ন করার অনুমোদন দেয় তাহলে ধর্ম তাসের ঘরের মত হুড়মুড় করে ভেঙে পরবে। এজন্যই বিতর্ক এবং প্রশ্ন করা নিয়ে ধর্ম সব সময় আতঙ্কে থাকে।
text withheld: corpus licence does not permit redistribution,1,1.0,banglasarc,"কখনও কখনও এটি পরিবর্তিত লোকেরা নয়, এটি সেই মুখোশ যা পড়ে যায়।","কখনও কখনও এটি পরিবর্তিত লোকেরা নয়, এটি সেই মুখোশ যা পড়ে যায়।"
text withheld: corpus licence does not permit redistribution,1,1.0,banglasarc,ps4.5 এই ছুটির মরসুম আসছে।,ps4.5 এই ছুটির মরসুম আসছে।
text withheld: corpus licence does not permit redistribution,0,0.0,banglasarc,ওইটা প্রাণীদের ভূত 😁,ওইটা প্রাণীদের ভূত 😁
text withheld: corpus licence does not permit redistribution,1,1.0,banglasarc,"ওহ নিশ্চিত, আপনি স্মার্ট।তিল স্ট্রিট স্মার্ট।","ওহ নিশ্চিত, আপনি স্মার্ট।তিল স্ট্রিট স্মার্ট।"
text withheld: corpus licence does not permit redistribution,1,1.0,banglasarc,"আমি মনে করি এটিই ছিল এট-ব্যাট যা অ্যান্ড্রু মিলারের প্রতি আমার শ্রদ্ধা/ঘৃণাকে দৃ ified ় করে তুলেছিল, সেই গ্যাংলি এমএফ।","আমি মনে করি এটিই ছিল এট-ব্যাট যা অ্যান্ড্রু মিলারের প্রতি আমার শ্রদ্ধা/ঘৃণাকে দৃ ified ় করে তুলেছিল, সেই গ্যাংলি এমএফ।"
text withheld: corpus licence does not permit redistribution,0,0.0,banglasarc,কিন্তু কে প্রথম ফেসবুকে নক দিয়েছে তা নিয়ে তাদের লড়াই আকদ হওয়ার পর ও বহাল রয়েছে।,কিন্তু কে প্রথম ফেসবুকে নক দিয়েছে তা নিয়ে তাদের লড়াই আকদ হওয়ার পর ও বহাল রয়েছে।
text withheld: corpus licence does not permit redistribution,0,0.0,banglasarc,কুমিল্লা স্টেশন অনেক সুন্দর,কুমিল্লা স্টেশন অনেক সুন্দর
text withheld: corpus licence does not permit redistribution,0,0.0,banglasarc,হাজারো শ্রদ্ধা জানাই তাদের যারা সকল উপায়ে বিপদগ্রস্তদের সাহায্য করছে। আগুনে পোড়াদেহ সবাইকে আল্লাহ নেক হায়াত দান করুক 😓,হাজারো শ্রদ্ধা জানাই তাদের যারা সকল উপায়ে বিপদগ্রস্তদের সাহায্য করছে। আগুনে পোড়াদেহ সবাইকে আল্লাহ নেক হায়াত দান করুক 😓
text withheld: corpus licence does not permit redistribution,0,0.0,banglasarc,অন্য কারো তবে শাহরিয়ার কবিরের নয় সেটা আমি ১০০% কনফার্ম।,অন্য কারো তবে শাহরিয়ার কবিরের নয় সেটা আমি ১০০% কনফার্ম।
text withheld: corpus licence does not permit redistribution,1,1.0,banglasarc,"তারিখগুলি দ্বারা সেরা কেবল একটি পরামর্শ, আপনি জানেন।","তারিখগুলি দ্বারা সেরা কেবল একটি পরামর্শ, আপনি জানেন।"
text withheld: corpus licence does not permit redistribution,0,0.0,banglasarc,মুক্তি মুক্তি মুক্তি চাই খালেদা জিয়ার মুক্তি চাই তারেক রহমান বীরের বেশে আসবে ফিরে বাংলাদেশে এটাই শুধু আমাদের একমাত্র অঙ্গীকার উন্নয়নমূলক দাবি আমার মায়ের মুক্তি হবে,মুক্তি মুক্তি মুক্তি চাই খালেদা জিয়ার মুক্তি চাই তারেক রহমান বীরের বেশে আসবে ফিরে বাংলাদেশে এটাই শুধু আমাদের একমাত্র অঙ্গীকার উন্নয়নমূলক দাবি আমার মায়ের মুক্তি হবে
text withheld: corpus licence does not permit redistribution,0,0.0,banglasarc,কমেন্ট পড়তে এসে মনে হলো পাবলিক সাফা কবির কে সুইদা কুমড়ের মাজার হার্ডি অর্ধেক ভেঙ্গে পেলেছে->বাকি যেতুটুক ভাঙ্গা বাকি আছে ওই টুক আমি ভাঙ্গতে চাই->প্রসুর ঠাপ হবে বেইবি প্রসুর ঠাপ :),কমেন্ট পড়তে এসে মনে হলো পাবলিক সাফা কবির কে সুইদা কুমড়ের মাজার হার্ডি অর্ধেক ভেঙ্গে পেলেছে->বাকি যেতুটুক ভাঙ্গা বাকি আছে ওই টুক আমি ভাঙ্গতে চাই->প্রসুর ঠাপ হবে বেইবি প্রসুর ঠাপ :)
text withheld: corpus licence does not permit redistribution,0,0.0,banglasarc,আপনাদের ট্যুর পরে আগে আমাদের বাঁচান যাদের সামর্থ্য আছে এই অসময়ে আমাদের পাশে থাকুন দয়া করে 😭🙏🙏,আপনাদের ট্যুর পরে আগে আমাদের বাঁচান যাদের সামর্থ্য আছে এই অসময়ে আমাদের পাশে থাকুন দয়া করে 😭🙏🙏
text withheld: corpus licence does not permit redistribution,0,0.0,banglasarc,আলাবু কানকে মাগে,আলাবু কানকে মাগে
text withheld: corpus licence does not permit redistribution,1,1.0,banglasarc,সম্ভাব্য সীমাটি আবিষ্কার করার একমাত্র উপায় হ'ল এগুলিকে অসম্ভবের মধ্যে দিয়ে কিছুটা পথ তৈরি করা।,সম্ভাব্য সীমাটি আবিষ্কার করার একমাত্র উপায় হ'ল এগুলিকে অসম্ভবের মধ্যে দিয়ে কিছুটা পথ তৈরি করা।
text withheld: corpus licence does not permit redistribution,0,0.0,banglasarc,"এইসব অসভ্য বেশ্যারা তামসা পাইছে ।কথায় কথায় pregnant হয়, আবার শাকিব খানকে মান সন্মানের ভয় দেখায় ।stupid fucking prostitutions.কোন মহিলা pregnant না হতে চাইলে তারে কিছুতেই pregnant বানানো যাবেনা । birth controlprocedures বাংলাদেশে cheapest এবং সহজলভ্য ।শাকিব খানের fans রা কোনও mind করেনা , এক ডজন অবৈধ kids থাকলেও , no problem.fans রা শাকিব খানকে evaluate করে based on his film work.","এইসব অসভ্য বেশ্যারা তামসা পাইছে ।কথায় কথায় pregnant হয়, আবার শাকিব খানকে মান সন্মানের ভয় দেখায় ।stupid fucking prostitutions.কোন মহিলা pregnant না হতে চাইলে তারে কিছুতেই pregnant বানানো যাবেনা । birth controlprocedures বাংলাদেশে cheapest এবং সহজলভ্য ।শাকিব খানের fans রা কোনও mind করেনা , এক ডজন অবৈধ kids থাকলেও , no problem.fans রা শাকিব খানকে evaluate করে based on his film work."
text withheld: corpus licence does not permit redistribution,1,1.0,banglasarc,আপনি আমাকে পছন্দ না করলে ঠিক আছে।সবার ভাল স্বাদ নেই,আপনি আমাকে পছন্দ না করলে ঠিক আছে।সবার ভাল স্বাদ নেই
text withheld: corpus licence does not permit redistribution,0,0.0,banglasarc,ইলিশের বদলে সিলবার কার্প মাছ দিয়ে নববর্ষ পালন করা প্রতিটি মানুষকে জানাই শুভ নববর্ষ,ইলিশের বদলে সিলবার কার্প মাছ দিয়ে নববর্ষ পালন করা প্রতিটি মানুষকে জানাই শুভ নববর্ষ
text withheld: corpus licence does not permit redistribution,0,0.0,banglasarc,অসাধারণ কথা গুলো জীবনের সাথে মিলে গেল !!,অসাধারণ কথা গুলো জীবনের সাথে মিলে গেল !!
text withheld: corpus licence does not permit redistribution,0,0.0,banglasarc,আপু এগুলো আমার খেতে খুব ভালো লাগে কিন্তু আমি ওডার করতে পারি না,আপু এগুলো আমার খেতে খুব ভালো লাগে কিন্তু আমি ওডার করতে পারি না
text withheld: corpus licence does not permit redistribution,0,0.0,banglasarc,মাত্র আসলাম এইখান দিয়ে,মাত্র আসলাম এইখান দিয়ে
text withheld: corpus licence does not permit redistribution,1,1.0,banglasarc,এবং উত্তর কোরিয়া ফ্যাট গাধায় পূর্ণ হবে।,এবং উত্তর কোরিয়া ফ্যাট গাধায় পূর্ণ হবে।
text withheld: corpus licence does not permit redistribution,0,0.0,banglasarc,ত্রাণ তৎপরতার পাশাপাশি উদ্ধার তৎপরতা খুবই জরুরী।,ত্রাণ তৎপরতার পাশাপাশি উদ্ধার তৎপরতা খুবই জরুরী।
text withheld: corpus licence does not permit redistribution,0,0.0,banglasarc,জনোগন কে রাস্তায় নামতে হবে খালেদা জিয়া মুক্তি,জনোগন কে রাস্তায় নামতে হবে খালেদা জিয়া মুক্তি
text withheld: corpus licence does not permit redistribution,1,1.0,banglasarc,আপনি কি সর্বদা এই প্রতিবন্ধী বা আপনি আজ একটি বিশেষ প্রচেষ্টা করছেন?,আপনি কি সর্বদা এই প্রতিবন্ধী বা আপনি আজ একটি বিশেষ প্রচেষ্টা করছেন?
text withheld: corpus licence does not permit redistribution,1,1.0,banglasarc,কখনও কখনও আমার প্রয়োজন যা কেবলমাত্র আপনি সরবরাহ করতে পারেন: আপনার অনুপস্থিতি।,কখনও কখনও আমার প্রয়োজন যা কেবলমাত্র আপনি সরবরাহ করতে পারেন: আপনার অনুপস্থিতি।
text withheld: corpus licence does not permit redistribution,0,0.0,banglasarc,তোমার বাসার কাছে যদি আমার বাসা হতো আমি তোমার খাবারে ভাগ বসাতামগো মেয়ে।,তোমার বাসার কাছে যদি আমার বাসা হতো আমি তোমার খাবারে ভাগ বসাতামগো মেয়ে।
text withheld: corpus licence does not permit redistribution,0,0.0,banglasarc,অনেকদিন পরে ভিডিও দিলা বাহ ভালো লাগছে,অনেকদিন পরে ভিডিও দিলা বাহ ভালো লাগছে
text withheld: corpus licence does not permit redistribution,1,1.0,banglasarc,সানে বিরক্তিকর।,সানে বিরক্তিকর।
text withheld: corpus licence does not permit redistribution,0,0.0,banglasarc,পাহাড় কেটে বাড়ি করার সাহস কোথায় পেল,পাহাড় কেটে বাড়ি করার সাহস কোথায় পেল
text withheld: corpus licence does not permit redistribution,0,0.0,banglasarc,"আমাকে একজন জিজ্ঞাসা করল,সাফা কবির যে মেয়ে তুই বিশ্বাস করস?আমি বললাম না, আমি যা দেখি না তা আমি বিশ্বাস করি না।কেন? তার মাথা লম্বা চুলে ভরাট, বুকে আছে দুটো বড় ইয়ে ও মেয়েলি স্বভাব, বিশ্বাস না করার কি আছে??আমি বন্ধুকে বললাম, অনেক পুরুষই এখন লম্বা চুল রাখে আর বুকের জিনিস ও মেয়েলি স্বভাব এগুলো অনেকেই হয় হরমোন সমস্যা কারনে অথবা সে তো হিজড়া ও হতে পারে।তাহলে তুই কখন বিশ্বাস করবি সে যে মেয়ে??উত্তর দিলাম, আমি দেখলে","আমাকে একজন জিজ্ঞাসা করল,সাফা কবির যে মেয়ে তুই বিশ্বাস করস?আমি বললাম না, আমি যা দেখি না তা আমি বিশ্বাস করি না।কেন? তার মাথা লম্বা চুলে ভরাট, বুকে আছে দুটো বড় ইয়ে ও মেয়েলি স্বভাব, বিশ্বাস না করার কি আছে??আমি বন্ধুকে বললাম, অনেক পুরুষই এখন লম্বা চুল রাখে আর বুকের জিনিস ও মেয়েলি স্বভাব এগুলো অনেকেই হয় হরমোন সমস্যা কারনে অথবা সে তো হিজড়া ও হতে পারে।তাহলে তুই কখন বিশ্বাস করবি সে যে মেয়ে??উত্তর দিলাম, আমি দেখলে"
text withheld: corpus licence does not permit redistribution,0,0.0,banglasarc,"মার্কেট বন্ধ হলে সবাই দ্রুত কাজ শেষ করে বাড়ি ফিরবে,,,পরিবারকে সময় দিতে পারবে,","মার্কেট বন্ধ হলে সবাই দ্রুত কাজ শেষ করে বাড়ি ফিরবে,,,পরিবারকে সময় দিতে পারবে,"
text withheld: corpus licence does not permit redistribution,1,1.0,banglasarc,তিনি কে মনে করেন তিনি হ্যাপি গিলমোর?,তিনি কে মনে করেন তিনি হ্যাপি গিলমোর?
text withheld: corpus licence does not permit redistribution,1,1.0,banglasarc,আপনি যদি মানুষকে সত্য বলতে যাচ্ছেন তবে মজার হোন বা তারা আপনাকে হত্যা করবে।,আপনি যদি মানুষকে সত্য বলতে যাচ্ছেন তবে মজার হোন বা তারা আপনাকে হত্যা করবে।
text withheld: corpus licence does not permit redistribution,1,1.0,banglasarc,"আপনি যদি মনে করেন যে আপনি কার্যকর হওয়ার জন্য খুব ছোট, আপনি কখনও মশার সাথে অন্ধকারে ছিলেন না।","আপনি যদি মনে করেন যে আপনি কার্যকর হওয়ার জন্য খুব ছোট, আপনি কখনও মশার সাথে অন্ধকারে ছিলেন না।"
text withheld: corpus licence does not permit redistribution,0,0.0,banglasarc,আমি প্রথমে ৩ দিন এর পর ৫ দিন এর পর ২ দিন এর জন্য ব্লক খাইছিলাম,আমি প্রথমে ৩ দিন এর পর ৫ দিন এর পর ২ দিন এর জন্য ব্লক খাইছিলাম
text withheld: corpus licence does not permit redistribution,1,1.0,banglasarc,"আপনি কি কখনও কারও সাথে দেখা করেছেন এবং ভেবেছিলেন, ""গর্ভনিরোধকগুলি আবিষ্কার করার কারণ রয়েছে?""","আপনি কি কখনও কারও সাথে দেখা করেছেন এবং ভেবেছিলেন, ""গর্ভনিরোধকগুলি আবিষ্কার করার কারণ রয়েছে?"""
text withheld: corpus licence does not permit redistribution,0,0.0,banglasarc,সত্যি ই অনেক সুন্দর,সত্যি ই অনেক সুন্দর
text withheld: corpus licence does not permit redistribution,0,0.0,banglasarc,"আমরা আশা করবো, একজন দক্ষ,সৎ নারী অর্থসচিব থেকে অর্থ মন্ত্রণালয়ের লুট পাট বন্ধ হবে।","আমরা আশা করবো, একজন দক্ষ,সৎ নারী অর্থসচিব থেকে অর্থ মন্ত্রণালয়ের লুট পাট বন্ধ হবে।"
text withheld: corpus licence does not permit redistribution,0,0.0,banglasarc,ড.কামাল আপনার দাদা ও মায়ের এক সময়ের ঘনিষ্ঠ বন্ধু বা সহোচর।যার পাওনা তাকে না বুঝিয়ে দিয়ে উল্টো তাকে হেনস্তা করেন স্যাটেলাইট দিয়ে।,ড.কামাল আপনার দাদা ও মায়ের এক সময়ের ঘনিষ্ঠ বন্ধু বা সহোচর।যার পাওনা তাকে না বুঝিয়ে দিয়ে উল্টো তাকে হেনস্তা করেন স্যাটেলাইট দিয়ে।
text withheld: corpus licence does not permit redistribution,1,1.0,banglasarc,চোখের প্যাচ এবং তিনটি আঙ্গুলের সাথে ছেলেরা সেরা আতশবাজি বিক্রি করে,চোখের প্যাচ এবং তিনটি আঙ্গুলের সাথে ছেলেরা সেরা আতশবাজি বিক্রি করে
text withheld: corpus licence does not permit redistribution,1,1.0,banglasarc,ওহ ভাল জিনিস শিরোনাম এছাড়াও স্পয়লার ট্যাগ ছিল,ওহ ভাল জিনিস শিরোনাম এছাড়াও স্পয়লার ট্যাগ ছিল
text withheld: corpus licence does not permit redistribution,0,0.0,banglasarc,"বিদায় এর কথা ভাবলে বিয়েই করতে মন চায় না, মেয়েদের সব থেকে কষ্টকর ব্যাপার","বিদায় এর কথা ভাবলে বিয়েই করতে মন চায় না, মেয়েদের সব থেকে কষ্টকর ব্যাপার"
text withheld: corpus licence does not permit redistribution,0,0.0,banglasarc,আপনাকে অসংখ্য ধন্যবাদ এত সুন্দর করে লেখার জন্য। অনেক শুভকামনা রইল।,আপনাকে অসংখ্য ধন্যবাদ এত সুন্দর করে লেখার জন্য। অনেক শুভকামনা রইল।
text withheld: corpus licence does not permit redistribution,1,1.0,banglasarc,প্রত্যেকেরই বোকা হওয়ার অধিকার রয়েছে তবে আপনি সুযোগ -সুবিধাটি গালি দিচ্ছেন।,প্রত্যেকেরই বোকা হওয়ার অধিকার রয়েছে তবে আপনি সুযোগ -সুবিধাটি গালি দিচ্ছেন।
text withheld: corpus licence does not permit redistribution,0,0.0,banglasarc,হঠাৎ গর্ত থিকা বের হওনের মাজেজা কি? টাকায় টান পড়ছে নি?,হঠাৎ গর্ত থিকা বের হওনের মাজেজা কি? টাকায় টান পড়ছে নি?
text withheld: corpus licence does not permit redistribution,0,0.0,banglasarc,ভাবিকে নিয়ে একদিন আমাদের বাসায় আসবেন।,ভাবিকে নিয়ে একদিন আমাদের বাসায় আসবেন।
text withheld: corpus licence does not permit redistribution,0,0.0,banglasarc,"প্রথম আলো কি পাগল হয়ে গেছে....কি সব নাস্তিক নিয়ে আসছে...জনপ্রিয় তার জন্য,,, যে সাফা কবির আল্লাহ্","প্রথম আলো কি পাগল হয়ে গেছে....কি সব নাস্তিক নিয়ে আসছে...জনপ্রিয় তার জন্য,,, যে সাফা কবির আল্লাহ্"
text withheld: corpus licence does not permit redistribution,1,1.0,banglasarc,নেতৃত্ব হ'ল অন্য কাউকে আপনি যা করতে চান এমন কিছু করার শিল্পের শিল্প কারণ তিনি এটি করতে চান।,নেতৃত্ব হ'ল অন্য কাউকে আপনি যা করতে চান এমন কিছু করার শিল্পের শিল্প কারণ তিনি এটি করতে চান।
text withheld: corpus licence does not permit redistribution,0,0.0,banglasarc,এর চে ভুয়া আর কিছু হয়না। পুরা ফালতু গল্প,এর চে ভুয়া আর কিছু হয়না। পুরা ফালতু গল্প
text withheld: corpus licence does not permit redistribution,1,1.0,banglasarc,"আপনি আমাকে একটি পয়সা মনে করিয়ে দিয়েছেন। দ্বি-মুখী, এবং খুব বেশি মূল্য নেই।","আপনি আমাকে একটি পয়সা মনে করিয়ে দিয়েছেন। দ্বি-মুখী, এবং খুব বেশি মূল্য নেই।"
text withheld: corpus licence does not permit redistribution,0,0.0,banglasarc,সত্যতা প্ররোচার করার জন্য ধন্যবাদ।,সত্যতা প্ররোচার করার জন্য ধন্যবাদ।
text withheld: corpus licence does not permit redistribution,1,1.0,banglasarc,দুশ্চরিত্রা দয়া করে আপনার জন্ম শংসাপত্রটি কনডম কারখানার একটি ক্ষমা প্রার্থনা,দুশ্চরিত্রা দয়া করে আপনার জন্ম শংসাপত্রটি কনডম কারখানার একটি ক্ষমা প্রার্থনা
text withheld: corpus licence does not permit redistribution,0,0.0,banglasarc,হাসি.... <3 <3বাংলাদেশ কবে এমন হাসি হাসবে সাকিব ভাই,হাসি.... <3 <3বাংলাদেশ কবে এমন হাসি হাসবে সাকিব ভাই
text withheld: corpus licence does not permit redistribution,0,0.0,banglasarc,শুধু শুধু বিদেশি ভাব ধরলেই বিদেশি হওয়া যায় না এইটা তো কথাই বোঝা যায়,শুধু শুধু বিদেশি ভাব ধরলেই বিদেশি হওয়া যায় না এইটা তো কথাই বোঝা যায়
text withheld: corpus licence does not permit redistribution,0,0.0,banglasarc,জয় ভাই যে ভাবে বলে দিয়েছেন সে ভাবে ই হবে।,জয় ভাই যে ভাবে বলে দিয়েছেন সে ভাবে ই হবে।
text withheld: corpus licence does not permit redistribution,0,0.0,banglasarc,অনেক উন্নতি হইছে,অনেক উন্নতি হইছে
text withheld: corpus licence does not permit redistribution,0,0.0,banglasarc,তোমার ব্লগ আর সবার চেয়ে আলাদা।,তোমার ব্লগ আর সবার চেয়ে আলাদা।
text withheld: corpus licence does not permit redistribution,0,0.0,banglasarc,"আপুর হাসিটা অনেক সুন্দর, মাশাআল্লাহ। আর কথা বলার স্টাইল টা স্মুথ 😊","আপুর হাসিটা অনেক সুন্দর, মাশাআল্লাহ। আর কথা বলার স্টাইল টা স্মুথ 😊"
text withheld: corpus licence does not permit redistribution,1,1.0,banglasarc,যদি তারা এমন কাজ করে যে তারা আপনাকে ছাড়া বাঁচতে পারে ... তাদের এটি করতে সহায়তা করুন।,যদি তারা এমন কাজ করে যে তারা আপনাকে ছাড়া বাঁচতে পারে ... তাদের এটি করতে সহায়তা করুন।
text withheld: corpus licence does not permit redistribution,0,0.0,banglasarc,আপু আপনাদের শোরুম কোথায়,আপু আপনাদের শোরুম কোথায়
text withheld: corpus licence does not permit redistribution,1,1.0,banglasarc,পারিবারিক জীবনের অনানুষ্ঠানিকতা একটি ধন্য শর্ত যা আমাদের সবচেয়ে খারাপ দেখার সময় আমাদের সকলকে আমাদের সেরা হতে দেয়,পারিবারিক জীবনের অনানুষ্ঠানিকতা একটি ধন্য শর্ত যা আমাদের সবচেয়ে খারাপ দেখার সময় আমাদের সকলকে আমাদের সেরা হতে দেয়
text withheld: corpus licence does not permit redistribution,0,0.0,banglasarc,মানুষ যেখানে ফ্রি করে দেওয়া উচিত ছিল।সেখানে তারা দাম বাড়াইয়া দিছে মানুষের জীবনের চেয়ে টাকার দাম বেশি,মানুষ যেখানে ফ্রি করে দেওয়া উচিত ছিল।সেখানে তারা দাম বাড়াইয়া দিছে মানুষের জীবনের চেয়ে টাকার দাম বেশি
text withheld: corpus licence does not permit redistribution,0,0.0,banglasarc,খাবার পরিবেশনের মধ্যে রেস্টুরেন্টের মান রুচিশীলতা বোঝা যায়।,খাবার পরিবেশনের মধ্যে রেস্টুরেন্টের মান রুচিশীলতা বোঝা যায়।
text withheld: corpus licence does not permit redistribution,0,0.0,banglasarc,ভাইয়া লাদাখ ট্যুর নিয়ে একটা ভিডিও বানাই দেখান,ভাইয়া লাদাখ ট্যুর নিয়ে একটা ভিডিও বানাই দেখান
text withheld: corpus licence does not permit redistribution,0,0.0,banglasarc,"জুতা দিয়ে তোমার গালে মারা উচিত, আবাল বক্তব্য দিয়ে এখন বাঁচার চেষ্টা। মিথ্যুক একটা। নিশিত ওর পিছনে কোন শক্তি আছে যার জন্য এসব বলেছে।মিন্টু রোডের রিমান্ডে নিয়ে গরম ডিম ডোকালে সব বের হয়ে আসবে। সাম্প্রদায়িক দাঙ্গা লাগানোর একটা অপচেষ্টা।","জুতা দিয়ে তোমার গালে মারা উচিত, আবাল বক্তব্য দিয়ে এখন বাঁচার চেষ্টা। মিথ্যুক একটা। নিশিত ওর পিছনে কোন শক্তি আছে যার জন্য এসব বলেছে।মিন্টু রোডের রিমান্ডে নিয়ে গরম ডিম ডোকালে সব বের হয়ে আসবে। সাম্প্রদায়িক দাঙ্গা লাগানোর একটা অপচেষ্টা।"
text withheld: corpus licence does not permit redistribution,1,1.0,banglasarc,তারা বলে ভাল জিনিস সময় নেয়… .এই আমি সবসময় দেরী করি,তারা বলে ভাল জিনিস সময় নেয়… .এই আমি সবসময় দেরী করি
text withheld: corpus licence does not permit redistribution,1,1.0,banglasarc,পাপ হিসাবে ব্যবহৃত সমস্ত কিছুই এখন একটি রোগ।,পাপ হিসাবে ব্যবহৃত সমস্ত কিছুই এখন একটি রোগ।
text withheld: corpus licence does not permit redistribution,0,0.0,banglasarc,"কয়েকদিন আগে জিম করার টাইট পোশাক পরা একটা পিক দেখলাম। লেগিংস খানা ডান হাতে টেনে নিচের দিকে নামানো। আর এখন এই পিকটাও দেখলাম। আর হাসতে হাসতে ভাবলাম, জীবন আর সময় - যখন যেখানে যেমন।গুড লাক।","কয়েকদিন আগে জিম করার টাইট পোশাক পরা একটা পিক দেখলাম। লেগিংস খানা ডান হাতে টেনে নিচের দিকে নামানো। আর এখন এই পিকটাও দেখলাম। আর হাসতে হাসতে ভাবলাম, জীবন আর সময় - যখন যেখানে যেমন।গুড লাক।"
text withheld: corpus licence does not permit redistribution,1,1.0,banglasarc,"কর, বা না।কোন চেষ্টা নেই.","কর, বা না।কোন চেষ্টা নেই."
text withheld: corpus licence does not permit redistribution,0,0.0,banglasarc,ভেবেছিলাম তুই একটা ছেলে!!! এখন দেখি এটা একটা হিজরার id!!! এর জন্যেই সমকামিতার অধিকারের জন্য এত লম্ফঝম্প মারে । শালা সমকামির বাচ্চা!!!,ভেবেছিলাম তুই একটা ছেলে!!! এখন দেখি এটা একটা হিজরার id!!! এর জন্যেই সমকামিতার অধিকারের জন্য এত লম্ফঝম্প মারে । শালা সমকামির বাচ্চা!!!
text withheld: corpus licence does not permit redistribution,1,1.0,banglasarc,লোকেরা বলে আমি এমন আচরণ করি যে আমি যত্ন করি না।এটি কোনও কাজ নয়।,লোকেরা বলে আমি এমন আচরণ করি যে আমি যত্ন করি না।এটি কোনও কাজ নয়।
text withheld: corpus licence does not permit redistribution,1,1.0,banglasarc,দুঃখিত ... আপনার সাথে দেখা হয়েছে।,দুঃখিত ... আপনার সাথে দেখা হয়েছে।
text withheld: corpus licence does not permit redistribution,0,0.0,banglasarc,মদ বেশি খেয়ে ফেলছে! নাস্তিকের ঘরে নাস্তিক,মদ বেশি খেয়ে ফেলছে! নাস্তিকের ঘরে নাস্তিক
text withheld: corpus licence does not permit redistribution,1,1.0,banglasarc,"আমি ""সত্যই মিষ্টি"" এবং ""আমার সাথে গণ্ডগোল করবেন না"" এর একটি বিজোড় সংমিশ্রণ।","আমি ""সত্যই মিষ্টি"" এবং ""আমার সাথে গণ্ডগোল করবেন না"" এর একটি বিজোড় সংমিশ্রণ।"
text withheld: corpus licence does not permit redistribution,1,1.0,banglasarc,মা প্রকৃতি দুর্দান্ত।তিনি আমাদের বাচ্চাদের কিশোর -কিশোরীদের মধ্যে পরিণত করার আগে তাদের প্রতি ভালবাসা বিকাশের জন্য বারো বছর সময় দেন।,মা প্রকৃতি দুর্দান্ত।তিনি আমাদের বাচ্চাদের কিশোর -কিশোরীদের মধ্যে পরিণত করার আগে তাদের প্রতি ভালবাসা বিকাশের জন্য বারো বছর সময় দেন।
text withheld: corpus licence does not permit redistribution,1,1.0,banglasarc,"“লোকেরা মনে করে আমি তাদের প্রস্রাব করার জন্য আমার পথ থেকে বেরিয়ে যাই।আমাকে বিশ্বাস করুন, এটি আমার পথ থেকে একেবারেই বাইরে নয়। ""","“লোকেরা মনে করে আমি তাদের প্রস্রাব করার জন্য আমার পথ থেকে বেরিয়ে যাই।আমাকে বিশ্বাস করুন, এটি আমার পথ থেকে একেবারেই বাইরে নয়। """
text withheld: corpus licence does not permit redistribution,0,0.0,banglasarc,ভারতের উগ্র হিন্দুত্ববাদ এবং মুসলিমবিদ্বেষ অবশ্যই পরিহার করতে হবে।,ভারতের উগ্র হিন্দুত্ববাদ এবং মুসলিমবিদ্বেষ অবশ্যই পরিহার করতে হবে।
text withheld: corpus licence does not permit redistribution,1,1.0,banglasarc,"যখন দু'জন অহংকারের সাথে দেখা হয়, এটি আমি একটি i এর জন্য","যখন দু'জন অহংকারের সাথে দেখা হয়, এটি আমি একটি i এর জন্য"
text withheld: corpus licence does not permit redistribution,0,0.0,banglasarc,খুব মহৎ কাজ❤❤❤,খুব মহৎ কাজ❤❤❤
text withheld: corpus licence does not permit redistribution,0,0.0,banglasarc,দুই হাজার মানুষের ইফতারের জন্য আস্ত গরু দিয়ে তেহারি রান্না করার সম্পূর্ণ প্রক্রিয়া এবং তার রেসিপি।,দুই হাজার মানুষের ইফতারের জন্য আস্ত গরু দিয়ে তেহারি রান্না করার সম্পূর্ণ প্রক্রিয়া এবং তার রেসিপি।
text withheld: corpus licence does not permit redistribution,0,0.0,banglasarc,"এটা ঠিক হয় নি,একটা দুইটা গাছের জন্য সাধারণ কৃষককে কারাগারে যেতে হবে খুবই দুঃখ জনক,এটা নিয়ে এখন ভাবতে হবে, রংপুরে যেভাবে তামাক চাষ হয়,এভাবে এটা চাষ করে অনেক অর্থ ও রপ্তানি করা যায়😄","এটা ঠিক হয় নি,একটা দুইটা গাছের জন্য সাধারণ কৃষককে কারাগারে যেতে হবে খুবই দুঃখ জনক,এটা নিয়ে এখন ভাবতে হবে, রংপুরে যেভাবে তামাক চাষ হয়,এভাবে এটা চাষ করে অনেক অর্থ ও রপ্তানি করা যায়😄"
text withheld: corpus licence does not permit redistribution,1,1.0,banglasarc,এটি একটি সুন্দর পোষাক।খুব খারাপ আপনি এটি আপনার আকারে খুঁজে পেতে পারেন নি।,এটি একটি সুন্দর পোষাক।খুব খারাপ আপনি এটি আপনার আকারে খুঁজে পেতে পারেন নি।
text withheld: corpus licence does not permit redistribution,0,0.0,banglasarc,আপনাদের নিউজ করার মত আর কিছু আছে?,আপনাদের নিউজ করার মত আর কিছু আছে?
text withheld: corpus licence does not permit redistribution,0,0.0,banglasarc,আমি প্রথম দুই লাইন পড়ে অজ্ঞান হইতে নিছিলাম,আমি প্রথম দুই লাইন পড়ে অজ্ঞান হইতে নিছিলাম
text withheld: corpus licence does not permit redistribution,0,0.0,banglasarc,"আলহামদুলিল্লাহ! আল্লাহ্ সবাইকে শারীরিক সুস্থতার সহিত, আল্লাহর পথে খেদমত করার তৌফিক দান করুন।","আলহামদুলিল্লাহ! আল্লাহ্ সবাইকে শারীরিক সুস্থতার সহিত, আল্লাহর পথে খেদমত করার তৌফিক দান করুন।"
text withheld: corpus licence does not permit redistribution,0,0.0,banglasarc,আমি দোয়া করি সে যেন নিজের আশা পুরন করতে পারে,আমি দোয়া করি সে যেন নিজের আশা পুরন করতে পারে
text withheld: corpus licence does not permit redistribution,0,0.0,banglasarc,প্রয়োজন ছাড়া হাইওয়েতে বাইক চালাবেন না।,প্রয়োজন ছাড়া হাইওয়েতে বাইক চালাবেন না।
text withheld: corpus licence does not permit redistribution,1,1.0,banglasarc,"আমার কাছে এ না ... হোল, কারণ তখন আমাকে আপনার কাছে একটি হোল হতে হবে।এবং আমি আপনার চেয়ে একটি হোলে আরও ভাল।","আমার কাছে এ না ... হোল, কারণ তখন আমাকে আপনার কাছে একটি হোল হতে হবে।এবং আমি আপনার চেয়ে একটি হোলে আরও ভাল।"
text withheld: corpus licence does not permit redistribution,0,0.0,banglasarc,আমাদের সুনামগঞ্জের অবস্থাও খুবই খারাপ আর দ্রুত গতিতে বারছে বন্যার পানি সাথে বারিবর্ষণ,আমাদের সুনামগঞ্জের অবস্থাও খুবই খারাপ আর দ্রুত গতিতে বারছে বন্যার পানি সাথে বারিবর্ষণ
text withheld: corpus licence does not permit redistribution,0,0.0,banglasarc,হুম তিস্তা ব্রিজ নিয়ে আন্দোলন হউক,হুম তিস্তা ব্রিজ নিয়ে আন্দোলন হউক
text withheld: corpus licence does not permit redistribution,0,0.0,banglasarc,"মন একজন মানুষকে আমি জানি, যার কাছে সিভি ফরওয়ার্ড করে এখন পর্যন্ত হতাশ হয়নি সিজিপিএ এর কারনে,","মন একজন মানুষকে আমি জানি, যার কাছে সিভি ফরওয়ার্ড করে এখন পর্যন্ত হতাশ হয়নি সিজিপিএ এর কারনে,"
text withheld: corpus licence does not permit redistribution,1,1.0,banglasarc,"আপনার পরিবার যত বড়, আপনার সমস্যাগুলি তত বড়।","আপনার পরিবার যত বড়, আপনার সমস্যাগুলি তত বড়।"
text withheld: corpus licence does not permit redistribution,0,0.0,banglasarc,"আমার মনের কথা বলে দিলেন,কিন্তু বিবাহ করিব না","আমার মনের কথা বলে দিলেন,কিন্তু বিবাহ করিব না"
text withheld: corpus licence does not permit redistribution,0,0.0,banglasarc,এবার সাংবাদিক ভাইদের সপ্তাহ দশদিন নিউজের জন্য চিন্তা করতে হবেনা।,এবার সাংবাদিক ভাইদের সপ্তাহ দশদিন নিউজের জন্য চিন্তা করতে হবেনা।
text withheld: corpus licence does not permit redistribution,1,1.0,banglasarc,আত্মবিশ্বাস 10% কাজ এবং 90% বিভ্রান্তি।,আত্মবিশ্বাস 10% কাজ এবং 90% বিভ্রান্তি।
text withheld: corpus licence does not permit redistribution,0,0.0,banglasarc,সন্তানকে গর্ভে ধারণ করেন মা। আর বাবারা?,সন্তানকে গর্ভে ধারণ করেন মা। আর বাবারা?
text withheld: corpus licence does not permit redistribution,1,1.0,banglasarc,আমরা অবশ্যই এই দুর্নীতিতে একত্রিত হতে পারি এবং এমন একটি আমেরিকা ভাগ করে নিতে পারি যা মানুষকে একত্রিত করে এবং এই হাতা ডেমসের মতো তাদের ভাগ করে না।,আমরা অবশ্যই এই দুর্নীতিতে একত্রিত হতে পারি এবং এমন একটি আমেরিকা ভাগ করে নিতে পারি যা মানুষকে একত্রিত করে এবং এই হাতা ডেমসের মতো তাদের ভাগ করে না।
text withheld: corpus licence does not permit redistribution,0,0.0,banglasarc,বরিশাল থেকে,বরিশাল থেকে
text withheld: corpus licence does not permit redistribution,1,1.0,banglasarc,"""আপনি কেনাকাটা করার সময় ঘামছেন যখন আপনি অনুশীলন হিসাবে গণনা করেন।""","""আপনি কেনাকাটা করার সময় ঘামছেন যখন আপনি অনুশীলন হিসাবে গণনা করেন।"""
text withheld: corpus licence does not permit redistribution,0,0.0,banglasarc,মিকআপ ছারা চেহারাগুলো দেখেন যারা বিয়ে করতে চান,মিকআপ ছারা চেহারাগুলো দেখেন যারা বিয়ে করতে চান
text withheld: corpus licence does not permit redistribution,0,0.0,banglasarc,ঢাকা শহরে নিরাপত্তা বাতির কত অভাব সেটা রাত ৮টার পরে দোকান বন্ধ হলেই টের পাওয়া যাবে...,ঢাকা শহরে নিরাপত্তা বাতির কত অভাব সেটা রাত ৮টার পরে দোকান বন্ধ হলেই টের পাওয়া যাবে...
text withheld: corpus licence does not permit redistribution,0,0.0,banglasarc,শালার ভারত ভারত আর কোনো দেশ নাই পৃথিবীতে।,শালার ভারত ভারত আর কোনো দেশ নাই পৃথিবীতে।
text withheld: corpus licence does not permit redistribution,1,1.0,banglasarc,আমি সত্যই ভেবেছিলাম তারা ভুল করে একটি শূন্য ছেড়ে দিয়েছে,আমি সত্যই ভেবেছিলাম তারা ভুল করে একটি শূন্য ছেড়ে দিয়েছে
text withheld: corpus licence does not permit redistribution,0,0.0,banglasarc,রমজানকে রমাদান বলাটাও কিন্তু ফাইজলামি করাই হয়!! ঠিকমতো শুদ্ধ বাংলা বলেন! বাংলা বলা লজ্জার কিছু না,রমজানকে রমাদান বলাটাও কিন্তু ফাইজলামি করাই হয়!! ঠিকমতো শুদ্ধ বাংলা বলেন! বাংলা বলা লজ্জার কিছু না
text withheld: corpus licence does not permit redistribution,1,1.0,banglasarc,আপনি যখন আমার সাথে কথা বলছেন তখন মুখ বন্ধ করুন,আপনি যখন আমার সাথে কথা বলছেন তখন মুখ বন্ধ করুন
text withheld: corpus licence does not permit redistribution,1,1.0,banglasarc,আপনি যদি আমাকে আপত্তিকর মনে করেন।তারপরে আমি আপনাকে আমাকে সন্ধান করা ছেড়ে দেওয়ার পরামর্শ দিচ্ছি।,আপনি যদি আমাকে আপত্তিকর মনে করেন।তারপরে আমি আপনাকে আমাকে সন্ধান করা ছেড়ে দেওয়ার পরামর্শ দিচ্ছি।
text withheld: corpus licence does not permit redistribution,0,0.0,banglasarc,সবার জন্য সেম বেতন থাকবে,সবার জন্য সেম বেতন থাকবে
text withheld: corpus licence does not permit redistribution,0,0.0,banglasarc,জনগনকে থামানোর নতুন পাঁইতারা 😂,জনগনকে থামানোর নতুন পাঁইতারা 😂
text withheld: corpus licence does not permit redistribution,0,0.0,banglasarc,জীবন সেখানেই সুন্দর যেখানে ভালোবাসা গুলো পূর্ণতা পায় নিজের মতো।,জীবন সেখানেই সুন্দর যেখানে ভালোবাসা গুলো পূর্ণতা পায় নিজের মতো।
text withheld: corpus licence does not permit redistribution,0,0.0,banglasarc,সাহস সবার থাকেনা। নিজের মতামত সবাই তুলে ধরতে পারেনা।,সাহস সবার থাকেনা। নিজের মতামত সবাই তুলে ধরতে পারেনা।
text withheld: corpus licence does not permit redistribution,1,1.0,banglasarc,যদি আপনার অবশ্যই কোনও শব্দ করতে হয় তবে চুপচাপ তৈরি করুন,যদি আপনার অবশ্যই কোনও শব্দ করতে হয় তবে চুপচাপ তৈরি করুন
text withheld: corpus licence does not permit redistribution,1,1.0,banglasarc,"""দেরি করার জন্য দুঃখিত.আমি এখানে না থাকার শেষ কয়েক মিনিট উপভোগ করে ধরা পড়েছি। ""","""দেরি করার জন্য দুঃখিত.আমি এখানে না থাকার শেষ কয়েক মিনিট উপভোগ করে ধরা পড়েছি। """
text withheld: corpus licence does not permit redistribution,0,0.0,banglasarc,"যারা বাজে কমেন্ট করছেন তাদেরকে বলি,,, আপনারা কেনো নিজের মুখ নষ্ঠ করছেন???? কোন কুলাঙ্গার যদি পরকাল না মানে তাতে তো কারো কোন ক্ষতি হবে না,,,,মৃত্যুর পরে বাম্বু গেলে নিজেই টের পাবে,,,কি যে মজা স্টাইল এমনিতেই ঢুকে যাবে,,,,ধন্যবাদ","যারা বাজে কমেন্ট করছেন তাদেরকে বলি,,, আপনারা কেনো নিজের মুখ নষ্ঠ করছেন???? কোন কুলাঙ্গার যদি পরকাল না মানে তাতে তো কারো কোন ক্ষতি হবে না,,,,মৃত্যুর পরে বাম্বু গেলে নিজেই টের পাবে,,,কি যে মজা স্টাইল এমনিতেই ঢুকে যাবে,,,,ধন্যবাদ"
text withheld: corpus licence does not permit redistribution,1,1.0,banglasarc,"""যখন জীবন আপনাকে লেবু দেয়, তখন তাদের মানুষের চোখে চেপে ধরুন।""","""যখন জীবন আপনাকে লেবু দেয়, তখন তাদের মানুষের চোখে চেপে ধরুন।"""
text withheld: corpus licence does not permit redistribution,0,0.0,banglasarc,কিছুদিনের মধ্যেই যাব ভাই😊,কিছুদিনের মধ্যেই যাব ভাই😊
text withheld: corpus licence does not permit redistribution,0,0.0,banglasarc,পৃথিবীর এমন কিছু জায়গা আছে ।। সেগুলো যদি চোখে ধরে ।। তাহলে আমরা আল্লাহর কাছে অশেষ কৃতজ্ঞতা জানাই । আর আল্লাহ মালিক ।। আর ভাই আপনার যাত্রা শুভ হোক ।।,পৃথিবীর এমন কিছু জায়গা আছে ।। সেগুলো যদি চোখে ধরে ।। তাহলে আমরা আল্লাহর কাছে অশেষ কৃতজ্ঞতা জানাই । আর আল্লাহ মালিক ।। আর ভাই আপনার যাত্রা শুভ হোক ।।
text withheld: corpus licence does not permit redistribution,1,1.0,banglasarc,আপনি আমাকে নীরব চিকিত্সা দিচ্ছেন?অবশেষে।,আপনি আমাকে নীরব চিকিত্সা দিচ্ছেন?অবশেষে।
text withheld: corpus licence does not permit redistribution,0,0.0,banglasarc,কিভাবে অভিনয়ের মধ্যে মানুষের জীবনের বাস্তব চিত্র ফুটিয়ে তুলতে পারে।,কিভাবে অভিনয়ের মধ্যে মানুষের জীবনের বাস্তব চিত্র ফুটিয়ে তুলতে পারে।
text withheld: corpus licence does not permit redistribution,1,1.0,banglasarc,"সমস্ত মেয়েরা চিনি এবং মশলা দিয়ে তৈরি হয় না এবং সবকিছু সুন্দর।কিছু মেয়ে কটাক্ষ, বাতাস এবং সবকিছু দিয়ে তৈরি হয়","সমস্ত মেয়েরা চিনি এবং মশলা দিয়ে তৈরি হয় না এবং সবকিছু সুন্দর।কিছু মেয়ে কটাক্ষ, বাতাস এবং সবকিছু দিয়ে তৈরি হয়"
text withheld: corpus licence does not permit redistribution,0,0.0,banglasarc,এমন পোস্ট দেখে আমার শুধুই হাঁসি পায়। পরকালে বিশ্বাস করেনা উনি কিন্তু আল্লাহর কাছে বিচার দেয়। কথায় আছে লজ্জাহীনরা উলঙ্গ হলেও তারা কখনো লজ্জা পয় না। লজ্জা থাকলে আল্লাহর কাছে তওবা করে দীন অনুযায়ী চলো ফেসবুকে পোস্ট করে অভিনয় করতে হবেনা। পাবলিক বুঝবে আসলেই তুমি ঠিক হইছো। নয়তো পাবলিক তোমারে বড় বড় বাঁশ দিবে।,এমন পোস্ট দেখে আমার শুধুই হাঁসি পায়। পরকালে বিশ্বাস করেনা উনি কিন্তু আল্লাহর কাছে বিচার দেয়। কথায় আছে লজ্জাহীনরা উলঙ্গ হলেও তারা কখনো লজ্জা পয় না। লজ্জা থাকলে আল্লাহর কাছে তওবা করে দীন অনুযায়ী চলো ফেসবুকে পোস্ট করে অভিনয় করতে হবেনা। পাবলিক বুঝবে আসলেই তুমি ঠিক হইছো। নয়তো পাবলিক তোমারে বড় বড় বাঁশ দিবে।
text withheld: corpus licence does not permit redistribution,0,0.0,banglasarc,পরীক্ষা কাছাইলে করোনা বাড়ে😑😑,পরীক্ষা কাছাইলে করোনা বাড়ে😑😑
text withheld: corpus licence does not permit redistribution,1,1.0,banglasarc,"আমি শুনছি না, তবে কথা বলতে থাকি।আপনার ভয়েস যেভাবে আমার কানকে রক্তপাত করে তোলে তা আমি উপভোগ করি।","আমি শুনছি না, তবে কথা বলতে থাকি।আপনার ভয়েস যেভাবে আমার কানকে রক্তপাত করে তোলে তা আমি উপভোগ করি।"
text withheld: corpus licence does not permit redistribution,0,0.0,banglasarc,"এমন পাহাড়ের উপর দিয়ে প্রতিদিন হাটি, তবে কোন ফিল পাই না😥","এমন পাহাড়ের উপর দিয়ে প্রতিদিন হাটি, তবে কোন ফিল পাই না😥"
text withheld: corpus licence does not permit redistribution,0,0.0,banglasarc,জীবন অতিষ্ঠ হয়ে যখন...,জীবন অতিষ্ঠ হয়ে যখন...
text withheld: corpus licence does not permit redistribution,1,1.0,banglasarc,শক্তিশালী লোকেরা অন্যকে নামিয়ে দেয় না।তারা তাদের উপরে তুলে মাটিতে স্ল্যাম করে।,শক্তিশালী লোকেরা অন্যকে নামিয়ে দেয় না।তারা তাদের উপরে তুলে মাটিতে স্ল্যাম করে।
text withheld: corpus licence does not permit redistribution,0,0.0,banglasarc,"অতি বৃষ্টির জন্য,, পাহাড়ি ঢলে রুপ নিয়েছে,,,যা অতি মাত্রায় ভয়ংকর ও বিপদজনক।","অতি বৃষ্টির জন্য,, পাহাড়ি ঢলে রুপ নিয়েছে,,,যা অতি মাত্রায় ভয়ংকর ও বিপদজনক।"
text withheld: corpus licence does not permit redistribution,0,0.0,banglasarc,এটা কি আনন্দ নাকি প্রাকৃতিক বিপর্যয়? এরচেয়ে পরিষ্কার পানি এখন হাতিরঝিলে।,এটা কি আনন্দ নাকি প্রাকৃতিক বিপর্যয়? এরচেয়ে পরিষ্কার পানি এখন হাতিরঝিলে।
text withheld: corpus licence does not permit redistribution,0,0.0,banglasarc,এদেশে এত উন্নয়ন হয়েছে যে আল্লাহ মাফ করুন দেশ এবার অর্ধেক পানির নিচে না যায় কারন বর্ষা শুরু হওয়ার আগেই বন্যা হয়েছে।,এদেশে এত উন্নয়ন হয়েছে যে আল্লাহ মাফ করুন দেশ এবার অর্ধেক পানির নিচে না যায় কারন বর্ষা শুরু হওয়ার আগেই বন্যা হয়েছে।
text withheld: corpus licence does not permit redistribution,0,0.0,banglasarc,আপনার কথা বলার ধরণ এবং বাচনভঙ্গি অসাধারণ।,আপনার কথা বলার ধরণ এবং বাচনভঙ্গি অসাধারণ।
text withheld: corpus licence does not permit redistribution,0,0.0,banglasarc,"শহরের ভিতরে এমন অবস্থা,,,তাহলে চিন্তা করেন গ্রামের দিকে কী অবস্থা।","শহরের ভিতরে এমন অবস্থা,,,তাহলে চিন্তা করেন গ্রামের দিকে কী অবস্থা।"
text withheld: corpus licence does not permit redistribution,1,1.0,banglasarc,নীরবতা সোনালি। নালী টেপ রৌপ্য।,নীরবতা সোনালি। নালী টেপ রৌপ্য।
text withheld: corpus licence does not permit redistribution,0,0.0,banglasarc,এটাই জীবনের মানে।,এটাই জীবনের মানে।
text withheld: corpus licence does not permit redistribution,1,1.0,banglasarc,আপনি যদি পারিবারিক কঙ্কাল থেকে মুক্তি না পান তবে আপনি এটি নাচও করতে পারেন।,আপনি যদি পারিবারিক কঙ্কাল থেকে মুক্তি না পান তবে আপনি এটি নাচও করতে পারেন।
text withheld: corpus licence does not permit redistribution,0,0.0,banglasarc,"সারাদিন শতাধিকবার দেখলাম, এত্তো ভালো লাগছে","সারাদিন শতাধিকবার দেখলাম, এত্তো ভালো লাগছে"
text withheld: corpus licence does not permit redistribution,0,0.0,banglasarc,মাফ ছাড়া যে তোর কিছুই নাই শয়তান ? আমি জানিনা তোর পিতামাতা আসলে কে ? তোরে যদি তোর ১৪ গুষ্টি নামাজ পড়ে তোর তো এমন কথা মুখ দিয়ে বের হবার কথা নয় ?,মাফ ছাড়া যে তোর কিছুই নাই শয়তান ? আমি জানিনা তোর পিতামাতা আসলে কে ? তোরে যদি তোর ১৪ গুষ্টি নামাজ পড়ে তোর তো এমন কথা মুখ দিয়ে বের হবার কথা নয় ?
text withheld: corpus licence does not permit redistribution,1,1.0,banglasarc,আজ আপনাকে পছন্দ করার ভান করার শক্তি আমার নেই।,আজ আপনাকে পছন্দ করার ভান করার শক্তি আমার নেই।
text withheld: corpus licence does not permit redistribution,0,0.0,banglasarc,দোকান দাররে ধইরা ইচ্ছা মত বানানো উচিত,দোকান দাররে ধইরা ইচ্ছা মত বানানো উচিত
text withheld: corpus licence does not permit redistribution,0,0.0,banglasarc,"আপনাদের মতো মেয়েদের কারণে বাকীরা খারাপ হয়,আর নাস্তিক ট্যাগ লাগে,, লজ্জা হওয়া উচিত, বেয়াদব মেয়ে,,একজন মুসলমানের কন্যা হয়ে ভরা মজলিশে বলে উঠলেন আপনি পরোকালে বিশ্বাসী না, কেনোনা আপনি তা চোখে দেখেন না, আর যা দেখেন না তা বিশ্বাস করেন না,,লানৎ।","আপনাদের মতো মেয়েদের কারণে বাকীরা খারাপ হয়,আর নাস্তিক ট্যাগ লাগে,, লজ্জা হওয়া উচিত, বেয়াদব মেয়ে,,একজন মুসলমানের কন্যা হয়ে ভরা মজলিশে বলে উঠলেন আপনি পরোকালে বিশ্বাসী না, কেনোনা আপনি তা চোখে দেখেন না, আর যা দেখেন না তা বিশ্বাস করেন না,,লানৎ।"
text withheld: corpus licence does not permit redistribution,0,0.0,banglasarc,জায়গাটার প্রেমে পড়ে গেলাম🥰,জায়গাটার প্রেমে পড়ে গেলাম🥰
text withheld: corpus licence does not permit redistribution,1,1.0,banglasarc,সম্ভবত কারণ তার ভাই একটি বড় ব্যাপার!,সম্ভবত কারণ তার ভাই একটি বড় ব্যাপার!
text withheld: corpus licence does not permit redistribution,0,0.0,banglasarc,হিরো টা ভালো লাগছে না,হিরো টা ভালো লাগছে না
text withheld: corpus licence does not permit redistribution,0,0.0,banglasarc,বাংলাদেশের সবচেয়ে বড় পাতিলে একবারে দুই হাজার মানুষের,বাংলাদেশের সবচেয়ে বড় পাতিলে একবারে দুই হাজার মানুষের
text withheld: corpus licence does not permit redistribution,0,0.0,banglasarc,সংগ্রামী লাল সালাম,সংগ্রামী লাল সালাম
text withheld: corpus licence does not permit redistribution,0,0.0,banglasarc,ধন্যবাদ বস এ জেন স্বপ্নের মত আল্লাহ আপনার মঙ্গল করুন,ধন্যবাদ বস এ জেন স্বপ্নের মত আল্লাহ আপনার মঙ্গল করুন
text withheld: corpus licence does not permit redistribution,0,0.0,banglasarc,আশা করি সুন্দর একটা লোগো পাবো শুভকামনা রইল,আশা করি সুন্দর একটা লোগো পাবো শুভকামনা রইল
text withheld: corpus licence does not permit redistribution,1,1.0,banglasarc,"হ্যাঁ, আমি মিড-কনভার্সেশন চলে গেলাম।আপনি আমাকে মৃত্যুর দিকে বিরক্ত করছিলেন এবং আমার বেঁচে থাকার প্রবৃত্তিগুলি লাথি মেরেছিল।","হ্যাঁ, আমি মিড-কনভার্সেশন চলে গেলাম।আপনি আমাকে মৃত্যুর দিকে বিরক্ত করছিলেন এবং আমার বেঁচে থাকার প্রবৃত্তিগুলি লাথি মেরেছিল।"
text withheld: corpus licence does not permit redistribution,0,0.0,banglasarc,ভুল করে থাকি মানিকি ?ওকে আপনি আল্লাহ এবং পরকাল কে বিশ্বাস করেন কি করেন নাহ আপনার বেপার .যদি আপনি নিজেকে মুসলান মনে করে থাকেন তো আপনাকে অবশ্যই আল্লাহ এবং পরকাল দুইটা ই বিশ্বাস করতে হবে .আর যদি না করেন আমরা ধরে নিবো আপনি হয় নাস্তিক আর না হয় অন্য ধর্মের .দয়া করে ধর্ম আর হাদিস নিয়ে খেলা করবেননা আর মন গড়া কিছু মিডিয়া তে বলে ইসলাম কে কুলুষিত করবেন নাহ .আল্লাহ এর ওয়াস্তে আপনার এবং আপনার মত সবার কাছে হাত জোর রিকুয়েস্ট রইলো .আল্লাহ আমাদের হেদায়েত নাসিব করুক .আমীন,ভুল করে থাকি মানিকি ?ওকে আপনি আল্লাহ এবং পরকাল কে বিশ্বাস করেন কি করেন নাহ আপনার বেপার .যদি আপনি নিজেকে মুসলান মনে করে থাকেন তো আপনাকে অবশ্যই আল্লাহ এবং পরকাল দুইটা ই বিশ্বাস করতে হবে .আর যদি না করেন আমরা ধরে নিবো আপনি হয় নাস্তিক আর না হয় অন্য ধর্মের .দয়া করে ধর্ম আর হাদিস নিয়ে খেলা করবেননা আর মন গড়া কিছু মিডিয়া তে বলে ইসলাম কে কুলুষিত করবেন নাহ .আল্লাহ এর ওয়াস্তে আপনার এবং আপনার মত সবার কাছে হাত জোর রিকুয়েস্ট রইলো .আল্লাহ আমাদের হেদায়েত নাসিব করুক .আমীন
text withheld: corpus licence does not permit redistribution,1,1.0,banglasarc,তুমি মেয়ে!এবং ফিরে আসবেন না।,তুমি মেয়ে!এবং ফিরে আসবেন না।
text withheld: corpus licence does not permit redistribution,0,0.0,banglasarc,নাস্তিককে গালিগালাজ করলে অশেষ নেকী আর বেহেস্ত কনফার্ম।-জনৈক মোল্লা,নাস্তিককে গালিগালাজ করলে অশেষ নেকী আর বেহেস্ত কনফার্ম।-জনৈক মোল্লা
text withheld: corpus licence does not permit redistribution,0,0.0,banglasarc,গাছ লাগান পরিবেশ বাচান,গাছ লাগান পরিবেশ বাচান
text withheld: corpus licence does not permit redistribution,0,0.0,banglasarc,ঢাকা বিশ্ববিদ্যালয়ে মান সম্পন্ন শিক্ষক নেই,ঢাকা বিশ্ববিদ্যালয়ে মান সম্পন্ন শিক্ষক নেই
text withheld: corpus licence does not permit redistribution,0,0.0,banglasarc,অবশ্যই দেখবেন কিন্তু! 🥰,অবশ্যই দেখবেন কিন্তু! 🥰
text withheld: corpus licence does not permit redistribution,0,0.0,banglasarc,"দামটা আগে বলে দিলে পুরো বিডিও দেখতাম না, বোগাস প্রোডাক্ট","দামটা আগে বলে দিলে পুরো বিডিও দেখতাম না, বোগাস প্রোডাক্ট"
text withheld: corpus licence does not permit redistribution,0,0.0,banglasarc,ভালো কথা সুনতে ও ভালো লাগে।,ভালো কথা সুনতে ও ভালো লাগে।
text withheld: corpus licence does not permit redistribution,0,0.0,banglasarc,যোগ্যতা থাকলে সবাইকে দেশের সেবা করার জন্য এগিয়ে আসতে হবে,যোগ্যতা থাকলে সবাইকে দেশের সেবা করার জন্য এগিয়ে আসতে হবে
text withheld: corpus licence does not permit redistribution,0,0.0,banglasarc,এর পর বলবে মহিলা মানষিক রোগী। ইনার কিছুই হবে না। যেখানে পোষ্টারের উপর পোষ্টার লাগাইলেও দেশাদ্রোহি মামলা হয় সেখানে তিনি বহালতবিয়ত এ আছেন। মুল উদ্দেশ্যে ঠিকি হাসিল করে নিয়েছেন চিকন বুধ্বি দিয়া।,এর পর বলবে মহিলা মানষিক রোগী। ইনার কিছুই হবে না। যেখানে পোষ্টারের উপর পোষ্টার লাগাইলেও দেশাদ্রোহি মামলা হয় সেখানে তিনি বহালতবিয়ত এ আছেন। মুল উদ্দেশ্যে ঠিকি হাসিল করে নিয়েছেন চিকন বুধ্বি দিয়া।
text withheld: corpus licence does not permit redistribution,1,1.0,banglasarc,"তিনি তাদের সমস্ত জঘন্য বাচ্চা পেয়েছেন, বাম দিকে সোয়াইপ করেছেন।","তিনি তাদের সমস্ত জঘন্য বাচ্চা পেয়েছেন, বাম দিকে সোয়াইপ করেছেন।"
text withheld: corpus licence does not permit redistribution,0,0.0,banglasarc,তারা কিন্তু এই পেইজ টা ঘুড়ে আসতে পারেন,তারা কিন্তু এই পেইজ টা ঘুড়ে আসতে পারেন
text withheld: corpus licence does not permit redistribution,0,0.0,banglasarc,মেয়েরা সাজতে বসা মানে রীতিমতো যুদ্ধ করা,মেয়েরা সাজতে বসা মানে রীতিমতো যুদ্ধ করা
text withheld: corpus licence does not permit redistribution,0,0.0,banglasarc,পারফেক্ট সময়ে সিঙ্গাইর যাওয়া হয়েছে অাপনাদের। শীতের এই সময় অামাদের সিঙ্গাইর এলাকার সৌন্দর্য উপভোগ করার মত।,পারফেক্ট সময়ে সিঙ্গাইর যাওয়া হয়েছে অাপনাদের। শীতের এই সময় অামাদের সিঙ্গাইর এলাকার সৌন্দর্য উপভোগ করার মত।
text withheld: corpus licence does not permit redistribution,0,0.0,banglasarc,আমরা কিছুই চাইনা,আমরা কিছুই চাইনা
text withheld: corpus licence does not permit redistribution,0,0.0,banglasarc,আলহামদুলিল্লাহ! ঈদ মোবারক!,আলহামদুলিল্লাহ! ঈদ মোবারক!
text withheld: corpus licence does not permit redistribution,1,1.0,banglasarc,লোকেরা কী ভাবেন তা নিয়ে চিন্তা করবেন না।তারা খুব প্রায়ই এটি করে না।,লোকেরা কী ভাবেন তা নিয়ে চিন্তা করবেন না।তারা খুব প্রায়ই এটি করে না।
text withheld: corpus licence does not permit redistribution,1,1.0,banglasarc,"একজন সেলিব্রিটি এমন একজন ব্যক্তি যিনি সুপরিচিত হওয়ার জন্য সারা জীবন কঠোর পরিশ্রম করেন, তারপরে স্বীকৃতি না এড়াতে গা dark ় চশমা পরেন।","একজন সেলিব্রিটি এমন একজন ব্যক্তি যিনি সুপরিচিত হওয়ার জন্য সারা জীবন কঠোর পরিশ্রম করেন, তারপরে স্বীকৃতি না এড়াতে গা dark ় চশমা পরেন।"
text withheld: corpus licence does not permit redistribution,1,1.0,banglasarc,ভাল আমার কাল্পনিক বন্ধু মনে করে আপনার গুরুতর মানসিক সমস্যা আছে,ভাল আমার কাল্পনিক বন্ধু মনে করে আপনার গুরুতর মানসিক সমস্যা আছে
text withheld: corpus licence does not permit redistribution,0,0.0,banglasarc,তর সেফুদা র কাছে যাবার সময় হয়সে। পাগলা বেয়াদব /অসভ্য / ইতর/ গরিব।। নাস্তিক পরিবার এর তেলাপোকা র মত চেহারাটা।,তর সেফুদা র কাছে যাবার সময় হয়সে। পাগলা বেয়াদব /অসভ্য / ইতর/ গরিব।। নাস্তিক পরিবার এর তেলাপোকা র মত চেহারাটা।
text withheld: corpus licence does not permit redistribution,0,0.0,banglasarc,"তুই আমার বালের বাঙ্গালি,সারাদিন জিন্স টপস পইরা নটীবাজি আর মাগীগিরি করস ওগুলো কোন আমলের বাঙ্গালির পোষাক?একদিনে বাঙ্গালি সাইজা ভং ধরিস না।bangali চুদাস আর কথা শুরু করসস হাই এভ্রিওয়ান দিয়া","তুই আমার বালের বাঙ্গালি,সারাদিন জিন্স টপস পইরা নটীবাজি আর মাগীগিরি করস ওগুলো কোন আমলের বাঙ্গালির পোষাক?একদিনে বাঙ্গালি সাইজা ভং ধরিস না।bangali চুদাস আর কথা শুরু করসস হাই এভ্রিওয়ান দিয়া"
text withheld: corpus licence does not permit redistribution,0,0.0,banglasarc,আল্লাহ তায়ালা কাছে বলি তোমাকে যেন হেদায়াত দান করেন এসব ভালো না,আল্লাহ তায়ালা কাছে বলি তোমাকে যেন হেদায়াত দান করেন এসব ভালো না
text withheld: corpus licence does not permit redistribution,0,0.0,banglasarc,গরিবের রবীন্দ্রনাথ ঠাকুর!,গরিবের রবীন্দ্রনাথ ঠাকুর!
text withheld: corpus licence does not permit redistribution,0,0.0,banglasarc,"পৃথিবীর বুকে প্রমাণসহ তুমি এমন লোক, যে নির্ভয়ে সত্য এবং উচিত বলতে গিয়ে জীবন দিয়েছে।","পৃথিবীর বুকে প্রমাণসহ তুমি এমন লোক, যে নির্ভয়ে সত্য এবং উচিত বলতে গিয়ে জীবন দিয়েছে।"
text withheld: corpus licence does not permit redistribution,0,0.0,banglasarc,দুজনের জন্য অনেক শুভেচ্ছা ও শুভকামনা। আল্লাহ ভাল রাখুন।,দুজনের জন্য অনেক শুভেচ্ছা ও শুভকামনা। আল্লাহ ভাল রাখুন।
text withheld: corpus licence does not permit redistribution,1,1.0,banglasarc,আপনি যদি আমার চেয়ে গরম হন তবে এর অর্থ আমি আপনার চেয়ে শীতল।,আপনি যদি আমার চেয়ে গরম হন তবে এর অর্থ আমি আপনার চেয়ে শীতল।
text withheld: corpus licence does not permit redistribution,0,0.0,banglasarc,"সাফার কবিরের উদ্দেশ্যে--""আপনি কি আপনার মা-বাবাকে যৌণ সঙ্গম করতে দেখেছেন?না দেখে কিভাবে উনাদেরকে মা বাবা মেনে নিচ্ছেন??আপনার মা কে জিজ্ঞাস করে নিয়েন যাকে আপনি বাবা ডাকছেন উনি আপনার আসল বাবা কিনা,নাকি অন্য কেউ আছে??কারণ আপনিতো না দেখে কিছু বিশ্বাস করেন নাহ।","সাফার কবিরের উদ্দেশ্যে--""আপনি কি আপনার মা-বাবাকে যৌণ সঙ্গম করতে দেখেছেন?না দেখে কিভাবে উনাদেরকে মা বাবা মেনে নিচ্ছেন??আপনার মা কে জিজ্ঞাস করে নিয়েন যাকে আপনি বাবা ডাকছেন উনি আপনার আসল বাবা কিনা,নাকি অন্য কেউ আছে??কারণ আপনিতো না দেখে কিছু বিশ্বাস করেন নাহ।"
text withheld: corpus licence does not permit redistribution,0,0.0,banglasarc,"মেঘ সে রাত বিকেল-সন্ধ্যা থেকে হচ্ছেই, থামতেই চাচ্ছে না।","মেঘ সে রাত বিকেল-সন্ধ্যা থেকে হচ্ছেই, থামতেই চাচ্ছে না।"
text withheld: corpus licence does not permit redistribution,0,0.0,banglasarc,"বন্ধুত্বের জয় হউক,মানবতার জয় হউক,বাংলার ঘরে ঘরে ইমান আলীরা সুখে থাকুক।","বন্ধুত্বের জয় হউক,মানবতার জয় হউক,বাংলার ঘরে ঘরে ইমান আলীরা সুখে থাকুক।"
text withheld: corpus licence does not permit redistribution,0,0.0,banglasarc,বলেন আল্লাহ্ র জমিন। মানুষের নয়,বলেন আল্লাহ্ র জমিন। মানুষের নয়
text withheld: corpus licence does not permit redistribution,1,1.0,banglasarc,আমি কেবল দুটি অভিন্ন ইউএফও দুটি অভিন্ন কাজ করতে দেখছি ...,আমি কেবল দুটি অভিন্ন ইউএফও দুটি অভিন্ন কাজ করতে দেখছি ...
text withheld: corpus licence does not permit redistribution,0,0.0,banglasarc,চিকিৎসক-নার্স-কর্মীদের সুরক্ষা উপকরণ সরবরাহের নির্দেশ দিচ্ছে হাইকোর্ট।দোকান-মার্কেট বন্ধের ঘোষনা দিচ্ছে দোকান মালিক সমিতি।চিকিৎসক-নার্স-কর্মীদের সুরক্ষা উপকরণ দিচ্ছে বুয়েট।টেস্টিং কিট দিচ্ছে চীনের ‘আলীবাবা’।তাহলে সরকার করছেটা কি?,চিকিৎসক-নার্স-কর্মীদের সুরক্ষা উপকরণ সরবরাহের নির্দেশ দিচ্ছে হাইকোর্ট।দোকান-মার্কেট বন্ধের ঘোষনা দিচ্ছে দোকান মালিক সমিতি।চিকিৎসক-নার্স-কর্মীদের সুরক্ষা উপকরণ দিচ্ছে বুয়েট।টেস্টিং কিট দিচ্ছে চীনের ‘আলীবাবা’।তাহলে সরকার করছেটা কি?
text withheld: corpus licence does not permit redistribution,0,0.0,banglasarc,আমি ২০০৩ সাল থেকে বাংলা সিনেমা দেখি।কিন্তুু জায়েদ খানের সিনেমা একটা ও মনেপরেনা।,আমি ২০০৩ সাল থেকে বাংলা সিনেমা দেখি।কিন্তুু জায়েদ খানের সিনেমা একটা ও মনেপরেনা।
text withheld: corpus licence does not permit redistribution,1,1.0,banglasarc,আমি বরং কারও কাপের চায়ের চেয়ে হুইস্কির শট হব।,আমি বরং কারও কাপের চায়ের চেয়ে হুইস্কির শট হব।
text withheld: corpus licence does not permit redistribution,1,1.0,banglasarc,"আমি যদি আপনাকে মিস করার প্রতিশ্রুতি দিই, আপনি কি সত্যিই অনেক দূরে চলে যাবেন?","আমি যদি আপনাকে মিস করার প্রতিশ্রুতি দিই, আপনি কি সত্যিই অনেক দূরে চলে যাবেন?"
text withheld: corpus licence does not permit redistribution,1,1.0,banglasarc,"এটি দেখুন, আপনি যদি এটি চালিয়ে যান তবে আপনি এটি সম্পর্কে তার সাইটে একটি পোস্ট পেতে পারেন।","এটি দেখুন, আপনি যদি এটি চালিয়ে যান তবে আপনি এটি সম্পর্কে তার সাইটে একটি পোস্ট পেতে পারেন।"
text withheld: corpus licence does not permit redistribution,1,1.0,banglasarc,আপনি আমাকে পছন্দ না করলে ঠিক আছে।সবার ভাল স্বাদ নেই।,আপনি আমাকে পছন্দ না করলে ঠিক আছে।সবার ভাল স্বাদ নেই।
text withheld: corpus licence does not permit redistribution,1,1.0,banglasarc,আপনি আমার অভ্যন্তরীণ সিরিয়াল কিলারকে অনুপ্রাণিত করেন।,আপনি আমার অভ্যন্তরীণ সিরিয়াল কিলারকে অনুপ্রাণিত করেন।
text withheld: corpus licence does not permit redistribution,0,0.0,banglasarc,সিলেটবাসীর কাছে অনুরোধ মানুষের পাশাপাশি এদেরও একটু দয়া করবেন প্লিজ,সিলেটবাসীর কাছে অনুরোধ মানুষের পাশাপাশি এদেরও একটু দয়া করবেন প্লিজ
text withheld: corpus licence does not permit redistribution,0,0.0,banglasarc,এটা আমার মা করত খুব মজা হয় খেতে,এটা আমার মা করত খুব মজা হয় খেতে
text withheld: corpus licence does not permit redistribution,1,1.0,banglasarc,"আত্মবিশ্বাসের সংকট, আমি মনে করি।","আত্মবিশ্বাসের সংকট, আমি মনে করি।"
text withheld: corpus licence does not permit redistribution,0,0.0,banglasarc,মাত্র দোকান থেকে কলা পাউরুটি কিনে আনলাম,মাত্র দোকান থেকে কলা পাউরুটি কিনে আনলাম
text withheld: corpus licence does not permit redistribution,1,1.0,banglasarc,"কখনও কখনও আমি ইচ্ছা করি আমি একজন সুন্দর ব্যক্তি, তবে তারপরে আমি হাসি এবং আমার দিনটি চালিয়ে যাই।","কখনও কখনও আমি ইচ্ছা করি আমি একজন সুন্দর ব্যক্তি, তবে তারপরে আমি হাসি এবং আমার দিনটি চালিয়ে যাই।"
text withheld: corpus licence does not permit redistribution,1,1.0,banglasarc,এটি শুরু হওয়ার আগে মরসুম শেষ।,এটি শুরু হওয়ার আগে মরসুম শেষ।
text withheld: corpus licence does not permit redistribution,0,0.0,banglasarc,অসাধারণ দেখতে রাস্তাটা ❤️❤️,অসাধারণ দেখতে রাস্তাটা ❤️❤️
text withheld: corpus licence does not permit redistribution,1,1.0,banglasarc,"নাহ, তারা বক্তৃতার ঠিক পরে উইকিপিডিয়া পৃষ্ঠাটি সম্পাদনা করেছেন তাই এখন এটি 10 কিলোমিটার স্পষ্টতই!","নাহ, তারা বক্তৃতার ঠিক পরে উইকিপিডিয়া পৃষ্ঠাটি সম্পাদনা করেছেন তাই এখন এটি 10 কিলোমিটার স্পষ্টতই!"
text withheld: corpus licence does not permit redistribution,0,0.0,banglasarc,অসাধারণ লাগতেছে,অসাধারণ লাগতেছে
text withheld: corpus licence does not permit redistribution,1,1.0,banglasarc,"যখন আমি হতাশ বোধ করি এবং কেউ ""এটি স্তন্যপান"" বলে, তখন আমি তাদের পা ভেঙে ""এটি বন্ধ করে দিন"" বলার তাগিদ পাই।","যখন আমি হতাশ বোধ করি এবং কেউ ""এটি স্তন্যপান"" বলে, তখন আমি তাদের পা ভেঙে ""এটি বন্ধ করে দিন"" বলার তাগিদ পাই।"
text withheld: corpus licence does not permit redistribution,0,0.0,banglasarc,আল্লাহুআকবার,আল্লাহুআকবার
text withheld: corpus licence does not permit redistribution,0,0.0,banglasarc,এই পাখিটার নাম জানার খুব ইচ্ছে হচ্ছে!!,এই পাখিটার নাম জানার খুব ইচ্ছে হচ্ছে!!
text withheld: corpus licence does not permit redistribution,0,0.0,banglasarc,কি সুন্দর নয় ছয় বক্তব্য?,কি সুন্দর নয় ছয় বক্তব্য?
text withheld: corpus licence does not permit redistribution,1,1.0,banglasarc,"""মতামত,"" হ্যাঁ, এটি ঠিক এটিই।","""মতামত,"" হ্যাঁ, এটি ঠিক এটিই।"
text withheld: corpus licence does not permit redistribution,1,1.0,banglasarc,যদি আপনার অবশ্যই কোনও শব্দ করতে হয় তবে চুপচাপ তৈরি করুন।,যদি আপনার অবশ্যই কোনও শব্দ করতে হয় তবে চুপচাপ তৈরি করুন।
text withheld: corpus licence does not permit redistribution,0,0.0,banglasarc,"থাক, এই দুর্দশা কেটে গেলে যাওয়া যাবে।","থাক, এই দুর্দশা কেটে গেলে যাওয়া যাবে।"
text withheld: corpus licence does not permit redistribution,0,0.0,banglasarc,অদ্ভুত সব জিনষ শুধু আমেরিকায় কেন দেখা যায়,অদ্ভুত সব জিনষ শুধু আমেরিকায় কেন দেখা যায়
text withheld: corpus licence does not permit redistribution,1,1.0,banglasarc,নীরবতা সোনালি।নালী টেপ রৌপ্য,নীরবতা সোনালি।নালী টেপ রৌপ্য
text withheld: corpus licence does not permit redistribution,1,1.0,banglasarc,শুভ সকাল বিশ্ব!আপনার ব্যঙ্গাত্মক রৌদ্রের ছোট্ট রশ্মি এসে গেছে!,শুভ সকাল বিশ্ব!আপনার ব্যঙ্গাত্মক রৌদ্রের ছোট্ট রশ্মি এসে গেছে!
text withheld: corpus licence does not permit redistribution,1,1.0,banglasarc,আমি কোলেস্টেরল সম্পর্কে চিন্তার জন্য খুব দ্রুত গাড়ি চালাচ্ছি।,আমি কোলেস্টেরল সম্পর্কে চিন্তার জন্য খুব দ্রুত গাড়ি চালাচ্ছি।
text withheld: corpus licence does not permit redistribution,1,1.0,banglasarc,প্রতিশোধ আমার নীচে।দুর্ঘটনাগুলি অবশ্য ঘটবে।,প্রতিশোধ আমার নীচে।দুর্ঘটনাগুলি অবশ্য ঘটবে।
text withheld: corpus licence does not permit redistribution,0,0.0,banglasarc,কোন ধরণের চার্জ প্রযোজ্য নয়।,কোন ধরণের চার্জ প্রযোজ্য নয়।
text withheld: corpus licence does not permit redistribution,0,0.0,banglasarc,"তাই এই স্বাদ সবচেয়ে আলাদা, সবচেয়ে মজাদার।","তাই এই স্বাদ সবচেয়ে আলাদা, সবচেয়ে মজাদার।"
text withheld: corpus licence does not permit redistribution,0,0.0,banglasarc,আমি বাংলাদেশের মেয়ে তোমাকে দেখি খুব ভালোলাগে,আমি বাংলাদেশের মেয়ে তোমাকে দেখি খুব ভালোলাগে
text withheld: corpus licence does not permit redistribution,0,0.0,banglasarc,শুভ নববর্ষ।,শুভ নববর্ষ।
text withheld: corpus licence does not permit redistribution,1,1.0,banglasarc,"""আমার প্রতিবেশীরা ভাল সংগীত শুনেন যে তারা এটি পছন্দ করুক বা না করুক।""","""আমার প্রতিবেশীরা ভাল সংগীত শুনেন যে তারা এটি পছন্দ করুক বা না করুক।"""
text withheld: corpus licence does not permit redistribution,0,0.0,banglasarc,সে মুরগি কবিরের মেয়ে। একজন নাস্তিকের মেয়ের কথা এমন হতেই পারে।,সে মুরগি কবিরের মেয়ে। একজন নাস্তিকের মেয়ের কথা এমন হতেই পারে।
text withheld: corpus licence does not permit redistribution,0,0.0,banglasarc,আমরা বাকস্বাধীনতায় বিশ্বাসী৷ আপনার মতো পাঠকদের প্রশ্নের জবাব তিনি দিয়েছেন৷ পুরোটা পাবেন এই লিংকে: http://dw.com/p/1gghk,আমরা বাকস্বাধীনতায় বিশ্বাসী৷ আপনার মতো পাঠকদের প্রশ্নের জবাব তিনি দিয়েছেন৷ পুরোটা পাবেন এই লিংকে: http://dw.com/p/1gghk
text withheld: corpus licence does not permit redistribution,0,0.0,banglasarc,আর চাকরির পরিক্ষায় পাশ করেও চাকরি না দেয় তাহলে কোন অধিতার লঙ্গন হয় স্যার???,আর চাকরির পরিক্ষায় পাশ করেও চাকরি না দেয় তাহলে কোন অধিতার লঙ্গন হয় স্যার???
text withheld: corpus licence does not permit redistribution,0,0.0,banglasarc,দুজনকেই। সম্ভব হলে আপনার বন্ধুর ছেলের একটি উপকার করবেন।,দুজনকেই। সম্ভব হলে আপনার বন্ধুর ছেলের একটি উপকার করবেন।
text withheld: corpus licence does not permit redistribution,0,0.0,banglasarc,দাওয়াতে যেমন খাবার ই দিক নাহ কেন আমি শুকরিয়া করতে ভুলিনাহ।,দাওয়াতে যেমন খাবার ই দিক নাহ কেন আমি শুকরিয়া করতে ভুলিনাহ।
text withheld: corpus licence does not permit redistribution,0,0.0,banglasarc,শুভ কামনা। কিন্তু সবার গল্প এমন হয় না। সব গল্পের পূর্ণতা থাকে না। সুধু থাকে দীর্ঘশ্বাস।,শুভ কামনা। কিন্তু সবার গল্প এমন হয় না। সব গল্পের পূর্ণতা থাকে না। সুধু থাকে দীর্ঘশ্বাস।
text withheld: corpus licence does not permit redistribution,0,0.0,banglasarc,খনি সিলেট যাওয়ার প্লান করি তখনি বন্যা হয়ে যায়,খনি সিলেট যাওয়ার প্লান করি তখনি বন্যা হয়ে যায়
text withheld: corpus licence does not permit redistribution,1,1.0,banglasarc,বোকামির বিরুদ্ধে সার্কাসম হ'ল দেহের প্রাকৃতিক প্রতিরক্ষা।,বোকামির বিরুদ্ধে সার্কাসম হ'ল দেহের প্রাকৃতিক প্রতিরক্ষা।
text withheld: corpus licence does not permit redistribution,0,0.0,banglasarc,বাংলাদেশ ক্রিকেট বোর্ডের দৃষ্টি আকষণ করছি....লাথিস মালিঙ্গাকে বিশেষ বিমানে করে বাংলাদেশে উরিয়ে এনে নোবেলের বিছি বরাবর কয়েকটি yorker মারানো হোক,বাংলাদেশ ক্রিকেট বোর্ডের দৃষ্টি আকষণ করছি....লাথিস মালিঙ্গাকে বিশেষ বিমানে করে বাংলাদেশে উরিয়ে এনে নোবেলের বিছি বরাবর কয়েকটি yorker মারানো হোক
text withheld: corpus licence does not permit redistribution,0,0.0,banglasarc,প্রায় ১ বছর পর আপনাকে দেখলাম,প্রায় ১ বছর পর আপনাকে দেখলাম
text withheld: corpus licence does not permit redistribution,0,0.0,banglasarc,কোন নর্দমার কিঠ যদি তার সৃষ্টি কর্তাকে অস্বীকার করে তাতে উনার সরিষা পরিমাণ ও লস হবে না কিন্তু ঐ নিকৃষ্ট জানোয়ার টা ঠিকই অনেক গালাগালি ও ভর্ৎসনা তার ঝুলিতে সঞ্চয় করে ফেলেছে।,কোন নর্দমার কিঠ যদি তার সৃষ্টি কর্তাকে অস্বীকার করে তাতে উনার সরিষা পরিমাণ ও লস হবে না কিন্তু ঐ নিকৃষ্ট জানোয়ার টা ঠিকই অনেক গালাগালি ও ভর্ৎসনা তার ঝুলিতে সঞ্চয় করে ফেলেছে।
text withheld: corpus licence does not permit redistribution,1,1.0,banglasarc,"সাবধান, একটি নিন্টেন্ডো টেক-ডাউনের কাছে খুব ভয়ঙ্করভাবে","সাবধান, একটি নিন্টেন্ডো টেক-ডাউনের কাছে খুব ভয়ঙ্করভাবে"
text withheld: corpus licence does not permit redistribution,0,0.0,banglasarc,আপু তুমি অনেক সুন্দর,আপু তুমি অনেক সুন্দর
text withheld: corpus licence does not permit redistribution,0,0.0,banglasarc,"এই রাস্তা দিয়ে আমরাও গেছিলাম,","এই রাস্তা দিয়ে আমরাও গেছিলাম,"
text withheld: corpus licence does not permit redistribution,0,0.0,banglasarc,চোর আলোম,চোর আলোম
text withheld: corpus licence does not permit redistribution,0,0.0,banglasarc,কোনো মানুষই নাস্তিক নয়। মানুষ ক্ষণিকের আবেগে হয়ত ভুল করে কিছু বলে ফেলে যার প্রায়শ্চিত্ত করা তার পক্ষে কঠিন হয়ে পড়ে। যুগে যুগে যারা ধর্ম অস্বীকার করে এসেছে একসময় তারাই হয়ে উঠেছে সবচেয়ে বড় ধার্মিক। সব মানুষকে ধৈর্য ধারণ করা উচিত। কেউ ভুল করলে তার ফয়সালা স্বয়ং আল্লাহই করবেন। সুতরাং সবাইকে শান্ত থাকতে অনুরোধ জানাচ্ছি।,কোনো মানুষই নাস্তিক নয়। মানুষ ক্ষণিকের আবেগে হয়ত ভুল করে কিছু বলে ফেলে যার প্রায়শ্চিত্ত করা তার পক্ষে কঠিন হয়ে পড়ে। যুগে যুগে যারা ধর্ম অস্বীকার করে এসেছে একসময় তারাই হয়ে উঠেছে সবচেয়ে বড় ধার্মিক। সব মানুষকে ধৈর্য ধারণ করা উচিত। কেউ ভুল করলে তার ফয়সালা স্বয়ং আল্লাহই করবেন। সুতরাং সবাইকে শান্ত থাকতে অনুরোধ জানাচ্ছি।
text withheld: corpus licence does not permit redistribution,1,1.0,banglasarc,"আমি বড় হওয়ার পরে আমি যা হতে চাই তা সম্ভবত কখনই পুরোপুরি হয়ে উঠব না, তবে এটি সম্ভবত কারণ আমি নিনজা রাজকন্যা হতে চেয়েছিলাম।","আমি বড় হওয়ার পরে আমি যা হতে চাই তা সম্ভবত কখনই পুরোপুরি হয়ে উঠব না, তবে এটি সম্ভবত কারণ আমি নিনজা রাজকন্যা হতে চেয়েছিলাম।"
text withheld: corpus licence does not permit redistribution,0,0.0,banglasarc,একটা দৃশ্যমান অপশক্তি আমাদের শিক্ষা ব্যবস্থাটাকে ধ্বংস করে দিচ্ছে,একটা দৃশ্যমান অপশক্তি আমাদের শিক্ষা ব্যবস্থাটাকে ধ্বংস করে দিচ্ছে
text withheld: corpus licence does not permit redistribution,1,1.0,banglasarc,"আমি সবসময় কেউ হতে চেয়েছিলাম, তবে এখন আমি বুঝতে পারি আমার আরও সুনির্দিষ্ট হওয়া উচিত ছিল।","আমি সবসময় কেউ হতে চেয়েছিলাম, তবে এখন আমি বুঝতে পারি আমার আরও সুনির্দিষ্ট হওয়া উচিত ছিল।"
text withheld: corpus licence does not permit redistribution,0,0.0,banglasarc,বোনের জন অনেক অনেক দোয়া আর ভালোবাসা রইল।,বোনের জন অনেক অনেক দোয়া আর ভালোবাসা রইল।
text withheld: corpus licence does not permit redistribution,0,0.0,banglasarc,আমার মনে হয় 2 কোটি 60 লাখ টাকা থেকে স্টার্ট করা হোক। মালিকের গতিবিধি লক্ষ্য করে পরবর্তীতে বাড়ানো যাবে। তবে জমির পরিমান কতটুকু সেটাও জেনে নিন। ধন্যবাদ আপনাকে।,আমার মনে হয় 2 কোটি 60 লাখ টাকা থেকে স্টার্ট করা হোক। মালিকের গতিবিধি লক্ষ্য করে পরবর্তীতে বাড়ানো যাবে। তবে জমির পরিমান কতটুকু সেটাও জেনে নিন। ধন্যবাদ আপনাকে।
text withheld: corpus licence does not permit redistribution,0,0.0,banglasarc,তোরে জুতা দিয়ে পিডাইয়া মাথার চারা ফাটাইয়া ফালামু,তোরে জুতা দিয়ে পিডাইয়া মাথার চারা ফাটাইয়া ফালামু
text withheld: corpus licence does not permit redistribution,0,0.0,banglasarc,মানিকগঞ্জের কে কে ভিডিও টা দেখেছেন কমেন্টে রিপ্লাই দিয়ে যাবেন,মানিকগঞ্জের কে কে ভিডিও টা দেখেছেন কমেন্টে রিপ্লাই দিয়ে যাবেন
text withheld: corpus licence does not permit redistribution,1,1.0,banglasarc,"“হালকা শব্দের চেয়ে দ্রুত ভ্রমণ করে।এই কারণেই কিছু লোক কথা না বলা পর্যন্ত উজ্জ্বল প্রদর্শিত হয়। ""","“হালকা শব্দের চেয়ে দ্রুত ভ্রমণ করে।এই কারণেই কিছু লোক কথা না বলা পর্যন্ত উজ্জ্বল প্রদর্শিত হয়। """
text withheld: corpus licence does not permit redistribution,1,1.0,banglasarc,অভিনন্দন!আপনি আমাকে আবার একটি নিরর্থক টুকরোটির মতো অনুভব করতে সক্ষম হয়েছেন।আপনি কি এর জন্য একটি পুরষ্কার চান?,অভিনন্দন!আপনি আমাকে আবার একটি নিরর্থক টুকরোটির মতো অনুভব করতে সক্ষম হয়েছেন।আপনি কি এর জন্য একটি পুরষ্কার চান?
text withheld: corpus licence does not permit redistribution,1,1.0,banglasarc,উন্মাদনা বংশগত;আপনি এটি আপনার বাচ্চাদের কাছ থেকে পান,উন্মাদনা বংশগত;আপনি এটি আপনার বাচ্চাদের কাছ থেকে পান
text withheld: corpus licence does not permit redistribution,0,0.0,banglasarc,আজকের মেঘলা দিনে সবার জন্য উপহার,আজকের মেঘলা দিনে সবার জন্য উপহার
text withheld: corpus licence does not permit redistribution,0,0.0,banglasarc,এভাবেই বাঁচতে হয়।,এভাবেই বাঁচতে হয়।
text withheld: corpus licence does not permit redistribution,1,1.0,banglasarc,বিবাহ হ'ল একমাত্র যুদ্ধ যেখানে আপনি শত্রুদের সাথে ঘুমান।,বিবাহ হ'ল একমাত্র যুদ্ধ যেখানে আপনি শত্রুদের সাথে ঘুমান।
text withheld: corpus licence does not permit redistribution,0,0.0,banglasarc,কিভাবে কোর্সটিতে অংশগ্রহন করতে পারবো?,কিভাবে কোর্সটিতে অংশগ্রহন করতে পারবো?
text withheld: corpus licence does not permit redistribution,1,1.0,banglasarc,"আমি শিরোনামে একটি বিশাল ডাবল গ্রহণ করেছি, এক সেকেন্ডের জন্য আমি ভেবেছিলাম এটি 'কমলা হিটলার' বলেছে।","আমি শিরোনামে একটি বিশাল ডাবল গ্রহণ করেছি, এক সেকেন্ডের জন্য আমি ভেবেছিলাম এটি 'কমলা হিটলার' বলেছে।"
text withheld: corpus licence does not permit redistribution,0,0.0,banglasarc,আম পরিপক্ক হওয়ার পর পাড়া হয়।,আম পরিপক্ক হওয়ার পর পাড়া হয়।
text withheld: corpus licence does not permit redistribution,0,0.0,banglasarc,আপু আমি টাকা দিচ্ছি তারে একটু সেভ করাই নেন,আপু আমি টাকা দিচ্ছি তারে একটু সেভ করাই নেন
text withheld: corpus licence does not permit redistribution,1,1.0,banglasarc,অর্ধেক বিশ্ব ইডিয়টসের সমন্বয়ে গঠিত,অর্ধেক বিশ্ব ইডিয়টসের সমন্বয়ে গঠিত
text withheld: corpus licence does not permit redistribution,0,0.0,banglasarc,"সন্তান এর সাফল্য/ ব্যার্থতা নিয়ে হতাশা হলে সেইসব সন্তানের পিতা-মাতার দিকে তাকান, যারা জন্মগত সুস্থ না।","সন্তান এর সাফল্য/ ব্যার্থতা নিয়ে হতাশা হলে সেইসব সন্তানের পিতা-মাতার দিকে তাকান, যারা জন্মগত সুস্থ না।"
text withheld: corpus licence does not permit redistribution,0,0.0,banglasarc,পাগল নাকি কোনো কাজ নাই,পাগল নাকি কোনো কাজ নাই
text withheld: corpus licence does not permit redistribution,0,0.0,banglasarc,অসাধারণ। অটুট থাকুক আজীবন এ বন্ধুত্ব।,অসাধারণ। অটুট থাকুক আজীবন এ বন্ধুত্ব।
text withheld: corpus licence does not permit redistribution,0,0.0,banglasarc,অন্য জায়গায় থেকে তাদের এাণের ব্যবস্হা করছে স্বেচ্ছাসেবী এবং বিভিন্ন রাজনৈতিক দল। অথচ তারা তাদের নিজের এলাকার লোকজনের জন্য মুল্য বৃদ্ধি করে ফেলছে।,অন্য জায়গায় থেকে তাদের এাণের ব্যবস্হা করছে স্বেচ্ছাসেবী এবং বিভিন্ন রাজনৈতিক দল। অথচ তারা তাদের নিজের এলাকার লোকজনের জন্য মুল্য বৃদ্ধি করে ফেলছে।
text withheld: corpus licence does not permit redistribution,1,1.0,banglasarc,একটি বৃহত পরিবারে বেঁচে থাকার দুর্দান্ত সুবিধা হ'ল জীবনের প্রয়োজনীয় অন্যায়তার প্রাথমিক পাঠ।,একটি বৃহত পরিবারে বেঁচে থাকার দুর্দান্ত সুবিধা হ'ল জীবনের প্রয়োজনীয় অন্যায়তার প্রাথমিক পাঠ।
text withheld: corpus licence does not permit redistribution,1,1.0,banglasarc,আমি বলতে চাইছি আমি একটি লিথ রিলিক ফেলে দিতে পারি এবং এর চেয়ে দ্রুত এবং কম প্রচেষ্টা দিয়ে আরও বেশি পেতে পারি,আমি বলতে চাইছি আমি একটি লিথ রিলিক ফেলে দিতে পারি এবং এর চেয়ে দ্রুত এবং কম প্রচেষ্টা দিয়ে আরও বেশি পেতে পারি
text withheld: corpus licence does not permit redistribution,0,0.0,banglasarc,কিছু জল নিয়মিত বাংলাদেশ কে দেওয়া উচিত।,কিছু জল নিয়মিত বাংলাদেশ কে দেওয়া উচিত।
text withheld: corpus licence does not permit redistribution,0,0.0,banglasarc,"বিজ্ঞান পাইসির ভিডিওটাও দেখেছি, কিন্তু তার আগে থেকেই কিছুটা ধারনা ছিলো।","বিজ্ঞান পাইসির ভিডিওটাও দেখেছি, কিন্তু তার আগে থেকেই কিছুটা ধারনা ছিলো।"
text withheld: corpus licence does not permit redistribution,0,0.0,banglasarc,দু'মুঠো না খেতে পেয়ে আত্মহত্যা করল মা এবং ছেলে,দু'মুঠো না খেতে পেয়ে আত্মহত্যা করল মা এবং ছেলে
text withheld: corpus licence does not permit redistribution,0,0.0,banglasarc,তাকে সেরা টিভি অভিনেতার পুরষ্কার দেওয়া হোক। সোনার ছেলে আমার,তাকে সেরা টিভি অভিনেতার পুরষ্কার দেওয়া হোক। সোনার ছেলে আমার
text withheld: corpus licence does not permit redistribution,0,0.0,banglasarc,"তাহলে তো তুমি একদম ফ্রি হয়ে গেলে, তুমি এখন কুকুর, বিরাল, গরু ছাগল সবার সাথে আকাম- কুকাম করতে পারবে। আরে নাস্তিক একবার মরে দেখ, পাপের শাস্থি কত ভয়ংকর।","তাহলে তো তুমি একদম ফ্রি হয়ে গেলে, তুমি এখন কুকুর, বিরাল, গরু ছাগল সবার সাথে আকাম- কুকাম করতে পারবে। আরে নাস্তিক একবার মরে দেখ, পাপের শাস্থি কত ভয়ংকর।"
text withheld: corpus licence does not permit redistribution,0,0.0,banglasarc,"বাঙ্গালী, ১টা জিনিস পাইলে, কচলাইয়া তিতা করে ক্ষান্ত হয়, সাফা কবিরের মত ২ টাকার অভিনেত্রীরা চায়ই আলোচনায় আসতে, মানুষ ওদের নিয়ে আলোচনা সমালোচনার ঝড় তুলবে, সেই সুযোগে এরা ভাল প্রচার পাবে, নাটকের অফার দিগুণ হবে, গানে মডেলিং করবে ইত্যাদি ইত্যাদি।","বাঙ্গালী, ১টা জিনিস পাইলে, কচলাইয়া তিতা করে ক্ষান্ত হয়, সাফা কবিরের মত ২ টাকার অভিনেত্রীরা চায়ই আলোচনায় আসতে, মানুষ ওদের নিয়ে আলোচনা সমালোচনার ঝড় তুলবে, সেই সুযোগে এরা ভাল প্রচার পাবে, নাটকের অফার দিগুণ হবে, গানে মডেলিং করবে ইত্যাদি ইত্যাদি।"
text withheld: corpus licence does not permit redistribution,0,0.0,banglasarc,আপা এই রকম একটা আইডিয়াই খুঁজছিলাম। খুবই উপকারে আসবে।অনেক ধন্যবাদ। আর অনেক সুন্দর লাগছে।,আপা এই রকম একটা আইডিয়াই খুঁজছিলাম। খুবই উপকারে আসবে।অনেক ধন্যবাদ। আর অনেক সুন্দর লাগছে।
text withheld: corpus licence does not permit redistribution,0,0.0,banglasarc,"বাইন চুদ,বিজ্ঞাপন দেয়ার লোক পাচ্ছিস না। সালা জুকার।","বাইন চুদ,বিজ্ঞাপন দেয়ার লোক পাচ্ছিস না। সালা জুকার।"
text withheld: corpus licence does not permit redistribution,0,0.0,banglasarc,শুক্রবারে কোথায় অফিস করছিল,শুক্রবারে কোথায় অফিস করছিল
text withheld: corpus licence does not permit redistribution,1,1.0,banglasarc,"আমি যদি বলি ""সবার আগে""।পালিয়ে গেছে কারণ আমি গবেষণা, ডেটা এবং চার্ট প্রস্তুত করেছি এবং আপনাকে ধ্বংস করব।","আমি যদি বলি ""সবার আগে""।পালিয়ে গেছে কারণ আমি গবেষণা, ডেটা এবং চার্ট প্রস্তুত করেছি এবং আপনাকে ধ্বংস করব।"
text withheld: corpus licence does not permit redistribution,1,1.0,banglasarc,ভ্যাট দা ফ্যাক?,ভ্যাট দা ফ্যাক?
text withheld: corpus licence does not permit redistribution,1,1.0,banglasarc,আমি ভেবেছিলাম আমি বোকা পিনাকল দেখেছি।তারপরে আমি তোমার সাথে দেখা করেছি।,আমি ভেবেছিলাম আমি বোকা পিনাকল দেখেছি।তারপরে আমি তোমার সাথে দেখা করেছি।
text withheld: corpus licence does not permit redistribution,0,0.0,banglasarc,কৃষকের সাথে অন্যায় ও অবিচার করা হয়েছে।,কৃষকের সাথে অন্যায় ও অবিচার করা হয়েছে।
text withheld: corpus licence does not permit redistribution,1,1.0,banglasarc,ভাইবোনদের সাথে বেড়ে ওঠার সুবিধা হ'ল আপনি ভগ্নাংশে খুব ভাল হয়ে উঠছেন,ভাইবোনদের সাথে বেড়ে ওঠার সুবিধা হ'ল আপনি ভগ্নাংশে খুব ভাল হয়ে উঠছেন
text withheld: corpus licence does not permit redistribution,1,1.0,banglasarc,"কি আপনাকে হত্যা করে না, আমাকে হতাশ করে।","কি আপনাকে হত্যা করে না, আমাকে হতাশ করে।"
text withheld: corpus licence does not permit redistribution,0,0.0,banglasarc,চলছে আকর্ষণীয় মূল্য ছাড় - তাই দেরি না করে এখনি অর্ডার করুন আপনার পছন্দের আম। অফারটি সীমিত সময়ের জন্য।,চলছে আকর্ষণীয় মূল্য ছাড় - তাই দেরি না করে এখনি অর্ডার করুন আপনার পছন্দের আম। অফারটি সীমিত সময়ের জন্য।
text withheld: corpus licence does not permit redistribution,0,0.0,banglasarc,যারা লিখিত ও ভাইভা মিলে নাম্বারে এগিয়ে থাকবে তাদের চাকরি হবে।,যারা লিখিত ও ভাইভা মিলে নাম্বারে এগিয়ে থাকবে তাদের চাকরি হবে।
text withheld: corpus licence does not permit redistribution,1,1.0,banglasarc,"আমি চিনির প্রলেপ লাগাই না, আমি উইলি ওঙ্কা নই।","আমি চিনির প্রলেপ লাগাই না, আমি উইলি ওঙ্কা নই।"
text withheld: corpus licence does not permit redistribution,0,0.0,banglasarc,আসসালামু আলাইকুম শুভ সকাল সবাই কে ধন্যবাদ সবাই ভালো থাকবেন সুস্থ থাকবেন আল্লাহ হাফেজ।,আসসালামু আলাইকুম শুভ সকাল সবাই কে ধন্যবাদ সবাই ভালো থাকবেন সুস্থ থাকবেন আল্লাহ হাফেজ।
text withheld: corpus licence does not permit redistribution,0,0.0,banglasarc,উফ!!,উফ!!
text withheld: corpus licence does not permit redistribution,0,0.0,banglasarc,আপু আপনার এই ছবিটা সত্যিই অনেক অনেক সুন্দর হইছে। আপনি সত্যিই অনেক অনেক সুন্দরী। আপনার ক্যামেরা ফেস খুবই চমৎকার। আমি বাংলাদেশে আপনার মতো এত নাইস ক্যামেরা ফেসের কোন মেয়ে এখনও পর্যন্ত দেখিনি। আপনার জন্য অনেক অনেক শুভকামনা ও দোয়া রইল আপু।,আপু আপনার এই ছবিটা সত্যিই অনেক অনেক সুন্দর হইছে। আপনি সত্যিই অনেক অনেক সুন্দরী। আপনার ক্যামেরা ফেস খুবই চমৎকার। আমি বাংলাদেশে আপনার মতো এত নাইস ক্যামেরা ফেসের কোন মেয়ে এখনও পর্যন্ত দেখিনি। আপনার জন্য অনেক অনেক শুভকামনা ও দোয়া রইল আপু।
text withheld: corpus licence does not permit redistribution,0,0.0,banglasarc,আমি আপনার সাথে একমত পোষণ করতেছি ধন্যবাদ,আমি আপনার সাথে একমত পোষণ করতেছি ধন্যবাদ
text withheld: corpus licence does not permit redistribution,1,1.0,banglasarc,একটি অর্ধ সত্য একটি সম্পূর্ণ মিথ্যা,একটি অর্ধ সত্য একটি সম্পূর্ণ মিথ্যা
text withheld: corpus licence does not permit redistribution,1,1.0,banglasarc,"তারা বলে যে আপনি যা খাচ্ছেন তা আপনিই, তাই ইতিমধ্যে বাদামগুলি ছেড়ে দিন।","তারা বলে যে আপনি যা খাচ্ছেন তা আপনিই, তাই ইতিমধ্যে বাদামগুলি ছেড়ে দিন।"
text withheld: corpus licence does not permit redistribution,0,0.0,banglasarc,ভাই মনে চায় দূর অজানায় হারিয়ে যাই আপনার সাথে😍😍 অনেক অনেক দোয়া ও শুভ কামনা রইল আপনার জন্য🥀,ভাই মনে চায় দূর অজানায় হারিয়ে যাই আপনার সাথে😍😍 অনেক অনেক দোয়া ও শুভ কামনা রইল আপনার জন্য🥀
text withheld: corpus licence does not permit redistribution,1,1.0,banglasarc,এটি এই পৃথিবী একটি সহজ সরঞ্জাম- আপনি যেমন সমস্ত কিছু জানেন ঠিক তেমন ভান করুন,এটি এই পৃথিবী একটি সহজ সরঞ্জাম- আপনি যেমন সমস্ত কিছু জানেন ঠিক তেমন ভান করুন
text withheld: corpus licence does not permit redistribution,1,1.0,banglasarc,ডেমাসিয়া' চিৎকার করে আইকে কল্পনা করা হাসিখুশি,ডেমাসিয়া' চিৎকার করে আইকে কল্পনা করা হাসিখুশি
text withheld: corpus licence does not permit redistribution,0,0.0,banglasarc,হরে কৃষ্ণ,হরে কৃষ্ণ
text withheld: corpus licence does not permit redistribution,0,0.0,banglasarc,আপনি নিজে কম খেয়ে গরীব দের কে খাওয়ালে ওরা আরো খুশি হতো,আপনি নিজে কম খেয়ে গরীব দের কে খাওয়ালে ওরা আরো খুশি হতো
text withheld: corpus licence does not permit redistribution,0,0.0,banglasarc,"প্রধানমন্ত্রীর অক্লান্ত প্রচেষ্টায় আজ বাংলাদেশে হিন্দু-মুসলিম ও অন্যান্য ধর্মাবলম্বীর সম্প্রীতি, সহাবস্থান একটি অপূর্ব নিদর্শন সৃষ্টি করেছে। কোন স্বার্থান্নাসী মহলের হয়ে বাংলাদেশ তথা প্রধানমন্ত্রীর ভাবমূর্তি নষ্ট করাই তার আসল উদ্দেশ্য।","প্রধানমন্ত্রীর অক্লান্ত প্রচেষ্টায় আজ বাংলাদেশে হিন্দু-মুসলিম ও অন্যান্য ধর্মাবলম্বীর সম্প্রীতি, সহাবস্থান একটি অপূর্ব নিদর্শন সৃষ্টি করেছে। কোন স্বার্থান্নাসী মহলের হয়ে বাংলাদেশ তথা প্রধানমন্ত্রীর ভাবমূর্তি নষ্ট করাই তার আসল উদ্দেশ্য।"
text withheld: corpus licence does not permit redistribution,0,0.0,banglasarc,"জাতীয় পশুসম্পদ মন্ত্রণালয়ের দৃষ্টি আকর্ষণ করছি, এ ধরনের বিরল প্রজাতির মানুষ যে কোন মুহূর্তে বিলুপ্ত হয়ে যেতে পারে তাই অবিলম্বে এদেরকে সংরক্ষণ করে জাতীয় জাদুঘরে মমি করে রাখার জোর দাবি জানাচ্ছি.....","জাতীয় পশুসম্পদ মন্ত্রণালয়ের দৃষ্টি আকর্ষণ করছি, এ ধরনের বিরল প্রজাতির মানুষ যে কোন মুহূর্তে বিলুপ্ত হয়ে যেতে পারে তাই অবিলম্বে এদেরকে সংরক্ষণ করে জাতীয় জাদুঘরে মমি করে রাখার জোর দাবি জানাচ্ছি....."
text withheld: corpus licence does not permit redistribution,0,0.0,banglasarc,এলিয়েন মনে হয় এরিয়া ৫১ থেকে পালিয়েছে😜,এলিয়েন মনে হয় এরিয়া ৫১ থেকে পালিয়েছে😜
text withheld: corpus licence does not permit redistribution,0,0.0,banglasarc,"গালির সোদনে অতঃপর ক্ষমা চাহিল, মেকাপ সুন্দরী।","গালির সোদনে অতঃপর ক্ষমা চাহিল, মেকাপ সুন্দরী।"
text withheld: corpus licence does not permit redistribution,1,1.0,banglasarc,"আমাকে অপমান করার জন্য, আমাকে অবশ্যই আপনার মতামতকে মূল্য দিতে হবে।যদিও ভাল চেষ্টা করুন।","আমাকে অপমান করার জন্য, আমাকে অবশ্যই আপনার মতামতকে মূল্য দিতে হবে।যদিও ভাল চেষ্টা করুন।"
text withheld: corpus licence does not permit redistribution,0,0.0,banglasarc,এতদিন কই গেছিলো প্রশাসন?,এতদিন কই গেছিলো প্রশাসন?
text withheld: corpus licence does not permit redistribution,1,1.0,banglasarc,একটি বিপন্ন প্রজাতিতে শুভেচ্ছা,একটি বিপন্ন প্রজাতিতে শুভেচ্ছা
text withheld: corpus licence does not permit redistribution,0,0.0,banglasarc,নাটকের কাহিনী সেই পুরোনো। বিয়ে করতে চাই না - ত্যানা প্যাচানো এক কাহিনী,নাটকের কাহিনী সেই পুরোনো। বিয়ে করতে চাই না - ত্যানা প্যাচানো এক কাহিনী
text withheld: corpus licence does not permit redistribution,0,0.0,banglasarc,ভালো না লাগলে এভয়েড করলেই পারে।,ভালো না লাগলে এভয়েড করলেই পারে।
text withheld: corpus licence does not permit redistribution,1,1.0,banglasarc,"""আপনি এত ভাগ্যবান নন এবং আমি মরিয়া নই!""বেনামে","""আপনি এত ভাগ্যবান নন এবং আমি মরিয়া নই!""বেনামে"
text withheld: corpus licence does not permit redistribution,0,0.0,banglasarc,কি আর বলবি তুই । তাইতো ওখানেই থাকতে চাস । দেশের ভাব মুর্তি নষ্ট করে এখন ক্যানক্যানানি করে কি লাভ,কি আর বলবি তুই । তাইতো ওখানেই থাকতে চাস । দেশের ভাব মুর্তি নষ্ট করে এখন ক্যানক্যানানি করে কি লাভ
text withheld: corpus licence does not permit redistribution,0,0.0,banglasarc,খুব ভালো আছেন। ভাবছেন এইতো সব !!!,খুব ভালো আছেন। ভাবছেন এইতো সব !!!
text withheld: corpus licence does not permit redistribution,0,0.0,banglasarc,৫০০ বেশি আমার কাছে,৫০০ বেশি আমার কাছে
text withheld: corpus licence does not permit redistribution,1,1.0,banglasarc,"“আমি বর্তমানে নির্মাণাধীন।আপনার ধৈর্যের জন্য আপনাকে ধন্যবাদ.""","“আমি বর্তমানে নির্মাণাধীন।আপনার ধৈর্যের জন্য আপনাকে ধন্যবাদ."""
text withheld: corpus licence does not permit redistribution,0,0.0,banglasarc,ওপর জন্মের ঠিক নাই,ওপর জন্মের ঠিক নাই
text withheld: corpus licence does not permit redistribution,1,1.0,banglasarc,অবশ্যই আমি আপনাকে সাহায্য করব ... আপনি যেভাবে এসেছিলেন ঠিক তেমনই।,অবশ্যই আমি আপনাকে সাহায্য করব ... আপনি যেভাবে এসেছিলেন ঠিক তেমনই।
text withheld: corpus licence does not permit redistribution,1,1.0,banglasarc,যতক্ষণ না তিনি প্রতি বছর শীর্ষ দশজন নিয়োগপ্রাপ্ত হন ততক্ষণ আমি তাকে ছেড়ে যেতে দেখছি না।,যতক্ষণ না তিনি প্রতি বছর শীর্ষ দশজন নিয়োগপ্রাপ্ত হন ততক্ষণ আমি তাকে ছেড়ে যেতে দেখছি না।
text withheld: corpus licence does not permit redistribution,0,0.0,banglasarc,বানর হইতে পারে🥱,বানর হইতে পারে🥱
text withheld: corpus licence does not permit redistribution,1,1.0,banglasarc,"“তুমি চুষে দাও।আপনার এটি ঠিক করা উচিত। ""","“তুমি চুষে দাও।আপনার এটি ঠিক করা উচিত। """
text withheld: corpus licence does not permit redistribution,1,1.0,banglasarc,"আমি এটি যেভাবে দেখছি, আপনি যদি রংধনুটি চান তবে আপনি বৃষ্টিপাত করতে হবে।","আমি এটি যেভাবে দেখছি, আপনি যদি রংধনুটি চান তবে আপনি বৃষ্টিপাত করতে হবে।"
text withheld: corpus licence does not permit redistribution,0,0.0,banglasarc,বিঃদ্রঃ আমাদের যাবতীয় সেবাসমূহ সম্পূর্ণ বিনামূল্যে করা হয়।,বিঃদ্রঃ আমাদের যাবতীয় সেবাসমূহ সম্পূর্ণ বিনামূল্যে করা হয়।
text withheld: corpus licence does not permit redistribution,0,0.0,banglasarc,আল্লাহ যেন ওর সব নেক ইচ্ছে গুলো পূরণ করে দেন। ও যেন খুব ভালো থাকে ।,আল্লাহ যেন ওর সব নেক ইচ্ছে গুলো পূরণ করে দেন। ও যেন খুব ভালো থাকে ।
text withheld: corpus licence does not permit redistribution,1,1.0,banglasarc,আমার বস ছুটিতে থাকার চেয়ে ভাল ছুটি আর নেই।,আমার বস ছুটিতে থাকার চেয়ে ভাল ছুটি আর নেই।
text withheld: corpus licence does not permit redistribution,0,0.0,banglasarc,আজকাল সমাজে এমন মানুষ পাওয়া দূস্কর অবস্থা পরিবর্তন হলে আপন ভাইকেও পরিচয় দিতে ইতস্তত করে,আজকাল সমাজে এমন মানুষ পাওয়া দূস্কর অবস্থা পরিবর্তন হলে আপন ভাইকেও পরিচয় দিতে ইতস্তত করে
text withheld: corpus licence does not permit redistribution,1,1.0,banglasarc,"অর্ধেক বিশ্ব ইডিয়টসের সমন্বয়ে গঠিত, অন্য অর্ধেক লোক তাদের অশ্লীল সুবিধা নিতে যথেষ্ট চালাক।","অর্ধেক বিশ্ব ইডিয়টসের সমন্বয়ে গঠিত, অন্য অর্ধেক লোক তাদের অশ্লীল সুবিধা নিতে যথেষ্ট চালাক।"
text withheld: corpus licence does not permit redistribution,1,1.0,banglasarc,শিক্ষা শিখছে যা আপনি জানেন না যে আপনি জানেন না।,শিক্ষা শিখছে যা আপনি জানেন না যে আপনি জানেন না।
text withheld: corpus licence does not permit redistribution,1,1.0,banglasarc,"“সবেমাত্র ২ হাজার ক্যালোরি পোড়া হয়েছে।আমি যখন ঝাপটায় তখন ওভেনে ব্রাউনিজ ছেড়ে শেষবারের মতো। ""","“সবেমাত্র ২ হাজার ক্যালোরি পোড়া হয়েছে।আমি যখন ঝাপটায় তখন ওভেনে ব্রাউনিজ ছেড়ে শেষবারের মতো। """
text withheld: corpus licence does not permit redistribution,0,0.0,banglasarc,"ও কি একবার আসিয়া, সোনার চাঁদ মোর যাও দেখিয়া রে।","ও কি একবার আসিয়া, সোনার চাঁদ মোর যাও দেখিয়া রে।"
text withheld: corpus licence does not permit redistribution,1,1.0,banglasarc,আমি রিয়েল এস্টেট বিজ্ঞাপনগুলি প্রতিক্রিয়া মন্তব্যগুলির অনুমতি চাই।,আমি রিয়েল এস্টেট বিজ্ঞাপনগুলি প্রতিক্রিয়া মন্তব্যগুলির অনুমতি চাই।
text withheld: corpus licence does not permit redistribution,1,1.0,banglasarc,আমার কাল্পনিক বন্ধু বলে যে আপনার একজন চিকিত্সক দরকার।,আমার কাল্পনিক বন্ধু বলে যে আপনার একজন চিকিত্সক দরকার।
text withheld: corpus licence does not permit redistribution,0,0.0,banglasarc,তুমি খুব সুন্দর করে রিবিউ দিতে যানো,তুমি খুব সুন্দর করে রিবিউ দিতে যানো
text withheld: corpus licence does not permit redistribution,0,0.0,banglasarc,জানি না মানুষ এমন আতংক ছড়িয়ে কি লাভ পায়..আল্লাহ আমদের হেদায়েত করুণ..,জানি না মানুষ এমন আতংক ছড়িয়ে কি লাভ পায়..আল্লাহ আমদের হেদায়েত করুণ..
text withheld: corpus licence does not permit redistribution,1,1.0,banglasarc,অটোকারেক্ট এখনও মনে করে আমি দিনে 12 বার ‘হাঁস’ বলতে চাই,অটোকারেক্ট এখনও মনে করে আমি দিনে 12 বার ‘হাঁস’ বলতে চাই
text withheld: corpus licence does not permit redistribution,1,1.0,banglasarc,সন্তান ধারণ করা আপনাকে পিয়ানো রাখার চেয়ে পিতা -মাতা আর আপনাকে পিয়ানোবাদক করে তোলে।,সন্তান ধারণ করা আপনাকে পিয়ানো রাখার চেয়ে পিতা -মাতা আর আপনাকে পিয়ানোবাদক করে তোলে।
text withheld: corpus licence does not permit redistribution,1,1.0,banglasarc,সাফল্যের রাস্তা সর্বদা নির্মাণাধীন,সাফল্যের রাস্তা সর্বদা নির্মাণাধীন
text withheld: corpus licence does not permit redistribution,0,0.0,banglasarc,চলে আয় আমার কাছে.. আমি বলি না বলতে গিয়ে থেমে যায়,চলে আয় আমার কাছে.. আমি বলি না বলতে গিয়ে থেমে যায়
text withheld: corpus licence does not permit redistribution,0,0.0,banglasarc,আবালে তাকায় কেম্নে মনে হয় খাইয়ালব্ব,আবালে তাকায় কেম্নে মনে হয় খাইয়ালব্ব
text withheld: corpus licence does not permit redistribution,1,1.0,banglasarc,"হ্যাঁ সময় ভ্রমণ, সম্পূর্ণ বাস্তববাদী!","হ্যাঁ সময় ভ্রমণ, সম্পূর্ণ বাস্তববাদী!"
text withheld: corpus licence does not permit redistribution,1,1.0,banglasarc,আমার সম্পর্কে একটি কবিতা আমি নিজের উপর সকালের ব্যঙ্গাত্মক উক্তিগুলি ঘৃণা করি,আমার সম্পর্কে একটি কবিতা আমি নিজের উপর সকালের ব্যঙ্গাত্মক উক্তিগুলি ঘৃণা করি
text withheld: corpus licence does not permit redistribution,0,0.0,banglasarc,তোর মাকে চুদি।,তোর মাকে চুদি।
text withheld: corpus licence does not permit redistribution,0,0.0,banglasarc,তাদের বাড়িঘর ভেঙ্গে ফেলা হচ্ছে এটা মোটেও ঠিক হচ্ছে না,তাদের বাড়িঘর ভেঙ্গে ফেলা হচ্ছে এটা মোটেও ঠিক হচ্ছে না
text withheld: corpus licence does not permit redistribution,0,0.0,banglasarc,কি ভাবে বদলাবো আমি তো পারি না আর পাবো না সবাই পারে না,কি ভাবে বদলাবো আমি তো পারি না আর পাবো না সবাই পারে না
text withheld: corpus licence does not permit redistribution,1,1.0,banglasarc,সারক্যাসম: বুদ্ধিমানকে হাজার হাজার বছর ধরে বিনয়ের সাথে অবিরাম সহ্য করতে সহায়তা করা।,সারক্যাসম: বুদ্ধিমানকে হাজার হাজার বছর ধরে বিনয়ের সাথে অবিরাম সহ্য করতে সহায়তা করা।
text withheld: corpus licence does not permit redistribution,1,1.0,banglasarc,"“আপনি যা চান তা হতে পারেন;তবে, আপনার ক্ষেত্রে আপনার সম্ভবত কম লক্ষ্য করা উচিত। ""","“আপনি যা চান তা হতে পারেন;তবে, আপনার ক্ষেত্রে আপনার সম্ভবত কম লক্ষ্য করা উচিত। """
text withheld: corpus licence does not permit redistribution,0,0.0,banglasarc,ভাই আমি তিস্তা পাড়ের মানুষ।,ভাই আমি তিস্তা পাড়ের মানুষ।
text withheld: corpus licence does not permit redistribution,0,0.0,banglasarc,সাবধান মেকআপ অবস্থায় আবার বিয়াতে বেশি কান্দাকাডি কইরেন না কলাম,সাবধান মেকআপ অবস্থায় আবার বিয়াতে বেশি কান্দাকাডি কইরেন না কলাম
text withheld: corpus licence does not permit redistribution,0,0.0,banglasarc,ম্যাডাম আপনি তো ক্লোজআপ হাসি দিচ্ছেন।,ম্যাডাম আপনি তো ক্লোজআপ হাসি দিচ্ছেন।
text withheld: corpus licence does not permit redistribution,0,0.0,banglasarc,পরকালে বিশ্বাস করে না আবার বিচারের ভার দেয় আল্লাহ্,পরকালে বিশ্বাস করে না আবার বিচারের ভার দেয় আল্লাহ্
text withheld: corpus licence does not permit redistribution,0,0.0,banglasarc,মোটরসাইকেল আমার কাছে কখনোই নিরাপদ মনে হয় না,মোটরসাইকেল আমার কাছে কখনোই নিরাপদ মনে হয় না
text withheld: corpus licence does not permit redistribution,0,0.0,banglasarc,"গতকাল আয়োজিতঃ ""সিলেটের বন্যার ইসু নিয়ে"" এর জরুরী বর্ধিত সভার সিদ্ধান্ত অনুযায়ী।","গতকাল আয়োজিতঃ ""সিলেটের বন্যার ইসু নিয়ে"" এর জরুরী বর্ধিত সভার সিদ্ধান্ত অনুযায়ী।"
text withheld: corpus licence does not permit redistribution,1,1.0,banglasarc,"অবশ্যই, আমি নিজের সাথে কথা বলি।কখনও কখনও আমার বিশেষজ্ঞের পরামর্শ প্রয়োজন।","অবশ্যই, আমি নিজের সাথে কথা বলি।কখনও কখনও আমার বিশেষজ্ঞের পরামর্শ প্রয়োজন।"
text withheld: corpus licence does not permit redistribution,0,0.0,banglasarc,এতের বাপের বলে করোনা হইসে। আর এতে তামাশা করে বেড়ায়।,এতের বাপের বলে করোনা হইসে। আর এতে তামাশা করে বেড়ায়।
text withheld: corpus licence does not permit redistribution,0,0.0,banglasarc,শয়তান ভালো কাজ দেখতে পারে না তাই,শয়তান ভালো কাজ দেখতে পারে না তাই
text withheld: corpus licence does not permit redistribution,0,0.0,banglasarc,আপনার উপস্থাপন খুব ভালো লাগে আপু❤️,আপনার উপস্থাপন খুব ভালো লাগে আপু❤️
text withheld: corpus licence does not permit redistribution,0,0.0,banglasarc,"দেশের সবচেয়ে বিস্স্তৃত ব্রডব্যান্ড ইন্টারনেট নেটওয়ার্ক, কার্নিভাল ইন্টারনেট সম্পর্কে বিস্তারিত জানুন! visit now: https://carnival.com.bd/","দেশের সবচেয়ে বিস্স্তৃত ব্রডব্যান্ড ইন্টারনেট নেটওয়ার্ক, কার্নিভাল ইন্টারনেট সম্পর্কে বিস্তারিত জানুন! visit now: https://carnival.com.bd/"
text withheld: corpus licence does not permit redistribution,0,0.0,banglasarc,দেখুন তৌহিদ আফ্রিদির ফোন ভেঙ্গে ফেললো জাকারিয়া !!,দেখুন তৌহিদ আফ্রিদির ফোন ভেঙ্গে ফেললো জাকারিয়া !!
text withheld: corpus licence does not permit redistribution,0,0.0,banglasarc,"প্রাণ আচার পাওয়া যাচ্ছে মিনা বাজার ,স্বপ্ন ,বেস্ট বাই ,এগোরা এবং ডেইলি শপিং-এর সকল আউটলেটে।","প্রাণ আচার পাওয়া যাচ্ছে মিনা বাজার ,স্বপ্ন ,বেস্ট বাই ,এগোরা এবং ডেইলি শপিং-এর সকল আউটলেটে।"
text withheld: corpus licence does not permit redistribution,0,0.0,banglasarc,আর কতো বাঙালীয়ানা ভোজ খাবেন। এইবার অন্য কিছু খান,আর কতো বাঙালীয়ানা ভোজ খাবেন। এইবার অন্য কিছু খান
text withheld: corpus licence does not permit redistribution,0,0.0,banglasarc,"কতশত আহাজারি, কত বুঝানোর ব্যর্থ চেষ্টা ভালবাসার মানুষগুলো যেন বুঝে দুনিয়াটা ক্ষনিকের এখানে সবদিক দিয়ে কেউ পরিপূর্ণ নয়!","কতশত আহাজারি, কত বুঝানোর ব্যর্থ চেষ্টা ভালবাসার মানুষগুলো যেন বুঝে দুনিয়াটা ক্ষনিকের এখানে সবদিক দিয়ে কেউ পরিপূর্ণ নয়!"
text withheld: corpus licence does not permit redistribution,1,1.0,banglasarc,"আমি দীর্ঘ পদচারণা পছন্দ করি, বিশেষত যখন তারা আমাকে বিরক্ত করে এমন লোকেরা গ্রহণ করে","আমি দীর্ঘ পদচারণা পছন্দ করি, বিশেষত যখন তারা আমাকে বিরক্ত করে এমন লোকেরা গ্রহণ করে"
text withheld: corpus licence does not permit redistribution,0,0.0,banglasarc,"আমার অবাক লাগে, হিন্দুরা প্রিয়া সাহা পক্ষে কথা বলে আর মুসলমানরা বিপক্ষে, সবাইকে বলছি, খারাপ সব সময় খারাপ, সেটা হিন্দু করুক বা মুসলমান করুন।।। আসুন সত্য বালা শিখি।।","আমার অবাক লাগে, হিন্দুরা প্রিয়া সাহা পক্ষে কথা বলে আর মুসলমানরা বিপক্ষে, সবাইকে বলছি, খারাপ সব সময় খারাপ, সেটা হিন্দু করুক বা মুসলমান করুন।।। আসুন সত্য বালা শিখি।।"
text withheld: corpus licence does not permit redistribution,0,0.0,banglasarc,মনে পড়ে তোমাকে,মনে পড়ে তোমাকে
text withheld: corpus licence does not permit redistribution,0,0.0,banglasarc,সাফার সাফা কথা।,সাফার সাফা কথা।
text withheld: corpus licence does not permit redistribution,1,1.0,banglasarc,আমি সেতুগুলি পোড়া করেছি কারণ আমি সাঁতার কাটতে পারি না কখনও ভাবতে পারি না আমার আপনার দরকার,আমি সেতুগুলি পোড়া করেছি কারণ আমি সাঁতার কাটতে পারি না কখনও ভাবতে পারি না আমার আপনার দরকার
text withheld: corpus licence does not permit redistribution,0,0.0,banglasarc,অসাধারণ একটি পোস্ট ভীষন ভালো লাগলো। এটাই বেঁচে থাকার মূল মন্ত্র।,অসাধারণ একটি পোস্ট ভীষন ভালো লাগলো। এটাই বেঁচে থাকার মূল মন্ত্র।
text withheld: corpus licence does not permit redistribution,0,0.0,banglasarc,"কাকের পিছনে ময়ূরের পাখা লাগালে যেমন কাক ময়ূর হয় না,ঠিক তেমনে নামের আগে হিরো লাগালে তাকে হিরো বলে না,যদিও আপনার মানবিক কাজগুলো শ্রদ্ধার সাথে স্মরণ করি,আপনি যে বালের মুভি করেন তা ফ্যামেলি সাথে নিয়ে দেখটা খুব অশ্লিল,যদিও বাংলা সব মুভি একই নমুনা।","কাকের পিছনে ময়ূরের পাখা লাগালে যেমন কাক ময়ূর হয় না,ঠিক তেমনে নামের আগে হিরো লাগালে তাকে হিরো বলে না,যদিও আপনার মানবিক কাজগুলো শ্রদ্ধার সাথে স্মরণ করি,আপনি যে বালের মুভি করেন তা ফ্যামেলি সাথে নিয়ে দেখটা খুব অশ্লিল,যদিও বাংলা সব মুভি একই নমুনা।"
text withheld: corpus licence does not permit redistribution,1,1.0,banglasarc,আমি অকাল বীর্যপাতকারীদের জন্য একটি সভায় গিয়েছিলাম।আমি আগেই চলে এসেছিলাম.,আমি অকাল বীর্যপাতকারীদের জন্য একটি সভায় গিয়েছিলাম।আমি আগেই চলে এসেছিলাম.
text withheld: corpus licence does not permit redistribution,1,1.0,banglasarc,আজ কেউ হাসছে এমন কারণ হোন ... বা তারা পান করার কারণ।যাই হোক না কেন কাজ করে.,আজ কেউ হাসছে এমন কারণ হোন ... বা তারা পান করার কারণ।যাই হোক না কেন কাজ করে.
text withheld: corpus licence does not permit redistribution,0,0.0,banglasarc,আপনার কথা গুলো ভালো লাগলো।একদম খাটি কথাটা সুন্দর করে বলার জন্য ধন্যবাদ।,আপনার কথা গুলো ভালো লাগলো।একদম খাটি কথাটা সুন্দর করে বলার জন্য ধন্যবাদ।
text withheld: corpus licence does not permit redistribution,1,1.0,banglasarc,পশ্চিম লুলের জন্য,পশ্চিম লুলের জন্য
text withheld: corpus licence does not permit redistribution,1,1.0,banglasarc,আমি আকারে আছিরাউন্ড একটি আকার।,আমি আকারে আছিরাউন্ড একটি আকার।
text withheld: corpus licence does not permit redistribution,0,0.0,banglasarc,হেদায়েত অনেক দামি নিয়ামত স্বয়ং আল্লাহ সুবাহানাহু ওয়া তা'আলার পক্ষ থেকে আসে!,হেদায়েত অনেক দামি নিয়ামত স্বয়ং আল্লাহ সুবাহানাহু ওয়া তা'আলার পক্ষ থেকে আসে!
text withheld: corpus licence does not permit redistribution,1,1.0,banglasarc,আপনার যদি আমার কাছ থেকে কিছু প্রয়োজন হয় তবে পুনর্বিবেচনা করুন,আপনার যদি আমার কাছ থেকে কিছু প্রয়োজন হয় তবে পুনর্বিবেচনা করুন
text withheld: corpus licence does not permit redistribution,1,1.0,banglasarc,এটি কারণ আপনি এতটা তুচ্ছ যে কেউ আপনাকে মজা করার জন্য যথেষ্ট যত্ন করে না।,এটি কারণ আপনি এতটা তুচ্ছ যে কেউ আপনাকে মজা করার জন্য যথেষ্ট যত্ন করে না।
text withheld: corpus licence does not permit redistribution,0,0.0,banglasarc,এই নিউজ শুনার জন্যই জাতি অধীর আগ্রহে বসে আছে।,এই নিউজ শুনার জন্যই জাতি অধীর আগ্রহে বসে আছে।
text withheld: corpus licence does not permit redistribution,1,1.0,banglasarc,"ঠিক আছে, আপনি কোনও পাপীকে ডেট করতে চান না, তাই না?","ঠিক আছে, আপনি কোনও পাপীকে ডেট করতে চান না, তাই না?"
text withheld: corpus licence does not permit redistribution,0,0.0,banglasarc,সব ঠিক ছিল ছেলের নামটা অভি না হই অন্য নাম হইতে পারতো,সব ঠিক ছিল ছেলের নামটা অভি না হই অন্য নাম হইতে পারতো
text withheld: corpus licence does not permit redistribution,0,0.0,banglasarc,"ভাই সুনামগঞ্জের অবস্থা কতটা খারাপ কল্পনা ও করতে পারবেন না,সবার কাছে আমার প্রিয় সুনামগঞ্জ ও সিলেটের জন্য দোয়া চাই,,,,","ভাই সুনামগঞ্জের অবস্থা কতটা খারাপ কল্পনা ও করতে পারবেন না,সবার কাছে আমার প্রিয় সুনামগঞ্জ ও সিলেটের জন্য দোয়া চাই,,,,"
text withheld: corpus licence does not permit redistribution,0,0.0,banglasarc,আমার খুব শখ ছিলো বৌ সাজার।... কিন্তু হয় নি,আমার খুব শখ ছিলো বৌ সাজার।... কিন্তু হয় নি
text withheld: corpus licence does not permit redistribution,0,0.0,banglasarc,বেয়াদব জাহান্নামী নারী!!,বেয়াদব জাহান্নামী নারী!!
text withheld: corpus licence does not permit redistribution,0,0.0,banglasarc,উন্নয়নের মার্কা নৌকা মার্কা।বিজয় সুনিশ্চিত ইনশাআল্লাহ।,উন্নয়নের মার্কা নৌকা মার্কা।বিজয় সুনিশ্চিত ইনশাআল্লাহ।
text withheld: corpus licence does not permit redistribution,0,0.0,banglasarc,"বাসা থেকে নেমে গাড়িতে উঠছে, আবার রিক্সায় উঠছে।তারপর উনার আর মনে নাই উনি লাস্ট কবে রিক্সায় উঠছে। আসলে আগের এসির বাতাস বেশি খেয়ে ফেলছে বোধহয়।","বাসা থেকে নেমে গাড়িতে উঠছে, আবার রিক্সায় উঠছে।তারপর উনার আর মনে নাই উনি লাস্ট কবে রিক্সায় উঠছে। আসলে আগের এসির বাতাস বেশি খেয়ে ফেলছে বোধহয়।"
text withheld: corpus licence does not permit redistribution,0,0.0,banglasarc,এর চরিত্রে ওনাকে আসলেই আমার ভালো লাগেনা।,এর চরিত্রে ওনাকে আসলেই আমার ভালো লাগেনা।
text withheld: corpus licence does not permit redistribution,0,0.0,banglasarc,তোর মার কাছে আমার প্রশ্ন হলো তোর মতো নাস্তিকের এ নাম রাখলো কেনো। তোর মত দেহ ব্যবসায়ী নারী পরকাল বিশ্বাস না করলেও এতে আমার মহান রাব্বুল আলামীনের কোন ক্ষতি হবে না।,তোর মার কাছে আমার প্রশ্ন হলো তোর মতো নাস্তিকের এ নাম রাখলো কেনো। তোর মত দেহ ব্যবসায়ী নারী পরকাল বিশ্বাস না করলেও এতে আমার মহান রাব্বুল আলামীনের কোন ক্ষতি হবে না।
text withheld: corpus licence does not permit redistribution,0,0.0,banglasarc,আম্মুর কথা আসলেই শেষ হওয়ার না,আম্মুর কথা আসলেই শেষ হওয়ার না
text withheld: corpus licence does not permit redistribution,0,0.0,banglasarc,লাইভ এর লাস্ট এ ৮৩০ এর কাতান,লাইভ এর লাস্ট এ ৮৩০ এর কাতান
text withheld: corpus licence does not permit redistribution,0,0.0,banglasarc,তৃণমূল থেকে নারীর ক্ষমতায় প্রতিষ্ঠিত করতে হবে।,তৃণমূল থেকে নারীর ক্ষমতায় প্রতিষ্ঠিত করতে হবে।
text withheld: corpus licence does not permit redistribution,1,1.0,banglasarc,নম্র হবেন না ... আপনি এত দুর্দান্ত নন।,নম্র হবেন না ... আপনি এত দুর্দান্ত নন।
text withheld: corpus licence does not permit redistribution,0,0.0,banglasarc,শিয়াল এর ইচ্ছা হয়ে ছিল মানুষের মতো হাঁটতে । তাই,শিয়াল এর ইচ্ছা হয়ে ছিল মানুষের মতো হাঁটতে । তাই
text withheld: corpus licence does not permit redistribution,0,0.0,banglasarc,নাটোরের বনলতা সেন হবে কোকো❤,নাটোরের বনলতা সেন হবে কোকো❤
text withheld: corpus licence does not permit redistribution,0,0.0,banglasarc,"একজন সংসদ সদস্য হিসেবে কিছু বলতে মন বাধা দেয়, এই মহিলা কিন্তু বিএনপি ও না, সে একজন বাজে মহিলা এই টুকু বল্লাম।","একজন সংসদ সদস্য হিসেবে কিছু বলতে মন বাধা দেয়, এই মহিলা কিন্তু বিএনপি ও না, সে একজন বাজে মহিলা এই টুকু বল্লাম।"
text withheld: corpus licence does not permit redistribution,1,1.0,banglasarc,"""জীবন কঠিন; আপনি বোকা হলে এটি আরও কঠিন"" ""","""জীবন কঠিন; আপনি বোকা হলে এটি আরও কঠিন"" """
text withheld: corpus licence does not permit redistribution,0,0.0,banglasarc,আসেন আমাদের বাড়িতে আসার দাওয়াত রইল,আসেন আমাদের বাড়িতে আসার দাওয়াত রইল
text withheld: corpus licence does not permit redistribution,0,0.0,banglasarc,নেগেটিভ ব্লাড খুবই প্রয়োজন! যারা আছেন ব্লাড দিতে পারবেন তারা চট্রগ্রাম মেডিকেল চলে আসেন,নেগেটিভ ব্লাড খুবই প্রয়োজন! যারা আছেন ব্লাড দিতে পারবেন তারা চট্রগ্রাম মেডিকেল চলে আসেন
text withheld: corpus licence does not permit redistribution,0,0.0,banglasarc,জুবান ভাই আমার প্রিয় একজন অভিনেতা। ধন্যবাদ ভাই আরো বেশি বেশি নাটক তৈরী করেন,জুবান ভাই আমার প্রিয় একজন অভিনেতা। ধন্যবাদ ভাই আরো বেশি বেশি নাটক তৈরী করেন
text withheld: corpus licence does not permit redistribution,0,0.0,banglasarc,আজ পূর্ণিমা তো তাই এটা মনে হয় ভেমপায়ার,আজ পূর্ণিমা তো তাই এটা মনে হয় ভেমপায়ার
text withheld: corpus licence does not permit redistribution,0,0.0,banglasarc,এই নাস্তিকের ফাসি চাই।,এই নাস্তিকের ফাসি চাই।
text withheld: corpus licence does not permit redistribution,0,0.0,banglasarc,অনেক তথ্য জানতে পারলাম। ধন্যবাদ,অনেক তথ্য জানতে পারলাম। ধন্যবাদ
text withheld: corpus licence does not permit redistribution,0,0.0,banglasarc,এরকম ব্লাশ দেখে ফারজানা আপুর কথা মনে পরলো,এরকম ব্লাশ দেখে ফারজানা আপুর কথা মনে পরলো
text withheld: corpus licence does not permit redistribution,1,1.0,banglasarc,আপনার বিষ্ঠা জানার এবং আপনি বিষ্ঠা জেনে থাকার মধ্যে পার্থক্য।,আপনার বিষ্ঠা জানার এবং আপনি বিষ্ঠা জেনে থাকার মধ্যে পার্থক্য।
text withheld: corpus licence does not permit redistribution,1,1.0,banglasarc,আমি নিশ্চিত যে আমি অন্য কারও আত্মার সহকর্মীকে বিয়ে করেছি।যদি কেবল তারা আশেপাশে এসে তাকে আমার হাত থেকে সরিয়ে নিয়ে যায়।,আমি নিশ্চিত যে আমি অন্য কারও আত্মার সহকর্মীকে বিয়ে করেছি।যদি কেবল তারা আশেপাশে এসে তাকে আমার হাত থেকে সরিয়ে নিয়ে যায়।
text withheld: corpus licence does not permit redistribution,1,1.0,banglasarc,আপনি কখনই বুঝতে পারবেন না যতক্ষণ না আপনি একইভাবে কাজ করেন এমন একজন মিনি-মি না হওয়া পর্যন্ত আপনি কতটা ব্যঙ্গাত্মক,আপনি কখনই বুঝতে পারবেন না যতক্ষণ না আপনি একইভাবে কাজ করেন এমন একজন মিনি-মি না হওয়া পর্যন্ত আপনি কতটা ব্যঙ্গাত্মক
text withheld: corpus licence does not permit redistribution,1,1.0,banglasarc,আপনি যদি god শ্বরকে হাসতে চান তবে তাকে আপনার পরিকল্পনা সম্পর্কে বলুন।,আপনি যদি god শ্বরকে হাসতে চান তবে তাকে আপনার পরিকল্পনা সম্পর্কে বলুন।
text withheld: corpus licence does not permit redistribution,1,1.0,banglasarc,নীরবতা সোনালি।নালী টেপ রৌপ্য।,নীরবতা সোনালি।নালী টেপ রৌপ্য।
text withheld: corpus licence does not permit redistribution,0,0.0,banglasarc,অভিনন্দন,অভিনন্দন
text withheld: corpus licence does not permit redistribution,1,1.0,banglasarc,আমি সবসময় আপনার কাছে থাকা আসল ভুল ধারণাটি লালন করব।,আমি সবসময় আপনার কাছে থাকা আসল ভুল ধারণাটি লালন করব।
text withheld: corpus licence does not permit redistribution,1,1.0,banglasarc,আমি একজন ট্রাম্পকিন এবং আমি এই বার্তাটি অনুমোদন করি।,আমি একজন ট্রাম্পকিন এবং আমি এই বার্তাটি অনুমোদন করি।
text withheld: corpus licence does not permit redistribution,0,0.0,banglasarc,মৌলভীবাজারের অনেক জায়গায় অলরেডি পানি ঢুকে গেছে বাসায়!,মৌলভীবাজারের অনেক জায়গায় অলরেডি পানি ঢুকে গেছে বাসায়!
text withheld: corpus licence does not permit redistribution,0,0.0,banglasarc,বিদ্যুৎ সাশ্রয় হবে তবে চোরের উপদ্রব বাড়বে...!!!,বিদ্যুৎ সাশ্রয় হবে তবে চোরের উপদ্রব বাড়বে...!!!
text withheld: corpus licence does not permit redistribution,1,1.0,banglasarc,"বাহ, আমার জন্য পুরো সিরিজটি নষ্ট করে দিয়েছে।","বাহ, আমার জন্য পুরো সিরিজটি নষ্ট করে দিয়েছে।"
text withheld: corpus licence does not permit redistribution,0,0.0,banglasarc,আগামীর প্রধানমন্ত্রী তারেক জিয়া❤,আগামীর প্রধানমন্ত্রী তারেক জিয়া❤
text withheld: corpus licence does not permit redistribution,0,0.0,banglasarc,"বন্ধু্, ভাল হয়েছে","বন্ধু্, ভাল হয়েছে"
text withheld: corpus licence does not permit redistribution,0,0.0,banglasarc,বাংলাদেশ রিমান্ডে,বাংলাদেশ রিমান্ডে
text withheld: corpus licence does not permit redistribution,0,0.0,banglasarc,ভারত বয়কট অনলাইনে। ভারত চাইকট আফলাইনে।,ভারত বয়কট অনলাইনে। ভারত চাইকট আফলাইনে।
text withheld: corpus licence does not permit redistribution,0,0.0,banglasarc,বনানীর মাল,বনানীর মাল
text withheld: corpus licence does not permit redistribution,1,1.0,banglasarc,আব্রাকাদাব্রা!নাহআপনি এখনও একটি বি..সিএইচ।,আব্রাকাদাব্রা!নাহআপনি এখনও একটি বি..সিএইচ।
text withheld: corpus licence does not permit redistribution,1,1.0,banglasarc,"""জীবন হতাশায় পূর্ণ এবং আমি আপনাকে কেবল তালিকায় যুক্ত করেছি।""","""জীবন হতাশায় পূর্ণ এবং আমি আপনাকে কেবল তালিকায় যুক্ত করেছি।"""
text withheld: corpus licence does not permit redistribution,1,1.0,banglasarc,আমার মনে হচ্ছে ওহিও স্টেট এবং আইওয়া গেমসের সম্ভবত এটির সাথে কিছু করার থাকতে পারে এবং তিনি কেবল দূরত্বের জিনিসটিকে অজুহাত হিসাবে বলছেন কারণ তিনি যেমন বলেছিলেন তেমন সুন্দর হওয়ার চেষ্টা করছেন।,আমার মনে হচ্ছে ওহিও স্টেট এবং আইওয়া গেমসের সম্ভবত এটির সাথে কিছু করার থাকতে পারে এবং তিনি কেবল দূরত্বের জিনিসটিকে অজুহাত হিসাবে বলছেন কারণ তিনি যেমন বলেছিলেন তেমন সুন্দর হওয়ার চেষ্টা করছেন।
text withheld: corpus licence does not permit redistribution,0,0.0,banglasarc,আমার মতে সকল ধর্মগ্রন্থের বানীগুলো হচ্ছে আমাদের দেশের আইনের মত (যার অনেক ফাক আছে) । যা তৈরি হয়েছে মানুষ এবং মানবতা রক্ষা করার জন্য। কিন্তু বিভিন্ন শ্রেণীর মানুষ এর বিভিন্ন রকম ব্যাক্ষা করে নিজেদের সুবিধা মত ব্যবহার করছে। তাই আমি বলবো ধর্মভীরু হওয়ার পাশাপাশি একটু মানবতাভীরুও হন।কেউ কিছু বললেই তাকে মারতে হবে এই চিন্তাধারা থেকে বেরিয়ে আসুন।আমি নিশ্চিত আপনার স্রস্টা আপনার উপর খুশিই হবেন।,আমার মতে সকল ধর্মগ্রন্থের বানীগুলো হচ্ছে আমাদের দেশের আইনের মত (যার অনেক ফাক আছে) । যা তৈরি হয়েছে মানুষ এবং মানবতা রক্ষা করার জন্য। কিন্তু বিভিন্ন শ্রেণীর মানুষ এর বিভিন্ন রকম ব্যাক্ষা করে নিজেদের সুবিধা মত ব্যবহার করছে। তাই আমি বলবো ধর্মভীরু হওয়ার পাশাপাশি একটু মানবতাভীরুও হন।কেউ কিছু বললেই তাকে মারতে হবে এই চিন্তাধারা থেকে বেরিয়ে আসুন।আমি নিশ্চিত আপনার স্রস্টা আপনার উপর খুশিই হবেন।
text withheld: corpus licence does not permit redistribution,1,1.0,banglasarc,হাসি ছাড়া একটি দিন নষ্ট একটি দিন.,হাসি ছাড়া একটি দিন নষ্ট একটি দিন.
text withheld: corpus licence does not permit redistribution,0,0.0,banglasarc,যদি আপনার পরা মাস্ক টা বিক্রি করেন তাহলে কিনবো 🥺,যদি আপনার পরা মাস্ক টা বিক্রি করেন তাহলে কিনবো 🥺
text withheld: corpus licence does not permit redistribution,0,0.0,banglasarc,গর্জে ওঠ,গর্জে ওঠ
text withheld: corpus licence does not permit redistribution,0,0.0,banglasarc,আপনাকে দেখে ঘুরে বেরাবার ইচ্ছা তীব্র থেকে তীব্রতর হচ্ছে কিন্তু ওই যে মেয়ে মানুষ বিয়ে ছাড়া ঘুরতে যাবার ইচ্ছাই প্রকাশ করতে পারবে না সেই জোনে আছি। এই ভাবেই ঘুরেন আর ইচ্ছা পূরণ করেন শুভ কামনা।,আপনাকে দেখে ঘুরে বেরাবার ইচ্ছা তীব্র থেকে তীব্রতর হচ্ছে কিন্তু ওই যে মেয়ে মানুষ বিয়ে ছাড়া ঘুরতে যাবার ইচ্ছাই প্রকাশ করতে পারবে না সেই জোনে আছি। এই ভাবেই ঘুরেন আর ইচ্ছা পূরণ করেন শুভ কামনা।
text withheld: corpus licence does not permit redistribution,1,1.0,banglasarc,তারা আক্ষরিক ভাই নয় বিএফএফ ছিল।,তারা আক্ষরিক ভাই নয় বিএফএফ ছিল।
text withheld: corpus licence does not permit redistribution,0,0.0,banglasarc,আসসালামুয়ালাইকুম মুশফিকুর রহিম। আপনাকে আমি খুবই পছন্দ করি। কোরআন তেলাওয়াত এইভাবে সোনা ঠিক না। অন্য কোন কাজের মাধ্যমে কোরআন শরীফ তেলাওয়াত শোনা নিষেধ এতে কোরআনের সাথে বেয়াদবি হয়। আশাকরি দয়া করে আপনারা ভিডিওটা রিমুভ করে দেবেন।,আসসালামুয়ালাইকুম মুশফিকুর রহিম। আপনাকে আমি খুবই পছন্দ করি। কোরআন তেলাওয়াত এইভাবে সোনা ঠিক না। অন্য কোন কাজের মাধ্যমে কোরআন শরীফ তেলাওয়াত শোনা নিষেধ এতে কোরআনের সাথে বেয়াদবি হয়। আশাকরি দয়া করে আপনারা ভিডিওটা রিমুভ করে দেবেন।
text withheld: corpus licence does not permit redistribution,0,0.0,banglasarc,হারের দায় অধিনায়ক এর জিতলে কেউ বলতো না,হারের দায় অধিনায়ক এর জিতলে কেউ বলতো না
text withheld: corpus licence does not permit redistribution,0,0.0,banglasarc,কোথায় পাওয়া যাবে এই গুলো,কোথায় পাওয়া যাবে এই গুলো
text withheld: corpus licence does not permit redistribution,0,0.0,banglasarc,আলোচনার শীর্ষে আসার জন্য মানুষ নাস্তিকের মত আচরন করে। আর আমরাও বেকুবের মত আলোচনা সমালোচনার ঝড় তুলি। এরই নাম বাঙ্গালী।,আলোচনার শীর্ষে আসার জন্য মানুষ নাস্তিকের মত আচরন করে। আর আমরাও বেকুবের মত আলোচনা সমালোচনার ঝড় তুলি। এরই নাম বাঙ্গালী।
text withheld: corpus licence does not permit redistribution,0,0.0,banglasarc,দেশে গরম পরের অনেক।আপনার এই স্যুট দেখে গরম আরো বাড়ি গেছে,দেশে গরম পরের অনেক।আপনার এই স্যুট দেখে গরম আরো বাড়ি গেছে
text withheld: corpus licence does not permit redistribution,0,0.0,banglasarc,ডেলিভার মাত্র ৩০ মিনিটে,ডেলিভার মাত্র ৩০ মিনিটে
text withheld: corpus licence does not permit redistribution,0,0.0,banglasarc,তুমি এত্তো আদর কেন মামানি? কোনোদিন চান্স পেলে তোমাকে চেপে চেপে আদর করবো,তুমি এত্তো আদর কেন মামানি? কোনোদিন চান্স পেলে তোমাকে চেপে চেপে আদর করবো
text withheld: corpus licence does not permit redistribution,0,0.0,banglasarc,ধন্যবাদ জনাব হিরো আলম আপনার এই সাহসি বক্তব্য দেওয়ার জন্য। এইসব অশিক্ষিত ও অপদার্থ গুলার জন্য আজকে চলচিত্রের এই অবস্থা।,ধন্যবাদ জনাব হিরো আলম আপনার এই সাহসি বক্তব্য দেওয়ার জন্য। এইসব অশিক্ষিত ও অপদার্থ গুলার জন্য আজকে চলচিত্রের এই অবস্থা।
text withheld: corpus licence does not permit redistribution,0,0.0,banglasarc,অনেক দূরত্বের একটি সম্পর্ক ।,অনেক দূরত্বের একটি সম্পর্ক ।
text withheld: corpus licence does not permit redistribution,0,0.0,banglasarc,"আপনি যা পারেন মন থেকে করে যান, ভবিষ্যৎ উজ্জল করতে পরিশ্রম এর কোন বিকল্প নাই,নিশ্চয় ভাল কিছু হবে ইনশাআল্লাহ","আপনি যা পারেন মন থেকে করে যান, ভবিষ্যৎ উজ্জল করতে পরিশ্রম এর কোন বিকল্প নাই,নিশ্চয় ভাল কিছু হবে ইনশাআল্লাহ"
text withheld: corpus licence does not permit redistribution,0,0.0,banglasarc,"নিজের ধর্ম বিশ্বাসটা নিজের মধ্যে রাখলেই হয় , দম্ভ ক’রে প্রচার করার দরকার কি? ধর্মে বিশ্বাস করেন না কিন্তু মরলে ঠিকই হুজুর ডাকেন কবরে নামাতে।","নিজের ধর্ম বিশ্বাসটা নিজের মধ্যে রাখলেই হয় , দম্ভ ক’রে প্রচার করার দরকার কি? ধর্মে বিশ্বাস করেন না কিন্তু মরলে ঠিকই হুজুর ডাকেন কবরে নামাতে।"
text withheld: corpus licence does not permit redistribution,0,0.0,banglasarc,"আগে প্রমাণ দিন, পরে কথা বলুন৷","আগে প্রমাণ দিন, পরে কথা বলুন৷"
text withheld: corpus licence does not permit redistribution,1,1.0,banglasarc,"“বোকা প্রতি আমার সহনশীলতা আজ অত্যন্ত কম।আমি কিছু অনাক্রম্যতা তৈরি করতাম, তবে স্পষ্টতই সেখানে একটি নতুন স্ট্রেন রয়েছে। ""","“বোকা প্রতি আমার সহনশীলতা আজ অত্যন্ত কম।আমি কিছু অনাক্রম্যতা তৈরি করতাম, তবে স্পষ্টতই সেখানে একটি নতুন স্ট্রেন রয়েছে। """
text withheld: corpus licence does not permit redistribution,0,0.0,banglasarc,সরকারি প্রতিষ্ঠানে হাজার কোটি টাকা বিল বকেয়া...সেই খবর নাই?,সরকারি প্রতিষ্ঠানে হাজার কোটি টাকা বিল বকেয়া...সেই খবর নাই?
text withheld: corpus licence does not permit redistribution,1,1.0,banglasarc,যদি অন্যদিকে ঘাস সবুজ হয় তবে আপনি বাজি ধরতে পারেন জলের বিলটি বেশি,যদি অন্যদিকে ঘাস সবুজ হয় তবে আপনি বাজি ধরতে পারেন জলের বিলটি বেশি
text withheld: corpus licence does not permit redistribution,1,1.0,banglasarc,"ওহ, আপনি আপনার কাজ ঘৃণা?আপনি কেন তাই বললেন না?এর জন্য একটি সমর্থন গ্রুপ আছে।একে সবাই বলা হয় এবং তারা বারে মিলিত হয়।","ওহ, আপনি আপনার কাজ ঘৃণা?আপনি কেন তাই বললেন না?এর জন্য একটি সমর্থন গ্রুপ আছে।একে সবাই বলা হয় এবং তারা বারে মিলিত হয়।"
text withheld: corpus licence does not permit redistribution,0,0.0,banglasarc,মানুষের জন্য মনের ভেতর একটু দয়া মায়া থাকলে এসব কথা বের হতো না মুখ দিয়ে।,মানুষের জন্য মনের ভেতর একটু দয়া মায়া থাকলে এসব কথা বের হতো না মুখ দিয়ে।
text withheld: corpus licence does not permit redistribution,1,1.0,banglasarc,"“আপনি কি ভাবেন যে god শ্বর পাথর মেরে ফেলেছেন?আমি তাই মনে করি ... প্লাটিপাস দেখুন। ""রবিন উইলিয়ামস, অভিনেতা","“আপনি কি ভাবেন যে god শ্বর পাথর মেরে ফেলেছেন?আমি তাই মনে করি ... প্লাটিপাস দেখুন। ""রবিন উইলিয়ামস, অভিনেতা"
text withheld: corpus licence does not permit redistribution,0,0.0,banglasarc,সবার জন্য শুভ কামনা রইল।,সবার জন্য শুভ কামনা রইল।
text withheld: corpus licence does not permit redistribution,0,0.0,banglasarc,আপনার কথা বলার ভঙ্গি একদম একরকম।খুব মিস্টি লাগে।,আপনার কথা বলার ভঙ্গি একদম একরকম।খুব মিস্টি লাগে।
text withheld: corpus licence does not permit redistribution,1,1.0,banglasarc,তবুও আমার মুখের চেহারা সত্ত্বেও ... আপনি এখনও কথা বলছেন,তবুও আমার মুখের চেহারা সত্ত্বেও ... আপনি এখনও কথা বলছেন
text withheld: corpus licence does not permit redistribution,1,1.0,banglasarc,"“সাধারণ জ্ঞান ডিওডোরেন্টের মতো।যে লোকেরা এটির সবচেয়ে বেশি প্রয়োজন তারা কখনই এটি ব্যবহার করেন না। ""","“সাধারণ জ্ঞান ডিওডোরেন্টের মতো।যে লোকেরা এটির সবচেয়ে বেশি প্রয়োজন তারা কখনই এটি ব্যবহার করেন না। """
text withheld: corpus licence does not permit redistribution,1,1.0,banglasarc,"কেন আপনি যা পছন্দ করেন তা হ'ল অস্বাস্থ্যকর, আসক্তিযুক্ত বা আপনার বিরুদ্ধে একাধিক সংযত আদেশ রয়েছে?","কেন আপনি যা পছন্দ করেন তা হ'ল অস্বাস্থ্যকর, আসক্তিযুক্ত বা আপনার বিরুদ্ধে একাধিক সংযত আদেশ রয়েছে?"
text withheld: corpus licence does not permit redistribution,0,0.0,banglasarc,দেখার অপেক্ষায় রইলাম😊,দেখার অপেক্ষায় রইলাম😊
text withheld: corpus licence does not permit redistribution,0,0.0,banglasarc,কালকে গিয়ে খেয়ে আসছি খাবার মজা ছিলো,কালকে গিয়ে খেয়ে আসছি খাবার মজা ছিলো
text withheld: corpus licence does not permit redistribution,1,1.0,banglasarc,"আপনি কারও সমালোচনা করার আগে আপনার জুতোতে এক মাইল হাঁটা উচিত।এইভাবে আপনি যখন তাদের সমালোচনা করেন, আপনি তাদের থেকে এক মাইল দূরে এবং আপনার জুতো রয়েছে","আপনি কারও সমালোচনা করার আগে আপনার জুতোতে এক মাইল হাঁটা উচিত।এইভাবে আপনি যখন তাদের সমালোচনা করেন, আপনি তাদের থেকে এক মাইল দূরে এবং আপনার জুতো রয়েছে"
text withheld: corpus licence does not permit redistribution,0,0.0,banglasarc,"জেনারেশন কতটা খারাপ হয়েছে সেটা বলার বাকি রাখে না,ইস্কুল,কলেজ, ইউনিভার্সিটি, এমন কি আম পাব্লিক, সবাই জেনো একি লেভেলে পরিনত হইছে,১৪/১৮ হতে শুরু করে সকল বয়ছের লোক এখানে নিজের মন গড়া কমেন্ট করে যাচ্ছে, মিথিলা যা কিছু করছে সে তার ভালো বুঝে,তার সঠিক রাস্তা সে খুঁজে নিবে,কিন্ত এই কমেন্ট বকক্সের লোক গুলো কি ফেরেশতা প্রশ্ন থেকে যায়!","জেনারেশন কতটা খারাপ হয়েছে সেটা বলার বাকি রাখে না,ইস্কুল,কলেজ, ইউনিভার্সিটি, এমন কি আম পাব্লিক, সবাই জেনো একি লেভেলে পরিনত হইছে,১৪/১৮ হতে শুরু করে সকল বয়ছের লোক এখানে নিজের মন গড়া কমেন্ট করে যাচ্ছে, মিথিলা যা কিছু করছে সে তার ভালো বুঝে,তার সঠিক রাস্তা সে খুঁজে নিবে,কিন্ত এই কমেন্ট বকক্সের লোক গুলো কি ফেরেশতা প্রশ্ন থেকে যায়!"
text withheld: corpus licence does not permit redistribution,1,1.0,banglasarc,আমার একা সময় কখনও কখনও আপনার সুরক্ষার জন্য।,আমার একা সময় কখনও কখনও আপনার সুরক্ষার জন্য।
text withheld: corpus licence does not permit redistribution,0,0.0,banglasarc,"সবকিছুই ভালো লাগে, শুধু এই বিরক্তিকর ভাবে মাইক্রোফোন ধরাটা দেখতে ভালো লাগে না, যে কারণে বেশিরভাগ সময়েই আপনার ভিডিও স্কিপ করে যাই","সবকিছুই ভালো লাগে, শুধু এই বিরক্তিকর ভাবে মাইক্রোফোন ধরাটা দেখতে ভালো লাগে না, যে কারণে বেশিরভাগ সময়েই আপনার ভিডিও স্কিপ করে যাই"
text withheld: corpus licence does not permit redistribution,1,1.0,banglasarc,"সোনিকে এখন সেই কনসোলের অর্থকে আরও ভাল অনলাইন অভিজ্ঞতায় পরিণত করা দরকার, আমি মানে মঙ্গলভাব!","সোনিকে এখন সেই কনসোলের অর্থকে আরও ভাল অনলাইন অভিজ্ঞতায় পরিণত করা দরকার, আমি মানে মঙ্গলভাব!"
text withheld: corpus licence does not permit redistribution,0,0.0,banglasarc,ভাইয়া! আপনারা সিংগাইর আসছিলেন। এটা আমাদের এলাকা। আর এখানে কিন্তু ওয়াই-ফাই আছে। ভয় দেখাবেন না মারিয়া ভাবি কে।,ভাইয়া! আপনারা সিংগাইর আসছিলেন। এটা আমাদের এলাকা। আর এখানে কিন্তু ওয়াই-ফাই আছে। ভয় দেখাবেন না মারিয়া ভাবি কে।
text withheld: corpus licence does not permit redistribution,0,0.0,banglasarc,কপি করা ছাড়া বাংলা__দেশ আর কিছু পারেনা,কপি করা ছাড়া বাংলা__দেশ আর কিছু পারেনা
text withheld: corpus licence does not permit redistribution,0,0.0,banglasarc,পাবলিক যেটা কমেন্টে বলার কথা ছিলোসেটা পোস্টদাতা নিজেই ক্যাপশনে লিখে দিছেআমজনতা আমাগো তেমন কিছু বলার নাইnice,পাবলিক যেটা কমেন্টে বলার কথা ছিলোসেটা পোস্টদাতা নিজেই ক্যাপশনে লিখে দিছেআমজনতা আমাগো তেমন কিছু বলার নাইnice
text withheld: corpus licence does not permit redistribution,0,0.0,banglasarc,দেখে নিন সুর সম্রাটের আদরের মেয়ের নিকার ছবি।,দেখে নিন সুর সম্রাটের আদরের মেয়ের নিকার ছবি।
text withheld: corpus licence does not permit redistribution,0,0.0,banglasarc,দেশে মোটরসাইকেল দুর্ঘটনা দিন দিন বৃদ্ধি পাচ্ছে। পরিবারের কথা চিন্তা করে হলেও সড়কে সর্তকতা অবলম্বন করা উচিত।,দেশে মোটরসাইকেল দুর্ঘটনা দিন দিন বৃদ্ধি পাচ্ছে। পরিবারের কথা চিন্তা করে হলেও সড়কে সর্তকতা অবলম্বন করা উচিত।
text withheld: corpus licence does not permit redistribution,1,1.0,banglasarc,এটা কি দেখার আইনী?,এটা কি দেখার আইনী?
text withheld: corpus licence does not permit redistribution,1,1.0,banglasarc,যদি প্রথমে আপনি সফল না হন তবে ইতিমধ্যে চেষ্টা করা বন্ধ করুন।আপনি সম্ভবত বোবা,যদি প্রথমে আপনি সফল না হন তবে ইতিমধ্যে চেষ্টা করা বন্ধ করুন।আপনি সম্ভবত বোবা
text withheld: corpus licence does not permit redistribution,1,1.0,banglasarc,আমি আপনাকে কীভাবে বিরক্ত করেছি আমাকে বলুন কারণ আমি এটি কীভাবে করব তা জানতে চাই।,আমি আপনাকে কীভাবে বিরক্ত করেছি আমাকে বলুন কারণ আমি এটি কীভাবে করব তা জানতে চাই।
text withheld: corpus licence does not permit redistribution,0,0.0,banglasarc,দিশার বাসায় দাওয়াত খেতে গিয়ে দিশাকে মেকাপ করে দিলাম,দিশার বাসায় দাওয়াত খেতে গিয়ে দিশাকে মেকাপ করে দিলাম
text withheld: corpus licence does not permit redistribution,1,1.0,banglasarc,কোনও জুনোর বাফের দরকার নেই ... সে চুষে।,কোনও জুনোর বাফের দরকার নেই ... সে চুষে।
text withheld: corpus licence does not permit redistribution,1,1.0,banglasarc,এই সংগীত করবে না।এটিতে যথেষ্ট কটূক্তি নেই।,এই সংগীত করবে না।এটিতে যথেষ্ট কটূক্তি নেই।
text withheld: corpus licence does not permit redistribution,1,1.0,banglasarc,আমার বসের ছুটিতে থাকার চেয়ে ভাল ছুটি আর নেই,আমার বসের ছুটিতে থাকার চেয়ে ভাল ছুটি আর নেই
text withheld: corpus licence does not permit redistribution,0,0.0,banglasarc,শুভকামনা সুহ্রদ কবি কাজী শাহজাহান ভাই ও বিশিষ্ট শিক্ষা গবেষক শাহবাজ রিয়াদ স্যার সহ জনাব জাহিদ হাসান এর জন্য ।,শুভকামনা সুহ্রদ কবি কাজী শাহজাহান ভাই ও বিশিষ্ট শিক্ষা গবেষক শাহবাজ রিয়াদ স্যার সহ জনাব জাহিদ হাসান এর জন্য ।
text withheld: corpus licence does not permit redistribution,0,0.0,banglasarc,তুমার সত্যি সত্যি বিয়া দেখার আশায় বসে আছি বিয়া করো না কেনো,তুমার সত্যি সত্যি বিয়া দেখার আশায় বসে আছি বিয়া করো না কেনো
text withheld: corpus licence does not permit redistribution,1,1.0,banglasarc,আমার আনুগত্য কেনা যায় না।তবে এটি ভাড়া দেওয়া যেতে পারে।,আমার আনুগত্য কেনা যায় না।তবে এটি ভাড়া দেওয়া যেতে পারে।
text withheld: corpus licence does not permit redistribution,0,0.0,banglasarc,আজকে শবে বরাত চোখে দেখতাছে :p,আজকে শবে বরাত চোখে দেখতাছে :p
text withheld: corpus licence does not permit redistribution,0,0.0,banglasarc,মূলত এক টাকায় আহার কর্তৃপক্ষের মাধ্যমে রান্না করা অত্যন্ত সুস্বাদু গরুর তেহারি সম্পূর্ণ রেসিপি,মূলত এক টাকায় আহার কর্তৃপক্ষের মাধ্যমে রান্না করা অত্যন্ত সুস্বাদু গরুর তেহারি সম্পূর্ণ রেসিপি
text withheld: corpus licence does not permit redistribution,1,1.0,banglasarc,"বাবু, ডেমোগ্রাফিক লভ্যাংশ সম্পর্কে কী?","বাবু, ডেমোগ্রাফিক লভ্যাংশ সম্পর্কে কী?"
text withheld: corpus licence does not permit redistribution,0,0.0,banglasarc,বাংলাদেশী মিয়া খলিফা,বাংলাদেশী মিয়া খলিফা
text withheld: corpus licence does not permit redistribution,0,0.0,banglasarc,যেমন সুন্দর পাখি তেমন সুন্দর ফটোগ্রাফি ❤️,যেমন সুন্দর পাখি তেমন সুন্দর ফটোগ্রাফি ❤️
text withheld: corpus licence does not permit redistribution,0,0.0,banglasarc,যখন ঠেলা খাবি তখন বুঝবি জানোয়ার।,যখন ঠেলা খাবি তখন বুঝবি জানোয়ার।
text withheld: corpus licence does not permit redistribution,0,0.0,banglasarc,যায়গা যায়গা চাঁদাবাজ ও ব্রিজের যে টোল দেওয়া হবে তাতে করে কৃষকরা মাথায় হাত দিয়ে বসে থাকবে।,যায়গা যায়গা চাঁদাবাজ ও ব্রিজের যে টোল দেওয়া হবে তাতে করে কৃষকরা মাথায় হাত দিয়ে বসে থাকবে।
text withheld: corpus licence does not permit redistribution,0,0.0,banglasarc,ভয়া বহ বন্যায় সিলেটে বেড়েই চলেছে পানি!,ভয়া বহ বন্যায় সিলেটে বেড়েই চলেছে পানি!
text withheld: corpus licence does not permit redistribution,0,0.0,banglasarc,এই গান বের হওয়ার আগেই ফ্লপ হবে।,এই গান বের হওয়ার আগেই ফ্লপ হবে।
text withheld: corpus licence does not permit redistribution,1,1.0,banglasarc,মানুষ তাদের পূর্বপুরুষদের জন্য গর্বিত নয় এবং খুব কমই তাদেরকে রাতের খাবারের জন্য আমন্ত্রণ জানায়।,মানুষ তাদের পূর্বপুরুষদের জন্য গর্বিত নয় এবং খুব কমই তাদেরকে রাতের খাবারের জন্য আমন্ত্রণ জানায়।
text withheld: corpus licence does not permit redistribution,0,0.0,banglasarc,ঠ্যালার নাম বাবাজি কথা আছেনা এর থেকে সবাই কে শিক্ষা নেয়া উচিত।,ঠ্যালার নাম বাবাজি কথা আছেনা এর থেকে সবাই কে শিক্ষা নেয়া উচিত।
text withheld: corpus licence does not permit redistribution,0,0.0,banglasarc,হে ইশ্বর আমাদের সাহায্য করুন,হে ইশ্বর আমাদের সাহায্য করুন
text withheld: corpus licence does not permit redistribution,0,0.0,banglasarc,নাস্তিক ও বদমাইশ,নাস্তিক ও বদমাইশ
text withheld: corpus licence does not permit redistribution,0,0.0,banglasarc,মুখোশ ধারী মানুষ যে কিভয়ানক তাদের সঙ্গে না থাকলে বোঝা যায়না,মুখোশ ধারী মানুষ যে কিভয়ানক তাদের সঙ্গে না থাকলে বোঝা যায়না
text withheld: corpus licence does not permit redistribution,0,0.0,banglasarc,"আপু বেশি বেশি রেসিপি দিবেন, যেন রেসিপির উসিলায় আপনাকে বার বার নতুন করে দেখতে পারি 💖💖💖","আপু বেশি বেশি রেসিপি দিবেন, যেন রেসিপির উসিলায় আপনাকে বার বার নতুন করে দেখতে পারি 💖💖💖"
text withheld: corpus licence does not permit redistribution,0,0.0,banglasarc,কতৃপক্ষের দৃষ্টি আকর্ষণ করছি দ্রুত ব্যবস্থা নেওয়ার জন্য,কতৃপক্ষের দৃষ্টি আকর্ষণ করছি দ্রুত ব্যবস্থা নেওয়ার জন্য
text withheld: corpus licence does not permit redistribution,0,0.0,banglasarc,আল্লাহ দাদিকে বেহেশত নসিব করুন,আল্লাহ দাদিকে বেহেশত নসিব করুন
text withheld: corpus licence does not permit redistribution,0,0.0,banglasarc,ওলামালীগের কোন কর্মকান্ড চোখে পড়ে নাই।,ওলামালীগের কোন কর্মকান্ড চোখে পড়ে নাই।
text withheld: corpus licence does not permit redistribution,1,1.0,banglasarc,"ঠিক আছে আমাকে আপনার পেপাল বিশদটি প্রেরণ করুন এবং আমি আপনাকে as 5,000 এএসএপি তারে করব।","ঠিক আছে আমাকে আপনার পেপাল বিশদটি প্রেরণ করুন এবং আমি আপনাকে as 5,000 এএসএপি তারে করব।"
text withheld: corpus licence does not permit redistribution,1,1.0,banglasarc,সুতরাং আপনি আমাকে বলতে চাইছেন যে কোনও স্ট্রেস বল আপনাকে চাপ দেয় এমন লোকদের দিকে ছুঁড়ে দেওয়ার জন্য নয়?,সুতরাং আপনি আমাকে বলতে চাইছেন যে কোনও স্ট্রেস বল আপনাকে চাপ দেয় এমন লোকদের দিকে ছুঁড়ে দেওয়ার জন্য নয়?
text withheld: corpus licence does not permit redistribution,1,1.0,banglasarc,"আমি ক্ষুদ্র নই, আমি মৃত গাধা অসম্মানজনক এবং আপনি যদি সেই ক্ষুদ্র খেলাটি খেলতে চান তবে আমি আপনাকে সরাসরি অসম্মান করব।আপনার অনুভূতি আহত হবে।","আমি ক্ষুদ্র নই, আমি মৃত গাধা অসম্মানজনক এবং আপনি যদি সেই ক্ষুদ্র খেলাটি খেলতে চান তবে আমি আপনাকে সরাসরি অসম্মান করব।আপনার অনুভূতি আহত হবে।"
text withheld: corpus licence does not permit redistribution,1,1.0,banglasarc,"নাহ, তার সম্ভাবনা বা উচ্চাকাঙ্ক্ষা নেই।","নাহ, তার সম্ভাবনা বা উচ্চাকাঙ্ক্ষা নেই।"
text withheld: corpus licence does not permit redistribution,0,0.0,banglasarc,অসাধারন,অসাধারন
text withheld: corpus licence does not permit redistribution,0,0.0,banglasarc,শুধু ঢাকাই বসে বসে বকবক করা ছাড়া কিছু করবে না বকবক পাটির দল?,শুধু ঢাকাই বসে বসে বকবক করা ছাড়া কিছু করবে না বকবক পাটির দল?
text withheld: corpus licence does not permit redistribution,0,0.0,banglasarc,ঈশ্বর সবকিছু আবার স্বাভাবিক করে দাও।🙏🙏,ঈশ্বর সবকিছু আবার স্বাভাবিক করে দাও।🙏🙏
text withheld: corpus licence does not permit redistribution,1,1.0,banglasarc,আপনি আমার সম্পর্কে যে জিনিসগুলি শুনেছেন তা মিথ্যা।আমি আরও খারাপ।,আপনি আমার সম্পর্কে যে জিনিসগুলি শুনেছেন তা মিথ্যা।আমি আরও খারাপ।
text withheld: corpus licence does not permit redistribution,0,0.0,banglasarc,এটি একটি বিনোদন মূলক পেইজ!,এটি একটি বিনোদন মূলক পেইজ!
text withheld: corpus licence does not permit redistribution,1,1.0,banglasarc,"কি ছেলে, আমি ভাবছি যদি তার কোনও চাকরি দরকার।","কি ছেলে, আমি ভাবছি যদি তার কোনও চাকরি দরকার।"
text withheld: corpus licence does not permit redistribution,0,0.0,banglasarc,সঠিক ও সাহসী সিদ্ধান্ত।,সঠিক ও সাহসী সিদ্ধান্ত।
text withheld: corpus licence does not permit redistribution,1,1.0,banglasarc,আমি অবশ্যই একজন সকালের ব্যক্তি তবে প্রায়শই এটির মাধ্যমে সরাসরি ঘুমাতে পছন্দ করি।,আমি অবশ্যই একজন সকালের ব্যক্তি তবে প্রায়শই এটির মাধ্যমে সরাসরি ঘুমাতে পছন্দ করি।
text withheld: corpus licence does not permit redistribution,0,0.0,banglasarc,জয় বাংলা ।,জয় বাংলা ।
text withheld: corpus licence does not permit redistribution,0,0.0,banglasarc,দালালি শুরু করলেন। যেখানে আজ সময় টিভির দুপুর ২ টার নিউজে একটা রিপোর্ট দেখলাম স্বয়ং ডাক্টার রা ক্লেইম করছে এগুলার মান ভাল না। ঢাকার বাহিরে কেউ পাচ্ছে না। সেখানে তুমি আমেরিকায় গিয়ে এডভাইস মার??? দেশে যে কিছু নাই এটা তুমিও ভাল জান এজন্য ভাগছ দেশ থেকে। কইলজায় দম থাকলে দ্যাশে থাকতা,দালালি শুরু করলেন। যেখানে আজ সময় টিভির দুপুর ২ টার নিউজে একটা রিপোর্ট দেখলাম স্বয়ং ডাক্টার রা ক্লেইম করছে এগুলার মান ভাল না। ঢাকার বাহিরে কেউ পাচ্ছে না। সেখানে তুমি আমেরিকায় গিয়ে এডভাইস মার??? দেশে যে কিছু নাই এটা তুমিও ভাল জান এজন্য ভাগছ দেশ থেকে। কইলজায় দম থাকলে দ্যাশে থাকতা
text withheld: corpus licence does not permit redistribution,0,0.0,banglasarc,এত সাজার পর যদি দেখি নিজেকে লো বাজেটের হরর মুভির নাইকা গুলোর মতো লাগতেছে কি করবো,এত সাজার পর যদি দেখি নিজেকে লো বাজেটের হরর মুভির নাইকা গুলোর মতো লাগতেছে কি করবো
text withheld: corpus licence does not permit redistribution,0,0.0,banglasarc,এর চেয়ে ভালো এক্সাম্পল হবেনা তোর,এর চেয়ে ভালো এক্সাম্পল হবেনা তোর
text withheld: corpus licence does not permit redistribution,1,1.0,banglasarc,পাগল আমার পরিবারে একটি আপেক্ষিক শব্দ!,পাগল আমার পরিবারে একটি আপেক্ষিক শব্দ!
text withheld: corpus licence does not permit redistribution,1,1.0,banglasarc,"যখন সামাজিক দূরত্ব শেষ হয়ে যায়, আসুন কিছু লোককে বলি না।","যখন সামাজিক দূরত্ব শেষ হয়ে যায়, আসুন কিছু লোককে বলি না।"
text withheld: corpus licence does not permit redistribution,0,0.0,banglasarc,আশা করি পরেরটা জোস হবে ।,আশা করি পরেরটা জোস হবে ।
text withheld: corpus licence does not permit redistribution,1,1.0,banglasarc,কোনও বই এর প্রচ্ছদ দ্বারা বিচার করবেন না।কোনও শিক্ষার্থী তার শতাংশ দ্বারা বিচার করবেন না,কোনও বই এর প্রচ্ছদ দ্বারা বিচার করবেন না।কোনও শিক্ষার্থী তার শতাংশ দ্বারা বিচার করবেন না
text withheld: corpus licence does not permit redistribution,0,0.0,banglasarc,আজীবন ক্ষমতায় থাকার খোয়াব দেখছেন শেখ হাসিনা: রিজভী,আজীবন ক্ষমতায় থাকার খোয়াব দেখছেন শেখ হাসিনা: রিজভী
text withheld: corpus licence does not permit redistribution,0,0.0,banglasarc,জরুরি সেবা খোলা থাকবে।,জরুরি সেবা খোলা থাকবে।
text withheld: corpus licence does not permit redistribution,0,0.0,banglasarc,কমেন্টস রিডার এসোসিয়েশন থেকে কমেন্টস পড়তে এসে পড়েছি,কমেন্টস রিডার এসোসিয়েশন থেকে কমেন্টস পড়তে এসে পড়েছি
text withheld: corpus licence does not permit redistribution,1,1.0,banglasarc,আমাকে অবমূল্যায়ন করা. এটা মজার হবে.,আমাকে অবমূল্যায়ন করা. এটা মজার হবে.
text withheld: corpus licence does not permit redistribution,0,0.0,banglasarc,"আপনারা যারা খারাপ ভাষা ব্যবহার করছেন , আপনারা তো পরকালে, আখিরাতে বিশ্বাস করেন না? ধর্মকে হাস্যকর বানাইলেন না ভাইয়ারা।আমাদের ধর্ম নিশ্চই এইসব সাপোর্ট করে না। সে ভুল করছে আসলেই যদি আপনি মুসলিম হয়ে থাকেন ভদ্র ভাষায় ও সমালচনা করা যায়।","আপনারা যারা খারাপ ভাষা ব্যবহার করছেন , আপনারা তো পরকালে, আখিরাতে বিশ্বাস করেন না? ধর্মকে হাস্যকর বানাইলেন না ভাইয়ারা।আমাদের ধর্ম নিশ্চই এইসব সাপোর্ট করে না। সে ভুল করছে আসলেই যদি আপনি মুসলিম হয়ে থাকেন ভদ্র ভাষায় ও সমালচনা করা যায়।"
text withheld: corpus licence does not permit redistribution,1,1.0,banglasarc,আমি একজন দরিদ্র মানুষের মতো বাঁচতে চাই - কেবল প্রচুর অর্থ দিয়ে।,আমি একজন দরিদ্র মানুষের মতো বাঁচতে চাই - কেবল প্রচুর অর্থ দিয়ে।
text withheld: corpus licence does not permit redistribution,1,1.0,banglasarc,আমি আপনার সাথে একমত হব কিন্তু তারপরে আমরা দুজনেই ভুল হয়ে যাব,আমি আপনার সাথে একমত হব কিন্তু তারপরে আমরা দুজনেই ভুল হয়ে যাব
text withheld: corpus licence does not permit redistribution,0,0.0,banglasarc,আনেক ভালো হবে কিনে ফেলেন ভাইয়া,আনেক ভালো হবে কিনে ফেলেন ভাইয়া
text withheld: corpus licence does not permit redistribution,0,0.0,banglasarc,স্যারের লেখা টি মন ছুঁয়ে গেল।,স্যারের লেখা টি মন ছুঁয়ে গেল।
text withheld: corpus licence does not permit redistribution,1,1.0,banglasarc,বাম্বলিস উড়তে পারে না ....,বাম্বলিস উড়তে পারে না ....
text withheld: corpus licence does not permit redistribution,1,1.0,banglasarc,তবে এর অর্থ আপনি সর্বদা 3 টি কার্ডের দিকে তাকান না!,তবে এর অর্থ আপনি সর্বদা 3 টি কার্ডের দিকে তাকান না!
text withheld: corpus licence does not permit redistribution,0,0.0,banglasarc,গণতন্ত্রের বিজয় হোক।,গণতন্ত্রের বিজয় হোক।
text withheld: corpus licence does not permit redistribution,0,0.0,banglasarc,ধানের আটি এত ছোট কেন?বিস্তারিত লেখালেখি,ধানের আটি এত ছোট কেন?বিস্তারিত লেখালেখি
text withheld: corpus licence does not permit redistribution,0,0.0,banglasarc,এতোদিন কোথায় ছিলেন-বস? রোহিঙ্গা তো বাংলাদেশে আজ আসেনি?,এতোদিন কোথায় ছিলেন-বস? রোহিঙ্গা তো বাংলাদেশে আজ আসেনি?
text withheld: corpus licence does not permit redistribution,0,0.0,banglasarc,লেন্স কি পরায় দিছিলো আপু,লেন্স কি পরায় দিছিলো আপু
text withheld: corpus licence does not permit redistribution,1,1.0,banglasarc,"কারণ এটি সেক্সি নয়, এটি সমকামী!","কারণ এটি সেক্সি নয়, এটি সমকামী!"
text withheld: corpus licence does not permit redistribution,0,0.0,banglasarc,নাস্তিকরা এখন কম কথা বললে দেশও জাতীয় জন্য মঙ্গল,নাস্তিকরা এখন কম কথা বললে দেশও জাতীয় জন্য মঙ্গল
text withheld: corpus licence does not permit redistribution,0,0.0,banglasarc,অসাধারণ সিদ্ধান্ত,অসাধারণ সিদ্ধান্ত
text withheld: corpus licence does not permit redistribution,0,0.0,banglasarc,আপনি যদি এ সকল সমস্যা থেকে থাকেন তাহলে আপনার জন্য সু-খবর আজই চলে আসুন আমাদের সুপার হোমে।,আপনি যদি এ সকল সমস্যা থেকে থাকেন তাহলে আপনার জন্য সু-খবর আজই চলে আসুন আমাদের সুপার হোমে।
text withheld: corpus licence does not permit redistribution,1,1.0,banglasarc,"একটি টকিলা, দুটি টকিলা, তিনটি টকিলা, মেঝে।","একটি টকিলা, দুটি টকিলা, তিনটি টকিলা, মেঝে।"
text withheld: corpus licence does not permit redistribution,0,0.0,banglasarc,এইসব সাফ কবির যারা সেলফি তুলে সেলিব্রেটি হয় তাদের কাছ থেকে এর চেয়ে ভালো র কি আসা করা যায়।।নষ্ট মেয়ে,এইসব সাফ কবির যারা সেলফি তুলে সেলিব্রেটি হয় তাদের কাছ থেকে এর চেয়ে ভালো র কি আসা করা যায়।।নষ্ট মেয়ে
text withheld: corpus licence does not permit redistribution,0,0.0,banglasarc,"জাই হক , আমি কিছু জ্ঞান চিখলাম ধন্যবাদ","জাই হক , আমি কিছু জ্ঞান চিখলাম ধন্যবাদ"
text withheld: corpus licence does not permit redistribution,0,0.0,banglasarc,বাবা তুমি বিশাল দুর ঐ সমুদ্রের মতো,বাবা তুমি বিশাল দুর ঐ সমুদ্রের মতো
text withheld: corpus licence does not permit redistribution,0,0.0,banglasarc,বড়লোক বাবার আদরের সন্তানের সাথে যখন তার শ্বশুরবাড়ির লোকজন কাজের লোকের মতো ব্যবহার করে,বড়লোক বাবার আদরের সন্তানের সাথে যখন তার শ্বশুরবাড়ির লোকজন কাজের লোকের মতো ব্যবহার করে
text withheld: corpus licence does not permit redistribution,0,0.0,banglasarc,ক্ষতির হিসাব পড়ে হবে।,ক্ষতির হিসাব পড়ে হবে।
text withheld: corpus licence does not permit redistribution,0,0.0,banglasarc,আপনার লাইফ নিয়া খুব জেলাস হয়।আমি এখনও নিজের জেলার অর্ধেকও চিনি নাহ😌,আপনার লাইফ নিয়া খুব জেলাস হয়।আমি এখনও নিজের জেলার অর্ধেকও চিনি নাহ😌
text withheld: corpus licence does not permit redistribution,0,0.0,banglasarc,এভাবেই বেঁচে থাকুক ইমান আলীর মতো বন্ধু ও আপনাদের বন্ধুত্ব,এভাবেই বেঁচে থাকুক ইমান আলীর মতো বন্ধু ও আপনাদের বন্ধুত্ব
text withheld: corpus licence does not permit redistribution,0,0.0,banglasarc,এখন যা বলছেন তাকি বাক স্বাধীনতা নয়।,এখন যা বলছেন তাকি বাক স্বাধীনতা নয়।
text withheld: corpus licence does not permit redistribution,0,0.0,banglasarc,মনের সাথে যুদ্ধ করে বাঁচা আর কি।ঠিক এইভাবে আমিও বেঁচে আছি।,মনের সাথে যুদ্ধ করে বাঁচা আর কি।ঠিক এইভাবে আমিও বেঁচে আছি।
text withheld: corpus licence does not permit redistribution,0,0.0,banglasarc,"মানুষ বাঁচলে, দেশ বাঁচবে","মানুষ বাঁচলে, দেশ বাঁচবে"
text withheld: corpus licence does not permit redistribution,1,1.0,banglasarc,যদি না আপনার নাম গুগল না হয় তবে আপনি যেমন সমস্ত কিছু জানেন তেমন অভিনয় করা বন্ধ করুন।,যদি না আপনার নাম গুগল না হয় তবে আপনি যেমন সমস্ত কিছু জানেন তেমন অভিনয় করা বন্ধ করুন।
text withheld: corpus licence does not permit redistribution,0,0.0,banglasarc,"আর কেনই বা এই বিপুল পরিমানে খাবার রান্নার পর, আস্ত মানুষ মই দিয়ে হাঁড়িতে নেমে খাবার তুলে আনছেন?","আর কেনই বা এই বিপুল পরিমানে খাবার রান্নার পর, আস্ত মানুষ মই দিয়ে হাঁড়িতে নেমে খাবার তুলে আনছেন?"
text withheld: corpus licence does not permit redistribution,0,0.0,banglasarc,"সেবার মান ভালো, খরচ কম।","সেবার মান ভালো, খরচ কম।"
text withheld: corpus licence does not permit redistribution,0,0.0,banglasarc,"এদের দেখতে মানুষের মত লাগে, কিন্তু এরা আসলে আগাগোড়া ধার্মিক।","এদের দেখতে মানুষের মত লাগে, কিন্তু এরা আসলে আগাগোড়া ধার্মিক।"
text withheld: corpus licence does not permit redistribution,1,1.0,banglasarc,আমি জানি খেলা শুরু হয়েছে তবে আমি এখনও নিচে,আমি জানি খেলা শুরু হয়েছে তবে আমি এখনও নিচে
text withheld: corpus licence does not permit redistribution,1,1.0,banglasarc,"জীবন শিল্পকে অনুকরণ করে না, এটি খারাপ টেলিভিশন অনুকরণ করে।","জীবন শিল্পকে অনুকরণ করে না, এটি খারাপ টেলিভিশন অনুকরণ করে।"
text withheld: corpus licence does not permit redistribution,0,0.0,banglasarc,দেখে শিক্ষা নিন...,দেখে শিক্ষা নিন...
text withheld: corpus licence does not permit redistribution,0,0.0,banglasarc,আপু আপনাকে অনেক সুন্দর লাগতেছে কিন্তু হেয়ার স্টাইল টা ভালো হয় 💔 না তাই ব্রাইডাল মেকআপ লুক লাগে না 💔,আপু আপনাকে অনেক সুন্দর লাগতেছে কিন্তু হেয়ার স্টাইল টা ভালো হয় 💔 না তাই ব্রাইডাল মেকআপ লুক লাগে না 💔
text withheld: corpus licence does not permit redistribution,1,1.0,banglasarc,খুশি না হয়ে এক মিনিট নষ্ট করবেন না।যদি একটি উইন্ডো বন্ধ হয়ে যায় তবে পরবর্তী উইন্ডোতে চলে যান।বা একটি দরজা ভেঙে।,খুশি না হয়ে এক মিনিট নষ্ট করবেন না।যদি একটি উইন্ডো বন্ধ হয়ে যায় তবে পরবর্তী উইন্ডোতে চলে যান।বা একটি দরজা ভেঙে।
text withheld: corpus licence does not permit redistribution,0,0.0,banglasarc,লিজিকির প্রায় সব ভিডিও দেখা শেষ নতুন ভিডিও পাচ্ছিলাম ভাবছিলাম কি হলো!,লিজিকির প্রায় সব ভিডিও দেখা শেষ নতুন ভিডিও পাচ্ছিলাম ভাবছিলাম কি হলো!
text withheld: corpus licence does not permit redistribution,1,1.0,banglasarc,"হাহা ওহ, সে তোমাকে পেয়েছে..এই তোমাকে ভাল লাগল ...","হাহা ওহ, সে তোমাকে পেয়েছে..এই তোমাকে ভাল লাগল ..."
text withheld: corpus licence does not permit redistribution,1,1.0,banglasarc,আসলে আমার আগ্রহের মাত্রা শারীরিকভাবে সর্বাধিক শীর্ষে পৌঁছেছে ... এখন তারা আবার স্বাভাবিক অবস্থায় ফিরে এসেছে।,আসলে আমার আগ্রহের মাত্রা শারীরিকভাবে সর্বাধিক শীর্ষে পৌঁছেছে ... এখন তারা আবার স্বাভাবিক অবস্থায় ফিরে এসেছে।
text withheld: corpus licence does not permit redistribution,0,0.0,banglasarc,"ভাই অসাধারণ একটা ভিডিও,,ড্রোন কেমেরার ভিডিও গুলো অনেক সুন্দর হয়,,,","ভাই অসাধারণ একটা ভিডিও,,ড্রোন কেমেরার ভিডিও গুলো অনেক সুন্দর হয়,,,"
text withheld: corpus licence does not permit redistribution,1,1.0,banglasarc,আমি নিশ্চিত করতে চাই যে আমার যত্ন নেই।,আমি নিশ্চিত করতে চাই যে আমার যত্ন নেই।
text withheld: corpus licence does not permit redistribution,0,0.0,banglasarc,বাড়িঘর ডুবিয়ে এখন মেইন রোডও ডুবিয়ে ফেলছে। কোম্পানিগঞ্জের ভয়াবহ অবস্থা। গলার উপর পানি।,বাড়িঘর ডুবিয়ে এখন মেইন রোডও ডুবিয়ে ফেলছে। কোম্পানিগঞ্জের ভয়াবহ অবস্থা। গলার উপর পানি।
text withheld: corpus licence does not permit redistribution,0,0.0,banglasarc,"বিনম্র শ্রদ্ধা দু, জনের প্রতি।","বিনম্র শ্রদ্ধা দু, জনের প্রতি।"
text withheld: corpus licence does not permit redistribution,1,1.0,banglasarc,"আমি সত্যিকারের শক্ত পাড়া থেকে এসেছি।একবার একজন লোক আমার উপর একটি ছুরি টানল।আমি জানতাম তিনি পেশাদার নন, ছুরিটিতে এতে মাখন ছিল।","আমি সত্যিকারের শক্ত পাড়া থেকে এসেছি।একবার একজন লোক আমার উপর একটি ছুরি টানল।আমি জানতাম তিনি পেশাদার নন, ছুরিটিতে এতে মাখন ছিল।"
text withheld: corpus licence does not permit redistribution,1,1.0,banglasarc,"যদি কেউ আপনার কালো পোশাকের দিকে ইঙ্গিত করে এবং জিজ্ঞাসা করে, কার শেষকৃত্য হয় তবে আপনি কেবল ঘরের চারপাশে তাকান এবং উত্তর দিন, ""এখনও সিদ্ধান্ত নেননি।""","যদি কেউ আপনার কালো পোশাকের দিকে ইঙ্গিত করে এবং জিজ্ঞাসা করে, কার শেষকৃত্য হয় তবে আপনি কেবল ঘরের চারপাশে তাকান এবং উত্তর দিন, ""এখনও সিদ্ধান্ত নেননি।"""
text withheld: corpus licence does not permit redistribution,0,0.0,banglasarc,শেখ হাসিনার ছালাম নিন নৌকা মার্কায় ভোট দিন,শেখ হাসিনার ছালাম নিন নৌকা মার্কায় ভোট দিন
text withheld: corpus licence does not permit redistribution,0,0.0,banglasarc,নির্বাচন কমিশনের বিচার চাই!🤪🤪,নির্বাচন কমিশনের বিচার চাই!🤪🤪
text withheld: corpus licence does not permit redistribution,1,1.0,banglasarc,"অবশ্যই আমি একটি বোকা মত কথা বলছি, আপনি আমাকে অন্য কিভাবে বুঝতে হবে?","অবশ্যই আমি একটি বোকা মত কথা বলছি, আপনি আমাকে অন্য কিভাবে বুঝতে হবে?"
text withheld: corpus licence does not permit redistribution,0,0.0,banglasarc,অন্ধ স্বামী শেষ পর্ব।টাকার লোভে অন্ধ স্বামীকে পাহাড় থেকে ফেলে দিতে চেয়েছিল সুন্দরী বউ,অন্ধ স্বামী শেষ পর্ব।টাকার লোভে অন্ধ স্বামীকে পাহাড় থেকে ফেলে দিতে চেয়েছিল সুন্দরী বউ
text withheld: corpus licence does not permit redistribution,0,0.0,banglasarc,অনেক দিন পর দেখলাম,অনেক দিন পর দেখলাম
text withheld: corpus licence does not permit redistribution,0,0.0,banglasarc,"আপনার কি বিয়ে, গায়ে হলুদ এইসব ছাড়া আর কোনো টপিক নাই কনটেন্ট বানানোর?","আপনার কি বিয়ে, গায়ে হলুদ এইসব ছাড়া আর কোনো টপিক নাই কনটেন্ট বানানোর?"
text withheld: corpus licence does not permit redistribution,0,0.0,banglasarc,দরকারি সব কিছু গুছিয়ে রাখার সেরা সমাধান দীর্ঘস্থায়ী ও আধুনিক ডিজাইনের রিগ্যাল থ্রি-ডি প্রিন্টেড আলমারি।,দরকারি সব কিছু গুছিয়ে রাখার সেরা সমাধান দীর্ঘস্থায়ী ও আধুনিক ডিজাইনের রিগ্যাল থ্রি-ডি প্রিন্টেড আলমারি।
text withheld: corpus licence does not permit redistribution,1,1.0,banglasarc,বিয়ের কোনও গ্যারান্টি নেই।আপনি যা খুঁজছেন তা যদি হয় তবে গাড়ির ব্যাটারি নিয়ে সরাসরি যান।,বিয়ের কোনও গ্যারান্টি নেই।আপনি যা খুঁজছেন তা যদি হয় তবে গাড়ির ব্যাটারি নিয়ে সরাসরি যান।
text withheld: corpus licence does not permit redistribution,1,1.0,banglasarc,আমি একজন সুন্দর মানুষ।শুধু বি..সিএইচ বোতামটি চাপবেন না।,আমি একজন সুন্দর মানুষ।শুধু বি..সিএইচ বোতামটি চাপবেন না।
text withheld: corpus licence does not permit redistribution,1,1.0,banglasarc,উচ্চ বিদ্যালয় সহজ ছিল।এটি বাইক চালানোর মতো ছিল।বাইকটি আগুনে জ্বলছিল এবং মাটিতে আগুন লেগেছিল এবং সবকিছু আগুনে ছিল কারণ এটি নরক ছিল,উচ্চ বিদ্যালয় সহজ ছিল।এটি বাইক চালানোর মতো ছিল।বাইকটি আগুনে জ্বলছিল এবং মাটিতে আগুন লেগেছিল এবং সবকিছু আগুনে ছিল কারণ এটি নরক ছিল
text withheld: corpus licence does not permit redistribution,1,1.0,banglasarc,যুদ্ধ আমেরিকানদের ভূগোল শেখানোর god শ্বরের উপায়।,যুদ্ধ আমেরিকানদের ভূগোল শেখানোর god শ্বরের উপায়।
text withheld: corpus licence does not permit redistribution,1,1.0,banglasarc,লোকেরা কেন আগামীকাল নেই তেমন বিশ্বজুড়ে রসিকতা কেন?,লোকেরা কেন আগামীকাল নেই তেমন বিশ্বজুড়ে রসিকতা কেন?
text withheld: corpus licence does not permit redistribution,0,0.0,banglasarc,আপু আমি শুধু আপনাকেই দেখছিলাম আর আপনার কথা শুনছিলাম 😇 কি মিষ্টি দেখতে আপনি আর আপনার ভয়েসটা 😍❤️🥰,আপু আমি শুধু আপনাকেই দেখছিলাম আর আপনার কথা শুনছিলাম 😇 কি মিষ্টি দেখতে আপনি আর আপনার ভয়েসটা 😍❤️🥰
text withheld: corpus licence does not permit redistribution,0,0.0,banglasarc,শ্রদ্ধা♥,শ্রদ্ধা♥
text withheld: corpus licence does not permit redistribution,1,1.0,banglasarc,কখনও কখনও আমি আশা করি আমি একটি অক্টোপাস ছিলাম যাতে আমি একবারে আট জনকে চড় মারতে পারি।,কখনও কখনও আমি আশা করি আমি একটি অক্টোপাস ছিলাম যাতে আমি একবারে আট জনকে চড় মারতে পারি।
text withheld: corpus licence does not permit redistribution,0,0.0,banglasarc,"""মুমিন কখনো দোষারোপকারী, অভিশাপদাতা, অশ্লীলভাষী ও গালিগালাজকারী হয় না।","""মুমিন কখনো দোষারোপকারী, অভিশাপদাতা, অশ্লীলভাষী ও গালিগালাজকারী হয় না।"
text withheld: corpus licence does not permit redistribution,1,1.0,banglasarc,মনে রাখবেন যখন আমি আপনার মতামত চেয়েছিলাম,মনে রাখবেন যখন আমি আপনার মতামত চেয়েছিলাম
text withheld: corpus licence does not permit redistribution,0,0.0,banglasarc,গাজীপুর থেকে লাইভে জয়েন করার জন্য অসংখ্য ধন্যবাদ,গাজীপুর থেকে লাইভে জয়েন করার জন্য অসংখ্য ধন্যবাদ
text withheld: corpus licence does not permit redistribution,1,1.0,banglasarc,হ্যাঁ স্পষ্টতই তাঁর দোষ যে তাঁর বান্ধবী অন্য ছেলেদের চুম্বন করছেন এবং তাদের সাথে ঘুমাচ্ছেন।,হ্যাঁ স্পষ্টতই তাঁর দোষ যে তাঁর বান্ধবী অন্য ছেলেদের চুম্বন করছেন এবং তাদের সাথে ঘুমাচ্ছেন।
text withheld: corpus licence does not permit redistribution,0,0.0,banglasarc,"আমেরিকার মতো একটা যায়গায় আপনাদের খুব সুন্দর একটি বসবাসের বাসা, সত্যি খুব সুন্দর, তবে পাকা টমেটো ভাই সংসার জীবনেও পাকা।","আমেরিকার মতো একটা যায়গায় আপনাদের খুব সুন্দর একটি বসবাসের বাসা, সত্যি খুব সুন্দর, তবে পাকা টমেটো ভাই সংসার জীবনেও পাকা।"
text withheld: corpus licence does not permit redistribution,1,1.0,banglasarc,সারক্যাসম আমার প্রেমের ভাষা,সারক্যাসম আমার প্রেমের ভাষা
text withheld: corpus licence does not permit redistribution,1,1.0,banglasarc,দুটি জিনিস অসীম: মহাবিশ্ব এবং মানব বোকামি;এবং আমি মহাবিশ্ব সম্পর্কে নিশ্চিত নই।,দুটি জিনিস অসীম: মহাবিশ্ব এবং মানব বোকামি;এবং আমি মহাবিশ্ব সম্পর্কে নিশ্চিত নই।
text withheld: corpus licence does not permit redistribution,1,1.0,banglasarc,আগামীকাল থেকে আপনি কি করতে পারবেন না আগামীকাল পর্যন্ত কখনই ছাড়বেন না।,আগামীকাল থেকে আপনি কি করতে পারবেন না আগামীকাল পর্যন্ত কখনই ছাড়বেন না।
text withheld: corpus licence does not permit redistribution,1,1.0,banglasarc,"জিনিসগুলি করার জন্য আফসোস করবেন না, ধরা পড়ার জন্য আফসোস","জিনিসগুলি করার জন্য আফসোস করবেন না, ধরা পড়ার জন্য আফসোস"
text withheld: corpus licence does not permit redistribution,0,0.0,banglasarc,সুনামগঞ্জ এর সাথে যোগাযোগ ব্যবস্থা বন্ধ,সুনামগঞ্জ এর সাথে যোগাযোগ ব্যবস্থা বন্ধ
text withheld: corpus licence does not permit redistribution,0,0.0,banglasarc,আমিও হাটতে চাই এই পথে একদিন। শুভ কামনা।,আমিও হাটতে চাই এই পথে একদিন। শুভ কামনা।
text withheld: corpus licence does not permit redistribution,0,0.0,banglasarc,অনেক দিন পর জামা পড়লো,অনেক দিন পর জামা পড়লো
text withheld: corpus licence does not permit redistribution,0,0.0,banglasarc,আওয়ামী লীগের দালালি বন্ধ করেন,আওয়ামী লীগের দালালি বন্ধ করেন
text withheld: corpus licence does not permit redistribution,0,0.0,banglasarc,"আপনি ভবিষ্যতে যে কোন মিডিয়াতে মন্তব্য করার আগে অত্যন্ত সতর্ক থাকবেন ! আমি স্পেশালি আপনাকে beauty without brain এরকম ট্যাগ করতে চাচ্ছি না ! আপনি সুন্দরী , শিক্ষিতা , এবং বিবেকবান !","আপনি ভবিষ্যতে যে কোন মিডিয়াতে মন্তব্য করার আগে অত্যন্ত সতর্ক থাকবেন ! আমি স্পেশালি আপনাকে beauty without brain এরকম ট্যাগ করতে চাচ্ছি না ! আপনি সুন্দরী , শিক্ষিতা , এবং বিবেকবান !"
text withheld: corpus licence does not permit redistribution,0,0.0,banglasarc,আপনাদেরকে অসংখ্য ধন্যবাদ .এই ক্লাসটি করার জন্য,আপনাদেরকে অসংখ্য ধন্যবাদ .এই ক্লাসটি করার জন্য
text withheld: corpus licence does not permit redistribution,1,1.0,banglasarc,আপনি যদি আমার মতো বিকল্পের সাথে আচরণ করেন তবে আমি আপনাকে পছন্দ পছন্দ করে রাখব,আপনি যদি আমার মতো বিকল্পের সাথে আচরণ করেন তবে আমি আপনাকে পছন্দ পছন্দ করে রাখব
text withheld: corpus licence does not permit redistribution,0,0.0,banglasarc,এই গান শুনে সবসময় কল্পনায় রাজ্য হারিয়ে যেতাম। কেনো জানি গান টা গভীর ভাবে অনুভব করি।,এই গান শুনে সবসময় কল্পনায় রাজ্য হারিয়ে যেতাম। কেনো জানি গান টা গভীর ভাবে অনুভব করি।
text withheld: corpus licence does not permit redistribution,0,0.0,banglasarc,সেই বলেছেন,সেই বলেছেন
text withheld: corpus licence does not permit redistribution,1,1.0,banglasarc,এটি একটি সহজ সরঞ্জাম এই পৃথিবী- আপনি যেমন সমস্ত কিছু জানেন ঠিক তেমন ভান করুন।,এটি একটি সহজ সরঞ্জাম এই পৃথিবী- আপনি যেমন সমস্ত কিছু জানেন ঠিক তেমন ভান করুন।
text withheld: corpus licence does not permit redistribution,0,0.0,banglasarc,"আমি আপনাদের সব ভিডিও দেখি এবং ভালো লাগে, মানিকগঞ্জ আসছিলেন শুনে খুশি হলাম।","আমি আপনাদের সব ভিডিও দেখি এবং ভালো লাগে, মানিকগঞ্জ আসছিলেন শুনে খুশি হলাম।"
text withheld: corpus licence does not permit redistribution,1,1.0,banglasarc,আপনি কি কখনও কথা বলছেন না এমনকী কাউকে চুপ করে থাকতে বলার তাগিদ অনুভব করছেন?,আপনি কি কখনও কথা বলছেন না এমনকী কাউকে চুপ করে থাকতে বলার তাগিদ অনুভব করছেন?
text withheld: corpus licence does not permit redistribution,0,0.0,banglasarc,পদ্মা সেতুতে যারা কাজ করেছে তাদেরকে ও জাদুঘরে রাখার জোর দাবি জানাচ্ছি,পদ্মা সেতুতে যারা কাজ করেছে তাদেরকে ও জাদুঘরে রাখার জোর দাবি জানাচ্ছি
text withheld: corpus licence does not permit redistribution,0,0.0,banglasarc,এরা এখন সেহেরি পারটি করতে পারেনা,এরা এখন সেহেরি পারটি করতে পারেনা
text withheld: corpus licence does not permit redistribution,0,0.0,banglasarc,প্রচুর বৃষ্টি নাই বিদ্যুৎ বন্যার পানি প্রতিটা সেকেন্ডে বাড়ছে। বাড়তেই আছে। সবিনয় অনুরোধ মাননীয় প্রধানমন্ত্রী। আমাদের সিলেট বাসির দিকে একটু নজর দিন।,প্রচুর বৃষ্টি নাই বিদ্যুৎ বন্যার পানি প্রতিটা সেকেন্ডে বাড়ছে। বাড়তেই আছে। সবিনয় অনুরোধ মাননীয় প্রধানমন্ত্রী। আমাদের সিলেট বাসির দিকে একটু নজর দিন।
text withheld: corpus licence does not permit redistribution,0,0.0,banglasarc,"খুব ভাল লাগলো। এই রকম বন্ধুত্ব বিরল বললেই চলে। ডি,আই,জি স্যার এবং বন্ধু ইমান আলী দুজনের জন্যই অনেক ভালবাসা।","খুব ভাল লাগলো। এই রকম বন্ধুত্ব বিরল বললেই চলে। ডি,আই,জি স্যার এবং বন্ধু ইমান আলী দুজনের জন্যই অনেক ভালবাসা।"
text withheld: corpus licence does not permit redistribution,0,0.0,banglasarc,সম্পূর্ণ ব্লগ পড়ে নিতে চলে যান এই লিংকে,সম্পূর্ণ ব্লগ পড়ে নিতে চলে যান এই লিংকে
text withheld: corpus licence does not permit redistribution,0,0.0,banglasarc,অনেক সুন্দর জায়গা এটা ভাই 💕💕💕,অনেক সুন্দর জায়গা এটা ভাই 💕💕💕
text withheld: corpus licence does not permit redistribution,1,1.0,banglasarc,আপনি যদি বেঁচে থাকেন তবে কেউ যদি চিন্তা করেন তবে কেউ যদি বেঁচে থাকেন তবে কয়েকটি গাড়ির পেমেন্ট মিস করার চেষ্টা করুন,আপনি যদি বেঁচে থাকেন তবে কেউ যদি চিন্তা করেন তবে কেউ যদি বেঁচে থাকেন তবে কয়েকটি গাড়ির পেমেন্ট মিস করার চেষ্টা করুন
text withheld: corpus licence does not permit redistribution,0,0.0,banglasarc,আল্লাহ ভালো রাখুন আপনাদের। বেঁচে থাকুক এ বন্ধুত্ব।,আল্লাহ ভালো রাখুন আপনাদের। বেঁচে থাকুক এ বন্ধুত্ব।
text withheld: corpus licence does not permit redistribution,1,1.0,banglasarc,"আপনি ""আপ"" থেকে দুটি প্রধান চরিত্র রক্তের সাথে সম্পর্কিত হলে এমন বংশের মতো দেখতে পাবেন।","আপনি ""আপ"" থেকে দুটি প্রধান চরিত্র রক্তের সাথে সম্পর্কিত হলে এমন বংশের মতো দেখতে পাবেন।"
text withheld: corpus licence does not permit redistribution,0,0.0,banglasarc,"শুধু বোরখা পরে ফেসবুকে ছবি দিলে হবে নাহ, সারা বছর বোরখা পরতে হবে।","শুধু বোরখা পরে ফেসবুকে ছবি দিলে হবে নাহ, সারা বছর বোরখা পরতে হবে।"
text withheld: corpus licence does not permit redistribution,0,0.0,banglasarc,ডরে ভয়ে লাইক কমেন্ট করতে পারছিনা উফফ,ডরে ভয়ে লাইক কমেন্ট করতে পারছিনা উফফ
text withheld: corpus licence does not permit redistribution,0,0.0,banglasarc,বুড়ি নাচতে নাচতে কখন জানি হার্ট ফেল করে মরবে,বুড়ি নাচতে নাচতে কখন জানি হার্ট ফেল করে মরবে
text withheld: corpus licence does not permit redistribution,0,0.0,banglasarc,ভালোবাসা অবিরাম প্রিয় ম্যাশ,ভালোবাসা অবিরাম প্রিয় ম্যাশ
text withheld: corpus licence does not permit redistribution,1,1.0,banglasarc,যখন সে ভুল করছে তখন কখনই আপনার শত্রুকে বাধা দেবেন না।,যখন সে ভুল করছে তখন কখনই আপনার শত্রুকে বাধা দেবেন না।
text withheld: corpus licence does not permit redistribution,0,0.0,banglasarc,খুব অস্বস্তিতে ছিলাম পুরোটা সময়।,খুব অস্বস্তিতে ছিলাম পুরোটা সময়।
text withheld: corpus licence does not permit redistribution,1,1.0,banglasarc,"আপনি যদি মনে করেন যে আপনি বেঁচে থাকলে কেউ চিন্তা করে না, তবে বেশ কয়েকটি গাড়ির পেমেন্ট মিস করার চেষ্টা করুন।","আপনি যদি মনে করেন যে আপনি বেঁচে থাকলে কেউ চিন্তা করে না, তবে বেশ কয়েকটি গাড়ির পেমেন্ট মিস করার চেষ্টা করুন।"
text withheld: corpus licence does not permit redistribution,0,0.0,banglasarc,কমেন্টস গুলো পড়লেই বুঝা যাই কে আসল হিরো। আর কিছু বললাম না।,কমেন্টস গুলো পড়লেই বুঝা যাই কে আসল হিরো। আর কিছু বললাম না।
text withheld: corpus licence does not permit redistribution,0,0.0,banglasarc,ফি আমানিল্লাহ ওয়া রাসুলিহিল কারিম সল্লাল্লাহু আলাইহি ওয়াসাল্লাম।,ফি আমানিল্লাহ ওয়া রাসুলিহিল কারিম সল্লাল্লাহু আলাইহি ওয়াসাল্লাম।
text withheld: corpus licence does not permit redistribution,1,1.0,banglasarc,আপনার দুর্বল গাধা প্রসঙ্গ এবং বাস্তব দৃষ্টিকোণ দিয়ে এখান থেকে বেরিয়ে আসুন!,আপনার দুর্বল গাধা প্রসঙ্গ এবং বাস্তব দৃষ্টিকোণ দিয়ে এখান থেকে বেরিয়ে আসুন!
text withheld: corpus licence does not permit redistribution,0,0.0,banglasarc,তুমি দুনিয়াতে কিভাবে আসলে তা কি দেখেছো? তাহলে বাবাকে বাবা আর মাকে মা বলো কেন? সত্যিকথা কি তোমার দেখা না দেখার উপর পরকালের কোন পরিবর্তন হবেনা।নাস্তিকিনি,তুমি দুনিয়াতে কিভাবে আসলে তা কি দেখেছো? তাহলে বাবাকে বাবা আর মাকে মা বলো কেন? সত্যিকথা কি তোমার দেখা না দেখার উপর পরকালের কোন পরিবর্তন হবেনা।নাস্তিকিনি
text withheld: corpus licence does not permit redistribution,0,0.0,banglasarc,"চরকি-তে চলছে পারিবারিক ড্রামা ,দিঘী-ইয়াশের নতুন","চরকি-তে চলছে পারিবারিক ড্রামা ,দিঘী-ইয়াশের নতুন"
text withheld: corpus licence does not permit redistribution,1,1.0,banglasarc,যুদ্ধের বন্দী এমন একজন ব্যক্তি যিনি আপনাকে হত্যা করার চেষ্টা করেন এবং ব্যর্থ হন এবং তারপরে আপনাকে তাকে হত্যা না করতে বলে।,যুদ্ধের বন্দী এমন একজন ব্যক্তি যিনি আপনাকে হত্যা করার চেষ্টা করেন এবং ব্যর্থ হন এবং তারপরে আপনাকে তাকে হত্যা না করতে বলে।
text withheld: corpus licence does not permit redistribution,1,1.0,banglasarc,"“কেন আমরা অন্যান্য গ্রহে বুদ্ধিমান জীবন খুঁজতে এত সময় ব্যয় করি?আমি প্রথমে পৃথিবীতে বুদ্ধিমান জীবন খুঁজে পেয়ে খুশি হব ”""","“কেন আমরা অন্যান্য গ্রহে বুদ্ধিমান জীবন খুঁজতে এত সময় ব্যয় করি?আমি প্রথমে পৃথিবীতে বুদ্ধিমান জীবন খুঁজে পেয়ে খুশি হব ”"""
text withheld: corpus licence does not permit redistribution,1,1.0,banglasarc,তবে হিলারি হ'ল নির্বাচিত হওয়ার জন্য কিছু বলবেন।,তবে হিলারি হ'ল নির্বাচিত হওয়ার জন্য কিছু বলবেন।
text withheld: corpus licence does not permit redistribution,0,0.0,banglasarc,এটা কি কোনো বাংলা রেডিও চ্যানেল,এটা কি কোনো বাংলা রেডিও চ্যানেল
text withheld: corpus licence does not permit redistribution,1,1.0,banglasarc,"মূর্খদের সাথে তর্ক করবেন না, কারণ দূরত্বের লোকেরা আপনি কোনটি তা বলতে পারে না।","মূর্খদের সাথে তর্ক করবেন না, কারণ দূরত্বের লোকেরা আপনি কোনটি তা বলতে পারে না।"
text withheld: corpus licence does not permit redistribution,0,0.0,banglasarc,আপু আপনাকে অনেক ভালো লাগে,আপু আপনাকে অনেক ভালো লাগে
text withheld: corpus licence does not permit redistribution,1,1.0,banglasarc,"“আপনার জীবন নিয়ে কিছু মজা করুন।আপনি যে জায়গাগুলিতে কাজ করেন না সেখানে অসুস্থ অবস্থায় কল করুন ”""","“আপনার জীবন নিয়ে কিছু মজা করুন।আপনি যে জায়গাগুলিতে কাজ করেন না সেখানে অসুস্থ অবস্থায় কল করুন ”"""
text withheld: corpus licence does not permit redistribution,1,1.0,banglasarc,"জীবন একটি সাইকেল চালানোর মত.আপনার ভারসাম্য বজায় রাখতে, আপনাকে অবশ্যই চলতে হবে।","জীবন একটি সাইকেল চালানোর মত.আপনার ভারসাম্য বজায় রাখতে, আপনাকে অবশ্যই চলতে হবে।"
text withheld: corpus licence does not permit redistribution,1,1.0,banglasarc,"তাঁর কোনও শত্রু নেই, তবে তিনি তার বন্ধুরা তীব্রভাবে অপছন্দ করেন।","তাঁর কোনও শত্রু নেই, তবে তিনি তার বন্ধুরা তীব্রভাবে অপছন্দ করেন।"
text withheld: corpus licence does not permit redistribution,0,0.0,banglasarc,দৌড়টা ভালো ছিল,দৌড়টা ভালো ছিল
text withheld: corpus licence does not permit redistribution,0,0.0,banglasarc,এই পরিস্থিতিতে পর্যটন ব্যবস্থা চালু আছে?,এই পরিস্থিতিতে পর্যটন ব্যবস্থা চালু আছে?
text withheld: corpus licence does not permit redistribution,0,0.0,banglasarc,আন্দোলন এর কারণে বাড়ছে। বাঙ্গালী পিনিকে থাকলেও বুঝতে পারে করোনা কেন বাড়ে🐸🐸,আন্দোলন এর কারণে বাড়ছে। বাঙ্গালী পিনিকে থাকলেও বুঝতে পারে করোনা কেন বাড়ে🐸🐸
text withheld: corpus licence does not permit redistribution,1,1.0,banglasarc,"আমি কখনই কোনও মুখ ভুলি না, তবে আপনার ক্ষেত্রে আমি ব্যতিক্রম করতে পেরে খুশি হব।","আমি কখনই কোনও মুখ ভুলি না, তবে আপনার ক্ষেত্রে আমি ব্যতিক্রম করতে পেরে খুশি হব।"
text withheld: corpus licence does not permit redistribution,0,0.0,banglasarc,হাতের ফোন টা ছোটো হয়ে গেছে আর একটু বড়ো হলে ভালো হতো,হাতের ফোন টা ছোটো হয়ে গেছে আর একটু বড়ো হলে ভালো হতো
text withheld: corpus licence does not permit redistribution,0,0.0,banglasarc,নিঃসন্দেহে!,নিঃসন্দেহে!
text withheld: corpus licence does not permit redistribution,0,0.0,banglasarc,এই সময়ে আপনার মত একজন ভাল মানুষ এর প্রয়োজন ছিল ।,এই সময়ে আপনার মত একজন ভাল মানুষ এর প্রয়োজন ছিল ।
text withheld: corpus licence does not permit redistribution,1,1.0,banglasarc,"এখানে একটি টিস্যু, আপনার ঠোঁটে কিছুটা বুলশিট রয়েছে।","এখানে একটি টিস্যু, আপনার ঠোঁটে কিছুটা বুলশিট রয়েছে।"
text withheld: corpus licence does not permit redistribution,1,1.0,banglasarc,"হতে পারে ভ্যালেন্টাইনগুলি আরও বন্ধু পোকেমন ক্যান্ডিজ দেবে, বা যদি প্রশিক্ষকের সাথে সম্পর্কের ভিত্তিতে পোকেমন বিকশিত করার জন্য কোনও জেনার 2 মেকানিক থাকে","হতে পারে ভ্যালেন্টাইনগুলি আরও বন্ধু পোকেমন ক্যান্ডিজ দেবে, বা যদি প্রশিক্ষকের সাথে সম্পর্কের ভিত্তিতে পোকেমন বিকশিত করার জন্য কোনও জেনার 2 মেকানিক থাকে"
text withheld: corpus licence does not permit redistribution,1,1.0,banglasarc,এত এসএমএইচ ঘুরিয়ে দেওয়া বন্ধ করুন,এত এসএমএইচ ঘুরিয়ে দেওয়া বন্ধ করুন
text withheld: corpus licence does not permit redistribution,0,0.0,banglasarc,মনের ইচ্ছা থাকলেও শক্তি নাই 😔,মনের ইচ্ছা থাকলেও শক্তি নাই 😔
text withheld: corpus licence does not permit redistribution,1,1.0,banglasarc,আপনি যদি পছন্দ না করেন এবং এখনও আমি যা কিছু করি তা দেখে থাকেন তবে আপনি একজন অনুরাগী।,আপনি যদি পছন্দ না করেন এবং এখনও আমি যা কিছু করি তা দেখে থাকেন তবে আপনি একজন অনুরাগী।
text withheld: corpus licence does not permit redistribution,0,0.0,banglasarc,বাসায় জানে?!,বাসায় জানে?!
text withheld: corpus licence does not permit redistribution,0,0.0,banglasarc,"বাসা দিয়া বের হওয়া ধরছিলাম,আপনি কইছেন তাই আর বের হইলামনা।বাসাতেই থাইক্কা গেলাম","বাসা দিয়া বের হওয়া ধরছিলাম,আপনি কইছেন তাই আর বের হইলামনা।বাসাতেই থাইক্কা গেলাম"
text withheld: corpus licence does not permit redistribution,0,0.0,banglasarc,কম খরচে ব্যাংকক থেকে পাতায়া ভ্রমণ,কম খরচে ব্যাংকক থেকে পাতায়া ভ্রমণ
text withheld: corpus licence does not permit redistribution,0,0.0,banglasarc,হৃদয়ের গভীর থেকে আপনাকে জানাই অকৃত্রিম শ্রদ্ধা ও ভালোবাসা।,হৃদয়ের গভীর থেকে আপনাকে জানাই অকৃত্রিম শ্রদ্ধা ও ভালোবাসা।
text withheld: corpus licence does not permit redistribution,0,0.0,banglasarc,"কমেন্ট পড়তে আসছিলাম, এখন আমি ৭দিন পাগল থাকব","কমেন্ট পড়তে আসছিলাম, এখন আমি ৭দিন পাগল থাকব"
text withheld: corpus licence does not permit redistribution,0,0.0,banglasarc,আল্লাহ আমাদের মাফ করুন এবং এই বিপদ থেকে রক্ষা করুন।,আল্লাহ আমাদের মাফ করুন এবং এই বিপদ থেকে রক্ষা করুন।
text withheld: corpus licence does not permit redistribution,1,1.0,banglasarc,"কারণ * সবাই * সুন্দর, আপনি কি মেমোটি পাননি?","কারণ * সবাই * সুন্দর, আপনি কি মেমোটি পাননি?"
text withheld: corpus licence does not permit redistribution,0,0.0,banglasarc,হিরোআলম ভাই এগিয়ে জান শুভকামনা,হিরোআলম ভাই এগিয়ে জান শুভকামনা
text withheld: corpus licence does not permit redistribution,0,0.0,banglasarc,"জুয়েলারি গুলা সুন্দর লাগতেছেনা,","জুয়েলারি গুলা সুন্দর লাগতেছেনা,"
text withheld: corpus licence does not permit redistribution,0,0.0,banglasarc,"পদ্মা সেতুর যত পিলার আছে, সেগুলো সবগুলো উঠিয়ে নিয়ে, তারপর জাদুঘরে নিয়ে সাজিয়ে রাখতে পারেন।","পদ্মা সেতুর যত পিলার আছে, সেগুলো সবগুলো উঠিয়ে নিয়ে, তারপর জাদুঘরে নিয়ে সাজিয়ে রাখতে পারেন।"
text withheld: corpus licence does not permit redistribution,1,1.0,banglasarc,god শ্বরের ধন্যবাদ তিনি তাঁর আয়নায় ক্রস করেছিলেন বা এটি সত্যিই খারাপ হতে পারে!,god শ্বরের ধন্যবাদ তিনি তাঁর আয়নায় ক্রস করেছিলেন বা এটি সত্যিই খারাপ হতে পারে!
text withheld: corpus licence does not permit redistribution,1,1.0,banglasarc,যা আপনাকে হত্যা করে না তা আপনাকে অস্বাস্থ্যকর মোকাবেলা করার ব্যবস্থা এবং হাস্যরসের একটি অন্ধকার বোধ দেয়।,যা আপনাকে হত্যা করে না তা আপনাকে অস্বাস্থ্যকর মোকাবেলা করার ব্যবস্থা এবং হাস্যরসের একটি অন্ধকার বোধ দেয়।
text withheld: corpus licence does not permit redistribution,0,0.0,banglasarc,দুনিয়ার সবচেয়ে বুদ্ধি। অসাধারণ অমায়িক কাপল।অনেক দোয়া আপনাদের জন্য।,দুনিয়ার সবচেয়ে বুদ্ধি। অসাধারণ অমায়িক কাপল।অনেক দোয়া আপনাদের জন্য।
text withheld: corpus licence does not permit redistribution,1,1.0,banglasarc,তারা সেভাবে পোশাক পরার জন্য এটি প্রাপ্য।,তারা সেভাবে পোশাক পরার জন্য এটি প্রাপ্য।
text withheld: corpus licence does not permit redistribution,0,0.0,banglasarc,আল্লাহ আপনার ভালো করবেন,আল্লাহ আপনার ভালো করবেন
text withheld: corpus licence does not permit redistribution,1,1.0,banglasarc,আপনি যদি আপনার মুখের মতো যতটা দৌড়েছিলেন তবে আপনি ভাল আকারে থাকতেন,আপনি যদি আপনার মুখের মতো যতটা দৌড়েছিলেন তবে আপনি ভাল আকারে থাকতেন
text withheld: corpus licence does not permit redistribution,1,1.0,banglasarc,আমি কিছু তৈরি করার মতো আমার রক্তের আত্মীয় ছিল না,আমি কিছু তৈরি করার মতো আমার রক্তের আত্মীয় ছিল না
text withheld: corpus licence does not permit redistribution,0,0.0,banglasarc,মীর মুহাম্মাদ ফয়সাল দুধের স্বাদ ঘোলে মিটাও,মীর মুহাম্মাদ ফয়সাল দুধের স্বাদ ঘোলে মিটাও
text withheld: corpus licence does not permit redistribution,0,0.0,banglasarc,বাংলাদেশ আওয়ামী লীগ গণমানুষের দল সংকট কালীন সময়ে অতীতের মতো আবারো মানুষের পাশে দাঁড়িয়েছে।,বাংলাদেশ আওয়ামী লীগ গণমানুষের দল সংকট কালীন সময়ে অতীতের মতো আবারো মানুষের পাশে দাঁড়িয়েছে।
text withheld: corpus licence does not permit redistribution,0,0.0,banglasarc,শত প্রতিকুলতার ভিড়ে-পরিণয় মুখ তুললো চেয়ে- জয় হলো ভালোবাসার... (তারেক),শত প্রতিকুলতার ভিড়ে-পরিণয় মুখ তুললো চেয়ে- জয় হলো ভালোবাসার... (তারেক)
text withheld: corpus licence does not permit redistribution,0,0.0,banglasarc,অমর থাকুক আপনাদের এ বন্ধুত্ব।,অমর থাকুক আপনাদের এ বন্ধুত্ব।
text withheld: corpus licence does not permit redistribution,0,0.0,banglasarc,"যা করা উচিত প্রশাসন এর তা আপনি করছেন,, আল্লাহ আপনাকে ভালো রাখুক","যা করা উচিত প্রশাসন এর তা আপনি করছেন,, আল্লাহ আপনাকে ভালো রাখুক"
text withheld: corpus licence does not permit redistribution,1,1.0,banglasarc,সুতরাং ভুলগুলি অসম্ভব।,সুতরাং ভুলগুলি অসম্ভব।
text withheld: corpus licence does not permit redistribution,1,1.0,banglasarc,কিছু পরিবার গাছ বাদামের প্রচুর ফসল বহন করে।,কিছু পরিবার গাছ বাদামের প্রচুর ফসল বহন করে।
text withheld: corpus licence does not permit redistribution,1,1.0,banglasarc,"""আপনি যদি আমাকে পছন্দ না করেন তবে এটি ঠিক আছে। প্রত্যেকেরই ভাল স্বাদ নেই"" ""","""আপনি যদি আমাকে পছন্দ না করেন তবে এটি ঠিক আছে। প্রত্যেকেরই ভাল স্বাদ নেই"" """
text withheld: corpus licence does not permit redistribution,0,0.0,banglasarc,সরকারের উচিত এখন জত তাড়াতাড়ি পানি বন্দি মানুষ গুলো কে উদ্ধার করা।,সরকারের উচিত এখন জত তাড়াতাড়ি পানি বন্দি মানুষ গুলো কে উদ্ধার করা।
text withheld: corpus licence does not permit redistribution,0,0.0,banglasarc,নাটকটা দেখলাম। অসম্ভব ভালো লাগলো,নাটকটা দেখলাম। অসম্ভব ভালো লাগলো
text withheld: corpus licence does not permit redistribution,0,0.0,banglasarc,মনের মাঝে থাকা অনুভূতি প্রকাশ করাও অনেক বড় মাপের মানুষিকতার কাজ।,মনের মাঝে থাকা অনুভূতি প্রকাশ করাও অনেক বড় মাপের মানুষিকতার কাজ।
text withheld: corpus licence does not permit redistribution,1,1.0,banglasarc,হাস্যরস হ'ল সংবেদনশীল বিশৃঙ্খলা প্রশান্তিতে স্মরণ করা হয়।,হাস্যরস হ'ল সংবেদনশীল বিশৃঙ্খলা প্রশান্তিতে স্মরণ করা হয়।
text withheld: corpus licence does not permit redistribution,1,1.0,banglasarc,আপভোট পার্টির জন্য রেফারেন্স যখন রকেটস অকাল ছিল তখন তারা যখন ভেবেছিল যে তারা মিয়ামির সাথে তার চুক্তি থেকে বেরিয়ে আসার সময় বোশকে স্বাক্ষর করেছে।,আপভোট পার্টির জন্য রেফারেন্স যখন রকেটস অকাল ছিল তখন তারা যখন ভেবেছিল যে তারা মিয়ামির সাথে তার চুক্তি থেকে বেরিয়ে আসার সময় বোশকে স্বাক্ষর করেছে।
text withheld: corpus licence does not permit redistribution,0,0.0,banglasarc,"পরে নিজের চোখে দেখে শুধু অবাক ই হয়নি , অন্তর ভরে দোয়া করেছি ।","পরে নিজের চোখে দেখে শুধু অবাক ই হয়নি , অন্তর ভরে দোয়া করেছি ।"
text withheld: corpus licence does not permit redistribution,1,1.0,banglasarc,"কেউ যদি জিজ্ঞাসা করে ""আপনি পাগল?""কেবল ""হ্যাঁ।""বুম","কেউ যদি জিজ্ঞাসা করে ""আপনি পাগল?""কেবল ""হ্যাঁ।""বুম"
text withheld: corpus licence does not permit redistribution,1,1.0,banglasarc,"আপনি সম্পূর্ণ ঠিক বলেছেন, ক্রেপি কোচিং এবং ভাল প্রাপ্তির বিকল্পগুলির অভাব পুরোপুরি গত বছরের দ্বিতীয়ার্ধে তার পতনকে পুরোপুরি অবদান রাখেনি।","আপনি সম্পূর্ণ ঠিক বলেছেন, ক্রেপি কোচিং এবং ভাল প্রাপ্তির বিকল্পগুলির অভাব পুরোপুরি গত বছরের দ্বিতীয়ার্ধে তার পতনকে পুরোপুরি অবদান রাখেনি।"
text withheld: corpus licence does not permit redistribution,0,0.0,banglasarc,আরেকটা যে কাজ করতে পারেন সেটা হচ্ছে চুপ করে থাকতে পারেন।,আরেকটা যে কাজ করতে পারেন সেটা হচ্ছে চুপ করে থাকতে পারেন।
text withheld: corpus licence does not permit redistribution,0,0.0,banglasarc,ভালো মানুষের বিপদ একটু বেশি থাকে 🥱🤣,ভালো মানুষের বিপদ একটু বেশি থাকে 🥱🤣
text withheld: corpus licence does not permit redistribution,1,1.0,banglasarc,হতাশাবাদী এমন একজন ব্যক্তি যিনি প্রত্যেকে নিজের মতোই বাজে এবং এর জন্য তাদের ঘৃণা করেন বলে মনে করেন।,হতাশাবাদী এমন একজন ব্যক্তি যিনি প্রত্যেকে নিজের মতোই বাজে এবং এর জন্য তাদের ঘৃণা করেন বলে মনে করেন।
text withheld: corpus licence does not permit redistribution,0,0.0,banglasarc,ঢাকা বিশ্ববিদ্যালয়কে বানিজ্যিকিকরণ রুখ,ঢাকা বিশ্ববিদ্যালয়কে বানিজ্যিকিকরণ রুখ
text withheld: corpus licence does not permit redistribution,0,0.0,banglasarc,ভাল্লাগে ভাল্লাগে ভাল্লাগে তিশা আপুকে,ভাল্লাগে ভাল্লাগে ভাল্লাগে তিশা আপুকে
text withheld: corpus licence does not permit redistribution,0,0.0,banglasarc,"প্রথম মেলার আয়োজনে হোটেল প্যসিফিক লেকভিউ, গুলশান ১","প্রথম মেলার আয়োজনে হোটেল প্যসিফিক লেকভিউ, গুলশান ১"
text withheld: corpus licence does not permit redistribution,1,1.0,banglasarc,ভাল বন্ধুরা আপনাকে একা বোকা জিনিস করতে দেয় না ... একা।,ভাল বন্ধুরা আপনাকে একা বোকা জিনিস করতে দেয় না ... একা।
text withheld: corpus licence does not permit redistribution,1,1.0,banglasarc,উহু.আমি দুঃখিত.আমার বাক্যটির মাঝামাঝি কি আপনার শুরুতে বাধা দিয়েছে?,উহু.আমি দুঃখিত.আমার বাক্যটির মাঝামাঝি কি আপনার শুরুতে বাধা দিয়েছে?
text withheld: corpus licence does not permit redistribution,0,0.0,banglasarc,মাগী অরজিনাল নাস্তিক,মাগী অরজিনাল নাস্তিক
text withheld: corpus licence does not permit redistribution,1,1.0,banglasarc,উভয় পা দিয়ে জলের গভীরতা কখনই পরীক্ষা করবেন না,উভয় পা দিয়ে জলের গভীরতা কখনই পরীক্ষা করবেন না
text withheld: corpus licence does not permit redistribution,0,0.0,banglasarc,"আপনারা ভাইবোন যে একসাথে বের হোন,ঘুরেন,শপিং করেন আমার এতো ভালো লাগে দেখে","আপনারা ভাইবোন যে একসাথে বের হোন,ঘুরেন,শপিং করেন আমার এতো ভালো লাগে দেখে"
text withheld: corpus licence does not permit redistribution,1,1.0,banglasarc,আপনি যদি আমার জন্য ছিটিয়ে দেওয়ার জন্য অপেক্ষা করছেন তবে আপনি আরও ভাল লাঞ্চ প্যাক করুন।এটা সময় হতে চলেছে,আপনি যদি আমার জন্য ছিটিয়ে দেওয়ার জন্য অপেক্ষা করছেন তবে আপনি আরও ভাল লাঞ্চ প্যাক করুন।এটা সময় হতে চলেছে
text withheld: corpus licence does not permit redistribution,1,1.0,banglasarc,আমি ভাবছি যে তিনি পুনরায় নির্বাচিত হওয়ার সময় তাঁর বক্তৃতাটি কেমন হবে।,আমি ভাবছি যে তিনি পুনরায় নির্বাচিত হওয়ার সময় তাঁর বক্তৃতাটি কেমন হবে।
text withheld: corpus licence does not permit redistribution,0,0.0,banglasarc,এই ব্লাউজ টা পাওয়া যাবে সারির সাথে?,এই ব্লাউজ টা পাওয়া যাবে সারির সাথে?
text withheld: corpus licence does not permit redistribution,0,0.0,banglasarc,"নির্বাচন ঘনিয়ে আসছে , সরকার করোনা ওমিক্রন তো বেশি করে দেখাবে।","নির্বাচন ঘনিয়ে আসছে , সরকার করোনা ওমিক্রন তো বেশি করে দেখাবে।"
text withheld: corpus licence does not permit redistribution,0,0.0,banglasarc,বাইক নিয়ে মনে হয় উড়ে বেড়ায় একেক জন!,বাইক নিয়ে মনে হয় উড়ে বেড়ায় একেক জন!
text withheld: corpus licence does not permit redistribution,0,0.0,banglasarc,চে থাকতে তাদের এতো অবহেলা করি কেন?অল্পতেই সিরিয়াস হয়ে যাই কেন?,চে থাকতে তাদের এতো অবহেলা করি কেন?অল্পতেই সিরিয়াস হয়ে যাই কেন?
text withheld: corpus licence does not permit redistribution,0,0.0,banglasarc,ও তেরি,ও তেরি
text withheld: corpus licence does not permit redistribution,1,1.0,banglasarc,হ্যাঁ ইস্রায়েল মার্কিন যুক্তরাষ্ট্রে ন্যায্য ঝাঁকুনি পায় না।,হ্যাঁ ইস্রায়েল মার্কিন যুক্তরাষ্ট্রে ন্যায্য ঝাঁকুনি পায় না।
text withheld: corpus licence does not permit redistribution,0,0.0,banglasarc,মার্কেটিং বাহ্,মার্কেটিং বাহ্
text withheld: corpus licence does not permit redistribution,0,0.0,banglasarc,"জেনেছি তুমি জীবন মরণে বিমুগ্ধ চেতনার সারা বিশ্বের বিস্ময়, তুমি আমার অহংকার। বিজয় দিবসের শুভেচ্ছা","জেনেছি তুমি জীবন মরণে বিমুগ্ধ চেতনার সারা বিশ্বের বিস্ময়, তুমি আমার অহংকার। বিজয় দিবসের শুভেচ্ছা"
text withheld: corpus licence does not permit redistribution,0,0.0,banglasarc,সিলেট-সুনামগঞ্জে দ্রুত সেনাবাহিনী নামিয়ে উদ্ধার ও সাহায্য তৎপরতা শুরু করুন। সাধারণ মানুষের নিয়ন্ত্রণের বাইরে বন্যা-পরিস্থিতি। ভয়াবহ মানবিক বিপর্যয় চলছে। বিশেষ করে গোইয়ানঘাট এলাকায় নৌকা না থাকায় অনেক বিপদে আছে মানুষ !বাচ্ছা কাচ্ছা নিয়ে অসহায় সবাই।,সিলেট-সুনামগঞ্জে দ্রুত সেনাবাহিনী নামিয়ে উদ্ধার ও সাহায্য তৎপরতা শুরু করুন। সাধারণ মানুষের নিয়ন্ত্রণের বাইরে বন্যা-পরিস্থিতি। ভয়াবহ মানবিক বিপর্যয় চলছে। বিশেষ করে গোইয়ানঘাট এলাকায় নৌকা না থাকায় অনেক বিপদে আছে মানুষ !বাচ্ছা কাচ্ছা নিয়ে অসহায় সবাই।
text withheld: corpus licence does not permit redistribution,0,0.0,banglasarc,দেশের অনেক সাশ্রয় হবে।,দেশের অনেক সাশ্রয় হবে।
text withheld: corpus licence does not permit redistribution,0,0.0,banglasarc,সুন্দর উদ্যোগ 👍 আমারও খুব ইচ্ছা যন্ত্রপাতিগুলো দেখার।,সুন্দর উদ্যোগ 👍 আমারও খুব ইচ্ছা যন্ত্রপাতিগুলো দেখার।
text withheld: corpus licence does not permit redistribution,1,1.0,banglasarc,"সাদা লোকেরা অদ্ভুত প্রার্থীদের পক্ষে ভোট দেয়, গণনা করে না","সাদা লোকেরা অদ্ভুত প্রার্থীদের পক্ষে ভোট দেয়, গণনা করে না"
text withheld: corpus licence does not permit redistribution,0,0.0,banglasarc,অধ্যাপক আবুল বারাকাতের গবেষনাই যত নষ্টের মূল!!,অধ্যাপক আবুল বারাকাতের গবেষনাই যত নষ্টের মূল!!
text withheld: corpus licence does not permit redistribution,0,0.0,banglasarc,সব ভিডিও এর থেকে এইটা বেশি সুন্দর হইছে❤️😍,সব ভিডিও এর থেকে এইটা বেশি সুন্দর হইছে❤️😍
text withheld: corpus licence does not permit redistribution,0,0.0,banglasarc,"নাদির ভাই, আপনি কি বিয়ের পরেও এভাবে ট্রাভেল করবেন? নির্দিষ্টভাবে বাড়িতে থাকবেন নাহ? আমাদের দেশে স্বামী বিদেশ, বিষয় টা কিন্তু মোটেও ভালো নাহ।","নাদির ভাই, আপনি কি বিয়ের পরেও এভাবে ট্রাভেল করবেন? নির্দিষ্টভাবে বাড়িতে থাকবেন নাহ? আমাদের দেশে স্বামী বিদেশ, বিষয় টা কিন্তু মোটেও ভালো নাহ।"
text withheld: corpus licence does not permit redistribution,1,1.0,banglasarc,জম্বিগুলি মস্তিষ্ক খায়।আপনি নিরাপদ.,জম্বিগুলি মস্তিষ্ক খায়।আপনি নিরাপদ.
text withheld: corpus licence does not permit redistribution,1,1.0,banglasarc,আপনি অনুপ্রেরণার জন্য অপেক্ষা করতে পারবেন না।আপনাকে একটি ক্লাবের সাথে এটি অনুসরণ করতে হবে।,আপনি অনুপ্রেরণার জন্য অপেক্ষা করতে পারবেন না।আপনাকে একটি ক্লাবের সাথে এটি অনুসরণ করতে হবে।
text withheld: corpus licence does not permit redistribution,1,1.0,banglasarc,"সুখের অন্য একটি শহরে একটি বিশাল, প্রেমময়, যত্নশীল, ঘনিষ্ঠ পরিবার রয়েছে","সুখের অন্য একটি শহরে একটি বিশাল, প্রেমময়, যত্নশীল, ঘনিষ্ঠ পরিবার রয়েছে"
text withheld: corpus licence does not permit redistribution,0,0.0,banglasarc,নদ-নদী খাল-বিল জলাভূমি পরিবেশ ও জলবায়ু বিষয় সত্যি এইদেশের গবেষণায় এগিয়ে আসছে।,নদ-নদী খাল-বিল জলাভূমি পরিবেশ ও জলবায়ু বিষয় সত্যি এইদেশের গবেষণায় এগিয়ে আসছে।
text withheld: corpus licence does not permit redistribution,0,0.0,banglasarc,সঠিক পদক্ষেপ বস 💃🏋️♂️,সঠিক পদক্ষেপ বস 💃🏋️♂️
text withheld: corpus licence does not permit redistribution,0,0.0,banglasarc,সিরিজগুলো দেখার মতো কিন্তু আপনাদের সার্ভিস নিয়ে আমি খুব বিরক্ত।,সিরিজগুলো দেখার মতো কিন্তু আপনাদের সার্ভিস নিয়ে আমি খুব বিরক্ত।
text withheld: corpus licence does not permit redistribution,0,0.0,banglasarc,তোর হুগায় দিমু আগুন খানকি মাগী,তোর হুগায় দিমু আগুন খানকি মাগী
text withheld: corpus licence does not permit redistribution,1,1.0,banglasarc,"আমি কুসংস্কারহীন নই, তবে আমি কিছুটা ধিক্কারী।","আমি কুসংস্কারহীন নই, তবে আমি কিছুটা ধিক্কারী।"
text withheld: corpus licence does not permit redistribution,0,0.0,banglasarc,"তুমিতো তোমার বাবা মার যায়েজ সহবাস থেকে হইছো,কিন্তু তুমি কি দেখছো তাদের মিলন?যদি না দেখো,তাহলে কিভাবে তারা তোমার জন্মদাতা পিতামাতা হবে?তুমিতো তাহলে সানি লিওন আর জনি সিন্স এর মিলনেও হইছো কিনা আমার সন্দেহ লাগে","তুমিতো তোমার বাবা মার যায়েজ সহবাস থেকে হইছো,কিন্তু তুমি কি দেখছো তাদের মিলন?যদি না দেখো,তাহলে কিভাবে তারা তোমার জন্মদাতা পিতামাতা হবে?তুমিতো তাহলে সানি লিওন আর জনি সিন্স এর মিলনেও হইছো কিনা আমার সন্দেহ লাগে"
text withheld: corpus licence does not permit redistribution,1,1.0,banglasarc,"স্পষ্টতই আপনি মিথ্যা বলছেন, ফিট সাংবাদিকের মতো কোনও জিনিস নেই।","স্পষ্টতই আপনি মিথ্যা বলছেন, ফিট সাংবাদিকের মতো কোনও জিনিস নেই।"
text withheld: corpus licence does not permit redistribution,0,0.0,banglasarc,পবিত্র ঈদ- উল- ফিতর উপলক্ষে আপনাকে ও আপনার পরিবারের সবাইকে জানাই পবিত্র ঈদুল আজহার শুভেচ্ছা।,পবিত্র ঈদ- উল- ফিতর উপলক্ষে আপনাকে ও আপনার পরিবারের সবাইকে জানাই পবিত্র ঈদুল আজহার শুভেচ্ছা।
text withheld: corpus licence does not permit redistribution,1,1.0,banglasarc,রক্ত দেওয়ার সময় ব্যতীত সর্বদা 100%দিন।,রক্ত দেওয়ার সময় ব্যতীত সর্বদা 100%দিন।
text withheld: corpus licence does not permit redistribution,0,0.0,banglasarc,মিথিলার বোন,মিথিলার বোন
text withheld: corpus licence does not permit redistribution,0,0.0,banglasarc,সারাদিন ভারতকে বয়কট করে রাত্রিবেলা সেই ভারতে যাওয়ারই পায়তারা??,সারাদিন ভারতকে বয়কট করে রাত্রিবেলা সেই ভারতে যাওয়ারই পায়তারা??
text withheld: corpus licence does not permit redistribution,1,1.0,banglasarc,সন্তান ধারণ করা আপনাকে পিয়ানো থাকার চেয়ে পিতা -মাতা আর কোনও করে তোলে না আপনাকে পিয়ানোবাদক করে তোলে,সন্তান ধারণ করা আপনাকে পিয়ানো থাকার চেয়ে পিতা -মাতা আর কোনও করে তোলে না আপনাকে পিয়ানোবাদক করে তোলে
text withheld: corpus licence does not permit redistribution,1,1.0,banglasarc,আপনি যদি আপনার মুখের মতো দৌড়ে যান তবে আপনি ভাল আকারে থাকবেন।,আপনি যদি আপনার মুখের মতো দৌড়ে যান তবে আপনি ভাল আকারে থাকবেন।
text withheld: corpus licence does not permit redistribution,0,0.0,banglasarc,কত সুন্দর করে বুঝিয়ে বললা,কত সুন্দর করে বুঝিয়ে বললা
text withheld: corpus licence does not permit redistribution,0,0.0,banglasarc,বাংলাদেশের উত্তরাঞ্চলের জেলাগুলোতে সারারাত ধরে প্রবল বৃষ্টি হবে,বাংলাদেশের উত্তরাঞ্চলের জেলাগুলোতে সারারাত ধরে প্রবল বৃষ্টি হবে
text withheld: corpus licence does not permit redistribution,0,0.0,banglasarc,প্রচুর পরিশ্রম করতেই হবে আমাদের বাংলা সিনেমা ইন্ডাস্ট্রিতে ভালো একটা অবস্থান গড়ে নেওয়ার জন্য।,প্রচুর পরিশ্রম করতেই হবে আমাদের বাংলা সিনেমা ইন্ডাস্ট্রিতে ভালো একটা অবস্থান গড়ে নেওয়ার জন্য।
text withheld: corpus licence does not permit redistribution,0,0.0,banglasarc,আগাম বার্তা না দেওয়ার কারনেই এমনটা হয়েছে।,আগাম বার্তা না দেওয়ার কারনেই এমনটা হয়েছে।
text withheld: corpus licence does not permit redistribution,0,0.0,banglasarc,এলিয়েন কি খালি আমেরিকাতেই দেখা যায়? 🤔,এলিয়েন কি খালি আমেরিকাতেই দেখা যায়? 🤔
text withheld: corpus licence does not permit redistribution,1,1.0,banglasarc,আচ্ছা এটা আমার ধারণা একটি ভাল জিনিস!,আচ্ছা এটা আমার ধারণা একটি ভাল জিনিস!
text withheld: corpus licence does not permit redistribution,0,0.0,banglasarc,শাহাদাত জুলাস আমি মাইয়্যা লোকের প্যান্ট নিয়ে কি কবরো :/ :/ কিন্তু প্যান্ট আসলে কোথায়..????,শাহাদাত জুলাস আমি মাইয়্যা লোকের প্যান্ট নিয়ে কি কবরো :/ :/ কিন্তু প্যান্ট আসলে কোথায়..????
text withheld: corpus licence does not permit redistribution,0,0.0,banglasarc,এখানে যাওয়ার উপযোগী সময় কখন?,এখানে যাওয়ার উপযোগী সময় কখন?
text withheld: corpus licence does not permit redistribution,1,1.0,banglasarc,আপনি জীবিত প্রমাণ যে god শ্বরের একটি হাস্যরস আছে,আপনি জীবিত প্রমাণ যে god শ্বরের একটি হাস্যরস আছে
text withheld: corpus licence does not permit redistribution,0,0.0,banglasarc,"শাড়িটা পরতে আরাম, আমি নিয়েছি,","শাড়িটা পরতে আরাম, আমি নিয়েছি,"
text withheld: corpus licence does not permit redistribution,0,0.0,banglasarc,এক জিনিসের দাম কমে অন্য জিনিসের দাম বেড়ে যায়,এক জিনিসের দাম কমে অন্য জিনিসের দাম বেড়ে যায়
text withheld: corpus licence does not permit redistribution,0,0.0,banglasarc,জর্জ ভাই বড় লোকের বিরাট কারবার দোয়া করি আরো বড় হন,জর্জ ভাই বড় লোকের বিরাট কারবার দোয়া করি আরো বড় হন
text withheld: corpus licence does not permit redistribution,1,1.0,banglasarc,রোম্যান্সকে কল্পিতভাবে কথাসাহিত্য এবং প্রেমের বংশ হিসাবে সংজ্ঞায়িত করা হয়েছে।,রোম্যান্সকে কল্পিতভাবে কথাসাহিত্য এবং প্রেমের বংশ হিসাবে সংজ্ঞায়িত করা হয়েছে।
text withheld: corpus licence does not permit redistribution,1,1.0,banglasarc,আমি আপনাকে বর্ণনা করছি আমি আপনাকে অপমান করছি না,আমি আপনাকে বর্ণনা করছি আমি আপনাকে অপমান করছি না
text withheld: corpus licence does not permit redistribution,0,0.0,banglasarc,"ইসলাম যে কোন কাজের ধর্ম না তা সাফা কবিরের প্রফাইলে কমেন্ট সেকশান পড়লেই বোঝা হয়ে যায়। ইসলাম ভেড়া বানাইতে পারে সুন্দর, মানুষ বানাইতে পারে না।","ইসলাম যে কোন কাজের ধর্ম না তা সাফা কবিরের প্রফাইলে কমেন্ট সেকশান পড়লেই বোঝা হয়ে যায়। ইসলাম ভেড়া বানাইতে পারে সুন্দর, মানুষ বানাইতে পারে না।"
text withheld: corpus licence does not permit redistribution,0,0.0,banglasarc,উদ্ভোদনের দিন রাষ্ট্রিয় ছুটি ঘোষনা করা হোক। বছরে এই দিনে সরকারি গেজেট করে বিজয় উৎসব পালন করার জোর দাবি জানাচ্ছি।,উদ্ভোদনের দিন রাষ্ট্রিয় ছুটি ঘোষনা করা হোক। বছরে এই দিনে সরকারি গেজেট করে বিজয় উৎসব পালন করার জোর দাবি জানাচ্ছি।
text withheld: corpus licence does not permit redistribution,0,0.0,banglasarc,এদের কারনেই প্রকৃতি এত হিংস্র হয়।,এদের কারনেই প্রকৃতি এত হিংস্র হয়।
text withheld: corpus licence does not permit redistribution,1,1.0,banglasarc,"প্রিয় ফোন, আপনি যদি কম ব্যাটারি কমিয়ে দেওয়ার জন্য আমাকে এতবার আলোকিত না করেন তবে আপনি এত তাড়াতাড়ি মারা যেতেন না","প্রিয় ফোন, আপনি যদি কম ব্যাটারি কমিয়ে দেওয়ার জন্য আমাকে এতবার আলোকিত না করেন তবে আপনি এত তাড়াতাড়ি মারা যেতেন না"
text withheld: corpus licence does not permit redistribution,0,0.0,banglasarc,হ্যাঁ আপু ঠিক বলছেন দাম অনেক বেশি বেড়ে গিয়েছে। আমিও আজকে গিয়েছিলাম। আর ঐখানের সব দোকান গুলাতে একই রকম দাম।,হ্যাঁ আপু ঠিক বলছেন দাম অনেক বেশি বেড়ে গিয়েছে। আমিও আজকে গিয়েছিলাম। আর ঐখানের সব দোকান গুলাতে একই রকম দাম।
text withheld: corpus licence does not permit redistribution,1,1.0,banglasarc,আমি হাসছি ... একা আপনাকে ভয় দেখানো উচিত।,আমি হাসছি ... একা আপনাকে ভয় দেখানো উচিত।
text withheld: corpus licence does not permit redistribution,0,0.0,banglasarc,বাংলাদেশে কয়েকশো তাসরিফ খান হোক!!,বাংলাদেশে কয়েকশো তাসরিফ খান হোক!!
text withheld: corpus licence does not permit redistribution,0,0.0,banglasarc,স্যারের প্রতি শ্রদ্ধা ও ভালোবাসা রেখে দোয়া করি আল্লাহ রব্বুল আলামীন তাদের এই বন্ধন অটুট রাখুন।,স্যারের প্রতি শ্রদ্ধা ও ভালোবাসা রেখে দোয়া করি আল্লাহ রব্বুল আলামীন তাদের এই বন্ধন অটুট রাখুন।
text withheld: corpus licence does not permit redistribution,1,1.0,banglasarc,মন একটি প্যারাশুটের মতো।এটি খোলা না থাকলে এটি কাজ করে না,মন একটি প্যারাশুটের মতো।এটি খোলা না থাকলে এটি কাজ করে না
text withheld: corpus licence does not permit redistribution,1,1.0,banglasarc,একজন মহিলা একটি টিব্যাগের মতো - আপনি গরম জলে না দেওয়া পর্যন্ত তিনি কতটা শক্তিশালী তা বলতে পারবেন না।,একজন মহিলা একটি টিব্যাগের মতো - আপনি গরম জলে না দেওয়া পর্যন্ত তিনি কতটা শক্তিশালী তা বলতে পারবেন না।
text withheld: corpus licence does not permit redistribution,0,0.0,banglasarc,আমার বাড়ির সামনে দিয়ে গেছো...!!!,আমার বাড়ির সামনে দিয়ে গেছো...!!!
text withheld: corpus licence does not permit redistribution,1,1.0,banglasarc,আপনার যদি এত বেশি জায়গার প্রয়োজন হয় তবে সর্বদা নাসা থাকে।,আপনার যদি এত বেশি জায়গার প্রয়োজন হয় তবে সর্বদা নাসা থাকে।
text withheld: corpus licence does not permit redistribution,1,1.0,banglasarc,আমি সাধারণত ট্রলিতে প্রস্রাব করি!,আমি সাধারণত ট্রলিতে প্রস্রাব করি!
text withheld: corpus licence does not permit redistribution,1,1.0,banglasarc,"আমার পরিবার স্বভাবসুলভ, অর্ধ মেজাজের অর্ধেক মানসিক।","আমার পরিবার স্বভাবসুলভ, অর্ধ মেজাজের অর্ধেক মানসিক।"
text withheld: corpus licence does not permit redistribution,0,0.0,banglasarc,"ইকবাল এইচ বাবলু সেফুদার কথা বাদ দেন, আল্লাহ কিভাবে নেবেন সেটা চিন্তা করা উচিত।","ইকবাল এইচ বাবলু সেফুদার কথা বাদ দেন, আল্লাহ কিভাবে নেবেন সেটা চিন্তা করা উচিত।"
text withheld: corpus licence does not permit redistribution,0,0.0,banglasarc,সিয়াম রে নাটকেই যায়।এইখানে পাপেট লাগে,সিয়াম রে নাটকেই যায়।এইখানে পাপেট লাগে
text withheld: corpus licence does not permit redistribution,0,0.0,banglasarc,যাদের কন্টেন্ট দেখে আপনার সময় ভালো কাটছে...,যাদের কন্টেন্ট দেখে আপনার সময় ভালো কাটছে...
text withheld: corpus licence does not permit redistribution,0,0.0,banglasarc,ব্যাচেলর বাসা....শুধু ডিম দিয়ে ভাত খাই আমরা,ব্যাচেলর বাসা....শুধু ডিম দিয়ে ভাত খাই আমরা
text withheld: corpus licence does not permit redistribution,0,0.0,banglasarc,ব্লাউজ টা র কি কোনো সাইজ আছে?,ব্লাউজ টা র কি কোনো সাইজ আছে?
text withheld: corpus licence does not permit redistribution,0,0.0,banglasarc,আপনারা যদি আটলান্টিক মহাসাগরের নিচে গিয়ে ভিডিও শুট করতেন আপনাদের লাইটিংয়ের প্রয়োজন হতো না !,আপনারা যদি আটলান্টিক মহাসাগরের নিচে গিয়ে ভিডিও শুট করতেন আপনাদের লাইটিংয়ের প্রয়োজন হতো না !
text withheld: corpus licence does not permit redistribution,1,1.0,banglasarc,"আপনি কি বুঝতে পেরেছেন যে বেসামরিক লোকদের দ্বারা ভরা সাবওয়ে ট্রেনের বোমা ফেলা এবং আইএসআইএস যোদ্ধাদের লক্ষ্য করার জন্য বোমা ফেলে দেওয়ার মধ্যে পার্থক্য রয়েছে, তাই না?","আপনি কি বুঝতে পেরেছেন যে বেসামরিক লোকদের দ্বারা ভরা সাবওয়ে ট্রেনের বোমা ফেলা এবং আইএসআইএস যোদ্ধাদের লক্ষ্য করার জন্য বোমা ফেলে দেওয়ার মধ্যে পার্থক্য রয়েছে, তাই না?"
text withheld: corpus licence does not permit redistribution,1,1.0,banglasarc,আমি আপনাকে ঘৃণা করি না আমি কেবল আপনার অস্তিত্ব সম্পর্কে উত্তেজিত নই।,আমি আপনাকে ঘৃণা করি না আমি কেবল আপনার অস্তিত্ব সম্পর্কে উত্তেজিত নই।
text withheld: corpus licence does not permit redistribution,0,0.0,banglasarc,আল্লাহ পাক আমাদের সহায় হোন।,আল্লাহ পাক আমাদের সহায় হোন।
text withheld: corpus licence does not permit redistribution,1,1.0,banglasarc,"আমি 99% দেবদূত, তবে ওহ, যে 1%","আমি 99% দেবদূত, তবে ওহ, যে 1%"
text withheld: corpus licence does not permit redistribution,0,0.0,banglasarc,"খুবই দুখ : জনক ! তার নাস্তিকরার ঘোষনার ফলে তকে কত বিশ্রি ভাষায় গালি গালাজ শুনতে হয়েছে ! আমাদের দ্বীনী শিক্ষার কতটা অধঃপতন হয়েছে, তাকে বুঝানোর বদলে তাকে অপমানিত করে , গালিগালাজ করে তার জন্য হেদায়েতের পথ আরো বন্ধ করে দেয়া হয়েছে! হায় ফেরাঊন ও তো নিজেকে খোদা দাবি করেছিলো অথচ আল্লাহ মুসা (আ:) কে বল্লেন , ""“তার সাথে ভদ্র,নম্র ভাষায় কথা বলো , হয়তো সে সঠিক পথে ফিরে আসবে .""কোরান - 20:44আল্লাহ তো জানতেনই যে ফেরাউন কত বড় জালেম ছিলো, আর এও জানতেন যে, সে কোন দিনই সঠিক পথে ফিরে আসবে না , তারপরও মুসা(আ) কে উত্তম পন্থায় কথা বলার হুকুম দিয়েছেন ! অথচ আমার মুসলমান ভাইদের এ কি অবস্থা ! ছাফা কবির কি ফেরাউওনের থেকেও নিক্রিষ্ট ! না কখনই না ! তাহলে কেন আপনারা তাকে নিয়ে এত তামাশা করছেন ? আপনারা কি মুসা (আ:) এর চেয়েও উত্তম? কখনই না ! তাহলে যেখনে মুসা(আ) ফেরাউনকে কোনো বাজে কথা বলেন নাই , সেখানে আপনারা কেন ছাফা কবির কে নিয়ে বাজে কথা বলছেন?","খুবই দুখ : জনক ! তার নাস্তিকরার ঘোষনার ফলে তকে কত বিশ্রি ভাষায় গালি গালাজ শুনতে হয়েছে ! আমাদের দ্বীনী শিক্ষার কতটা অধঃপতন হয়েছে, তাকে বুঝানোর বদলে তাকে অপমানিত করে , গালিগালাজ করে তার জন্য হেদায়েতের পথ আরো বন্ধ করে দেয়া হয়েছে! হায় ফেরাঊন ও তো নিজেকে খোদা দাবি করেছিলো অথচ আল্লাহ মুসা (আ:) কে বল্লেন , ""“তার সাথে ভদ্র,নম্র ভাষায় কথা বলো , হয়তো সে সঠিক পথে ফিরে আসবে .""কোরান - 20:44আল্লাহ তো জানতেনই যে ফেরাউন কত বড় জালেম ছিলো, আর এও জানতেন যে, সে কোন দিনই সঠিক পথে ফিরে আসবে না , তারপরও মুসা(আ) কে উত্তম পন্থায় কথা বলার হুকুম দিয়েছেন ! অথচ আমার মুসলমান ভাইদের এ কি অবস্থা ! ছাফা কবির কি ফেরাউওনের থেকেও নিক্রিষ্ট ! না কখনই না ! তাহলে কেন আপনারা তাকে নিয়ে এত তামাশা করছেন ? আপনারা কি মুসা (আ:) এর চেয়েও উত্তম? কখনই না ! তাহলে যেখনে মুসা(আ) ফেরাউনকে কোনো বাজে কথা বলেন নাই , সেখানে আপনারা কেন ছাফা কবির কে নিয়ে বাজে কথা বলছেন?"
text withheld: corpus licence does not permit redistribution,1,1.0,banglasarc,"অন্যদিকে, আপনার বিভিন্ন আঙ্গুল রয়েছে","অন্যদিকে, আপনার বিভিন্ন আঙ্গুল রয়েছে"
text withheld: corpus licence does not permit redistribution,0,0.0,banglasarc,একদম অন্যরকম স্বাদ পেতে প্রতিদিনের খাবারে রাখুন প্রাণ আচার।,একদম অন্যরকম স্বাদ পেতে প্রতিদিনের খাবারে রাখুন প্রাণ আচার।
text withheld: corpus licence does not permit redistribution,1,1.0,banglasarc,আমি নিশ্চিত নই যে আমি আসলে মুক্ত কিনা বা আমি কেবল আমার করণীয়কে ভুলে যাচ্ছি।,আমি নিশ্চিত নই যে আমি আসলে মুক্ত কিনা বা আমি কেবল আমার করণীয়কে ভুলে যাচ্ছি।
text withheld: corpus licence does not permit redistribution,0,0.0,banglasarc,"এই আসন টা করলে হাগা ক্লিয়ার হয়,শরীর স্লিম থাকে।","এই আসন টা করলে হাগা ক্লিয়ার হয়,শরীর স্লিম থাকে।"
text withheld: corpus licence does not permit redistribution,0,0.0,banglasarc,আগে চরিত্র শোধরান তারপর নসিহত করুন।,আগে চরিত্র শোধরান তারপর নসিহত করুন।
text withheld: corpus licence does not permit redistribution,1,1.0,banglasarc,আসলে ভাইরাল যে বুলশিট উভয় প্রান্ত থেকে বেরিয়ে আসছে।,আসলে ভাইরাল যে বুলশিট উভয় প্রান্ত থেকে বেরিয়ে আসছে।
text withheld: corpus licence does not permit redistribution,0,0.0,banglasarc,ভাবি আপনার মতো যদি সব মেয়েরা স্বামীকে ভালোবাসতো তাহলে পৃথিবীটা অনেক সুন্দর হতো।,ভাবি আপনার মতো যদি সব মেয়েরা স্বামীকে ভালোবাসতো তাহলে পৃথিবীটা অনেক সুন্দর হতো।
text withheld: corpus licence does not permit redistribution,0,0.0,banglasarc,"ভাই,আপনি খুব ভাল মানুষ আপনার কথাই বোঝা যাই।সালামটা একটু পরিষ্কার করে দিলে ভালো হয়না!","ভাই,আপনি খুব ভাল মানুষ আপনার কথাই বোঝা যাই।সালামটা একটু পরিষ্কার করে দিলে ভালো হয়না!"
text withheld: corpus licence does not permit redistribution,1,1.0,banglasarc,এমনকি আপনি যদি সঠিক পথে থাকেন তবে আপনি কেবল সেখানে বসে থাকলে আপনি দৌড়াবেন।,এমনকি আপনি যদি সঠিক পথে থাকেন তবে আপনি কেবল সেখানে বসে থাকলে আপনি দৌড়াবেন।
text withheld: corpus licence does not permit redistribution,1,1.0,banglasarc,"আহ, হ্যাঁ, বিবাহবিচ্ছেদ… লাতিন শব্দ থেকে অর্থ তার মানিব্যাগের মাধ্যমে কোনও ব্যক্তির যৌনাঙ্গে ছিঁড়ে ফেলা।","আহ, হ্যাঁ, বিবাহবিচ্ছেদ… লাতিন শব্দ থেকে অর্থ তার মানিব্যাগের মাধ্যমে কোনও ব্যক্তির যৌনাঙ্গে ছিঁড়ে ফেলা।"
text withheld: corpus licence does not permit redistribution,1,1.0,banglasarc,সাফল্যের কোনও গোপন রহস্য নেই।আপনি কি কখনও এমন কোনও সফল মানুষকে চেনেন যিনি আপনাকে এ সম্পর্কে বলেননি?,সাফল্যের কোনও গোপন রহস্য নেই।আপনি কি কখনও এমন কোনও সফল মানুষকে চেনেন যিনি আপনাকে এ সম্পর্কে বলেননি?
text withheld: corpus licence does not permit redistribution,0,0.0,banglasarc,অনেক দুর যেতে হবে তোমায় দোয়া করি অনুশীলন চালিয়ে যাও।,অনেক দুর যেতে হবে তোমায় দোয়া করি অনুশীলন চালিয়ে যাও।
text withheld: corpus licence does not permit redistribution,1,1.0,banglasarc,আমার বস আমাকে একটি ভাল দিন কাটাতে বলেছিলেন তাই আমি বাড়িতে গেলাম।,আমার বস আমাকে একটি ভাল দিন কাটাতে বলেছিলেন তাই আমি বাড়িতে গেলাম।
text withheld: corpus licence does not permit redistribution,0,0.0,banglasarc,দরিদ্র হলেও ইমান আলীরাই প্রকৃত মানুষ। ইমান আলী ভাই এর প্রতি অনেক ভালবাসা ও দোয়া রইল।,দরিদ্র হলেও ইমান আলীরাই প্রকৃত মানুষ। ইমান আলী ভাই এর প্রতি অনেক ভালবাসা ও দোয়া রইল।
text withheld: corpus licence does not permit redistribution,0,0.0,banglasarc,ব্যাটারি চালিত অটো গুলো সারা রাত অবৈধ ভাবে চার্জ দিয়ে কত বিদ্যুৎ চুরি করে হিসাব আছে?,ব্যাটারি চালিত অটো গুলো সারা রাত অবৈধ ভাবে চার্জ দিয়ে কত বিদ্যুৎ চুরি করে হিসাব আছে?
text withheld: corpus licence does not permit redistribution,0,0.0,banglasarc,আসলেই কি ভাঙছে bts ব্যান্ড? সত্যতা কি?,আসলেই কি ভাঙছে bts ব্যান্ড? সত্যতা কি?
text withheld: corpus licence does not permit redistribution,1,1.0,banglasarc,"মেহ, আমার উপরের দেহ তাকে দূরে সরিয়ে দেয়।","মেহ, আমার উপরের দেহ তাকে দূরে সরিয়ে দেয়।"
text withheld: corpus licence does not permit redistribution,0,0.0,banglasarc,"ঠাণ্ডা মাথায় সব কিছু ঠিক হয়ে যাবে, ধৈর্য ধরে অপেক্ষা করেন।","ঠাণ্ডা মাথায় সব কিছু ঠিক হয়ে যাবে, ধৈর্য ধরে অপেক্ষা করেন।"
text withheld: corpus licence does not permit redistribution,1,1.0,banglasarc,আঞ্চলিক নিজস্ব মেটা না থাকায় আমরা হারিয়েছি,আঞ্চলিক নিজস্ব মেটা না থাকায় আমরা হারিয়েছি
text withheld: corpus licence does not permit redistribution,0,0.0,banglasarc,নগ্ন ও মনে হচ্ছে না এরা খুলে দিলেও যা এমনিতেই তা কতা কন ঠিক কিনা,নগ্ন ও মনে হচ্ছে না এরা খুলে দিলেও যা এমনিতেই তা কতা কন ঠিক কিনা
text withheld: corpus licence does not permit redistribution,0,0.0,banglasarc,আপনার,আপনার
text withheld: corpus licence does not permit redistribution,0,0.0,banglasarc,১৩ মামলার আসামি যামিন পায় কেমনে? আইন তার নিজ গতিতে চলের 🙂,১৩ মামলার আসামি যামিন পায় কেমনে? আইন তার নিজ গতিতে চলের 🙂
text withheld: corpus licence does not permit redistribution,0,0.0,banglasarc,আপনাকে ধন্যবাদ। সামনাসামনি সব বলার জন্য।,আপনাকে ধন্যবাদ। সামনাসামনি সব বলার জন্য।
text withheld: corpus licence does not permit redistribution,1,1.0,banglasarc,"সত্য, সাদা মানুষকে fooking","সত্য, সাদা মানুষকে fooking"
text withheld: corpus licence does not permit redistribution,1,1.0,banglasarc,"সুইটি, কটাক্ষ এবং অপমানকে পেশাদারদের কাছে ছেড়ে দিন।আপনি নিজেকে আঘাত করতে যাচ্ছেন।ট্র্যাফিক খেলতে যান।","সুইটি, কটাক্ষ এবং অপমানকে পেশাদারদের কাছে ছেড়ে দিন।আপনি নিজেকে আঘাত করতে যাচ্ছেন।ট্র্যাফিক খেলতে যান।"
text withheld: corpus licence does not permit redistribution,0,0.0,banglasarc,"স্যালুট টাইগার সাকিব আল হাসান। আজ দেশের মানুষের পাশে আপনি দাড়িয়েছেন। আপনার স্মৃতিময় ব্যাট বিক্রি করেছেন এ দেশের মানুষের জন্য, এ দেশের মানুষের কাছে আপনি কখনো বিস্মৃত হবেন না। আপনি আবার মাঠে ফিরে আসুন স্বমহিমায়।","স্যালুট টাইগার সাকিব আল হাসান। আজ দেশের মানুষের পাশে আপনি দাড়িয়েছেন। আপনার স্মৃতিময় ব্যাট বিক্রি করেছেন এ দেশের মানুষের জন্য, এ দেশের মানুষের কাছে আপনি কখনো বিস্মৃত হবেন না। আপনি আবার মাঠে ফিরে আসুন স্বমহিমায়।"
text withheld: corpus licence does not permit redistribution,0,0.0,banglasarc,এখানে সবাই যোগ্যতায় আসে টাকার জোরে নয়।,এখানে সবাই যোগ্যতায় আসে টাকার জোরে নয়।
text withheld: corpus licence does not permit redistribution,0,0.0,banglasarc,নাউজুবিল্লাহ। নাস্তিক ছাড়া কেউ এইসব বলতে পারে না।,নাউজুবিল্লাহ। নাস্তিক ছাড়া কেউ এইসব বলতে পারে না।
text withheld: corpus licence does not permit redistribution,0,0.0,banglasarc,"মেয়েরা অতি আবেগী হয়ে মাঝে মাঝে এমন কিছু সিদ্ধান্ত নেয়,","মেয়েরা অতি আবেগী হয়ে মাঝে মাঝে এমন কিছু সিদ্ধান্ত নেয়,"
text withheld: corpus licence does not permit redistribution,0,0.0,banglasarc,এত আগুন কেন লাগতেছে,এত আগুন কেন লাগতেছে
text withheld: corpus licence does not permit redistribution,1,1.0,banglasarc,আপনি কি পরামর্শ দিচ্ছেন যে মার্কিন যুক্তরাষ্ট্র একটি বহুসংস্কৃতির দেশ বা এর মতো বিদ্বেষপূর্ণ কিছু?,আপনি কি পরামর্শ দিচ্ছেন যে মার্কিন যুক্তরাষ্ট্র একটি বহুসংস্কৃতির দেশ বা এর মতো বিদ্বেষপূর্ণ কিছু?
