run_id,system,architecture,adversarial,fgm_epsilon,model_name,source,target,seed,in_domain,n_train,n_val,n_eval_total,n_removed_train_seen,n_removed_all_source,n_eval_clean,val_macro_f1,val_accuracy,test_macro_f1,test_accuracy,test_weighted_f1,test_precision_macro,test_recall_macro,test_recall_class_0,test_recall_class_1,temperature,ece,ece_temperature_scaled,brier,brier_temperature_scaled,confusion_matrix,train_seconds,best_checkpoint,prediction_path,tag,n_sources,source_corpora,held_out,config_hash
18_vanilla_ben_sarc_binary_seed42,vanilla,BanglaBERT standard classification head,False,,csebuetnlp/banglabert,ben_sarc_binary,ben_sarc_binary,42,True,20498.0,2562.0,2563,0,0,2563,0.7954403747169662,0.795472287275566,0.788894039982126,0.7889192352711666,0.7888949398138775,0.7890481551472264,0.7889150929034819,0.7782982045277127,0.7995319812792512,0.9927002249064596,0.0277511324471376,0.0282864037803171,0.2928709802200711,0.2929478633332921,"[[997, 284], [257, 1025]]",88.77131700515747,/workspace/Sarcasm_detection/03_checkpoints/18_multiseed_cross_corpus/vanilla/ben_sarc_binary/best_by_validation,04_outputs/predictions/18_multiseed_cross_corpus/18_vanilla_ben_sarc_binary_seed42_to_ben_sarc_binary.csv,NB18,1,"[""ben_sarc_binary""]",False,
18_vanilla_ben_sarc_binary_seed42,vanilla,BanglaBERT standard classification head,False,,csebuetnlp/banglabert,ben_sarc_binary,banglasarc_binary,42,False,20498.0,2562.0,464,0,0,464,0.7954403747169662,0.795472287275566,0.6135967900673782,0.6443965517241379,0.6446316644085406,0.613449867940886,0.6137503032263281,0.7214765100671141,0.5060240963855421,0.9927002249064596,0.1474760572274299,0.1487022756980484,0.4721119011744895,0.4728909085271702,"[[215, 83], [82, 84]]",88.77131700515747,/workspace/Sarcasm_detection/03_checkpoints/18_multiseed_cross_corpus/vanilla/ben_sarc_binary/best_by_validation,04_outputs/predictions/18_multiseed_cross_corpus/18_vanilla_ben_sarc_binary_seed42_to_banglasarc_binary.csv,NB18,1,"[""ben_sarc_binary""]",True,
18_vanilla_ben_sarc_binary_seed42,vanilla,BanglaBERT standard classification head,False,,csebuetnlp/banglabert,ben_sarc_binary,banglasarc3_binary,42,False,20498.0,2562.0,791,0,0,791,0.7954403747169662,0.795472287275566,0.6586331901181526,0.6586599241466498,0.6586370092650808,0.6586923991865863,0.6586497890295359,0.6666666666666666,0.6506329113924051,0.9927002249064596,0.1315955899689269,0.1315982272050184,0.4687256928149816,0.469452556020708,"[[264, 132], [138, 257]]",88.77131700515747,/workspace/Sarcasm_detection/03_checkpoints/18_multiseed_cross_corpus/vanilla/ben_sarc_binary/best_by_validation,04_outputs/predictions/18_multiseed_cross_corpus/18_vanilla_ben_sarc_binary_seed42_to_banglasarc3_binary.csv,NB18,1,"[""ben_sarc_binary""]",True,
18_vanilla_ben_sarc_binary_seed1,vanilla,BanglaBERT standard classification head,False,,csebuetnlp/banglabert,ben_sarc_binary,ben_sarc_binary,1,True,20498.0,2562.0,2563,0,0,2563,0.799951198086965,0.8001561280249805,0.7997029406589691,0.7998439328911432,0.7997050140741481,0.8006678325393268,0.7998337029499916,0.7736143637782982,0.8260530421216848,0.9863873924449296,0.0279600094618997,0.0274148923214921,0.2844025228601335,0.2844391738400021,"[[991, 290], [223, 1059]]",87.30157089233398,/workspace/Sarcasm_detection/03_checkpoints/18_multiseed_cross_corpus/vanilla/ben_sarc_binary/best_by_validation,04_outputs/predictions/18_multiseed_cross_corpus/18_vanilla_ben_sarc_binary_seed1_to_ben_sarc_binary.csv,NB18,1,"[""ben_sarc_binary""]",False,
18_vanilla_ben_sarc_binary_seed1,vanilla,BanglaBERT standard classification head,False,,csebuetnlp/banglabert,ben_sarc_binary,banglasarc_binary,1,False,20498.0,2562.0,464,0,0,464,0.799951198086965,0.8001561280249805,0.602753487635534,0.6271551724137931,0.6307623779897097,0.6016471228827567,0.605664267809493,0.6812080536912751,0.5301204819277109,0.9863873924449296,0.153666495404623,0.1559832152813055,0.4984429509742127,0.5001169940538616,"[[203, 95], [78, 88]]",87.30157089233398,/workspace/Sarcasm_detection/03_checkpoints/18_multiseed_cross_corpus/vanilla/ben_sarc_binary/best_by_validation,04_outputs/predictions/18_multiseed_cross_corpus/18_vanilla_ben_sarc_binary_seed1_to_banglasarc_binary.csv,NB18,1,"[""ben_sarc_binary""]",True,
18_vanilla_ben_sarc_binary_seed1,vanilla,BanglaBERT standard classification head,False,,csebuetnlp/banglabert,ben_sarc_binary,banglasarc3_binary,1,False,20498.0,2562.0,791,0,0,791,0.799951198086965,0.8001561280249805,0.6306764397369969,0.6308470290771175,0.6306664050699311,0.6311317370639404,0.6308752077739419,0.6085858585858586,0.6531645569620254,0.9863873924449296,0.1481659944657069,0.1507962062611016,0.4918018856368857,0.4933536863728789,"[[241, 155], [137, 258]]",87.30157089233398,/workspace/Sarcasm_detection/03_checkpoints/18_multiseed_cross_corpus/vanilla/ben_sarc_binary/best_by_validation,04_outputs/predictions/18_multiseed_cross_corpus/18_vanilla_ben_sarc_binary_seed1_to_banglasarc3_binary.csv,NB18,1,"[""ben_sarc_binary""]",True,
18_vanilla_ben_sarc_binary_seed7,vanilla,BanglaBERT standard classification head,False,,csebuetnlp/banglabert,ben_sarc_binary,ben_sarc_binary,7,True,20498.0,2562.0,2563,0,0,2563,0.7926146458583434,0.7927400468384075,0.7895683587481434,0.7896995708154506,0.7895663085595918,0.7904451669696633,0.7897094338106077,0.8149882903981265,0.7644305772230889,1.0845220371105186,0.0326110567734732,0.0360553692851746,0.2905761355362042,0.2895377439000164,"[[1044, 237], [302, 980]]",85.60402846336365,/workspace/Sarcasm_detection/03_checkpoints/18_multiseed_cross_corpus/vanilla/ben_sarc_binary/best_by_validation,04_outputs/predictions/18_multiseed_cross_corpus/18_vanilla_ben_sarc_binary_seed7_to_ben_sarc_binary.csv,NB18,1,"[""ben_sarc_binary""]",False,
18_vanilla_ben_sarc_binary_seed7,vanilla,BanglaBERT standard classification head,False,,csebuetnlp/banglabert,ben_sarc_binary,banglasarc_binary,7,False,20498.0,2562.0,464,0,0,464,0.7926146458583434,0.7927400468384075,0.608218406980017,0.6443965517241379,0.6420873084425982,0.6098985456129795,0.6070793240074391,0.738255033557047,0.4759036144578313,1.0845220371105186,0.1608976821645658,0.1594936484594189,0.4811560414529424,0.4713123343019686,"[[220, 78], [87, 79]]",85.60402846336365,/workspace/Sarcasm_detection/03_checkpoints/18_multiseed_cross_corpus/vanilla/ben_sarc_binary/best_by_validation,04_outputs/predictions/18_multiseed_cross_corpus/18_vanilla_ben_sarc_binary_seed7_to_banglasarc_binary.csv,NB18,1,"[""ben_sarc_binary""]",True,
18_vanilla_ben_sarc_binary_seed7,vanilla,BanglaBERT standard classification head,False,,csebuetnlp/banglabert,ben_sarc_binary,banglasarc3_binary,7,False,20498.0,2562.0,791,0,0,791,0.7926146458583434,0.7927400468384075,0.6503900995426419,0.6510745891276865,0.6504096563879288,0.6521774141596342,0.6510196905766525,0.6944444444444444,0.6075949367088608,1.0845220371105186,0.160466373349026,0.1462208310247811,0.4870748583936886,0.4779984537349043,"[[275, 121], [155, 240]]",85.60402846336365,/workspace/Sarcasm_detection/03_checkpoints/18_multiseed_cross_corpus/vanilla/ben_sarc_binary/best_by_validation,04_outputs/predictions/18_multiseed_cross_corpus/18_vanilla_ben_sarc_binary_seed7_to_banglasarc3_binary.csv,NB18,1,"[""ben_sarc_binary""]",True,
18_vanilla_ben_sarc_binary_seed123,vanilla,BanglaBERT standard classification head,False,,csebuetnlp/banglabert,ben_sarc_binary,ben_sarc_binary,123,True,20498.0,2562.0,2563,0,0,2563,0.7964593929625499,0.7966432474629196,0.7994745662907098,0.7998439328911432,0.7994712084125242,0.802106952501546,0.7998608000526111,0.8430913348946136,0.7566302652106084,1.251751159145164,0.0377713690492827,0.0200943674683649,0.2821939946463074,0.279663532133204,"[[1080, 201], [312, 970]]",119.75155258178712,/workspace/Sarcasm_detection/03_checkpoints/18_multiseed_cross_corpus/vanilla/ben_sarc_binary/best_by_validation,04_outputs/predictions/18_multiseed_cross_corpus/18_vanilla_ben_sarc_binary_seed123_to_ben_sarc_binary.csv,NB18,1,"[""ben_sarc_binary""]",False,
18_vanilla_ben_sarc_binary_seed123,vanilla,BanglaBERT standard classification head,False,,csebuetnlp/banglabert,ben_sarc_binary,banglasarc_binary,123,False,20498.0,2562.0,464,0,0,464,0.7964593929625499,0.7966432474629196,0.5933601402206413,0.6336206896551724,0.629760089024464,0.5959851551956815,0.5920190830435837,0.738255033557047,0.4457831325301205,1.251751159145164,0.1869084202721422,0.151923649256576,0.5126245327719195,0.4854873829339254,"[[220, 78], [92, 74]]",119.75155258178712,/workspace/Sarcasm_detection/03_checkpoints/18_multiseed_cross_corpus/vanilla/ben_sarc_binary/best_by_validation,04_outputs/predictions/18_multiseed_cross_corpus/18_vanilla_ben_sarc_binary_seed123_to_banglasarc_binary.csv,NB18,1,"[""ben_sarc_binary""]",True,
18_vanilla_ben_sarc_binary_seed123,vanilla,BanglaBERT standard classification head,False,,csebuetnlp/banglabert,ben_sarc_binary,banglasarc3_binary,123,False,20498.0,2562.0,791,0,0,791,0.7964593929625499,0.7966432474629196,0.6526698717948718,0.6536030341340076,0.6526926318519239,0.6551653960460008,0.6535385500575375,0.7045454545454546,0.6025316455696202,1.251751159145164,0.1771058914899307,0.1384405828056021,0.5017217641402548,0.4759111603522928,"[[279, 117], [157, 238]]",119.75155258178712,/workspace/Sarcasm_detection/03_checkpoints/18_multiseed_cross_corpus/vanilla/ben_sarc_binary/best_by_validation,04_outputs/predictions/18_multiseed_cross_corpus/18_vanilla_ben_sarc_binary_seed123_to_banglasarc3_binary.csv,NB18,1,"[""ben_sarc_binary""]",True,
18_vanilla_ben_sarc_binary_seed2024,vanilla,BanglaBERT standard classification head,False,,csebuetnlp/banglabert,ben_sarc_binary,ben_sarc_binary,2024,True,20498.0,2562.0,2563,0,0,2563,0.7893699488487329,0.7903981264637002,0.7794225562620212,0.7807257120561841,0.7794159412579899,0.7875864813414868,0.7807558203967503,0.8579234972677595,0.7035881435257411,1.3138853035355904,0.0606359514086789,0.0251572185589345,0.3070129083773779,0.2994441151807508,"[[1099, 182], [380, 902]]",117.33515906333923,/workspace/Sarcasm_detection/03_checkpoints/18_multiseed_cross_corpus/vanilla/ben_sarc_binary/best_by_validation,04_outputs/predictions/18_multiseed_cross_corpus/18_vanilla_ben_sarc_binary_seed2024_to_ben_sarc_binary.csv,NB18,1,"[""ben_sarc_binary""]",False,
18_vanilla_ben_sarc_binary_seed2024,vanilla,BanglaBERT standard classification head,False,,csebuetnlp/banglabert,ben_sarc_binary,banglasarc_binary,2024,False,20498.0,2562.0,464,0,0,464,0.7893699488487329,0.7903981264637002,0.5352804342207289,0.5991379310344828,0.5842873503801214,0.5431576970038509,0.5371553327403573,0.7550335570469798,0.3192771084337349,1.3138853035355904,0.2422613286478855,0.1994161375300805,0.5704942272724551,0.5270194509422267,"[[225, 73], [113, 53]]",117.33515906333923,/workspace/Sarcasm_detection/03_checkpoints/18_multiseed_cross_corpus/vanilla/ben_sarc_binary/best_by_validation,04_outputs/predictions/18_multiseed_cross_corpus/18_vanilla_ben_sarc_binary_seed2024_to_banglasarc_binary.csv,NB18,1,"[""ben_sarc_binary""]",True,
18_vanilla_ben_sarc_binary_seed2024,vanilla,BanglaBERT standard classification head,False,,csebuetnlp/banglabert,ben_sarc_binary,banglasarc3_binary,2024,False,20498.0,2562.0,791,0,0,791,0.7893699488487329,0.7903981264637002,0.6281793712732939,0.6308470290771175,0.6282191870614107,0.6345445334807036,0.6307409538422197,0.7146464646464646,0.5468354430379747,1.3138853035355904,0.2075373827585095,0.1632441943172975,0.5437999599253995,0.506329960459072,"[[283, 113], [179, 216]]",117.33515906333923,/workspace/Sarcasm_detection/03_checkpoints/18_multiseed_cross_corpus/vanilla/ben_sarc_binary/best_by_validation,04_outputs/predictions/18_multiseed_cross_corpus/18_vanilla_ben_sarc_binary_seed2024_to_banglasarc3_binary.csv,NB18,1,"[""ben_sarc_binary""]",True,
18_vanilla_banglasarc_binary_seed42,vanilla,BanglaBERT standard classification head,False,,csebuetnlp/banglabert,banglasarc_binary,ben_sarc_binary,42,False,3708.0,463.0,2563,0,0,2563,0.9744061348891668,0.976241900647948,0.3484234939492279,0.4982442450253609,0.3483015893511187,0.4802714211316362,0.4984314126663427,0.9781420765027322,0.0187207488299532,1.5025877776422452,0.4975183903347545,0.4858410014295814,0.9954003949663832,0.9729411009099944,"[[1253, 28], [1258, 24]]",43.6186637878418,/workspace/Sarcasm_detection/03_checkpoints/18_multiseed_cross_corpus/vanilla/banglasarc_binary/best_by_validation,04_outputs/predictions/18_multiseed_cross_corpus/18_vanilla_banglasarc_binary_seed42_to_ben_sarc_binary.csv,NB18,1,"[""banglasarc_binary""]",True,
18_vanilla_banglasarc_binary_seed42,vanilla,BanglaBERT standard classification head,False,,csebuetnlp/banglabert,banglasarc_binary,banglasarc_binary,42,True,3708.0,463.0,464,0,0,464,0.9744061348891668,0.976241900647948,0.9718605967494138,0.9741379310344828,0.9741379310344828,0.9718605967494138,0.9718605967494138,0.9798657718120806,0.963855421686747,1.5025877776422452,0.0241742882208274,0.0108451148191096,0.0486041462438421,0.0455433567246704,"[[292, 6], [6, 160]]",43.6186637878418,/workspace/Sarcasm_detection/03_checkpoints/18_multiseed_cross_corpus/vanilla/banglasarc_binary/best_by_validation,04_outputs/predictions/18_multiseed_cross_corpus/18_vanilla_banglasarc_binary_seed42_to_banglasarc_binary.csv,NB18,1,"[""banglasarc_binary""]",False,
18_vanilla_banglasarc_binary_seed42,vanilla,BanglaBERT standard classification head,False,,csebuetnlp/banglabert,banglasarc_binary,banglasarc3_binary,42,False,3708.0,463.0,791,25,29,762,0.9744061348891668,0.976241900647948,0.3432195898161245,0.4881889763779528,0.3351207414048491,0.5128889801786998,0.5008651532803442,0.9838274932614556,0.0179028132992327,1.5025877776422452,0.5093006945721344,0.497784695999849,1.0166905646479638,0.9940428745509688,"[[365, 6], [384, 7]]",43.6186637878418,/workspace/Sarcasm_detection/03_checkpoints/18_multiseed_cross_corpus/vanilla/banglasarc_binary/best_by_validation,04_outputs/predictions/18_multiseed_cross_corpus/18_vanilla_banglasarc_binary_seed42_to_banglasarc3_binary.csv,NB18,1,"[""banglasarc_binary""]",True,
18_vanilla_banglasarc_binary_seed1,vanilla,BanglaBERT standard classification head,False,,csebuetnlp/banglabert,banglasarc_binary,ben_sarc_binary,1,False,3708.0,463.0,2563,0,0,2563,0.9835872972466564,0.9848812095032398,0.3423593061848574,0.4962934061646508,0.3422351657816479,0.4441306744550395,0.4964822480487041,0.9804839968774396,0.0124804992199688,1.5406407396166035,0.5018111763943316,0.4927401906986808,1.0027826996787332,0.9856104185793354,"[[1256, 25], [1266, 16]]",58.00122714042664,/workspace/Sarcasm_detection/03_checkpoints/18_multiseed_cross_corpus/vanilla/banglasarc_binary/best_by_validation,04_outputs/predictions/18_multiseed_cross_corpus/18_vanilla_banglasarc_binary_seed1_to_ben_sarc_binary.csv,NB18,1,"[""banglasarc_binary""]",True,
18_vanilla_banglasarc_binary_seed1,vanilla,BanglaBERT standard classification head,False,,csebuetnlp/banglabert,banglasarc_binary,banglasarc_binary,1,True,3708.0,463.0,464,0,0,464,0.9835872972466564,0.9848812095032398,0.9742397860044918,0.976293103448276,0.976308777627236,0.973618419726204,0.9748726449421848,0.9798657718120806,0.9698795180722892,1.5406407396166035,0.0194472745730019,0.0107237504362976,0.0393452200424693,0.0379789951971728,"[[292, 6], [5, 161]]",58.00122714042664,/workspace/Sarcasm_detection/03_checkpoints/18_multiseed_cross_corpus/vanilla/banglasarc_binary/best_by_validation,04_outputs/predictions/18_multiseed_cross_corpus/18_vanilla_banglasarc_binary_seed1_to_banglasarc_binary.csv,NB18,1,"[""banglasarc_binary""]",False,
18_vanilla_banglasarc_binary_seed1,vanilla,BanglaBERT standard classification head,False,,csebuetnlp/banglabert,banglasarc_binary,banglasarc3_binary,1,False,3708.0,463.0,791,25,29,762,0.9835872972466564,0.9848812095032398,0.3340872873078702,0.4868766404199475,0.3257152679592632,0.4933862433862434,0.4997931904509137,0.9919137466307276,0.0076726342710997,1.5406407396166035,0.5121571121859003,0.5045327763485303,1.0218306905781267,1.0054071185359432,"[[368, 3], [388, 3]]",58.00122714042664,/workspace/Sarcasm_detection/03_checkpoints/18_multiseed_cross_corpus/vanilla/banglasarc_binary/best_by_validation,04_outputs/predictions/18_multiseed_cross_corpus/18_vanilla_banglasarc_binary_seed1_to_banglasarc3_binary.csv,NB18,1,"[""banglasarc_binary""]",True,
18_vanilla_banglasarc_binary_seed7,vanilla,BanglaBERT standard classification head,False,,csebuetnlp/banglabert,banglasarc_binary,ben_sarc_binary,7,False,3708.0,463.0,2563,0,0,2563,0.9812671953390516,0.9827213822894167,0.350388697425178,0.5009754194303551,0.3502666660459194,0.5161561749484153,0.501163348641674,0.9828259172521469,0.0195007800312012,0.608362544281177,0.4537222769292074,0.4886071003707218,0.9148168150623138,0.9785353991619165,"[[1259, 22], [1257, 25]]",22.306240797042847,/workspace/Sarcasm_detection/03_checkpoints/18_multiseed_cross_corpus/vanilla/banglasarc_binary/best_by_validation,04_outputs/predictions/18_multiseed_cross_corpus/18_vanilla_banglasarc_binary_seed7_to_ben_sarc_binary.csv,NB18,1,"[""banglasarc_binary""]",True,
18_vanilla_banglasarc_binary_seed7,vanilla,BanglaBERT standard classification head,False,,csebuetnlp/banglabert,banglasarc_binary,banglasarc_binary,7,True,3708.0,463.0,464,0,0,464,0.9812671953390516,0.9827213822894167,0.9695561107325812,0.9719827586206896,0.97200128265037,0.9689409060666544,0.9701827444004204,0.976510067114094,0.963855421686747,0.608362544281177,0.0443575776948649,0.017324959779184,0.0481112787743878,0.0487172944756659,"[[291, 7], [6, 160]]",22.306240797042847,/workspace/Sarcasm_detection/03_checkpoints/18_multiseed_cross_corpus/vanilla/banglasarc_binary/best_by_validation,04_outputs/predictions/18_multiseed_cross_corpus/18_vanilla_banglasarc_binary_seed7_to_banglasarc_binary.csv,NB18,1,"[""banglasarc_binary""]",False,
18_vanilla_banglasarc_binary_seed7,vanilla,BanglaBERT standard classification head,False,,csebuetnlp/banglabert,banglasarc_binary,banglasarc3_binary,7,False,3708.0,463.0,791,25,29,762,0.9812671953390516,0.9827213822894167,0.342574388508258,0.4868766404199475,0.334490228737295,0.4933155080213903,0.4995174443854654,0.981132075471698,0.0179028132992327,0.608362544281177,0.4671004199020514,0.5031271838004493,0.9377066404925788,1.0059679160797903,"[[364, 7], [384, 7]]",22.306240797042847,/workspace/Sarcasm_detection/03_checkpoints/18_multiseed_cross_corpus/vanilla/banglasarc_binary/best_by_validation,04_outputs/predictions/18_multiseed_cross_corpus/18_vanilla_banglasarc_binary_seed7_to_banglasarc3_binary.csv,NB18,1,"[""banglasarc_binary""]",True,
18_vanilla_banglasarc_binary_seed123,vanilla,BanglaBERT standard classification head,False,,csebuetnlp/banglabert,banglasarc_binary,ben_sarc_binary,123,False,3708.0,463.0,2563,0,0,2563,0.9836719682809972,0.9848812095032398,0.343006458082034,0.4962934061646508,0.3428826398687201,0.4466823551125877,0.496481943586877,0.9797033567525372,0.0132605304212168,1.1632404701249506,0.4967576286150311,0.4924818124653767,0.9950819167725756,0.9869619853104512,"[[1255, 26], [1265, 17]]",36.369274616241455,/workspace/Sarcasm_detection/03_checkpoints/18_multiseed_cross_corpus/vanilla/banglasarc_binary/best_by_validation,04_outputs/predictions/18_multiseed_cross_corpus/18_vanilla_banglasarc_binary_seed123_to_ben_sarc_binary.csv,NB18,1,"[""banglasarc_binary""]",True,
18_vanilla_banglasarc_binary_seed123,vanilla,BanglaBERT standard classification head,False,,csebuetnlp/banglabert,banglasarc_binary,banglasarc_binary,123,True,3708.0,463.0,464,0,0,464,0.9836719682809972,0.9848812095032398,0.9695561107325812,0.9719827586206896,0.97200128265037,0.9689409060666544,0.9701827444004204,0.976510067114094,0.963855421686747,1.1632404701249506,0.022011495667831,0.0169542493688496,0.045907764988838,0.044980982581323,"[[291, 7], [6, 160]]",36.369274616241455,/workspace/Sarcasm_detection/03_checkpoints/18_multiseed_cross_corpus/vanilla/banglasarc_binary/best_by_validation,04_outputs/predictions/18_multiseed_cross_corpus/18_vanilla_banglasarc_binary_seed123_to_banglasarc_binary.csv,NB18,1,"[""banglasarc_binary""]",False,
18_vanilla_banglasarc_binary_seed123,vanilla,BanglaBERT standard classification head,False,,csebuetnlp/banglabert,banglasarc_binary,banglasarc3_binary,123,False,3708.0,463.0,791,25,29,762,0.9836719682809972,0.9848812095032398,0.3362472848788638,0.4868766404199475,0.3279481468325231,0.493368700265252,0.4997242539345516,0.9892183288409704,0.0102301790281329,1.1632404701249506,0.5074200690409618,0.5032295231765422,1.013673821844792,1.005364562056593,"[[367, 4], [387, 4]]",36.369274616241455,/workspace/Sarcasm_detection/03_checkpoints/18_multiseed_cross_corpus/vanilla/banglasarc_binary/best_by_validation,04_outputs/predictions/18_multiseed_cross_corpus/18_vanilla_banglasarc_binary_seed123_to_banglasarc3_binary.csv,NB18,1,"[""banglasarc_binary""]",True,
18_vanilla_banglasarc_binary_seed2024,vanilla,BanglaBERT standard classification head,False,,csebuetnlp/banglabert,banglasarc_binary,ben_sarc_binary,2024,False,3708.0,463.0,2563,0,0,2563,0.985875533862111,0.9870410367170628,0.3467017160149827,0.4986344127975029,0.3465787931211457,0.4829361927455652,0.4988226461142754,0.981264637002342,0.016380655226209,1.1550566106601114,0.4963903909822822,0.4931223535246858,0.9927200929064884,0.986467450893483,"[[1257, 24], [1261, 21]]",36.27100729942322,/workspace/Sarcasm_detection/03_checkpoints/18_multiseed_cross_corpus/vanilla/banglasarc_binary/best_by_validation,04_outputs/predictions/18_multiseed_cross_corpus/18_vanilla_banglasarc_binary_seed2024_to_ben_sarc_binary.csv,NB18,1,"[""banglasarc_binary""]",True,
18_vanilla_banglasarc_binary_seed2024,vanilla,BanglaBERT standard classification head,False,,csebuetnlp/banglabert,banglasarc_binary,banglasarc_binary,2024,True,3708.0,463.0,464,0,0,464,0.985875533862111,0.9870410367170628,0.9788096675817344,0.980603448275862,0.9805635864826592,0.980830768603632,0.9768941537963935,0.9899328859060402,0.963855421686747,1.1550566106601114,0.0142200150984111,0.0113510267598206,0.0317831478246714,0.0310096099060904,"[[295, 3], [6, 160]]",36.27100729942322,/workspace/Sarcasm_detection/03_checkpoints/18_multiseed_cross_corpus/vanilla/banglasarc_binary/best_by_validation,04_outputs/predictions/18_multiseed_cross_corpus/18_vanilla_banglasarc_binary_seed2024_to_banglasarc_binary.csv,NB18,1,"[""banglasarc_binary""]",False,
18_vanilla_banglasarc_binary_seed2024,vanilla,BanglaBERT standard classification head,False,,csebuetnlp/banglabert,banglasarc_binary,banglasarc3_binary,2024,False,3708.0,463.0,791,25,29,762,0.985875533862111,0.9870410367170628,0.3306810841738951,0.484251968503937,0.3222662411969065,0.4093915343915344,0.4971667091775184,0.9892183288409704,0.0051150895140664,1.1550566106601114,0.5129997161967993,0.509395284419035,1.0235490224073749,1.0169072192747972,"[[367, 4], [389, 2]]",36.27100729942322,/workspace/Sarcasm_detection/03_checkpoints/18_multiseed_cross_corpus/vanilla/banglasarc_binary/best_by_validation,04_outputs/predictions/18_multiseed_cross_corpus/18_vanilla_banglasarc_binary_seed2024_to_banglasarc3_binary.csv,NB18,1,"[""banglasarc_binary""]",True,
18_vanilla_banglasarc3_binary_seed42,vanilla,BanglaBERT standard classification head,False,,csebuetnlp/banglabert,banglasarc3_binary,ben_sarc_binary,42,False,6328.0,791.0,2563,0,0,2563,0.7736983849184468,0.7737041719342604,0.6695372938702107,0.6699180647678502,0.669541670547195,0.6706825466735178,0.6699049226606066,0.6362217017954723,0.7035881435257411,1.2991432076255849,0.115300656172125,0.0732439771324136,0.4537210273278078,0.4346706302031446,"[[815, 466], [380, 902]]",43.25741720199585,/workspace/Sarcasm_detection/03_checkpoints/18_multiseed_cross_corpus/vanilla/banglasarc3_binary/best_by_validation,04_outputs/predictions/18_multiseed_cross_corpus/18_vanilla_banglasarc3_binary_seed42_to_ben_sarc_binary.csv,NB18,1,"[""banglasarc3_binary""]",True,
18_vanilla_banglasarc3_binary_seed42,vanilla,BanglaBERT standard classification head,False,,csebuetnlp/banglabert,banglasarc3_binary,banglasarc_binary,42,False,6328.0,791.0,464,24,28,436,0.7736983849184468,0.7737041719342604,0.6277175697865354,0.6422018348623854,0.6452334252270981,0.6266821946169772,0.6310575635876841,0.6777777777777778,0.5843373493975904,1.2991432076255849,0.1484277065525231,0.1190221736629215,0.5077910942215765,0.4820007303360315,"[[183, 87], [69, 97]]",43.25741720199585,/workspace/Sarcasm_detection/03_checkpoints/18_multiseed_cross_corpus/vanilla/banglasarc3_binary/best_by_validation,04_outputs/predictions/18_multiseed_cross_corpus/18_vanilla_banglasarc3_binary_seed42_to_banglasarc_binary.csv,NB18,1,"[""banglasarc3_binary""]",True,
18_vanilla_banglasarc3_binary_seed42,vanilla,BanglaBERT standard classification head,False,,csebuetnlp/banglabert,banglasarc3_binary,banglasarc3_binary,42,True,6328.0,791.0,791,0,0,791,0.7736983849184468,0.7737041719342604,0.7661053792486154,0.7661188369152971,0.7661076221930624,0.7661615192787263,0.7661104718066744,0.7727272727272727,0.759493670886076,1.2991432076255849,0.069011737915908,0.0462326760415425,0.333785507513518,0.3268924453784154,"[[306, 90], [95, 300]]",43.25741720199585,/workspace/Sarcasm_detection/03_checkpoints/18_multiseed_cross_corpus/vanilla/banglasarc3_binary/best_by_validation,04_outputs/predictions/18_multiseed_cross_corpus/18_vanilla_banglasarc3_binary_seed42_to_banglasarc3_binary.csv,NB18,1,"[""banglasarc3_binary""]",False,
18_vanilla_banglasarc3_binary_seed1,vanilla,BanglaBERT standard classification head,False,,csebuetnlp/banglabert,banglasarc3_binary,ben_sarc_binary,1,False,6328.0,791.0,2563,0,0,2563,0.7529684863939008,0.7547408343868521,0.6702313380060057,0.6746000780335544,0.6702461472942346,0.684287874346196,0.6745552726090308,0.5597189695550351,0.7893915756630265,1.3525704989069034,0.1206721577498037,0.0676963167607412,0.4487131689602981,0.4267755852796949,"[[717, 564], [270, 1012]]",44.0145788192749,/workspace/Sarcasm_detection/03_checkpoints/18_multiseed_cross_corpus/vanilla/banglasarc3_binary/best_by_validation,04_outputs/predictions/18_multiseed_cross_corpus/18_vanilla_banglasarc3_binary_seed1_to_ben_sarc_binary.csv,NB18,1,"[""banglasarc3_binary""]",True,
18_vanilla_banglasarc3_binary_seed1,vanilla,BanglaBERT standard classification head,False,,csebuetnlp/banglabert,banglasarc3_binary,banglasarc_binary,1,False,6328.0,791.0,464,24,28,436,0.7529684863939008,0.7547408343868521,0.6538852926289991,0.658256880733945,0.6631637653415372,0.6599284436493739,0.6695448460508702,0.6222222222222222,0.7168674698795181,1.3525704989069034,0.1665528270415711,0.1134942651380412,0.5034077805574183,0.4729603815532266,"[[168, 102], [47, 119]]",44.0145788192749,/workspace/Sarcasm_detection/03_checkpoints/18_multiseed_cross_corpus/vanilla/banglasarc3_binary/best_by_validation,04_outputs/predictions/18_multiseed_cross_corpus/18_vanilla_banglasarc3_binary_seed1_to_banglasarc_binary.csv,NB18,1,"[""banglasarc3_binary""]",True,
18_vanilla_banglasarc3_binary_seed1,vanilla,BanglaBERT standard classification head,False,,csebuetnlp/banglabert,banglasarc3_binary,banglasarc3_binary,1,True,6328.0,791.0,791,0,0,791,0.7529684863939008,0.7547408343868521,0.7464339275847682,0.7484197218710493,0.7464055590949642,0.7566886761307362,0.7485327963176065,0.6590909090909091,0.8379746835443038,1.3525704989069034,0.0796520360687949,0.0459342441781159,0.3469753140290135,0.338362000743344,"[[261, 135], [64, 331]]",44.0145788192749,/workspace/Sarcasm_detection/03_checkpoints/18_multiseed_cross_corpus/vanilla/banglasarc3_binary/best_by_validation,04_outputs/predictions/18_multiseed_cross_corpus/18_vanilla_banglasarc3_binary_seed1_to_banglasarc3_binary.csv,NB18,1,"[""banglasarc3_binary""]",False,
18_vanilla_banglasarc3_binary_seed7,vanilla,BanglaBERT standard classification head,False,,csebuetnlp/banglabert,banglasarc3_binary,ben_sarc_binary,7,False,6328.0,791.0,2563,0,0,2563,0.7533189078190445,0.7534766118836915,0.6724928885641777,0.6726492391728444,0.6724900965890228,0.6729941124431835,0.6726578665020138,0.6947697111631538,0.6505460218408736,2.4008828236109,0.2205770606252587,0.0718710557590977,0.5310398658977369,0.4382841955348577,"[[890, 391], [448, 834]]",64.62780213356018,/workspace/Sarcasm_detection/03_checkpoints/18_multiseed_cross_corpus/vanilla/banglasarc3_binary/best_by_validation,04_outputs/predictions/18_multiseed_cross_corpus/18_vanilla_banglasarc3_binary_seed7_to_ben_sarc_binary.csv,NB18,1,"[""banglasarc3_binary""]",True,
18_vanilla_banglasarc3_binary_seed7,vanilla,BanglaBERT standard classification head,False,,csebuetnlp/banglabert,banglasarc3_binary,banglasarc_binary,7,False,6328.0,791.0,464,24,28,436,0.7533189078190445,0.7534766118836915,0.6888638497652582,0.694954128440367,0.6992472757031486,0.6903547414792488,0.7014948683623382,0.674074074074074,0.7289156626506024,2.4008828236109,0.2110391951939868,0.0642171882419055,0.5044018884801686,0.4179115968267576,"[[182, 88], [45, 121]]",64.62780213356018,/workspace/Sarcasm_detection/03_checkpoints/18_multiseed_cross_corpus/vanilla/banglasarc3_binary/best_by_validation,04_outputs/predictions/18_multiseed_cross_corpus/18_vanilla_banglasarc3_binary_seed7_to_banglasarc_binary.csv,NB18,1,"[""banglasarc3_binary""]",True,
18_vanilla_banglasarc3_binary_seed7,vanilla,BanglaBERT standard classification head,False,,csebuetnlp/banglabert,banglasarc3_binary,banglasarc3_binary,7,True,6328.0,791.0,791,0,0,791,0.7533189078190445,0.7534766118836915,0.7671504633184867,0.7673830594184576,0.7671597671624855,0.7683737646001797,0.7673443293696458,0.797979797979798,0.7367088607594937,2.4008828236109,0.1512785677115295,0.0372213366679488,0.3841313299520423,0.3345588550692035,"[[316, 80], [104, 291]]",64.62780213356018,/workspace/Sarcasm_detection/03_checkpoints/18_multiseed_cross_corpus/vanilla/banglasarc3_binary/best_by_validation,04_outputs/predictions/18_multiseed_cross_corpus/18_vanilla_banglasarc3_binary_seed7_to_banglasarc3_binary.csv,NB18,1,"[""banglasarc3_binary""]",False,
18_vanilla_banglasarc3_binary_seed123,vanilla,BanglaBERT standard classification head,False,,csebuetnlp/banglabert,banglasarc3_binary,ben_sarc_binary,123,False,6328.0,791.0,2563,0,0,2563,0.7610237523198435,0.7610619469026548,0.6542961447353197,0.6543113538821693,0.6542952500796227,0.6543428002065854,0.6543140414141155,0.6612021857923497,0.6474258970358814,1.7401103507774571,0.1865801331323784,0.089770920388182,0.5052870744424429,0.4482117429700436,"[[847, 434], [452, 830]]",56.82760953903198,/workspace/Sarcasm_detection/03_checkpoints/18_multiseed_cross_corpus/vanilla/banglasarc3_binary/best_by_validation,04_outputs/predictions/18_multiseed_cross_corpus/18_vanilla_banglasarc3_binary_seed123_to_ben_sarc_binary.csv,NB18,1,"[""banglasarc3_binary""]",True,
18_vanilla_banglasarc3_binary_seed123,vanilla,BanglaBERT standard classification head,False,,csebuetnlp/banglabert,banglasarc3_binary,banglasarc_binary,123,False,6328.0,791.0,464,24,28,436,0.7610237523198435,0.7610619469026548,0.6015239605355884,0.6192660550458715,0.6215802412863433,0.6007751937984496,0.6032574743418118,0.6703703703703704,0.536144578313253,1.7401103507774571,0.2273122483354153,0.1325532209221183,0.5715786224868553,0.4968297889647481,"[[181, 89], [77, 89]]",56.82760953903198,/workspace/Sarcasm_detection/03_checkpoints/18_multiseed_cross_corpus/vanilla/banglasarc3_binary/best_by_validation,04_outputs/predictions/18_multiseed_cross_corpus/18_vanilla_banglasarc3_binary_seed123_to_banglasarc_binary.csv,NB18,1,"[""banglasarc3_binary""]",True,
18_vanilla_banglasarc3_binary_seed123,vanilla,BanglaBERT standard classification head,False,,csebuetnlp/banglabert,banglasarc3_binary,banglasarc3_binary,123,True,6328.0,791.0,791,0,0,791,0.7610237523198435,0.7610619469026548,0.7593789225606475,0.7597977243994943,0.7593916135254613,0.7615116758064931,0.7597461961386012,0.8005050505050505,0.7189873417721518,1.7401103507774571,0.1164277145175266,0.0432602759231859,0.3615528951420674,0.3339272858004451,"[[317, 79], [111, 284]]",56.82760953903198,/workspace/Sarcasm_detection/03_checkpoints/18_multiseed_cross_corpus/vanilla/banglasarc3_binary/best_by_validation,04_outputs/predictions/18_multiseed_cross_corpus/18_vanilla_banglasarc3_binary_seed123_to_banglasarc3_binary.csv,NB18,1,"[""banglasarc3_binary""]",False,
18_vanilla_banglasarc3_binary_seed2024,vanilla,BanglaBERT standard classification head,False,,csebuetnlp/banglabert,banglasarc3_binary,ben_sarc_binary,2024,False,6328.0,791.0,2563,0,0,2563,0.7582723338213294,0.7585335018963337,0.6710739493549076,0.6718689036285603,0.6710802585158097,0.6735139182977845,0.6718498248126646,0.6229508196721312,0.7207488299531981,2.507431301094775,0.2278210516343617,0.0724950398869151,0.5246809880394597,0.4261345127479085,"[[798, 483], [358, 924]]",69.54331970214844,/workspace/Sarcasm_detection/03_checkpoints/18_multiseed_cross_corpus/vanilla/banglasarc3_binary/best_by_validation,04_outputs/predictions/18_multiseed_cross_corpus/18_vanilla_banglasarc3_binary_seed2024_to_ben_sarc_binary.csv,NB18,1,"[""banglasarc3_binary""]",True,
18_vanilla_banglasarc3_binary_seed2024,vanilla,BanglaBERT standard classification head,False,,csebuetnlp/banglabert,banglasarc3_binary,banglasarc_binary,2024,False,6328.0,791.0,464,24,28,436,0.7582723338213294,0.7585335018963337,0.6353629913400058,0.6444954128440367,0.6491278005634725,0.636022017571716,0.643351182507809,0.6481481481481481,0.6385542168674698,2.507431301094775,0.2628563145394431,0.1167197136274198,0.5980995949673138,0.4807902065684026,"[[175, 95], [60, 106]]",69.54331970214844,/workspace/Sarcasm_detection/03_checkpoints/18_multiseed_cross_corpus/vanilla/banglasarc3_binary/best_by_validation,04_outputs/predictions/18_multiseed_cross_corpus/18_vanilla_banglasarc3_binary_seed2024_to_banglasarc_binary.csv,NB18,1,"[""banglasarc3_binary""]",True,
18_vanilla_banglasarc3_binary_seed2024,vanilla,BanglaBERT standard classification head,False,,csebuetnlp/banglabert,banglasarc3_binary,banglasarc3_binary,2024,True,6328.0,791.0,791,0,0,791,0.7582723338213294,0.7585335018963337,0.7635767887540059,0.7635903919089759,0.763574521561511,0.7636719998976839,0.7636012018923412,0.7550505050505051,0.7721518987341772,2.507431301094775,0.1596511671382909,0.056513902880602,0.3912392591850401,0.3341125403186992,"[[299, 97], [90, 305]]",69.54331970214844,/workspace/Sarcasm_detection/03_checkpoints/18_multiseed_cross_corpus/vanilla/banglasarc3_binary/best_by_validation,04_outputs/predictions/18_multiseed_cross_corpus/18_vanilla_banglasarc3_binary_seed2024_to_banglasarc3_binary.csv,NB18,1,"[""banglasarc3_binary""]",False,
18_fgm_ben_sarc_binary_seed42,fgm,BanglaBERT standard classification head,True,0.5,csebuetnlp/banglabert,ben_sarc_binary,ben_sarc_binary,42,True,20498.0,2562.0,2563,0,0,2563,0.7997284315911071,0.7997658079625293,0.7993401010898598,0.7994537651190011,0.7993382377451197,0.8001544132905289,0.7994631729063073,0.8235753317720531,0.7753510140405616,2.1619401374246965,0.1236825674030202,0.0265989201521727,0.3258922488334326,0.2899277090937909,"[[1055, 226], [288, 994]]",311.8098857402801,/workspace/Sarcasm_detection/03_checkpoints/18_multiseed_cross_corpus/fgm/ben_sarc_binary/best_by_validation,04_outputs/predictions/18_multiseed_cross_corpus/18_fgm_ben_sarc_binary_seed42_to_ben_sarc_binary.csv,NB18,1,"[""ben_sarc_binary""]",False,
18_fgm_ben_sarc_binary_seed42,fgm,BanglaBERT standard classification head,True,0.5,csebuetnlp/banglabert,ben_sarc_binary,banglasarc_binary,42,False,20498.0,2562.0,464,0,0,464,0.7997284315911071,0.7997658079625293,0.650987864807943,0.6767241379310345,0.6779496747464198,0.6499681427206117,0.6522600468990054,0.738255033557047,0.5662650602409639,2.1619401374246965,0.2467872208446629,0.1315662095365299,0.5521566438912444,0.4553765811592303,"[[220, 78], [72, 94]]",311.8098857402801,/workspace/Sarcasm_detection/03_checkpoints/18_multiseed_cross_corpus/fgm/ben_sarc_binary/best_by_validation,04_outputs/predictions/18_multiseed_cross_corpus/18_fgm_ben_sarc_binary_seed42_to_banglasarc_binary.csv,NB18,1,"[""ben_sarc_binary""]",True,
18_fgm_ben_sarc_binary_seed42,fgm,BanglaBERT standard classification head,True,0.5,csebuetnlp/banglabert,ben_sarc_binary,banglasarc3_binary,42,False,20498.0,2562.0,791,0,0,791,0.7997284315911071,0.7997658079625293,0.6583710841523341,0.6586599241466498,0.6583836424129565,0.65913901253255,0.658624216852065,0.6868686868686869,0.6303797468354431,2.1619401374246965,0.2548270605267655,0.1368715399250718,0.5706549485965715,0.4679394932856656,"[[272, 124], [146, 249]]",311.8098857402801,/workspace/Sarcasm_detection/03_checkpoints/18_multiseed_cross_corpus/fgm/ben_sarc_binary/best_by_validation,04_outputs/predictions/18_multiseed_cross_corpus/18_fgm_ben_sarc_binary_seed42_to_banglasarc3_binary.csv,NB18,1,"[""ben_sarc_binary""]",True,
18_fgm_ben_sarc_binary_seed1,fgm,BanglaBERT standard classification head,True,0.5,csebuetnlp/banglabert,ben_sarc_binary,ben_sarc_binary,1,True,20498.0,2562.0,2563,0,0,2563,0.8118492190171116,0.8118657298985168,0.8033099005884783,0.8033554428404214,0.8033110683385281,0.8036236256369,0.8033496281303243,0.7884465261514442,0.8182527301092044,0.9557801375490526,0.0190878755358264,0.0156504976534048,0.2729537993002531,0.2729137843327896,"[[1010, 271], [233, 1049]]",202.5794668197632,/workspace/Sarcasm_detection/03_checkpoints/18_multiseed_cross_corpus/fgm/ben_sarc_binary/best_by_validation,04_outputs/predictions/18_multiseed_cross_corpus/18_fgm_ben_sarc_binary_seed1_to_ben_sarc_binary.csv,NB18,1,"[""ben_sarc_binary""]",False,
18_fgm_ben_sarc_binary_seed1,fgm,BanglaBERT standard classification head,True,0.5,csebuetnlp/banglabert,ben_sarc_binary,banglasarc_binary,1,False,20498.0,2562.0,464,0,0,464,0.8118492190171116,0.8118657298985168,0.5933391761612621,0.6293103448275862,0.6277463809725287,0.5942434210526316,0.5926659658769305,0.7214765100671141,0.463855421686747,0.9557801375490526,0.1569097079233782,0.1663689135580034,0.4911684777737714,0.4964352659091615,"[[215, 83], [89, 77]]",202.5794668197632,/workspace/Sarcasm_detection/03_checkpoints/18_multiseed_cross_corpus/fgm/ben_sarc_binary/best_by_validation,04_outputs/predictions/18_multiseed_cross_corpus/18_fgm_ben_sarc_binary_seed1_to_banglasarc_binary.csv,NB18,1,"[""ben_sarc_binary""]",True,
18_fgm_ben_sarc_binary_seed1,fgm,BanglaBERT standard classification head,True,0.5,csebuetnlp/banglabert,ben_sarc_binary,banglasarc3_binary,1,False,20498.0,2562.0,791,0,0,791,0.8118492190171116,0.8118657298985168,0.6509803169243755,0.6510745891276865,0.6509730652164285,0.6512724177216811,0.6510964071090654,0.6338383838383839,0.6683544303797468,0.9557801375490526,0.1383406951812091,0.143787491964133,0.4699314170303824,0.4744429875813742,"[[251, 145], [131, 264]]",202.5794668197632,/workspace/Sarcasm_detection/03_checkpoints/18_multiseed_cross_corpus/fgm/ben_sarc_binary/best_by_validation,04_outputs/predictions/18_multiseed_cross_corpus/18_fgm_ben_sarc_binary_seed1_to_banglasarc3_binary.csv,NB18,1,"[""ben_sarc_binary""]",True,
18_fgm_ben_sarc_binary_seed7,fgm,BanglaBERT standard classification head,True,0.5,csebuetnlp/banglabert,ben_sarc_binary,ben_sarc_binary,7,True,20498.0,2562.0,2563,0,0,2563,0.7989660256651501,0.7989851678376269,0.794728972531823,0.794771751853297,0.7947301287297006,0.7950055152324016,0.7947662402983239,0.78064012490242,0.8088923556942278,0.878149493489612,0.0239887139421998,0.0241322512486738,0.2879233839541142,0.2875683090163635,"[[1000, 281], [245, 1037]]",149.32849740982056,/workspace/Sarcasm_detection/03_checkpoints/18_multiseed_cross_corpus/fgm/ben_sarc_binary/best_by_validation,04_outputs/predictions/18_multiseed_cross_corpus/18_fgm_ben_sarc_binary_seed7_to_ben_sarc_binary.csv,NB18,1,"[""ben_sarc_binary""]",False,
18_fgm_ben_sarc_binary_seed7,fgm,BanglaBERT standard classification head,True,0.5,csebuetnlp/banglabert,ben_sarc_binary,banglasarc_binary,7,False,20498.0,2562.0,464,0,0,464,0.7989660256651501,0.7989851678376269,0.5862493081606297,0.625,0.622271078039481,0.5878288378288379,0.5853076736476106,0.7248322147651006,0.4457831325301205,0.878149493489612,0.1439433284411818,0.1609828793779662,0.4814995061058309,0.4964526336164928,"[[216, 82], [92, 74]]",149.32849740982056,/workspace/Sarcasm_detection/03_checkpoints/18_multiseed_cross_corpus/fgm/ben_sarc_binary/best_by_validation,04_outputs/predictions/18_multiseed_cross_corpus/18_fgm_ben_sarc_binary_seed7_to_banglasarc_binary.csv,NB18,1,"[""ben_sarc_binary""]",True,
18_fgm_ben_sarc_binary_seed7,fgm,BanglaBERT standard classification head,True,0.5,csebuetnlp/banglabert,ben_sarc_binary,banglasarc3_binary,7,False,20498.0,2562.0,791,0,0,791,0.7989660256651501,0.7989851678376269,0.648545582406342,0.6485461441213654,0.6485450206913185,0.6485506783106803,0.6485487789285258,0.6464646464646465,0.6506329113924051,0.878149493489612,0.1185662289802831,0.1383026679446616,0.4602409293951431,0.4723337900536967,"[[256, 140], [138, 257]]",149.32849740982056,/workspace/Sarcasm_detection/03_checkpoints/18_multiseed_cross_corpus/fgm/ben_sarc_binary/best_by_validation,04_outputs/predictions/18_multiseed_cross_corpus/18_fgm_ben_sarc_binary_seed7_to_banglasarc3_binary.csv,NB18,1,"[""ben_sarc_binary""]",True,
18_fgm_ben_sarc_binary_seed123,fgm,BanglaBERT standard classification head,True,0.5,csebuetnlp/banglabert,ben_sarc_binary,ben_sarc_binary,123,True,20498.0,2562.0,2563,0,0,2563,0.8039846714331698,0.8040593286494926,0.7993166252315491,0.7994537651190011,0.7993145783675573,0.8002971876171623,0.799464086291789,0.8259172521467604,0.7730109204368175,1.1026411343341702,0.0274761872581591,0.0206131331205611,0.2813434518636252,0.2805614733680177,"[[1058, 223], [291, 991]]",198.31039118766785,/workspace/Sarcasm_detection/03_checkpoints/18_multiseed_cross_corpus/fgm/ben_sarc_binary/best_by_validation,04_outputs/predictions/18_multiseed_cross_corpus/18_fgm_ben_sarc_binary_seed123_to_ben_sarc_binary.csv,NB18,1,"[""ben_sarc_binary""]",False,
18_fgm_ben_sarc_binary_seed123,fgm,BanglaBERT standard classification head,True,0.5,csebuetnlp/banglabert,ben_sarc_binary,banglasarc_binary,123,False,20498.0,2562.0,464,0,0,464,0.8039846714331698,0.8040593286494926,0.5938993759548409,0.6357758620689655,0.630998007948562,0.5973473953339725,0.5923627395487993,0.7449664429530202,0.4397590361445783,1.1026411343341702,0.16503803055156,0.1640998540973167,0.4823481484322616,0.4709229765736697,"[[222, 76], [93, 73]]",198.31039118766785,/workspace/Sarcasm_detection/03_checkpoints/18_multiseed_cross_corpus/fgm/ben_sarc_binary/best_by_validation,04_outputs/predictions/18_multiseed_cross_corpus/18_fgm_ben_sarc_binary_seed123_to_banglasarc_binary.csv,NB18,1,"[""ben_sarc_binary""]",True,
18_fgm_ben_sarc_binary_seed123,fgm,BanglaBERT standard classification head,True,0.5,csebuetnlp/banglabert,ben_sarc_binary,banglasarc3_binary,123,False,20498.0,2562.0,791,0,0,791,0.8039846714331698,0.8040593286494926,0.6521164084627551,0.6523388116308471,0.6521275286211597,0.6526788003076134,0.6523078890167497,0.6767676767676768,0.6278481012658228,1.1026411343341702,0.1544790092505527,0.1386616247083747,0.4847014722009275,0.4741348649496966,"[[268, 128], [147, 248]]",198.31039118766785,/workspace/Sarcasm_detection/03_checkpoints/18_multiseed_cross_corpus/fgm/ben_sarc_binary/best_by_validation,04_outputs/predictions/18_multiseed_cross_corpus/18_fgm_ben_sarc_binary_seed123_to_banglasarc3_binary.csv,NB18,1,"[""ben_sarc_binary""]",True,
18_fgm_ben_sarc_binary_seed2024,fgm,BanglaBERT standard classification head,True,0.5,csebuetnlp/banglabert,ben_sarc_binary,ben_sarc_binary,2024,True,20498.0,2562.0,2563,0,0,2563,0.8010649568777131,0.8013270882123341,0.7952940301383026,0.795552087397581,0.7952911943442446,0.7970805510842356,0.795566061518339,0.8313817330210773,0.7597503900156006,1.0799909934619127,0.0252651451827808,0.0203296138201151,0.2844707531553774,0.2839858326417273,"[[1065, 216], [308, 974]]",198.2996814250946,/workspace/Sarcasm_detection/03_checkpoints/18_multiseed_cross_corpus/fgm/ben_sarc_binary/best_by_validation,04_outputs/predictions/18_multiseed_cross_corpus/18_fgm_ben_sarc_binary_seed2024_to_ben_sarc_binary.csv,NB18,1,"[""ben_sarc_binary""]",False,
18_fgm_ben_sarc_binary_seed2024,fgm,BanglaBERT standard classification head,True,0.5,csebuetnlp/banglabert,ben_sarc_binary,banglasarc_binary,2024,False,20498.0,2562.0,464,0,0,464,0.8010649568777131,0.8013270882123341,0.553445241424781,0.6099137931034483,0.5986200827677147,0.5601730913386185,0.5535497695479906,0.7516778523489933,0.3554216867469879,1.0799909934619127,0.1977122982119502,0.185821546041562,0.5169492451878243,0.5060971493694166,"[[224, 74], [107, 59]]",198.2996814250946,/workspace/Sarcasm_detection/03_checkpoints/18_multiseed_cross_corpus/fgm/ben_sarc_binary/best_by_validation,04_outputs/predictions/18_multiseed_cross_corpus/18_fgm_ben_sarc_binary_seed2024_to_banglasarc_binary.csv,NB18,1,"[""ben_sarc_binary""]",True,
18_fgm_ben_sarc_binary_seed2024,fgm,BanglaBERT standard classification head,True,0.5,csebuetnlp/banglabert,ben_sarc_binary,banglasarc3_binary,2024,False,20498.0,2562.0,791,0,0,791,0.8010649568777131,0.8013270882123341,0.6351055241609964,0.6359039190897599,0.6351271024023144,0.6370125348189415,0.6358457997698503,0.6818181818181818,0.589873417721519,1.0799909934619127,0.1609027448892928,0.1485569094432221,0.4901345552930419,0.4816007714659833,"[[270, 126], [162, 233]]",198.2996814250946,/workspace/Sarcasm_detection/03_checkpoints/18_multiseed_cross_corpus/fgm/ben_sarc_binary/best_by_validation,04_outputs/predictions/18_multiseed_cross_corpus/18_fgm_ben_sarc_binary_seed2024_to_banglasarc3_binary.csv,NB18,1,"[""ben_sarc_binary""]",True,
18_fgm_banglasarc_binary_seed42,fgm,BanglaBERT standard classification head,True,0.5,csebuetnlp/banglabert,banglasarc_binary,ben_sarc_binary,42,False,3708.0,463.0,2563,0,0,2563,0.9859866828087168,0.9870410367170628,0.349436832216803,0.4990245805696449,0.3493151172059382,0.4900859296020586,0.4992117483294179,0.9789227166276346,0.0195007800312012,1.3721973094667952,0.4946896082301297,0.4880868696180948,0.9916609607855756,0.9791336492847428,"[[1254, 27], [1257, 25]]",74.61661577224731,/workspace/Sarcasm_detection/03_checkpoints/18_multiseed_cross_corpus/fgm/banglasarc_binary/best_by_validation,04_outputs/predictions/18_multiseed_cross_corpus/18_fgm_banglasarc_binary_seed42_to_ben_sarc_binary.csv,NB18,1,"[""banglasarc_binary""]",True,
18_fgm_banglasarc_binary_seed42,fgm,BanglaBERT standard classification head,True,0.5,csebuetnlp/banglabert,banglasarc_binary,banglasarc_binary,42,True,3708.0,463.0,464,0,0,464,0.9859866828087168,0.9870410367170628,0.9789234612764024,0.980603448275862,0.9806162726041024,0.9782959333857536,0.9795625454839492,0.9832214765100672,0.9759036144578314,1.3721973094667952,0.0140200594108121,0.0093136180589804,0.0288447308898107,0.0273603197151216,"[[293, 5], [4, 162]]",74.61661577224731,/workspace/Sarcasm_detection/03_checkpoints/18_multiseed_cross_corpus/fgm/banglasarc_binary/best_by_validation,04_outputs/predictions/18_multiseed_cross_corpus/18_fgm_banglasarc_binary_seed42_to_banglasarc_binary.csv,NB18,1,"[""banglasarc_binary""]",False,
18_fgm_banglasarc_binary_seed42,fgm,BanglaBERT standard classification head,True,0.5,csebuetnlp/banglabert,banglasarc_binary,banglasarc3_binary,42,False,3708.0,463.0,791,25,29,762,0.9859866828087168,0.9870410367170628,0.3392115976566379,0.484251968503937,0.3310860866848004,0.4569327731092437,0.4968909631120701,0.9784366576819408,0.0153452685421994,1.3721973094667952,0.5106211848609206,0.5040413636680549,1.0192601650372246,1.0056469254728753,"[[363, 8], [385, 6]]",74.61661577224731,/workspace/Sarcasm_detection/03_checkpoints/18_multiseed_cross_corpus/fgm/banglasarc_binary/best_by_validation,04_outputs/predictions/18_multiseed_cross_corpus/18_fgm_banglasarc_binary_seed42_to_banglasarc3_binary.csv,NB18,1,"[""banglasarc_binary""]",True,
18_fgm_banglasarc_binary_seed1,fgm,BanglaBERT standard classification head,True,0.5,csebuetnlp/banglabert,banglasarc_binary,ben_sarc_binary,1,False,3708.0,463.0,2563,0,0,2563,0.978841808626774,0.980561555075594,0.3418673206772885,0.4994147483417869,0.34174168477006,0.49054357985746,0.4996057219337954,0.989071038251366,0.0101404056162246,1.0264559570990106,0.4918977092854457,0.4911803140632413,0.9829386517181378,0.9815557934021676,"[[1267, 14], [1269, 13]]",54.17482042312622,/workspace/Sarcasm_detection/03_checkpoints/18_multiseed_cross_corpus/fgm/banglasarc_binary/best_by_validation,04_outputs/predictions/18_multiseed_cross_corpus/18_fgm_banglasarc_binary_seed1_to_ben_sarc_binary.csv,NB18,1,"[""banglasarc_binary""]",True,
18_fgm_banglasarc_binary_seed1,fgm,BanglaBERT standard classification head,True,0.5,csebuetnlp/banglabert,banglasarc_binary,banglasarc_binary,1,True,3708.0,463.0,464,0,0,464,0.978841808626774,0.980561555075594,0.9835633353069476,0.9849137931034484,0.9849036392854296,0.9842201276983886,0.9829182501819358,0.9899328859060402,0.9759036144578314,1.0264559570990106,0.0106208397112498,0.0084058845748576,0.0277180078879189,0.0276702736535234,"[[295, 3], [4, 162]]",54.17482042312622,/workspace/Sarcasm_detection/03_checkpoints/18_multiseed_cross_corpus/fgm/banglasarc_binary/best_by_validation,04_outputs/predictions/18_multiseed_cross_corpus/18_fgm_banglasarc_binary_seed1_to_banglasarc_binary.csv,NB18,1,"[""banglasarc_binary""]",False,
18_fgm_banglasarc_binary_seed1,fgm,BanglaBERT standard classification head,True,0.5,csebuetnlp/banglabert,banglasarc_binary,banglasarc3_binary,1,False,3708.0,463.0,791,25,29,762,0.978841808626774,0.980561555075594,0.3340872873078702,0.4868766404199475,0.3257152679592632,0.4933862433862434,0.4997931904509137,0.9919137466307276,0.0076726342710997,1.0264559570990106,0.5055636804569944,0.5033082789710188,1.0084557082620949,1.0069919906223064,"[[368, 3], [388, 3]]",54.17482042312622,/workspace/Sarcasm_detection/03_checkpoints/18_multiseed_cross_corpus/fgm/banglasarc_binary/best_by_validation,04_outputs/predictions/18_multiseed_cross_corpus/18_fgm_banglasarc_binary_seed1_to_banglasarc3_binary.csv,NB18,1,"[""banglasarc_binary""]",True,
18_fgm_banglasarc_binary_seed7,fgm,BanglaBERT standard classification head,True,0.5,csebuetnlp/banglabert,banglasarc_binary,ben_sarc_binary,7,False,3708.0,463.0,2563,0,0,2563,0.9882766408904688,0.9892008639308856,0.351595164227209,0.5021459227467812,0.351473260779015,0.5331053186160197,0.5023340043672004,0.9843871975019516,0.0202808112324493,1.3122591148112537,0.494301798797328,0.4903591123705489,0.9907003139381672,0.9845298784948532,"[[1261, 20], [1256, 26]]",86.47926616668701,/workspace/Sarcasm_detection/03_checkpoints/18_multiseed_cross_corpus/fgm/banglasarc_binary/best_by_validation,04_outputs/predictions/18_multiseed_cross_corpus/18_fgm_banglasarc_binary_seed7_to_ben_sarc_binary.csv,NB18,1,"[""banglasarc_binary""]",True,
18_fgm_banglasarc_binary_seed7,fgm,BanglaBERT standard classification head,True,0.5,csebuetnlp/banglabert,banglasarc_binary,banglasarc_binary,7,True,3708.0,463.0,464,0,0,464,0.9882766408904688,0.9892008639308856,0.9835633353069476,0.9849137931034484,0.9849036392854296,0.9842201276983886,0.9829182501819358,0.9899328859060402,0.9759036144578314,1.3122591148112537,0.0143864466155824,0.0114257656663946,0.0268839847077448,0.0261694425780167,"[[295, 3], [4, 162]]",86.47926616668701,/workspace/Sarcasm_detection/03_checkpoints/18_multiseed_cross_corpus/fgm/banglasarc_binary/best_by_validation,04_outputs/predictions/18_multiseed_cross_corpus/18_fgm_banglasarc_binary_seed7_to_banglasarc_binary.csv,NB18,1,"[""banglasarc_binary""]",False,
18_fgm_banglasarc_binary_seed7,fgm,BanglaBERT standard classification head,True,0.5,csebuetnlp/banglabert,banglasarc_binary,banglasarc3_binary,7,False,3708.0,463.0,791,25,29,762,0.9882766408904688,0.9892008639308856,0.3316130866067245,0.4816272965879265,0.323302050042669,0.3920212765957447,0.4944023548713989,0.981132075471698,0.0076726342710997,1.3122591148112537,0.5153166852500581,0.511787498068287,1.028216478898807,1.0205950565728696,"[[364, 7], [388, 3]]",86.47926616668701,/workspace/Sarcasm_detection/03_checkpoints/18_multiseed_cross_corpus/fgm/banglasarc_binary/best_by_validation,04_outputs/predictions/18_multiseed_cross_corpus/18_fgm_banglasarc_binary_seed7_to_banglasarc3_binary.csv,NB18,1,"[""banglasarc_binary""]",True,
18_fgm_banglasarc_binary_seed123,fgm,BanglaBERT standard classification head,True,0.5,csebuetnlp/banglabert,banglasarc_binary,ben_sarc_binary,123,False,3708.0,463.0,2563,0,0,2563,0.9906089002474544,0.9913606911447084,0.3454973131070887,0.4974639094810769,0.3453742632314822,0.4666960321984419,0.497651990388749,0.9797033567525372,0.0156006240249609,1.2821911501259728,0.4990850574286158,0.4955271291635299,0.998311644649054,0.991948520715926,"[[1255, 26], [1262, 20]]",86.24877166748047,/workspace/Sarcasm_detection/03_checkpoints/18_multiseed_cross_corpus/fgm/banglasarc_binary/best_by_validation,04_outputs/predictions/18_multiseed_cross_corpus/18_fgm_banglasarc_binary_seed123_to_ben_sarc_binary.csv,NB18,1,"[""banglasarc_binary""]",True,
18_fgm_banglasarc_binary_seed123,fgm,BanglaBERT standard classification head,True,0.5,csebuetnlp/banglabert,banglasarc_binary,banglasarc_binary,123,True,3708.0,463.0,464,0,0,464,0.9906089002474544,0.9913606911447084,0.9834730087977732,0.9849137931034484,0.984861209734628,0.9869934198388784,0.9802498584943802,0.9966442953020134,0.963855421686747,1.2821911501259728,0.0140529436038301,0.0103710980877161,0.0296621366587008,0.0288061994488549,"[[297, 1], [6, 160]]",86.24877166748047,/workspace/Sarcasm_detection/03_checkpoints/18_multiseed_cross_corpus/fgm/banglasarc_binary/best_by_validation,04_outputs/predictions/18_multiseed_cross_corpus/18_fgm_banglasarc_binary_seed123_to_banglasarc_binary.csv,NB18,1,"[""banglasarc_binary""]",False,
18_fgm_banglasarc_binary_seed123,fgm,BanglaBERT standard classification head,True,0.5,csebuetnlp/banglabert,banglasarc_binary,banglasarc3_binary,123,False,3708.0,463.0,791,25,29,762,0.9906089002474544,0.9913606911447084,0.336870855163919,0.4881889763779528,0.3285566726796315,0.5294228949858089,0.5010719628294303,0.9919137466307276,0.0102301790281329,1.2821911501259728,0.5092519206046217,0.5061517784891758,1.0180663770975045,1.0120403070963928,"[[368, 3], [387, 4]]",86.24877166748047,/workspace/Sarcasm_detection/03_checkpoints/18_multiseed_cross_corpus/fgm/banglasarc_binary/best_by_validation,04_outputs/predictions/18_multiseed_cross_corpus/18_fgm_banglasarc_binary_seed123_to_banglasarc3_binary.csv,NB18,1,"[""banglasarc_binary""]",True,
18_fgm_banglasarc_binary_seed2024,fgm,BanglaBERT standard classification head,True,0.5,csebuetnlp/banglabert,banglasarc_binary,ben_sarc_binary,2024,False,3708.0,463.0,2563,0,0,2563,0.9882766408904688,0.9892008639308856,0.3416846704114455,0.4990245805696449,0.3415590998526601,0.4818469991546915,0.4992154018713441,0.9882903981264636,0.0101404056162246,1.233923614259369,0.4986151727562723,0.4956738057542841,0.996562378422468,0.9913788656574392,"[[1266, 15], [1269, 13]]",75.45570731163025,/workspace/Sarcasm_detection/03_checkpoints/18_multiseed_cross_corpus/fgm/banglasarc_binary/best_by_validation,04_outputs/predictions/18_multiseed_cross_corpus/18_fgm_banglasarc_binary_seed2024_to_ben_sarc_binary.csv,NB18,1,"[""banglasarc_binary""]",True,
18_fgm_banglasarc_binary_seed2024,fgm,BanglaBERT standard classification head,True,0.5,csebuetnlp/banglabert,banglasarc_binary,banglasarc_binary,2024,True,3708.0,463.0,464,0,0,464,0.9882766408904688,0.9892008639308856,0.9787510113114228,0.980603448275862,0.9805358410873788,0.9822376647602648,0.975559957952616,0.9932885906040269,0.9578313253012049,1.233923614259369,0.0171273695389963,0.0139466409081334,0.0328636696139203,0.0315228021328636,"[[296, 2], [7, 159]]",75.45570731163025,/workspace/Sarcasm_detection/03_checkpoints/18_multiseed_cross_corpus/fgm/banglasarc_binary/best_by_validation,04_outputs/predictions/18_multiseed_cross_corpus/18_fgm_banglasarc_binary_seed2024_to_banglasarc_binary.csv,NB18,1,"[""banglasarc_binary""]",False,
18_fgm_banglasarc_binary_seed2024,fgm,BanglaBERT standard classification head,True,0.5,csebuetnlp/banglabert,banglasarc_binary,banglasarc3_binary,2024,False,3708.0,463.0,791,25,29,762,0.9882766408904688,0.9892008639308856,0.328483815631622,0.484251968503937,0.3199950879546566,0.3677440633245382,0.4972356456938805,0.9919137466307276,0.0025575447570332,1.233923614259369,0.5119527563093518,0.5091974553073194,1.0244712772681348,1.019064380866572,"[[368, 3], [390, 1]]",75.45570731163025,/workspace/Sarcasm_detection/03_checkpoints/18_multiseed_cross_corpus/fgm/banglasarc_binary/best_by_validation,04_outputs/predictions/18_multiseed_cross_corpus/18_fgm_banglasarc_binary_seed2024_to_banglasarc3_binary.csv,NB18,1,"[""banglasarc_binary""]",True,
18_fgm_banglasarc3_binary_seed42,fgm,BanglaBERT standard classification head,True,0.5,csebuetnlp/banglabert,banglasarc3_binary,ben_sarc_binary,42,False,6328.0,791.0,2563,0,0,2563,0.7709872095117997,0.7724399494310998,0.6715615579090033,0.6777214202106906,0.6715791073742502,0.6920333923042901,0.6776680903301706,0.5409836065573771,0.8143525741029641,1.1483324777943351,0.0908388501561142,0.0676371560446336,0.4346575444836856,0.4261512642363939,"[[693, 588], [238, 1044]]",70.29743361473083,/workspace/Sarcasm_detection/03_checkpoints/18_multiseed_cross_corpus/fgm/banglasarc3_binary/best_by_validation,04_outputs/predictions/18_multiseed_cross_corpus/18_fgm_banglasarc3_binary_seed42_to_ben_sarc_binary.csv,NB18,1,"[""banglasarc3_binary""]",True,
18_fgm_banglasarc3_binary_seed42,fgm,BanglaBERT standard classification head,True,0.5,csebuetnlp/banglabert,banglasarc3_binary,banglasarc_binary,42,False,6328.0,791.0,464,24,28,436,0.7709872095117997,0.7724399494310998,0.6000106058597375,0.6032110091743119,0.6085450146986027,0.6107169253510717,0.6169790272199911,0.5592592592592592,0.6746987951807228,1.1483324777943351,0.1499702629199097,0.1298436192245472,0.5139683109376966,0.4996405059623752,"[[151, 119], [54, 112]]",70.29743361473083,/workspace/Sarcasm_detection/03_checkpoints/18_multiseed_cross_corpus/fgm/banglasarc3_binary/best_by_validation,04_outputs/predictions/18_multiseed_cross_corpus/18_fgm_banglasarc3_binary_seed42_to_banglasarc_binary.csv,NB18,1,"[""banglasarc3_binary""]",True,
18_fgm_banglasarc3_binary_seed42,fgm,BanglaBERT standard classification head,True,0.5,csebuetnlp/banglabert,banglasarc3_binary,banglasarc3_binary,42,True,6328.0,791.0,791,0,0,791,0.7709872095117997,0.7724399494310998,0.7623995052566481,0.7635903919089759,0.7623782394235709,0.7691740412979351,0.7636811149469378,0.6919191919191919,0.8354430379746836,1.1483324777943351,0.0470315087150183,0.0379136695040398,0.3212818450566851,0.3197552014164039,"[[274, 122], [65, 330]]",70.29743361473083,/workspace/Sarcasm_detection/03_checkpoints/18_multiseed_cross_corpus/fgm/banglasarc3_binary/best_by_validation,04_outputs/predictions/18_multiseed_cross_corpus/18_fgm_banglasarc3_binary_seed42_to_banglasarc3_binary.csv,NB18,1,"[""banglasarc3_binary""]",False,
18_fgm_banglasarc3_binary_seed1,fgm,BanglaBERT standard classification head,True,0.5,csebuetnlp/banglabert,banglasarc3_binary,ben_sarc_binary,1,False,6328.0,791.0,2563,0,0,2563,0.7657354356070611,0.7661188369152971,0.6733434632594297,0.6742099102614124,0.6733500272518689,0.6760435705714022,0.6741899184164089,0.6229508196721312,0.7254290171606864,1.4531159002140597,0.1369396904088622,0.0723254763485213,0.458944872149556,0.4295704399559107,"[[798, 483], [352, 930]]",87.68923020362854,/workspace/Sarcasm_detection/03_checkpoints/18_multiseed_cross_corpus/fgm/banglasarc3_binary/best_by_validation,04_outputs/predictions/18_multiseed_cross_corpus/18_fgm_banglasarc3_binary_seed1_to_ben_sarc_binary.csv,NB18,1,"[""banglasarc3_binary""]",True,
18_fgm_banglasarc3_binary_seed1,fgm,BanglaBERT standard classification head,True,0.5,csebuetnlp/banglabert,banglasarc3_binary,banglasarc_binary,1,False,6328.0,791.0,464,24,28,436,0.7657354356070611,0.7661188369152971,0.6489476101699495,0.658256880733945,0.6625837247989007,0.6489939147212858,0.6567826863007586,0.662962962962963,0.6506024096385542,1.4531159002140597,0.176451361503175,0.1234031831993335,0.5233394561913616,0.481865882196224,"[[179, 91], [58, 108]]",87.68923020362854,/workspace/Sarcasm_detection/03_checkpoints/18_multiseed_cross_corpus/fgm/banglasarc3_binary/best_by_validation,04_outputs/predictions/18_multiseed_cross_corpus/18_fgm_banglasarc3_binary_seed1_to_banglasarc_binary.csv,NB18,1,"[""banglasarc3_binary""]",True,
18_fgm_banglasarc3_binary_seed1,fgm,BanglaBERT standard classification head,True,0.5,csebuetnlp/banglabert,banglasarc3_binary,banglasarc3_binary,1,True,6328.0,791.0,791,0,0,791,0.7657354356070611,0.7661188369152971,0.7661053792486154,0.7661188369152971,0.7661031363041685,0.7662011280359129,0.7661296509397775,0.7575757575757576,0.7746835443037975,1.4531159002140597,0.069567316088735,0.0356138967872751,0.3266374375146594,0.3164366218545241,"[[300, 96], [89, 306]]",87.68923020362854,/workspace/Sarcasm_detection/03_checkpoints/18_multiseed_cross_corpus/fgm/banglasarc3_binary/best_by_validation,04_outputs/predictions/18_multiseed_cross_corpus/18_fgm_banglasarc3_binary_seed1_to_banglasarc3_binary.csv,NB18,1,"[""banglasarc3_binary""]",False,
18_fgm_banglasarc3_binary_seed7,fgm,BanglaBERT standard classification head,True,0.5,csebuetnlp/banglabert,banglasarc3_binary,ben_sarc_binary,7,False,6328.0,791.0,2563,0,0,2563,0.7559488887148162,0.7560050568900126,0.6752562488898105,0.6757705813499805,0.6752612913649102,0.6768646518867115,0.6757551566699671,0.6362217017954723,0.7152886115444618,1.5818630088765862,0.1412760107445494,0.0609627238018968,0.4604723743048249,0.4251808657859137,"[[815, 466], [365, 917]]",87.40963912010193,/workspace/Sarcasm_detection/03_checkpoints/18_multiseed_cross_corpus/fgm/banglasarc3_binary/best_by_validation,04_outputs/predictions/18_multiseed_cross_corpus/18_fgm_banglasarc3_binary_seed7_to_ben_sarc_binary.csv,NB18,1,"[""banglasarc3_binary""]",True,
18_fgm_banglasarc3_binary_seed7,fgm,BanglaBERT standard classification head,True,0.5,csebuetnlp/banglabert,banglasarc3_binary,banglasarc_binary,7,False,6328.0,791.0,464,24,28,436,0.7559488887148162,0.7560050568900126,0.6698970321017566,0.6788990825688074,0.6828999938874967,0.6693829046770223,0.6780901383311022,0.6814814814814815,0.6746987951807228,1.5818630088765862,0.1484412091317639,0.0849951160500651,0.4740679664028376,0.4360676825591004,"[[184, 86], [54, 112]]",87.40963912010193,/workspace/Sarcasm_detection/03_checkpoints/18_multiseed_cross_corpus/fgm/banglasarc3_binary/best_by_validation,04_outputs/predictions/18_multiseed_cross_corpus/18_fgm_banglasarc3_binary_seed7_to_banglasarc_binary.csv,NB18,1,"[""banglasarc3_binary""]",True,
18_fgm_banglasarc3_binary_seed7,fgm,BanglaBERT standard classification head,True,0.5,csebuetnlp/banglabert,banglasarc3_binary,banglasarc3_binary,7,True,6328.0,791.0,791,0,0,791,0.7559488887148162,0.7560050568900126,0.7521929824561404,0.7522123893805309,0.7521957548739104,0.7522701403010654,0.7522024037846822,0.76010101010101,0.7443037974683544,1.5818630088765862,0.0933322647142703,0.0295990516807443,0.3459224912421081,0.3291771398511283,"[[301, 95], [101, 294]]",87.40963912010193,/workspace/Sarcasm_detection/03_checkpoints/18_multiseed_cross_corpus/fgm/banglasarc3_binary/best_by_validation,04_outputs/predictions/18_multiseed_cross_corpus/18_fgm_banglasarc3_binary_seed7_to_banglasarc3_binary.csv,NB18,1,"[""banglasarc3_binary""]",False,
18_fgm_banglasarc3_binary_seed123,fgm,BanglaBERT standard classification head,True,0.5,csebuetnlp/banglabert,banglasarc3_binary,ben_sarc_binary,123,False,6328.0,791.0,2563,0,0,2563,0.7540801282051282,0.7547408343868521,0.6624206201886614,0.6644557159578619,0.662430846800567,0.6684675326295826,0.6644255231567576,0.5870413739266198,0.7418096723868954,0.8847534784191589,0.039004984825895,0.0576971999954413,0.4260765301970658,0.4299910499922798,"[[752, 529], [331, 951]]",52.40641164779663,/workspace/Sarcasm_detection/03_checkpoints/18_multiseed_cross_corpus/fgm/banglasarc3_binary/best_by_validation,04_outputs/predictions/18_multiseed_cross_corpus/18_fgm_banglasarc3_binary_seed123_to_ben_sarc_binary.csv,NB18,1,"[""banglasarc3_binary""]",True,
18_fgm_banglasarc3_binary_seed123,fgm,BanglaBERT standard classification head,True,0.5,csebuetnlp/banglabert,banglasarc3_binary,banglasarc_binary,123,False,6328.0,791.0,464,24,28,436,0.7540801282051282,0.7547408343868521,0.5544077891821798,0.573394495412844,0.5763479830487251,0.5542534722222222,0.5557786702365015,0.6296296296296297,0.4819277108433735,0.8847534784191589,0.1327941617736217,0.14217574901381,0.515739190550882,0.5274980674243166,"[[170, 100], [86, 80]]",52.40641164779663,/workspace/Sarcasm_detection/03_checkpoints/18_multiseed_cross_corpus/fgm/banglasarc3_binary/best_by_validation,04_outputs/predictions/18_multiseed_cross_corpus/18_fgm_banglasarc3_binary_seed123_to_banglasarc_binary.csv,NB18,1,"[""banglasarc3_binary""]",True,
18_fgm_banglasarc3_binary_seed123,fgm,BanglaBERT standard classification head,True,0.5,csebuetnlp/banglabert,banglasarc3_binary,banglasarc3_binary,123,True,6328.0,791.0,791,0,0,791,0.7540801282051282,0.7547408343868521,0.7482893771077961,0.7484197218710493,0.7482821357320597,0.7489940926972412,0.7484496867408259,0.7247474747474747,0.7721518987341772,0.8847534784191589,0.0392597471298198,0.0376832594705074,0.3383545194365349,0.3369832505979033,"[[287, 109], [90, 305]]",52.40641164779663,/workspace/Sarcasm_detection/03_checkpoints/18_multiseed_cross_corpus/fgm/banglasarc3_binary/best_by_validation,04_outputs/predictions/18_multiseed_cross_corpus/18_fgm_banglasarc3_binary_seed123_to_banglasarc3_binary.csv,NB18,1,"[""banglasarc3_binary""]",False,
18_fgm_banglasarc3_binary_seed2024,fgm,BanglaBERT standard classification head,True,0.5,csebuetnlp/banglabert,banglasarc3_binary,ben_sarc_binary,2024,False,6328.0,791.0,2563,0,0,2563,0.7623075546007877,0.7623261694058154,0.667260931734486,0.667577058134998,0.6672649333344925,0.668196237347807,0.6675651335186897,0.6370023419203747,0.6981279251170047,2.1440729448934195,0.2017640095098784,0.0699425244366637,0.5110945319747127,0.436617443558614,"[[816, 465], [387, 895]]",103.86355209350586,/workspace/Sarcasm_detection/03_checkpoints/18_multiseed_cross_corpus/fgm/banglasarc3_binary/best_by_validation,04_outputs/predictions/18_multiseed_cross_corpus/18_fgm_banglasarc3_binary_seed2024_to_ben_sarc_binary.csv,NB18,1,"[""banglasarc3_binary""]",True,
18_fgm_banglasarc3_binary_seed2024,fgm,BanglaBERT standard classification head,True,0.5,csebuetnlp/banglabert,banglasarc3_binary,banglasarc_binary,2024,False,6328.0,791.0,464,24,28,436,0.7623075546007877,0.7623261694058154,0.6457588560285993,0.6559633027522935,0.6601002406132508,0.6454081632653061,0.6526104417670682,0.6666666666666666,0.6385542168674698,2.1440729448934195,0.2163539392446423,0.0918599417476238,0.541828781432933,0.4568765497713168,"[[180, 90], [60, 106]]",103.86355209350586,/workspace/Sarcasm_detection/03_checkpoints/18_multiseed_cross_corpus/fgm/banglasarc3_binary/best_by_validation,04_outputs/predictions/18_multiseed_cross_corpus/18_fgm_banglasarc3_binary_seed2024_to_banglasarc_binary.csv,NB18,1,"[""banglasarc3_binary""]",True,
18_fgm_banglasarc3_binary_seed2024,fgm,BanglaBERT standard classification head,True,0.5,csebuetnlp/banglabert,banglasarc3_binary,banglasarc3_binary,2024,True,6328.0,791.0,791,0,0,791,0.7623075546007877,0.7623261694058154,0.768633969743225,0.7686472819216182,0.7686361884396239,0.768690453353795,0.7686389208541107,0.7752525252525253,0.7620253164556962,2.1440729448934195,0.1295995116145298,0.0490555969667728,0.3569659080376162,0.3231214223108823,"[[307, 89], [94, 301]]",103.86355209350586,/workspace/Sarcasm_detection/03_checkpoints/18_multiseed_cross_corpus/fgm/banglasarc3_binary/best_by_validation,04_outputs/predictions/18_multiseed_cross_corpus/18_fgm_banglasarc3_binary_seed2024_to_banglasarc3_binary.csv,NB18,1,"[""banglasarc3_binary""]",False,
,vanilla,,,,csebuetnlp/banglabert,ben_sarc_binary,ben_sarc_binary,2025,True,,,2563,0,0,2563,0.797190020247778,0.797423887587822,0.7976150406162004,0.7978930940304331,0.7976121137381559,0.7995713118799452,0.797907677431219,0.8352849336455894,0.7605304212168487,1.2158154071851637,0.0345844656832699,0.0353798799203488,0.2835937681911566,0.2808773516233069,"[[1070, 211], [307, 975]]",163.6071844100952,,04_outputs/predictions/19_singlesource_newseeds/19_A_vanilla_ben_sarc_binary_seed2025_to_ben_sarc_binary.csv,A,1,"[""ben_sarc_binary""]",False,6970de89ef36b0ad
,vanilla,,,,csebuetnlp/banglabert,ben_sarc_binary,banglasarc_binary,2025,False,,,464,0,0,464,0.797190020247778,0.797423887587822,0.5155853840417599,0.5775862068965517,0.5648872431793053,0.5199890470974808,0.5177084175628689,0.7281879194630873,0.3072289156626506,1.2158154071851637,0.2593471102769539,0.2220002768434101,0.6038940621831934,0.569787310405846,"[[217, 81], [115, 51]]",163.6071844100952,,04_outputs/predictions/19_singlesource_newseeds/19_A_vanilla_ben_sarc_binary_seed2025_to_banglasarc_binary.csv,A,1,"[""ben_sarc_binary""]",True,6970de89ef36b0ad
,vanilla,,,,csebuetnlp/banglabert,ben_sarc_binary,banglasarc3_binary,2025,False,,,791,0,0,791,0.797190020247778,0.797423887587822,0.6555319312447165,0.6561314791403287,0.6555500993627655,0.6571406503437089,0.6560797851937092,0.696969696969697,0.6151898734177215,1.2158154071851637,0.1701373461888897,0.1419005750088925,0.4964604319730381,0.473876389885788,"[[276, 120], [152, 243]]",163.6071844100952,,04_outputs/predictions/19_singlesource_newseeds/19_A_vanilla_ben_sarc_binary_seed2025_to_banglasarc3_binary.csv,A,1,"[""ben_sarc_binary""]",True,6970de89ef36b0ad
,vanilla,,,,csebuetnlp/banglabert,ben_sarc_binary,ben_sarc_binary,13,True,,,2563,0,0,2563,0.7958625762377314,0.7958626073380172,0.797891586440389,0.7978930940304331,0.7978913710703827,0.7979044395701826,0.797894281110823,0.8009367681498829,0.7948517940717629,2.723632228290348,0.1513009838846032,0.0260546949913195,0.3438455513007557,0.2913005044407987,"[[1026, 255], [263, 1019]]",245.77601146698,,04_outputs/predictions/19_singlesource_newseeds/19_A_vanilla_ben_sarc_binary_seed13_to_ben_sarc_binary.csv,A,1,"[""ben_sarc_binary""]",False,6970de89ef36b0ad
,vanilla,,,,csebuetnlp/banglabert,ben_sarc_binary,banglasarc_binary,13,False,,,464,0,0,464,0.7958625762377314,0.7958626073380172,0.6082471136600938,0.6357758620689655,0.6377901607330293,0.6073059812160158,0.6097072855179106,0.7013422818791947,0.5180722891566265,2.723632228290348,0.3221390743319524,0.1776968799942713,0.6635532518431838,0.5039573851870158,"[[209, 89], [80, 86]]",245.77601146698,,04_outputs/predictions/19_singlesource_newseeds/19_A_vanilla_ben_sarc_binary_seed13_to_banglasarc_binary.csv,A,1,"[""ben_sarc_binary""]",True,6970de89ef36b0ad
,vanilla,,,,csebuetnlp/banglabert,ben_sarc_binary,banglasarc3_binary,13,False,,,791,0,0,791,0.7958625762377314,0.7958626073380172,0.6531368030215736,0.6536030341340076,0.6531528799564852,0.654359030384042,0.6535577291906406,0.6893939393939394,0.6177215189873417,2.723632228290348,0.2893216215319245,0.147984944466504,0.6082293278047614,0.4710623529208987,"[[273, 123], [151, 244]]",245.77601146698,,04_outputs/predictions/19_singlesource_newseeds/19_A_vanilla_ben_sarc_binary_seed13_to_banglasarc3_binary.csv,A,1,"[""ben_sarc_binary""]",True,6970de89ef36b0ad
,vanilla,,,,csebuetnlp/banglabert,ben_sarc_binary,ben_sarc_binary,77,True,,,2563,0,0,2563,0.7923068996077192,0.7927400468384075,0.7893192057869403,0.7900897385875927,0.7893142346075812,0.7944488530105769,0.7901134546552822,0.8508977361436377,0.7293291731669267,1.9456236573127488,0.1083258842637654,0.0250302264407614,0.3235020063961831,0.2964494628148351,"[[1090, 191], [347, 935]]",217.50219988822937,,04_outputs/predictions/19_singlesource_newseeds/19_A_vanilla_ben_sarc_binary_seed77_to_ben_sarc_binary.csv,A,1,"[""ben_sarc_binary""]",False,6970de89ef36b0ad
,vanilla,,,,csebuetnlp/banglabert,ben_sarc_binary,banglasarc_binary,77,False,,,464,0,0,464,0.7923068996077192,0.7927400468384075,0.6131230741344934,0.6530172413793104,0.6484655578681567,0.6171194204751251,0.6111223417158567,0.7583892617449665,0.463855421686747,1.9456236573127488,0.2371186947791221,0.136685394545067,0.5332320406116224,0.4466030703047526,"[[226, 72], [89, 77]]",217.50219988822937,,04_outputs/predictions/19_singlesource_newseeds/19_A_vanilla_ben_sarc_binary_seed77_to_banglasarc_binary.csv,A,1,"[""ben_sarc_binary""]",True,6970de89ef36b0ad
,vanilla,,,,csebuetnlp/banglabert,ben_sarc_binary,banglasarc3_binary,77,False,,,791,0,0,791,0.7923068996077192,0.7927400468384075,0.6428676640110664,0.6434892541087232,0.6428865000746318,0.644412476506784,0.6434375399565273,0.6843434343434344,0.6025316455696202,1.9456236573127488,0.2453049463006052,0.1387653760690037,0.5696561442628574,0.4821372536510331,"[[271, 125], [157, 238]]",217.50219988822937,,04_outputs/predictions/19_singlesource_newseeds/19_A_vanilla_ben_sarc_binary_seed77_to_banglasarc3_binary.csv,A,1,"[""ben_sarc_binary""]",True,6970de89ef36b0ad
,vanilla,,,,csebuetnlp/banglabert,ben_sarc_binary,ben_sarc_binary,314,True,,,2563,0,0,2563,0.7962170378966668,0.7962529274004684,0.793984359871537,0.7939914163090128,0.7939848303007021,0.7940268520954525,0.7939892537153477,0.7884465261514442,0.7995319812792512,1.089244540421714,0.0295332241244957,0.0247010913375767,0.2888631912178441,0.287778203834616,"[[1010, 271], [257, 1025]]",122.98151898384094,,04_outputs/predictions/19_singlesource_newseeds/19_A_vanilla_ben_sarc_binary_seed314_to_ben_sarc_binary.csv,A,1,"[""ben_sarc_binary""]",False,6970de89ef36b0ad
,vanilla,,,,csebuetnlp/banglabert,ben_sarc_binary,banglasarc_binary,314,False,,,464,0,0,464,0.7962170378966668,0.7962529274004684,0.5951459231772139,0.625,0.6264216227058469,0.5945364765848996,0.595981240397833,0.697986577181208,0.4939759036144578,1.089244540421714,0.1697050284829111,0.1583113714687824,0.5101766505729682,0.4993048420965504,"[[208, 90], [84, 82]]",122.98151898384094,,04_outputs/predictions/19_singlesource_newseeds/19_A_vanilla_ben_sarc_binary_seed314_to_banglasarc_binary.csv,A,1,"[""ben_sarc_binary""]",True,6970de89ef36b0ad
,vanilla,,,,csebuetnlp/banglabert,ben_sarc_binary,banglasarc3_binary,314,False,,,791,0,0,791,0.7962170378966668,0.7962529274004684,0.6359033371691599,0.6359039190897599,0.63590275524856,0.6359082714265621,0.6359065336913439,0.6338383838383839,0.6379746835443038,1.089244540421714,0.1650621776243196,0.1481588971400093,0.5036495849354697,0.4935421691186989,"[[251, 145], [143, 252]]",122.98151898384094,,04_outputs/predictions/19_singlesource_newseeds/19_A_vanilla_ben_sarc_binary_seed314_to_banglasarc3_binary.csv,A,1,"[""ben_sarc_binary""]",True,6970de89ef36b0ad
,vanilla,,,,csebuetnlp/banglabert,ben_sarc_binary,ben_sarc_binary,1337,True,,,2563,0,0,2563,0.7878662146373419,0.7884465261514442,0.8013372313025646,0.8017947717518533,0.8013335114615134,0.80464292958162,0.8018136182121758,0.8501170960187353,0.7535101404056163,1.336194111155839,0.0518212551389928,0.0253323851657584,0.2871609363641593,0.281077284631709,"[[1089, 192], [316, 966]]",168.3201038837433,,04_outputs/predictions/19_singlesource_newseeds/19_A_vanilla_ben_sarc_binary_seed1337_to_ben_sarc_binary.csv,A,1,"[""ben_sarc_binary""]",False,6970de89ef36b0ad
,vanilla,,,,csebuetnlp/banglabert,ben_sarc_binary,banglasarc_binary,1337,False,,,464,0,0,464,0.7878662146373419,0.7884465261514442,0.5695006747638327,0.6206896551724138,0.6117315836009121,0.5754423401796035,0.5686100105118461,0.7516778523489933,0.3855421686746988,1.336194111155839,0.2216319496194795,0.1709134719109697,0.5447276633612382,0.5036358545034776,"[[224, 74], [102, 64]]",168.3201038837433,,04_outputs/predictions/19_singlesource_newseeds/19_A_vanilla_ben_sarc_binary_seed1337_to_banglasarc_binary.csv,A,1,"[""ben_sarc_binary""]",True,6970de89ef36b0ad
,vanilla,,,,csebuetnlp/banglabert,ben_sarc_binary,banglasarc3_binary,1337,False,,,791,0,0,791,0.7878662146373419,0.7884465261514442,0.64025647923953,0.640960809102402,0.6402766029498979,0.6419860851639503,0.640905894386907,0.6843434343434344,0.5974683544303797,1.336194111155839,0.1961232668043969,0.1548837863064266,0.5282051934058524,0.4919826429200424,"[[271, 125], [159, 236]]",168.3201038837433,,04_outputs/predictions/19_singlesource_newseeds/19_A_vanilla_ben_sarc_binary_seed1337_to_banglasarc3_binary.csv,A,1,"[""ben_sarc_binary""]",True,6970de89ef36b0ad
,vanilla,,,,csebuetnlp/banglabert,banglasarc_binary,ben_sarc_binary,2025,False,,,2563,0,0,2563,0.9835436289319353,0.9848812095032398,0.3476410689599768,0.500585251658213,0.3475178262664247,0.5125990883868411,0.5007742464265316,0.985167837626854,0.016380655226209,1.3624888959801884,0.4959357735629346,0.4889828602157462,0.9916023452600868,0.9787964514303866,"[[1262, 19], [1261, 21]]",62.77197289466858,,04_outputs/predictions/19_singlesource_newseeds/19_A_vanilla_banglasarc_binary_seed2025_to_ben_sarc_binary.csv,A,1,"[""banglasarc_binary""]",True,6970de89ef36b0ad
,vanilla,,,,csebuetnlp/banglabert,banglasarc_binary,banglasarc_binary,2025,True,,,464,0,0,464,0.9835436289319353,0.9848812095032398,0.9812403978329424,0.9827586206896552,0.9827586206896552,0.9812403978329424,0.9812403978329424,0.9865771812080536,0.9759036144578314,1.3624888959801884,0.0157223408897405,0.0090777074622733,0.0321079385448517,0.031335181323786,"[[294, 4], [4, 162]]",62.77197289466858,,04_outputs/predictions/19_singlesource_newseeds/19_A_vanilla_banglasarc_binary_seed2025_to_banglasarc_binary.csv,A,1,"[""banglasarc_binary""]",False,6970de89ef36b0ad
,vanilla,,,,csebuetnlp/banglabert,banglasarc_binary,banglasarc3_binary,2025,False,,,791,25,29,762,0.9835436289319353,0.9848812095032398,0.3319012007938021,0.4868766404199475,0.3234556727487805,0.4934036939313984,0.4998621269672758,0.9946091644204852,0.0051150895140664,1.3624888959801884,0.5117937506028539,0.5046771691916735,1.0211918652495937,1.008019743724605,"[[369, 2], [389, 2]]",62.77197289466858,,04_outputs/predictions/19_singlesource_newseeds/19_A_vanilla_banglasarc_binary_seed2025_to_banglasarc3_binary.csv,A,1,"[""banglasarc_binary""]",True,6970de89ef36b0ad
,vanilla,,,,csebuetnlp/banglabert,banglasarc_binary,ben_sarc_binary,13,False,,,2563,0,0,2563,0.9835872972466564,0.9848812095032398,0.3426317720923182,0.4982442450253609,0.3425069826192364,0.4700939687856162,0.4984341528227873,0.985167837626854,0.0117004680187207,0.962999554259978,0.4896835421853311,0.4910136447489394,0.98045456717814,0.98295275059701,"[[1262, 19], [1267, 15]]",42.21097445487976,,04_outputs/predictions/19_singlesource_newseeds/19_A_vanilla_banglasarc_binary_seed13_to_ben_sarc_binary.csv,A,1,"[""banglasarc_binary""]",True,6970de89ef36b0ad
,vanilla,,,,csebuetnlp/banglabert,banglasarc_binary,banglasarc_binary,13,True,,,464,0,0,464,0.9835872972466564,0.9848812095032398,0.9788096675817344,0.980603448275862,0.9805635864826592,0.980830768603632,0.9768941537963935,0.9899328859060402,0.963855421686747,0.962999554259978,0.0096928061126526,0.0085612579438614,0.034157581404941,0.0343684310399223,"[[295, 3], [6, 160]]",42.21097445487976,,04_outputs/predictions/19_singlesource_newseeds/19_A_vanilla_banglasarc_binary_seed13_to_banglasarc_binary.csv,A,1,"[""banglasarc_binary""]",False,6970de89ef36b0ad
,vanilla,,,,csebuetnlp/banglabert,banglasarc_binary,banglasarc3_binary,13,False,,,791,25,29,762,0.9835872972466564,0.9848812095032398,0.3356227758007117,0.4855643044619422,0.3273387134437376,0.4652501106684373,0.4983765450396729,0.9865229110512128,0.0102301790281329,0.962999554259978,0.5072375518289814,0.5085622325914536,1.0118910561108654,1.0145736707049844,"[[366, 5], [387, 4]]",42.21097445487976,,04_outputs/predictions/19_singlesource_newseeds/19_A_vanilla_banglasarc_binary_seed13_to_banglasarc3_binary.csv,A,1,"[""banglasarc_binary""]",True,6970de89ef36b0ad
,vanilla,,,,csebuetnlp/banglabert,banglasarc_binary,ben_sarc_binary,77,False,,,2563,0,0,2563,0.9812178004949088,0.9827213822894167,0.3454166773248749,0.501365587202497,0.3452920179244932,0.5336294249243321,0.5015561043987427,0.9898516783762684,0.0132605304212168,1.0514820119692476,0.4901444249440965,0.4879467669910971,0.9807827040682014,0.9774684297816424,"[[1268, 13], [1265, 17]]",40.31777381896973,,04_outputs/predictions/19_singlesource_newseeds/19_A_vanilla_banglasarc_binary_seed77_to_ben_sarc_binary.csv,A,1,"[""banglasarc_binary""]",True,6970de89ef36b0ad
,vanilla,,,,csebuetnlp/banglabert,banglasarc_binary,banglasarc_binary,77,True,,,464,0,0,464,0.9812178004949088,0.9827213822894167,0.9764227642276422,0.978448275862069,0.978388701990468,0.9791513367672308,0.9738821056036224,0.9899328859060402,0.9578313253012049,1.0514820119692476,0.0108776035591575,0.0080231231027968,0.0386219410582775,0.0383287486395058,"[[295, 3], [7, 159]]",40.31777381896973,,04_outputs/predictions/19_singlesource_newseeds/19_A_vanilla_banglasarc_binary_seed77_to_banglasarc_binary.csv,A,1,"[""banglasarc_binary""]",False,6970de89ef36b0ad
,vanilla,,,,csebuetnlp/banglabert,banglasarc_binary,banglasarc3_binary,77,False,,,791,25,29,762,0.9812178004949088,0.9827213822894167,0.3396424394319131,0.489501312335958,0.331385752219569,0.5565318302387268,0.502350735207947,0.9919137466307276,0.0127877237851662,1.0514820119692476,0.5037913017544835,0.5027362350355975,1.007268626602522,1.0038554013282488,"[[368, 3], [386, 5]]",40.31777381896973,,04_outputs/predictions/19_singlesource_newseeds/19_A_vanilla_banglasarc_binary_seed77_to_banglasarc3_binary.csv,A,1,"[""banglasarc_binary""]",True,6970de89ef36b0ad
,vanilla,,,,csebuetnlp/banglabert,banglasarc_binary,ben_sarc_binary,314,False,,,2563,0,0,2563,0.9859133503711816,0.9870410367170628,0.3470776806500771,0.4994147483417869,0.3469546297068689,0.4939876338132152,0.4996032862391779,0.9828259172521469,0.016380655226209,1.3422564821675562,0.4979429371663294,0.4922276149749108,0.995310676536997,0.9853080855824085,"[[1259, 22], [1261, 21]]",73.02425789833069,,04_outputs/predictions/19_singlesource_newseeds/19_A_vanilla_banglasarc_binary_seed314_to_ben_sarc_binary.csv,A,1,"[""banglasarc_binary""]",True,6970de89ef36b0ad
,vanilla,,,,csebuetnlp/banglabert,banglasarc_binary,banglasarc_binary,314,True,,,464,0,0,464,0.9859133503711816,0.9870410367170628,0.976550497291178,0.978448275862069,0.978448275862069,0.976550497291178,0.976550497291178,0.9832214765100672,0.9698795180722892,1.3422564821675562,0.0205758499960515,0.0146427142971669,0.0414260955996552,0.0396399914032998,"[[293, 5], [5, 161]]",73.02425789833069,,04_outputs/predictions/19_singlesource_newseeds/19_A_vanilla_banglasarc_binary_seed314_to_banglasarc_binary.csv,A,1,"[""banglasarc_binary""]",False,6970de89ef36b0ad
,vanilla,,,,csebuetnlp/banglabert,banglasarc_binary,banglasarc3_binary,314,False,,,791,25,29,762,0.9859133503711816,0.9870410367170628,0.3300695306014977,0.4829396325459317,0.3216700744507046,0.3852412488174077,0.4958190002826397,0.9865229110512128,0.0051150895140664,1.3422564821675562,0.5157483311602311,0.5104182056957448,1.0302742850979116,1.0187676535576518,"[[366, 5], [389, 2]]",73.02425789833069,,04_outputs/predictions/19_singlesource_newseeds/19_A_vanilla_banglasarc_binary_seed314_to_banglasarc3_binary.csv,A,1,"[""banglasarc_binary""]",True,6970de89ef36b0ad
,vanilla,,,,csebuetnlp/banglabert,banglasarc_binary,ben_sarc_binary,1337,False,,,2563,0,0,2563,0.9836300729853272,0.9848812095032398,0.3531507569914208,0.500195083886071,0.3530304261183483,0.5042372881355932,0.5003811862076356,0.9773614363778298,0.0234009360374415,1.3105876000030137,0.4946754190440117,0.4861430101946868,0.989247197608692,0.9733893974336872,"[[1252, 29], [1252, 30]]",43.622525215148926,,04_outputs/predictions/19_singlesource_newseeds/19_A_vanilla_banglasarc_binary_seed1337_to_ben_sarc_binary.csv,A,1,"[""banglasarc_binary""]",True,6970de89ef36b0ad
,vanilla,,,,csebuetnlp/banglabert,banglasarc_binary,banglasarc_binary,1337,True,,,464,0,0,464,0.9836300729853272,0.9848812095032398,0.972007722007722,0.9741379310344828,0.974204500066569,0.9696678671468588,0.9745289884369694,0.9731543624161074,0.9759036144578314,1.3105876000030137,0.0215544451151481,0.0127616141535248,0.0461481356490093,0.0433544173313145,"[[290, 8], [4, 162]]",43.622525215148926,,04_outputs/predictions/19_singlesource_newseeds/19_A_vanilla_banglasarc_binary_seed1337_to_banglasarc_binary.csv,A,1,"[""banglasarc_binary""]",False,6970de89ef36b0ad
,vanilla,,,,csebuetnlp/banglabert,banglasarc_binary,banglasarc3_binary,1337,False,,,791,25,29,762,0.9836300729853272,0.9848812095032398,0.3412813806726071,0.484251968503937,0.3332266996680252,0.461377345844504,0.496822026595708,0.9757412398921832,0.0179028132992327,1.3105876000030137,0.5087689159356236,0.4994184585220048,1.0175705561875197,1.000711107231402,"[[362, 9], [384, 7]]",43.622525215148926,,04_outputs/predictions/19_singlesource_newseeds/19_A_vanilla_banglasarc_binary_seed1337_to_banglasarc3_binary.csv,A,1,"[""banglasarc_binary""]",True,6970de89ef36b0ad
,vanilla,,,,csebuetnlp/banglabert,banglasarc3_binary,ben_sarc_binary,2025,False,,,2563,0,0,2563,0.7608417785811983,0.7610619469026548,0.6736598328135668,0.6769410846664066,0.6736726003305039,0.6842849440197913,0.6769020643729731,0.5768930523028883,0.7769110764430577,1.3669715272824927,0.1186371549709675,0.0627475052460628,0.4444211069161528,0.4224120604418873,"[[739, 542], [286, 996]]",54.98875427246094,,04_outputs/predictions/19_singlesource_newseeds/19_A_vanilla_banglasarc3_binary_seed2025_to_ben_sarc_binary.csv,A,1,"[""banglasarc3_binary""]",True,6970de89ef36b0ad
,vanilla,,,,csebuetnlp/banglabert,banglasarc3_binary,banglasarc_binary,2025,False,,,464,24,28,436,0.7608417785811983,0.7610619469026548,0.5926808839636621,0.6009174311926605,0.6064970277026273,0.5956477732793523,0.6012048192771084,0.6,0.6024096385542169,1.3669715272824927,0.1855333550173572,0.1267245745060788,0.5512403411538774,0.5133040367770196,"[[162, 108], [66, 100]]",54.98875427246094,,04_outputs/predictions/19_singlesource_newseeds/19_A_vanilla_banglasarc3_binary_seed2025_to_banglasarc_binary.csv,A,1,"[""banglasarc3_binary""]",True,6970de89ef36b0ad
,vanilla,,,,csebuetnlp/banglabert,banglasarc3_binary,banglasarc3_binary,2025,True,,,791,0,0,791,0.7608417785811983,0.7610619469026548,0.7572223287934011,0.7572692793931732,0.7572180605570583,0.7575053746928747,0.7572880705792098,0.7424242424242424,0.7721518987341772,1.3669715272824927,0.0619462558565168,0.0588072664157006,0.3335081836558188,0.326060482924932,"[[294, 102], [90, 305]]",54.98875427246094,,04_outputs/predictions/19_singlesource_newseeds/19_A_vanilla_banglasarc3_binary_seed2025_to_banglasarc3_binary.csv,A,1,"[""banglasarc3_binary""]",False,6970de89ef36b0ad
,vanilla,,,,csebuetnlp/banglabert,banglasarc3_binary,ben_sarc_binary,13,False,,,2563,0,0,2563,0.7590177918596149,0.7597977243994943,0.6842977985967733,0.6890362856028092,0.6843128893197225,0.7010188087774294,0.6889885899885644,0.5667447306791569,0.8112324492979719,1.2618622889011748,0.0818707160985173,0.0447897165476309,0.4151094560885319,0.4047814048038393,"[[726, 555], [242, 1040]]",120.30407643318176,,04_outputs/predictions/19_singlesource_newseeds/19_A_vanilla_banglasarc3_binary_seed13_to_ben_sarc_binary.csv,A,1,"[""banglasarc3_binary""]",True,6970de89ef36b0ad
,vanilla,,,,csebuetnlp/banglabert,banglasarc3_binary,banglasarc_binary,13,False,,,464,24,28,436,0.7590177918596149,0.7597977243994943,0.573553808327254,0.5848623853211009,0.590118484487255,0.5750376354345568,0.5789602855867917,0.6037037037037037,0.5542168674698795,1.2618622889011748,0.1923296822102993,0.150893586151041,0.5486977564648136,0.5198228158772344,"[[163, 107], [74, 92]]",120.30407643318176,,04_outputs/predictions/19_singlesource_newseeds/19_A_vanilla_banglasarc3_binary_seed13_to_banglasarc_binary.csv,A,1,"[""banglasarc3_binary""]",True,6970de89ef36b0ad
,vanilla,,,,csebuetnlp/banglabert,banglasarc3_binary,banglasarc3_binary,13,True,,,791,0,0,791,0.7590177918596149,0.7597977243994943,0.7513344624939051,0.7522123893805309,0.7513157831984449,0.7559806439895176,0.7522887098836466,0.6919191919191919,0.8126582278481013,1.2618622889011748,0.0560289041282554,0.0389279696449508,0.3400081462536309,0.3360138037301368,"[[274, 122], [74, 321]]",120.30407643318176,,04_outputs/predictions/19_singlesource_newseeds/19_A_vanilla_banglasarc3_binary_seed13_to_banglasarc3_binary.csv,A,1,"[""banglasarc3_binary""]",False,6970de89ef36b0ad
,vanilla,,,,csebuetnlp/banglabert,banglasarc3_binary,ben_sarc_binary,77,False,,,2563,0,0,2563,0.7623257895409794,0.7623261694058154,0.6810462862474058,0.6812329301599688,0.6810492966330923,0.6816419076449837,0.6812235955480374,0.6572989851678376,0.7051482059282371,1.7589887382442095,0.1596012903348764,0.0600745172298533,0.4658075504095776,0.419458187016846,"[[842, 439], [378, 904]]",102.08215832710266,,04_outputs/predictions/19_singlesource_newseeds/19_A_vanilla_banglasarc3_binary_seed77_to_ben_sarc_binary.csv,A,1,"[""banglasarc3_binary""]",True,6970de89ef36b0ad
,vanilla,,,,csebuetnlp/banglabert,banglasarc3_binary,banglasarc_binary,77,False,,,464,24,28,436,0.7623257895409794,0.7623261694058154,0.6802967563837129,0.6880733944954128,0.6921904382016069,0.6802911060336803,0.6901383311021865,0.6814814814814815,0.6987951807228916,1.7589887382442095,0.161408972050781,0.0740299624294785,0.461001251119436,0.4178899673247809,"[[184, 86], [50, 116]]",102.08215832710266,,04_outputs/predictions/19_singlesource_newseeds/19_A_vanilla_banglasarc3_binary_seed77_to_banglasarc_binary.csv,A,1,"[""banglasarc3_binary""]",True,6970de89ef36b0ad
,vanilla,,,,csebuetnlp/banglabert,banglasarc3_binary,banglasarc3_binary,77,True,,,791,0,0,791,0.7623257895409794,0.7623261694058154,0.7622801969435385,0.7623261694058154,0.7622843762582909,0.7624944021495745,0.7623098069300601,0.7752525252525253,0.7493670886075949,1.7589887382442095,0.1001144084566122,0.0318608827915021,0.3481620212941959,0.3284203297605096,"[[307, 89], [99, 296]]",102.08215832710266,,04_outputs/predictions/19_singlesource_newseeds/19_A_vanilla_banglasarc3_binary_seed77_to_banglasarc3_binary.csv,A,1,"[""banglasarc3_binary""]",False,6970de89ef36b0ad
,vanilla,,,,csebuetnlp/banglabert,banglasarc3_binary,ben_sarc_binary,314,False,,,2563,0,0,2563,0.7559800964487857,0.7560050568900126,0.6756643590846179,0.6765509168942645,0.6756709751876749,0.6784673914381749,0.6765306209438073,0.624512099921936,0.7285491419656787,1.0079819959005052,0.060627857909344,0.0592322035593757,0.4280288481365383,0.4276585758105482,"[[800, 481], [348, 934]]",47.06523752212525,,04_outputs/predictions/19_singlesource_newseeds/19_A_vanilla_banglasarc3_binary_seed314_to_ben_sarc_binary.csv,A,1,"[""banglasarc3_binary""]",True,6970de89ef36b0ad
,vanilla,,,,csebuetnlp/banglabert,banglasarc3_binary,banglasarc_binary,314,False,,,464,24,28,436,0.7559800964487857,0.7560050568900126,0.5919221282593375,0.6100917431192661,0.6124616928836045,0.5912812472781117,0.5935296742525658,0.662962962962963,0.5240963855421686,1.0079819959005052,0.1675821972201998,0.1681820054215804,0.5234274975546914,0.5225169066363842,"[[179, 91], [79, 87]]",47.06523752212525,,04_outputs/predictions/19_singlesource_newseeds/19_A_vanilla_banglasarc3_binary_seed314_to_banglasarc_binary.csv,A,1,"[""banglasarc3_binary""]",True,6970de89ef36b0ad
,vanilla,,,,csebuetnlp/banglabert,banglasarc3_binary,banglasarc3_binary,314,True,,,791,0,0,791,0.7559800964487857,0.7560050568900126,0.7344415454859379,0.7345132743362832,0.7344470630898107,0.7347277683919521,0.7344936708860759,0.75,0.7189873417721518,1.0079819959005052,0.0541256147694379,0.0554303591789309,0.3618308743000381,0.3616512544544448,"[[297, 99], [111, 284]]",47.06523752212525,,04_outputs/predictions/19_singlesource_newseeds/19_A_vanilla_banglasarc3_binary_seed314_to_banglasarc3_binary.csv,A,1,"[""banglasarc3_binary""]",False,6970de89ef36b0ad
,vanilla,,,,csebuetnlp/banglabert,banglasarc3_binary,ben_sarc_binary,1337,False,,,2563,0,0,2563,0.7590177918596149,0.7597977243994943,0.6756643590846179,0.6765509168942645,0.6756577429815609,0.678538092493806,0.6765714188286501,0.7291178766588603,0.62402496099844,3.9562736429237466,0.2796144657835896,0.0708060369911266,0.5913328713052428,0.4371654257408266,"[[934, 347], [482, 800]]",122.14001846313477,,04_outputs/predictions/19_singlesource_newseeds/19_A_vanilla_banglasarc3_binary_seed1337_to_ben_sarc_binary.csv,A,1,"[""banglasarc3_binary""]",True,6970de89ef36b0ad
,vanilla,,,,csebuetnlp/banglabert,banglasarc3_binary,banglasarc_binary,1337,False,,,464,24,28,436,0.7590177918596149,0.7597977243994943,0.6328258316158057,0.6513761467889908,0.6525118803710226,0.6320912614517266,0.6338241856314145,0.7074074074074074,0.5602409638554217,3.9562736429237466,0.3147511649982829,0.0977516519372534,0.6446929284585169,0.4630051168746352,"[[191, 79], [73, 93]]",122.14001846313477,,04_outputs/predictions/19_singlesource_newseeds/19_A_vanilla_banglasarc3_binary_seed1337_to_banglasarc_binary.csv,A,1,"[""banglasarc3_binary""]",True,6970de89ef36b0ad
,vanilla,,,,csebuetnlp/banglabert,banglasarc3_binary,banglasarc3_binary,1337,True,,,791,0,0,791,0.7590177918596149,0.7597977243994943,0.7579749358016266,0.7585335018963337,0.757989634909382,0.7608183776949179,0.7584739803094234,0.8055555555555556,0.7113924050632912,3.9562736429237466,0.2160416560597465,0.0547787385538584,0.4460006641954842,0.3516646063596057,"[[319, 77], [114, 281]]",122.14001846313477,,04_outputs/predictions/19_singlesource_newseeds/19_A_vanilla_banglasarc3_binary_seed1337_to_banglasarc3_binary.csv,A,1,"[""banglasarc3_binary""]",False,6970de89ef36b0ad
,fgm,,,,csebuetnlp/banglabert,ben_sarc_binary,ben_sarc_binary,2025,True,,,2563,0,0,2563,0.8040206334490811,0.8040593286494926,0.7974535921462613,0.7975029262582911,0.7974523587934604,0.7978065368687836,0.7975091368994338,0.8134270101483216,0.781591263650546,1.073969202166945,0.0248358389937608,0.0190621867333499,0.2791411846228666,0.2787276904796539,"[[1042, 239], [280, 1002]]",312.83298206329346,,04_outputs/predictions/19_singlesource_newseeds/19_A_fgm_ben_sarc_binary_seed2025_to_ben_sarc_binary.csv,A,1,"[""ben_sarc_binary""]",False,6970de89ef36b0ad
,fgm,,,,csebuetnlp/banglabert,ben_sarc_binary,banglasarc_binary,2025,False,,,464,0,0,464,0.8040206334490811,0.8040593286494926,0.5516198019801981,0.6056034482758621,0.5958796858996245,0.5568985914864171,0.5515282606937818,0.7416107382550335,0.3614457831325301,1.073969202166945,0.2096226294419101,0.1975849987515627,0.5400084589168185,0.5292966262876115,"[[221, 77], [106, 60]]",312.83298206329346,,04_outputs/predictions/19_singlesource_newseeds/19_A_fgm_ben_sarc_binary_seed2025_to_banglasarc_binary.csv,A,1,"[""ben_sarc_binary""]",True,6970de89ef36b0ad
,fgm,,,,csebuetnlp/banglabert,ben_sarc_binary,banglasarc3_binary,2025,False,,,791,0,0,791,0.8040206334490811,0.8040593286494926,0.6774562369974271,0.6776232616940582,0.6774655161472399,0.6779436821809703,0.6775955760132976,0.6994949494949495,0.6556962025316456,1.073969202166945,0.1438314791163842,0.1281920808273481,0.4650852575029807,0.4582301250699118,"[[277, 119], [136, 259]]",312.83298206329346,,04_outputs/predictions/19_singlesource_newseeds/19_A_fgm_ben_sarc_binary_seed2025_to_banglasarc3_binary.csv,A,1,"[""ben_sarc_binary""]",True,6970de89ef36b0ad
,fgm,,,,csebuetnlp/banglabert,ben_sarc_binary,ben_sarc_binary,13,True,,,2563,0,0,2563,0.8016534668916481,0.8017174082747853,0.806336423221202,0.8064767850175576,0.8063343889922694,0.8073914811910503,0.8064874117212932,0.8337236533957846,0.7792511700468019,1.506565629244488,0.0662533379586843,0.0210694578462875,0.2849058982085903,0.2745200157714137,"[[1068, 213], [283, 999]]",385.3761739730835,,04_outputs/predictions/19_singlesource_newseeds/19_A_fgm_ben_sarc_binary_seed13_to_ben_sarc_binary.csv,A,1,"[""ben_sarc_binary""]",False,6970de89ef36b0ad
,fgm,,,,csebuetnlp/banglabert,ben_sarc_binary,banglasarc_binary,13,False,,,464,0,0,464,0.8016534668916481,0.8017174082747853,0.6424850108432199,0.6745689655172413,0.6729532267926503,0.6440767089390659,0.6412428236435675,0.7583892617449665,0.5240963855421686,1.506565629244488,0.1865407271638542,0.1342044740159217,0.4909278402006112,0.4429765317842101,"[[226, 72], [79, 87]]",385.3761739730835,,04_outputs/predictions/19_singlesource_newseeds/19_A_fgm_ben_sarc_binary_seed13_to_banglasarc_binary.csv,A,1,"[""ben_sarc_binary""]",True,6970de89ef36b0ad
,fgm,,,,csebuetnlp/banglabert,ben_sarc_binary,banglasarc3_binary,13,False,,,791,0,0,791,0.8016534668916481,0.8017174082747853,0.6556025099244461,0.6561314791403287,0.6556195734475391,0.657016528394109,0.6560829817158931,0.6944444444444444,0.6177215189873417,1.506565629244488,0.2023250758625537,0.1393111424651251,0.5128142097036461,0.4637892083371114,"[[275, 121], [151, 244]]",385.3761739730835,,04_outputs/predictions/19_singlesource_newseeds/19_A_fgm_ben_sarc_binary_seed13_to_banglasarc3_binary.csv,A,1,"[""ben_sarc_binary""]",True,6970de89ef36b0ad
,fgm,,,,csebuetnlp/banglabert,ben_sarc_binary,ben_sarc_binary,77,True,,,2563,0,0,2563,0.8015889878889814,0.8021077283372365,0.7977945681527792,0.7982832618025751,0.797790689631749,0.8012378246753247,0.798302564421078,0.8477751756440282,0.748829953198128,1.5742358412535438,0.0751781841906143,0.0181371918088646,0.3007736830910633,0.2874458618579343,"[[1086, 195], [322, 960]]",372.8776512145996,,04_outputs/predictions/19_singlesource_newseeds/19_A_fgm_ben_sarc_binary_seed77_to_ben_sarc_binary.csv,A,1,"[""ben_sarc_binary""]",False,6970de89ef36b0ad
,fgm,,,,csebuetnlp/banglabert,ben_sarc_binary,banglasarc_binary,77,False,,,464,0,0,464,0.8015889878889814,0.8021077283372365,0.5953176554651871,0.6422413793103449,0.6345197538674708,0.6018518518518519,0.5933937090644457,0.7651006711409396,0.4216867469879518,1.5742358412535438,0.2308491273457016,0.1590725799533947,0.540390337190158,0.4763431541795055,"[[228, 70], [96, 70]]",372.8776512145996,,04_outputs/predictions/19_singlesource_newseeds/19_A_fgm_ben_sarc_binary_seed77_to_banglasarc_binary.csv,A,1,"[""ben_sarc_binary""]",True,6970de89ef36b0ad
,fgm,,,,csebuetnlp/banglabert,ben_sarc_binary,banglasarc3_binary,77,False,,,791,0,0,791,0.8015889878889814,0.8021077283372365,0.643328342808911,0.6447534766118836,0.6433568454849705,0.6469766837695654,0.6446745940416827,0.7070707070707071,0.5822784810126582,1.5742358412535438,0.2247749288981305,0.1519514014755023,0.5455556243697127,0.484945403901611,"[[280, 116], [165, 230]]",372.8776512145996,,04_outputs/predictions/19_singlesource_newseeds/19_A_fgm_ben_sarc_binary_seed77_to_banglasarc3_binary.csv,A,1,"[""ben_sarc_binary""]",True,6970de89ef36b0ad
,fgm,,,,csebuetnlp/banglabert,ben_sarc_binary,ben_sarc_binary,314,True,,,2563,0,0,2563,0.8067467876847878,0.8067915690866511,0.795513954258875,0.795552087397581,0.7955128647406262,0.7957844753933925,0.7955575365871778,0.8095238095238095,0.781591263650546,1.4228440635308366,0.0650132798180158,0.0241221460706409,0.2931764726301603,0.2831657156216862,"[[1037, 244], [280, 1002]]",383.1025955677033,,04_outputs/predictions/19_singlesource_newseeds/19_A_fgm_ben_sarc_binary_seed314_to_ben_sarc_binary.csv,A,1,"[""ben_sarc_binary""]",False,6970de89ef36b0ad
,fgm,,,,csebuetnlp/banglabert,ben_sarc_binary,banglasarc_binary,314,False,,,464,0,0,464,0.8067467876847878,0.8067915690866511,0.6052654098814527,0.6357758620689655,0.6364854074686751,0.6048841640758199,0.6057046979865772,0.7114093959731543,0.5,1.4228440635308366,0.2159818885243836,0.1617199430248612,0.5275891885897788,0.4805906663995734,"[[212, 86], [83, 83]]",383.1025955677033,,04_outputs/predictions/19_singlesource_newseeds/19_A_fgm_ben_sarc_binary_seed314_to_banglasarc_binary.csv,A,1,"[""ben_sarc_binary""]",True,6970de89ef36b0ad
,fgm,,,,csebuetnlp/banglabert,ben_sarc_binary,banglasarc3_binary,314,False,,,791,0,0,791,0.8067467876847878,0.8067915690866511,0.6459220606479172,0.6460176991150443,0.6459294174530809,0.6461437055239851,0.6459979542258023,0.6616161616161617,0.6303797468354431,1.4228440635308366,0.2063519299376282,0.152544061786035,0.5280472343444561,0.4817021634054957,"[[262, 134], [146, 249]]",383.1025955677033,,04_outputs/predictions/19_singlesource_newseeds/19_A_fgm_ben_sarc_binary_seed314_to_banglasarc3_binary.csv,A,1,"[""ben_sarc_binary""]",True,6970de89ef36b0ad
,fgm,,,,csebuetnlp/banglabert,ben_sarc_binary,ben_sarc_binary,1337,True,,,2563,0,0,2563,0.8075566996251132,0.8075722092115535,0.8084135078332371,0.8084276238782676,0.8084128661948266,0.8085261576769955,0.8084310960260425,0.8173302107728337,0.7995319812792512,1.0191595884588327,0.0078163486732834,0.0062910872298315,0.2714244929346326,0.2714082750461907,"[[1047, 234], [257, 1025]]",306.9755930900574,,04_outputs/predictions/19_singlesource_newseeds/19_A_fgm_ben_sarc_binary_seed1337_to_ben_sarc_binary.csv,A,1,"[""ben_sarc_binary""]",False,6970de89ef36b0ad
,fgm,,,,csebuetnlp/banglabert,ben_sarc_binary,banglasarc_binary,1337,False,,,464,0,0,464,0.8075566996251132,0.8075722092115535,0.5702630702630702,0.6163793103448276,0.6103113840182806,0.57379167743603,0.5692568933451929,0.7348993288590604,0.4036144578313253,1.0191595884588327,0.1819723485503961,0.1789554864860411,0.5055585797711887,0.5030412776401821,"[[219, 79], [99, 67]]",306.9755930900574,,04_outputs/predictions/19_singlesource_newseeds/19_A_fgm_ben_sarc_binary_seed1337_to_banglasarc_binary.csv,A,1,"[""ben_sarc_binary""]",True,6970de89ef36b0ad
,fgm,,,,csebuetnlp/banglabert,ben_sarc_binary,banglasarc3_binary,1337,False,,,791,0,0,791,0.8075566996251132,0.8075722092115535,0.6484511887861464,0.6485461441213654,0.6484584930427018,0.6486746787487842,0.6485264032732387,0.6641414141414141,0.6329113924050633,1.0191595884588327,0.1532754001866714,0.1502422067200692,0.4803105652791077,0.4783261593314732,"[[263, 133], [145, 250]]",306.9755930900574,,04_outputs/predictions/19_singlesource_newseeds/19_A_fgm_ben_sarc_binary_seed1337_to_banglasarc3_binary.csv,A,1,"[""ben_sarc_binary""]",True,6970de89ef36b0ad
,fgm,,,,csebuetnlp/banglabert,banglasarc_binary,ben_sarc_binary,2025,False,,,2563,0,0,2563,0.9905836892414074,0.9913606911447084,0.3456015387491465,0.5017557549746391,0.3454768149342699,0.5434980812671801,0.5019464244611939,0.990632318501171,0.0132605304212168,1.0471732488627912,0.4958704608060935,0.4952598973166422,0.9913081631524728,0.990059265328122,"[[1269, 12], [1265, 17]]",89.76738691329956,,04_outputs/predictions/19_singlesource_newseeds/19_A_fgm_banglasarc_binary_seed2025_to_ben_sarc_binary.csv,A,1,"[""banglasarc_binary""]",True,6970de89ef36b0ad
,fgm,,,,csebuetnlp/banglabert,banglasarc_binary,banglasarc_binary,2025,True,,,464,0,0,464,0.9905836892414074,0.9913606911447084,0.981085543077268,0.9827586206896552,0.9826858781847688,0.9853618421052632,0.9772378103016092,0.9966442953020134,0.9578313253012049,1.0471732488627912,0.0121139157470891,0.0113068781663237,0.0303570592061965,0.0301197038697787,"[[297, 1], [7, 159]]",89.76738691329956,,04_outputs/predictions/19_singlesource_newseeds/19_A_fgm_banglasarc_binary_seed2025_to_banglasarc_binary.csv,A,1,"[""banglasarc_binary""]",False,6970de89ef36b0ad
,fgm,,,,csebuetnlp/banglabert,banglasarc_binary,banglasarc3_binary,2025,False,,,791,25,29,762,0.9905836892414074,0.9913606911447084,0.3347034171502256,0.4881889763779528,0.3263162281213881,0.5437252311756935,0.5011408993457924,0.9946091644204852,0.0076726342710997,1.0471732488627912,0.5082191640764764,0.5075428541183326,1.0166971332372197,1.0154051227819056,"[[369, 2], [388, 3]]",89.76738691329956,,04_outputs/predictions/19_singlesource_newseeds/19_A_fgm_banglasarc_binary_seed2025_to_banglasarc3_binary.csv,A,1,"[""banglasarc_binary""]",True,6970de89ef36b0ad
,fgm,,,,csebuetnlp/banglabert,banglasarc_binary,ben_sarc_binary,13,False,,,2563,0,0,2563,0.9882766408904688,0.9892008639308856,0.344392290278435,0.500585251658213,0.3442674357929196,0.5167653638636662,0.5007757687356674,0.989071038251366,0.0124804992199688,0.9558185430662668,0.4911611007022927,0.4921526723549897,0.9847406802262478,0.9865080426990214,"[[1267, 14], [1266, 16]]",87.60771369934082,,04_outputs/predictions/19_singlesource_newseeds/19_A_fgm_banglasarc_binary_seed13_to_ben_sarc_binary.csv,A,1,"[""banglasarc_binary""]",True,6970de89ef36b0ad
,fgm,,,,csebuetnlp/banglabert,banglasarc_binary,banglasarc_binary,13,True,,,464,0,0,464,0.9882766408904688,0.9892008639308856,0.981138211382114,0.9827586206896552,0.9827109615923746,0.98389338565939,0.9785720061453868,0.9932885906040269,0.963855421686747,0.9558185430662668,0.0117669401061809,0.0119998196506741,0.0316402341738291,0.0317592923428362,"[[296, 2], [6, 160]]",87.60771369934082,,04_outputs/predictions/19_singlesource_newseeds/19_A_fgm_banglasarc_binary_seed13_to_banglasarc_binary.csv,A,1,"[""banglasarc_binary""]",False,6970de89ef36b0ad
,fgm,,,,csebuetnlp/banglabert,banglasarc_binary,banglasarc3_binary,13,False,,,791,25,29,762,0.9882766408904688,0.9892008639308856,0.3325097704505638,0.4881889763779528,0.3240489440414665,0.5770750988142292,0.5012098358621545,0.9973045822102424,0.0051150895140664,0.9558185430662668,0.504844263587265,0.5058624455742221,1.009092813258652,1.0111311055003125,"[[370, 1], [389, 2]]",87.60771369934082,,04_outputs/predictions/19_singlesource_newseeds/19_A_fgm_banglasarc_binary_seed13_to_banglasarc3_binary.csv,A,1,"[""banglasarc_binary""]",True,6970de89ef36b0ad
,fgm,,,,csebuetnlp/banglabert,banglasarc_binary,ben_sarc_binary,77,False,,,2563,0,0,2563,0.9859503965042888,0.9870410367170628,0.343367903231995,0.4998049161139289,0.343242853661346,0.4999013028030004,0.4999954330725922,0.9882903981264636,0.0117004680187207,1.2913341554908353,0.4960806106816651,0.49197798354077,0.9930263777422454,0.9855549316974196,"[[1266, 15], [1267, 15]]",121.82756781578064,,04_outputs/predictions/19_singlesource_newseeds/19_A_fgm_banglasarc_binary_seed77_to_ben_sarc_binary.csv,A,1,"[""banglasarc_binary""]",True,6970de89ef36b0ad
,fgm,,,,csebuetnlp/banglabert,banglasarc_binary,banglasarc_binary,77,True,,,464,0,0,464,0.9859503965042888,0.9870410367170628,0.9740290138250725,0.976293103448276,0.9762104724401296,0.9774819096816514,0.9708700574108514,0.9899328859060402,0.9518072289156626,1.2913341554908353,0.0182135922776623,0.0133547970438693,0.0345711351476481,0.0321136665022429,"[[295, 3], [8, 158]]",121.82756781578064,,04_outputs/predictions/19_singlesource_newseeds/19_A_fgm_banglasarc_binary_seed77_to_banglasarc_binary.csv,A,1,"[""banglasarc_binary""]",False,6970de89ef36b0ad
,fgm,,,,csebuetnlp/banglabert,banglasarc_binary,banglasarc3_binary,77,False,,,791,25,29,762,0.9859503965042888,0.9870410367170628,0.3362472848788638,0.4868766404199475,0.3279481468325231,0.493368700265252,0.4997242539345516,0.9892183288409704,0.0102301790281329,1.2913341554908353,0.509301709271914,0.5054842146618099,1.0188834479996491,1.0113214051025718,"[[367, 4], [387, 4]]",121.82756781578064,,04_outputs/predictions/19_singlesource_newseeds/19_A_fgm_banglasarc_binary_seed77_to_banglasarc3_binary.csv,A,1,"[""banglasarc_binary""]",True,6970de89ef36b0ad
,fgm,,,,csebuetnlp/banglabert,banglasarc_binary,ben_sarc_binary,314,False,,,2563,0,0,2563,0.992947269542258,0.9935205183585312,0.3390254131076105,0.4990245805696449,0.3388985303419784,0.474705072748722,0.4992166197186529,0.9914129586260734,0.0070202808112324,0.6244526257835614,0.4849427955718235,0.4969167420592115,0.973568549327288,0.9944638584315378,"[[1270, 11], [1273, 9]]",66.52748322486877,,04_outputs/predictions/19_singlesource_newseeds/19_A_fgm_banglasarc_binary_seed314_to_ben_sarc_binary.csv,A,1,"[""banglasarc_binary""]",True,6970de89ef36b0ad
,fgm,,,,csebuetnlp/banglabert,banglasarc_binary,banglasarc_binary,314,True,,,464,0,0,464,0.992947269542258,0.9935205183585312,0.9858141573079512,0.9870689655172412,0.9870144086385766,0.9901315789473684,0.9819277108433736,1.0,0.963855421686747,0.6244526257835614,0.0130873960760095,0.0135744894582195,0.0278386422430553,0.0275788267050231,"[[298, 0], [6, 160]]",66.52748322486877,,04_outputs/predictions/19_singlesource_newseeds/19_A_fgm_banglasarc_binary_seed314_to_banglasarc_binary.csv,A,1,"[""banglasarc_binary""]",False,6970de89ef36b0ad
,fgm,,,,csebuetnlp/banglabert,banglasarc_binary,banglasarc3_binary,314,False,,,791,25,29,762,0.992947269542258,0.9935205183585312,0.3319012007938021,0.4868766404199475,0.3234556727487805,0.4934036939313984,0.4998621269672758,0.9946091644204852,0.0051150895140664,0.6244526257835614,0.5003016756545143,0.5110703719222784,0.9983841869759764,1.0209923408607815,"[[369, 2], [389, 2]]",66.52748322486877,,04_outputs/predictions/19_singlesource_newseeds/19_A_fgm_banglasarc_binary_seed314_to_banglasarc3_binary.csv,A,1,"[""banglasarc_binary""]",True,6970de89ef36b0ad
,fgm,,,,csebuetnlp/banglabert,banglasarc_binary,ben_sarc_binary,1337,False,,,2563,0,0,2563,0.9813155770782888,0.9827213822894167,0.3557904636272039,0.5017557549746391,0.3556708199457716,0.5208914835344839,0.501941553071959,0.9781420765027322,0.0257410296411856,0.7853722054247516,0.4738769816645164,0.4844777110893355,0.9530430948836832,0.9705722741427236,"[[1253, 28], [1249, 33]]",70.30684089660645,,04_outputs/predictions/19_singlesource_newseeds/19_A_fgm_banglasarc_binary_seed1337_to_ben_sarc_binary.csv,A,1,"[""banglasarc_binary""]",True,6970de89ef36b0ad
,fgm,,,,csebuetnlp/banglabert,banglasarc_binary,banglasarc_binary,1337,True,,,464,0,0,464,0.9813155770782888,0.9827213822894167,0.972007722007722,0.9741379310344828,0.974204500066569,0.9696678671468588,0.9745289884369694,0.9731543624161074,0.9759036144578314,0.7853722054247516,0.0132004891973919,0.0152338008647463,0.0375619967428402,0.0394346707590225,"[[290, 8], [4, 162]]",70.30684089660645,,04_outputs/predictions/19_singlesource_newseeds/19_A_fgm_banglasarc_binary_seed1337_to_banglasarc_binary.csv,A,1,"[""banglasarc_binary""]",False,6970de89ef36b0ad
,fgm,,,,csebuetnlp/banglabert,banglasarc_binary,banglasarc3_binary,1337,False,,,791,25,29,762,0.9813155770782888,0.9827213822894167,0.3453479449898675,0.484251968503937,0.3374331858152766,0.4675876010781671,0.4966841535629838,0.9703504043126684,0.0230179028132992,0.7853722054247516,0.4926927466200422,0.5008277060396922,0.9819757728852028,1.003260925033667,"[[360, 11], [382, 9]]",70.30684089660645,,04_outputs/predictions/19_singlesource_newseeds/19_A_fgm_banglasarc_binary_seed1337_to_banglasarc3_binary.csv,A,1,"[""banglasarc_binary""]",True,6970de89ef36b0ad
,fgm,,,,csebuetnlp/banglabert,banglasarc3_binary,ben_sarc_binary,2025,False,,,2563,0,0,2563,0.7596590545640631,0.7597977243994943,0.6656167954802676,0.6687475614514241,0.6656294195366029,0.6752466498754575,0.6687099099889053,0.5722092115534738,0.765210608424337,1.1429981287736064,0.0885397470080603,0.0655369534606614,0.4366552894135994,0.4289500132998883,"[[733, 548], [301, 981]]",105.81674027442932,,04_outputs/predictions/19_singlesource_newseeds/19_A_fgm_banglasarc3_binary_seed2025_to_ben_sarc_binary.csv,A,1,"[""banglasarc3_binary""]",True,6970de89ef36b0ad
,fgm,,,,csebuetnlp/banglabert,banglasarc3_binary,banglasarc_binary,2025,False,,,464,24,28,436,0.7596590545640631,0.7597977243994943,0.5936144649716875,0.6032110091743119,0.608510593286209,0.5954565635637117,0.6007362784471219,0.6111111111111112,0.5903614457831325,1.1429981287736064,0.1627267352429403,0.1419771062331637,0.5321678681532697,0.5177447004486068,"[[165, 105], [68, 98]]",105.81674027442932,,04_outputs/predictions/19_singlesource_newseeds/19_A_fgm_banglasarc3_binary_seed2025_to_banglasarc_binary.csv,A,1,"[""banglasarc3_binary""]",True,6970de89ef36b0ad
,fgm,,,,csebuetnlp/banglabert,banglasarc3_binary,banglasarc3_binary,2025,True,,,791,0,0,791,0.7596590545640631,0.7597977243994943,0.7521454424535421,0.7522123893805309,0.7521402926899274,0.7525281941653119,0.752234369006521,0.7348484848484849,0.769620253164557,1.1429981287736064,0.0363487921494855,0.0343603284713921,0.3268265705022154,0.3256250574959801,"[[291, 105], [91, 304]]",105.81674027442932,,04_outputs/predictions/19_singlesource_newseeds/19_A_fgm_banglasarc3_binary_seed2025_to_banglasarc3_binary.csv,A,1,"[""banglasarc3_binary""]",False,6970de89ef36b0ad
,fgm,,,,csebuetnlp/banglabert,banglasarc3_binary,ben_sarc_binary,13,False,,,2563,0,0,2563,0.7645803197685582,0.7648546144121365,0.6660109636853824,0.6687475614514241,0.6660227593654084,0.6744037390236994,0.6687123456835229,0.5784543325526932,0.7589703588143526,1.5133798259876905,0.1377470719302606,0.0654177312678041,0.4632411502138318,0.431679577929727,"[[741, 540], [309, 973]]",136.99464440345764,,04_outputs/predictions/19_singlesource_newseeds/19_A_fgm_banglasarc3_binary_seed13_to_ben_sarc_binary.csv,A,1,"[""banglasarc3_binary""]",True,6970de89ef36b0ad
,fgm,,,,csebuetnlp/banglabert,banglasarc3_binary,banglasarc_binary,13,False,,,464,24,28,436,0.7645803197685582,0.7648546144121365,0.6061935483870968,0.6146788990825688,0.6199822432672388,0.6084423807513719,0.614636323070058,0.6148148148148148,0.6144578313253012,1.5133798259876905,0.1693543733805302,0.1011248268691396,0.531882046879089,0.4878511791154192,"[[166, 104], [64, 102]]",136.99464440345764,,04_outputs/predictions/19_singlesource_newseeds/19_A_fgm_banglasarc3_binary_seed13_to_banglasarc_binary.csv,A,1,"[""banglasarc3_binary""]",True,6970de89ef36b0ad
,fgm,,,,csebuetnlp/banglabert,banglasarc3_binary,banglasarc3_binary,13,True,,,791,0,0,791,0.7645803197685582,0.7648546144121365,0.7644446294541076,0.7648546144121365,0.7644322056675007,0.766822496104264,0.7649085794655415,0.7222222222222222,0.8075949367088607,1.5133798259876905,0.0657583577123921,0.0362058456051867,0.324898762824629,0.318005858490806,"[[286, 110], [76, 319]]",136.99464440345764,,04_outputs/predictions/19_singlesource_newseeds/19_A_fgm_banglasarc3_binary_seed13_to_banglasarc3_binary.csv,A,1,"[""banglasarc3_binary""]",False,6970de89ef36b0ad
,fgm,,,,csebuetnlp/banglabert,banglasarc3_binary,ben_sarc_binary,77,False,,,2563,0,0,2563,0.7660949111037584,0.7661188369152971,0.654442285434272,0.6562621927428794,0.6544520698821678,0.6595776175620338,0.6562339776963444,0.5839188134270101,0.7285491419656787,1.1024683850884562,0.0871902160687768,0.0706846024038791,0.4419314341114955,0.4366472490242837,"[[748, 533], [348, 934]]",106.34359645843506,,04_outputs/predictions/19_singlesource_newseeds/19_A_fgm_banglasarc3_binary_seed77_to_ben_sarc_binary.csv,A,1,"[""banglasarc3_binary""]",True,6970de89ef36b0ad
,fgm,,,,csebuetnlp/banglabert,banglasarc3_binary,banglasarc_binary,77,False,,,464,24,28,436,0.7660949111037584,0.7661188369152971,0.5516273381694877,0.5756880733944955,0.5764027486982085,0.5514815061055337,0.5518295403837573,0.6518518518518519,0.4518072289156626,1.1024683850884562,0.1590859181110855,0.1458158882282876,0.5392317573799652,0.5279061881972533,"[[176, 94], [91, 75]]",106.34359645843506,,04_outputs/predictions/19_singlesource_newseeds/19_A_fgm_banglasarc3_binary_seed77_to_banglasarc_binary.csv,A,1,"[""banglasarc3_binary""]",True,6970de89ef36b0ad
,fgm,,,,csebuetnlp/banglabert,banglasarc3_binary,banglasarc3_binary,77,True,,,791,0,0,791,0.7660949111037584,0.7661188369152971,0.7762326169405815,0.7762326169405815,0.7762326169405815,0.7762338575629715,0.7762338575629715,0.7752525252525253,0.7772151898734178,1.1024683850884562,0.0318517442054653,0.0363478573342527,0.3222127108585826,0.3227866738971093,"[[307, 89], [88, 307]]",106.34359645843506,,04_outputs/predictions/19_singlesource_newseeds/19_A_fgm_banglasarc3_binary_seed77_to_banglasarc3_binary.csv,A,1,"[""banglasarc3_binary""]",False,6970de89ef36b0ad
,fgm,,,,csebuetnlp/banglabert,banglasarc3_binary,ben_sarc_binary,314,False,,,2563,0,0,2563,0.7648452184587058,0.7648546144121365,0.6527417488734624,0.6527506827936013,0.6527424360980884,0.6527633144670864,0.6527488031605574,0.6479313036690086,0.6575663026521061,1.116737782501535,0.1051503431644635,0.0877082892550639,0.4574860493566006,0.4499358092496981,"[[830, 451], [439, 843]]",107.16626119613647,,04_outputs/predictions/19_singlesource_newseeds/19_A_fgm_banglasarc3_binary_seed314_to_ben_sarc_binary.csv,A,1,"[""banglasarc3_binary""]",True,6970de89ef36b0ad
,fgm,,,,csebuetnlp/banglabert,banglasarc3_binary,banglasarc_binary,314,False,,,464,24,28,436,0.7648452184587058,0.7648546144121365,0.6075130749816371,0.6261467889908257,0.6279120882127489,0.606776135741653,0.6088130298973673,0.6814814814814815,0.536144578313253,1.116737782501535,0.1229408007016507,0.1118757833663161,0.4975933237517695,0.4877666567590044,"[[184, 86], [77, 89]]",107.16626119613647,,04_outputs/predictions/19_singlesource_newseeds/19_A_fgm_banglasarc3_binary_seed314_to_banglasarc_binary.csv,A,1,"[""banglasarc3_binary""]",True,6970de89ef36b0ad
,fgm,,,,csebuetnlp/banglabert,banglasarc3_binary,banglasarc3_binary,314,True,,,791,0,0,791,0.7648452184587058,0.7648546144121365,0.7632028457217321,0.7635903919089759,0.7632149565400834,0.7652224824355972,0.7635404679708477,0.803030303030303,0.7240506329113924,1.116737782501535,0.0277169201501752,0.0404498966758584,0.3315565857324519,0.3307345707941816,"[[318, 78], [109, 286]]",107.16626119613647,,04_outputs/predictions/19_singlesource_newseeds/19_A_fgm_banglasarc3_binary_seed314_to_banglasarc3_binary.csv,A,1,"[""banglasarc3_binary""]",False,6970de89ef36b0ad
,fgm,,,,csebuetnlp/banglabert,banglasarc3_binary,ben_sarc_binary,1337,False,,,2563,0,0,2563,0.7673826876358522,0.7673830594184576,0.6812311832073794,0.6812329301599688,0.6812314743661443,0.6812354312354312,0.6812321204791986,0.6791569086651054,0.6833073322932918,2.9112876776814,0.2443710369356997,0.0756193959223028,0.5472032321974518,0.4321158065508,"[[870, 411], [406, 876]]",193.58235812187195,,04_outputs/predictions/19_singlesource_newseeds/19_A_fgm_banglasarc3_binary_seed1337_to_ben_sarc_binary.csv,A,1,"[""banglasarc3_binary""]",True,6970de89ef36b0ad
,fgm,,,,csebuetnlp/banglabert,banglasarc3_binary,banglasarc_binary,1337,False,,,464,24,28,436,0.7673826876358522,0.7673830594184576,0.634530781747358,0.6490825688073395,0.651926021451244,0.6333722110628739,0.6377733154841589,0.6851851851851852,0.5903614457831325,2.9112876776814,0.2751252374341751,0.1083869259395969,0.5962492845736158,0.4630828797942389,"[[185, 85], [68, 98]]",193.58235812187195,,04_outputs/predictions/19_singlesource_newseeds/19_A_fgm_banglasarc3_binary_seed1337_to_banglasarc_binary.csv,A,1,"[""banglasarc3_binary""]",True,6970de89ef36b0ad
,fgm,,,,csebuetnlp/banglabert,banglasarc3_binary,banglasarc3_binary,1337,True,,,791,0,0,791,0.7673826876358522,0.7673830594184576,0.763584346255584,0.7635903919089759,0.7635828348422361,0.7636317135549873,0.7635980053701572,0.7575757575757576,0.769620253164557,2.9112876776814,0.1878191582009086,0.0339249976607668,0.4076767562171914,0.3349439616450838,"[[300, 96], [91, 304]]",193.58235812187195,,04_outputs/predictions/19_singlesource_newseeds/19_A_fgm_banglasarc3_binary_seed1337_to_banglasarc3_binary.csv,A,1,"[""banglasarc3_binary""]",False,6970de89ef36b0ad
