item_id,gold_label,pred_label,logit_0,logit_1,prob_0,prob_1,temperature,system,source,target,seed
75b57cb785399524,1,0,-0.17285156,-0.37695312,0.5508489931199614,0.44915100688003856,1.3670647845894541,dann_matched,banglasarc3_binary+ben_sarc_binary,banglasarc3_binary,123
ea89903ebde9ec48,0,0,1.7421875,-2.171875,0.9804313244446876,0.01956867555531235,1.3670647845894541,dann_matched,banglasarc3_binary+ben_sarc_binary,banglasarc3_binary,123
7985dbfde1b7e765,1,1,-0.40820312,-0.022216797,0.40468388273132944,0.5953161172686705,1.3670647845894541,dann_matched,banglasarc3_binary+ben_sarc_binary,banglasarc3_binary,123
d0c67c93af7f80e7,0,0,1.0,-1.59375,0.9304582554941719,0.06954174450582809,1.3670647845894541,dann_matched,banglasarc3_binary+ben_sarc_binary,banglasarc3_binary,123
050e2a5781c6d2a8,1,1,-1.3515625,0.84375,0.10017221862592252,0.8998277813740775,1.3670647845894541,dann_matched,banglasarc3_binary+ben_sarc_binary,banglasarc3_binary,123
510f4f1ce14fbaae,1,0,-0.140625,-0.40039062,0.5645786763641139,0.43542132363588604,1.3670647845894541,dann_matched,banglasarc3_binary+ben_sarc_binary,banglasarc3_binary,123
1e477c743f0a9075,0,0,1.2578125,-1.5625,0.9437636542955161,0.056236345704483756,1.3670647845894541,dann_matched,banglasarc3_binary+ben_sarc_binary,banglasarc3_binary,123
8bc8673823772559,1,1,-0.24023438,-0.22460938,0.4960938294709195,0.5039061705290805,1.3670647845894541,dann_matched,banglasarc3_binary+ben_sarc_binary,banglasarc3_binary,123
bd8f33b2d8745739,1,1,-1.6796875,1.046875,0.06142404005467019,0.9385759599453297,1.3670647845894541,dann_matched,banglasarc3_binary+ben_sarc_binary,banglasarc3_binary,123
f38f331e6bcc6f51,0,0,1.9296875,-2.46875,0.9878528299001947,0.012147170099805133,1.3670647845894541,dann_matched,banglasarc3_binary+ben_sarc_binary,banglasarc3_binary,123
711571c05022201a,1,1,-1.4921875,0.94140625,0.08064661487644824,0.9193533851235517,1.3670647845894541,dann_matched,banglasarc3_binary+ben_sarc_binary,banglasarc3_binary,123
e16f46a1ebdb3d2c,1,1,-0.828125,0.22460938,0.25870037155727854,0.7412996284427215,1.3670647845894541,dann_matched,banglasarc3_binary+ben_sarc_binary,banglasarc3_binary,123
96f8f1c864b37ed7,0,1,-1.6171875,1.21875,0.05541279438176918,0.944587205618231,1.3670647845894541,dann_matched,banglasarc3_binary+ben_sarc_binary,banglasarc3_binary,123
f479880c55bd2491,0,0,-0.0057373047,-0.48242188,0.6169646792976795,0.38303532070232055,1.3670647845894541,dann_matched,banglasarc3_binary+ben_sarc_binary,banglasarc3_binary,123
65fbbf2f8d05469a,1,0,-0.22265625,-0.421875,0.5496406174710619,0.45035938252893815,1.3670647845894541,dann_matched,banglasarc3_binary+ben_sarc_binary,banglasarc3_binary,123
8c201fa1f055e850,1,0,0.46289062,-0.9765625,0.8083699504265036,0.1916300495734963,1.3670647845894541,dann_matched,banglasarc3_binary+ben_sarc_binary,banglasarc3_binary,123
eb85c00573b45dd3,1,1,-1.1796875,0.62109375,0.14175599046041915,0.8582440095395809,1.3670647845894541,dann_matched,banglasarc3_binary+ben_sarc_binary,banglasarc3_binary,123
db73ddb0d256ba8f,1,0,-0.076171875,-0.4296875,0.5874698484151127,0.41253015158488726,1.3670647845894541,dann_matched,banglasarc3_binary+ben_sarc_binary,banglasarc3_binary,123
108f2ff9574fa860,1,0,0.011352539,-0.59765625,0.6477146603225123,0.3522853396774876,1.3670647845894541,dann_matched,banglasarc3_binary+ben_sarc_binary,banglasarc3_binary,123
651cfe2be094f7d4,0,0,0.93359375,-1.4296875,0.9139841186828943,0.08601588131710575,1.3670647845894541,dann_matched,banglasarc3_binary+ben_sarc_binary,banglasarc3_binary,123
701194ab8ff79d41,1,1,-1.625,1.046875,0.06465348835622392,0.9353465116437761,1.3670647845894541,dann_matched,banglasarc3_binary+ben_sarc_binary,banglasarc3_binary,123
7d54a3089303d820,1,1,-1.7421875,1.171875,0.05146276543260743,0.9485372345673925,1.3670647845894541,dann_matched,banglasarc3_binary+ben_sarc_binary,banglasarc3_binary,123
07a4bfe2a5a2e5ca,1,1,-0.63671875,0.08105469,0.32788347547829344,0.6721165245217066,1.3670647845894541,dann_matched,banglasarc3_binary+ben_sarc_binary,banglasarc3_binary,123
8e8d800bdbdaaff7,0,0,0.6484375,-1.0390625,0.8438951025545426,0.1561048974454574,1.3670647845894541,dann_matched,banglasarc3_binary+ben_sarc_binary,banglasarc3_binary,123
c015494f033a38d6,0,1,-1.28125,0.61328125,0.13072868194347032,0.8692713180565296,1.3670647845894541,dann_matched,banglasarc3_binary+ben_sarc_binary,banglasarc3_binary,123
ce91a1211be5691e,0,1,-0.25976562,-0.1875,0.48194145202657696,0.5180585479734231,1.3670647845894541,dann_matched,banglasarc3_binary+ben_sarc_binary,banglasarc3_binary,123
b67fe2f1724da4fc,0,0,0.41796875,-0.82421875,0.7759445507683053,0.2240554492316947,1.3670647845894541,dann_matched,banglasarc3_binary+ben_sarc_binary,banglasarc3_binary,123
c82b33bcfb8e93ad,1,1,-1.6171875,0.9140625,0.07369626970604846,0.9263037302939515,1.3670647845894541,dann_matched,banglasarc3_binary+ben_sarc_binary,banglasarc3_binary,123
94ad7e948eed42c2,1,1,-1.3515625,0.79296875,0.10484336403025446,0.8951566359697456,1.3670647845894541,dann_matched,banglasarc3_binary+ben_sarc_binary,banglasarc3_binary,123
7065829cdc40567b,1,1,-0.8359375,0.26953125,0.24871661839211975,0.7512833816078802,1.3670647845894541,dann_matched,banglasarc3_binary+ben_sarc_binary,banglasarc3_binary,123
80cf082fa6d9ed32,0,0,-0.28515625,-0.3359375,0.5126925850490733,0.4873074149509266,1.3670647845894541,dann_matched,banglasarc3_binary+ben_sarc_binary,banglasarc3_binary,123
082cc009d05d3e6a,0,0,1.2109375,-1.5703125,0.941654159388319,0.05834584061168106,1.3670647845894541,dann_matched,banglasarc3_binary+ben_sarc_binary,banglasarc3_binary,123
91675e6a7e696d31,1,1,-1.671875,1.046875,0.061875985723642724,0.9381240142763573,1.3670647845894541,dann_matched,banglasarc3_binary+ben_sarc_binary,banglasarc3_binary,123
0f26e9a22c5ac1d7,0,1,-1.1875,0.65234375,0.137069773035303,0.862930226964697,1.3670647845894541,dann_matched,banglasarc3_binary+ben_sarc_binary,banglasarc3_binary,123
9a4c63e1a0b50046,0,0,0.9296875,-1.4765625,0.9173026573249612,0.08269734267503885,1.3670647845894541,dann_matched,banglasarc3_binary+ben_sarc_binary,banglasarc3_binary,123
dd8a11641c9c1035,1,0,-0.15332031,-0.328125,0.5435902306396628,0.4564097693603371,1.3670647845894541,dann_matched,banglasarc3_binary+ben_sarc_binary,banglasarc3_binary,123
947e78373e8ee90d,1,1,-1.390625,0.86328125,0.09501305198790386,0.9049869480120961,1.3670647845894541,dann_matched,banglasarc3_binary+ben_sarc_binary,banglasarc3_binary,123
a93bffde267df6fb,0,0,-0.19335938,-0.24609375,0.5131805393956809,0.4868194606043191,1.3670647845894541,dann_matched,banglasarc3_binary+ben_sarc_binary,banglasarc3_binary,123
2b6006a4aa890634,0,1,-0.8203125,0.28515625,0.24871661839211975,0.7512833816078802,1.3670647845894541,dann_matched,banglasarc3_binary+ben_sarc_binary,banglasarc3_binary,123
08c0f13f45787db9,0,0,1.390625,-1.625,0.9532750413739076,0.04672495862609242,1.3670647845894541,dann_matched,banglasarc3_binary+ben_sarc_binary,banglasarc3_binary,123
ec266bb4c5478b18,1,1,-1.140625,0.61328125,0.1475551828016634,0.8524448171983366,1.3670647845894541,dann_matched,banglasarc3_binary+ben_sarc_binary,banglasarc3_binary,123
073d86cef983e918,1,0,0.04711914,-0.5078125,0.6352790106301718,0.36472098936982816,1.3670647845894541,dann_matched,banglasarc3_binary+ben_sarc_binary,banglasarc3_binary,123
67edcfa910eb831c,1,1,-0.6640625,0.118652344,0.31373507023695396,0.686264929763046,1.3670647845894541,dann_matched,banglasarc3_binary+ben_sarc_binary,banglasarc3_binary,123
04d2c1127101c192,1,1,-0.77734375,0.35742188,0.24328269433676913,0.7567173056632309,1.3670647845894541,dann_matched,banglasarc3_binary+ben_sarc_binary,banglasarc3_binary,123
876b4804c6fc5b43,1,1,-0.953125,0.33789062,0.21568095536429607,0.7843190446357039,1.3670647845894541,dann_matched,banglasarc3_binary+ben_sarc_binary,banglasarc3_binary,123
34dbd0864564cfc0,0,0,0.31640625,-0.9140625,0.7739006059522892,0.22609939404771076,1.3670647845894541,dann_matched,banglasarc3_binary+ben_sarc_binary,banglasarc3_binary,123
63a49fd32ab811fd,0,0,-0.083984375,-0.41601562,0.5822535290212147,0.41774647097878526,1.3670647845894541,dann_matched,banglasarc3_binary+ben_sarc_binary,banglasarc3_binary,123
9f666c15fa725558,0,0,1.078125,-1.6171875,0.9367494780065266,0.06325052199347325,1.3670647845894541,dann_matched,banglasarc3_binary+ben_sarc_binary,banglasarc3_binary,123
265176b36196d1b2,0,0,0.076171875,-0.6015625,0.6632328459389722,0.3367671540610278,1.3670647845894541,dann_matched,banglasarc3_binary+ben_sarc_binary,banglasarc3_binary,123
96de00b59977a347,1,1,-0.43164062,-0.18164062,0.4378234991142019,0.5621765008857981,1.3670647845894541,dann_matched,banglasarc3_binary+ben_sarc_binary,banglasarc3_binary,123
4a51117b4af25a2c,1,1,-1.4296875,0.80078125,0.09704755697933022,0.9029524430206697,1.3670647845894541,dann_matched,banglasarc3_binary+ben_sarc_binary,banglasarc3_binary,123
aaa1c8bb9251740a,1,0,-0.015258789,-0.32421875,0.5766313791159937,0.4233686208840064,1.3670647845894541,dann_matched,banglasarc3_binary+ben_sarc_binary,banglasarc3_binary,123
b956c99bea48b45e,0,0,0.25390625,-0.95703125,0.7704647868335476,0.2295352131664525,1.3670647845894541,dann_matched,banglasarc3_binary+ben_sarc_binary,banglasarc3_binary,123
a7f029b1664720b2,0,0,1.75,-2.171875,0.9805806518175514,0.0194193481824486,1.3670647845894541,dann_matched,banglasarc3_binary+ben_sarc_binary,banglasarc3_binary,123
1f65da3aad7897f2,0,0,1.984375,-2.4375,0.9881308789536605,0.011869121046339474,1.3670647845894541,dann_matched,banglasarc3_binary+ben_sarc_binary,banglasarc3_binary,123
e299df642da32c11,1,0,0.28320312,-0.83984375,0.7545534430129951,0.24544655698700496,1.3670647845894541,dann_matched,banglasarc3_binary+ben_sarc_binary,banglasarc3_binary,123
281dcf0e5128a950,1,1,-1.6953125,1.3515625,0.04535258055430642,0.9546474194456936,1.3670647845894541,dann_matched,banglasarc3_binary+ben_sarc_binary,banglasarc3_binary,123
4d19d4857cf11f76,1,0,0.84375,-1.28125,0.8933094060543487,0.10669059394565118,1.3670647845894541,dann_matched,banglasarc3_binary+ben_sarc_binary,banglasarc3_binary,123
0a1efda3664119ed,0,0,0.33007812,-0.75,0.7465087674839027,0.25349123251609723,1.3670647845894541,dann_matched,banglasarc3_binary+ben_sarc_binary,banglasarc3_binary,123
222513aed35eef7e,0,0,-0.05493164,-0.43945312,0.594963165457098,0.4050368345429019,1.3670647845894541,dann_matched,banglasarc3_binary+ben_sarc_binary,banglasarc3_binary,123
39fe6dafd7939acc,0,0,0.9453125,-1.328125,0.9066531214804244,0.09334687851957546,1.3670647845894541,dann_matched,banglasarc3_binary+ben_sarc_binary,banglasarc3_binary,123
a27193d4c497eccb,0,0,0.35546875,-0.69921875,0.7416740114308128,0.2583259885691872,1.3670647845894541,dann_matched,banglasarc3_binary+ben_sarc_binary,banglasarc3_binary,123
a6de149712c45c7c,1,1,-0.50390625,-0.0032348633,0.37738290340392966,0.6226170965960705,1.3670647845894541,dann_matched,banglasarc3_binary+ben_sarc_binary,banglasarc3_binary,123
73ec3e5aee767003,0,0,0.9765625,-1.3359375,0.9099070060380482,0.09009299396195182,1.3670647845894541,dann_matched,banglasarc3_binary+ben_sarc_binary,banglasarc3_binary,123
7be88e4c070ecb7c,0,0,-0.21484375,-0.30273438,0.5219585227061239,0.4780414772938762,1.3670647845894541,dann_matched,banglasarc3_binary+ben_sarc_binary,banglasarc3_binary,123
e1692847746aaeb7,0,1,-0.55078125,0.044433594,0.35543922359323926,0.6445607764067608,1.3670647845894541,dann_matched,banglasarc3_binary+ben_sarc_binary,banglasarc3_binary,123
affe88ed42c09f2b,0,1,-0.25390625,-0.24414062,0.4975586131523686,0.5024413868476314,1.3670647845894541,dann_matched,banglasarc3_binary+ben_sarc_binary,banglasarc3_binary,123
c26d77ece62c8a34,0,0,0.45898438,-1.0078125,0.8125700385367505,0.18742996146324944,1.3670647845894541,dann_matched,banglasarc3_binary+ben_sarc_binary,banglasarc3_binary,123
4562504c76eb98bd,1,1,-1.078125,0.36914062,0.19042274573408582,0.8095772542659142,1.3670647845894541,dann_matched,banglasarc3_binary+ben_sarc_binary,banglasarc3_binary,123
c31bf7af3cca52d5,0,0,1.296875,-1.640625,0.9496693674025232,0.05033063259747688,1.3670647845894541,dann_matched,banglasarc3_binary+ben_sarc_binary,banglasarc3_binary,123
d60439bc7741539c,1,0,0.006164551,-0.68359375,0.6659131574004885,0.33408684259951144,1.3670647845894541,dann_matched,banglasarc3_binary+ben_sarc_binary,banglasarc3_binary,123
f10b478fd6e0b177,0,0,1.7265625,-1.90625,0.9742394408803315,0.025760559119668493,1.3670647845894541,dann_matched,banglasarc3_binary+ben_sarc_binary,banglasarc3_binary,123
3fbae9ce8772e658,0,0,0.57421875,-0.97265625,0.8244619263765707,0.17553807362342935,1.3670647845894541,dann_matched,banglasarc3_binary+ben_sarc_binary,banglasarc3_binary,123
d823840f4b1ff927,0,0,1.171875,-1.7265625,0.9477691428985743,0.052230857101425734,1.3670647845894541,dann_matched,banglasarc3_binary+ben_sarc_binary,banglasarc3_binary,123
e0c3a628a2e7801f,1,1,-1.6875,1.0390625,0.06142404005467019,0.9385759599453297,1.3670647845894541,dann_matched,banglasarc3_binary+ben_sarc_binary,banglasarc3_binary,123
eff887513d13438d,1,0,1.578125,-1.9296875,0.9709092429574353,0.029090757042564665,1.3670647845894541,dann_matched,banglasarc3_binary+ben_sarc_binary,banglasarc3_binary,123
0cd82b6dca6fe2e1,1,1,-1.1484375,0.5859375,0.1500288243424251,0.849971175657575,1.3670647845894541,dann_matched,banglasarc3_binary+ben_sarc_binary,banglasarc3_binary,123
1d09754dbb62cc6b,1,0,0.19824219,-0.6171875,0.6932653293207841,0.30673467067921595,1.3670647845894541,dann_matched,banglasarc3_binary+ben_sarc_binary,banglasarc3_binary,123
c311ed8c137856aa,1,0,0.85546875,-1.6328125,0.9233161978167049,0.07668380218329518,1.3670647845894541,dann_matched,banglasarc3_binary+ben_sarc_binary,banglasarc3_binary,123
7071237a4ec6c93c,1,1,-1.265625,0.66796875,0.12635333964061335,0.8736466603593868,1.3670647845894541,dann_matched,banglasarc3_binary+ben_sarc_binary,banglasarc3_binary,123
406cc3cc6af1c396,0,1,-1.578125,1.0625,0.06656918897050168,0.9334308110294983,1.3670647845894541,dann_matched,banglasarc3_binary+ben_sarc_binary,banglasarc3_binary,123
5017f4130c84f906,1,0,-0.25976562,-0.30859375,0.512204606508897,0.487795393491103,1.3670647845894541,dann_matched,banglasarc3_binary+ben_sarc_binary,banglasarc3_binary,123
dda9d98881ec3a10,0,0,0.33203125,-0.828125,0.7613611051229845,0.23863889487701548,1.3670647845894541,dann_matched,banglasarc3_binary+ben_sarc_binary,banglasarc3_binary,123
44526b65a93bf812,0,0,1.1171875,-1.4765625,0.9304582554941719,0.06954174450582809,1.3670647845894541,dann_matched,banglasarc3_binary+ben_sarc_binary,banglasarc3_binary,123
045171b67bd95561,0,0,1.1328125,-1.5859375,0.9381240142763573,0.061875985723642724,1.3670647845894541,dann_matched,banglasarc3_binary+ben_sarc_binary,banglasarc3_binary,123
008c34b815bb55fd,0,0,0.9296875,-1.4453125,0.9149009549929797,0.08509904500702024,1.3670647845894541,dann_matched,banglasarc3_binary+ben_sarc_binary,banglasarc3_binary,123
aca0a6cea18374f2,0,0,0.12207031,-0.7578125,0.7067979363758436,0.2932020636241563,1.3670647845894541,dann_matched,banglasarc3_binary+ben_sarc_binary,banglasarc3_binary,123
51e0fcfbe89577bb,1,1,-0.43164062,-0.09082031,0.41561022712269113,0.584389772877309,1.3670647845894541,dann_matched,banglasarc3_binary+ben_sarc_binary,banglasarc3_binary,123
0cd747c951646fc6,1,1,-0.828125,0.30859375,0.24292331170641918,0.7570766882935809,1.3670647845894541,dann_matched,banglasarc3_binary+ben_sarc_binary,banglasarc3_binary,123
2a8dc43b96afa2e7,1,1,-1.390625,0.98046875,0.08540366800216245,0.9145963319978375,1.3670647845894541,dann_matched,banglasarc3_binary+ben_sarc_binary,banglasarc3_binary,123
4dacd616983d14ed,1,0,0.47851562,-0.80078125,0.7823300652229036,0.21766993477709637,1.3670647845894541,dann_matched,banglasarc3_binary+ben_sarc_binary,banglasarc3_binary,123
8e45e4191312d057,0,0,1.40625,-1.890625,0.9643214491222695,0.035678550877730524,1.3670647845894541,dann_matched,banglasarc3_binary+ben_sarc_binary,banglasarc3_binary,123
a30ac9245fef57e8,0,1,-0.39648438,-0.25585938,0.46490157137338844,0.5350984286266115,1.3670647845894541,dann_matched,banglasarc3_binary+ben_sarc_binary,banglasarc3_binary,123
1ba578744dcf18f2,0,1,-0.3359375,-0.19335938,0.4644157296371567,0.5355842703628432,1.3670647845894541,dann_matched,banglasarc3_binary+ben_sarc_binary,banglasarc3_binary,123
b1a866c6cbb06b7b,0,0,0.048583984,-0.5546875,0.6464044131443002,0.3535955868556997,1.3670647845894541,dann_matched,banglasarc3_binary+ben_sarc_binary,banglasarc3_binary,123
a61d6c2433486af9,0,1,-0.31640625,-0.12890625,0.45326184801538616,0.5467381519846138,1.3670647845894541,dann_matched,banglasarc3_binary+ben_sarc_binary,banglasarc3_binary,123
8cb4b0e68d2b2280,0,0,1.234375,-1.640625,0.9465966702001757,0.053403329799824234,1.3670647845894541,dann_matched,banglasarc3_binary+ben_sarc_binary,banglasarc3_binary,123
5862ad605fad8a15,1,1,-1.140625,0.74609375,0.13161904835577012,0.8683809516442299,1.3670647845894541,dann_matched,banglasarc3_binary+ben_sarc_binary,banglasarc3_binary,123
cdf0634800d69305,1,0,0.14453125,-0.671875,0.6934729546809425,0.3065270453190574,1.3670647845894541,dann_matched,banglasarc3_binary+ben_sarc_binary,banglasarc3_binary,123
778c43b485a168af,1,0,0.63671875,-0.9765625,0.8338664465831974,0.1661335534168026,1.3670647845894541,dann_matched,banglasarc3_binary+ben_sarc_binary,banglasarc3_binary,123
1df9d37a3cec5465,0,0,0.90625,-1.21875,0.8933094060543487,0.10669059394565118,1.3670647845894541,dann_matched,banglasarc3_binary+ben_sarc_binary,banglasarc3_binary,123
47b74426cb84e137,1,1,-0.90625,0.26953125,0.2358115863944671,0.7641884136055329,1.3670647845894541,dann_matched,banglasarc3_binary+ben_sarc_binary,banglasarc3_binary,123
3f468b17c098db0b,0,1,-0.40820312,-0.056396484,0.4129443841035311,0.5870556158964688,1.3670647845894541,dann_matched,banglasarc3_binary+ben_sarc_binary,banglasarc3_binary,123
e8eed6879adc1fb9,1,1,-0.78515625,0.37304688,0.23899394001359922,0.7610060599864007,1.3670647845894541,dann_matched,banglasarc3_binary+ben_sarc_binary,banglasarc3_binary,123
59adf653819d9fe1,0,0,-0.24023438,-0.296875,0.5141563717930644,0.4858436282069355,1.3670647845894541,dann_matched,banglasarc3_binary+ben_sarc_binary,banglasarc3_binary,123
ab24e7278a3aa349,1,0,-0.17285156,-0.41210938,0.5595307407270608,0.4404692592729392,1.3670647845894541,dann_matched,banglasarc3_binary+ben_sarc_binary,banglasarc3_binary,123
e3d3248598f096fa,1,1,-1.8203125,1.4140625,0.037892426629607394,0.9621075733703927,1.3670647845894541,dann_matched,banglasarc3_binary+ben_sarc_binary,banglasarc3_binary,123
cc1dab7c4d3e2fa9,1,1,-0.64453125,0.1484375,0.3115315769505153,0.6884684230494847,1.3670647845894541,dann_matched,banglasarc3_binary+ben_sarc_binary,banglasarc3_binary,123
f7a48562ed437eea,0,0,1.25,-1.7265625,0.9515039967560431,0.048496003243956885,1.3670647845894541,dann_matched,banglasarc3_binary+ben_sarc_binary,banglasarc3_binary,123
b2ae48f6c244c3b3,1,0,-0.20898438,-0.30078125,0.522933116867772,0.47706688313222806,1.3670647845894541,dann_matched,banglasarc3_binary+ben_sarc_binary,banglasarc3_binary,123
6d69a5e5443ef4a0,0,1,-0.984375,0.41601562,0.19775413247015594,0.8022458675298441,1.3670647845894541,dann_matched,banglasarc3_binary+ben_sarc_binary,banglasarc3_binary,123
17e9568c1bec66f3,1,0,1.4921875,-1.96875,0.9695556515673754,0.030444348432624533,1.3670647845894541,dann_matched,banglasarc3_binary+ben_sarc_binary,banglasarc3_binary,123
432511856befb10b,0,0,1.6484375,-1.8984375,0.9719924793940118,0.02800752060598813,1.3670647845894541,dann_matched,banglasarc3_binary+ben_sarc_binary,banglasarc3_binary,123
b7be99240747d7b9,0,0,0.14746094,-0.65234375,0.689932700339893,0.31006729966010704,1.3670647845894541,dann_matched,banglasarc3_binary+ben_sarc_binary,banglasarc3_binary,123
88421f62e8ff3b41,1,0,-0.053466797,-0.47460938,0.6037566264216168,0.3962433735783832,1.3670647845894541,dann_matched,banglasarc3_binary+ben_sarc_binary,banglasarc3_binary,123
3e2207ffcf3ee105,0,0,-0.022216797,-0.43554688,0.6018860996698246,0.3981139003301753,1.3670647845894541,dann_matched,banglasarc3_binary+ben_sarc_binary,banglasarc3_binary,123
51b018644cef2e50,0,0,0.86328125,-1.2890625,0.8958875884420037,0.10411241155799623,1.3670647845894541,dann_matched,banglasarc3_binary+ben_sarc_binary,banglasarc3_binary,123
f95cec4307ef3024,0,0,0.5546875,-1.125,0.8428631465294143,0.1571368534705856,1.3670647845894541,dann_matched,banglasarc3_binary+ben_sarc_binary,banglasarc3_binary,123
26b12ba4953ff47f,1,1,-0.81640625,0.34375,0.23863889487701548,0.7613611051229845,1.3670647845894541,dann_matched,banglasarc3_binary+ben_sarc_binary,banglasarc3_binary,123
9e6fb96648d97dc0,0,0,0.171875,-0.69140625,0.7033457453210089,0.29665425467899115,1.3670647845894541,dann_matched,banglasarc3_binary+ben_sarc_binary,banglasarc3_binary,123
a4b8f5a2bfe6f63a,1,1,-1.703125,1.234375,0.05033063259747688,0.9496693674025232,1.3670647845894541,dann_matched,banglasarc3_binary+ben_sarc_binary,banglasarc3_binary,123
c7e2731135ca9edc,1,1,-1.0078125,0.3828125,0.19930799790404563,0.8006920020959544,1.3670647845894541,dann_matched,banglasarc3_binary+ben_sarc_binary,banglasarc3_binary,123
a5f5e1447f81c7c1,0,0,0.921875,-1.40625,0.9111797075998822,0.08882029240011771,1.3670647845894541,dann_matched,banglasarc3_binary+ben_sarc_binary,banglasarc3_binary,123
c2122763b56ffbf5,1,0,1.234375,-1.671875,0.94815453335022,0.05184546664977983,1.3670647845894541,dann_matched,banglasarc3_binary+ben_sarc_binary,banglasarc3_binary,123
d89f0be1f7612e43,1,1,-2.28125,1.953125,0.014281933925111153,0.9857180660748888,1.3670647845894541,dann_matched,banglasarc3_binary+ben_sarc_binary,banglasarc3_binary,123
83ff80d11d2cfe42,0,1,-0.96484375,0.38085938,0.20657374614669016,0.7934262538533098,1.3670647845894541,dann_matched,banglasarc3_binary+ben_sarc_binary,banglasarc3_binary,123
ff19766f243a9d57,1,1,-2.015625,1.59375,0.02635535284611975,0.9736446471538801,1.3670647845894541,dann_matched,banglasarc3_binary+ben_sarc_binary,banglasarc3_binary,123
e8bd3886d550c247,1,1,-1.125,0.49804688,0.1647850974181823,0.8352149025818176,1.3670647845894541,dann_matched,banglasarc3_binary+ben_sarc_binary,banglasarc3_binary,123
0cb293f08063597d,1,0,-0.111328125,-0.6015625,0.6201616435491707,0.37983835645082925,1.3670647845894541,dann_matched,banglasarc3_binary+ben_sarc_binary,banglasarc3_binary,123
bd4e9e3bdd01a022,1,0,-0.13769531,-0.29101562,0.5382551684047333,0.46174483159526664,1.3670647845894541,dann_matched,banglasarc3_binary+ben_sarc_binary,banglasarc3_binary,123
5b22a3f51d681541,0,0,2.453125,-2.671875,0.9940889311437562,0.005911068856243796,1.3670647845894541,dann_matched,banglasarc3_binary+ben_sarc_binary,banglasarc3_binary,123
5e682d52ed383d6b,0,0,0.609375,-1.0546875,0.8407825918539462,0.15921740814605373,1.3670647845894541,dann_matched,banglasarc3_binary+ben_sarc_binary,banglasarc3_binary,123
baad976c4d644487,0,0,1.765625,-2.234375,0.9820137900379085,0.017986209962091555,1.3670647845894541,dann_matched,banglasarc3_binary+ben_sarc_binary,banglasarc3_binary,123
dd9bd6b2bf6b34e5,1,1,-0.796875,0.16601562,0.27629981702672846,0.7237001829732717,1.3670647845894541,dann_matched,banglasarc3_binary+ben_sarc_binary,banglasarc3_binary,123
cdbf9e38b718e84c,0,1,-0.734375,0.15039062,0.29219119859785053,0.7078088014021495,1.3670647845894541,dann_matched,banglasarc3_binary+ben_sarc_binary,banglasarc3_binary,123
4d0a57f210a73977,1,0,-0.029296875,-0.61328125,0.6419836947437564,0.3580163052562437,1.3670647845894541,dann_matched,banglasarc3_binary+ben_sarc_binary,banglasarc3_binary,123
ab338dede5081252,0,0,0.921875,-1.453125,0.9149009549929797,0.08509904500702024,1.3670647845894541,dann_matched,banglasarc3_binary+ben_sarc_binary,banglasarc3_binary,123
ab718a592e29dca9,0,0,1.75,-2.171875,0.9805806518175514,0.0194193481824486,1.3670647845894541,dann_matched,banglasarc3_binary+ben_sarc_binary,banglasarc3_binary,123
e36d944d14221a6c,0,0,0.859375,-1.3515625,0.9012274112476257,0.09877258875237437,1.3670647845894541,dann_matched,banglasarc3_binary+ben_sarc_binary,banglasarc3_binary,123
63ea034834c6a12c,0,0,1.1328125,-1.4296875,0.9284088005554476,0.07159119944455247,1.3670647845894541,dann_matched,banglasarc3_binary+ben_sarc_binary,banglasarc3_binary,123
1ead6e0bfd452d2b,1,1,-1.640625,1.1953125,0.05541279438176918,0.944587205618231,1.3670647845894541,dann_matched,banglasarc3_binary+ben_sarc_binary,banglasarc3_binary,123
9fb91b24bd470ab7,0,1,-0.5078125,0.05517578,0.3628563114342632,0.6371436885657369,1.3670647845894541,dann_matched,banglasarc3_binary+ben_sarc_binary,banglasarc3_binary,123
7adb5d686301eb8f,1,0,0.59375,-1.09375,0.8438951025545426,0.1561048974454574,1.3670647845894541,dann_matched,banglasarc3_binary+ben_sarc_binary,banglasarc3_binary,123
30a467ac9c6d2435,1,1,-1.390625,0.875,0.09401017961657226,0.9059898203834277,1.3670647845894541,dann_matched,banglasarc3_binary+ben_sarc_binary,banglasarc3_binary,123
4e5a50b99551fa9f,0,0,0.23632812,-0.63671875,0.7053792935590418,0.29462070644095817,1.3670647845894541,dann_matched,banglasarc3_binary+ben_sarc_binary,banglasarc3_binary,123
2cc5b657e99479ab,1,1,-0.90625,0.21679688,0.24544655698700496,0.7545534430129951,1.3670647845894541,dann_matched,banglasarc3_binary+ben_sarc_binary,banglasarc3_binary,123
60a819c9455826f5,0,0,0.9375,-1.390625,0.9111797075998822,0.08882029240011771,1.3670647845894541,dann_matched,banglasarc3_binary+ben_sarc_binary,banglasarc3_binary,123
f387e0db7e685a99,0,0,1.2421875,-1.640625,0.9469902279841446,0.05300977201585542,1.3670647845894541,dann_matched,banglasarc3_binary+ben_sarc_binary,banglasarc3_binary,123
0ccfba3f9e960460,1,0,-0.26953125,-0.375,0.5263427730278142,0.47365722697218576,1.3670647845894541,dann_matched,banglasarc3_binary+ben_sarc_binary,banglasarc3_binary,123
ddc2982c4d5b19bb,0,0,1.1796875,-1.6015625,0.941654159388319,0.05834584061168106,1.3670647845894541,dann_matched,banglasarc3_binary+ben_sarc_binary,banglasarc3_binary,123
c9700acd4f20666a,1,1,-0.5390625,-0.119628906,0.3966522941172427,0.6033477058827573,1.3670647845894541,dann_matched,banglasarc3_binary+ben_sarc_binary,banglasarc3_binary,123
d4943eed81c34c48,1,0,0.5390625,-1.0234375,0.8267117940706734,0.17328820592932656,1.3670647845894541,dann_matched,banglasarc3_binary+ben_sarc_binary,banglasarc3_binary,123
2e2e4b889c9df812,1,1,-0.80078125,0.3203125,0.24580846052125757,0.7541915394787425,1.3670647845894541,dann_matched,banglasarc3_binary+ben_sarc_binary,banglasarc3_binary,123
5ddbd9cf7f8b9e4e,1,0,0.12207031,-0.625,0.6785400001155409,0.32145999988445906,1.3670647845894541,dann_matched,banglasarc3_binary+ben_sarc_binary,banglasarc3_binary,123
0346c19c3d6e1abf,0,0,1.3984375,-1.71875,0.9575961713681533,0.04240382863184672,1.3670647845894541,dann_matched,banglasarc3_binary+ben_sarc_binary,banglasarc3_binary,123
c5d392cb407885e6,0,1,-0.24414062,-0.203125,0.4897475310046077,0.5102524689953922,1.3670647845894541,dann_matched,banglasarc3_binary+ben_sarc_binary,banglasarc3_binary,123
f4997612d5ea678a,0,1,-1.3359375,0.80078125,0.10557884359159042,0.8944211564084097,1.3670647845894541,dann_matched,banglasarc3_binary+ben_sarc_binary,banglasarc3_binary,123
5fb61d0d9878c215,0,1,-0.4296875,-0.016357422,0.3981139003301753,0.6018860996698246,1.3670647845894541,dann_matched,banglasarc3_binary+ben_sarc_binary,banglasarc3_binary,123
a3b2337ee913ed3c,1,0,0.6171875,-1.09375,0.8469578427551038,0.15304215724489628,1.3670647845894541,dann_matched,banglasarc3_binary+ben_sarc_binary,banglasarc3_binary,123
218ac0a1387a629e,0,0,-0.11328125,-0.28515625,0.5428632831725052,0.45713671682749485,1.3670647845894541,dann_matched,banglasarc3_binary+ben_sarc_binary,banglasarc3_binary,123
18e844b31049008b,0,0,0.9375,-1.40625,0.9124361604769414,0.08756383952305867,1.3670647845894541,dann_matched,banglasarc3_binary+ben_sarc_binary,banglasarc3_binary,123
cbed70c13bc0c9f0,1,1,-1.28125,0.6015625,0.13206615786963916,0.8679338421303608,1.3670647845894541,dann_matched,banglasarc3_binary+ben_sarc_binary,banglasarc3_binary,123
2ab1740ebfbd3e05,1,0,1.4609375,-1.859375,0.9651191130633208,0.034880886936679296,1.3670647845894541,dann_matched,banglasarc3_binary+ben_sarc_binary,banglasarc3_binary,123
0ac6a6a9e59b6038,1,1,-1.5234375,0.9765625,0.07585818002124356,0.9241418199787566,1.3670647845894541,dann_matched,banglasarc3_binary+ben_sarc_binary,banglasarc3_binary,123
08f7a8e225bd8151,1,1,-0.77734375,-0.07128906,0.33047119537216113,0.6695288046278388,1.3670647845894541,dann_matched,banglasarc3_binary+ben_sarc_binary,banglasarc3_binary,123
b09ce16653e41187,1,1,-0.28320312,-0.24023438,0.48925946498202977,0.5107405350179702,1.3670647845894541,dann_matched,banglasarc3_binary+ben_sarc_binary,banglasarc3_binary,123
d8186fbe40131e81,1,1,-1.4609375,0.8046875,0.09401017961657226,0.9059898203834277,1.3670647845894541,dann_matched,banglasarc3_binary+ben_sarc_binary,banglasarc3_binary,123
c89eaa10622b37e2,1,0,0.103515625,-0.6328125,0.6761923970034418,0.3238076029965582,1.3670647845894541,dann_matched,banglasarc3_binary+ben_sarc_binary,banglasarc3_binary,123
0ef139aef5b0b651,1,1,-2.203125,1.796875,0.017986209962091555,0.9820137900379085,1.3670647845894541,dann_matched,banglasarc3_binary+ben_sarc_binary,banglasarc3_binary,123
2f577efec6c86515,1,1,-1.59375,0.99609375,0.06979492650638747,0.9302050734936125,1.3670647845894541,dann_matched,banglasarc3_binary+ben_sarc_binary,banglasarc3_binary,123
843e76141f5386ea,1,1,-1.359375,0.9453125,0.09073548763985106,0.909264512360149,1.3670647845894541,dann_matched,banglasarc3_binary+ben_sarc_binary,banglasarc3_binary,123
a6b139ef0507918c,0,0,0.31445312,-0.77734375,0.748719933847045,0.251280066152955,1.3670647845894541,dann_matched,banglasarc3_binary+ben_sarc_binary,banglasarc3_binary,123
364f64d22ee2ac7a,0,0,1.1484375,-1.546875,0.9367494780065266,0.06325052199347325,1.3670647845894541,dann_matched,banglasarc3_binary+ben_sarc_binary,banglasarc3_binary,123
2ac3b1eefc9be85e,1,0,0.05493164,-0.69140625,0.6783802208292126,0.32161977917078743,1.3670647845894541,dann_matched,banglasarc3_binary+ben_sarc_binary,banglasarc3_binary,123
adf94921ccf02eaa,1,1,-1.890625,1.515625,0.03210070671700819,0.9678992932829918,1.3670647845894541,dann_matched,banglasarc3_binary+ben_sarc_binary,banglasarc3_binary,123
a4d173afcf1ce29e,0,0,1.140625,-1.4453125,0.9299510391228232,0.07004896087717674,1.3670647845894541,dann_matched,banglasarc3_binary+ben_sarc_binary,banglasarc3_binary,123
503091a9ce967b64,1,1,-1.4140625,0.94140625,0.0866320675642644,0.9133679324357356,1.3670647845894541,dann_matched,banglasarc3_binary+ben_sarc_binary,banglasarc3_binary,123
4d1624fcf2e4e7d6,1,1,-0.9921875,0.38867188,0.20087101582277223,0.7991289841772278,1.3670647845894541,dann_matched,banglasarc3_binary+ben_sarc_binary,banglasarc3_binary,123
7bb7f9b1cb68aac0,0,0,1.8671875,-2.328125,0.9851575827657517,0.014842417234248268,1.3670647845894541,dann_matched,banglasarc3_binary+ben_sarc_binary,banglasarc3_binary,123
9b912e15d3d8493f,0,1,-1.5390625,1.015625,0.07211220541293051,0.9278877945870695,1.3670647845894541,dann_matched,banglasarc3_binary+ben_sarc_binary,banglasarc3_binary,123
3827617f21fba1e3,0,0,2.140625,-2.484375,0.9902915235185259,0.009708476481474066,1.3670647845894541,dann_matched,banglasarc3_binary+ben_sarc_binary,banglasarc3_binary,123
bbfcd270940c6f50,0,0,0.06738281,-0.5859375,0.657758296956317,0.34224170304368307,1.3670647845894541,dann_matched,banglasarc3_binary+ben_sarc_binary,banglasarc3_binary,123
a5f9487af8a08111,1,1,-1.546875,0.9609375,0.07531230632362355,0.9246876936763765,1.3670647845894541,dann_matched,banglasarc3_binary+ben_sarc_binary,banglasarc3_binary,123
b132c35de55abf62,1,1,-0.9296875,0.40039062,0.209146442715666,0.7908535572843339,1.3670647845894541,dann_matched,banglasarc3_binary+ben_sarc_binary,banglasarc3_binary,123
49e50f5f6743b9a9,0,0,0.87109375,-1.1640625,0.8844391260585168,0.11556087394148318,1.3670647845894541,dann_matched,banglasarc3_binary+ben_sarc_binary,banglasarc3_binary,123
bc2fea241ae6e245,0,0,1.5625,-2.140625,0.9759464471055739,0.024053552894426178,1.3670647845894541,dann_matched,banglasarc3_binary+ben_sarc_binary,banglasarc3_binary,123
1ac9669da2a3b22a,0,0,1.7109375,-2.015625,0.9764905475924671,0.023509452407533014,1.3670647845894541,dann_matched,banglasarc3_binary+ben_sarc_binary,banglasarc3_binary,123
c678ed32dfec8e9b,1,1,-1.5546875,0.92578125,0.07723878631706028,0.9227612136829397,1.3670647845894541,dann_matched,banglasarc3_binary+ben_sarc_binary,banglasarc3_binary,123
1a46fdea53a04cce,0,1,-1.5,0.94140625,0.08006926916838086,0.9199307308316192,1.3670647845894541,dann_matched,banglasarc3_binary+ben_sarc_binary,banglasarc3_binary,123
a27bf2e316d4219b,1,1,-1.53125,0.87890625,0.08240150306085739,0.9175984969391425,1.3670647845894541,dann_matched,banglasarc3_binary+ben_sarc_binary,banglasarc3_binary,123
0cec6e06c0ba9f1e,0,0,1.671875,-2.1875,0.9793540692607815,0.020645930739218447,1.3670647845894541,dann_matched,banglasarc3_binary+ben_sarc_binary,banglasarc3_binary,123
d6b2f0ee01c230dd,1,1,-0.49804688,-0.0390625,0.3872267859778932,0.6127732140221069,1.3670647845894541,dann_matched,banglasarc3_binary+ben_sarc_binary,banglasarc3_binary,123
9eb091e9a9d4c695,0,1,-0.77734375,0.15039062,0.2833845866753151,0.7166154133246849,1.3670647845894541,dann_matched,banglasarc3_binary+ben_sarc_binary,banglasarc3_binary,123
963ae71db6ff7e4f,0,0,0.5546875,-0.98046875,0.8227594829327498,0.17724051706725022,1.3670647845894541,dann_matched,banglasarc3_binary+ben_sarc_binary,banglasarc3_binary,123
9aabf8d92c3a8ef5,1,0,1.515625,-1.9375,0.9693241982893259,0.030675801710674105,1.3670647845894541,dann_matched,banglasarc3_binary+ben_sarc_binary,banglasarc3_binary,123
1f00788c3c80def3,0,0,1.1328125,-1.5234375,0.9343951625409306,0.06560483745906928,1.3670647845894541,dann_matched,banglasarc3_binary+ben_sarc_binary,banglasarc3_binary,123
b39f2b8134c7f61a,1,1,-0.82421875,0.328125,0.24006124795898495,0.7599387520410151,1.3670647845894541,dann_matched,banglasarc3_binary+ben_sarc_binary,banglasarc3_binary,123
a6a9b4365f236b0d,1,1,-0.546875,0.09082031,0.34576770279885577,0.6542322972011442,1.3670647845894541,dann_matched,banglasarc3_binary+ben_sarc_binary,banglasarc3_binary,123
672f65575c01c938,1,1,-0.71484375,0.18554688,0.2889702304326297,0.7110297695673703,1.3670647845894541,dann_matched,banglasarc3_binary+ben_sarc_binary,banglasarc3_binary,123
c361b64edd41d872,0,1,-1.1875,0.59375,0.14414885303274058,0.8558511469672594,1.3670647845894541,dann_matched,banglasarc3_binary+ben_sarc_binary,banglasarc3_binary,123
89c73de9b852078e,0,0,0.27929688,-0.77734375,0.7420480411535827,0.25795195884641725,1.3670647845894541,dann_matched,banglasarc3_binary+ben_sarc_binary,banglasarc3_binary,123
ce8d47c1fb816aa3,0,0,1.65625,-1.8046875,0.9695556515673754,0.030444348432624533,1.3670647845894541,dann_matched,banglasarc3_binary+ben_sarc_binary,banglasarc3_binary,123
456683ca31fa5e65,0,1,-0.31835938,-0.26367188,0.4863315313801095,0.5136684686198906,1.3670647845894541,dann_matched,banglasarc3_binary+ben_sarc_binary,banglasarc3_binary,123
ebd8a51d0f72f8ae,0,1,-1.328125,0.953125,0.09268777863937604,0.9073122213606241,1.3670647845894541,dann_matched,banglasarc3_binary+ben_sarc_binary,banglasarc3_binary,123
fb863821fda44d53,1,1,-1.4296875,0.89453125,0.08913693827254159,0.9108630617274585,1.3670647845894541,dann_matched,banglasarc3_binary+ben_sarc_binary,banglasarc3_binary,123
3b470389b41a77d0,0,0,1.0859375,-1.421875,0.9246876936763765,0.07531230632362355,1.3670647845894541,dann_matched,banglasarc3_binary+ben_sarc_binary,banglasarc3_binary,123
7485ab52357fe573,0,0,1.515625,-2.0,0.9711290930537122,0.028870906946287907,1.3670647845894541,dann_matched,banglasarc3_binary+ben_sarc_binary,banglasarc3_binary,123
5d08e6dbd0a02098,0,0,1.9296875,-2.171875,0.9837225390872865,0.016277460912713496,1.3670647845894541,dann_matched,banglasarc3_binary+ben_sarc_binary,banglasarc3_binary,123
bd8e1a4992f836d9,1,1,-2.015625,1.5390625,0.027795622581245058,0.9722043774187549,1.3670647845894541,dann_matched,banglasarc3_binary+ben_sarc_binary,banglasarc3_binary,123
f54c8c8dd14b9ee4,1,0,0.1015625,-0.69921875,0.6901415732701115,0.30985842672988845,1.3670647845894541,dann_matched,banglasarc3_binary+ben_sarc_binary,banglasarc3_binary,123
93aa7ab3e702a390,1,1,-1.1796875,0.56640625,0.14854056798294435,0.8514594320170558,1.3670647845894541,dann_matched,banglasarc3_binary+ben_sarc_binary,banglasarc3_binary,123
5d4df30470964289,0,0,2.0,-2.1875,0.98504291340685,0.01495708659314999,1.3670647845894541,dann_matched,banglasarc3_binary+ben_sarc_binary,banglasarc3_binary,123
99413b6d85bd8b6a,1,1,-0.78125,0.25976562,0.2609540759298918,0.7390459240701083,1.3670647845894541,dann_matched,banglasarc3_binary+ben_sarc_binary,banglasarc3_binary,123
b6c18248921fce54,1,0,1.09375,-1.6640625,0.9403530570548787,0.0596469429451214,1.3670647845894541,dann_matched,banglasarc3_binary+ben_sarc_binary,banglasarc3_binary,123
1cabf2a505c66110,1,1,-1.1171875,0.515625,0.1634454411084719,0.8365545588915281,1.3670647845894541,dann_matched,banglasarc3_binary+ben_sarc_binary,banglasarc3_binary,123
4e7d5694a62e5de3,1,1,-1.140625,0.62890625,0.14560063226034367,0.8543993677396563,1.3670647845894541,dann_matched,banglasarc3_binary+ben_sarc_binary,banglasarc3_binary,123
27bff07ea2567aff,0,1,-0.640625,-0.028564453,0.35158930272908345,0.6484106972709165,1.3670647845894541,dann_matched,banglasarc3_binary+ben_sarc_binary,banglasarc3_binary,123
3d2b2afef8a71422,0,0,1.6953125,-1.96875,0.9750122054090997,0.024987794590900315,1.3670647845894541,dann_matched,banglasarc3_binary+ben_sarc_binary,banglasarc3_binary,123
a6b65f2d6607df8d,0,1,-0.98046875,0.3828125,0.2037075306987091,0.7962924693012908,1.3670647845894541,dann_matched,banglasarc3_binary+ben_sarc_binary,banglasarc3_binary,123
f2ce21fd06e6c0a1,0,0,1.703125,-1.890625,0.9732407168145568,0.026759283185443145,1.3670647845894541,dann_matched,banglasarc3_binary+ben_sarc_binary,banglasarc3_binary,123
8c321d6535475133,0,0,0.12109375,-0.73828125,0.7025300573952054,0.2974699426047947,1.3670647845894541,dann_matched,banglasarc3_binary+ben_sarc_binary,banglasarc3_binary,123
e4400f251525d858,0,0,0.5,-0.94140625,0.8086723228520697,0.19132767714793028,1.3670647845894541,dann_matched,banglasarc3_binary+ben_sarc_binary,banglasarc3_binary,123
a2549aea9cf0feed,0,0,1.6328125,-2.109375,0.9768465889071616,0.023153411092838465,1.3670647845894541,dann_matched,banglasarc3_binary+ben_sarc_binary,banglasarc3_binary,123
208728590d99f477,0,0,0.22363281,-0.73828125,0.723504868613798,0.276495131386202,1.3670647845894541,dann_matched,banglasarc3_binary+ben_sarc_binary,banglasarc3_binary,123
d7aa541a5731f237,1,1,-1.8046875,1.2109375,0.04672495862609242,0.9532750413739076,1.3670647845894541,dann_matched,banglasarc3_binary+ben_sarc_binary,banglasarc3_binary,123
72d9d0c152014fd4,1,1,-1.515625,0.9453125,0.07864238118410145,0.9213576188158985,1.3670647845894541,dann_matched,banglasarc3_binary+ben_sarc_binary,banglasarc3_binary,123
8dc4677cf180080c,0,0,0.97265625,-1.3984375,0.9145963319978375,0.08540366800216245,1.3670647845894541,dann_matched,banglasarc3_binary+ben_sarc_binary,banglasarc3_binary,123
326478b91e0a83b6,0,0,0.46679688,-1.09375,0.8264318119779059,0.1735681880220941,1.3670647845894541,dann_matched,banglasarc3_binary+ben_sarc_binary,banglasarc3_binary,123
38972718ea06dcda,0,0,0.953125,-1.46875,0.9184802440252811,0.08151975597471893,1.3670647845894541,dann_matched,banglasarc3_binary+ben_sarc_binary,banglasarc3_binary,123
7bb95f4327f97619,0,0,-0.1484375,-0.28125,0.5331544046668082,0.46684559533319187,1.3670647845894541,dann_matched,banglasarc3_binary+ben_sarc_binary,banglasarc3_binary,123
b5430ac62bc817b3,0,1,-1.3515625,0.86328125,0.0984254123665623,0.9015745876334377,1.3670647845894541,dann_matched,banglasarc3_binary+ben_sarc_binary,banglasarc3_binary,123
7745aafd0a592886,0,1,-0.40234375,-0.11621094,0.4289508810867238,0.5710491189132763,1.3670647845894541,dann_matched,banglasarc3_binary+ben_sarc_binary,banglasarc3_binary,123
6327f9fa75cf0eb5,0,0,1.6328125,-1.890625,0.9713473306904065,0.028652669309593447,1.3670647845894541,dann_matched,banglasarc3_binary+ben_sarc_binary,banglasarc3_binary,123
50c0d6b40de5c934,1,0,-0.28125,-0.38671875,0.5263427730278142,0.47365722697218576,1.3670647845894541,dann_matched,banglasarc3_binary+ben_sarc_binary,banglasarc3_binary,123
fa23fb1cf1fa6ce1,0,1,-1.890625,1.4453125,0.03435868933300902,0.965641310666991,1.3670647845894541,dann_matched,banglasarc3_binary+ben_sarc_binary,banglasarc3_binary,123
5793d347d7491ffa,0,1,-1.125,0.578125,0.15405756269148546,0.8459424373085146,1.3670647845894541,dann_matched,banglasarc3_binary+ben_sarc_binary,banglasarc3_binary,123
7a193a03efce7c95,0,0,0.16992188,-0.62109375,0.6880493633525566,0.3119506366474433,1.3670647845894541,dann_matched,banglasarc3_binary+ben_sarc_binary,banglasarc3_binary,123
04f3d847a89bddc0,0,0,0.88671875,-1.484375,0.9145963319978375,0.08540366800216245,1.3670647845894541,dann_matched,banglasarc3_binary+ben_sarc_binary,banglasarc3_binary,123
79fe03d925dd23f2,1,1,-1.6640625,1.1875,0.05460060578165237,0.9453993942183476,1.3670647845894541,dann_matched,banglasarc3_binary+ben_sarc_binary,banglasarc3_binary,123
56a90627c13f7482,0,1,-1.3359375,0.7734375,0.10818895456207035,0.8918110454379297,1.3670647845894541,dann_matched,banglasarc3_binary+ben_sarc_binary,banglasarc3_binary,123
34eae78ac0856b44,0,0,0.76171875,-1.1953125,0.8762113062841353,0.12378869371586462,1.3670647845894541,dann_matched,banglasarc3_binary+ben_sarc_binary,banglasarc3_binary,123
e7de35f2d96d04ae,1,1,-1.4296875,0.84765625,0.0930168046688621,0.9069831953311379,1.3670647845894541,dann_matched,banglasarc3_binary+ben_sarc_binary,banglasarc3_binary,123
7edb0fbf4e12f482,1,1,-1.34375,0.63671875,0.1212688777402316,0.8787311222597683,1.3670647845894541,dann_matched,banglasarc3_binary+ben_sarc_binary,banglasarc3_binary,123
05b114079ca39ab2,0,0,1.40625,-1.890625,0.9643214491222695,0.035678550877730524,1.3670647845894541,dann_matched,banglasarc3_binary+ben_sarc_binary,banglasarc3_binary,123
012cf4a871450976,0,0,-0.15722656,-0.44921875,0.5724837833109769,0.427516216689023,1.3670647845894541,dann_matched,banglasarc3_binary+ben_sarc_binary,banglasarc3_binary,123
974f03c115fc2171,1,0,-0.13378906,-0.34960938,0.5537466205662831,0.44625337943371696,1.3670647845894541,dann_matched,banglasarc3_binary+ben_sarc_binary,banglasarc3_binary,123
7d320f16846e7bf9,1,0,0.921875,-1.1796875,0.8910549527982959,0.108945047201704,1.3670647845894541,dann_matched,banglasarc3_binary+ben_sarc_binary,banglasarc3_binary,123
8fd01412b63f6b5f,1,0,0.31835938,-0.984375,0.7862948141960816,0.21370518580391829,1.3670647845894541,dann_matched,banglasarc3_binary+ben_sarc_binary,banglasarc3_binary,123
88e6fff6830ee411,0,1,-1.09375,0.6015625,0.15507847160659358,0.8449215283934065,1.3670647845894541,dann_matched,banglasarc3_binary+ben_sarc_binary,banglasarc3_binary,123
018878abd62bc2c6,0,0,2.3125,-2.578125,0.9925393565360598,0.007460643463940165,1.3670647845894541,dann_matched,banglasarc3_binary+ben_sarc_binary,banglasarc3_binary,123
f09b809925c88fc0,1,1,-1.703125,0.80078125,0.07558479067867369,0.9244152093213263,1.3670647845894541,dann_matched,banglasarc3_binary+ben_sarc_binary,banglasarc3_binary,123
bc8f433d14df5bbe,1,1,-1.84375,1.21875,0.0446808702726502,0.9553191297273498,1.3670647845894541,dann_matched,banglasarc3_binary+ben_sarc_binary,banglasarc3_binary,123
c952b7bed5795739,0,0,-0.1484375,-0.38476562,0.5588085759645549,0.44119142403544503,1.3670647845894541,dann_matched,banglasarc3_binary+ben_sarc_binary,banglasarc3_binary,123
90c33f63e3080a0d,0,0,0.29492188,-0.80859375,0.7509182481026451,0.24908175189735485,1.3670647845894541,dann_matched,banglasarc3_binary+ben_sarc_binary,banglasarc3_binary,123
1ef4973752ea4564,1,1,-1.765625,1.2109375,0.048496003243956885,0.9515039967560431,1.3670647845894541,dann_matched,banglasarc3_binary+ben_sarc_binary,banglasarc3_binary,123
3f4477d5080cdfe1,0,0,0.43554688,-0.84375,0.7823300652229036,0.21766993477709637,1.3670647845894541,dann_matched,banglasarc3_binary+ben_sarc_binary,banglasarc3_binary,123
7a9c24d799805b22,0,0,0.609375,-1.15625,0.8539127529517043,0.14608724704829565,1.3670647845894541,dann_matched,banglasarc3_binary+ben_sarc_binary,banglasarc3_binary,123
a53750d111a874b9,0,0,1.03125,-1.4453125,0.9224823435231172,0.07751765647688268,1.3670647845894541,dann_matched,banglasarc3_binary+ben_sarc_binary,banglasarc3_binary,123
08221e16563f5ed2,1,1,-0.921875,0.44726562,0.20275872687493177,0.7972412731250682,1.3670647845894541,dann_matched,banglasarc3_binary+ben_sarc_binary,banglasarc3_binary,123
a911bbedbe9083b7,1,1,-0.97265625,0.32421875,0.2146914191122419,0.785308580887758,1.3670647845894541,dann_matched,banglasarc3_binary+ben_sarc_binary,banglasarc3_binary,123
79af8e8606e24621,0,0,1.4375,-1.8359375,0.9635062337709722,0.0364937662290278,1.3670647845894541,dann_matched,banglasarc3_binary+ben_sarc_binary,banglasarc3_binary,123
725ab0037339d5f4,1,1,-0.90234375,0.37695312,0.21766993477709637,0.7823300652229036,1.3670647845894541,dann_matched,banglasarc3_binary+ben_sarc_binary,banglasarc3_binary,123
888be69f29549db6,1,0,0.13769531,-0.75,0.708414337101103,0.291585662898897,1.3670647845894541,dann_matched,banglasarc3_binary+ben_sarc_binary,banglasarc3_binary,123
74ead3cc3b9dcc3e,0,1,-0.6328125,-0.02709961,0.3530377646713903,0.6469622353286097,1.3670647845894541,dann_matched,banglasarc3_binary+ben_sarc_binary,banglasarc3_binary,123
70a0b9c4daba4b62,1,1,-2.125,1.609375,0.02333076880848049,0.9766692311915195,1.3670647845894541,dann_matched,banglasarc3_binary+ben_sarc_binary,banglasarc3_binary,123
772cd1347ab32158,0,0,0.359375,-0.98046875,0.792464245010713,0.20753575498928697,1.3670647845894541,dann_matched,banglasarc3_binary+ben_sarc_binary,banglasarc3_binary,123
825abf4f5714d44e,0,0,0.9296875,-1.3203125,0.9046505351008906,0.0953494648991095,1.3670647845894541,dann_matched,banglasarc3_binary+ben_sarc_binary,banglasarc3_binary,123
f6d2b8f0fd5630a5,1,1,-1.3125,0.6875,0.11920292202211755,0.8807970779778823,1.3670647845894541,dann_matched,banglasarc3_binary+ben_sarc_binary,banglasarc3_binary,123
070eb74aab3e9b16,0,0,1.5078125,-1.8828125,0.9674102552339746,0.032589744766025344,1.3670647845894541,dann_matched,banglasarc3_binary+ben_sarc_binary,banglasarc3_binary,123
ccdd5f5935aa5c08,0,1,-1.578125,0.8828125,0.07864238118410145,0.9213576188158985,1.3670647845894541,dann_matched,banglasarc3_binary+ben_sarc_binary,banglasarc3_binary,123
ff8b8a0023de988a,1,1,-0.34375,-0.29101562,0.4868194606043191,0.5131805393956809,1.3670647845894541,dann_matched,banglasarc3_binary+ben_sarc_binary,banglasarc3_binary,123
955c6c4b3c56526f,0,1,-1.0859375,0.5390625,0.1645164628965632,0.8354835371034369,1.3670647845894541,dann_matched,banglasarc3_binary+ben_sarc_binary,banglasarc3_binary,123
3c7f74408087c581,0,0,0.58203125,-1.09375,0.8423450906059847,0.1576549093940152,1.3670647845894541,dann_matched,banglasarc3_binary+ben_sarc_binary,banglasarc3_binary,123
3fd3335f6927bc03,1,1,-0.390625,-0.13671875,0.43686227253555665,0.5631377274644433,1.3670647845894541,dann_matched,banglasarc3_binary+ben_sarc_binary,banglasarc3_binary,123
6b4cf7b079c5b900,0,1,-1.0859375,0.5390625,0.1645164628965632,0.8354835371034369,1.3670647845894541,dann_matched,banglasarc3_binary+ben_sarc_binary,banglasarc3_binary,123
a396d6fc294ae956,0,0,1.90625,-2.171875,0.983342959990771,0.01665704000922906,1.3670647845894541,dann_matched,banglasarc3_binary+ben_sarc_binary,banglasarc3_binary,123
acd192278c3d2499,0,0,1.2734375,-1.671875,0.9500414759334155,0.0499585240665846,1.3670647845894541,dann_matched,banglasarc3_binary+ben_sarc_binary,banglasarc3_binary,123
13e6f0fb32b886df,1,1,-0.71484375,0.25195312,0.2755194131298318,0.7244805868701683,1.3670647845894541,dann_matched,banglasarc3_binary+ben_sarc_binary,banglasarc3_binary,123
5139d41ec223ee1d,1,0,0.375,-0.91015625,0.7833262058913498,0.21667379410865026,1.3670647845894541,dann_matched,banglasarc3_binary+ben_sarc_binary,banglasarc3_binary,123
db25536a5ca06207,1,1,-0.92578125,0.37695312,0.21370518580391829,0.7862948141960816,1.3670647845894541,dann_matched,banglasarc3_binary+ben_sarc_binary,banglasarc3_binary,123
9cf7c23f5c83e3c1,1,1,-0.55859375,0.008544922,0.36189732318159606,0.638102676818404,1.3670647845894541,dann_matched,banglasarc3_binary+ben_sarc_binary,banglasarc3_binary,123
dece6cbb7ae48b4c,0,1,-2.109375,1.6171875,0.023509452407533014,0.9764905475924671,1.3670647845894541,dann_matched,banglasarc3_binary+ben_sarc_binary,banglasarc3_binary,123
cc32b357f5c62cf0,1,0,0.828125,-1.2578125,0.8895288461051276,0.11047115389487247,1.3670647845894541,dann_matched,banglasarc3_binary+ben_sarc_binary,banglasarc3_binary,123
a82a7beb318bc95f,0,0,0.5078125,-0.9375,0.8092759746879663,0.1907240253120337,1.3670647845894541,dann_matched,banglasarc3_binary+ben_sarc_binary,banglasarc3_binary,123
4269510b20e3a78d,0,1,-0.41210938,-0.087402344,0.41952903854307616,0.5804709614569239,1.3670647845894541,dann_matched,banglasarc3_binary+ben_sarc_binary,banglasarc3_binary,123
af7a5887ba75ec02,1,1,-0.27148438,-0.2109375,0.48486790372724575,0.5151320962727542,1.3670647845894541,dann_matched,banglasarc3_binary+ben_sarc_binary,banglasarc3_binary,123
ff7092e064f5e7f0,0,0,0.41796875,-0.8984375,0.7885831787993471,0.2114168212006529,1.3670647845894541,dann_matched,banglasarc3_binary+ben_sarc_binary,banglasarc3_binary,123
bd75e40f2d1c3973,1,1,-1.21875,0.6484375,0.13386748775351784,0.8661325122464822,1.3670647845894541,dann_matched,banglasarc3_binary+ben_sarc_binary,banglasarc3_binary,123
55361b7e5b2475c1,1,1,-1.6015625,1.0390625,0.06656918897050168,0.9334308110294983,1.3670647845894541,dann_matched,banglasarc3_binary+ben_sarc_binary,banglasarc3_binary,123
f478ea328fe5ce48,1,1,-0.94140625,0.36328125,0.21337717541660498,0.786622824583395,1.3670647845894541,dann_matched,banglasarc3_binary+ben_sarc_binary,banglasarc3_binary,123
5a05491d31008062,0,0,0.59765625,-1.234375,0.8620035287315965,0.13799647126840353,1.3670647845894541,dann_matched,banglasarc3_binary+ben_sarc_binary,banglasarc3_binary,123
ae0fcdf8d0676f03,0,0,1.3359375,-1.5625,0.9477691428985743,0.052230857101425734,1.3670647845894541,dann_matched,banglasarc3_binary+ben_sarc_binary,banglasarc3_binary,123
1473977d7b8985e5,0,0,0.71484375,-1.3046875,0.8828325306746402,0.11716746932535992,1.3670647845894541,dann_matched,banglasarc3_binary+ben_sarc_binary,banglasarc3_binary,123
880392a54d0ebe3e,0,0,0.77734375,-1.359375,0.8944211564084097,0.10557884359159042,1.3670647845894541,dann_matched,banglasarc3_binary+ben_sarc_binary,banglasarc3_binary,123
a8d6ffd7233218d9,0,1,-0.97265625,0.3984375,0.20244319214007214,0.7975568078599278,1.3670647845894541,dann_matched,banglasarc3_binary+ben_sarc_binary,banglasarc3_binary,123
532a79af0df6317b,1,1,-1.5078125,0.9375,0.079782013464093,0.9202179865359069,1.3670647845894541,dann_matched,banglasarc3_binary+ben_sarc_binary,banglasarc3_binary,123
e67ce7d008308e4f,1,0,0.35546875,-1.078125,0.8074606461386356,0.19253935386136437,1.3670647845894541,dann_matched,banglasarc3_binary+ben_sarc_binary,banglasarc3_binary,123
d7578006b9f26c23,1,1,-0.6171875,-0.10644531,0.3750195555787858,0.6249804444212143,1.3670647845894541,dann_matched,banglasarc3_binary+ben_sarc_binary,banglasarc3_binary,123
714a136f278f7f6d,1,1,-0.96484375,0.26367188,0.22644133166358038,0.7735586683364196,1.3670647845894541,dann_matched,banglasarc3_binary+ben_sarc_binary,banglasarc3_binary,123
cb7574a7cdfb2600,0,1,-1.3515625,0.78125,0.10594828713637978,0.8940517128636203,1.3670647845894541,dann_matched,banglasarc3_binary+ben_sarc_binary,banglasarc3_binary,123
539200a378d20681,0,0,0.024169922,-0.3828125,0.6003640999887943,0.39963590001120586,1.3670647845894541,dann_matched,banglasarc3_binary+ben_sarc_binary,banglasarc3_binary,123
9d4e9c774780337b,1,0,0.703125,-1.15625,0.8652240825770433,0.1347759174229568,1.3670647845894541,dann_matched,banglasarc3_binary+ben_sarc_binary,banglasarc3_binary,123
d19183e0c68495fe,0,0,-0.296875,-0.32617188,0.5073236949260119,0.49267630507398813,1.3670647845894541,dann_matched,banglasarc3_binary+ben_sarc_binary,banglasarc3_binary,123
e727d555b9906254,0,0,0.90234375,-1.28125,0.8987665192930021,0.10123348070699793,1.3670647845894541,dann_matched,banglasarc3_binary+ben_sarc_binary,banglasarc3_binary,123
560326443dd5a61f,1,1,-0.53125,0.024414062,0.3645513043424086,0.6354486956575913,1.3670647845894541,dann_matched,banglasarc3_binary+ben_sarc_binary,banglasarc3_binary,123
3a356b90dc52db7a,0,1,-0.859375,0.46484375,0.2101172597064404,0.7898827402935596,1.3670647845894541,dann_matched,banglasarc3_binary+ben_sarc_binary,banglasarc3_binary,123
10315d34cdace8c1,0,1,-0.984375,0.39648438,0.20087101582277223,0.7991289841772278,1.3670647845894541,dann_matched,banglasarc3_binary+ben_sarc_binary,banglasarc3_binary,123
5b040037fd3ecdae,1,1,-1.515625,0.94140625,0.07892588556500027,0.9210741144349998,1.3670647845894541,dann_matched,banglasarc3_binary+ben_sarc_binary,banglasarc3_binary,123
586f5d207285bf27,0,0,-0.16992188,-0.34960938,0.5448013956982781,0.4551986043017219,1.3670647845894541,dann_matched,banglasarc3_binary+ben_sarc_binary,banglasarc3_binary,123
11319ec3cf94ef20,0,0,1.234375,-1.6953125,0.9492946352021694,0.050705364797830506,1.3670647845894541,dann_matched,banglasarc3_binary+ben_sarc_binary,banglasarc3_binary,123
69fbdf73ddc7be78,1,1,-1.6171875,1.140625,0.0596469429451214,0.9403530570548787,1.3670647845894541,dann_matched,banglasarc3_binary+ben_sarc_binary,banglasarc3_binary,123
757ab3d1fca46e3c,1,1,-1.7890625,1.296875,0.04369106064046812,0.956308939359532,1.3670647845894541,dann_matched,banglasarc3_binary+ben_sarc_binary,banglasarc3_binary,123
a39c5cc8dcf7f753,0,0,1.4453125,-1.7734375,0.9615338079816756,0.03846619201832428,1.3670647845894541,dann_matched,banglasarc3_binary+ben_sarc_binary,banglasarc3_binary,123
ba0d8b695ca6ef05,0,1,-1.0390625,0.3671875,0.1968262036430985,0.8031737963569016,1.3670647845894541,dann_matched,banglasarc3_binary+ben_sarc_binary,banglasarc3_binary,123
7e976976fd12e611,0,0,0.4609375,-0.99609375,0.8110781922144276,0.18892180778557252,1.3670647845894541,dann_matched,banglasarc3_binary+ben_sarc_binary,banglasarc3_binary,123
177bf85b5ddcbb0b,1,1,-0.7421875,0.234375,0.27357439102480946,0.7264256089751905,1.3670647845894541,dann_matched,banglasarc3_binary+ben_sarc_binary,banglasarc3_binary,123
6d78d071878ac3d1,1,1,-1.578125,1.0703125,0.06608537866754877,0.9339146213324513,1.3670647845894541,dann_matched,banglasarc3_binary+ben_sarc_binary,banglasarc3_binary,123
c85c38b6528754b8,1,0,0.078125,-0.6015625,0.6636689470737326,0.3363310529262674,1.3670647845894541,dann_matched,banglasarc3_binary+ben_sarc_binary,banglasarc3_binary,123
90dbb76ac473a400,1,1,-0.8515625,0.36328125,0.22884512750015074,0.7711548724998493,1.3670647845894541,dann_matched,banglasarc3_binary+ben_sarc_binary,banglasarc3_binary,123
63c48593140100b8,0,0,1.0234375,-1.4296875,0.9207896758909757,0.07921032410902437,1.3670647845894541,dann_matched,banglasarc3_binary+ben_sarc_binary,banglasarc3_binary,123
aff3807e81a949e8,0,0,0.93359375,-1.359375,0.9082930373547222,0.09170696264527785,1.3670647845894541,dann_matched,banglasarc3_binary+ben_sarc_binary,banglasarc3_binary,123
2a1a90955017061c,1,1,-1.09375,0.59375,0.1561048974454574,0.8438951025545426,1.3670647845894541,dann_matched,banglasarc3_binary+ben_sarc_binary,banglasarc3_binary,123
8ba3ce83e1b38636,0,0,0.99609375,-1.40625,0.9170058516477309,0.08299414835226906,1.3670647845894541,dann_matched,banglasarc3_binary+ben_sarc_binary,banglasarc3_binary,123
b6a150e585a90815,1,0,0.95703125,-1.4453125,0.9170058516477309,0.08299414835226906,1.3670647845894541,dann_matched,banglasarc3_binary+ben_sarc_binary,banglasarc3_binary,123
e7f847b226aac07c,0,0,0.97265625,-1.4296875,0.9170058516477309,0.08299414835226906,1.3670647845894541,dann_matched,banglasarc3_binary+ben_sarc_binary,banglasarc3_binary,123
dddd46a1f7d0d0f0,1,1,-0.9609375,0.4375,0.19806417366892506,0.801935826331075,1.3670647845894541,dann_matched,banglasarc3_binary+ben_sarc_binary,banglasarc3_binary,123
1bffdb75712cd569,0,1,-0.92578125,0.28125,0.23022675852832591,0.769773241471674,1.3670647845894541,dann_matched,banglasarc3_binary+ben_sarc_binary,banglasarc3_binary,123
2ab62d60d1d4472e,1,0,-0.1953125,-0.36523438,0.5423785498964897,0.45762145010351035,1.3670647845894541,dann_matched,banglasarc3_binary+ben_sarc_binary,banglasarc3_binary,123
8fc93f04e6590154,1,1,-0.67578125,0.22070312,0.28977349483723636,0.7102265051627635,1.3670647845894541,dann_matched,banglasarc3_binary+ben_sarc_binary,banglasarc3_binary,123
86de20b950da2d3c,0,1,-1.890625,1.4375,0.03461883883917583,0.9653811611608242,1.3670647845894541,dann_matched,banglasarc3_binary+ben_sarc_binary,banglasarc3_binary,123
5621eac1c37b8431,0,0,0.875,-1.3203125,0.8998277813740775,0.10017221862592252,1.3670647845894541,dann_matched,banglasarc3_binary+ben_sarc_binary,banglasarc3_binary,123
837aaea86232ce70,1,1,-1.21875,0.828125,0.1143685261818125,0.8856314738181876,1.3670647845894541,dann_matched,banglasarc3_binary+ben_sarc_binary,banglasarc3_binary,123
f99f7e89824b6612,0,0,2.0625,-2.453125,0.9891815513471369,0.010818448652863185,1.3670647845894541,dann_matched,banglasarc3_binary+ben_sarc_binary,banglasarc3_binary,123
f398263b812de4fc,0,0,0.47070312,-0.859375,0.7908535572843339,0.209146442715666,1.3670647845894541,dann_matched,banglasarc3_binary+ben_sarc_binary,banglasarc3_binary,123
f933964e1386abbc,1,0,0.84375,-1.5,0.9124361604769414,0.08756383952305867,1.3670647845894541,dann_matched,banglasarc3_binary+ben_sarc_binary,banglasarc3_binary,123
29429b72289fcd40,0,1,-0.3515625,-0.2578125,0.47657965106367595,0.523420348936324,1.3670647845894541,dann_matched,banglasarc3_binary+ben_sarc_binary,banglasarc3_binary,123
065cb8d51b12f79a,0,1,-0.87109375,0.23828125,0.24798742624020276,0.7520125737597972,1.3670647845894541,dann_matched,banglasarc3_binary+ben_sarc_binary,banglasarc3_binary,123
238ed849caf48da2,0,0,0.90625,-1.3515625,0.9053222982086733,0.0946777017913266,1.3670647845894541,dann_matched,banglasarc3_binary+ben_sarc_binary,banglasarc3_binary,123
e6879d34059ffd78,1,0,-0.17382812,-0.546875,0.5921950051775453,0.40780499482245464,1.3670647845894541,dann_matched,banglasarc3_binary+ben_sarc_binary,banglasarc3_binary,123
e1920815e63fd77c,1,1,-1.703125,1.1328125,0.05541279438176918,0.944587205618231,1.3670647845894541,dann_matched,banglasarc3_binary+ben_sarc_binary,banglasarc3_binary,123
9d6102939ae27963,1,1,-0.78125,0.171875,0.2782567937024021,0.7217432062975979,1.3670647845894541,dann_matched,banglasarc3_binary+ben_sarc_binary,banglasarc3_binary,123
7cf8d62bc548f981,1,1,-0.53515625,-0.032226562,0.37685242877052594,0.623147571229474,1.3670647845894541,dann_matched,banglasarc3_binary+ben_sarc_binary,banglasarc3_binary,123
3dedb7824bbf60be,0,1,-1.1171875,0.6015625,0.15203224162217424,0.8479677583778257,1.3670647845894541,dann_matched,banglasarc3_binary+ben_sarc_binary,banglasarc3_binary,123
7168d49fd7747b74,0,0,1.03125,-1.3828125,0.9178933729531492,0.08210662704685086,1.3670647845894541,dann_matched,banglasarc3_binary+ben_sarc_binary,banglasarc3_binary,123
85cf586fc25418e3,0,1,-0.6953125,0.17773438,0.29462070644095817,0.7053792935590418,1.3670647845894541,dann_matched,banglasarc3_binary+ben_sarc_binary,banglasarc3_binary,123
b4853c23f7a9f71d,0,0,0.17089844,-0.63671875,0.6916015091018004,0.3083984908981995,1.3670647845894541,dann_matched,banglasarc3_binary+ben_sarc_binary,banglasarc3_binary,123
b577521aba23e9a6,1,0,0.83984375,-1.421875,0.9056565881718779,0.09434341182812206,1.3670647845894541,dann_matched,banglasarc3_binary+ben_sarc_binary,banglasarc3_binary,123
43913a364404a6b7,1,0,-0.1796875,-0.43164062,0.5626571729912544,0.4373428270087456,1.3670647845894541,dann_matched,banglasarc3_binary+ben_sarc_binary,banglasarc3_binary,123
98595080b20ded8e,0,1,-0.9453125,0.49023438,0.1922358878499819,0.8077641121500181,1.3670647845894541,dann_matched,banglasarc3_binary+ben_sarc_binary,banglasarc3_binary,123
e8908d5a70ac67f7,0,0,0.8984375,-1.3828125,0.9073122213606241,0.09268777863937604,1.3670647845894541,dann_matched,banglasarc3_binary+ben_sarc_binary,banglasarc3_binary,123
a92f9901130b2155,0,0,0.16796875,-0.66796875,0.6976089173220981,0.30239108267790193,1.3670647845894541,dann_matched,banglasarc3_binary+ben_sarc_binary,banglasarc3_binary,123
7d6de967d264bd85,0,1,-0.49023438,-0.03466797,0.3880381210735019,0.6119618789264982,1.3670647845894541,dann_matched,banglasarc3_binary+ben_sarc_binary,banglasarc3_binary,123
9837a43eab10dddf,1,1,-2.265625,1.8671875,0.015784561073809773,0.9842154389261902,1.3670647845894541,dann_matched,banglasarc3_binary+ben_sarc_binary,banglasarc3_binary,123
65319c5414a8306a,0,1,-0.40039062,-0.26367188,0.46587345377762773,0.5341265462223723,1.3670647845894541,dann_matched,banglasarc3_binary+ben_sarc_binary,banglasarc3_binary,123
fade48daf673b1f8,0,0,1.015625,-1.5703125,0.9299510391228232,0.07004896087717674,1.3670647845894541,dann_matched,banglasarc3_binary+ben_sarc_binary,banglasarc3_binary,123
866873fff24113c0,1,1,-1.2578125,0.703125,0.12336562437275558,0.8766343756272444,1.3670647845894541,dann_matched,banglasarc3_binary+ben_sarc_binary,banglasarc3_binary,123
e3cc36cc8d198224,0,1,-1.015625,0.4375,0.18952109132967757,0.8104789086703224,1.3670647845894541,dann_matched,banglasarc3_binary+ben_sarc_binary,banglasarc3_binary,123
89c21dd6d937eaff,1,1,-0.5859375,0.040527344,0.34831255526548993,0.65168744473451,1.3670647845894541,dann_matched,banglasarc3_binary+ben_sarc_binary,banglasarc3_binary,123
4b6f29550988601b,0,0,1.9296875,-2.328125,0.9860442896017267,0.013955710398273338,1.3670647845894541,dann_matched,banglasarc3_binary+ben_sarc_binary,banglasarc3_binary,123
d975dd69c2f72afd,1,1,-1.953125,1.421875,0.033085978388704126,0.9669140216112958,1.3670647845894541,dann_matched,banglasarc3_binary+ben_sarc_binary,banglasarc3_binary,123
877fb7d4cf62f178,1,1,-1.2421875,0.92578125,0.1026640095733654,0.8973359904266346,1.3670647845894541,dann_matched,banglasarc3_binary+ben_sarc_binary,banglasarc3_binary,123
8e7741f5f6607b4c,1,1,-1.765625,1.21875,0.04813677111663481,0.9518632288833652,1.3670647845894541,dann_matched,banglasarc3_binary+ben_sarc_binary,banglasarc3_binary,123
0892c4bec7f40ca2,1,1,-2.09375,1.65625,0.02297736991002561,0.9770226300899744,1.3670647845894541,dann_matched,banglasarc3_binary+ben_sarc_binary,banglasarc3_binary,123
a2b22017bfba6565,1,1,-1.0,0.47851562,0.18565173006556385,0.8143482699344362,1.3670647845894541,dann_matched,banglasarc3_binary+ben_sarc_binary,banglasarc3_binary,123
f5daae7220a90010,0,0,0.9296875,-1.1640625,0.8902942261220291,0.10970577387797074,1.3670647845894541,dann_matched,banglasarc3_binary+ben_sarc_binary,banglasarc3_binary,123
0f083853e0116694,1,1,-1.0703125,0.45703125,0.1783826593316426,0.8216173406683573,1.3670647845894541,dann_matched,banglasarc3_binary+ben_sarc_binary,banglasarc3_binary,123
40768fb2acdaf890,0,0,0.111328125,-0.6640625,0.6846858388837074,0.3153141611162926,1.3670647845894541,dann_matched,banglasarc3_binary+ben_sarc_binary,banglasarc3_binary,123
d61c45eabc68eb9b,0,1,-1.1328125,0.51171875,0.16184943726558834,0.8381505627344117,1.3670647845894541,dann_matched,banglasarc3_binary+ben_sarc_binary,banglasarc3_binary,123
f8966d9f2ebf8a15,1,1,-1.6015625,1.0390625,0.06656918897050168,0.9334308110294983,1.3670647845894541,dann_matched,banglasarc3_binary+ben_sarc_binary,banglasarc3_binary,123
3a91532d913e2c4b,0,0,1.6875,-1.96875,0.9748211582993981,0.025178841700601855,1.3670647845894541,dann_matched,banglasarc3_binary+ben_sarc_binary,banglasarc3_binary,123
701ed1e21508a181,0,0,0.3125,-0.71875,0.7371581626286834,0.26284183737131667,1.3670647845894541,dann_matched,banglasarc3_binary+ben_sarc_binary,banglasarc3_binary,123
b4b9460c57fb2ff8,1,1,-0.796875,0.22460938,0.2647383631435034,0.7352616368564966,1.3670647845894541,dann_matched,banglasarc3_binary+ben_sarc_binary,banglasarc3_binary,123
f6ef35c40454d8a9,1,1,-0.68359375,0.20703125,0.29098086621490676,0.7090191337850932,1.3670647845894541,dann_matched,banglasarc3_binary+ben_sarc_binary,banglasarc3_binary,123
c749254818a2beb4,1,1,-1.3203125,0.6875,0.1183850968071675,0.8816149031928324,1.3670647845894541,dann_matched,banglasarc3_binary+ben_sarc_binary,banglasarc3_binary,123
a8d95df3867755d7,1,0,0.10449219,-0.58984375,0.6669307825162067,0.33306921748379326,1.3670647845894541,dann_matched,banglasarc3_binary+ben_sarc_binary,banglasarc3_binary,123
fb125052de8613ad,1,1,-1.8828125,1.390625,0.0364937662290278,0.9635062337709722,1.3670647845894541,dann_matched,banglasarc3_binary+ben_sarc_binary,banglasarc3_binary,123
09a2cced4bee49f7,1,1,-1.578125,0.9140625,0.07640768335044701,0.923592316649553,1.3670647845894541,dann_matched,banglasarc3_binary+ben_sarc_binary,banglasarc3_binary,123
8a83d3da7699811c,0,0,0.59765625,-0.99609375,0.8311430478583168,0.16885695214168314,1.3670647845894541,dann_matched,banglasarc3_binary+ben_sarc_binary,banglasarc3_binary,123
3964424aa0d49a56,0,0,0.18261719,-0.68359375,0.7039566617217692,0.2960433382782308,1.3670647845894541,dann_matched,banglasarc3_binary+ben_sarc_binary,banglasarc3_binary,123
0fa27d4578133779,1,1,-0.68359375,0.09326172,0.31499799991732924,0.6850020000826708,1.3670647845894541,dann_matched,banglasarc3_binary+ben_sarc_binary,banglasarc3_binary,123
2a782f9195e8bf56,0,1,-1.3671875,0.90625,0.09334687851957546,0.9066531214804244,1.3670647845894541,dann_matched,banglasarc3_binary+ben_sarc_binary,banglasarc3_binary,123
ce572474de1b6dd4,1,1,-0.36132812,-0.25195312,0.47268347662043286,0.5273165233795671,1.3670647845894541,dann_matched,banglasarc3_binary+ben_sarc_binary,banglasarc3_binary,123
2b921d548ea4c4df,1,1,-1.96875,1.5078125,0.029986506066001513,0.9700134939339985,1.3670647845894541,dann_matched,banglasarc3_binary+ben_sarc_binary,banglasarc3_binary,123
8a3dac5169c757dc,1,1,-1.1171875,0.5390625,0.16026603232776068,0.8397339676722393,1.3670647845894541,dann_matched,banglasarc3_binary+ben_sarc_binary,banglasarc3_binary,123
1dc83e50f7da3618,0,1,-0.27539062,-0.2421875,0.49169998126390513,0.5083000187360949,1.3670647845894541,dann_matched,banglasarc3_binary+ben_sarc_binary,banglasarc3_binary,123
43e4c5caf8ccf8d9,1,1,-0.53125,-0.041259766,0.3798958681912967,0.6201041318087032,1.3670647845894541,dann_matched,banglasarc3_binary+ben_sarc_binary,banglasarc3_binary,123
c768491a2e849a34,1,1,-1.1953125,0.49804688,0.15533456033332146,0.8446654396666785,1.3670647845894541,dann_matched,banglasarc3_binary+ben_sarc_binary,banglasarc3_binary,123
d9b9d06a13c83be0,0,0,0.62109375,-1.21875,0.862930226964697,0.137069773035303,1.3670647845894541,dann_matched,banglasarc3_binary+ben_sarc_binary,banglasarc3_binary,123
6bac0560c62a5092,1,1,-0.7265625,0.2734375,0.2689414213699951,0.7310585786300049,1.3670647845894541,dann_matched,banglasarc3_binary+ben_sarc_binary,banglasarc3_binary,123
77eefbc8cad52155,0,0,0.84375,-1.21875,0.8872045937171068,0.11279540628289324,1.3670647845894541,dann_matched,banglasarc3_binary+ben_sarc_binary,banglasarc3_binary,123
61341c4de44d2405,1,1,-0.6796875,0.2265625,0.2877678157610531,0.712232184238947,1.3670647845894541,dann_matched,banglasarc3_binary+ben_sarc_binary,banglasarc3_binary,123
cd6e8a914163a6ff,0,0,0.27734375,-0.875,0.7599387520410151,0.24006124795898495,1.3670647845894541,dann_matched,banglasarc3_binary+ben_sarc_binary,banglasarc3_binary,123
81087120efb6f7bd,0,0,1.2421875,-1.796875,0.9543079676184154,0.04569203238158463,1.3670647845894541,dann_matched,banglasarc3_binary+ben_sarc_binary,banglasarc3_binary,123
467d95865670a7c7,0,1,-0.97265625,0.38476562,0.20465963465754167,0.7953403653424583,1.3670647845894541,dann_matched,banglasarc3_binary+ben_sarc_binary,banglasarc3_binary,123
a061508d9f7523b5,1,0,1.4296875,-1.8203125,0.9626731126558706,0.037326887344129464,1.3670647845894541,dann_matched,banglasarc3_binary+ben_sarc_binary,banglasarc3_binary,123
cf0096f6a70cc1c1,1,1,-2.203125,1.7421875,0.01897803671176563,0.9810219632882344,1.3670647845894541,dann_matched,banglasarc3_binary+ben_sarc_binary,banglasarc3_binary,123
2038f5084e716133,0,1,-0.875,0.45117188,0.20979328699149588,0.7902067130085041,1.3670647845894541,dann_matched,banglasarc3_binary+ben_sarc_binary,banglasarc3_binary,123
40e021231f9b1641,0,0,1.546875,-1.921875,0.9697854129326061,0.03021458706739398,1.3670647845894541,dann_matched,banglasarc3_binary+ben_sarc_binary,banglasarc3_binary,123
2416d3cb16cd9c24,1,1,-1.9453125,1.40625,0.03384403534049258,0.9661559646595075,1.3670647845894541,dann_matched,banglasarc3_binary+ben_sarc_binary,banglasarc3_binary,123
c8d7de7cf70fcf2b,0,1,-0.7734375,0.16796875,0.28061637417656055,0.7193836258234395,1.3670647845894541,dann_matched,banglasarc3_binary+ben_sarc_binary,banglasarc3_binary,123
f6314ebda0e9b467,1,1,-0.640625,0.037841797,0.3366035835083401,0.6633964164916599,1.3670647845894541,dann_matched,banglasarc3_binary+ben_sarc_binary,banglasarc3_binary,123
6062c09c444e211f,1,0,0.6875,-0.953125,0.8376199633332891,0.16238003666671086,1.3670647845894541,dann_matched,banglasarc3_binary+ben_sarc_binary,banglasarc3_binary,123
4adaf7a44c6d430f,1,0,0.35742188,-0.6796875,0.7382918730797098,0.26170812692029033,1.3670647845894541,dann_matched,banglasarc3_binary+ben_sarc_binary,banglasarc3_binary,123
a5bb573405980a25,1,1,-1.4140625,0.8671875,0.09268777863937604,0.9073122213606241,1.3670647845894541,dann_matched,banglasarc3_binary+ben_sarc_binary,banglasarc3_binary,123
44fc54763842d3f4,1,1,-2.203125,1.7421875,0.01897803671176563,0.9810219632882344,1.3670647845894541,dann_matched,banglasarc3_binary+ben_sarc_binary,banglasarc3_binary,123
64ad5df98a085346,0,1,-0.46289062,-0.099121094,0.41004737597055035,0.5899526240294497,1.3670647845894541,dann_matched,banglasarc3_binary+ben_sarc_binary,banglasarc3_binary,123
d3b2db834378679a,0,0,1.3125,-1.625,0.9496693674025232,0.05033063259747688,1.3670647845894541,dann_matched,banglasarc3_binary+ben_sarc_binary,banglasarc3_binary,123
411964e4c9aadb31,0,0,-0.3359375,-0.35546875,0.5048826572854919,0.49511734271450814,1.3670647845894541,dann_matched,banglasarc3_binary+ben_sarc_binary,banglasarc3_binary,123
9d3774289ff1c6b7,1,1,-1.125,0.58203125,0.15354917288301603,0.8464508271169839,1.3670647845894541,dann_matched,banglasarc3_binary+ben_sarc_binary,banglasarc3_binary,123
7799f6cae337598c,0,0,0.32226562,-0.7734375,0.7494541351946964,0.25054586480530366,1.3670647845894541,dann_matched,banglasarc3_binary+ben_sarc_binary,banglasarc3_binary,123
211c6d38bfbe7b02,0,0,0.04663086,-0.51953125,0.6378771311340646,0.36212286886593525,1.3670647845894541,dann_matched,banglasarc3_binary+ben_sarc_binary,banglasarc3_binary,123
3cff9f15c3baf42c,1,1,-0.5546875,-0.08496094,0.38468096463949336,0.6153190353605067,1.3670647845894541,dann_matched,banglasarc3_binary+ben_sarc_binary,banglasarc3_binary,123
9c18cf645a2b92f4,1,1,-1.1171875,0.40429688,0.17924304163598906,0.820756958364011,1.3670647845894541,dann_matched,banglasarc3_binary+ben_sarc_binary,banglasarc3_binary,123
0b45893ebd275e93,0,0,2.265625,-2.609375,0.9924227587321393,0.007577241267860811,1.3670647845894541,dann_matched,banglasarc3_binary+ben_sarc_binary,banglasarc3_binary,123
e5026d6cb3802c30,1,1,-1.9765625,1.6171875,0.026759283185443145,0.9732407168145568,1.3670647845894541,dann_matched,banglasarc3_binary+ben_sarc_binary,banglasarc3_binary,123
6aaf9704fc1bdef0,0,1,-1.0234375,0.41601562,0.1916300495734963,0.8083699504265036,1.3670647845894541,dann_matched,banglasarc3_binary+ben_sarc_binary,banglasarc3_binary,123
81a1f43037e1cac1,1,1,-2.078125,1.5625,0.025565213923269593,0.9744347860767304,1.3670647845894541,dann_matched,banglasarc3_binary+ben_sarc_binary,banglasarc3_binary,123
7fb0bd6317330d4d,1,1,-0.7734375,0.2578125,0.26284183737131667,0.7371581626286834,1.3670647845894541,dann_matched,banglasarc3_binary+ben_sarc_binary,banglasarc3_binary,123
02520a874eae112e,1,1,-1.265625,0.61328125,0.13251455444044344,0.8674854455595564,1.3670647845894541,dann_matched,banglasarc3_binary+ben_sarc_binary,banglasarc3_binary,123
a5ce9ddbfc286430,0,1,-0.73828125,0.061523438,0.31006729966010704,0.689932700339893,1.3670647845894541,dann_matched,banglasarc3_binary+ben_sarc_binary,banglasarc3_binary,123
f0dad52b23c7b1b2,0,0,0.8828125,-1.40625,0.90796713988899,0.09203286011100995,1.3670647845894541,dann_matched,banglasarc3_binary+ben_sarc_binary,banglasarc3_binary,123
552cb5e4af89f7b4,1,1,-0.265625,-0.18554688,0.4799911598415775,0.5200088401584225,1.3670647845894541,dann_matched,banglasarc3_binary+ben_sarc_binary,banglasarc3_binary,123
5943a521e3945c92,0,0,0.40625,-0.875,0.7826624789529376,0.21733752104706247,1.3670647845894541,dann_matched,banglasarc3_binary+ben_sarc_binary,banglasarc3_binary,123
ae9b18fb7ff57a4e,1,1,-0.734375,0.13476562,0.29543315152184185,0.7045668484781581,1.3670647845894541,dann_matched,banglasarc3_binary+ben_sarc_binary,banglasarc3_binary,123
ff80e0cbcd7c1782,0,0,0.9609375,-1.3359375,0.9086178969328287,0.09138210306717136,1.3670647845894541,dann_matched,banglasarc3_binary+ben_sarc_binary,banglasarc3_binary,123
f1314c540d6527e9,0,0,0.94921875,-1.3984375,0.9127477534452755,0.0872522465547244,1.3670647845894541,dann_matched,banglasarc3_binary+ben_sarc_binary,banglasarc3_binary,123
fac42c7ed54d77d8,0,1,-1.8125,1.25,0.0446808702726502,0.9553191297273498,1.3670647845894541,dann_matched,banglasarc3_binary+ben_sarc_binary,banglasarc3_binary,123
8658527a6a2a33bf,0,0,0.5859375,-1.1953125,0.8558511469672594,0.14414885303274058,1.3670647845894541,dann_matched,banglasarc3_binary+ben_sarc_binary,banglasarc3_binary,123
67575dc5c930b3d1,0,0,0.014892578,-0.56640625,0.6413662118794764,0.35863378812052366,1.3670647845894541,dann_matched,banglasarc3_binary+ben_sarc_binary,banglasarc3_binary,123
ad380f5058befbd4,1,1,-1.3671875,0.71484375,0.11085559492526088,0.8891444050747391,1.3670647845894541,dann_matched,banglasarc3_binary+ben_sarc_binary,banglasarc3_binary,123
392a0ef4d44c3c73,1,0,0.1015625,-0.609375,0.670608279935473,0.329391720064527,1.3670647845894541,dann_matched,banglasarc3_binary+ben_sarc_binary,banglasarc3_binary,123
d6bafb1cda6b4f80,1,1,-1.640625,1.09375,0.06097518086496481,0.9390248191350352,1.3670647845894541,dann_matched,banglasarc3_binary+ben_sarc_binary,banglasarc3_binary,123
809d83f7454be9cd,1,1,-1.390625,0.73828125,0.10631886977575758,0.8936811302242426,1.3670647845894541,dann_matched,banglasarc3_binary+ben_sarc_binary,banglasarc3_binary,123
a7ecaf79eb5d5fb9,1,1,-1.0859375,0.6328125,0.15203224162217424,0.8479677583778257,1.3670647845894541,dann_matched,banglasarc3_binary+ben_sarc_binary,banglasarc3_binary,123
16902334d4aac003,0,1,-0.40429688,-0.18359375,0.44504710025152877,0.5549528997484712,1.3670647845894541,dann_matched,banglasarc3_binary+ben_sarc_binary,banglasarc3_binary,123
051f1b25aad139f0,1,0,0.359375,-0.63671875,0.7302898704283038,0.2697101295716962,1.3670647845894541,dann_matched,banglasarc3_binary+ben_sarc_binary,banglasarc3_binary,123
74628967f465b267,0,0,-0.14160156,-0.4453125,0.5753494347494654,0.4246505652505345,1.3670647845894541,dann_matched,banglasarc3_binary+ben_sarc_binary,banglasarc3_binary,123
32b5e23e297c895c,1,1,-1.1171875,0.53125,0.16132023775174625,0.8386797622482537,1.3670647845894541,dann_matched,banglasarc3_binary+ben_sarc_binary,banglasarc3_binary,123
78a8f1d91019c411,0,1,-0.44335938,-0.12695312,0.4215518210658887,0.5784481789341114,1.3670647845894541,dann_matched,banglasarc3_binary+ben_sarc_binary,banglasarc3_binary,123
6bbdac83cbe8ed55,1,1,-0.36132812,-0.24023438,0.4697635017088386,0.5302364982911614,1.3670647845894541,dann_matched,banglasarc3_binary+ben_sarc_binary,banglasarc3_binary,123
505144aeff25d610,0,0,1.6796875,-2.078125,0.9771973640319939,0.02280263596800613,1.3670647845894541,dann_matched,banglasarc3_binary+ben_sarc_binary,banglasarc3_binary,123
514e7229ecf5d2fe,1,1,-1.3046875,0.75390625,0.11318690654016261,0.8868130934598374,1.3670647845894541,dann_matched,banglasarc3_binary+ben_sarc_binary,banglasarc3_binary,123
97ff4666ec5e9f65,0,0,1.15625,-1.703125,0.9458012701768145,0.05419872982318558,1.3670647845894541,dann_matched,banglasarc3_binary+ben_sarc_binary,banglasarc3_binary,123
7cb9734d271aa603,1,1,-0.453125,-0.12695312,0.41917235542073045,0.5808276445792696,1.3670647845894541,dann_matched,banglasarc3_binary+ben_sarc_binary,banglasarc3_binary,123
895b32d6f531e8d6,0,1,-1.0,0.41210938,0.19590156572280032,0.8040984342771997,1.3670647845894541,dann_matched,banglasarc3_binary+ben_sarc_binary,banglasarc3_binary,123
b1a4b29882b6c492,0,0,0.13769531,-0.66796875,0.6911847734747362,0.3088152265252637,1.3670647845894541,dann_matched,banglasarc3_binary+ben_sarc_binary,banglasarc3_binary,123
0dc4897d46949237,0,0,1.9296875,-2.1875,0.9839708526340988,0.016029147365901317,1.3670647845894541,dann_matched,banglasarc3_binary+ben_sarc_binary,banglasarc3_binary,123
c3b7103111f141a1,1,1,-1.3046875,0.765625,0.11201595092000367,0.8879840490799963,1.3670647845894541,dann_matched,banglasarc3_binary+ben_sarc_binary,banglasarc3_binary,123
ec3e49aee99d8f7a,1,1,-1.1875,0.66796875,0.13523208079351787,0.8647679192064821,1.3670647845894541,dann_matched,banglasarc3_binary+ben_sarc_binary,banglasarc3_binary,123
992c3932d484ad9a,0,1,-1.1640625,0.47265625,0.16291203745291188,0.8370879625470882,1.3670647845894541,dann_matched,banglasarc3_binary+ben_sarc_binary,banglasarc3_binary,123
c5bd12f82a343358,1,1,-0.80078125,0.26171875,0.25683199138751883,0.7431680086124811,1.3670647845894541,dann_matched,banglasarc3_binary+ben_sarc_binary,banglasarc3_binary,123
3ea7fe33caac8580,0,0,0.9765625,-1.375,0.9130583432721083,0.08694165672789168,1.3670647845894541,dann_matched,banglasarc3_binary+ben_sarc_binary,banglasarc3_binary,123
33a5e06ca430c8f1,0,0,0.21582031,-0.73046875,0.7203682664974054,0.27963173350259457,1.3670647845894541,dann_matched,banglasarc3_binary+ben_sarc_binary,banglasarc3_binary,123
0e1ca87b75e07a22,0,1,-1.3984375,0.9140625,0.09009299396195182,0.9099070060380482,1.3670647845894541,dann_matched,banglasarc3_binary+ben_sarc_binary,banglasarc3_binary,123
d8fee321b4621b14,1,0,-0.19433594,-0.26367188,0.5173270433244966,0.4826729566755034,1.3670647845894541,dann_matched,banglasarc3_binary+ben_sarc_binary,banglasarc3_binary,123
00c1732e4277e2ff,1,1,-1.328125,0.82421875,0.10411241155799623,0.8958875884420037,1.3670647845894541,dann_matched,banglasarc3_binary+ben_sarc_binary,banglasarc3_binary,123
fbce076f3a151066,1,1,-1.453125,0.828125,0.09268777863937604,0.9073122213606241,1.3670647845894541,dann_matched,banglasarc3_binary+ben_sarc_binary,banglasarc3_binary,123
dbbbd3567edaaf38,0,0,0.06640625,-0.51171875,0.640635854839898,0.35936414516010196,1.3670647845894541,dann_matched,banglasarc3_binary+ben_sarc_binary,banglasarc3_binary,123
4ac1dba701f4fda5,1,1,-1.6484375,1.1171875,0.05921025074128593,0.9407897492587141,1.3670647845894541,dann_matched,banglasarc3_binary+ben_sarc_binary,banglasarc3_binary,123
a13bde6d3c5bb87a,0,0,0.60546875,-1.0546875,0.8402589766446108,0.15974102335538914,1.3670647845894541,dann_matched,banglasarc3_binary+ben_sarc_binary,banglasarc3_binary,123
9f92c9c63ab16ba9,1,1,-1.234375,0.68359375,0.1280882483446611,0.8719117516553389,1.3670647845894541,dann_matched,banglasarc3_binary+ben_sarc_binary,banglasarc3_binary,123
e70632ab44b95d37,1,1,-0.37890625,-0.080078125,0.42584398273302004,0.57415601726698,1.3670647845894541,dann_matched,banglasarc3_binary+ben_sarc_binary,banglasarc3_binary,123
e1e95dc7d5fd4fe7,0,1,-0.5625,-0.0040283203,0.36390115724102373,0.6360988427589762,1.3670647845894541,dann_matched,banglasarc3_binary+ben_sarc_binary,banglasarc3_binary,123
cf43563beef479bd,1,0,0.203125,-0.80859375,0.7333563766381476,0.2666436233618524,1.3670647845894541,dann_matched,banglasarc3_binary+ben_sarc_binary,banglasarc3_binary,123
9f9b2bac0fb579a1,1,1,-1.1875,0.74609375,0.12635333964061335,0.8736466603593868,1.3670647845894541,dann_matched,banglasarc3_binary+ben_sarc_binary,banglasarc3_binary,123
64261898e8263c33,0,0,0.39257812,-0.98828125,0.7991289841772278,0.20087101582277223,1.3670647845894541,dann_matched,banglasarc3_binary+ben_sarc_binary,banglasarc3_binary,123
2584524d390cdfab,1,0,0.609375,-1.125,0.849971175657575,0.1500288243424251,1.3670647845894541,dann_matched,banglasarc3_binary+ben_sarc_binary,banglasarc3_binary,123
257a7560d1ab7c7e,0,1,-1.6015625,1.2109375,0.05665242530797383,0.9433475746920261,1.3670647845894541,dann_matched,banglasarc3_binary+ben_sarc_binary,banglasarc3_binary,123
2f14c0092aa7ca57,1,1,-1.0390625,0.46289062,0.18213440280618404,0.8178655971938159,1.3670647845894541,dann_matched,banglasarc3_binary+ben_sarc_binary,banglasarc3_binary,123
342881c8a15bad16,0,0,-0.061279297,-0.42382812,0.5896572931442254,0.4103427068557746,1.3670647845894541,dann_matched,banglasarc3_binary+ben_sarc_binary,banglasarc3_binary,123
43f923ef5eb8a6f5,0,0,0.49023438,-0.8515625,0.7927852815759895,0.20721471842401046,1.3670647845894541,dann_matched,banglasarc3_binary+ben_sarc_binary,banglasarc3_binary,123
ee6f09f058aef096,1,0,0.31054688,-0.9140625,0.7728736964144969,0.22712630358550323,1.3670647845894541,dann_matched,banglasarc3_binary+ben_sarc_binary,banglasarc3_binary,123
923b266511af9ccd,1,1,-0.35351562,-0.19140625,0.45956117665402246,0.5404388233459775,1.3670647845894541,dann_matched,banglasarc3_binary+ben_sarc_binary,banglasarc3_binary,123
405b3d840ad271a8,0,1,-0.29296875,-0.2734375,0.49511734271450814,0.5048826572854919,1.3670647845894541,dann_matched,banglasarc3_binary+ben_sarc_binary,banglasarc3_binary,123
dab992c0f3dc01a0,0,0,-0.140625,-0.29882812,0.5394684966874882,0.4605315033125118,1.3670647845894541,dann_matched,banglasarc3_binary+ben_sarc_binary,banglasarc3_binary,123
667af3eb14934a3e,0,0,1.71875,-1.984375,0.9759464471055739,0.024053552894426178,1.3670647845894541,dann_matched,banglasarc3_binary+ben_sarc_binary,banglasarc3_binary,123
b564fa9b23515ed0,1,1,-1.4609375,0.94140625,0.08299414835226906,0.9170058516477309,1.3670647845894541,dann_matched,banglasarc3_binary+ben_sarc_binary,banglasarc3_binary,123
66d2aff5fc2e61bc,0,0,1.578125,-1.9765625,0.9722043774187549,0.027795622581245058,1.3670647845894541,dann_matched,banglasarc3_binary+ben_sarc_binary,banglasarc3_binary,123
d3a8233595cb8024,0,0,1.2734375,-1.578125,0.9453993942183476,0.05460060578165237,1.3670647845894541,dann_matched,banglasarc3_binary+ben_sarc_binary,banglasarc3_binary,123
1d769f0a19572287,1,1,-1.4453125,0.94921875,0.08359066775394157,0.9164093322460585,1.3670647845894541,dann_matched,banglasarc3_binary+ben_sarc_binary,banglasarc3_binary,123
3fee32aadfaf6383,0,0,1.0546875,-1.359375,0.9178933729531492,0.08210662704685086,1.3670647845894541,dann_matched,banglasarc3_binary+ben_sarc_binary,banglasarc3_binary,123
114b54f8ea927149,1,1,-0.49023438,-0.046875,0.3909407892022307,0.6090592107977694,1.3670647845894541,dann_matched,banglasarc3_binary+ben_sarc_binary,banglasarc3_binary,123
f8e88475333512af,1,1,-0.69140625,0.13085938,0.30528294234216474,0.6947170576578352,1.3670647845894541,dann_matched,banglasarc3_binary+ben_sarc_binary,banglasarc3_binary,123
7a2afdf85b0e4a57,1,1,-0.75390625,0.30078125,0.2583259885691872,0.7416740114308128,1.3670647845894541,dann_matched,banglasarc3_binary+ben_sarc_binary,banglasarc3_binary,123
92c430c72628f547,0,0,1.0546875,-1.59375,0.9339146213324513,0.06608537866754877,1.3670647845894541,dann_matched,banglasarc3_binary+ben_sarc_binary,banglasarc3_binary,123
26dc21d32e9a6348,1,1,-1.328125,0.765625,0.10970577387797074,0.8902942261220291,1.3670647845894541,dann_matched,banglasarc3_binary+ben_sarc_binary,banglasarc3_binary,123
d08da382f5aa6fd6,1,1,-1.21875,0.578125,0.1422318950098963,0.8577681049901036,1.3670647845894541,dann_matched,banglasarc3_binary+ben_sarc_binary,banglasarc3_binary,123
ff9a012f3a431db5,1,1,-0.92578125,0.3359375,0.22067816087759426,0.7793218391224057,1.3670647845894541,dann_matched,banglasarc3_binary+ben_sarc_binary,banglasarc3_binary,123
55386c020543c40f,1,1,-1.796875,1.2890625,0.04369106064046812,0.956308939359532,1.3670647845894541,dann_matched,banglasarc3_binary+ben_sarc_binary,banglasarc3_binary,123
017099e7610a6f6c,1,1,-0.31640625,-0.26367188,0.4868194606043191,0.5131805393956809,1.3670647845894541,dann_matched,banglasarc3_binary+ben_sarc_binary,banglasarc3_binary,123
f016ba0cc1c77d81,1,0,-0.31054688,-0.35351562,0.5107405350179702,0.48925946498202977,1.3670647845894541,dann_matched,banglasarc3_binary+ben_sarc_binary,banglasarc3_binary,123
bbbc6d295b42948d,0,0,0.71484375,-1.0703125,0.8563323913156724,0.14366760868432768,1.3670647845894541,dann_matched,banglasarc3_binary+ben_sarc_binary,banglasarc3_binary,123
8a6ec5d8b3140bbc,1,1,-0.8046875,0.16210938,0.2755194131298318,0.7244805868701683,1.3670647845894541,dann_matched,banglasarc3_binary+ben_sarc_binary,banglasarc3_binary,123
52f3e5cbfe71dd90,0,0,1.2890625,-1.7109375,0.9525741268224334,0.04742587317756679,1.3670647845894541,dann_matched,banglasarc3_binary+ben_sarc_binary,banglasarc3_binary,123
6311c3f6e9111661,1,1,-1.203125,0.62109375,0.1389284260290056,0.8610715739709943,1.3670647845894541,dann_matched,banglasarc3_binary+ben_sarc_binary,banglasarc3_binary,123
ab531d6915b77591,1,1,-0.984375,0.48632812,0.18683576595593096,0.8131642340440691,1.3670647845894541,dann_matched,banglasarc3_binary+ben_sarc_binary,banglasarc3_binary,123
c8d4191a4c0034b0,0,1,-0.6640625,0.14453125,0.3081902399767429,0.6918097600232571,1.3670647845894541,dann_matched,banglasarc3_binary+ben_sarc_binary,banglasarc3_binary,123
78f45826d9c886c2,1,1,-1.5546875,1.03125,0.07004896087717674,0.9299510391228232,1.3670647845894541,dann_matched,banglasarc3_binary+ben_sarc_binary,banglasarc3_binary,123
f5080918cb703e26,1,1,-1.28125,0.765625,0.1143685261818125,0.8856314738181876,1.3670647845894541,dann_matched,banglasarc3_binary+ben_sarc_binary,banglasarc3_binary,123
50855678cee37752,0,0,1.0,-1.421875,0.9184802440252811,0.08151975597471893,1.3670647845894541,dann_matched,banglasarc3_binary+ben_sarc_binary,banglasarc3_binary,123
0e861cdeb8d4ab68,1,1,-1.71875,1.2578125,0.048496003243956885,0.9515039967560431,1.3670647845894541,dann_matched,banglasarc3_binary+ben_sarc_binary,banglasarc3_binary,123
6aa0691388dde3ef,0,0,0.24707031,-0.8203125,0.7440988805974809,0.25590111940251914,1.3670647845894541,dann_matched,banglasarc3_binary+ben_sarc_binary,banglasarc3_binary,123
ac035386ab80b4e6,1,1,-1.265625,0.65234375,0.1280882483446611,0.8719117516553389,1.3670647845894541,dann_matched,banglasarc3_binary+ben_sarc_binary,banglasarc3_binary,123
e76a1038723dc5eb,1,1,-1.265625,0.68359375,0.12463857053608371,0.8753614294639163,1.3670647845894541,dann_matched,banglasarc3_binary+ben_sarc_binary,banglasarc3_binary,123
ff922cbca8785282,1,1,-0.47460938,-0.049072266,0.39519253065282645,0.6048074693471736,1.3670647845894541,dann_matched,banglasarc3_binary+ben_sarc_binary,banglasarc3_binary,123
66a6d7fc7c022153,1,0,-0.23828125,-0.3671875,0.5321820112760233,0.4678179887239768,1.3670647845894541,dann_matched,banglasarc3_binary+ben_sarc_binary,banglasarc3_binary,123
6f920e614b465135,0,1,-0.9140625,0.31054688,0.22712630358550323,0.7728736964144969,1.3670647845894541,dann_matched,banglasarc3_binary+ben_sarc_binary,banglasarc3_binary,123
a3046e4436328bea,1,1,-2.203125,1.8828125,0.01652955655765428,0.9834704434423458,1.3670647845894541,dann_matched,banglasarc3_binary+ben_sarc_binary,banglasarc3_binary,123
226afc1f08fe0780,0,0,1.609375,-1.9765625,0.9730365001376665,0.02696349986233355,1.3670647845894541,dann_matched,banglasarc3_binary+ben_sarc_binary,banglasarc3_binary,123
9924815a000de0cd,0,0,1.484375,-1.625,0.9572778024535095,0.042722197546490565,1.3670647845894541,dann_matched,banglasarc3_binary+ben_sarc_binary,banglasarc3_binary,123
71c861c5ca9ae94c,0,0,0.97265625,-1.3515625,0.9108630617274585,0.08913693827254159,1.3670647845894541,dann_matched,banglasarc3_binary+ben_sarc_binary,banglasarc3_binary,123
9a8af6572f036955,1,0,0.75,-1.1640625,0.8714748610635069,0.1285251389364931,1.3670647845894541,dann_matched,banglasarc3_binary+ben_sarc_binary,banglasarc3_binary,123
148f42b7e3a77173,1,1,-1.5625,0.91015625,0.07779744860800895,0.922202551391991,1.3670647845894541,dann_matched,banglasarc3_binary+ben_sarc_binary,banglasarc3_binary,123
4a3ebc4e56a23695,0,1,-0.32421875,-0.27148438,0.4868194606043191,0.5131805393956809,1.3670647845894541,dann_matched,banglasarc3_binary+ben_sarc_binary,banglasarc3_binary,123
9884f74105725ac3,0,0,0.8828125,-1.375,0.9053222982086733,0.0946777017913266,1.3670647845894541,dann_matched,banglasarc3_binary+ben_sarc_binary,banglasarc3_binary,123
bc7aa60f495fb7a9,0,1,-1.6953125,1.2109375,0.05184546664977983,0.94815453335022,1.3670647845894541,dann_matched,banglasarc3_binary+ben_sarc_binary,banglasarc3_binary,123
1a19fa077638051f,0,0,1.984375,-2.453125,0.9883127420043056,0.011687257995694434,1.3670647845894541,dann_matched,banglasarc3_binary+ben_sarc_binary,banglasarc3_binary,123
bbac56b00ec41b2d,1,0,0.1796875,-0.73828125,0.7146280437908932,0.28537195620910677,1.3670647845894541,dann_matched,banglasarc3_binary+ben_sarc_binary,banglasarc3_binary,123
1ee3ab9f5f73d8e3,0,1,-0.8203125,0.33984375,0.23863889487701548,0.7613611051229845,1.3670647845894541,dann_matched,banglasarc3_binary+ben_sarc_binary,banglasarc3_binary,123
0a70db745aa8febf,1,1,-1.4765625,0.9296875,0.08269734267503885,0.9173026573249612,1.3670647845894541,dann_matched,banglasarc3_binary+ben_sarc_binary,banglasarc3_binary,123
a831521b5fade0b4,0,0,0.83984375,-1.1796875,0.8828325306746402,0.11716746932535992,1.3670647845894541,dann_matched,banglasarc3_binary+ben_sarc_binary,banglasarc3_binary,123
aee1e0859bd82e49,0,0,0.9375,-1.4140625,0.9130583432721083,0.08694165672789168,1.3670647845894541,dann_matched,banglasarc3_binary+ben_sarc_binary,banglasarc3_binary,123
14c1d9b31ee9da91,0,0,-0.041748047,-0.52734375,0.6190683450976542,0.3809316549023459,1.3670647845894541,dann_matched,banglasarc3_binary+ben_sarc_binary,banglasarc3_binary,123
0b3f384c234e0487,1,1,-0.96484375,0.39648438,0.2040245319606754,0.7959754680393245,1.3670647845894541,dann_matched,banglasarc3_binary+ben_sarc_binary,banglasarc3_binary,123
ba3b5a884606387b,1,1,-0.578125,-0.039794922,0.3685761340888884,0.6314238659111115,1.3670647845894541,dann_matched,banglasarc3_binary+ben_sarc_binary,banglasarc3_binary,123
d93424c4b5243f73,0,0,1.8828125,-2.28125,0.9846936454393053,0.015306354560694808,1.3670647845894541,dann_matched,banglasarc3_binary+ben_sarc_binary,banglasarc3_binary,123
b7e8e4540b6277b4,0,0,1.609375,-2.015625,0.9740426428022031,0.02595735719779685,1.3670647845894541,dann_matched,banglasarc3_binary+ben_sarc_binary,banglasarc3_binary,123
dfa9f26844b0493f,1,1,-1.078125,0.55859375,0.16291203745291188,0.8370879625470882,1.3670647845894541,dann_matched,banglasarc3_binary+ben_sarc_binary,banglasarc3_binary,123
c63b2cd906f1ec56,1,1,-2.1875,1.703125,0.020023441289455244,0.9799765587105447,1.3670647845894541,dann_matched,banglasarc3_binary+ben_sarc_binary,banglasarc3_binary,123
30f04a8c49d82a1e,1,0,-0.14550781,-0.33984375,0.5484316558950428,0.45156834410495716,1.3670647845894541,dann_matched,banglasarc3_binary+ben_sarc_binary,banglasarc3_binary,123
f53841d746ae3cd5,1,0,0.96875,-1.3828125,0.9130583432721083,0.08694165672789168,1.3670647845894541,dann_matched,banglasarc3_binary+ben_sarc_binary,banglasarc3_binary,123
78b23bee083f3547,0,0,-0.04321289,-0.57421875,0.6297176821266862,0.3702823178733137,1.3670647845894541,dann_matched,banglasarc3_binary+ben_sarc_binary,banglasarc3_binary,123
57f53209ea014911,0,0,1.203125,-1.5859375,0.9420819125605256,0.05791808743947446,1.3670647845894541,dann_matched,banglasarc3_binary+ben_sarc_binary,banglasarc3_binary,123
6bfa33ebacfeda42,1,1,-2.109375,1.75,0.020645930739218447,0.9793540692607815,1.3670647845894541,dann_matched,banglasarc3_binary+ben_sarc_binary,banglasarc3_binary,123
188035f94f43d5ab,0,0,1.765625,-2.265625,0.9825575152637948,0.01744248473620534,1.3670647845894541,dann_matched,banglasarc3_binary+ben_sarc_binary,banglasarc3_binary,123
a9c618cbe59ac37d,1,1,-2.15625,1.8671875,0.01757688326733593,0.982423116732664,1.3670647845894541,dann_matched,banglasarc3_binary+ben_sarc_binary,banglasarc3_binary,123
b24787eee7829216,0,1,-1.6484375,0.98828125,0.06681232582952595,0.933187674170474,1.3670647845894541,dann_matched,banglasarc3_binary+ben_sarc_binary,banglasarc3_binary,123
7ef070492a733c38,0,0,0.0021362305,-0.53125,0.6302725495725844,0.3697274504274156,1.3670647845894541,dann_matched,banglasarc3_binary+ben_sarc_binary,banglasarc3_binary,123
c367988694c84530,0,0,0.37695312,-0.88671875,0.7796575529570593,0.22034244704294068,1.3670647845894541,dann_matched,banglasarc3_binary+ben_sarc_binary,banglasarc3_binary,123
18d391b119c1644a,1,0,0.84765625,-1.2421875,0.8899121189857752,0.11008788101422484,1.3670647845894541,dann_matched,banglasarc3_binary+ben_sarc_binary,banglasarc3_binary,123
4faab331ced87a08,0,1,-0.52734375,-0.0010986328,0.37139307980467434,0.6286069201953257,1.3670647845894541,dann_matched,banglasarc3_binary+ben_sarc_binary,banglasarc3_binary,123
977b72c19a26ad0b,0,0,2.265625,-2.640625,0.9926541734255229,0.007345826574477061,1.3670647845894541,dann_matched,banglasarc3_binary+ben_sarc_binary,banglasarc3_binary,123
6517e05a5287776b,0,0,0.10644531,-0.53125,0.6542322972011442,0.34576770279885577,1.3670647845894541,dann_matched,banglasarc3_binary+ben_sarc_binary,banglasarc3_binary,123
ee6dbf89dce4e2bb,1,1,-1.578125,0.98828125,0.07133200111491692,0.9286679988850831,1.3670647845894541,dann_matched,banglasarc3_binary+ben_sarc_binary,banglasarc3_binary,123
ccf32cdc3d0775ad,1,1,-1.796875,1.296875,0.04336579876390677,0.9566342012360932,1.3670647845894541,dann_matched,banglasarc3_binary+ben_sarc_binary,banglasarc3_binary,123
4da5e414258db266,0,0,0.80078125,-1.2734375,0.8883720089593933,0.11162799104060678,1.3670647845894541,dann_matched,banglasarc3_binary+ben_sarc_binary,banglasarc3_binary,123
60ac14a8affe8358,1,1,-1.53125,0.76953125,0.09105827889318015,0.9089417211068199,1.3670647845894541,dann_matched,banglasarc3_binary+ben_sarc_binary,banglasarc3_binary,123
c82b770796c8cf66,1,1,-1.65625,1.09375,0.06008665017400762,0.9399133498259924,1.3670647845894541,dann_matched,banglasarc3_binary+ben_sarc_binary,banglasarc3_binary,123
f5fd2d4cdc3bc132,1,1,-1.5703125,0.9765625,0.07263670636078697,0.927363293639213,1.3670647845894541,dann_matched,banglasarc3_binary+ben_sarc_binary,banglasarc3_binary,123
94f3c9ec4b1c85a4,1,0,0.1953125,-0.53125,0.6740504840647448,0.3259495159352553,1.3670647845894541,dann_matched,banglasarc3_binary+ben_sarc_binary,banglasarc3_binary,123
5a10d03482f58dbf,1,1,-1.4453125,0.95703125,0.08299414835226906,0.9170058516477309,1.3670647845894541,dann_matched,banglasarc3_binary+ben_sarc_binary,banglasarc3_binary,123
acbcf17308c9467e,1,1,-1.1171875,0.53125,0.16132023775174625,0.8386797622482537,1.3670647845894541,dann_matched,banglasarc3_binary+ben_sarc_binary,banglasarc3_binary,123
efc06bd7dc0335d5,1,1,-2.1875,1.8359375,0.01757688326733593,0.982423116732664,1.3670647845894541,dann_matched,banglasarc3_binary+ben_sarc_binary,banglasarc3_binary,123
ed59d0f7934d3996,0,1,-1.375,0.85546875,0.09704755697933022,0.9029524430206697,1.3670647845894541,dann_matched,banglasarc3_binary+ben_sarc_binary,banglasarc3_binary,123
562d6d6d9b6ae4be,1,1,-1.1015625,0.6328125,0.1500288243424251,0.849971175657575,1.3670647845894541,dann_matched,banglasarc3_binary+ben_sarc_binary,banglasarc3_binary,123
f32e502d7c88ac0b,1,1,-1.6640625,1.1640625,0.05582314113461443,0.9441768588653856,1.3670647845894541,dann_matched,banglasarc3_binary+ben_sarc_binary,banglasarc3_binary,123
8e5d3f2f373f5e29,0,0,0.71875,-1.171875,0.8688267762381844,0.13117322376181567,1.3670647845894541,dann_matched,banglasarc3_binary+ben_sarc_binary,banglasarc3_binary,123
9207c873bbd453c3,0,0,1.78125,-2.140625,0.9805806518175514,0.0194193481824486,1.3670647845894541,dann_matched,banglasarc3_binary+ben_sarc_binary,banglasarc3_binary,123
89156813be6db8c4,1,1,-0.6484375,0.037109375,0.33502442411845135,0.6649755758815485,1.3670647845894541,dann_matched,banglasarc3_binary+ben_sarc_binary,banglasarc3_binary,123
8b10125a3aa18362,1,0,0.4921875,-1.0,0.8164063773658039,0.18359362263419612,1.3670647845894541,dann_matched,banglasarc3_binary+ben_sarc_binary,banglasarc3_binary,123
1ab10ab51e82c702,0,1,-1.0703125,0.47265625,0.17610412024315097,0.823895879756849,1.3670647845894541,dann_matched,banglasarc3_binary+ben_sarc_binary,banglasarc3_binary,123
0c97107ad69abd97,0,0,1.6328125,-1.953125,0.9730365001376665,0.02696349986233355,1.3670647845894541,dann_matched,banglasarc3_binary+ben_sarc_binary,banglasarc3_binary,123
319378441192755c,1,1,-0.68359375,-0.08691406,0.35510369580494466,0.6448963041950554,1.3670647845894541,dann_matched,banglasarc3_binary+ben_sarc_binary,banglasarc3_binary,123
da5927d625a7e992,0,1,-0.74609375,0.15429688,0.2889702304326297,0.7110297695673703,1.3670647845894541,dann_matched,banglasarc3_binary+ben_sarc_binary,banglasarc3_binary,123
f948aa239ae79172,0,0,0.703125,-1.1953125,0.8697145792507666,0.13028542074923347,1.3670647845894541,dann_matched,banglasarc3_binary+ben_sarc_binary,banglasarc3_binary,123
b98ee8eae2d4d6c2,1,1,-1.5546875,1.2109375,0.05921025074128593,0.9407897492587141,1.3670647845894541,dann_matched,banglasarc3_binary+ben_sarc_binary,banglasarc3_binary,123
2c4933c952f7fae0,1,1,-1.375,0.7578125,0.10594828713637978,0.8940517128636203,1.3670647845894541,dann_matched,banglasarc3_binary+ben_sarc_binary,banglasarc3_binary,123
5611174ac8f322d9,0,0,1.90625,-2.25,0.9845754479181588,0.015424552081841137,1.3670647845894541,dann_matched,banglasarc3_binary+ben_sarc_binary,banglasarc3_binary,123
a68c6a0d2e4a0d44,0,0,0.05126953,-0.58203125,0.6532375271137799,0.3467624728862202,1.3670647845894541,dann_matched,banglasarc3_binary+ben_sarc_binary,banglasarc3_binary,123
f0beee1358ba6702,1,1,-1.40625,0.82421875,0.09704755697933022,0.9029524430206697,1.3670647845894541,dann_matched,banglasarc3_binary+ben_sarc_binary,banglasarc3_binary,123
9dd87b3601b59c5e,1,0,0.095703125,-0.63671875,0.675336511217513,0.324663488782487,1.3670647845894541,dann_matched,banglasarc3_binary+ben_sarc_binary,banglasarc3_binary,123
059d63cf1f988857,0,1,-0.32226562,-0.22460938,0.4756053215677601,0.5243946784322399,1.3670647845894541,dann_matched,banglasarc3_binary+ben_sarc_binary,banglasarc3_binary,123
205492061bc3b836,1,1,-1.7578125,1.25,0.04707417582102406,0.9529258241789759,1.3670647845894541,dann_matched,banglasarc3_binary+ben_sarc_binary,banglasarc3_binary,123
ba85309fe6f0de09,1,0,-0.07910156,-0.49609375,0.6027632831983546,0.3972367168016455,1.3670647845894541,dann_matched,banglasarc3_binary+ben_sarc_binary,banglasarc3_binary,123
34cf41d51399f927,1,1,-1.4453125,0.94140625,0.08419108099457717,0.9158089190054228,1.3670647845894541,dann_matched,banglasarc3_binary+ben_sarc_binary,banglasarc3_binary,123
8f9e66d0954319bd,1,1,-1.3515625,0.6640625,0.11757213354550883,0.8824278664544911,1.3670647845894541,dann_matched,banglasarc3_binary+ben_sarc_binary,banglasarc3_binary,123
7aea9964e3bab268,0,1,-0.61328125,0.060546875,0.33764019024069764,0.6623598097593023,1.3670647845894541,dann_matched,banglasarc3_binary+ben_sarc_binary,banglasarc3_binary,123
34262aaf029abe9c,0,0,1.5546875,-1.9765625,0.9715639669551474,0.02843603304485266,1.3670647845894541,dann_matched,banglasarc3_binary+ben_sarc_binary,banglasarc3_binary,123
afc98c7da489d792,0,0,1.546875,-1.8359375,0.9671630439727548,0.03283695602724524,1.3670647845894541,dann_matched,banglasarc3_binary+ben_sarc_binary,banglasarc3_binary,123
87ca816cf9ca3a57,0,0,2.140625,-2.53125,0.9907319866190857,0.009268013380914325,1.3670647845894541,dann_matched,banglasarc3_binary+ben_sarc_binary,banglasarc3_binary,123
b8705f91611e42fd,1,1,-1.4296875,0.84375,0.09334687851957546,0.9066531214804244,1.3670647845894541,dann_matched,banglasarc3_binary+ben_sarc_binary,banglasarc3_binary,123
9b4172a29427d096,1,1,-1.9765625,1.40625,0.03283695602724524,0.9671630439727548,1.3670647845894541,dann_matched,banglasarc3_binary+ben_sarc_binary,banglasarc3_binary,123
277d8e87c25a04d0,0,0,0.9140625,-1.328125,0.9039745112122062,0.09602548878779378,1.3670647845894541,dann_matched,banglasarc3_binary+ben_sarc_binary,banglasarc3_binary,123
d41615dc78dfd442,0,0,0.2734375,-0.71484375,0.7287483034031065,0.2712516965968936,1.3670647845894541,dann_matched,banglasarc3_binary+ben_sarc_binary,banglasarc3_binary,123
3b570bff1dc82229,1,1,-1.3359375,0.74609375,0.11085559492526088,0.8891444050747391,1.3670647845894541,dann_matched,banglasarc3_binary+ben_sarc_binary,banglasarc3_binary,123
a14957fec3333e4d,1,1,-1.203125,0.59765625,0.14175599046041915,0.8582440095395809,1.3670647845894541,dann_matched,banglasarc3_binary+ben_sarc_binary,banglasarc3_binary,123
434aefb45c633a6e,1,1,-1.6015625,1.046875,0.06608537866754877,0.9339146213324513,1.3670647845894541,dann_matched,banglasarc3_binary+ben_sarc_binary,banglasarc3_binary,123
cb001950d002af6a,0,0,1.65625,-2.015625,0.9752018398044143,0.02479816019558566,1.3670647845894541,dann_matched,banglasarc3_binary+ben_sarc_binary,banglasarc3_binary,123
bde02cf99aa6475c,0,0,1.2578125,-1.703125,0.9507778868028013,0.04922211319719861,1.3670647845894541,dann_matched,banglasarc3_binary+ben_sarc_binary,banglasarc3_binary,123
d59a0afee6d44b0f,1,1,-0.78125,0.24023438,0.2647383631435034,0.7352616368564966,1.3670647845894541,dann_matched,banglasarc3_binary+ben_sarc_binary,banglasarc3_binary,123
53e03d54e9f7c1ed,1,1,-1.109375,0.28710938,0.19837458075735578,0.8016254192426442,1.3670647845894541,dann_matched,banglasarc3_binary+ben_sarc_binary,banglasarc3_binary,123
2922023d8f4b1469,0,0,0.033691406,-0.58984375,0.6510221370914505,0.3489778629085495,1.3670647845894541,dann_matched,banglasarc3_binary+ben_sarc_binary,banglasarc3_binary,123
9a38672a43ee4277,1,1,-1.3984375,0.76953125,0.1026640095733654,0.8973359904266346,1.3670647845894541,dann_matched,banglasarc3_binary+ben_sarc_binary,banglasarc3_binary,123
7d708b93f7458e17,0,0,2.109375,-2.5,0.9901401446964613,0.009859855303538789,1.3670647845894541,dann_matched,banglasarc3_binary+ben_sarc_binary,banglasarc3_binary,123
123e910b36e0446d,0,0,2.1875,-2.4375,0.9902915235185259,0.009708476481474066,1.3670647845894541,dann_matched,banglasarc3_binary+ben_sarc_binary,banglasarc3_binary,123
5dc46488541a62ec,1,1,-1.6484375,1.109375,0.0596469429451214,0.9403530570548787,1.3670647845894541,dann_matched,banglasarc3_binary+ben_sarc_binary,banglasarc3_binary,123
e52a1f58f51e0c0a,1,1,-0.7265625,0.20507812,0.2825919858349107,0.7174080141650894,1.3670647845894541,dann_matched,banglasarc3_binary+ben_sarc_binary,banglasarc3_binary,123
9b0ea3fdc41c9127,0,0,0.22851562,-0.83984375,0.744284789133903,0.2557152108660971,1.3670647845894541,dann_matched,banglasarc3_binary+ben_sarc_binary,banglasarc3_binary,123
6013016338f9c6dd,0,0,0.671875,-1.234375,0.870597268408361,0.12940273159163906,1.3670647845894541,dann_matched,banglasarc3_binary+ben_sarc_binary,banglasarc3_binary,123
5e41f878680dab10,0,0,1.7421875,-2.0,0.9768465889071616,0.023153411092838465,1.3670647845894541,dann_matched,banglasarc3_binary+ben_sarc_binary,banglasarc3_binary,123
f86040734ae27c6d,1,1,-1.59375,0.98828125,0.07030384998194615,0.929696150018054,1.3670647845894541,dann_matched,banglasarc3_binary+ben_sarc_binary,banglasarc3_binary,123
d10cccce1b8473e7,0,1,-0.41992188,-0.07910156,0.41561022712269113,0.584389772877309,1.3670647845894541,dann_matched,banglasarc3_binary+ben_sarc_binary,banglasarc3_binary,123
24135986932e677c,1,0,0.76953125,-1.1015625,0.8665847827360217,0.1334152172639784,1.3670647845894541,dann_matched,banglasarc3_binary+ben_sarc_binary,banglasarc3_binary,123
7514b989309b1d9c,0,0,0.81640625,-1.3671875,0.8987665192930021,0.10123348070699793,1.3670647845894541,dann_matched,banglasarc3_binary+ben_sarc_binary,banglasarc3_binary,123
ce110dc8185ae08e,1,1,-0.65234375,-0.08642578,0.3621792647817727,0.6378207352182272,1.3670647845894541,dann_matched,banglasarc3_binary+ben_sarc_binary,banglasarc3_binary,123
cb27ebe4bead824c,1,0,0.45117188,-0.96484375,0.8047130321052022,0.19528696789479796,1.3670647845894541,dann_matched,banglasarc3_binary+ben_sarc_binary,banglasarc3_binary,123
bc540917f9b7c71d,1,1,-1.21875,0.7265625,0.12506538251690355,0.8749346174830964,1.3670647845894541,dann_matched,banglasarc3_binary+ben_sarc_binary,banglasarc3_binary,123
4ffffbe307d0a83a,0,0,1.078125,-1.5859375,0.9348724531603766,0.0651275468396235,1.3670647845894541,dann_matched,banglasarc3_binary+ben_sarc_binary,banglasarc3_binary,123
b4323b5c74f8fc36,0,0,1.25,-1.6328125,0.9469902279841446,0.05300977201585542,1.3670647845894541,dann_matched,banglasarc3_binary+ben_sarc_binary,banglasarc3_binary,123
ad6cc5fb265960cc,0,1,-1.015625,0.3828125,0.19806417366892506,0.801935826331075,1.3670647845894541,dann_matched,banglasarc3_binary+ben_sarc_binary,banglasarc3_binary,123
d39ddcf24d6d9189,0,1,-0.9375,0.48632812,0.19406215575073427,0.8059378442492656,1.3670647845894541,dann_matched,banglasarc3_binary+ben_sarc_binary,banglasarc3_binary,123
f38d81be661a4b8f,1,1,-2.03125,1.453125,0.029760093945964218,0.9702399060540357,1.3670647845894541,dann_matched,banglasarc3_binary+ben_sarc_binary,banglasarc3_binary,123
373eddabf5c3d1f7,1,0,0.56640625,-0.93359375,0.8175744761936437,0.18242552380635632,1.3670647845894541,dann_matched,banglasarc3_binary+ben_sarc_binary,banglasarc3_binary,123
c511137eaf00d6b1,1,1,-0.75,0.23828125,0.2712516965968936,0.7287483034031065,1.3670647845894541,dann_matched,banglasarc3_binary+ben_sarc_binary,banglasarc3_binary,123
3cb9b64cd0bcd1c4,1,1,-0.94140625,0.41210938,0.20529620444713906,0.7947037955528609,1.3670647845894541,dann_matched,banglasarc3_binary+ben_sarc_binary,banglasarc3_binary,123
44e81fb71fafc5f6,1,1,-2.046875,1.4140625,0.030444348432624533,0.9695556515673754,1.3670647845894541,dann_matched,banglasarc3_binary+ben_sarc_binary,banglasarc3_binary,123
1f6366dc8c87721e,0,1,-0.71875,0.072753906,0.31184584283578853,0.6881541571642115,1.3670647845894541,dann_matched,banglasarc3_binary+ben_sarc_binary,banglasarc3_binary,123
406b7cc3a0445691,1,1,-1.5546875,1.0390625,0.06954174450582809,0.9304582554941719,1.3670647845894541,dann_matched,banglasarc3_binary+ben_sarc_binary,banglasarc3_binary,123
35cf36bc3d8642ab,0,1,-1.0078125,0.38671875,0.1986853537904252,0.8013146462095748,1.3670647845894541,dann_matched,banglasarc3_binary+ben_sarc_binary,banglasarc3_binary,123
57cd7fdd60d1667d,1,1,-0.70703125,0.049804688,0.3193336122608629,0.6806663877391372,1.3670647845894541,dann_matched,banglasarc3_binary+ben_sarc_binary,banglasarc3_binary,123
0bb1548e56ec97e6,1,0,0.61328125,-1.0390625,0.8392075633860248,0.16079243661397521,1.3670647845894541,dann_matched,banglasarc3_binary+ben_sarc_binary,banglasarc3_binary,123
8e8b85d15b47827c,1,1,-0.51953125,-0.17578125,0.41489884579676883,0.5851011542032312,1.3670647845894541,dann_matched,banglasarc3_binary+ben_sarc_binary,banglasarc3_binary,123
fae8d93fe40b415d,1,1,-1.046875,0.5859375,0.1634454411084719,0.8365545588915281,1.3670647845894541,dann_matched,banglasarc3_binary+ben_sarc_binary,banglasarc3_binary,123
12e6dab580637364,1,1,-0.7578125,0.22851562,0.27163795149137593,0.7283620485086241,1.3670647845894541,dann_matched,banglasarc3_binary+ben_sarc_binary,banglasarc3_binary,123
c63614053bc8ae28,0,1,-0.578125,-0.024414062,0.3650038724614436,0.6349961275385564,1.3670647845894541,dann_matched,banglasarc3_binary+ben_sarc_binary,banglasarc3_binary,123
e567c1f8bb54ed53,0,0,-0.11425781,-0.36914062,0.5633779603160685,0.43662203968393154,1.3670647845894541,dann_matched,banglasarc3_binary+ben_sarc_binary,banglasarc3_binary,123
4689d69a0738828f,0,0,0.35546875,-0.69140625,0.7401743620390163,0.2598256379609837,1.3670647845894541,dann_matched,banglasarc3_binary+ben_sarc_binary,banglasarc3_binary,123
b24c7e2e479c102f,0,0,2.390625,-2.796875,0.994445075296309,0.005554924703691103,1.3670647845894541,dann_matched,banglasarc3_binary+ben_sarc_binary,banglasarc3_binary,123
8ed4645228916f02,0,0,0.8984375,-1.4453125,0.9124361604769414,0.08756383952305867,1.3670647845894541,dann_matched,banglasarc3_binary+ben_sarc_binary,banglasarc3_binary,123
f59c42c49edda760,0,0,0.19726562,-0.8125,0.73297427916906,0.2670257208309401,1.3670647845894541,dann_matched,banglasarc3_binary+ben_sarc_binary,banglasarc3_binary,123
d760334e952c9d53,0,0,2.171875,-2.421875,0.9899864293768268,0.010013570623173138,1.3670647845894541,dann_matched,banglasarc3_binary+ben_sarc_binary,banglasarc3_binary,123
98f8544b2ea323d3,0,0,0.13769531,-0.703125,0.6986379551640148,0.3013620448359851,1.3670647845894541,dann_matched,banglasarc3_binary+ben_sarc_binary,banglasarc3_binary,123
ce05c3fa0cc62627,0,0,1.59375,-1.921875,0.9711290930537122,0.028870906946287907,1.3670647845894541,dann_matched,banglasarc3_binary+ben_sarc_binary,banglasarc3_binary,123
fdc64d7635cb59b2,0,0,1.140625,-1.671875,0.9433475746920261,0.05665242530797383,1.3670647845894541,dann_matched,banglasarc3_binary+ben_sarc_binary,banglasarc3_binary,123
f93ea9b921c3c0f7,1,0,-0.2421875,-0.32421875,0.5204963202620584,0.4795036797379416,1.3670647845894541,dann_matched,banglasarc3_binary+ben_sarc_binary,banglasarc3_binary,123
2278f57caa613701,0,0,1.90625,-2.296875,0.9852713861502774,0.014728613849722676,1.3670647845894541,dann_matched,banglasarc3_binary+ben_sarc_binary,banglasarc3_binary,123
c25fe5e4766f241a,0,0,1.6796875,-2.0625,0.9768465889071616,0.023153411092838465,1.3670647845894541,dann_matched,banglasarc3_binary+ben_sarc_binary,banglasarc3_binary,123
572e4397ff6c9eb2,1,1,-0.52734375,0.026855469,0.3648907080258067,0.6351092919741933,1.3670647845894541,dann_matched,banglasarc3_binary+ben_sarc_binary,banglasarc3_binary,123
9e94c5340c1e9e84,1,1,-0.765625,0.3203125,0.2523840452764101,0.74761595472359,1.3670647845894541,dann_matched,banglasarc3_binary+ben_sarc_binary,banglasarc3_binary,123
e0b7bf00262d60a7,0,0,1.0,-1.453125,0.9207896758909757,0.07921032410902437,1.3670647845894541,dann_matched,banglasarc3_binary+ben_sarc_binary,banglasarc3_binary,123
7d5dcba04c7cbfc6,1,1,-2.046875,1.34375,0.032589744766025344,0.9674102552339746,1.3670647845894541,dann_matched,banglasarc3_binary+ben_sarc_binary,banglasarc3_binary,123
cd9fc03dbd82abcd,0,0,1.6796875,-2.125,0.9782188286685003,0.021781171331499802,1.3670647845894541,dann_matched,banglasarc3_binary+ben_sarc_binary,banglasarc3_binary,123
54b803aa09d54185,1,1,-1.5703125,0.97265625,0.07290027342462209,0.927099726575378,1.3670647845894541,dann_matched,banglasarc3_binary+ben_sarc_binary,banglasarc3_binary,123
725ea8a5def6acac,0,0,1.8515625,-2.140625,0.9818752792555313,0.018124720744468643,1.3670647845894541,dann_matched,banglasarc3_binary+ben_sarc_binary,banglasarc3_binary,123
56d6d68354837500,0,1,-0.5625,-0.07519531,0.38052871963261187,0.6194712803673881,1.3670647845894541,dann_matched,banglasarc3_binary+ben_sarc_binary,banglasarc3_binary,123
da5033e533eee677,1,1,-0.53125,-0.13671875,0.4026269720689515,0.5973730279310485,1.3670647845894541,dann_matched,banglasarc3_binary+ben_sarc_binary,banglasarc3_binary,123
ce347cf05f786fe0,1,1,-0.41992188,-0.234375,0.4537459067856514,0.5462540932143485,1.3670647845894541,dann_matched,banglasarc3_binary+ben_sarc_binary,banglasarc3_binary,123
ea499bace09f44ce,1,0,-0.24609375,-0.31835938,0.5180585479734231,0.48194145202657696,1.3670647845894541,dann_matched,banglasarc3_binary+ben_sarc_binary,banglasarc3_binary,123
2ccc2f875d7de471,1,1,-1.015625,0.390625,0.1968262036430985,0.8031737963569016,1.3670647845894541,dann_matched,banglasarc3_binary+ben_sarc_binary,banglasarc3_binary,123
22e8efc34608d82d,0,0,-0.22753906,-0.33203125,0.5260993038362621,0.4739006961637378,1.3670647845894541,dann_matched,banglasarc3_binary+ben_sarc_binary,banglasarc3_binary,123
040a68c1b02bd862,1,0,-0.13085938,-0.21484375,0.5209837613377835,0.4790162386622166,1.3670647845894541,dann_matched,banglasarc3_binary+ben_sarc_binary,banglasarc3_binary,123
efde5d179b5fd873,1,0,0.06225586,-0.546875,0.6477425138704207,0.3522574861295793,1.3670647845894541,dann_matched,banglasarc3_binary+ben_sarc_binary,banglasarc3_binary,123
0b43510285b09eba,0,0,0.5078125,-1.0703125,0.8289388083214156,0.17106119167858438,1.3670647845894541,dann_matched,banglasarc3_binary+ben_sarc_binary,banglasarc3_binary,123
dd4fae9961a88873,1,1,-0.78515625,0.37304688,0.23899394001359922,0.7610060599864007,1.3670647845894541,dann_matched,banglasarc3_binary+ben_sarc_binary,banglasarc3_binary,123
121299f05ede0c91,1,1,-2.0,1.6015625,0.02655657099549924,0.9734434290045008,1.3670647845894541,dann_matched,banglasarc3_binary+ben_sarc_binary,banglasarc3_binary,123
30a6096d2f7010ff,1,1,-0.546875,-0.09814453,0.38966265084253404,0.610337349157466,1.3670647845894541,dann_matched,banglasarc3_binary+ben_sarc_binary,banglasarc3_binary,123
a1bd9a0f27bbd51e,0,1,-0.37890625,-0.22265625,0.4610167793123159,0.5389832206876841,1.3670647845894541,dann_matched,banglasarc3_binary+ben_sarc_binary,banglasarc3_binary,123
477fd95f302c284c,0,1,-0.9296875,0.26757812,0.23196200373110962,0.7680379962688904,1.3670647845894541,dann_matched,banglasarc3_binary+ben_sarc_binary,banglasarc3_binary,123
8c8158a78b04bd05,1,1,-0.57421875,0.047851562,0.34931073773024063,0.6506892622697594,1.3670647845894541,dann_matched,banglasarc3_binary+ben_sarc_binary,banglasarc3_binary,123
226eabf5281f11fa,0,0,0.76171875,-1.2109375,0.8778961345311737,0.12210386546882639,1.3670647845894541,dann_matched,banglasarc3_binary+ben_sarc_binary,banglasarc3_binary,123
d094516197c5cc27,0,0,0.48242188,-0.87109375,0.7947037955528609,0.20529620444713906,1.3670647845894541,dann_matched,banglasarc3_binary+ben_sarc_binary,banglasarc3_binary,123
9d3e29981c15d1c1,0,1,-0.41992188,-0.140625,0.4306261649447302,0.5693738350552698,1.3670647845894541,dann_matched,banglasarc3_binary+ben_sarc_binary,banglasarc3_binary,123
fd31f5f3ca6c7a27,1,0,0.359375,-0.83984375,0.7683857743122923,0.23161422568770776,1.3670647845894541,dann_matched,banglasarc3_binary+ben_sarc_binary,banglasarc3_binary,123
73b89dd260eea14b,0,0,1.1640625,-1.5625,0.9385759599453297,0.06142404005467019,1.3670647845894541,dann_matched,banglasarc3_binary+ben_sarc_binary,banglasarc3_binary,123
37f2931057293b4e,1,1,-1.2421875,0.7109375,0.1242130083520534,0.8757869916479466,1.3670647845894541,dann_matched,banglasarc3_binary+ben_sarc_binary,banglasarc3_binary,123
d2fa1859fec8bc19,0,0,1.5,-1.8515625,0.9661559646595075,0.03384403534049258,1.3670647845894541,dann_matched,banglasarc3_binary+ben_sarc_binary,banglasarc3_binary,123
50dbee0e7a539695,1,0,0.08203125,-0.53515625,0.6495786194168923,0.3504213805831077,1.3670647845894541,dann_matched,banglasarc3_binary+ben_sarc_binary,banglasarc3_binary,123
d2ebc3d3ea553892,1,0,0.734375,-1.3984375,0.8940517128636203,0.10594828713637978,1.3670647845894541,dann_matched,banglasarc3_binary+ben_sarc_binary,banglasarc3_binary,123
e15f93ee6c7733d1,1,0,-0.10644531,-0.46289062,0.5881796729192519,0.41182032708074817,1.3670647845894541,dann_matched,banglasarc3_binary+ben_sarc_binary,banglasarc3_binary,123
25e11947840674b6,1,1,-1.234375,0.69921875,0.12635333964061335,0.8736466603593868,1.3670647845894541,dann_matched,banglasarc3_binary+ben_sarc_binary,banglasarc3_binary,123
37ed4175676826d3,1,0,-0.21484375,-0.33789062,0.5307229650215189,0.469277034978481,1.3670647845894541,dann_matched,banglasarc3_binary+ben_sarc_binary,banglasarc3_binary,123
acf59b60bc703e78,0,1,-0.89453125,0.265625,0.23863889487701548,0.7613611051229845,1.3670647845894541,dann_matched,banglasarc3_binary+ben_sarc_binary,banglasarc3_binary,123
2dac047c35342cac,1,1,-0.8125,0.29296875,0.24871661839211975,0.7512833816078802,1.3670647845894541,dann_matched,banglasarc3_binary+ben_sarc_binary,banglasarc3_binary,123
ea0b4a8ffa6daf5d,0,0,0.453125,-1.03125,0.8152324893520001,0.184767510648,1.3670647845894541,dann_matched,banglasarc3_binary+ben_sarc_binary,banglasarc3_binary,123
52c53afde23c5737,1,0,-0.095703125,-0.30859375,0.5530225481821641,0.4469774518178359,1.3670647845894541,dann_matched,banglasarc3_binary+ben_sarc_binary,banglasarc3_binary,123
597d374e58e24ce0,0,0,0.484375,-1.0234375,0.8187367931713698,0.1812632068286302,1.3670647845894541,dann_matched,banglasarc3_binary+ben_sarc_binary,banglasarc3_binary,123
21f6588fa41d80f2,1,1,-0.59765625,0.049804688,0.34356193714317157,0.6564380628568284,1.3670647845894541,dann_matched,banglasarc3_binary+ben_sarc_binary,banglasarc3_binary,123
b4e8413b56264fde,0,0,0.10839844,-0.5234375,0.6529056388166428,0.3470943611833573,1.3670647845894541,dann_matched,banglasarc3_binary+ben_sarc_binary,banglasarc3_binary,123
576dad90f863a07a,0,0,0.66796875,-1.1953125,0.865678946226571,0.13432105377342907,1.3670647845894541,dann_matched,banglasarc3_binary+ben_sarc_binary,banglasarc3_binary,123
acc440f1fc8bac8a,1,0,-0.171875,-0.22070312,0.512204606508897,0.487795393491103,1.3670647845894541,dann_matched,banglasarc3_binary+ben_sarc_binary,banglasarc3_binary,123
99f834500aa28da7,1,1,-0.73828125,0.22070312,0.2770815859935903,0.7229184140064098,1.3670647845894541,dann_matched,banglasarc3_binary+ben_sarc_binary,banglasarc3_binary,123
ab8cb0f62e0897af,0,0,0.671875,-1.21875,0.8688267762381844,0.13117322376181567,1.3670647845894541,dann_matched,banglasarc3_binary+ben_sarc_binary,banglasarc3_binary,123
c2990dd82a44f69e,1,0,0.19238281,-0.73046875,0.715622774752325,0.2843772252476749,1.3670647845894541,dann_matched,banglasarc3_binary+ben_sarc_binary,banglasarc3_binary,123
00d461014350b89e,1,0,0.06640625,-0.47460938,0.6320486463511595,0.36795135364884046,1.3670647845894541,dann_matched,banglasarc3_binary+ben_sarc_binary,banglasarc3_binary,123
3e29fef3bf46bf1b,0,0,1.796875,-2.328125,0.9840936082881853,0.01590639171181471,1.3670647845894541,dann_matched,banglasarc3_binary+ben_sarc_binary,banglasarc3_binary,123
5707e3c0244d1dfb,1,0,0.18066406,-0.65234375,0.6969905400906166,0.3030094599093834,1.3670647845894541,dann_matched,banglasarc3_binary+ben_sarc_binary,banglasarc3_binary,123
fd622c33ab6796bd,1,1,-1.5859375,1.0703125,0.06560483745906928,0.9343951625409306,1.3670647845894541,dann_matched,banglasarc3_binary+ben_sarc_binary,banglasarc3_binary,123
61890d2332416b73,0,0,0.022827148,-0.48828125,0.6250662729706538,0.3749337270293463,1.3670647845894541,dann_matched,banglasarc3_binary+ben_sarc_binary,banglasarc3_binary,123
3b4ef2d9f41c852f,1,1,-1.1953125,0.5546875,0.1480471980316895,0.8519528019683106,1.3670647845894541,dann_matched,banglasarc3_binary+ben_sarc_binary,banglasarc3_binary,123
e5390f71a9c29ba6,0,0,1.484375,-1.8515625,0.965641310666991,0.03435868933300902,1.3670647845894541,dann_matched,banglasarc3_binary+ben_sarc_binary,banglasarc3_binary,123
b099c317bb9c6687,1,1,-2.1875,1.59375,0.022286185539225494,0.9777138144607745,1.3670647845894541,dann_matched,banglasarc3_binary+ben_sarc_binary,banglasarc3_binary,123
912bbeda5648f283,1,0,0.052490234,-0.5859375,0.6543979613888545,0.34560203861114547,1.3670647845894541,dann_matched,banglasarc3_binary+ben_sarc_binary,banglasarc3_binary,123
c823ae44a3e23b84,0,0,0.875,-1.3828125,0.9053222982086733,0.0946777017913266,1.3670647845894541,dann_matched,banglasarc3_binary+ben_sarc_binary,banglasarc3_binary,123
bfea9a263b223c80,1,0,0.39257812,-0.80859375,0.7687331879426154,0.23126681205738467,1.3670647845894541,dann_matched,banglasarc3_binary+ben_sarc_binary,banglasarc3_binary,123
3cdaa503d41fc6a6,0,0,1.0546875,-1.484375,0.9268352785943768,0.07316472140562331,1.3670647845894541,dann_matched,banglasarc3_binary+ben_sarc_binary,banglasarc3_binary,123
d71f7c52c9ea87be,0,1,-1.1015625,0.6875,0.1431877021825763,0.8568122978174237,1.3670647845894541,dann_matched,banglasarc3_binary+ben_sarc_binary,banglasarc3_binary,123
def9ea9b246c55b1,0,0,-0.13378906,-0.49023438,0.5881796729192519,0.41182032708074817,1.3670647845894541,dann_matched,banglasarc3_binary+ben_sarc_binary,banglasarc3_binary,123
04b1b4f08fdd18c5,1,1,-1.1953125,0.6796875,0.13296424019782924,0.8670357598021706,1.3670647845894541,dann_matched,banglasarc3_binary+ben_sarc_binary,banglasarc3_binary,123
39bf383204dad4e3,0,0,0.34765625,-0.65234375,0.7310585786300049,0.2689414213699951,1.3670647845894541,dann_matched,banglasarc3_binary+ben_sarc_binary,banglasarc3_binary,123
1f427bfaa298bf6b,1,1,-0.29882812,-0.19921875,0.4751182259860331,0.524881774013967,1.3670647845894541,dann_matched,banglasarc3_binary+ben_sarc_binary,banglasarc3_binary,123
ed3220bf0c8abb3b,1,1,-1.8125,1.375,0.039638839100970026,0.96036116089903,1.3670647845894541,dann_matched,banglasarc3_binary+ben_sarc_binary,banglasarc3_binary,123
855a37fc463d8e33,1,1,-2.140625,1.71875,0.020645930739218447,0.9793540692607815,1.3670647845894541,dann_matched,banglasarc3_binary+ben_sarc_binary,banglasarc3_binary,123
4771a65e8a1e5abf,0,1,-0.46875,-0.051513672,0.397178261308638,0.602821738691362,1.3670647845894541,dann_matched,banglasarc3_binary+ben_sarc_binary,banglasarc3_binary,123
4f4b52f3c17a4ba1,0,0,-0.11035156,-0.42382812,0.5777336229837708,0.42226637701622904,1.3670647845894541,dann_matched,banglasarc3_binary+ben_sarc_binary,banglasarc3_binary,123
51e27f8269f8eaac,0,1,-0.89453125,0.21875,0.2472596683432263,0.7527403316567737,1.3670647845894541,dann_matched,banglasarc3_binary+ben_sarc_binary,banglasarc3_binary,123
8de5e108effcbaea,0,0,1.734375,-2.296875,0.9825575152637948,0.01744248473620534,1.3670647845894541,dann_matched,banglasarc3_binary+ben_sarc_binary,banglasarc3_binary,123
75e09ea10216853d,0,0,0.97265625,-1.328125,0.9089417211068199,0.09105827889318015,1.3670647845894541,dann_matched,banglasarc3_binary+ben_sarc_binary,banglasarc3_binary,123
b3ece23327e83d73,0,0,0.625,-1.234375,0.8652240825770433,0.1347759174229568,1.3670647845894541,dann_matched,banglasarc3_binary+ben_sarc_binary,banglasarc3_binary,123
237b60d67d3a977b,0,0,1.75,-2.109375,0.9793540692607815,0.020645930739218447,1.3670647845894541,dann_matched,banglasarc3_binary+ben_sarc_binary,banglasarc3_binary,123
9ce912c1a315b4d4,1,1,-0.84765625,0.09375,0.28061637417656055,0.7193836258234395,1.3670647845894541,dann_matched,banglasarc3_binary+ben_sarc_binary,banglasarc3_binary,123
a034075943ae5ef1,1,1,-0.34765625,-0.14453125,0.44939263446475963,0.5506073655352404,1.3670647845894541,dann_matched,banglasarc3_binary+ben_sarc_binary,banglasarc3_binary,123
00e1bdb06e67ed07,0,0,1.34375,-1.796875,0.9585377272885904,0.04146227271140963,1.3670647845894541,dann_matched,banglasarc3_binary+ben_sarc_binary,banglasarc3_binary,123
5e81d0127cda6083,1,1,-1.015625,0.1796875,0.23231014609688014,0.76768985390312,1.3670647845894541,dann_matched,banglasarc3_binary+ben_sarc_binary,banglasarc3_binary,123
391c2dab4f4a8ea6,1,1,-2.09375,1.5703125,0.024987794590900315,0.9750122054090997,1.3670647845894541,dann_matched,banglasarc3_binary+ben_sarc_binary,banglasarc3_binary,123
76010f7452a4ee0b,0,0,0.390625,-0.75,0.7577943712746406,0.24220562872535945,1.3670647845894541,dann_matched,banglasarc3_binary+ben_sarc_binary,banglasarc3_binary,123
501212c9f4c39f1a,0,0,1.21875,-1.734375,0.9504109770159683,0.04958902298403175,1.3670647845894541,dann_matched,banglasarc3_binary+ben_sarc_binary,banglasarc3_binary,123
2d0c4e3b8cd32421,1,1,-1.109375,0.6015625,0.15304215724489628,0.8469578427551038,1.3670647845894541,dann_matched,banglasarc3_binary+ben_sarc_binary,banglasarc3_binary,123
b46fca43ca40e1a1,0,0,-0.123046875,-0.453125,0.581778385736369,0.41822161426363097,1.3670647845894541,dann_matched,banglasarc3_binary+ben_sarc_binary,banglasarc3_binary,123
eb34b73284cdfb62,0,1,-1.5234375,0.84375,0.08570927928078063,0.9142907207192192,1.3670647845894541,dann_matched,banglasarc3_binary+ben_sarc_binary,banglasarc3_binary,123
82b1b909a5385c25,0,0,0.008728027,-0.6171875,0.6515627445111374,0.3484372554888627,1.3670647845894541,dann_matched,banglasarc3_binary+ben_sarc_binary,banglasarc3_binary,123
afab669e2802f55a,0,0,0.41601562,-1.046875,0.8119743902597265,0.18802560974027355,1.3670647845894541,dann_matched,banglasarc3_binary+ben_sarc_binary,banglasarc3_binary,123
32655b6af6468900,1,1,-0.828125,0.06347656,0.2907794317601571,0.709220568239843,1.3670647845894541,dann_matched,banglasarc3_binary+ben_sarc_binary,banglasarc3_binary,123
63522bcc58aca5aa,1,1,-0.30273438,-0.15429688,0.4629586132438158,0.5370413867561842,1.3670647845894541,dann_matched,banglasarc3_binary+ben_sarc_binary,banglasarc3_binary,123
b81a6fc550996879,0,0,-0.31640625,-0.37890625,0.5156199157230156,0.48438008427698437,1.3670647845894541,dann_matched,banglasarc3_binary+ben_sarc_binary,banglasarc3_binary,123
9e9c76d8536be656,0,0,1.6328125,-2.03125,0.9750122054090997,0.024987794590900315,1.3670647845894541,dann_matched,banglasarc3_binary+ben_sarc_binary,banglasarc3_binary,123
487ba6736df9dac4,1,1,-1.28125,0.73046875,0.11797800859538259,0.8820219914046175,1.3670647845894541,dann_matched,banglasarc3_binary+ben_sarc_binary,banglasarc3_binary,123
7224809745c5317e,0,0,1.0,-1.484375,0.9230391643039738,0.07696083569602613,1.3670647845894541,dann_matched,banglasarc3_binary+ben_sarc_binary,banglasarc3_binary,123
cc351cfcab72e656,0,1,-1.0234375,0.43554688,0.18862271156030974,0.8113772884396903,1.3670647845894541,dann_matched,banglasarc3_binary+ben_sarc_binary,banglasarc3_binary,123
0ac9087c2e695175,0,0,1.2890625,-1.6640625,0.9504109770159683,0.04958902298403175,1.3670647845894541,dann_matched,banglasarc3_binary+ben_sarc_binary,banglasarc3_binary,123
7ab4d04075a8767b,1,1,-1.5703125,0.97265625,0.07290027342462209,0.927099726575378,1.3670647845894541,dann_matched,banglasarc3_binary+ben_sarc_binary,banglasarc3_binary,123
005a81526dd973be,1,1,-1.734375,1.25,0.04813677111663481,0.9518632288833652,1.3670647845894541,dann_matched,banglasarc3_binary+ben_sarc_binary,banglasarc3_binary,123
5422984065fd2576,1,0,1.265625,-1.765625,0.9539660976007597,0.046033902399240385,1.3670647845894541,dann_matched,banglasarc3_binary+ben_sarc_binary,banglasarc3_binary,123
73b2db9434de0a4f,1,1,-0.9921875,0.48046875,0.18653921274423352,0.8134607872557665,1.3670647845894541,dann_matched,banglasarc3_binary+ben_sarc_binary,banglasarc3_binary,123
7b755c23081cae77,1,1,-0.78125,0.21289062,0.27009500290248817,0.7299049970975119,1.3670647845894541,dann_matched,banglasarc3_binary+ben_sarc_binary,banglasarc3_binary,123
4df4505e1099e8b8,0,0,0.69140625,-1.171875,0.865678946226571,0.13432105377342907,1.3670647845894541,dann_matched,banglasarc3_binary+ben_sarc_binary,banglasarc3_binary,123
20d8bb2aacda3ef4,0,0,1.90625,-2.28125,0.98504291340685,0.01495708659314999,1.3670647845894541,dann_matched,banglasarc3_binary+ben_sarc_binary,banglasarc3_binary,123
86168cedfa8908d4,1,1,-1.734375,1.140625,0.053403329799824234,0.9465966702001757,1.3670647845894541,dann_matched,banglasarc3_binary+ben_sarc_binary,banglasarc3_binary,123
ffe0b07ccb36819b,1,1,-1.84375,1.21875,0.0446808702726502,0.9553191297273498,1.3670647845894541,dann_matched,banglasarc3_binary+ben_sarc_binary,banglasarc3_binary,123
0f006194b45e6c5f,1,0,-0.18261719,-0.43359375,0.5624168515879584,0.43758314841204154,1.3670647845894541,dann_matched,banglasarc3_binary+ben_sarc_binary,banglasarc3_binary,123
0032784830ddb818,0,0,0.9375,-1.2890625,0.9026096017480523,0.09739039825194779,1.3670647845894541,dann_matched,banglasarc3_binary+ben_sarc_binary,banglasarc3_binary,123
471ce8d0863df951,0,1,-0.3359375,-0.056152344,0.4305064486551987,0.5694935513448012,1.3670647845894541,dann_matched,banglasarc3_binary+ben_sarc_binary,banglasarc3_binary,123
b8051eeb7d141427,1,1,-1.359375,0.8203125,0.10158944591881586,0.8984105540811842,1.3670647845894541,dann_matched,banglasarc3_binary+ben_sarc_binary,banglasarc3_binary,123
13f5d731d71ec752,0,0,1.984375,-2.34375,0.9869795098861571,0.013020490113842825,1.3670647845894541,dann_matched,banglasarc3_binary+ben_sarc_binary,banglasarc3_binary,123
53d67a30efe6b19e,0,1,-0.69140625,0.171875,0.29665425467899115,0.7033457453210089,1.3670647845894541,dann_matched,banglasarc3_binary+ben_sarc_binary,banglasarc3_binary,123
002c1140ae3dde4e,1,0,0.08691406,-0.5546875,0.6551154062132463,0.3448845937867537,1.3670647845894541,dann_matched,banglasarc3_binary+ben_sarc_binary,banglasarc3_binary,123
03a3878f85634362,1,1,-1.3203125,0.6796875,0.11920292202211755,0.8807970779778823,1.3670647845894541,dann_matched,banglasarc3_binary+ben_sarc_binary,banglasarc3_binary,123
15cf011d32f28273,1,1,-1.046875,0.43554688,0.18506188804460838,0.8149381119553916,1.3670647845894541,dann_matched,banglasarc3_binary+ben_sarc_binary,banglasarc3_binary,123
39afb1a94688145e,1,1,-0.5390625,0.08154297,0.34964375953941335,0.6503562404605866,1.3670647845894541,dann_matched,banglasarc3_binary+ben_sarc_binary,banglasarc3_binary,123
5f3e3a9180cef321,1,1,-1.3046875,0.72265625,0.1163617640229368,0.8836382359770631,1.3670647845894541,dann_matched,banglasarc3_binary+ben_sarc_binary,banglasarc3_binary,123
4962ffafd1494e25,1,0,1.375,-1.90625,0.9637799441350253,0.036220055864974746,1.3670647845894541,dann_matched,banglasarc3_binary+ben_sarc_binary,banglasarc3_binary,123
2f76c0643b8dc919,1,1,-1.28125,0.7734375,0.11357959169117389,0.8864204083088262,1.3670647845894541,dann_matched,banglasarc3_binary+ben_sarc_binary,banglasarc3_binary,123
984ddd9e97dcc313,0,0,0.8671875,-1.21875,0.8895288461051276,0.11047115389487247,1.3670647845894541,dann_matched,banglasarc3_binary+ben_sarc_binary,banglasarc3_binary,123
37b55e10fbcaaa62,0,1,-1.3046875,0.796875,0.108945047201704,0.8910549527982959,1.3670647845894541,dann_matched,banglasarc3_binary+ben_sarc_binary,banglasarc3_binary,123
73d0ee7cb4b89e64,1,1,-1.640625,1.046875,0.06371499425196533,0.9362850057480346,1.3670647845894541,dann_matched,banglasarc3_binary+ben_sarc_binary,banglasarc3_binary,123
67351714d10f07bb,1,1,-1.1875,0.609375,0.1422318950098963,0.8577681049901036,1.3670647845894541,dann_matched,banglasarc3_binary+ben_sarc_binary,banglasarc3_binary,123
a4ebfa262a40ce6d,1,1,-1.0078125,0.42578125,0.19253935386136437,0.8074606461386356,1.3670647845894541,dann_matched,banglasarc3_binary+ben_sarc_binary,banglasarc3_binary,123
711787e882523b00,0,0,-0.076171875,-0.47460938,0.5983121948770795,0.40168780512292046,1.3670647845894541,dann_matched,banglasarc3_binary+ben_sarc_binary,banglasarc3_binary,123
46fef03e1665a7ca,0,1,-0.69140625,0.057617188,0.3210341261275396,0.6789658738724604,1.3670647845894541,dann_matched,banglasarc3_binary+ben_sarc_binary,banglasarc3_binary,123
a76dc1c36dd7c504,0,1,-0.546875,-0.21289062,0.41727148033425965,0.5827285196657404,1.3670647845894541,dann_matched,banglasarc3_binary+ben_sarc_binary,banglasarc3_binary,123
d7b2d256a4143a25,1,0,0.203125,-0.61328125,0.6934729546809425,0.3065270453190574,1.3670647845894541,dann_matched,banglasarc3_binary+ben_sarc_binary,banglasarc3_binary,123
1b94ccf4d275d3d1,1,1,-0.30078125,0.10888672,0.3989917386883012,0.6010082613116988,1.3670647845894541,dann_matched,banglasarc3_binary+ben_sarc_binary,banglasarc3_binary,123
734ed3d8328829a9,1,1,-1.8203125,1.40625,0.03817827426156642,0.9618217257384336,1.3670647845894541,dann_matched,banglasarc3_binary+ben_sarc_binary,banglasarc3_binary,123
a6b2d326016440e6,1,1,-0.5625,-0.03125,0.3702253925955866,0.6297746074044134,1.3670647845894541,dann_matched,banglasarc3_binary+ben_sarc_binary,banglasarc3_binary,123
31b230e3a9af4fda,0,0,0.34765625,-0.86328125,0.7704647868335476,0.2295352131664525,1.3670647845894541,dann_matched,banglasarc3_binary+ben_sarc_binary,banglasarc3_binary,123
2220cd6a505565f7,0,0,1.796875,-2.28125,0.983342959990771,0.01665704000922906,1.3670647845894541,dann_matched,banglasarc3_binary+ben_sarc_binary,banglasarc3_binary,123
ce2b334fad8c3a5d,0,0,0.47265625,-1.0625,0.8227594829327498,0.17724051706725022,1.3670647845894541,dann_matched,banglasarc3_binary+ben_sarc_binary,banglasarc3_binary,123
722c6881b0dee379,1,1,-0.50390625,0.028564453,0.3699408203396393,0.6300591796603607,1.3670647845894541,dann_matched,banglasarc3_binary+ben_sarc_binary,banglasarc3_binary,123
f1e88058df9310e0,1,0,1.1875,-1.6484375,0.944587205618231,0.05541279438176918,1.3670647845894541,dann_matched,banglasarc3_binary+ben_sarc_binary,banglasarc3_binary,123
e2b5924ce46e4127,1,1,-0.27148438,-0.12695312,0.4639299554287248,0.5360700445712753,1.3670647845894541,dann_matched,banglasarc3_binary+ben_sarc_binary,banglasarc3_binary,123
8aa47f0f19a6b655,0,0,1.9921875,-2.484375,0.988755439279336,0.01124456072066409,1.3670647845894541,dann_matched,banglasarc3_binary+ben_sarc_binary,banglasarc3_binary,123
366e2c4f0de8d88d,0,1,-1.4921875,1.078125,0.07107366938018356,0.9289263306198166,1.3670647845894541,dann_matched,banglasarc3_binary+ben_sarc_binary,banglasarc3_binary,123
49e7e0b2adafbcd1,0,0,0.80078125,-1.3671875,0.8973359904266346,0.1026640095733654,1.3670647845894541,dann_matched,banglasarc3_binary+ben_sarc_binary,banglasarc3_binary,123
aae4075a20d3ba22,0,0,-0.15234375,-0.28320312,0.532668238993261,0.467331761006739,1.3670647845894541,dann_matched,banglasarc3_binary+ben_sarc_binary,banglasarc3_binary,123
f70f4b9f132b9352,0,0,0.49609375,-0.8203125,0.7885831787993471,0.2114168212006529,1.3670647845894541,dann_matched,banglasarc3_binary+ben_sarc_binary,banglasarc3_binary,123
e868e8fa9c38e342,0,0,0.96875,-1.484375,0.9207896758909757,0.07921032410902437,1.3670647845894541,dann_matched,banglasarc3_binary+ben_sarc_binary,banglasarc3_binary,123
34f804166b33a246,1,1,-1.96875,1.4140625,0.03283695602724524,0.9671630439727548,1.3670647845894541,dann_matched,banglasarc3_binary+ben_sarc_binary,banglasarc3_binary,123
186dcee2e7df2920,1,1,-1.2890625,0.765625,0.11357959169117389,0.8864204083088262,1.3670647845894541,dann_matched,banglasarc3_binary+ben_sarc_binary,banglasarc3_binary,123
992528b2a23ee70a,0,0,0.9765625,-1.3046875,0.9073122213606241,0.09268777863937604,1.3670647845894541,dann_matched,banglasarc3_binary+ben_sarc_binary,banglasarc3_binary,123
63b9ff3f715bfb2f,0,0,1.921875,-2.21875,0.9843363512883317,0.015663648711668327,1.3670647845894541,dann_matched,banglasarc3_binary+ben_sarc_binary,banglasarc3_binary,123
52a86f6315459641,1,1,-1.28125,0.59765625,0.13251455444044344,0.8674854455595564,1.3670647845894541,dann_matched,banglasarc3_binary+ben_sarc_binary,banglasarc3_binary,123
875e2c2018999836,0,0,1.375,-1.6796875,0.9549844683997677,0.04501553160023231,1.3670647845894541,dann_matched,banglasarc3_binary+ben_sarc_binary,banglasarc3_binary,123
b0853ab27aae530b,0,0,0.7109375,-1.140625,0.8643104540313907,0.13568954596860924,1.3670647845894541,dann_matched,banglasarc3_binary+ben_sarc_binary,banglasarc3_binary,123
2360a4258810318d,0,1,-0.84765625,0.27734375,0.24508501313237172,0.7549149868676283,1.3670647845894541,dann_matched,banglasarc3_binary+ben_sarc_binary,banglasarc3_binary,123
6691a7d1596c1c0e,0,0,1.4296875,-1.9140625,0.9658995742876885,0.03410042571231151,1.3670647845894541,dann_matched,banglasarc3_binary+ben_sarc_binary,banglasarc3_binary,123
c7c7d1e79083dbae,0,1,-1.0859375,0.56640625,0.16079243661397521,0.8392075633860248,1.3670647845894541,dann_matched,banglasarc3_binary+ben_sarc_binary,banglasarc3_binary,123
07edd2171dff4faa,1,1,-1.6796875,1.0625,0.060529390202538995,0.9394706097974611,1.3670647845894541,dann_matched,banglasarc3_binary+ben_sarc_binary,banglasarc3_binary,123
2652e297e664589c,1,1,-1.078125,0.6171875,0.15507847160659358,0.8449215283934065,1.3670647845894541,dann_matched,banglasarc3_binary+ben_sarc_binary,banglasarc3_binary,123
ce6d32b468635b62,1,1,-1.78125,1.3515625,0.04177388078830622,0.9582261192116938,1.3670647845894541,dann_matched,banglasarc3_binary+ben_sarc_binary,banglasarc3_binary,123
112e0419a2dcbd6c,0,1,-1.1875,0.64453125,0.13799647126840353,0.8620035287315965,1.3670647845894541,dann_matched,banglasarc3_binary+ben_sarc_binary,banglasarc3_binary,123
175f493bd4aa3997,1,0,0.12890625,-0.59375,0.6731916730260219,0.326808326973978,1.3670647845894541,dann_matched,banglasarc3_binary+ben_sarc_binary,banglasarc3_binary,123
15319cb8ed77aaa8,1,1,-1.1640625,0.5234375,0.1561048974454574,0.8438951025545426,1.3670647845894541,dann_matched,banglasarc3_binary+ben_sarc_binary,banglasarc3_binary,123
