item_id,gold_label,pred_label,logit_0,logit_1,prob_0,prob_1,temperature,system,source,target,seed
75b57cb785399524,1,1,-0.6953125,0.69140625,0.1999321064241851,0.800067893575815,1.1325527003769706,dann_matched,banglasarc_binary+ben_sarc_binary,banglasarc3_binary,2024
ea89903ebde9ec48,0,0,2.921875,-2.828125,0.9968273171575148,0.0031726828424851893,1.1325527003769706,dann_matched,banglasarc_binary+ben_sarc_binary,banglasarc3_binary,2024
7985dbfde1b7e765,1,0,0.8828125,-0.6796875,0.8267117940706734,0.17328820592932656,1.1325527003769706,dann_matched,banglasarc_binary+ben_sarc_binary,banglasarc3_binary,2024
d0c67c93af7f80e7,0,0,1.1953125,-1.09375,0.90796713988899,0.09203286011100995,1.1325527003769706,dann_matched,banglasarc_binary+ben_sarc_binary,banglasarc3_binary,2024
050e2a5781c6d2a8,1,1,-1.046875,1.03125,0.11124120650754304,0.888758793492457,1.1325527003769706,dann_matched,banglasarc_binary+ben_sarc_binary,banglasarc3_binary,2024
510f4f1ce14fbaae,1,0,0.36914062,-0.28515625,0.6579780993256591,0.34202190067434085,1.1325527003769706,dann_matched,banglasarc_binary+ben_sarc_binary,banglasarc3_binary,2024
1e477c743f0a9075,0,0,1.0625,-0.99609375,0.8868130934598374,0.11318690654016261,1.1325527003769706,dann_matched,banglasarc_binary+ben_sarc_binary,banglasarc3_binary,2024
8bc8673823772559,1,0,0.09033203,-0.08251953,0.5431056194341326,0.45689438056586734,1.1325527003769706,dann_matched,banglasarc_binary+ben_sarc_binary,banglasarc3_binary,2024
bd8f33b2d8745739,1,1,-0.99609375,0.9140625,0.12896329929010264,0.8710367007098975,1.1325527003769706,dann_matched,banglasarc_binary+ben_sarc_binary,banglasarc3_binary,2024
f38f331e6bcc6f51,0,0,2.8125,-2.796875,0.9963500129687901,0.003649987031209837,1.1325527003769706,dann_matched,banglasarc_binary+ben_sarc_binary,banglasarc3_binary,2024
711571c05022201a,1,1,-1.390625,1.3359375,0.06142404005467019,0.9385759599453297,1.1325527003769706,dann_matched,banglasarc_binary+ben_sarc_binary,banglasarc3_binary,2024
e16f46a1ebdb3d2c,1,1,-0.82421875,0.7890625,0.1661335534168026,0.8338664465831974,1.1325527003769706,dann_matched,banglasarc_binary+ben_sarc_binary,banglasarc3_binary,2024
96f8f1c864b37ed7,0,1,-1.03125,0.9140625,0.12506538251690355,0.8749346174830964,1.1325527003769706,dann_matched,banglasarc_binary+ben_sarc_binary,banglasarc3_binary,2024
f479880c55bd2491,0,1,-0.49804688,0.56640625,0.256459376834781,0.743540623165219,1.1325527003769706,dann_matched,banglasarc_binary+ben_sarc_binary,banglasarc3_binary,2024
65fbbf2f8d05469a,1,0,1.203125,-1.0703125,0.9066531214804244,0.09334687851957546,1.1325527003769706,dann_matched,banglasarc_binary+ben_sarc_binary,banglasarc3_binary,2024
8c201fa1f055e850,1,0,1.015625,-0.98046875,0.8803863363336775,0.11961366366632263,1.1325527003769706,dann_matched,banglasarc_binary+ben_sarc_binary,banglasarc3_binary,2024
eb85c00573b45dd3,1,0,0.13671875,-0.06225586,0.5495801831917986,0.4504198168082014,1.1325527003769706,dann_matched,banglasarc_binary+ben_sarc_binary,banglasarc3_binary,2024
db73ddb0d256ba8f,1,0,0.88671875,-0.82421875,0.8469578427551038,0.15304215724489628,1.1325527003769706,dann_matched,banglasarc_binary+ben_sarc_binary,banglasarc3_binary,2024
108f2ff9574fa860,1,1,-0.16894531,0.25195312,0.39630178193325116,0.6036982180667488,1.1325527003769706,dann_matched,banglasarc_binary+ben_sarc_binary,banglasarc3_binary,2024
651cfe2be094f7d4,0,0,1.46875,-1.3515625,0.9437636542955161,0.056236345704483756,1.1325527003769706,dann_matched,banglasarc_binary+ben_sarc_binary,banglasarc3_binary,2024
701194ab8ff79d41,1,1,-1.296875,1.21875,0.07477004290796138,0.9252299570920387,1.1325527003769706,dann_matched,banglasarc_binary+ben_sarc_binary,banglasarc3_binary,2024
7d54a3089303d820,1,1,-1.2109375,1.1953125,0.08269734267503885,0.9173026573249612,1.1325527003769706,dann_matched,banglasarc_binary+ben_sarc_binary,banglasarc3_binary,2024
07a4bfe2a5a2e5ca,1,1,-0.25390625,0.28125,0.3693150796290264,0.6306849203709737,1.1325527003769706,dann_matched,banglasarc_binary+ben_sarc_binary,banglasarc3_binary,2024
8e8d800bdbdaaff7,0,0,1.4453125,-1.328125,0.9412234441519332,0.05877655584806683,1.1325527003769706,dann_matched,banglasarc_binary+ben_sarc_binary,banglasarc3_binary,2024
ce91a1211be5691e,0,0,0.05493164,-0.07714844,0.5329720998680791,0.46702790013192075,1.1325527003769706,dann_matched,banglasarc_binary+ben_sarc_binary,banglasarc3_binary,2024
b67fe2f1724da4fc,0,0,0.10058594,-0.06298828,0.54080261721184,0.4591973827881601,1.1325527003769706,dann_matched,banglasarc_binary+ben_sarc_binary,banglasarc3_binary,2024
c82b33bcfb8e93ad,1,1,-1.21875,1.125,0.08756383952305867,0.9124361604769414,1.1325527003769706,dann_matched,banglasarc_binary+ben_sarc_binary,banglasarc3_binary,2024
94ad7e948eed42c2,1,1,-0.71875,0.73828125,0.18892180778557252,0.8110781922144276,1.1325527003769706,dann_matched,banglasarc_binary+ben_sarc_binary,banglasarc3_binary,2024
7065829cdc40567b,1,1,-1.1015625,1.0390625,0.10521053670308635,0.8947894632969136,1.1325527003769706,dann_matched,banglasarc_binary+ben_sarc_binary,banglasarc3_binary,2024
80cf082fa6d9ed32,0,0,0.58203125,-0.47460938,0.7420480411535827,0.25795195884641725,1.1325527003769706,dann_matched,banglasarc_binary+ben_sarc_binary,banglasarc3_binary,2024
082cc009d05d3e6a,0,0,1.3125,-1.21875,0.9263037302939515,0.07369626970604846,1.1325527003769706,dann_matched,banglasarc_binary+ben_sarc_binary,banglasarc3_binary,2024
91675e6a7e696d31,1,1,-1.2421875,1.171875,0.08210662704685086,0.9178933729531492,1.1325527003769706,dann_matched,banglasarc_binary+ben_sarc_binary,banglasarc3_binary,2024
0f26e9a22c5ac1d7,0,1,-0.81640625,0.78125,0.16830944120734956,0.8316905587926504,1.1325527003769706,dann_matched,banglasarc_binary+ben_sarc_binary,banglasarc3_binary,2024
9a4c63e1a0b50046,0,0,1.0703125,-1.0390625,0.8918110454379297,0.10818895456207035,1.1325527003769706,dann_matched,banglasarc_binary+ben_sarc_binary,banglasarc3_binary,2024
dd8a11641c9c1035,1,1,-0.3125,0.30273438,0.3508660928559194,0.6491339071440806,1.1325527003769706,dann_matched,banglasarc_binary+ben_sarc_binary,banglasarc3_binary,2024
947e78373e8ee90d,1,1,-0.77734375,0.69140625,0.1871326821624266,0.8128673178375735,1.1325527003769706,dann_matched,banglasarc_binary+ben_sarc_binary,banglasarc3_binary,2024
a93bffde267df6fb,0,0,0.048828125,-0.018554688,0.5168393321042173,0.48316066789578277,1.1325527003769706,dann_matched,banglasarc_binary+ben_sarc_binary,banglasarc3_binary,2024
2b6006a4aa890634,0,1,-0.875,0.8125,0.1561048974454574,0.8438951025545426,1.1325527003769706,dann_matched,banglasarc_binary+ben_sarc_binary,banglasarc3_binary,2024
08c0f13f45787db9,0,0,1.421875,-1.265625,0.9362850057480346,0.06371499425196533,1.1325527003769706,dann_matched,banglasarc_binary+ben_sarc_binary,banglasarc3_binary,2024
ec266bb4c5478b18,1,1,-0.90625,0.875,0.14414885303274058,0.8558511469672594,1.1325527003769706,dann_matched,banglasarc_binary+ben_sarc_binary,banglasarc3_binary,2024
073d86cef983e918,1,0,0.15820312,-0.20898438,0.5907792048683922,0.40922079513160775,1.1325527003769706,dann_matched,banglasarc_binary+ben_sarc_binary,banglasarc3_binary,2024
67edcfa910eb831c,1,1,-0.6015625,0.60546875,0.23022675852832591,0.769773241471674,1.1325527003769706,dann_matched,banglasarc_binary+ben_sarc_binary,banglasarc3_binary,2024
04d2c1127101c192,1,1,0.03515625,0.037841797,0.49932861368476217,0.5006713863152378,1.1325527003769706,dann_matched,banglasarc_binary+ben_sarc_binary,banglasarc3_binary,2024
876b4804c6fc5b43,1,1,-1.171875,1.1171875,0.09203286011100995,0.90796713988899,1.1325527003769706,dann_matched,banglasarc_binary+ben_sarc_binary,banglasarc3_binary,2024
34dbd0864564cfc0,0,0,0.52734375,-0.47460938,0.7314424129709252,0.2685575870290748,1.1325527003769706,dann_matched,banglasarc_binary+ben_sarc_binary,banglasarc3_binary,2024
63a49fd32ab811fd,0,1,-0.38085938,0.46484375,0.30033500120797163,0.6996649987920285,1.1325527003769706,dann_matched,banglasarc_binary+ben_sarc_binary,banglasarc3_binary,2024
265176b36196d1b2,0,1,-0.25390625,0.32421875,0.35936414516010196,0.640635854839898,1.1325527003769706,dann_matched,banglasarc_binary+ben_sarc_binary,banglasarc3_binary,2024
96de00b59977a347,1,0,0.26367188,-0.23632812,0.6224593312018546,0.37754066879814546,1.1325527003769706,dann_matched,banglasarc_binary+ben_sarc_binary,banglasarc3_binary,2024
4a51117b4af25a2c,1,1,-0.97265625,0.94140625,0.1285251389364931,0.8714748610635069,1.1325527003769706,dann_matched,banglasarc_binary+ben_sarc_binary,banglasarc3_binary,2024
aaa1c8bb9251740a,1,0,0.36132812,-0.37890625,0.6770471054717195,0.3229528945282806,1.1325527003769706,dann_matched,banglasarc_binary+ben_sarc_binary,banglasarc3_binary,2024
b956c99bea48b45e,0,0,0.6484375,-0.5390625,0.7662936430859597,0.23370635691404026,1.1325527003769706,dann_matched,banglasarc_binary+ben_sarc_binary,banglasarc3_binary,2024
a7f029b1664720b2,0,0,1.9765625,-1.828125,0.9782188286685003,0.021781171331499802,1.1325527003769706,dann_matched,banglasarc_binary+ben_sarc_binary,banglasarc3_binary,2024
1f65da3aad7897f2,0,0,2.984375,-2.875,0.9971550903350206,0.0028449096649795012,1.1325527003769706,dann_matched,banglasarc_binary+ben_sarc_binary,banglasarc3_binary,2024
e299df642da32c11,1,1,-0.95703125,0.87890625,0.13753246610186087,0.8624675338981391,1.1325527003769706,dann_matched,banglasarc_binary+ben_sarc_binary,banglasarc3_binary,2024
281dcf0e5128a950,1,1,-0.91015625,0.91796875,0.13846179056896438,0.8615382094310357,1.1325527003769706,dann_matched,banglasarc_binary+ben_sarc_binary,banglasarc3_binary,2024
4d19d4857cf11f76,1,0,1.6015625,-1.46875,0.9556514186046017,0.04434858139539836,1.1325527003769706,dann_matched,banglasarc_binary+ben_sarc_binary,banglasarc3_binary,2024
0a1efda3664119ed,0,0,0.15820312,-0.140625,0.57415601726698,0.42584398273302004,1.1325527003769706,dann_matched,banglasarc_binary+ben_sarc_binary,banglasarc3_binary,2024
222513aed35eef7e,0,1,-0.65625,0.671875,0.20946968133032526,0.7905303186696747,1.1325527003769706,dann_matched,banglasarc_binary+ben_sarc_binary,banglasarc3_binary,2024
39fe6dafd7939acc,0,0,2.078125,-1.9765625,0.9829546827465642,0.01704531725343583,1.1325527003769706,dann_matched,banglasarc_binary+ben_sarc_binary,banglasarc3_binary,2024
a27193d4c497eccb,0,0,0.8125,-0.75,0.8267117940706734,0.17328820592932656,1.1325527003769706,dann_matched,banglasarc_binary+ben_sarc_binary,banglasarc3_binary,2024
a6de149712c45c7c,1,1,-0.36523438,0.37695312,0.3225259830643727,0.6774740169356273,1.1325527003769706,dann_matched,banglasarc_binary+ben_sarc_binary,banglasarc3_binary,2024
73ec3e5aee767003,0,0,1.0625,-0.96875,0.8840392817460332,0.11596071825396677,1.1325527003769706,dann_matched,banglasarc_binary+ben_sarc_binary,banglasarc3_binary,2024
7be88e4c070ecb7c,0,0,1.5234375,-1.4140625,0.9496693674025232,0.05033063259747688,1.1325527003769706,dann_matched,banglasarc_binary+ben_sarc_binary,banglasarc3_binary,2024
e1692847746aaeb7,0,1,-1.109375,0.85546875,0.12294379806223382,0.8770562019377661,1.1325527003769706,dann_matched,banglasarc_binary+ben_sarc_binary,banglasarc3_binary,2024
affe88ed42c09f2b,0,0,0.19238281,-0.080078125,0.5676969614924072,0.4323030385075928,1.1325527003769706,dann_matched,banglasarc_binary+ben_sarc_binary,banglasarc3_binary,2024
c26d77ece62c8a34,0,0,0.36132812,-0.34375,0.6693126946633093,0.3306873053366908,1.1325527003769706,dann_matched,banglasarc_binary+ben_sarc_binary,banglasarc3_binary,2024
4562504c76eb98bd,1,0,0.09326172,-0.020507812,0.5284117437895743,0.4715882562104257,1.1325527003769706,dann_matched,banglasarc_binary+ben_sarc_binary,banglasarc3_binary,2024
c31bf7af3cca52d5,0,0,2.375,-2.234375,0.9901401446964613,0.009859855303538789,1.1325527003769706,dann_matched,banglasarc_binary+ben_sarc_binary,banglasarc3_binary,2024
d60439bc7741539c,1,0,1.0078125,-0.875,0.8679338421303608,0.13206615786963916,1.1325527003769706,dann_matched,banglasarc_binary+ben_sarc_binary,banglasarc3_binary,2024
e0c3a628a2e7801f,1,1,-0.19726562,0.1796875,0.40686197594582224,0.5931380240541777,1.1325527003769706,dann_matched,banglasarc_binary+ben_sarc_binary,banglasarc3_binary,2024
0cd82b6dca6fe2e1,1,1,0.012512207,0.08105469,0.48287108543007556,0.5171289145699245,1.1325527003769706,dann_matched,banglasarc_binary+ben_sarc_binary,banglasarc3_binary,2024
1d09754dbb62cc6b,1,0,0.34960938,-0.35546875,0.6693126946633093,0.3306873053366908,1.1325527003769706,dann_matched,banglasarc_binary+ben_sarc_binary,banglasarc3_binary,2024
c311ed8c137856aa,1,0,1.28125,-1.078125,0.9136765234137297,0.08632347658627028,1.1325527003769706,dann_matched,banglasarc_binary+ben_sarc_binary,banglasarc3_binary,2024
7071237a4ec6c93c,1,1,-0.60546875,0.6953125,0.2140335632231953,0.7859664367768047,1.1325527003769706,dann_matched,banglasarc_binary+ben_sarc_binary,banglasarc3_binary,2024
406cc3cc6af1c396,0,1,-1.265625,1.2421875,0.07531230632362355,0.9246876936763765,1.1325527003769706,dann_matched,banglasarc_binary+ben_sarc_binary,banglasarc3_binary,2024
5017f4130c84f906,1,0,0.57421875,-0.4609375,0.7379143205612129,0.2620856794387872,1.1325527003769706,dann_matched,banglasarc_binary+ben_sarc_binary,banglasarc3_binary,2024
dda9d98881ec3a10,0,0,1.5625,-1.53125,0.9566342012360932,0.04336579876390677,1.1325527003769706,dann_matched,banglasarc_binary+ben_sarc_binary,banglasarc3_binary,2024
44526b65a93bf812,0,0,1.0703125,-0.9609375,0.8840392817460332,0.11596071825396677,1.1325527003769706,dann_matched,banglasarc_binary+ben_sarc_binary,banglasarc3_binary,2024
045171b67bd95561,0,0,1.1953125,-1.0390625,0.9032942067038784,0.09670579329612154,1.1325527003769706,dann_matched,banglasarc_binary+ben_sarc_binary,banglasarc3_binary,2024
008c34b815bb55fd,0,0,0.30664062,-0.41210938,0.672331699179286,0.3276683008207139,1.1325527003769706,dann_matched,banglasarc_binary+ben_sarc_binary,banglasarc3_binary,2024
aca0a6cea18374f2,0,0,0.25585938,-0.28125,0.6311397288493975,0.3688602711506025,1.1325527003769706,dann_matched,banglasarc_binary+ben_sarc_binary,banglasarc3_binary,2024
51e0fcfbe89577bb,1,1,-0.54296875,0.56640625,0.24798742624020276,0.7520125737597972,1.1325527003769706,dann_matched,banglasarc_binary+ben_sarc_binary,banglasarc3_binary,2024
0cd747c951646fc6,1,0,0.09326172,-0.076660156,0.5423785498964897,0.45762145010351035,1.1325527003769706,dann_matched,banglasarc_binary+ben_sarc_binary,banglasarc3_binary,2024
2a8dc43b96afa2e7,1,1,-0.8984375,0.87890625,0.14463143714297527,0.8553685628570248,1.1325527003769706,dann_matched,banglasarc_binary+ben_sarc_binary,banglasarc3_binary,2024
4dacd616983d14ed,1,0,1.65625,-1.5625,0.9615338079816756,0.03846619201832428,1.1325527003769706,dann_matched,banglasarc_binary+ben_sarc_binary,banglasarc3_binary,2024
8e45e4191312d057,0,0,1.9921875,-1.78125,0.9775429470705839,0.02245705292941607,1.1325527003769706,dann_matched,banglasarc_binary+ben_sarc_binary,banglasarc3_binary,2024
a30ac9245fef57e8,0,1,-0.2734375,0.35351562,0.34820172806651245,0.6517982719334875,1.1325527003769706,dann_matched,banglasarc_binary+ben_sarc_binary,banglasarc3_binary,2024
1ba578744dcf18f2,0,0,0.21191406,-0.28710938,0.6222298079588998,0.3777701920411003,1.1325527003769706,dann_matched,banglasarc_binary+ben_sarc_binary,banglasarc3_binary,2024
a61d6c2433486af9,0,0,0.05102539,-0.07128906,0.5305405467895498,0.46945945321045024,1.1325527003769706,dann_matched,banglasarc_binary+ben_sarc_binary,banglasarc3_binary,2024
8cb4b0e68d2b2280,0,0,0.13867188,-0.087890625,0.5563995792788694,0.44360042072113065,1.1325527003769706,dann_matched,banglasarc_binary+ben_sarc_binary,banglasarc3_binary,2024
5862ad605fad8a15,1,1,-0.78515625,0.86328125,0.16132023775174625,0.8386797622482537,1.1325527003769706,dann_matched,banglasarc_binary+ben_sarc_binary,banglasarc3_binary,2024
cdf0634800d69305,1,0,0.37695312,-0.25195312,0.652241416355273,0.34775858364472695,1.1325527003769706,dann_matched,banglasarc_binary+ben_sarc_binary,banglasarc3_binary,2024
778c43b485a168af,1,0,2.875,-2.78125,0.9965165758069192,0.0034834241930806675,1.1325527003769706,dann_matched,banglasarc_binary+ben_sarc_binary,banglasarc3_binary,2024
1df9d37a3cec5465,0,0,1.0859375,-1.015625,0.8910549527982959,0.108945047201704,1.1325527003769706,dann_matched,banglasarc_binary+ben_sarc_binary,banglasarc3_binary,2024
47b74426cb84e137,1,0,0.06982422,-0.0038452148,0.5184090333815948,0.4815909666184052,1.1325527003769706,dann_matched,banglasarc_binary+ben_sarc_binary,banglasarc3_binary,2024
3f468b17c098db0b,0,0,0.328125,-0.23242188,0.6365790671593003,0.3634209328406997,1.1325527003769706,dann_matched,banglasarc_binary+ben_sarc_binary,banglasarc3_binary,2024
e8eed6879adc1fb9,1,1,-0.29296875,0.29296875,0.3575675223704418,0.6424324776295582,1.1325527003769706,dann_matched,banglasarc_binary+ben_sarc_binary,banglasarc3_binary,2024
59adf653819d9fe1,0,1,-0.0859375,0.091308594,0.4558041214886501,0.54419587851135,1.1325527003769706,dann_matched,banglasarc_binary+ben_sarc_binary,banglasarc3_binary,2024
ab24e7278a3aa349,1,0,0.03857422,-0.008117676,0.5116708533754557,0.48832914662454435,1.1325527003769706,dann_matched,banglasarc_binary+ben_sarc_binary,banglasarc3_binary,2024
e3d3248598f096fa,1,1,-0.42382812,0.43164062,0.2982869221861587,0.7017130778138413,1.1325527003769706,dann_matched,banglasarc_binary+ben_sarc_binary,banglasarc3_binary,2024
cc1dab7c4d3e2fa9,1,1,-0.25,0.23535156,0.3809892304842437,0.6190107695157563,1.1325527003769706,dann_matched,banglasarc_binary+ben_sarc_binary,banglasarc3_binary,2024
f7a48562ed437eea,0,0,1.859375,-1.78125,0.9744347860767304,0.025565213923269593,1.1325527003769706,dann_matched,banglasarc_binary+ben_sarc_binary,banglasarc3_binary,2024
b2ae48f6c244c3b3,1,0,1.078125,-0.87109375,0.8753614294639163,0.12463857053608371,1.1325527003769706,dann_matched,banglasarc_binary+ben_sarc_binary,banglasarc3_binary,2024
6d69a5e5443ef4a0,0,1,-0.9765625,0.96484375,0.12549344653756345,0.8745065534624367,1.1325527003769706,dann_matched,banglasarc_binary+ben_sarc_binary,banglasarc3_binary,2024
17e9568c1bec66f3,1,0,2.71875,-2.65625,0.9953904278206259,0.004609572179374208,1.1325527003769706,dann_matched,banglasarc_binary+ben_sarc_binary,banglasarc3_binary,2024
432511856befb10b,0,0,2.171875,-2.109375,0.9863631647185701,0.013636835281429876,1.1325527003769706,dann_matched,banglasarc_binary+ben_sarc_binary,banglasarc3_binary,2024
b7be99240747d7b9,0,0,1.203125,-1.1640625,0.9142907207192192,0.08570927928078063,1.1325527003769706,dann_matched,banglasarc_binary+ben_sarc_binary,banglasarc3_binary,2024
88421f62e8ff3b41,1,0,0.31054688,-0.22167969,0.6300022724313725,0.3699977275686275,1.1325527003769706,dann_matched,banglasarc_binary+ben_sarc_binary,banglasarc3_binary,2024
3e2207ffcf3ee105,0,1,-0.625,0.56640625,0.23300752342477682,0.7669924765752232,1.1325527003769706,dann_matched,banglasarc_binary+ben_sarc_binary,banglasarc3_binary,2024
f95cec4307ef3024,0,0,0.16113281,-0.12451172,0.5709295092863264,0.42907049071367365,1.1325527003769706,dann_matched,banglasarc_binary+ben_sarc_binary,banglasarc3_binary,2024
26b12ba4953ff47f,1,1,-0.65234375,0.6484375,0.2140335632231953,0.7859664367768047,1.1325527003769706,dann_matched,banglasarc_binary+ben_sarc_binary,banglasarc3_binary,2024
9e6fb96648d97dc0,0,1,-0.42382812,0.51953125,0.28022226421698404,0.719777735783016,1.1325527003769706,dann_matched,banglasarc_binary+ben_sarc_binary,banglasarc3_binary,2024
a4b8f5a2bfe6f63a,1,1,-0.40429688,0.375,0.31447144537827953,0.6855285546217205,1.1325527003769706,dann_matched,banglasarc_binary+ben_sarc_binary,banglasarc3_binary,2024
c7e2731135ca9edc,1,1,-0.045410156,0.14746094,0.45193114474185514,0.5480688552581449,1.1325527003769706,dann_matched,banglasarc_binary+ben_sarc_binary,banglasarc3_binary,2024
a5f5e1447f81c7c1,0,0,2.53125,-2.328125,0.9923043528216078,0.007695647178392188,1.1325527003769706,dann_matched,banglasarc_binary+ben_sarc_binary,banglasarc3_binary,2024
c2122763b56ffbf5,1,0,1.453125,-1.234375,0.9362850057480346,0.06371499425196533,1.1325527003769706,dann_matched,banglasarc_binary+ben_sarc_binary,banglasarc3_binary,2024
d89f0be1f7612e43,1,1,-1.53125,1.4765625,0.04707417582102406,0.9529258241789759,1.1325527003769706,dann_matched,banglasarc_binary+ben_sarc_binary,banglasarc3_binary,2024
83ff80d11d2cfe42,0,1,-0.640625,0.68359375,0.2101172597064404,0.7898827402935596,1.1325527003769706,dann_matched,banglasarc_binary+ben_sarc_binary,banglasarc3_binary,2024
ff19766f243a9d57,1,1,-1.2578125,1.0625,0.08945460216888064,0.9105453978311193,1.1325527003769706,dann_matched,banglasarc_binary+ben_sarc_binary,banglasarc3_binary,2024
e8bd3886d550c247,1,1,-0.04736328,0.07519531,0.46939864622395466,0.5306013537760454,1.1325527003769706,dann_matched,banglasarc_binary+ben_sarc_binary,banglasarc3_binary,2024
0cb293f08063597d,1,0,1.71875,-1.6796875,0.9676556676188429,0.032344332381157095,1.1325527003769706,dann_matched,banglasarc_binary+ben_sarc_binary,banglasarc3_binary,2024
bd4e9e3bdd01a022,1,0,0.4296875,-0.38671875,0.6934729546809425,0.3065270453190574,1.1325527003769706,dann_matched,banglasarc_binary+ben_sarc_binary,banglasarc3_binary,2024
5b22a3f51d681541,0,0,2.640625,-2.671875,0.9950945942942779,0.004905405705722035,1.1325527003769706,dann_matched,banglasarc_binary+ben_sarc_binary,banglasarc3_binary,2024
5e682d52ed383d6b,0,1,-0.13085938,0.13476562,0.43398146480389854,0.5660185351961015,1.1325527003769706,dann_matched,banglasarc_binary+ben_sarc_binary,banglasarc3_binary,2024
baad976c4d644487,0,0,1.984375,-1.84375,0.9787126482065489,0.021287351793451054,1.1325527003769706,dann_matched,banglasarc_binary+ben_sarc_binary,banglasarc3_binary,2024
dd9bd6b2bf6b34e5,1,1,-0.055908203,0.14160156,0.4507824531471814,0.5492175468528186,1.1325527003769706,dann_matched,banglasarc_binary+ben_sarc_binary,banglasarc3_binary,2024
cdbf9e38b718e84c,0,1,-0.64453125,0.734375,0.20118471823927994,0.79881528176072,1.1325527003769706,dann_matched,banglasarc_binary+ben_sarc_binary,banglasarc3_binary,2024
4d0a57f210a73977,1,0,0.6328125,-0.6015625,0.7745833841649233,0.2254166158350767,1.1325527003769706,dann_matched,banglasarc_binary+ben_sarc_binary,banglasarc3_binary,2024
ab338dede5081252,0,1,-0.18652344,0.025878906,0.44709815250354434,0.5529018474964557,1.1325527003769706,dann_matched,banglasarc_binary+ben_sarc_binary,banglasarc3_binary,2024
e36d944d14221a6c,0,0,0.08935547,-0.0010375977,0.5225828918038411,0.4774171081961589,1.1325527003769706,dann_matched,banglasarc_binary+ben_sarc_binary,banglasarc3_binary,2024
63ea034834c6a12c,0,0,0.50390625,-0.40625,0.7130321352710473,0.2869678647289528,1.1325527003769706,dann_matched,banglasarc_binary+ben_sarc_binary,banglasarc3_binary,2024
1ead6e0bfd452d2b,1,1,-1.0703125,1.0703125,0.10521053670308635,0.8947894632969136,1.1325527003769706,dann_matched,banglasarc_binary+ben_sarc_binary,banglasarc3_binary,2024
9fb91b24bd470ab7,0,1,-0.32617188,0.37695312,0.3311197396289915,0.6688802603710086,1.1325527003769706,dann_matched,banglasarc_binary+ben_sarc_binary,banglasarc3_binary,2024
7adb5d686301eb8f,1,0,0.17773438,-0.13476562,0.5774953651858118,0.42250463481418826,1.1325527003769706,dann_matched,banglasarc_binary+ben_sarc_binary,banglasarc3_binary,2024
30a467ac9c6d2435,1,1,-0.94921875,0.87890625,0.13846179056896438,0.8615382094310357,1.1325527003769706,dann_matched,banglasarc_binary+ben_sarc_binary,banglasarc3_binary,2024
4e5a50b99551fa9f,0,0,1.5390625,-1.40625,0.9500414759334155,0.0499585240665846,1.1325527003769706,dann_matched,banglasarc_binary+ben_sarc_binary,banglasarc3_binary,2024
2cc5b657e99479ab,1,0,0.8515625,-0.70703125,0.8261514726455292,0.17384852735447087,1.1325527003769706,dann_matched,banglasarc_binary+ben_sarc_binary,banglasarc3_binary,2024
60a819c9455826f5,0,0,0.828125,-0.67578125,0.8181563569443524,0.1818436430556475,1.1325527003769706,dann_matched,banglasarc_binary+ben_sarc_binary,banglasarc3_binary,2024
f387e0db7e685a99,0,0,1.046875,-0.99609375,0.8852352197343663,0.1147647802656337,1.1325527003769706,dann_matched,banglasarc_binary+ben_sarc_binary,banglasarc3_binary,2024
0ccfba3f9e960460,1,0,1.0625,-0.875,0.8740772351648677,0.12592276483513232,1.1325527003769706,dann_matched,banglasarc_binary+ben_sarc_binary,banglasarc3_binary,2024
ddc2982c4d5b19bb,0,0,1.4765625,-1.296875,0.9412234441519332,0.05877655584806683,1.1325527003769706,dann_matched,banglasarc_binary+ben_sarc_binary,banglasarc3_binary,2024
c9700acd4f20666a,1,0,0.28125,-0.20019531,0.6180891061384653,0.3819108938615347,1.1325527003769706,dann_matched,banglasarc_binary+ben_sarc_binary,banglasarc3_binary,2024
d4943eed81c34c48,1,0,1.484375,-1.328125,0.9433475746920261,0.05665242530797383,1.1325527003769706,dann_matched,banglasarc_binary+ben_sarc_binary,banglasarc3_binary,2024
2e2e4b889c9df812,1,1,-0.421875,0.49023438,0.28656838788731553,0.7134316121126845,1.1325527003769706,dann_matched,banglasarc_binary+ben_sarc_binary,banglasarc3_binary,2024
5ddbd9cf7f8b9e4e,1,0,2.015625,-1.765625,0.9777138144607745,0.022286185539225494,1.1325527003769706,dann_matched,banglasarc_binary+ben_sarc_binary,banglasarc3_binary,2024
0346c19c3d6e1abf,0,0,1.6875,-1.609375,0.9643214491222695,0.035678550877730524,1.1325527003769706,dann_matched,banglasarc_binary+ben_sarc_binary,banglasarc3_binary,2024
c5d392cb407885e6,0,1,-0.30664062,0.26953125,0.3598139200382316,0.6401860799617684,1.1325527003769706,dann_matched,banglasarc_binary+ben_sarc_binary,banglasarc3_binary,2024
f4997612d5ea678a,0,1,-0.99609375,1.015625,0.11797800859538259,0.8820219914046175,1.1325527003769706,dann_matched,banglasarc_binary+ben_sarc_binary,banglasarc3_binary,2024
5fb61d0d9878c215,0,0,0.09765625,0.01953125,0.5195213219520929,0.480478678047907,1.1325527003769706,dann_matched,banglasarc_binary+ben_sarc_binary,banglasarc3_binary,2024
a3b2337ee913ed3c,1,0,0.42578125,-0.375,0.6901415732701115,0.30985842672988845,1.1325527003769706,dann_matched,banglasarc_binary+ben_sarc_binary,banglasarc3_binary,2024
218ac0a1387a629e,0,0,1.5078125,-1.453125,0.9507778868028013,0.04922211319719861,1.1325527003769706,dann_matched,banglasarc_binary+ben_sarc_binary,banglasarc3_binary,2024
18e844b31049008b,0,0,0.17285156,-0.13085938,0.5753494347494654,0.4246505652505345,1.1325527003769706,dann_matched,banglasarc_binary+ben_sarc_binary,banglasarc3_binary,2024
cbed70c13bc0c9f0,1,1,-1.171875,1.1171875,0.09203286011100995,0.90796713988899,1.1325527003769706,dann_matched,banglasarc_binary+ben_sarc_binary,banglasarc3_binary,2024
2ab1740ebfbd3e05,1,0,1.890625,-1.8203125,0.976129165047569,0.023870834952430912,1.1325527003769706,dann_matched,banglasarc_binary+ben_sarc_binary,banglasarc3_binary,2024
0ac6a6a9e59b6038,1,0,0.13867188,-0.14941406,0.5715274743002207,0.42847252569977934,1.1325527003769706,dann_matched,banglasarc_binary+ben_sarc_binary,banglasarc3_binary,2024
08f7a8e225bd8151,1,0,0.19921875,-0.24121094,0.6083614119122961,0.3916385880877039,1.1325527003769706,dann_matched,banglasarc_binary+ben_sarc_binary,banglasarc3_binary,2024
b09ce16653e41187,1,0,0.06933594,-0.024902344,0.5235421500250328,0.4764578499749672,1.1325527003769706,dann_matched,banglasarc_binary+ben_sarc_binary,banglasarc3_binary,2024
d8186fbe40131e81,1,1,-0.51953125,0.515625,0.2620856794387872,0.7379143205612129,1.1325527003769706,dann_matched,banglasarc_binary+ben_sarc_binary,banglasarc3_binary,2024
c89eaa10622b37e2,1,0,1.5546875,-1.40625,0.9507778868028013,0.04922211319719861,1.1325527003769706,dann_matched,banglasarc_binary+ben_sarc_binary,banglasarc3_binary,2024
0ef139aef5b0b651,1,1,-1.375,1.296875,0.06465348835622392,0.9353465116437761,1.1325527003769706,dann_matched,banglasarc_binary+ben_sarc_binary,banglasarc3_binary,2024
2f577efec6c86515,1,1,-0.9375,0.8828125,0.13939637966532398,0.8606036203346761,1.1325527003769706,dann_matched,banglasarc_binary+ben_sarc_binary,banglasarc3_binary,2024
843e76141f5386ea,1,1,-1.109375,1.1015625,0.09877258875237437,0.9012274112476257,1.1325527003769706,dann_matched,banglasarc_binary+ben_sarc_binary,banglasarc3_binary,2024
a6b139ef0507918c,0,0,0.12792969,-0.091796875,0.5547116952425464,0.44528830475745357,1.1325527003769706,dann_matched,banglasarc_binary+ben_sarc_binary,banglasarc3_binary,2024
364f64d22ee2ac7a,0,0,0.921875,-0.85546875,0.8553685628570248,0.14463143714297527,1.1325527003769706,dann_matched,banglasarc_binary+ben_sarc_binary,banglasarc3_binary,2024
2ac3b1eefc9be85e,1,0,0.067871094,-0.050048828,0.5294458677094984,0.47055413229050164,1.1325527003769706,dann_matched,banglasarc_binary+ben_sarc_binary,banglasarc3_binary,2024
adf94921ccf02eaa,1,1,-1.3515625,1.265625,0.06804042027255897,0.9319595797274409,1.1325527003769706,dann_matched,banglasarc_binary+ben_sarc_binary,banglasarc3_binary,2024
a4d173afcf1ce29e,0,0,1.234375,-1.09375,0.9111797075998822,0.08882029240011771,1.1325527003769706,dann_matched,banglasarc_binary+ben_sarc_binary,banglasarc3_binary,2024
503091a9ce967b64,1,1,-0.4765625,0.3984375,0.29421497216298875,0.7057850278370112,1.1325527003769706,dann_matched,banglasarc_binary+ben_sarc_binary,banglasarc3_binary,2024
4d1624fcf2e4e7d6,1,1,-0.06738281,0.050048828,0.47067578098091967,0.5293242190190803,1.1325527003769706,dann_matched,banglasarc_binary+ben_sarc_binary,banglasarc3_binary,2024
7bb7f9b1cb68aac0,0,0,2.59375,-2.46875,0.9937100978631075,0.0062899021368924835,1.1325527003769706,dann_matched,banglasarc_binary+ben_sarc_binary,banglasarc3_binary,2024
9b912e15d3d8493f,0,1,-1.3359375,1.3359375,0.06465348835622392,0.9353465116437761,1.1325527003769706,dann_matched,banglasarc_binary+ben_sarc_binary,banglasarc3_binary,2024
3827617f21fba1e3,0,0,2.84375,-2.75,0.9962927471256138,0.0037072528743862213,1.1325527003769706,dann_matched,banglasarc_binary+ben_sarc_binary,banglasarc3_binary,2024
bbfcd270940c6f50,0,1,-0.26953125,0.30664062,0.3598139200382316,0.6401860799617684,1.1325527003769706,dann_matched,banglasarc_binary+ben_sarc_binary,banglasarc3_binary,2024
a5f9487af8a08111,1,1,-1.3828125,1.3125,0.06325052199347325,0.9367494780065266,1.1325527003769706,dann_matched,banglasarc_binary+ben_sarc_binary,banglasarc3_binary,2024
b132c35de55abf62,1,0,0.10107422,-0.072265625,0.5432267799214107,0.45677322007858934,1.1325527003769706,dann_matched,banglasarc_binary+ben_sarc_binary,banglasarc3_binary,2024
49e50f5f6743b9a9,0,0,0.09716797,-0.052001953,0.5372234823466234,0.4627765176533766,1.1325527003769706,dann_matched,banglasarc_binary+ben_sarc_binary,banglasarc3_binary,2024
bc2fea241ae6e245,0,0,2.5,-2.40625,0.9926541734255229,0.007345826574477061,1.1325527003769706,dann_matched,banglasarc_binary+ben_sarc_binary,banglasarc3_binary,2024
1ac9669da2a3b22a,0,0,2.09375,-1.953125,0.9828232909876817,0.017176709012318405,1.1325527003769706,dann_matched,banglasarc_binary+ben_sarc_binary,banglasarc3_binary,2024
c678ed32dfec8e9b,1,1,-0.78125,0.6953125,0.1859471949014217,0.8140528050985784,1.1325527003769706,dann_matched,banglasarc_binary+ben_sarc_binary,banglasarc3_binary,2024
1a46fdea53a04cce,0,1,-0.91796875,0.9921875,0.12896329929010264,0.8710367007098975,1.1325527003769706,dann_matched,banglasarc_binary+ben_sarc_binary,banglasarc3_binary,2024
a27bf2e316d4219b,1,1,-0.15429688,0.15136719,0.4241734433088202,0.5758265566911799,1.1325527003769706,dann_matched,banglasarc_binary+ben_sarc_binary,banglasarc3_binary,2024
0cec6e06c0ba9f1e,0,0,2.65625,-2.59375,0.9947798743064417,0.005220125693558397,1.1325527003769706,dann_matched,banglasarc_binary+ben_sarc_binary,banglasarc3_binary,2024
d6b2f0ee01c230dd,1,0,0.87890625,-0.77734375,0.8397339676722393,0.16026603232776068,1.1325527003769706,dann_matched,banglasarc_binary+ben_sarc_binary,banglasarc3_binary,2024
9eb091e9a9d4c695,0,1,-0.70703125,0.6796875,0.1999321064241851,0.800067893575815,1.1325527003769706,dann_matched,banglasarc_binary+ben_sarc_binary,banglasarc3_binary,2024
963ae71db6ff7e4f,0,1,-0.111816406,0.1875,0.42572460186024885,0.5742753981397511,1.1325527003769706,dann_matched,banglasarc_binary+ben_sarc_binary,banglasarc3_binary,2024
9aabf8d92c3a8ef5,1,0,2.640625,-2.5625,0.9945307254013009,0.005469274598698993,1.1325527003769706,dann_matched,banglasarc_binary+ben_sarc_binary,banglasarc3_binary,2024
1f00788c3c80def3,0,0,0.8359375,-0.765625,0.8322366527818007,0.16776334721819924,1.1325527003769706,dann_matched,banglasarc_binary+ben_sarc_binary,banglasarc3_binary,2024
b39f2b8134c7f61a,1,1,-0.088378906,0.16113281,0.43794368541821116,0.5620563145817888,1.1325527003769706,dann_matched,banglasarc_binary+ben_sarc_binary,banglasarc3_binary,2024
a6a9b4365f236b0d,1,1,-0.28320312,0.35546875,0.3455468255389751,0.6544531744610249,1.1325527003769706,dann_matched,banglasarc_binary+ben_sarc_binary,banglasarc3_binary,2024
672f65575c01c938,1,1,-1.234375,1.1796875,0.08210662704685086,0.9178933729531492,1.1325527003769706,dann_matched,banglasarc_binary+ben_sarc_binary,banglasarc3_binary,2024
c361b64edd41d872,0,1,-1.4765625,1.28125,0.0596469429451214,0.9403530570548787,1.1325527003769706,dann_matched,banglasarc_binary+ben_sarc_binary,banglasarc3_binary,2024
89c73de9b852078e,0,0,0.12109375,-0.23339844,0.5877064971521543,0.4122935028478457,1.1325527003769706,dann_matched,banglasarc_binary+ben_sarc_binary,banglasarc3_binary,2024
ce8d47c1fb816aa3,0,0,2.859375,-2.8125,0.9965703960759055,0.0034296039240944865,1.1325527003769706,dann_matched,banglasarc_binary+ben_sarc_binary,banglasarc3_binary,2024
456683ca31fa5e65,0,1,-0.35546875,0.19238281,0.3663630064051715,0.6336369935948285,1.1325527003769706,dann_matched,banglasarc_binary+ben_sarc_binary,banglasarc3_binary,2024
ebd8a51d0f72f8ae,0,1,-1.2734375,1.15625,0.08093670978361556,0.9190632902163844,1.1325527003769706,dann_matched,banglasarc_binary+ben_sarc_binary,banglasarc3_binary,2024
fb863821fda44d53,1,1,-1.140625,1.1015625,0.09602548878779378,0.9039745112122062,1.1325527003769706,dann_matched,banglasarc_binary+ben_sarc_binary,banglasarc3_binary,2024
3b470389b41a77d0,0,0,2.0,-1.9453125,0.9810219632882344,0.01897803671176563,1.1325527003769706,dann_matched,banglasarc_binary+ben_sarc_binary,banglasarc3_binary,2024
7485ab52357fe573,0,0,2.0,-1.9609375,0.9813106915732508,0.01868930842674908,1.1325527003769706,dann_matched,banglasarc_binary+ben_sarc_binary,banglasarc3_binary,2024
5d08e6dbd0a02098,0,0,2.78125,-2.671875,0.9957353653078126,0.0042646346921872726,1.1325527003769706,dann_matched,banglasarc_binary+ben_sarc_binary,banglasarc3_binary,2024
bd8e1a4992f836d9,1,1,-1.71875,1.5859375,0.03541073007632382,0.9645892699236761,1.1325527003769706,dann_matched,banglasarc_binary+ben_sarc_binary,banglasarc3_binary,2024
f54c8c8dd14b9ee4,1,0,0.11669922,-0.052490234,0.542196754179948,0.457803245820052,1.1325527003769706,dann_matched,banglasarc_binary+ben_sarc_binary,banglasarc3_binary,2024
93aa7ab3e702a390,1,1,-0.55078125,0.5703125,0.24580846052125757,0.7541915394787425,1.1325527003769706,dann_matched,banglasarc_binary+ben_sarc_binary,banglasarc3_binary,2024
5d4df30470964289,0,0,2.546875,-2.53125,0.9938070098421449,0.006192990157855187,1.1325527003769706,dann_matched,banglasarc_binary+ben_sarc_binary,banglasarc3_binary,2024
99413b6d85bd8b6a,1,0,0.24316406,-0.21875,0.6134681466278327,0.3865318533721674,1.1325527003769706,dann_matched,banglasarc_binary+ben_sarc_binary,banglasarc3_binary,2024
b6c18248921fce54,1,0,1.40625,-1.28125,0.9362850057480346,0.06371499425196533,1.1325527003769706,dann_matched,banglasarc_binary+ben_sarc_binary,banglasarc3_binary,2024
1cabf2a505c66110,1,1,-0.28125,0.3125,0.35577489351363034,0.6442251064863697,1.1325527003769706,dann_matched,banglasarc_binary+ben_sarc_binary,banglasarc3_binary,2024
4e7d5694a62e5de3,1,1,-1.0390625,1.09375,0.10594828713637978,0.8940517128636203,1.1325527003769706,dann_matched,banglasarc_binary+ben_sarc_binary,banglasarc3_binary,2024
27bff07ea2567aff,0,1,-0.38867188,0.4609375,0.2995148064537437,0.7004851935462564,1.1325527003769706,dann_matched,banglasarc_binary+ben_sarc_binary,banglasarc3_binary,2024
3d2b2afef8a71422,0,0,2.234375,-2.046875,0.9863631647185701,0.013636835281429876,1.1325527003769706,dann_matched,banglasarc_binary+ben_sarc_binary,banglasarc3_binary,2024
a6b65f2d6607df8d,0,1,-0.859375,0.9140625,0.14511536292037017,0.8548846370796298,1.1325527003769706,dann_matched,banglasarc_binary+ben_sarc_binary,banglasarc3_binary,2024
f2ce21fd06e6c0a1,0,0,1.4453125,-1.421875,0.946200356539936,0.053799643460063995,1.1325527003769706,dann_matched,banglasarc_binary+ben_sarc_binary,banglasarc3_binary,2024
8c321d6535475133,0,0,0.8828125,-0.8203125,0.8459424373085146,0.15405756269148546,1.1325527003769706,dann_matched,banglasarc_binary+ben_sarc_binary,banglasarc3_binary,2024
e4400f251525d858,0,1,-0.26757812,0.25390625,0.37250520272670445,0.6274947972732956,1.1325527003769706,dann_matched,banglasarc_binary+ben_sarc_binary,banglasarc3_binary,2024
a2549aea9cf0feed,0,0,2.890625,-2.828125,0.9967269350293284,0.0032730649706716308,1.1325527003769706,dann_matched,banglasarc_binary+ben_sarc_binary,banglasarc3_binary,2024
208728590d99f477,0,0,2.375,-2.265625,0.9904406006529085,0.009559399347091532,1.1325527003769706,dann_matched,banglasarc_binary+ben_sarc_binary,banglasarc3_binary,2024
d7aa541a5731f237,1,1,-0.7734375,0.7578125,0.17781086947804958,0.8221891305219503,1.1325527003769706,dann_matched,banglasarc_binary+ben_sarc_binary,banglasarc3_binary,2024
72d9d0c152014fd4,1,1,-0.8828125,0.92578125,0.14080816966793647,0.8591918303320635,1.1325527003769706,dann_matched,banglasarc_binary+ben_sarc_binary,banglasarc3_binary,2024
8dc4677cf180080c,0,0,1.859375,-1.5390625,0.9676556676188429,0.032344332381157095,1.1325527003769706,dann_matched,banglasarc_binary+ben_sarc_binary,banglasarc3_binary,2024
326478b91e0a83b6,0,0,0.1484375,-0.14550781,0.5729617352242629,0.4270382647757372,1.1325527003769706,dann_matched,banglasarc_binary+ben_sarc_binary,banglasarc3_binary,2024
7bb95f4327f97619,0,1,-0.29101562,0.328125,0.34997692807591696,0.6500230719240829,1.1325527003769706,dann_matched,banglasarc_binary+ben_sarc_binary,banglasarc3_binary,2024
b5430ac62bc817b3,0,1,-1.0703125,1.03125,0.108945047201704,0.8910549527982959,1.1325527003769706,dann_matched,banglasarc_binary+ben_sarc_binary,banglasarc3_binary,2024
7745aafd0a592886,0,1,-0.43945312,0.4765625,0.2857704332839452,0.7142295667160549,1.1325527003769706,dann_matched,banglasarc_binary+ben_sarc_binary,banglasarc3_binary,2024
6327f9fa75cf0eb5,0,0,2.09375,-1.9453125,0.9826909042463318,0.017309095753668163,1.1325527003769706,dann_matched,banglasarc_binary+ben_sarc_binary,banglasarc3_binary,2024
50c0d6b40de5c934,1,1,-0.025146484,0.018066406,0.48919845814989593,0.5108015418501041,1.1325527003769706,dann_matched,banglasarc_binary+ben_sarc_binary,banglasarc3_binary,2024
5793d347d7491ffa,0,1,-1.2265625,1.1484375,0.08509904500702024,0.9149009549929797,1.1325527003769706,dann_matched,banglasarc_binary+ben_sarc_binary,banglasarc3_binary,2024
7a193a03efce7c95,0,1,-0.18164062,0.2265625,0.3993430562286849,0.6006569437713151,1.1325527003769706,dann_matched,banglasarc_binary+ben_sarc_binary,banglasarc3_binary,2024
79fe03d925dd23f2,1,1,-1.3125,1.265625,0.07055959618729296,0.9294404038127071,1.1325527003769706,dann_matched,banglasarc_binary+ben_sarc_binary,banglasarc3_binary,2024
56a90627c13f7482,0,1,-0.890625,0.90625,0.1422318950098963,0.8577681049901036,1.1325527003769706,dann_matched,banglasarc_binary+ben_sarc_binary,banglasarc3_binary,2024
34eae78ac0856b44,0,1,-0.38867188,0.43554688,0.3048688709099544,0.6951311290900456,1.1325527003769706,dann_matched,banglasarc_binary+ben_sarc_binary,banglasarc3_binary,2024
e7de35f2d96d04ae,1,1,-0.69140625,0.71484375,0.1968262036430985,0.8031737963569016,1.1325527003769706,dann_matched,banglasarc_binary+ben_sarc_binary,banglasarc3_binary,2024
7edb0fbf4e12f482,1,1,-0.734375,0.71484375,0.19012183026908458,0.8098781697309154,1.1325527003769706,dann_matched,banglasarc_binary+ben_sarc_binary,banglasarc3_binary,2024
05b114079ca39ab2,0,0,2.234375,-2.234375,0.9886682464686385,0.011331753531361453,1.1325527003769706,dann_matched,banglasarc_binary+ben_sarc_binary,banglasarc3_binary,2024
012cf4a871450976,0,0,0.640625,-0.55859375,0.7683857743122923,0.23161422568770776,1.1325527003769706,dann_matched,banglasarc_binary+ben_sarc_binary,banglasarc3_binary,2024
974f03c115fc2171,1,0,0.93359375,-0.890625,0.8610715739709943,0.1389284260290056,1.1325527003769706,dann_matched,banglasarc_binary+ben_sarc_binary,banglasarc3_binary,2024
7d320f16846e7bf9,1,0,2.15625,-2.09375,0.9859363729567544,0.014063627043245474,1.1325527003769706,dann_matched,banglasarc_binary+ben_sarc_binary,banglasarc3_binary,2024
8fd01412b63f6b5f,1,0,1.5078125,-1.375,0.9469902279841446,0.05300977201585542,1.1325527003769706,dann_matched,banglasarc_binary+ben_sarc_binary,banglasarc3_binary,2024
88e6fff6830ee411,0,1,-0.5859375,0.6328125,0.22815650216092537,0.7718434978390747,1.1325527003769706,dann_matched,banglasarc_binary+ben_sarc_binary,banglasarc3_binary,2024
018878abd62bc2c6,0,0,2.875,-2.9375,0.9970189672701452,0.0029810327298548972,1.1325527003769706,dann_matched,banglasarc_binary+ben_sarc_binary,banglasarc3_binary,2024
f09b809925c88fc0,1,1,-0.43359375,0.45507812,0.2913839818300965,0.7086160181699034,1.1325527003769706,dann_matched,banglasarc_binary+ben_sarc_binary,banglasarc3_binary,2024
bc8f433d14df5bbe,1,1,-0.15039062,0.25390625,0.40028040867233783,0.5997195913276621,1.1325527003769706,dann_matched,banglasarc_binary+ben_sarc_binary,banglasarc3_binary,2024
c952b7bed5795739,0,1,-0.1484375,0.24511719,0.4028618757287128,0.5971381242712871,1.1325527003769706,dann_matched,banglasarc_binary+ben_sarc_binary,banglasarc3_binary,2024
90c33f63e3080a0d,0,1,-0.58984375,0.625,0.22884512750015074,0.7711548724998493,1.1325527003769706,dann_matched,banglasarc_binary+ben_sarc_binary,banglasarc3_binary,2024
1ef4973752ea4564,1,1,-1.1328125,1.078125,0.09877258875237437,0.9012274112476257,1.1325527003769706,dann_matched,banglasarc_binary+ben_sarc_binary,banglasarc3_binary,2024
3f4477d5080cdfe1,0,0,0.26953125,-0.118652344,0.595845360105483,0.40415463989451705,1.1325527003769706,dann_matched,banglasarc_binary+ben_sarc_binary,banglasarc3_binary,2024
7a9c24d799805b22,0,0,1.21875,-1.09375,0.9099070060380482,0.09009299396195182,1.1325527003769706,dann_matched,banglasarc_binary+ben_sarc_binary,banglasarc3_binary,2024
a53750d111a874b9,0,0,0.50390625,-0.44921875,0.7217432062975979,0.2782567937024021,1.1325527003769706,dann_matched,banglasarc_binary+ben_sarc_binary,banglasarc3_binary,2024
08221e16563f5ed2,1,1,-0.20507812,0.20996094,0.3977044662136777,0.6022955337863223,1.1325527003769706,dann_matched,banglasarc_binary+ben_sarc_binary,banglasarc3_binary,2024
a911bbedbe9083b7,1,1,-0.9765625,0.96484375,0.12549344653756345,0.8745065534624367,1.1325527003769706,dann_matched,banglasarc_binary+ben_sarc_binary,banglasarc3_binary,2024
79af8e8606e24621,0,0,2.25,-2.203125,0.9884918509356967,0.011508149064303403,1.1325527003769706,dann_matched,banglasarc_binary+ben_sarc_binary,banglasarc3_binary,2024
725ab0037339d5f4,1,0,0.16796875,-0.13769531,0.5758265566911799,0.4241734433088202,1.1325527003769706,dann_matched,banglasarc_binary+ben_sarc_binary,banglasarc3_binary,2024
888be69f29549db6,1,0,0.92578125,-0.828125,0.8524448171983366,0.1475551828016634,1.1325527003769706,dann_matched,banglasarc_binary+ben_sarc_binary,banglasarc3_binary,2024
74ead3cc3b9dcc3e,0,1,-0.18945312,0.23144531,0.39630178193325116,0.6036982180667488,1.1325527003769706,dann_matched,banglasarc_binary+ben_sarc_binary,banglasarc3_binary,2024
70a0b9c4daba4b62,1,0,0.33007812,-0.25976562,0.6433292938858967,0.3566707061141034,1.1325527003769706,dann_matched,banglasarc_binary+ben_sarc_binary,banglasarc3_binary,2024
772cd1347ab32158,0,1,-0.32421875,0.41992188,0.32209936745755396,0.677900632542446,1.1325527003769706,dann_matched,banglasarc_binary+ben_sarc_binary,banglasarc3_binary,2024
825abf4f5714d44e,0,0,1.515625,-1.3828125,0.9477691428985743,0.052230857101425734,1.1325527003769706,dann_matched,banglasarc_binary+ben_sarc_binary,banglasarc3_binary,2024
f6d2b8f0fd5630a5,1,1,-1.0390625,0.921875,0.12336562437275558,0.8766343756272444,1.1325527003769706,dann_matched,banglasarc_binary+ben_sarc_binary,banglasarc3_binary,2024
070eb74aab3e9b16,0,0,2.125,-2.109375,0.9857180660748888,0.014281933925111153,1.1325527003769706,dann_matched,banglasarc_binary+ben_sarc_binary,banglasarc3_binary,2024
ff8b8a0023de988a,1,0,0.421875,-0.3671875,0.6876299957148544,0.31237000428514555,1.1325527003769706,dann_matched,banglasarc_binary+ben_sarc_binary,banglasarc3_binary,2024
955c6c4b3c56526f,0,1,-1.1953125,1.1484375,0.08756383952305867,0.9124361604769414,1.1325527003769706,dann_matched,banglasarc_binary+ben_sarc_binary,banglasarc3_binary,2024
3c7f74408087c581,0,0,0.2421875,-0.12890625,0.591723240531882,0.4082767594681181,1.1325527003769706,dann_matched,banglasarc_binary+ben_sarc_binary,banglasarc3_binary,2024
3fd3335f6927bc03,1,0,0.62109375,-0.49804688,0.7538292764191719,0.24617072358082817,1.1325527003769706,dann_matched,banglasarc_binary+ben_sarc_binary,banglasarc3_binary,2024
6b4cf7b079c5b900,0,1,-0.69140625,0.734375,0.19375686554382185,0.8062431344561782,1.1325527003769706,dann_matched,banglasarc_binary+ben_sarc_binary,banglasarc3_binary,2024
a396d6fc294ae956,0,0,1.6484375,-1.53125,0.9600626857930734,0.0399373142069266,1.1325527003769706,dann_matched,banglasarc_binary+ben_sarc_binary,banglasarc3_binary,2024
acd192278c3d2499,0,0,1.6171875,-1.5078125,0.9579122720843811,0.04208772791561884,1.1325527003769706,dann_matched,banglasarc_binary+ben_sarc_binary,banglasarc3_binary,2024
13e6f0fb32b886df,1,1,-0.76953125,0.7109375,0.18535662781502407,0.8146433721849758,1.1325527003769706,dann_matched,banglasarc_binary+ben_sarc_binary,banglasarc3_binary,2024
5139d41ec223ee1d,1,0,0.45703125,-0.41796875,0.7057850278370112,0.29421497216298875,1.1325527003769706,dann_matched,banglasarc_binary+ben_sarc_binary,banglasarc3_binary,2024
db25536a5ca06207,1,1,-0.038085938,0.15332031,0.4522939964743671,0.5477060035256329,1.1325527003769706,dann_matched,banglasarc_binary+ben_sarc_binary,banglasarc3_binary,2024
9cf7c23f5c83e3c1,1,0,0.16894531,-0.040771484,0.55223788263318,0.4477621173668201,1.1325527003769706,dann_matched,banglasarc_binary+ben_sarc_binary,banglasarc3_binary,2024
dece6cbb7ae48b4c,0,1,-1.328125,1.3203125,0.06608537866754877,0.9339146213324513,1.1325527003769706,dann_matched,banglasarc_binary+ben_sarc_binary,banglasarc3_binary,2024
cc32b357f5c62cf0,1,0,0.96484375,-0.80859375,0.8548846370796298,0.14511536292037017,1.1325527003769706,dann_matched,banglasarc_binary+ben_sarc_binary,banglasarc3_binary,2024
a82a7beb318bc95f,0,0,0.7890625,-0.50390625,0.7846492570213327,0.2153507429786673,1.1325527003769706,dann_matched,banglasarc_binary+ben_sarc_binary,banglasarc3_binary,2024
4269510b20e3a78d,0,1,-0.66796875,0.59375,0.22067816087759426,0.7793218391224057,1.1325527003769706,dann_matched,banglasarc_binary+ben_sarc_binary,banglasarc3_binary,2024
af7a5887ba75ec02,1,0,0.36523438,-0.31835938,0.6645403126074702,0.3354596873925299,1.1325527003769706,dann_matched,banglasarc_binary+ben_sarc_binary,banglasarc3_binary,2024
ff7092e064f5e7f0,0,0,0.35351562,-0.21191406,0.6377079320019303,0.3622920679980696,1.1325527003769706,dann_matched,banglasarc_binary+ben_sarc_binary,banglasarc3_binary,2024
bd75e40f2d1c3973,1,1,-0.7421875,0.75390625,0.18300885002394832,0.8169911499760516,1.1325527003769706,dann_matched,banglasarc_binary+ben_sarc_binary,banglasarc3_binary,2024
55361b7e5b2475c1,1,1,-0.56640625,0.5390625,0.24871661839211975,0.7512833816078802,1.1325527003769706,dann_matched,banglasarc_binary+ben_sarc_binary,banglasarc3_binary,2024
f478ea328fe5ce48,1,1,-1.0234375,1.0625,0.11047115389487247,0.8895288461051276,1.1325527003769706,dann_matched,banglasarc_binary+ben_sarc_binary,banglasarc3_binary,2024
5a05491d31008062,0,0,0.9921875,-0.8046875,0.8577681049901036,0.1422318950098963,1.1325527003769706,dann_matched,banglasarc_binary+ben_sarc_binary,banglasarc3_binary,2024
ae0fcdf8d0676f03,0,0,0.99609375,-0.9296875,0.8727817323315137,0.12721826766848623,1.1325527003769706,dann_matched,banglasarc_binary+ben_sarc_binary,banglasarc3_binary,2024
1473977d7b8985e5,0,0,1.40625,-1.25,0.9343951625409306,0.06560483745906928,1.1325527003769706,dann_matched,banglasarc_binary+ben_sarc_binary,banglasarc3_binary,2024
880392a54d0ebe3e,0,0,2.03125,-1.671875,0.9759464471055739,0.024053552894426178,1.1325527003769706,dann_matched,banglasarc_binary+ben_sarc_binary,banglasarc3_binary,2024
a8d6ffd7233218d9,0,1,-1.328125,1.265625,0.06954174450582809,0.9304582554941719,1.1325527003769706,dann_matched,banglasarc_binary+ben_sarc_binary,banglasarc3_binary,2024
532a79af0df6317b,1,1,-1.1171875,1.109375,0.09739039825194779,0.9026096017480523,1.1325527003769706,dann_matched,banglasarc_binary+ben_sarc_binary,banglasarc3_binary,2024
e67ce7d008308e4f,1,0,1.1171875,-1.0546875,0.8976952921073469,0.10230470789265303,1.1325527003769706,dann_matched,banglasarc_binary+ben_sarc_binary,banglasarc3_binary,2024
d7578006b9f26c23,1,0,0.703125,-0.6015625,0.786622824583395,0.21337717541660498,1.1325527003769706,dann_matched,banglasarc_binary+ben_sarc_binary,banglasarc3_binary,2024
714a136f278f7f6d,1,0,1.0625,-1.0,0.8872045937171068,0.11279540628289324,1.1325527003769706,dann_matched,banglasarc_binary+ben_sarc_binary,banglasarc3_binary,2024
cb7574a7cdfb2600,0,1,-1.109375,1.1015625,0.09877258875237437,0.9012274112476257,1.1325527003769706,dann_matched,banglasarc_binary+ben_sarc_binary,banglasarc3_binary,2024
539200a378d20681,0,1,-0.26757812,0.20410156,0.38421876123323523,0.6157812387667647,1.1325527003769706,dann_matched,banglasarc_binary+ben_sarc_binary,banglasarc3_binary,2024
9d4e9c774780337b,1,0,2.453125,-2.375,0.9920620058985926,0.007937994101407319,1.1325527003769706,dann_matched,banglasarc_binary+ben_sarc_binary,banglasarc3_binary,2024
d19183e0c68495fe,0,0,1.015625,-0.83203125,0.863851684976284,0.1361483150237161,1.1325527003769706,dann_matched,banglasarc_binary+ben_sarc_binary,banglasarc3_binary,2024
e727d555b9906254,0,0,0.56640625,-0.47070312,0.7382918730797098,0.26170812692029033,1.1325527003769706,dann_matched,banglasarc_binary+ben_sarc_binary,banglasarc3_binary,2024
560326443dd5a61f,1,1,-0.85546875,0.875,0.15052763130295335,0.8494723686970466,1.1325527003769706,dann_matched,banglasarc_binary+ben_sarc_binary,banglasarc3_binary,2024
3a356b90dc52db7a,0,1,-0.6953125,0.73828125,0.19253935386136437,0.8074606461386356,1.1325527003769706,dann_matched,banglasarc_binary+ben_sarc_binary,banglasarc3_binary,2024
10315d34cdace8c1,0,1,-0.56640625,0.56640625,0.24364243753740636,0.7563575624625937,1.1325527003769706,dann_matched,banglasarc_binary+ben_sarc_binary,banglasarc3_binary,2024
5b040037fd3ecdae,1,1,-0.734375,0.70703125,0.19132767714793028,0.8086723228520697,1.1325527003769706,dann_matched,banglasarc_binary+ben_sarc_binary,banglasarc3_binary,2024
586f5d207285bf27,0,1,-0.84375,0.6796875,0.1789558876900955,0.8210441123099046,1.1325527003769706,dann_matched,banglasarc_binary+ben_sarc_binary,banglasarc3_binary,2024
11319ec3cf94ef20,0,0,1.578125,-1.5078125,0.956308939359532,0.04369106064046812,1.1325527003769706,dann_matched,banglasarc_binary+ben_sarc_binary,banglasarc3_binary,2024
69fbdf73ddc7be78,1,1,-1.359375,1.28125,0.06656918897050168,0.9334308110294983,1.1325527003769706,dann_matched,banglasarc_binary+ben_sarc_binary,banglasarc3_binary,2024
757ab3d1fca46e3c,1,1,-1.375,1.296875,0.06465348835622392,0.9353465116437761,1.1325527003769706,dann_matched,banglasarc_binary+ben_sarc_binary,banglasarc3_binary,2024
a39c5cc8dcf7f753,0,0,1.109375,-1.140625,0.9046505351008906,0.0953494648991095,1.1325527003769706,dann_matched,banglasarc_binary+ben_sarc_binary,banglasarc3_binary,2024
ba0d8b695ca6ef05,0,1,-0.95703125,0.98828125,0.12506538251690355,0.8749346174830964,1.1325527003769706,dann_matched,banglasarc_binary+ben_sarc_binary,banglasarc3_binary,2024
7e976976fd12e611,0,0,0.22460938,-0.11767578,0.5847455076953195,0.4152544923046805,1.1325527003769706,dann_matched,banglasarc_binary+ben_sarc_binary,banglasarc3_binary,2024
177bf85b5ddcbb0b,1,1,-0.66796875,0.6484375,0.2114168212006529,0.7885831787993471,1.1325527003769706,dann_matched,banglasarc_binary+ben_sarc_binary,banglasarc3_binary,2024
6d78d071878ac3d1,1,1,-1.09375,0.9921875,0.11047115389487247,0.8895288461051276,1.1325527003769706,dann_matched,banglasarc_binary+ben_sarc_binary,banglasarc3_binary,2024
c85c38b6528754b8,1,0,0.94140625,-0.87109375,0.8596637505099167,0.14033624949008322,1.1325527003769706,dann_matched,banglasarc_binary+ben_sarc_binary,banglasarc3_binary,2024
90dbb76ac473a400,1,0,0.65234375,-0.62109375,0.7813306233160979,0.21866937668390204,1.1325527003769706,dann_matched,banglasarc_binary+ben_sarc_binary,banglasarc3_binary,2024
63c48593140100b8,0,0,0.76953125,-0.71484375,0.8152324893520001,0.184767510648,1.1325527003769706,dann_matched,banglasarc_binary+ben_sarc_binary,banglasarc3_binary,2024
aff3807e81a949e8,0,0,0.46484375,-0.42578125,0.7090191337850932,0.29098086621490676,1.1325527003769706,dann_matched,banglasarc_binary+ben_sarc_binary,banglasarc3_binary,2024
2a1a90955017061c,1,1,-0.8046875,0.7109375,0.18010666408646395,0.8198933359135361,1.1325527003769706,dann_matched,banglasarc_binary+ben_sarc_binary,banglasarc3_binary,2024
8ba3ce83e1b38636,0,0,0.95703125,-0.8984375,0.8647679192064821,0.13523208079351787,1.1325527003769706,dann_matched,banglasarc_binary+ben_sarc_binary,banglasarc3_binary,2024
b6a150e585a90815,1,0,1.7734375,-1.625,0.9676556676188429,0.032344332381157095,1.1325527003769706,dann_matched,banglasarc_binary+ben_sarc_binary,banglasarc3_binary,2024
e7f847b226aac07c,0,0,0.27539062,-0.28710938,0.6370307944803831,0.3629692055196168,1.1325527003769706,dann_matched,banglasarc_binary+ben_sarc_binary,banglasarc3_binary,2024
dddd46a1f7d0d0f0,1,0,0.07421875,-0.022705078,0.524212005572308,0.47578799442769204,1.1325527003769706,dann_matched,banglasarc_binary+ben_sarc_binary,banglasarc3_binary,2024
1bffdb75712cd569,0,1,-0.2890625,0.33398438,0.34908880483446786,0.6509111951655322,1.1325527003769706,dann_matched,banglasarc_binary+ben_sarc_binary,banglasarc3_binary,2024
2ab62d60d1d4472e,1,0,0.2578125,-0.22558594,0.6185500445294543,0.3814499554705457,1.1325527003769706,dann_matched,banglasarc_binary+ben_sarc_binary,banglasarc3_binary,2024
8fc93f04e6590154,1,1,-0.453125,0.5234375,0.27357439102480946,0.7264256089751905,1.1325527003769706,dann_matched,banglasarc_binary+ben_sarc_binary,banglasarc3_binary,2024
86de20b950da2d3c,0,1,-0.96875,0.98828125,0.12378869371586462,0.8762113062841353,1.1325527003769706,dann_matched,banglasarc_binary+ben_sarc_binary,banglasarc3_binary,2024
f99f7e89824b6612,0,0,2.765625,-2.796875,0.9961755163553627,0.0038244836446372104,1.1325527003769706,dann_matched,banglasarc_binary+ben_sarc_binary,banglasarc3_binary,2024
f398263b812de4fc,0,1,-0.7109375,0.72265625,0.19253935386136437,0.8074606461386356,1.1325527003769706,dann_matched,banglasarc_binary+ben_sarc_binary,banglasarc3_binary,2024
f933964e1386abbc,1,0,2.046875,-1.7421875,0.9778834111979205,0.022116588802079524,1.1325527003769706,dann_matched,banglasarc_binary+ben_sarc_binary,banglasarc3_binary,2024
29429b72289fcd40,0,1,-0.33203125,0.36914062,0.3315524592872648,0.6684475407127353,1.1325527003769706,dann_matched,banglasarc_binary+ben_sarc_binary,banglasarc3_binary,2024
065cb8d51b12f79a,0,0,1.203125,-1.046875,0.9046505351008906,0.0953494648991095,1.1325527003769706,dann_matched,banglasarc_binary+ben_sarc_binary,banglasarc3_binary,2024
238ed849caf48da2,0,0,0.58984375,-0.484375,0.7453983772125647,0.2546016227874352,1.1325527003769706,dann_matched,banglasarc_binary+ben_sarc_binary,banglasarc3_binary,2024
e6879d34059ffd78,1,0,1.5859375,-1.40625,0.9522199336364293,0.047780066363570746,1.1325527003769706,dann_matched,banglasarc_binary+ben_sarc_binary,banglasarc3_binary,2024
e1920815e63fd77c,1,1,-0.921875,0.921875,0.13660839002621938,0.8633916099737806,1.1325527003769706,dann_matched,banglasarc_binary+ben_sarc_binary,banglasarc3_binary,2024
9d6102939ae27963,1,1,-0.39648438,0.36914062,0.31742626558767584,0.682573734412324,1.1325527003769706,dann_matched,banglasarc_binary+ben_sarc_binary,banglasarc3_binary,2024
7cf8d62bc548f981,1,1,-0.66015625,0.6796875,0.20753575498928697,0.792464245010713,1.1325527003769706,dann_matched,banglasarc_binary+ben_sarc_binary,banglasarc3_binary,2024
3dedb7824bbf60be,0,1,-0.80078125,0.8828125,0.156620183363451,0.843379816636549,1.1325527003769706,dann_matched,banglasarc_binary+ben_sarc_binary,banglasarc3_binary,2024
7168d49fd7747b74,0,0,1.0546875,-0.91796875,0.8778961345311737,0.12210386546882639,1.1325527003769706,dann_matched,banglasarc_binary+ben_sarc_binary,banglasarc3_binary,2024
85cf586fc25418e3,0,1,-0.9296875,0.80078125,0.15052763130295335,0.8494723686970466,1.1325527003769706,dann_matched,banglasarc_binary+ben_sarc_binary,banglasarc3_binary,2024
b4853c23f7a9f71d,0,1,-0.36523438,0.39257812,0.3191213844321178,0.6808786155678822,1.1325527003769706,dann_matched,banglasarc_binary+ben_sarc_binary,banglasarc3_binary,2024
b577521aba23e9a6,1,0,2.40625,-2.203125,0.9901401446964613,0.009859855303538789,1.1325527003769706,dann_matched,banglasarc_binary+ben_sarc_binary,banglasarc3_binary,2024
43913a364404a6b7,1,0,0.44726562,-0.34765625,0.6888871743462827,0.31111282565371734,1.1325527003769706,dann_matched,banglasarc_binary+ben_sarc_binary,banglasarc3_binary,2024
98595080b20ded8e,0,1,-0.8203125,0.88671875,0.15354917288301603,0.8464508271169839,1.1325527003769706,dann_matched,banglasarc_binary+ben_sarc_binary,banglasarc3_binary,2024
e8908d5a70ac67f7,0,0,0.734375,-0.640625,0.7981867777396212,0.20181322226037882,1.1325527003769706,dann_matched,banglasarc_binary+ben_sarc_binary,banglasarc3_binary,2024
a92f9901130b2155,0,0,1.046875,-1.03125,0.888758793492457,0.11124120650754304,1.1325527003769706,dann_matched,banglasarc_binary+ben_sarc_binary,banglasarc3_binary,2024
7d6de967d264bd85,0,1,-0.18164062,0.26757812,0.3895465312857314,0.6104534687142686,1.1325527003769706,dann_matched,banglasarc_binary+ben_sarc_binary,banglasarc3_binary,2024
9837a43eab10dddf,1,1,-1.1484375,1.109375,0.0946777017913266,0.9053222982086733,1.1325527003769706,dann_matched,banglasarc_binary+ben_sarc_binary,banglasarc3_binary,2024
65319c5414a8306a,0,0,0.40625,-0.390625,0.689305616785446,0.31069438321455395,1.1325527003769706,dann_matched,banglasarc_binary+ben_sarc_binary,banglasarc3_binary,2024
fade48daf673b1f8,0,0,0.609375,-0.55859375,0.7627776615116516,0.2372223384883484,1.1325527003769706,dann_matched,banglasarc_binary+ben_sarc_binary,banglasarc3_binary,2024
866873fff24113c0,1,1,-0.46679688,0.51953125,0.27163795149137593,0.7283620485086241,1.1325527003769706,dann_matched,banglasarc_binary+ben_sarc_binary,banglasarc3_binary,2024
e3cc36cc8d198224,0,1,-0.7890625,0.79296875,0.17050799982688053,0.8294920001731195,1.1325527003769706,dann_matched,banglasarc_binary+ben_sarc_binary,banglasarc3_binary,2024
89c21dd6d937eaff,1,0,2.03125,-1.8046875,0.9788748081040518,0.02112519189594821,1.1325527003769706,dann_matched,banglasarc_binary+ben_sarc_binary,banglasarc3_binary,2024
4b6f29550988601b,0,0,2.265625,-2.109375,0.9875683491468141,0.012431650853185818,1.1325527003769706,dann_matched,banglasarc_binary+ben_sarc_binary,banglasarc3_binary,2024
d975dd69c2f72afd,1,1,-1.171875,1.1796875,0.08694165672789168,0.9130583432721083,1.1325527003769706,dann_matched,banglasarc_binary+ben_sarc_binary,banglasarc3_binary,2024
877fb7d4cf62f178,1,1,-0.53125,0.51953125,0.259075107596318,0.740924892403682,1.1325527003769706,dann_matched,banglasarc_binary+ben_sarc_binary,banglasarc3_binary,2024
8e7741f5f6607b4c,1,1,-0.77734375,0.64453125,0.19436781101874467,0.8056321889812553,1.1325527003769706,dann_matched,banglasarc_binary+ben_sarc_binary,banglasarc3_binary,2024
0892c4bec7f40ca2,1,1,-1.3515625,1.2421875,0.06954174450582809,0.9304582554941719,1.1325527003769706,dann_matched,banglasarc_binary+ben_sarc_binary,banglasarc3_binary,2024
a2b22017bfba6565,1,1,-0.453125,0.45117188,0.28816828925354526,0.7118317107464548,1.1325527003769706,dann_matched,banglasarc_binary+ben_sarc_binary,banglasarc3_binary,2024
f5daae7220a90010,0,0,0.51953125,-0.66796875,0.7662936430859597,0.23370635691404026,1.1325527003769706,dann_matched,banglasarc_binary+ben_sarc_binary,banglasarc3_binary,2024
0f083853e0116694,1,0,0.109375,0.005065918,0.5260536519776579,0.47394634802234215,1.1325527003769706,dann_matched,banglasarc_binary+ben_sarc_binary,banglasarc3_binary,2024
40768fb2acdaf890,0,1,-0.19726562,0.24804688,0.39047583743349734,0.6095241625665028,1.1325527003769706,dann_matched,banglasarc_binary+ben_sarc_binary,banglasarc3_binary,2024
d61c45eabc68eb9b,0,0,0.26953125,-0.2578125,0.628863371037271,0.37113662896272914,1.1325527003769706,dann_matched,banglasarc_binary+ben_sarc_binary,banglasarc3_binary,2024
f8966d9f2ebf8a15,1,1,-0.7109375,0.78515625,0.18300885002394832,0.8169911499760516,1.1325527003769706,dann_matched,banglasarc_binary+ben_sarc_binary,banglasarc3_binary,2024
701ed1e21508a181,0,0,0.83203125,-0.81640625,0.8386797622482537,0.16132023775174625,1.1325527003769706,dann_matched,banglasarc_binary+ben_sarc_binary,banglasarc3_binary,2024
b4b9460c57fb2ff8,1,0,0.57421875,-0.5625,0.7570766882935809,0.24292331170641918,1.1325527003769706,dann_matched,banglasarc_binary+ben_sarc_binary,banglasarc3_binary,2024
f6ef35c40454d8a9,1,1,-1.2890625,1.2578125,0.07263670636078697,0.927363293639213,1.1325527003769706,dann_matched,banglasarc_binary+ben_sarc_binary,banglasarc3_binary,2024
c749254818a2beb4,1,1,-0.484375,0.46289062,0.2794350592151495,0.7205649407848504,1.1325527003769706,dann_matched,banglasarc_binary+ben_sarc_binary,banglasarc3_binary,2024
a8d95df3867755d7,1,0,0.9375,-0.84765625,0.8563323913156724,0.14366760868432768,1.1325527003769706,dann_matched,banglasarc_binary+ben_sarc_binary,banglasarc3_binary,2024
fb125052de8613ad,1,1,-0.87109375,0.828125,0.15456732837004417,0.8454326716299558,1.1325527003769706,dann_matched,banglasarc_binary+ben_sarc_binary,banglasarc3_binary,2024
09a2cced4bee49f7,1,1,-0.28125,0.28710938,0.3616154766261506,0.6383845233738494,1.1325527003769706,dann_matched,banglasarc_binary+ben_sarc_binary,banglasarc3_binary,2024
8a83d3da7699811c,0,0,1.6328125,-1.5546875,0.96036116089903,0.039638839100970026,1.1325527003769706,dann_matched,banglasarc_binary+ben_sarc_binary,banglasarc3_binary,2024
3964424aa0d49a56,0,0,0.52734375,-0.41015625,0.7185943925708561,0.28140560742914383,1.1325527003769706,dann_matched,banglasarc_binary+ben_sarc_binary,banglasarc3_binary,2024
0fa27d4578133779,1,1,-0.36132812,0.35742188,0.3276683008207139,0.672331699179286,1.1325527003769706,dann_matched,banglasarc_binary+ben_sarc_binary,banglasarc3_binary,2024
2a782f9195e8bf56,0,1,-0.828125,0.8515625,0.1571368534705856,0.8428631465294143,1.1325527003769706,dann_matched,banglasarc_binary+ben_sarc_binary,banglasarc3_binary,2024
ce572474de1b6dd4,1,0,0.37890625,-0.32421875,0.6688802603710086,0.3311197396289915,1.1325527003769706,dann_matched,banglasarc_binary+ben_sarc_binary,banglasarc3_binary,2024
2b921d548ea4c4df,1,1,-1.2890625,1.2265625,0.07477004290796138,0.9252299570920387,1.1325527003769706,dann_matched,banglasarc_binary+ben_sarc_binary,banglasarc3_binary,2024
8a3dac5169c757dc,1,1,-0.46875,0.515625,0.2720245510940225,0.7279754489059775,1.1325527003769706,dann_matched,banglasarc_binary+ben_sarc_binary,banglasarc3_binary,2024
1dc83e50f7da3618,0,0,0.57421875,-0.546875,0.7541915394787425,0.24580846052125757,1.1325527003769706,dann_matched,banglasarc_binary+ben_sarc_binary,banglasarc3_binary,2024
43e4c5caf8ccf8d9,1,1,-0.08984375,0.09326172,0.45435110314439703,0.5456488968556029,1.1325527003769706,dann_matched,banglasarc_binary+ben_sarc_binary,banglasarc3_binary,2024
c768491a2e849a34,1,1,-0.076660156,0.10253906,0.4553196971997429,0.5446803028002571,1.1325527003769706,dann_matched,banglasarc_binary+ben_sarc_binary,banglasarc3_binary,2024
d9b9d06a13c83be0,0,0,1.3515625,-1.3046875,0.9343951625409306,0.06560483745906928,1.1325527003769706,dann_matched,banglasarc_binary+ben_sarc_binary,banglasarc3_binary,2024
6bac0560c62a5092,1,1,-0.578125,0.625,0.23091976292927183,0.7690802370707283,1.1325527003769706,dann_matched,banglasarc_binary+ben_sarc_binary,banglasarc3_binary,2024
77eefbc8cad52155,0,0,0.70703125,-0.6171875,0.7898827402935596,0.2101172597064404,1.1325527003769706,dann_matched,banglasarc_binary+ben_sarc_binary,banglasarc3_binary,2024
61341c4de44d2405,1,1,-1.078125,1.09375,0.10230470789265303,0.8976952921073469,1.1325527003769706,dann_matched,banglasarc_binary+ben_sarc_binary,banglasarc3_binary,2024
cd6e8a914163a6ff,0,0,1.5546875,-1.34375,0.9477691428985743,0.052230857101425734,1.1325527003769706,dann_matched,banglasarc_binary+ben_sarc_binary,banglasarc3_binary,2024
81087120efb6f7bd,0,0,2.203125,-1.9296875,0.9842154389261902,0.015784561073809773,1.1325527003769706,dann_matched,banglasarc_binary+ben_sarc_binary,banglasarc3_binary,2024
467d95865670a7c7,0,1,-0.796875,0.83203125,0.16398024910404715,0.8360197508959527,1.1325527003769706,dann_matched,banglasarc_binary+ben_sarc_binary,banglasarc3_binary,2024
a061508d9f7523b5,1,0,2.75,-2.703125,0.9957353653078126,0.0042646346921872726,1.1325527003769706,dann_matched,banglasarc_binary+ben_sarc_binary,banglasarc3_binary,2024
cf0096f6a70cc1c1,1,1,-1.3671875,1.328125,0.06325052199347325,0.9367494780065266,1.1325527003769706,dann_matched,banglasarc_binary+ben_sarc_binary,banglasarc3_binary,2024
2038f5084e716133,0,0,0.2421875,-0.1875,0.6057990438488957,0.3942009561511044,1.1325527003769706,dann_matched,banglasarc_binary+ben_sarc_binary,banglasarc3_binary,2024
40e021231f9b1641,0,0,1.1953125,-1.171875,0.9142907207192192,0.08570927928078063,1.1325527003769706,dann_matched,banglasarc_binary+ben_sarc_binary,banglasarc3_binary,2024
2416d3cb16cd9c24,1,1,-1.40625,1.3515625,0.0596469429451214,0.9403530570548787,1.1325527003769706,dann_matched,banglasarc_binary+ben_sarc_binary,banglasarc3_binary,2024
c8d7de7cf70fcf2b,0,0,0.028320312,0.02758789,0.5001831054605645,0.49981689453943545,1.1325527003769706,dann_matched,banglasarc_binary+ben_sarc_binary,banglasarc3_binary,2024
f6314ebda0e9b467,1,1,-0.88671875,0.92578125,0.14033624949008322,0.8596637505099167,1.1325527003769706,dann_matched,banglasarc_binary+ben_sarc_binary,banglasarc3_binary,2024
6062c09c444e211f,1,0,1.125,-1.078125,0.9005297861178929,0.09947021388210707,1.1325527003769706,dann_matched,banglasarc_binary+ben_sarc_binary,banglasarc3_binary,2024
4adaf7a44c6d430f,1,0,0.63671875,-0.6953125,0.7911764288611264,0.2088235711388737,1.1325527003769706,dann_matched,banglasarc_binary+ben_sarc_binary,banglasarc3_binary,2024
a5bb573405980a25,1,1,-1.28125,1.2578125,0.07316472140562331,0.9268352785943768,1.1325527003769706,dann_matched,banglasarc_binary+ben_sarc_binary,banglasarc3_binary,2024
44fc54763842d3f4,1,1,-0.9296875,0.9609375,0.13117322376181567,0.8688267762381844,1.1325527003769706,dann_matched,banglasarc_binary+ben_sarc_binary,banglasarc3_binary,2024
64ad5df98a085346,0,0,0.099609375,-0.12060547,0.5548323007244633,0.4451676992755366,1.1325527003769706,dann_matched,banglasarc_binary+ben_sarc_binary,banglasarc3_binary,2024
d3b2db834378679a,0,0,1.78125,-1.6640625,0.9690910414827888,0.030908958517211163,1.1325527003769706,dann_matched,banglasarc_binary+ben_sarc_binary,banglasarc3_binary,2024
411964e4c9aadb31,0,0,1.8828125,-1.84375,0.9764905475924671,0.023509452407533014,1.1325527003769706,dann_matched,banglasarc_binary+ben_sarc_binary,banglasarc3_binary,2024
9d3774289ff1c6b7,1,1,-0.953125,1.0078125,0.12336562437275558,0.8766343756272444,1.1325527003769706,dann_matched,banglasarc_binary+ben_sarc_binary,banglasarc3_binary,2024
211c6d38bfbe7b02,0,0,0.8671875,-0.80078125,0.8413048148640399,0.1586951851359601,1.1325527003769706,dann_matched,banglasarc_binary+ben_sarc_binary,banglasarc3_binary,2024
3cff9f15c3baf42c,1,0,0.87890625,-0.8203125,0.8454326716299558,0.15456732837004417,1.1325527003769706,dann_matched,banglasarc_binary+ben_sarc_binary,banglasarc3_binary,2024
9c18cf645a2b92f4,1,1,-1.90625,1.4375,0.03410042571231151,0.9658995742876885,1.1325527003769706,dann_matched,banglasarc_binary+ben_sarc_binary,banglasarc3_binary,2024
0b45893ebd275e93,0,0,2.375,-2.3125,0.9908743626108194,0.00912563738918052,1.1325527003769706,dann_matched,banglasarc_binary+ben_sarc_binary,banglasarc3_binary,2024
e5026d6cb3802c30,1,1,-1.21875,1.15625,0.08509904500702024,0.9149009549929797,1.1325527003769706,dann_matched,banglasarc_binary+ben_sarc_binary,banglasarc3_binary,2024
6aaf9704fc1bdef0,0,1,-0.21386719,0.27539062,0.38006842364413856,0.6199315763558614,1.1325527003769706,dann_matched,banglasarc_binary+ben_sarc_binary,banglasarc3_binary,2024
81a1f43037e1cac1,1,1,-1.375,1.28125,0.06560483745906928,0.9343951625409306,1.1325527003769706,dann_matched,banglasarc_binary+ben_sarc_binary,banglasarc3_binary,2024
7fb0bd6317330d4d,1,0,0.71875,-0.640625,0.7956581000631541,0.20434189993684582,1.1325527003769706,dann_matched,banglasarc_binary+ben_sarc_binary,banglasarc3_binary,2024
02520a874eae112e,1,1,-0.47460938,0.53125,0.26779095917858514,0.7322090408214149,1.1325527003769706,dann_matched,banglasarc_binary+ben_sarc_binary,banglasarc3_binary,2024
a5ce9ddbfc286430,0,1,-0.57421875,0.62109375,0.23231014609688014,0.76768985390312,1.1325527003769706,dann_matched,banglasarc_binary+ben_sarc_binary,banglasarc3_binary,2024
f0dad52b23c7b1b2,0,0,1.265625,-1.1015625,0.9142907207192192,0.08570927928078063,1.1325527003769706,dann_matched,banglasarc_binary+ben_sarc_binary,banglasarc3_binary,2024
552cb5e4af89f7b4,1,0,1.2890625,-1.1640625,0.9207896758909757,0.07921032410902437,1.1325527003769706,dann_matched,banglasarc_binary+ben_sarc_binary,banglasarc3_binary,2024
5943a521e3945c92,0,0,0.3203125,-0.2578125,0.640635854839898,0.35936414516010196,1.1325527003769706,dann_matched,banglasarc_binary+ben_sarc_binary,banglasarc3_binary,2024
ae9b18fb7ff57a4e,1,1,-0.81640625,0.82421875,0.16238003666671086,0.8376199633332891,1.1325527003769706,dann_matched,banglasarc_binary+ben_sarc_binary,banglasarc3_binary,2024
ff80e0cbcd7c1782,0,0,2.71875,-2.515625,0.994698105130598,0.00530189486940215,1.1325527003769706,dann_matched,banglasarc_binary+ben_sarc_binary,banglasarc3_binary,2024
f1314c540d6527e9,0,0,0.93359375,-0.81640625,0.8519528019683106,0.1480471980316895,1.1325527003769706,dann_matched,banglasarc_binary+ben_sarc_binary,banglasarc3_binary,2024
fac42c7ed54d77d8,0,1,-0.984375,0.98046875,0.12294379806223382,0.8770562019377661,1.1325527003769706,dann_matched,banglasarc_binary+ben_sarc_binary,banglasarc3_binary,2024
8658527a6a2a33bf,0,1,-0.14746094,0.25195312,0.4014531258051457,0.5985468741948544,1.1325527003769706,dann_matched,banglasarc_binary+ben_sarc_binary,banglasarc3_binary,2024
67575dc5c930b3d1,0,0,0.06542969,0.043945312,0.5053708871611445,0.4946291128388554,1.1325527003769706,dann_matched,banglasarc_binary+ben_sarc_binary,banglasarc3_binary,2024
ad380f5058befbd4,1,1,-0.46875,0.5,0.2751297238231752,0.7248702761768248,1.1325527003769706,dann_matched,banglasarc_binary+ben_sarc_binary,banglasarc3_binary,2024
392a0ef4d44c3c73,1,0,0.29296875,-0.19824219,0.6203916567541865,0.3796083432458134,1.1325527003769706,dann_matched,banglasarc_binary+ben_sarc_binary,banglasarc3_binary,2024
d6bafb1cda6b4f80,1,1,-0.6015625,0.609375,0.2295352131664525,0.7704647868335476,1.1325527003769706,dann_matched,banglasarc_binary+ben_sarc_binary,banglasarc3_binary,2024
809d83f7454be9cd,1,1,-1.3203125,1.09375,0.08210662704685086,0.9178933729531492,1.1325527003769706,dann_matched,banglasarc_binary+ben_sarc_binary,banglasarc3_binary,2024
a7ecaf79eb5d5fb9,1,1,-1.3828125,1.1328125,0.07477004290796138,0.9252299570920387,1.1325527003769706,dann_matched,banglasarc_binary+ben_sarc_binary,banglasarc3_binary,2024
16902334d4aac003,0,1,-0.76171875,0.7734375,0.17724051706725022,0.8227594829327498,1.1325527003769706,dann_matched,banglasarc_binary+ben_sarc_binary,banglasarc3_binary,2024
051f1b25aad139f0,1,0,0.390625,-0.36132812,0.6796041263180436,0.3203958736819564,1.1325527003769706,dann_matched,banglasarc_binary+ben_sarc_binary,banglasarc3_binary,2024
74628967f465b267,0,0,0.4375,-0.40429688,0.6988435236330957,0.30115647636690435,1.1325527003769706,dann_matched,banglasarc_binary+ben_sarc_binary,banglasarc3_binary,2024
32b5e23e297c895c,1,1,-0.54296875,0.640625,0.23440664578188122,0.7655933542181188,1.1325527003769706,dann_matched,banglasarc_binary+ben_sarc_binary,banglasarc3_binary,2024
78a8f1d91019c411,0,1,-1.09375,1.0625,0.10374862686637971,0.8962513731336202,1.1325527003769706,dann_matched,banglasarc_binary+ben_sarc_binary,banglasarc3_binary,2024
6bbdac83cbe8ed55,1,1,-0.81640625,0.83984375,0.16026603232776068,0.8397339676722393,1.1325527003769706,dann_matched,banglasarc_binary+ben_sarc_binary,banglasarc3_binary,2024
505144aeff25d610,0,0,2.953125,-2.734375,0.9966233876182606,0.0033766123817395013,1.1325527003769706,dann_matched,banglasarc_binary+ben_sarc_binary,banglasarc3_binary,2024
514e7229ecf5d2fe,1,1,-0.93359375,1.0078125,0.12549344653756345,0.8745065534624367,1.1325527003769706,dann_matched,banglasarc_binary+ben_sarc_binary,banglasarc3_binary,2024
97ff4666ec5e9f65,0,0,2.25,-2.34375,0.9899864293768268,0.010013570623173138,1.1325527003769706,dann_matched,banglasarc_binary+ben_sarc_binary,banglasarc3_binary,2024
7cb9734d271aa603,1,1,-0.46679688,0.41796875,0.29219119859785053,0.7078088014021495,1.1325527003769706,dann_matched,banglasarc_binary+ben_sarc_binary,banglasarc3_binary,2024
895b32d6f531e8d6,0,1,-0.7890625,0.81640625,0.16721866883101164,0.8327813311689884,1.1325527003769706,dann_matched,banglasarc_binary+ben_sarc_binary,banglasarc3_binary,2024
b1a4b29882b6c492,0,1,-0.54296875,0.53125,0.2546016227874352,0.7453983772125647,1.1325527003769706,dann_matched,banglasarc_binary+ben_sarc_binary,banglasarc3_binary,2024
c3b7103111f141a1,1,1,-0.9375,0.8828125,0.13939637966532398,0.8606036203346761,1.1325527003769706,dann_matched,banglasarc_binary+ben_sarc_binary,banglasarc3_binary,2024
ec3e49aee99d8f7a,1,1,-1.4609375,1.28125,0.060529390202538995,0.9394706097974611,1.1325527003769706,dann_matched,banglasarc_binary+ben_sarc_binary,banglasarc3_binary,2024
992c3932d484ad9a,0,1,-1.015625,1.0390625,0.11357959169117389,0.8864204083088262,1.1325527003769706,dann_matched,banglasarc_binary+ben_sarc_binary,banglasarc3_binary,2024
c5bd12f82a343358,1,1,-0.515625,0.58984375,0.24871661839211975,0.7512833816078802,1.1325527003769706,dann_matched,banglasarc_binary+ben_sarc_binary,banglasarc3_binary,2024
33a5e06ca430c8f1,0,1,-0.056396484,0.060302734,0.4708582605439899,0.5291417394560101,1.1325527003769706,dann_matched,banglasarc_binary+ben_sarc_binary,banglasarc3_binary,2024
0e1ca87b75e07a22,0,1,-1.1875,1.1640625,0.08694165672789168,0.9130583432721083,1.1325527003769706,dann_matched,banglasarc_binary+ben_sarc_binary,banglasarc3_binary,2024
d8fee321b4621b14,1,1,-1.1015625,1.0703125,0.10230470789265303,0.8976952921073469,1.1325527003769706,dann_matched,banglasarc_binary+ben_sarc_binary,banglasarc3_binary,2024
00c1732e4277e2ff,1,1,-0.83203125,0.88671875,0.15203224162217424,0.8479677583778257,1.1325527003769706,dann_matched,banglasarc_binary+ben_sarc_binary,banglasarc3_binary,2024
fbce076f3a151066,1,1,-0.8515625,0.77734375,0.16398024910404715,0.8360197508959527,1.1325527003769706,dann_matched,banglasarc_binary+ben_sarc_binary,banglasarc3_binary,2024
dbbbd3567edaaf38,0,1,-0.103027344,0.08544922,0.45301985171167974,0.5469801482883202,1.1325527003769706,dann_matched,banglasarc_binary+ben_sarc_binary,banglasarc3_binary,2024
4ac1dba701f4fda5,1,1,-1.296875,1.2578125,0.07211220541293051,0.9278877945870695,1.1325527003769706,dann_matched,banglasarc_binary+ben_sarc_binary,banglasarc3_binary,2024
a13bde6d3c5bb87a,0,0,1.9453125,-1.8125,0.9771973640319939,0.02280263596800613,1.1325527003769706,dann_matched,banglasarc_binary+ben_sarc_binary,banglasarc3_binary,2024
9f92c9c63ab16ba9,1,1,-0.8984375,0.95703125,0.13523208079351787,0.8647679192064821,1.1325527003769706,dann_matched,banglasarc_binary+ben_sarc_binary,banglasarc3_binary,2024
e70632ab44b95d37,1,0,1.1328125,-1.0546875,0.8991213772699436,0.10087862273005653,1.1325527003769706,dann_matched,banglasarc_binary+ben_sarc_binary,banglasarc3_binary,2024
e1e95dc7d5fd4fe7,0,1,-0.034423828,0.036132812,0.4823681538663823,0.5176318461336177,1.1325527003769706,dann_matched,banglasarc_binary+ben_sarc_binary,banglasarc3_binary,2024
cf43563beef479bd,1,0,0.68359375,-0.5703125,0.7779753192320792,0.2220246807679208,1.1325527003769706,dann_matched,banglasarc_binary+ben_sarc_binary,banglasarc3_binary,2024
9f9b2bac0fb579a1,1,1,-0.14648438,0.18359375,0.41822161426363097,0.581778385736369,1.1325527003769706,dann_matched,banglasarc_binary+ben_sarc_binary,banglasarc3_binary,2024
64261898e8263c33,0,0,0.5859375,-0.55859375,0.758510610284809,0.24148938971519088,1.1325527003769706,dann_matched,banglasarc_binary+ben_sarc_binary,banglasarc3_binary,2024
2584524d390cdfab,1,1,-0.50390625,0.47265625,0.27357439102480946,0.7264256089751905,1.1325527003769706,dann_matched,banglasarc_binary+ben_sarc_binary,banglasarc3_binary,2024
257a7560d1ab7c7e,0,1,-1.046875,1.0234375,0.11201595092000367,0.8879840490799963,1.1325527003769706,dann_matched,banglasarc_binary+ben_sarc_binary,banglasarc3_binary,2024
2f14c0092aa7ca57,1,1,-0.47265625,0.43945312,0.28656838788731553,0.7134316121126845,1.1325527003769706,dann_matched,banglasarc_binary+ben_sarc_binary,banglasarc3_binary,2024
342881c8a15bad16,0,1,-0.87890625,0.8515625,0.15052763130295335,0.8494723686970466,1.1325527003769706,dann_matched,banglasarc_binary+ben_sarc_binary,banglasarc3_binary,2024
43f923ef5eb8a6f5,0,0,0.67578125,-0.546875,0.7725306622446245,0.22746933775537556,1.1325527003769706,dann_matched,banglasarc_binary+ben_sarc_binary,banglasarc3_binary,2024
ee6f09f058aef096,1,0,1.546875,-1.4375,0.9518632288833652,0.04813677111663481,1.1325527003769706,dann_matched,banglasarc_binary+ben_sarc_binary,banglasarc3_binary,2024
923b266511af9ccd,1,0,0.29492188,-0.30273438,0.6451199102918683,0.3548800897081317,1.1325527003769706,dann_matched,banglasarc_binary+ben_sarc_binary,banglasarc3_binary,2024
405b3d840ad271a8,0,1,-1.1171875,1.1015625,0.09807932347046003,0.90192067652954,1.1325527003769706,dann_matched,banglasarc_binary+ben_sarc_binary,banglasarc3_binary,2024
dab992c0f3dc01a0,0,1,-0.87109375,0.8984375,0.14560063226034367,0.8543993677396563,1.1325527003769706,dann_matched,banglasarc_binary+ben_sarc_binary,banglasarc3_binary,2024
667af3eb14934a3e,0,0,2.578125,-2.59375,0.9943580914999767,0.00564190850002335,1.1325527003769706,dann_matched,banglasarc_binary+ben_sarc_binary,banglasarc3_binary,2024
b564fa9b23515ed0,1,1,-0.55859375,0.49609375,0.2583259885691872,0.7416740114308128,1.1325527003769706,dann_matched,banglasarc_binary+ben_sarc_binary,banglasarc3_binary,2024
66d2aff5fc2e61bc,0,0,1.9140625,-1.71875,0.9742394408803315,0.025760559119668493,1.1325527003769706,dann_matched,banglasarc_binary+ben_sarc_binary,banglasarc3_binary,2024
d3a8233595cb8024,0,0,1.7734375,-1.609375,0.9671630439727548,0.03283695602724524,1.1325527003769706,dann_matched,banglasarc_binary+ben_sarc_binary,banglasarc3_binary,2024
1d769f0a19572287,1,1,-0.28710938,0.3515625,0.3455468255389751,0.6544531744610249,1.1325527003769706,dann_matched,banglasarc_binary+ben_sarc_binary,banglasarc3_binary,2024
3fee32aadfaf6383,0,0,0.4375,-0.42382812,0.7029380630124772,0.2970619369875227,1.1325527003769706,dann_matched,banglasarc_binary+ben_sarc_binary,banglasarc3_binary,2024
114b54f8ea927149,1,0,0.546875,-0.5625,0.7520125737597972,0.24798742624020276,1.1325527003769706,dann_matched,banglasarc_binary+ben_sarc_binary,banglasarc3_binary,2024
f8e88475333512af,1,1,-1.1171875,1.0234375,0.10521053670308635,0.8947894632969136,1.1325527003769706,dann_matched,banglasarc_binary+ben_sarc_binary,banglasarc3_binary,2024
7a2afdf85b0e4a57,1,0,0.640625,-0.53125,0.7634837635542924,0.23651623644570763,1.1325527003769706,dann_matched,banglasarc_binary+ben_sarc_binary,banglasarc3_binary,2024
92c430c72628f547,0,0,1.8125,-1.734375,0.9719924793940118,0.02800752060598813,1.1325527003769706,dann_matched,banglasarc_binary+ben_sarc_binary,banglasarc3_binary,2024
26dc21d32e9a6348,1,1,-0.49414062,0.5625,0.25795195884641725,0.7420480411535827,1.1325527003769706,dann_matched,banglasarc_binary+ben_sarc_binary,banglasarc3_binary,2024
d08da382f5aa6fd6,1,1,-0.27539062,0.328125,0.35353978666593344,0.6464602133340664,1.1325527003769706,dann_matched,banglasarc_binary+ben_sarc_binary,banglasarc3_binary,2024
ff9a012f3a431db5,1,1,-0.25976562,0.296875,0.36432511001163725,0.6356748899883626,1.1325527003769706,dann_matched,banglasarc_binary+ben_sarc_binary,banglasarc3_binary,2024
55386c020543c40f,1,1,-1.75,1.609375,0.033589505650103976,0.9664104943498959,1.1325527003769706,dann_matched,banglasarc_binary+ben_sarc_binary,banglasarc3_binary,2024
017099e7610a6f6c,1,0,1.0546875,-0.99609375,0.8860265358862826,0.1139734641137174,1.1325527003769706,dann_matched,banglasarc_binary+ben_sarc_binary,banglasarc3_binary,2024
f016ba0cc1c77d81,1,0,0.5625,-0.5078125,0.7446563401437933,0.2553436598562066,1.1325527003769706,dann_matched,banglasarc_binary+ben_sarc_binary,banglasarc3_binary,2024
bbbc6d295b42948d,0,0,0.44140625,-0.3671875,0.6918097600232571,0.3081902399767429,1.1325527003769706,dann_matched,banglasarc_binary+ben_sarc_binary,banglasarc3_binary,2024
8a6ec5d8b3140bbc,1,1,-0.24414062,0.30859375,0.36523024608125737,0.6347697539187426,1.1325527003769706,dann_matched,banglasarc_binary+ben_sarc_binary,banglasarc3_binary,2024
52f3e5cbfe71dd90,0,0,1.6953125,-1.6015625,0.9643214491222695,0.035678550877730524,1.1325527003769706,dann_matched,banglasarc_binary+ben_sarc_binary,banglasarc3_binary,2024
6311c3f6e9111661,1,1,-1.125,1.171875,0.09138210306717136,0.9086178969328287,1.1325527003769706,dann_matched,banglasarc_binary+ben_sarc_binary,banglasarc3_binary,2024
ab531d6915b77591,1,1,-0.83984375,0.8515625,0.15559099407709326,0.8444090059229068,1.1325527003769706,dann_matched,banglasarc_binary+ben_sarc_binary,banglasarc3_binary,2024
c8d4191a4c0034b0,0,0,0.27929688,-0.19140625,0.6155501631416019,0.3844498368583981,1.1325527003769706,dann_matched,banglasarc_binary+ben_sarc_binary,banglasarc3_binary,2024
78f45826d9c886c2,1,1,-0.9375,0.92578125,0.13432105377342907,0.865678946226571,1.1325527003769706,dann_matched,banglasarc_binary+ben_sarc_binary,banglasarc3_binary,2024
f5080918cb703e26,1,1,-0.98828125,1.046875,0.11556087394148318,0.8844391260585168,1.1325527003769706,dann_matched,banglasarc_binary+ben_sarc_binary,banglasarc3_binary,2024
50855678cee37752,0,0,2.359375,-2.1875,0.9895109087400621,0.010489091259938018,1.1325527003769706,dann_matched,banglasarc_binary+ben_sarc_binary,banglasarc3_binary,2024
0e861cdeb8d4ab68,1,1,-1.3984375,1.328125,0.06142404005467019,0.9385759599453297,1.1325527003769706,dann_matched,banglasarc_binary+ben_sarc_binary,banglasarc3_binary,2024
6aa0691388dde3ef,0,1,-0.15527344,0.122558594,0.4309853624243235,0.5690146375756765,1.1325527003769706,dann_matched,banglasarc_binary+ben_sarc_binary,banglasarc3_binary,2024
ac035386ab80b4e6,1,1,-0.038330078,0.063964844,0.474448547047762,0.5255514529522379,1.1325527003769706,dann_matched,banglasarc_binary+ben_sarc_binary,banglasarc3_binary,2024
e76a1038723dc5eb,1,1,-0.37304688,0.44335938,0.3065270453190574,0.6934729546809425,1.1325527003769706,dann_matched,banglasarc_binary+ben_sarc_binary,banglasarc3_binary,2024
ff922cbca8785282,1,0,0.6015625,-0.53125,0.7563575624625937,0.24364243753740636,1.1325527003769706,dann_matched,banglasarc_binary+ben_sarc_binary,banglasarc3_binary,2024
66a6d7fc7c022153,1,0,0.51171875,-0.4296875,0.7193836258234395,0.28061637417656055,1.1325527003769706,dann_matched,banglasarc_binary+ben_sarc_binary,banglasarc3_binary,2024
6f920e614b465135,0,1,-0.52734375,0.48242188,0.2670257208309401,0.73297427916906,1.1325527003769706,dann_matched,banglasarc_binary+ben_sarc_binary,banglasarc3_binary,2024
a3046e4436328bea,1,1,-0.96875,0.9140625,0.13206615786963916,0.8679338421303608,1.1325527003769706,dann_matched,banglasarc_binary+ben_sarc_binary,banglasarc3_binary,2024
226afc1f08fe0780,0,0,2.546875,-2.46875,0.9934102283369194,0.006589771663080563,1.1325527003769706,dann_matched,banglasarc_binary+ben_sarc_binary,banglasarc3_binary,2024
9924815a000de0cd,0,0,1.4453125,-1.3515625,0.9425067211996143,0.05749327880038583,1.1325527003769706,dann_matched,banglasarc_binary+ben_sarc_binary,banglasarc3_binary,2024
71c861c5ca9ae94c,0,0,2.078125,-2.015625,0.983596967483837,0.016403032516163058,1.1325527003769706,dann_matched,banglasarc_binary+ben_sarc_binary,banglasarc3_binary,2024
9a8af6572f036955,1,0,1.3359375,-1.2578125,0.9304582554941719,0.06954174450582809,1.1325527003769706,dann_matched,banglasarc_binary+ben_sarc_binary,banglasarc3_binary,2024
148f42b7e3a77173,1,1,-0.80859375,0.75390625,0.17328820592932656,0.8267117940706734,1.1325527003769706,dann_matched,banglasarc_binary+ben_sarc_binary,banglasarc3_binary,2024
4a3ebc4e56a23695,0,0,0.36914062,-0.40820312,0.6851073490894588,0.31489265091054125,1.1325527003769706,dann_matched,banglasarc_binary+ben_sarc_binary,banglasarc3_binary,2024
9884f74105725ac3,0,0,0.013061523,-0.09326172,0.5265557982988404,0.4734442017011596,1.1325527003769706,dann_matched,banglasarc_binary+ben_sarc_binary,banglasarc3_binary,2024
bc7aa60f495fb7a9,0,1,-1.25,1.234375,0.07696083569602613,0.9230391643039738,1.1325527003769706,dann_matched,banglasarc_binary+ben_sarc_binary,banglasarc3_binary,2024
1a19fa077638051f,0,0,3.0625,-3.0,0.9976768374773688,0.002323162522631283,1.1325527003769706,dann_matched,banglasarc_binary+ben_sarc_binary,banglasarc3_binary,2024
bbac56b00ec41b2d,1,1,-0.16992188,0.31640625,0.38075894824602846,0.6192410517539716,1.1325527003769706,dann_matched,banglasarc_binary+ben_sarc_binary,banglasarc3_binary,2024
1ee3ab9f5f73d8e3,0,1,-1.0078125,1.046875,0.11357959169117389,0.8864204083088262,1.1325527003769706,dann_matched,banglasarc_binary+ben_sarc_binary,banglasarc3_binary,2024
0a70db745aa8febf,1,1,-1.390625,1.359375,0.06008665017400762,0.9399133498259924,1.1325527003769706,dann_matched,banglasarc_binary+ben_sarc_binary,banglasarc3_binary,2024
a831521b5fade0b4,0,0,0.73046875,-0.65234375,0.7994423202552038,0.2005576797447963,1.1325527003769706,dann_matched,banglasarc_binary+ben_sarc_binary,banglasarc3_binary,2024
aee1e0859bd82e49,0,0,0.27929688,-0.31054688,0.6433292938858967,0.3566707061141034,1.1325527003769706,dann_matched,banglasarc_binary+ben_sarc_binary,banglasarc3_binary,2024
14c1d9b31ee9da91,0,0,1.6015625,-1.4296875,0.9539660976007597,0.046033902399240385,1.1325527003769706,dann_matched,banglasarc_binary+ben_sarc_binary,banglasarc3_binary,2024
0b3f384c234e0487,1,1,-0.41210938,0.35546875,0.3170032391635806,0.6829967608364195,1.1325527003769706,dann_matched,banglasarc_binary+ben_sarc_binary,banglasarc3_binary,2024
ba3b5a884606387b,1,1,-0.78125,0.65234375,0.19253935386136437,0.8074606461386356,1.1325527003769706,dann_matched,banglasarc_binary+ben_sarc_binary,banglasarc3_binary,2024
d93424c4b5243f73,0,0,2.8125,-2.796875,0.9963500129687901,0.003649987031209837,1.1325527003769706,dann_matched,banglasarc_binary+ben_sarc_binary,banglasarc3_binary,2024
b7e8e4540b6277b4,0,0,0.43554688,-0.421875,0.7021217288635788,0.29787827113642107,1.1325527003769706,dann_matched,banglasarc_binary+ben_sarc_binary,banglasarc3_binary,2024
dfa9f26844b0493f,1,1,-0.5546875,0.5546875,0.24798742624020276,0.7520125737597972,1.1325527003769706,dann_matched,banglasarc_binary+ben_sarc_binary,banglasarc3_binary,2024
c63b2cd906f1ec56,1,1,-1.2890625,1.2578125,0.07263670636078697,0.927363293639213,1.1325527003769706,dann_matched,banglasarc_binary+ben_sarc_binary,banglasarc3_binary,2024
30f04a8c49d82a1e,1,0,1.1953125,-1.09375,0.90796713988899,0.09203286011100995,1.1325527003769706,dann_matched,banglasarc_binary+ben_sarc_binary,banglasarc3_binary,2024
f53841d746ae3cd5,1,0,2.25,-2.09375,0.9871787857334058,0.012821214266594244,1.1325527003769706,dann_matched,banglasarc_binary+ben_sarc_binary,banglasarc3_binary,2024
78b23bee083f3547,0,1,-0.171875,0.03173828,0.4492718176798874,0.5507281823201126,1.1325527003769706,dann_matched,banglasarc_binary+ben_sarc_binary,banglasarc3_binary,2024
57f53209ea014911,0,0,1.484375,-1.3515625,0.944587205618231,0.05541279438176918,1.1325527003769706,dann_matched,banglasarc_binary+ben_sarc_binary,banglasarc3_binary,2024
6bfa33ebacfeda42,1,1,-1.4375,1.40625,0.05500528829345415,0.9449947117065459,1.1325527003769706,dann_matched,banglasarc_binary+ben_sarc_binary,banglasarc3_binary,2024
188035f94f43d5ab,0,0,2.65625,-2.5625,0.9946150620382221,0.0053849379617779605,1.1325527003769706,dann_matched,banglasarc_binary+ben_sarc_binary,banglasarc3_binary,2024
a9c618cbe59ac37d,1,1,-1.34375,1.296875,0.06656918897050168,0.9334308110294983,1.1325527003769706,dann_matched,banglasarc_binary+ben_sarc_binary,banglasarc3_binary,2024
7ef070492a733c38,0,1,-0.58984375,0.57421875,0.23792989161116973,0.7620701083888303,1.1325527003769706,dann_matched,banglasarc_binary+ben_sarc_binary,banglasarc3_binary,2024
c367988694c84530,0,1,-0.14746094,0.2109375,0.41134731427180027,0.5886526857281997,1.1325527003769706,dann_matched,banglasarc_binary+ben_sarc_binary,banglasarc3_binary,2024
18d391b119c1644a,1,0,1.5859375,-1.484375,0.9556514186046017,0.04434858139539836,1.1325527003769706,dann_matched,banglasarc_binary+ben_sarc_binary,banglasarc3_binary,2024
4faab331ced87a08,0,0,0.17089844,-0.22949219,0.598781508347227,0.401218491652773,1.1325527003769706,dann_matched,banglasarc_binary+ben_sarc_binary,banglasarc3_binary,2024
977b72c19a26ad0b,0,0,2.84375,-2.796875,0.9964619139429115,0.0035380860570885376,1.1325527003769706,dann_matched,banglasarc_binary+ben_sarc_binary,banglasarc3_binary,2024
6517e05a5287776b,0,0,0.65625,-0.5625,0.7718434978390747,0.22815650216092537,1.1325527003769706,dann_matched,banglasarc_binary+ben_sarc_binary,banglasarc3_binary,2024
ee6dbf89dce4e2bb,1,1,-1.078125,1.0078125,0.11047115389487247,0.8895288461051276,1.1325527003769706,dann_matched,banglasarc_binary+ben_sarc_binary,banglasarc3_binary,2024
ccf32cdc3d0775ad,1,1,-0.87890625,0.8671875,0.14854056798294435,0.8514594320170558,1.1325527003769706,dann_matched,banglasarc_binary+ben_sarc_binary,banglasarc3_binary,2024
4da5e414258db266,0,0,1.03125,-0.9296875,0.8766343756272444,0.12336562437275558,1.1325527003769706,dann_matched,banglasarc_binary+ben_sarc_binary,banglasarc3_binary,2024
60ac14a8affe8358,1,1,-0.83203125,0.8515625,0.156620183363451,0.843379816636549,1.1325527003769706,dann_matched,banglasarc_binary+ben_sarc_binary,banglasarc3_binary,2024
c82b770796c8cf66,1,1,-0.26757812,0.25195312,0.3729618496455532,0.6270381503544469,1.1325527003769706,dann_matched,banglasarc_binary+ben_sarc_binary,banglasarc3_binary,2024
f5fd2d4cdc3bc132,1,1,-0.0026550293,0.026123047,0.49280597744424703,0.507194022555753,1.1325527003769706,dann_matched,banglasarc_binary+ben_sarc_binary,banglasarc3_binary,2024
94f3c9ec4b1c85a4,1,0,1.1640625,-1.21875,0.9155072460249908,0.08449275397500926,1.1325527003769706,dann_matched,banglasarc_binary+ben_sarc_binary,banglasarc3_binary,2024
5a10d03482f58dbf,1,1,-0.203125,0.17675781,0.4061551615768198,0.5938448384231803,1.1325527003769706,dann_matched,banglasarc_binary+ben_sarc_binary,banglasarc3_binary,2024
acbcf17308c9467e,1,1,-1.109375,1.1171875,0.09739039825194779,0.9026096017480523,1.1325527003769706,dann_matched,banglasarc_binary+ben_sarc_binary,banglasarc3_binary,2024
efc06bd7dc0335d5,1,1,-1.203125,1.1953125,0.0832919225567441,0.916708077443256,1.1325527003769706,dann_matched,banglasarc_binary+ben_sarc_binary,banglasarc3_binary,2024
ed59d0f7934d3996,0,1,-1.140625,1.1171875,0.0946777017913266,0.9053222982086733,1.1325527003769706,dann_matched,banglasarc_binary+ben_sarc_binary,banglasarc3_binary,2024
562d6d6d9b6ae4be,1,1,-0.390625,0.45703125,0.29992474357634236,0.7000752564236576,1.1325527003769706,dann_matched,banglasarc_binary+ben_sarc_binary,banglasarc3_binary,2024
f32e502d7c88ac0b,1,1,-0.921875,1.0078125,0.126785173178859,0.8732148268211409,1.1325527003769706,dann_matched,banglasarc_binary+ben_sarc_binary,banglasarc3_binary,2024
8e5d3f2f373f5e29,0,1,-0.10644531,0.009460449,0.4710559555264502,0.5289440444735498,1.1325527003769706,dann_matched,banglasarc_binary+ben_sarc_binary,banglasarc3_binary,2024
9207c873bbd453c3,0,0,2.59375,-2.46875,0.9937100978631075,0.0062899021368924835,1.1325527003769706,dann_matched,banglasarc_binary+ben_sarc_binary,banglasarc3_binary,2024
89156813be6db8c4,1,0,0.609375,-0.59765625,0.769773241471674,0.23022675852832591,1.1325527003769706,dann_matched,banglasarc_binary+ben_sarc_binary,banglasarc3_binary,2024
8b10125a3aa18362,1,0,0.578125,-0.60546875,0.7655933542181188,0.23440664578188122,1.1325527003769706,dann_matched,banglasarc_binary+ben_sarc_binary,banglasarc3_binary,2024
1ab10ab51e82c702,0,1,-0.27734375,0.28515625,0.3629692055196168,0.6370307944803831,1.1325527003769706,dann_matched,banglasarc_binary+ben_sarc_binary,banglasarc3_binary,2024
0c97107ad69abd97,0,0,2.265625,-2.28125,0.9895109087400621,0.010489091259938018,1.1325527003769706,dann_matched,banglasarc_binary+ben_sarc_binary,banglasarc3_binary,2024
319378441192755c,1,0,0.29296875,-0.24707031,0.6318215046223804,0.3681784953776196,1.1325527003769706,dann_matched,banglasarc_binary+ben_sarc_binary,banglasarc3_binary,2024
da5927d625a7e992,0,1,-1.15625,1.171875,0.08882029240011771,0.9111797075998822,1.1325527003769706,dann_matched,banglasarc_binary+ben_sarc_binary,banglasarc3_binary,2024
f948aa239ae79172,0,0,0.484375,-0.4609375,0.7201715075418013,0.2798284924581987,1.1325527003769706,dann_matched,banglasarc_binary+ben_sarc_binary,banglasarc3_binary,2024
b98ee8eae2d4d6c2,1,1,-1.2890625,1.25,0.07316472140562331,0.9268352785943768,1.1325527003769706,dann_matched,banglasarc_binary+ben_sarc_binary,banglasarc3_binary,2024
2c4933c952f7fae0,1,1,-0.80859375,0.71484375,0.1789558876900955,0.8210441123099046,1.1325527003769706,dann_matched,banglasarc_binary+ben_sarc_binary,banglasarc3_binary,2024
5611174ac8f322d9,0,0,2.390625,-2.34375,0.9912886155422945,0.008711384457705508,1.1325527003769706,dann_matched,banglasarc_binary+ben_sarc_binary,banglasarc3_binary,2024
a68c6a0d2e4a0d44,0,1,0.03125,0.07861328,0.48816139271441183,0.5118386072855882,1.1325527003769706,dann_matched,banglasarc_binary+ben_sarc_binary,banglasarc3_binary,2024
f0beee1358ba6702,1,1,-0.57421875,0.58984375,0.23792989161116973,0.7620701083888303,1.1325527003769706,dann_matched,banglasarc_binary+ben_sarc_binary,banglasarc3_binary,2024
9dd87b3601b59c5e,1,0,1.125,-0.9765625,0.8910549527982959,0.108945047201704,1.1325527003769706,dann_matched,banglasarc_binary+ben_sarc_binary,banglasarc3_binary,2024
059d63cf1f988857,0,1,-1.140625,1.0703125,0.09877258875237437,0.9012274112476257,1.1325527003769706,dann_matched,banglasarc_binary+ben_sarc_binary,banglasarc3_binary,2024
205492061bc3b836,1,1,-0.984375,0.94140625,0.12721826766848623,0.8727817323315137,1.1325527003769706,dann_matched,banglasarc_binary+ben_sarc_binary,banglasarc3_binary,2024
ba85309fe6f0de09,1,1,-0.75,0.71875,0.1871326821624266,0.8128673178375735,1.1325527003769706,dann_matched,banglasarc_binary+ben_sarc_binary,banglasarc3_binary,2024
34cf41d51399f927,1,1,-1.1953125,1.140625,0.08819004480076281,0.9118099551992372,1.1325527003769706,dann_matched,banglasarc_binary+ben_sarc_binary,banglasarc3_binary,2024
8f9e66d0954319bd,1,1,-0.87109375,0.859375,0.15052763130295335,0.8494723686970466,1.1325527003769706,dann_matched,banglasarc_binary+ben_sarc_binary,banglasarc3_binary,2024
7aea9964e3bab268,0,1,-0.7109375,0.69140625,0.19744445710480676,0.8025555428951934,1.1325527003769706,dann_matched,banglasarc_binary+ben_sarc_binary,banglasarc3_binary,2024
34262aaf029abe9c,0,0,2.4375,-2.328125,0.991554373058874,0.008445626941126032,1.1325527003769706,dann_matched,banglasarc_binary+ben_sarc_binary,banglasarc3_binary,2024
afc98c7da489d792,0,0,2.46875,-2.234375,0.9910145712474399,0.008985428752560176,1.1325527003769706,dann_matched,banglasarc_binary+ben_sarc_binary,banglasarc3_binary,2024
87ca816cf9ca3a57,0,0,3.046875,-2.953125,0.9975273768433653,0.0024726231566347748,1.1325527003769706,dann_matched,banglasarc_binary+ben_sarc_binary,banglasarc3_binary,2024
b8705f91611e42fd,1,1,-0.51953125,0.53515625,0.2583259885691872,0.7416740114308128,1.1325527003769706,dann_matched,banglasarc_binary+ben_sarc_binary,banglasarc3_binary,2024
9b4172a29427d096,1,1,-1.4609375,1.359375,0.056236345704483756,0.9437636542955161,1.1325527003769706,dann_matched,banglasarc_binary+ben_sarc_binary,banglasarc3_binary,2024
d41615dc78dfd442,0,0,0.88671875,-0.80078125,0.8438951025545426,0.1561048974454574,1.1325527003769706,dann_matched,banglasarc_binary+ben_sarc_binary,banglasarc3_binary,2024
3b570bff1dc82229,1,1,-0.18066406,0.14746094,0.41869690935568665,0.5813030906443133,1.1325527003769706,dann_matched,banglasarc_binary+ben_sarc_binary,banglasarc3_binary,2024
a14957fec3333e4d,1,1,-0.796875,0.8359375,0.1634454411084719,0.8365545588915281,1.1325527003769706,dann_matched,banglasarc_binary+ben_sarc_binary,banglasarc3_binary,2024
434aefb45c633a6e,1,1,-0.81640625,0.82421875,0.16238003666671086,0.8376199633332891,1.1325527003769706,dann_matched,banglasarc_binary+ben_sarc_binary,banglasarc3_binary,2024
cb001950d002af6a,0,0,2.265625,-2.171875,0.9883127420043056,0.011687257995694434,1.1325527003769706,dann_matched,banglasarc_binary+ben_sarc_binary,banglasarc3_binary,2024
bde02cf99aa6475c,0,0,2.53125,-2.53125,0.9937100978631075,0.0062899021368924835,1.1325527003769706,dann_matched,banglasarc_binary+ben_sarc_binary,banglasarc3_binary,2024
d59a0afee6d44b0f,1,1,-0.11035156,0.20019531,0.42298125849959023,0.5770187415004098,1.1325527003769706,dann_matched,banglasarc_binary+ben_sarc_binary,banglasarc3_binary,2024
53e03d54e9f7c1ed,1,0,0.74609375,-0.58203125,0.7905303186696747,0.20946968133032526,1.1325527003769706,dann_matched,banglasarc_binary+ben_sarc_binary,banglasarc3_binary,2024
2922023d8f4b1469,0,1,-0.30859375,0.35351562,0.3402659290191897,0.6597340709808103,1.1325527003769706,dann_matched,banglasarc_binary+ben_sarc_binary,banglasarc3_binary,2024
9a38672a43ee4277,1,1,-0.5078125,0.58203125,0.25164770242862033,0.7483522975713798,1.1325527003769706,dann_matched,banglasarc_binary+ben_sarc_binary,banglasarc3_binary,2024
7d708b93f7458e17,0,0,2.84375,-2.6875,0.9960545931933981,0.003945406806602023,1.1325527003769706,dann_matched,banglasarc_binary+ben_sarc_binary,banglasarc3_binary,2024
123e910b36e0446d,0,0,2.875,-2.859375,0.9967775156759975,0.003222484324002434,1.1325527003769706,dann_matched,banglasarc_binary+ben_sarc_binary,banglasarc3_binary,2024
5dc46488541a62ec,1,1,-1.34375,1.25,0.06954174450582809,0.9304582554941719,1.1325527003769706,dann_matched,banglasarc_binary+ben_sarc_binary,banglasarc3_binary,2024
e52a1f58f51e0c0a,1,0,-0.0020751953,-0.025878906,0.5059506467590652,0.4940493532409348,1.1325527003769706,dann_matched,banglasarc_binary+ben_sarc_binary,banglasarc3_binary,2024
9b0ea3fdc41c9127,0,0,0.265625,-0.31445312,0.6410853826981666,0.35891461730183344,1.1325527003769706,dann_matched,banglasarc_binary+ben_sarc_binary,banglasarc3_binary,2024
6013016338f9c6dd,0,0,1.015625,-0.9375,0.8757869916479466,0.1242130083520534,1.1325527003769706,dann_matched,banglasarc_binary+ben_sarc_binary,banglasarc3_binary,2024
5e41f878680dab10,0,0,2.546875,-2.359375,0.9926541734255229,0.007345826574477061,1.1325527003769706,dann_matched,banglasarc_binary+ben_sarc_binary,banglasarc3_binary,2024
f86040734ae27c6d,1,1,-1.1875,1.15625,0.08756383952305867,0.9124361604769414,1.1325527003769706,dann_matched,banglasarc_binary+ben_sarc_binary,banglasarc3_binary,2024
d10cccce1b8473e7,0,1,-1.1953125,1.1640625,0.08632347658627028,0.9136765234137297,1.1325527003769706,dann_matched,banglasarc_binary+ben_sarc_binary,banglasarc3_binary,2024
24135986932e677c,1,0,1.2578125,-1.140625,0.916708077443256,0.0832919225567441,1.1325527003769706,dann_matched,banglasarc_binary+ben_sarc_binary,banglasarc3_binary,2024
7514b989309b1d9c,0,0,0.578125,-0.49804688,0.7457688628758079,0.25423113712419204,1.1325527003769706,dann_matched,banglasarc_binary+ben_sarc_binary,banglasarc3_binary,2024
ce110dc8185ae08e,1,1,-0.083984375,0.10107422,0.4538669351801802,0.5461330648198197,1.1325527003769706,dann_matched,banglasarc_binary+ben_sarc_binary,banglasarc3_binary,2024
cb27ebe4bead824c,1,0,1.2890625,-1.1171875,0.9173026573249612,0.08269734267503885,1.1325527003769706,dann_matched,banglasarc_binary+ben_sarc_binary,banglasarc3_binary,2024
bc540917f9b7c71d,1,1,-1.21875,1.1796875,0.0832919225567441,0.916708077443256,1.1325527003769706,dann_matched,banglasarc_binary+ben_sarc_binary,banglasarc3_binary,2024
4ffffbe307d0a83a,0,0,2.046875,-1.953125,0.9820137900379085,0.017986209962091555,1.1325527003769706,dann_matched,banglasarc_binary+ben_sarc_binary,banglasarc3_binary,2024
b4323b5c74f8fc36,0,0,1.8125,-1.53125,0.9658995742876885,0.03410042571231151,1.1325527003769706,dann_matched,banglasarc_binary+ben_sarc_binary,banglasarc3_binary,2024
ad6cc5fb265960cc,0,1,-1.0390625,1.015625,0.11357959169117389,0.8864204083088262,1.1325527003769706,dann_matched,banglasarc_binary+ben_sarc_binary,banglasarc3_binary,2024
d39ddcf24d6d9189,0,1,-0.83203125,0.78515625,0.16559311363082369,0.8344068863691763,1.1325527003769706,dann_matched,banglasarc_binary+ben_sarc_binary,banglasarc3_binary,2024
f38d81be661a4b8f,1,1,-0.9296875,0.94921875,0.13251455444044344,0.8674854455595564,1.1325527003769706,dann_matched,banglasarc_binary+ben_sarc_binary,banglasarc3_binary,2024
c511137eaf00d6b1,1,1,-1.125,1.1015625,0.09739039825194779,0.9026096017480523,1.1325527003769706,dann_matched,banglasarc_binary+ben_sarc_binary,banglasarc3_binary,2024
3cb9b64cd0bcd1c4,1,1,-1.078125,1.0078125,0.11047115389487247,0.8895288461051276,1.1325527003769706,dann_matched,banglasarc_binary+ben_sarc_binary,banglasarc3_binary,2024
44e81fb71fafc5f6,1,1,-1.1484375,1.125,0.09334687851957546,0.9066531214804244,1.1325527003769706,dann_matched,banglasarc_binary+ben_sarc_binary,banglasarc3_binary,2024
1f6366dc8c87721e,0,1,-0.43945312,0.5703125,0.2670257208309401,0.73297427916906,1.1325527003769706,dann_matched,banglasarc_binary+ben_sarc_binary,banglasarc3_binary,2024
406b7cc3a0445691,1,1,-1.0234375,1.0078125,0.11596071825396677,0.8840392817460332,1.1325527003769706,dann_matched,banglasarc_binary+ben_sarc_binary,banglasarc3_binary,2024
35cf36bc3d8642ab,0,1,-0.40039062,0.48828125,0.2913839818300965,0.7086160181699034,1.1325527003769706,dann_matched,banglasarc_binary+ben_sarc_binary,banglasarc3_binary,2024
57cd7fdd60d1667d,1,1,-0.421875,0.45703125,0.2934044820389496,0.7065955179610504,1.1325527003769706,dann_matched,banglasarc_binary+ben_sarc_binary,banglasarc3_binary,2024
0bb1548e56ec97e6,1,0,1.25,-1.203125,0.9207896758909757,0.07921032410902437,1.1325527003769706,dann_matched,banglasarc_binary+ben_sarc_binary,banglasarc3_binary,2024
8e8b85d15b47827c,1,0,0.93359375,-0.80859375,0.8509647055213694,0.14903529447863062,1.1325527003769706,dann_matched,banglasarc_binary+ben_sarc_binary,banglasarc3_binary,2024
fae8d93fe40b415d,1,1,-0.8046875,0.8125,0.16559311363082369,0.8344068863691763,1.1325527003769706,dann_matched,banglasarc_binary+ben_sarc_binary,banglasarc3_binary,2024
12e6dab580637364,1,1,-0.62109375,0.58203125,0.23091976292927183,0.7690802370707283,1.1325527003769706,dann_matched,banglasarc_binary+ben_sarc_binary,banglasarc3_binary,2024
c63614053bc8ae28,0,1,-0.12109375,0.08203125,0.44939263446475963,0.5506073655352404,1.1325527003769706,dann_matched,banglasarc_binary+ben_sarc_binary,banglasarc3_binary,2024
e567c1f8bb54ed53,0,1,-0.12988281,0.22265625,0.41276684075434256,0.5872331592456574,1.1325527003769706,dann_matched,banglasarc_binary+ben_sarc_binary,banglasarc3_binary,2024
b24c7e2e479c102f,0,0,2.90625,-2.8125,0.9967269350293284,0.0032730649706716308,1.1325527003769706,dann_matched,banglasarc_binary+ben_sarc_binary,banglasarc3_binary,2024
8ed4645228916f02,0,0,1.53125,-1.296875,0.9441768588653856,0.05582314113461443,1.1325527003769706,dann_matched,banglasarc_binary+ben_sarc_binary,banglasarc3_binary,2024
f59c42c49edda760,0,0,0.6640625,-0.546875,0.7704647868335476,0.2295352131664525,1.1325527003769706,dann_matched,banglasarc_binary+ben_sarc_binary,banglasarc3_binary,2024
d760334e952c9d53,0,0,2.859375,-2.796875,0.9965165758069192,0.0034834241930806675,1.1325527003769706,dann_matched,banglasarc_binary+ben_sarc_binary,banglasarc3_binary,2024
98f8544b2ea323d3,0,0,0.61328125,-0.5078125,0.7541915394787425,0.24580846052125757,1.1325527003769706,dann_matched,banglasarc_binary+ben_sarc_binary,banglasarc3_binary,2024
ce05c3fa0cc62627,0,0,2.1875,-2.109375,0.9865717452580314,0.013428254741968517,1.1325527003769706,dann_matched,banglasarc_binary+ben_sarc_binary,banglasarc3_binary,2024
fdc64d7635cb59b2,0,0,1.0234375,-1.0546875,0.888758793492457,0.11124120650754304,1.1325527003769706,dann_matched,banglasarc_binary+ben_sarc_binary,banglasarc3_binary,2024
f93ea9b921c3c0f7,1,1,-0.68359375,0.66796875,0.20561503957001773,0.7943849604299823,1.1325527003769706,dann_matched,banglasarc_binary+ben_sarc_binary,banglasarc3_binary,2024
2278f57caa613701,0,0,2.09375,-1.9453125,0.9826909042463318,0.017309095753668163,1.1325527003769706,dann_matched,banglasarc_binary+ben_sarc_binary,banglasarc3_binary,2024
c25fe5e4766f241a,0,0,2.828125,-2.65625,0.9958660319095476,0.004133968090452445,1.1325527003769706,dann_matched,banglasarc_binary+ben_sarc_binary,banglasarc3_binary,2024
572e4397ff6c9eb2,1,1,-1.0,1.015625,0.11757213354550883,0.8824278664544911,1.1325527003769706,dann_matched,banglasarc_binary+ben_sarc_binary,banglasarc3_binary,2024
9e94c5340c1e9e84,1,0,0.07470703,0.013916016,0.5151930753000202,0.48480692469997977,1.1325527003769706,dann_matched,banglasarc_binary+ben_sarc_binary,banglasarc3_binary,2024
e0b7bf00262d60a7,0,0,1.2890625,-1.2265625,0.9252299570920387,0.07477004290796138,1.1325527003769706,dann_matched,banglasarc_binary+ben_sarc_binary,banglasarc3_binary,2024
7d5dcba04c7cbfc6,1,1,-0.21484375,0.23632812,0.38908217842189113,0.6109178215781089,1.1325527003769706,dann_matched,banglasarc_binary+ben_sarc_binary,banglasarc3_binary,2024
cd9fc03dbd82abcd,0,0,2.953125,-2.84375,0.9969721649754317,0.0030278350245683794,1.1325527003769706,dann_matched,banglasarc_binary+ben_sarc_binary,banglasarc3_binary,2024
54b803aa09d54185,1,1,-1.1015625,1.1171875,0.09807932347046003,0.90192067652954,1.1325527003769706,dann_matched,banglasarc_binary+ben_sarc_binary,banglasarc3_binary,2024
725ea8a5def6acac,0,0,2.875,-2.75,0.9964063974185798,0.0035936025814200896,1.1325527003769706,dann_matched,banglasarc_binary+ben_sarc_binary,banglasarc3_binary,2024
56d6d68354837500,0,1,-0.375,0.45507812,0.3036285513091451,0.6963714486908549,1.1325527003769706,dann_matched,banglasarc_binary+ben_sarc_binary,banglasarc3_binary,2024
da5033e533eee677,1,0,0.56640625,-0.48632812,0.7412996284427215,0.25870037155727854,1.1325527003769706,dann_matched,banglasarc_binary+ben_sarc_binary,banglasarc3_binary,2024
ce347cf05f786fe0,1,0,0.40039062,-0.29296875,0.6667138193189135,0.33328618068108656,1.1325527003769706,dann_matched,banglasarc_binary+ben_sarc_binary,banglasarc3_binary,2024
ea499bace09f44ce,1,0,0.41210938,-0.36523438,0.6851073490894588,0.31489265091054125,1.1325527003769706,dann_matched,banglasarc_binary+ben_sarc_binary,banglasarc3_binary,2024
2ccc2f875d7de471,1,1,-0.7421875,0.796875,0.17667160102063317,0.8233283989793668,1.1325527003769706,dann_matched,banglasarc_binary+ben_sarc_binary,banglasarc3_binary,2024
22e8efc34608d82d,0,1,-0.18945312,0.22558594,0.3977044662136777,0.6022955337863223,1.1325527003769706,dann_matched,banglasarc_binary+ben_sarc_binary,banglasarc3_binary,2024
040a68c1b02bd862,1,0,0.4296875,-0.29296875,0.6731916730260219,0.326808326973978,1.1325527003769706,dann_matched,banglasarc_binary+ben_sarc_binary,banglasarc3_binary,2024
efde5d179b5fd873,1,0,1.546875,-1.4453125,0.9522199336364293,0.047780066363570746,1.1325527003769706,dann_matched,banglasarc_binary+ben_sarc_binary,banglasarc3_binary,2024
0b43510285b09eba,0,0,1.1015625,-0.97265625,0.8883720089593933,0.11162799104060678,1.1325527003769706,dann_matched,banglasarc_binary+ben_sarc_binary,banglasarc3_binary,2024
dd4fae9961a88873,1,0,0.171875,-0.10839844,0.5696132595100869,0.4303867404899131,1.1325527003769706,dann_matched,banglasarc_binary+ben_sarc_binary,banglasarc3_binary,2024
121299f05ede0c91,1,1,-1.2578125,1.21875,0.07751765647688268,0.9224823435231172,1.1325527003769706,dann_matched,banglasarc_binary+ben_sarc_binary,banglasarc3_binary,2024
30a6096d2f7010ff,1,1,-0.47851562,0.50390625,0.2724114951281179,0.7275885048718822,1.1325527003769706,dann_matched,banglasarc_binary+ben_sarc_binary,banglasarc3_binary,2024
a1bd9a0f27bbd51e,0,0,0.83984375,-0.75,0.8305941186502768,0.16940588134972326,1.1325527003769706,dann_matched,banglasarc_binary+ben_sarc_binary,banglasarc3_binary,2024
477fd95f302c284c,0,1,-0.6953125,0.7421875,0.19193278644723683,0.8080672135527632,1.1325527003769706,dann_matched,banglasarc_binary+ben_sarc_binary,banglasarc3_binary,2024
8c8158a78b04bd05,1,0,0.76953125,-0.69921875,0.8128673178375735,0.1871326821624266,1.1325527003769706,dann_matched,banglasarc_binary+ben_sarc_binary,banglasarc3_binary,2024
d094516197c5cc27,0,0,0.06591797,0.03881836,0.5067744877564807,0.4932255122435194,1.1325527003769706,dann_matched,banglasarc_binary+ben_sarc_binary,banglasarc3_binary,2024
9d3e29981c15d1c1,0,1,-0.6796875,0.75390625,0.19253935386136437,0.8074606461386356,1.1325527003769706,dann_matched,banglasarc_binary+ben_sarc_binary,banglasarc3_binary,2024
fd31f5f3ca6c7a27,1,1,-0.20019531,0.24414062,0.3907082885056713,0.6092917114943286,1.1325527003769706,dann_matched,banglasarc_binary+ben_sarc_binary,banglasarc3_binary,2024
d2fa1859fec8bc19,0,0,1.5390625,-1.453125,0.9522199336364293,0.047780066363570746,1.1325527003769706,dann_matched,banglasarc_binary+ben_sarc_binary,banglasarc3_binary,2024
50dbee0e7a539695,1,1,-0.38867188,0.42382812,0.30735801686526387,0.6926419831347361,1.1325527003769706,dann_matched,banglasarc_binary+ben_sarc_binary,banglasarc3_binary,2024
d2ebc3d3ea553892,1,0,1.46875,-1.3515625,0.9437636542955161,0.056236345704483756,1.1325527003769706,dann_matched,banglasarc_binary+ben_sarc_binary,banglasarc3_binary,2024
e15f93ee6c7733d1,1,0,0.84375,-0.84375,0.8438951025545426,0.1561048974454574,1.1325527003769706,dann_matched,banglasarc_binary+ben_sarc_binary,banglasarc3_binary,2024
25e11947840674b6,1,1,-0.82421875,0.76171875,0.16995623014518763,0.8300437698548124,1.1325527003769706,dann_matched,banglasarc_binary+ben_sarc_binary,banglasarc3_binary,2024
37ed4175676826d3,1,0,0.18847656,-0.16113281,0.5865228501684575,0.41347714983154255,1.1325527003769706,dann_matched,banglasarc_binary+ben_sarc_binary,banglasarc3_binary,2024
acf59b60bc703e78,0,1,-0.875,0.89453125,0.14560063226034367,0.8543993677396563,1.1325527003769706,dann_matched,banglasarc_binary+ben_sarc_binary,banglasarc3_binary,2024
2dac047c35342cac,1,0,0.24023438,-0.15136719,0.5966681833386582,0.40333181666134177,1.1325527003769706,dann_matched,banglasarc_binary+ben_sarc_binary,banglasarc3_binary,2024
52c53afde23c5737,1,0,0.4453125,-0.421875,0.7041601384435928,0.2958398615564072,1.1325527003769706,dann_matched,banglasarc_binary+ben_sarc_binary,banglasarc3_binary,2024
597d374e58e24ce0,0,0,1.3125,-1.1484375,0.9213576188158985,0.07864238118410145,1.1325527003769706,dann_matched,banglasarc_binary+ben_sarc_binary,banglasarc3_binary,2024
21f6588fa41d80f2,1,0,0.81640625,-0.703125,0.8204694444011801,0.17953055559881986,1.1325527003769706,dann_matched,banglasarc_binary+ben_sarc_binary,banglasarc3_binary,2024
576dad90f863a07a,0,0,0.79296875,-0.68359375,0.8140528050985784,0.1859471949014217,1.1325527003769706,dann_matched,banglasarc_binary+ben_sarc_binary,banglasarc3_binary,2024
acc440f1fc8bac8a,1,0,0.33789062,-0.2578125,0.6446726348086337,0.3553273651913664,1.1325527003769706,dann_matched,banglasarc_binary+ben_sarc_binary,banglasarc3_binary,2024
99f834500aa28da7,1,0,0.07861328,-0.0076293945,0.5215473152170731,0.4784526847829269,1.1325527003769706,dann_matched,banglasarc_binary+ben_sarc_binary,banglasarc3_binary,2024
ab8cb0f62e0897af,0,0,2.0625,-1.828125,0.9799765587105447,0.020023441289455244,1.1325527003769706,dann_matched,banglasarc_binary+ben_sarc_binary,banglasarc3_binary,2024
c2990dd82a44f69e,1,1,-0.111328125,0.11621094,0.44335939975007455,0.5566406002499255,1.1325527003769706,dann_matched,banglasarc_binary+ben_sarc_binary,banglasarc3_binary,2024
00d461014350b89e,1,0,1.453125,-1.34375,0.9425067211996143,0.05749327880038583,1.1325527003769706,dann_matched,banglasarc_binary+ben_sarc_binary,banglasarc3_binary,2024
5707e3c0244d1dfb,1,0,1.1875,-1.1640625,0.9130583432721083,0.08694165672789168,1.1325527003769706,dann_matched,banglasarc_binary+ben_sarc_binary,banglasarc3_binary,2024
fd622c33ab6796bd,1,1,-1.484375,1.3046875,0.05791808743947446,0.9420819125605256,1.1325527003769706,dann_matched,banglasarc_binary+ben_sarc_binary,banglasarc3_binary,2024
61890d2332416b73,0,1,-0.33007812,0.3828125,0.32896043263598285,0.6710395673640173,1.1325527003769706,dann_matched,banglasarc_binary+ben_sarc_binary,banglasarc3_binary,2024
3b4ef2d9f41c852f,1,1,-0.7890625,0.76953125,0.17384852735447087,0.8261514726455292,1.1325527003769706,dann_matched,banglasarc_binary+ben_sarc_binary,banglasarc3_binary,2024
e5390f71a9c29ba6,0,0,2.375,-2.390625,0.991554373058874,0.008445626941126032,1.1325527003769706,dann_matched,banglasarc_binary+ben_sarc_binary,banglasarc3_binary,2024
b099c317bb9c6687,1,1,-1.0234375,1.03125,0.11357959169117389,0.8864204083088262,1.1325527003769706,dann_matched,banglasarc_binary+ben_sarc_binary,banglasarc3_binary,2024
912bbeda5648f283,1,0,1.0234375,-0.93359375,0.8762113062841353,0.12378869371586462,1.1325527003769706,dann_matched,banglasarc_binary+ben_sarc_binary,banglasarc3_binary,2024
c823ae44a3e23b84,0,0,0.48632812,-0.51953125,0.7322090408214149,0.26779095917858514,1.1325527003769706,dann_matched,banglasarc_binary+ben_sarc_binary,banglasarc3_binary,2024
bfea9a263b223c80,1,0,1.53125,-1.296875,0.9441768588653856,0.05582314113461443,1.1325527003769706,dann_matched,banglasarc_binary+ben_sarc_binary,banglasarc3_binary,2024
3cdaa503d41fc6a6,0,0,2.90625,-3.0,0.9972850145309949,0.0027149854690051763,1.1325527003769706,dann_matched,banglasarc_binary+ben_sarc_binary,banglasarc3_binary,2024
d71f7c52c9ea87be,0,1,-0.22753906,0.24609375,0.38375676682059884,0.6162432331794011,1.1325527003769706,dann_matched,banglasarc_binary+ben_sarc_binary,banglasarc3_binary,2024
def9ea9b246c55b1,0,0,1.078125,-0.9453125,0.8832359864017768,0.11676401359822318,1.1325527003769706,dann_matched,banglasarc_binary+ben_sarc_binary,banglasarc3_binary,2024
04b1b4f08fdd18c5,1,0,0.036376953,-0.004333496,0.5101762068900411,0.48982379310995894,1.1325527003769706,dann_matched,banglasarc_binary+ben_sarc_binary,banglasarc3_binary,2024
39bf383204dad4e3,0,0,0.57421875,-0.49414062,0.744284789133903,0.2557152108660971,1.1325527003769706,dann_matched,banglasarc_binary+ben_sarc_binary,banglasarc3_binary,2024
1f427bfaa298bf6b,1,0,0.78125,-0.640625,0.8056321889812553,0.19436781101874467,1.1325527003769706,dann_matched,banglasarc_binary+ben_sarc_binary,banglasarc3_binary,2024
ed3220bf0c8abb3b,1,1,-1.109375,1.1328125,0.09602548878779378,0.9039745112122062,1.1325527003769706,dann_matched,banglasarc_binary+ben_sarc_binary,banglasarc3_binary,2024
855a37fc463d8e33,1,1,-1.0390625,0.97265625,0.11797800859538259,0.8820219914046175,1.1325527003769706,dann_matched,banglasarc_binary+ben_sarc_binary,banglasarc3_binary,2024
4771a65e8a1e5abf,0,1,-0.76171875,0.76171875,0.1789558876900955,0.8210441123099046,1.1325527003769706,dann_matched,banglasarc_binary+ben_sarc_binary,banglasarc3_binary,2024
4f4b52f3c17a4ba1,0,1,-0.4765625,0.56640625,0.2605775779131141,0.7394224220868858,1.1325527003769706,dann_matched,banglasarc_binary+ben_sarc_binary,banglasarc3_binary,2024
51e27f8269f8eaac,0,0,0.25195312,-0.140625,0.596903176040698,0.4030968239593021,1.1325527003769706,dann_matched,banglasarc_binary+ben_sarc_binary,banglasarc3_binary,2024
8de5e108effcbaea,0,0,2.375,-2.25,0.9902915235185259,0.009708476481474066,1.1325527003769706,dann_matched,banglasarc_binary+ben_sarc_binary,banglasarc3_binary,2024
75e09ea10216853d,0,0,0.82421875,-0.7109375,0.8227594829327498,0.17724051706725022,1.1325527003769706,dann_matched,banglasarc_binary+ben_sarc_binary,banglasarc3_binary,2024
b3ece23327e83d73,0,0,1.6171875,-1.53125,0.9588471107825551,0.04115288921744485,1.1325527003769706,dann_matched,banglasarc_binary+ben_sarc_binary,banglasarc3_binary,2024
237b60d67d3a977b,0,0,2.953125,-2.875,0.9970650482552862,0.002934951744713737,1.1325527003769706,dann_matched,banglasarc_binary+ben_sarc_binary,banglasarc3_binary,2024
9ce912c1a315b4d4,1,1,-0.53515625,0.5546875,0.25164770242862033,0.7483522975713798,1.1325527003769706,dann_matched,banglasarc_binary+ben_sarc_binary,banglasarc3_binary,2024
a034075943ae5ef1,1,0,0.63671875,-0.515625,0.7599387520410151,0.24006124795898495,1.1325527003769706,dann_matched,banglasarc_binary+ben_sarc_binary,banglasarc3_binary,2024
00e1bdb06e67ed07,0,0,1.6171875,-1.4765625,0.9566342012360932,0.04336579876390677,1.1325527003769706,dann_matched,banglasarc_binary+ben_sarc_binary,banglasarc3_binary,2024
5e81d0127cda6083,1,1,-0.15722656,0.12451172,0.43002766487393085,0.5699723351260692,1.1325527003769706,dann_matched,banglasarc_binary+ben_sarc_binary,banglasarc3_binary,2024
391c2dab4f4a8ea6,1,1,-1.390625,1.28125,0.06465348835622392,0.9353465116437761,1.1325527003769706,dann_matched,banglasarc_binary+ben_sarc_binary,banglasarc3_binary,2024
76010f7452a4ee0b,0,0,0.09326172,-0.057861328,0.5377090219166659,0.462290978083334,1.1325527003769706,dann_matched,banglasarc_binary+ben_sarc_binary,banglasarc3_binary,2024
501212c9f4c39f1a,0,0,1.5546875,-1.46875,0.953621794005189,0.046378205994811086,1.1325527003769706,dann_matched,banglasarc_binary+ben_sarc_binary,banglasarc3_binary,2024
2d0c4e3b8cd32421,1,0,0.18066406,-0.07519531,0.5636181634322939,0.4363818365677061,1.1325527003769706,dann_matched,banglasarc_binary+ben_sarc_binary,banglasarc3_binary,2024
b46fca43ca40e1a1,0,0,0.23828125,-0.19433594,0.6064984551609598,0.39350154483904015,1.1325527003769706,dann_matched,banglasarc_binary+ben_sarc_binary,banglasarc3_binary,2024
eb34b73284cdfb62,0,1,-0.28125,0.4609375,0.3225259830643727,0.6774740169356273,1.1325527003769706,dann_matched,banglasarc_binary+ben_sarc_binary,banglasarc3_binary,2024
82b1b909a5385c25,0,0,0.140625,-0.123535156,0.5656586739657399,0.43434132603426007,1.1325527003769706,dann_matched,banglasarc_binary+ben_sarc_binary,banglasarc3_binary,2024
afab669e2802f55a,0,1,-0.109375,0.1953125,0.4244119866699621,0.575588013330038,1.1325527003769706,dann_matched,banglasarc_binary+ben_sarc_binary,banglasarc3_binary,2024
32655b6af6468900,1,1,-0.57421875,0.52734375,0.24944724346334116,0.7505527565366589,1.1325527003769706,dann_matched,banglasarc_binary+ben_sarc_binary,banglasarc3_binary,2024
63522bcc58aca5aa,1,1,-0.10644531,0.14160156,0.4383042879779781,0.5616957120220218,1.1325527003769706,dann_matched,banglasarc_binary+ben_sarc_binary,banglasarc3_binary,2024
b81a6fc550996879,0,0,-0.017822266,-0.063964844,0.5115335982191417,0.4884664017808584,1.1325527003769706,dann_matched,banglasarc_binary+ben_sarc_binary,banglasarc3_binary,2024
9e9c76d8536be656,0,0,2.3125,-2.1875,0.9890130573694068,0.01098694263059318,1.1325527003769706,dann_matched,banglasarc_binary+ben_sarc_binary,banglasarc3_binary,2024
487ba6736df9dac4,1,1,-0.734375,0.69921875,0.19253935386136437,0.8074606461386356,1.1325527003769706,dann_matched,banglasarc_binary+ben_sarc_binary,banglasarc3_binary,2024
7224809745c5317e,0,0,1.390625,-1.234375,0.9324533088603709,0.0675466911396291,1.1325527003769706,dann_matched,banglasarc_binary+ben_sarc_binary,banglasarc3_binary,2024
cc351cfcab72e656,0,1,-0.6875,0.6796875,0.2030746281894702,0.7969253718105298,1.1325527003769706,dann_matched,banglasarc_binary+ben_sarc_binary,banglasarc3_binary,2024
0ac9087c2e695175,0,0,2.6875,-2.65625,0.9952448000901669,0.004755199909833047,1.1325527003769706,dann_matched,banglasarc_binary+ben_sarc_binary,banglasarc3_binary,2024
7ab4d04075a8767b,1,1,-0.74609375,0.765625,0.180684214164803,0.819315785835197,1.1325527003769706,dann_matched,banglasarc_binary+ben_sarc_binary,banglasarc3_binary,2024
005a81526dd973be,1,1,-1.2890625,1.1796875,0.07807816514495095,0.9219218348550491,1.1325527003769706,dann_matched,banglasarc_binary+ben_sarc_binary,banglasarc3_binary,2024
5422984065fd2576,1,0,2.578125,-2.578125,0.994269753485008,0.005730246514992079,1.1325527003769706,dann_matched,banglasarc_binary+ben_sarc_binary,banglasarc3_binary,2024
73b2db9434de0a4f,1,1,-0.067871094,0.111816406,0.4551986043017219,0.5448013956982781,1.1325527003769706,dann_matched,banglasarc_binary+ben_sarc_binary,banglasarc3_binary,2024
7b755c23081cae77,1,0,0.43164062,-0.46484375,0.7102265051627635,0.28977349483723636,1.1325527003769706,dann_matched,banglasarc_binary+ben_sarc_binary,banglasarc3_binary,2024
4df4505e1099e8b8,0,1,-0.1640625,-0.01953125,0.4639299554287248,0.5360700445712753,1.1325527003769706,dann_matched,banglasarc_binary+ben_sarc_binary,banglasarc3_binary,2024
20d8bb2aacda3ef4,0,0,2.40625,-2.21875,0.9902915235185259,0.009708476481474066,1.1325527003769706,dann_matched,banglasarc_binary+ben_sarc_binary,banglasarc3_binary,2024
86168cedfa8908d4,1,1,-0.671875,0.72265625,0.1986853537904252,0.8013146462095748,1.1325527003769706,dann_matched,banglasarc_binary+ben_sarc_binary,banglasarc3_binary,2024
ffe0b07ccb36819b,1,1,-1.2734375,1.140625,0.08210662704685086,0.9178933729531492,1.1325527003769706,dann_matched,banglasarc_binary+ben_sarc_binary,banglasarc3_binary,2024
0f006194b45e6c5f,1,0,0.8671875,-0.66796875,0.8227594829327498,0.17724051706725022,1.1325527003769706,dann_matched,banglasarc_binary+ben_sarc_binary,banglasarc3_binary,2024
0032784830ddb818,0,0,0.21484375,-0.22167969,0.6074303244307563,0.3925696755692437,1.1325527003769706,dann_matched,banglasarc_binary+ben_sarc_binary,banglasarc3_binary,2024
471ce8d0863df951,0,1,-0.5234375,0.5625,0.2523840452764101,0.74761595472359,1.1325527003769706,dann_matched,banglasarc_binary+ben_sarc_binary,banglasarc3_binary,2024
b8051eeb7d141427,1,1,-1.03125,0.94140625,0.12210386546882639,0.8778961345311737,1.1325527003769706,dann_matched,banglasarc_binary+ben_sarc_binary,banglasarc3_binary,2024
13f5d731d71ec752,0,0,2.875,-2.84375,0.9967269350293284,0.0032730649706716308,1.1325527003769706,dann_matched,banglasarc_binary+ben_sarc_binary,banglasarc3_binary,2024
53d67a30efe6b19e,0,0,0.18652344,-0.084472656,0.5673374281669726,0.4326625718330274,1.1325527003769706,dann_matched,banglasarc_binary+ben_sarc_binary,banglasarc3_binary,2024
002c1140ae3dde4e,1,0,0.34375,-0.27539062,0.6500230719240829,0.34997692807591696,1.1325527003769706,dann_matched,banglasarc_binary+ben_sarc_binary,banglasarc3_binary,2024
03a3878f85634362,1,1,-0.984375,1.0625,0.1143685261818125,0.8856314738181876,1.1325527003769706,dann_matched,banglasarc_binary+ben_sarc_binary,banglasarc3_binary,2024
15cf011d32f28273,1,1,-0.19238281,0.15429688,0.4141878191050579,0.5858121808949421,1.1325527003769706,dann_matched,banglasarc_binary+ben_sarc_binary,banglasarc3_binary,2024
39afb1a94688145e,1,0,0.5703125,-0.45117188,0.7352616368564966,0.2647383631435034,1.1325527003769706,dann_matched,banglasarc_binary+ben_sarc_binary,banglasarc3_binary,2024
5f3e3a9180cef321,1,1,-1.28125,1.234375,0.07477004290796138,0.9252299570920387,1.1325527003769706,dann_matched,banglasarc_binary+ben_sarc_binary,banglasarc3_binary,2024
4962ffafd1494e25,1,0,1.1171875,-1.015625,0.8940517128636203,0.10594828713637978,1.1325527003769706,dann_matched,banglasarc_binary+ben_sarc_binary,banglasarc3_binary,2024
2f76c0643b8dc919,1,1,-1.0078125,1.0234375,0.11596071825396677,0.8840392817460332,1.1325527003769706,dann_matched,banglasarc_binary+ben_sarc_binary,banglasarc3_binary,2024
984ddd9e97dcc313,0,0,0.9375,-0.8515625,0.8568122978174237,0.1431877021825763,1.1325527003769706,dann_matched,banglasarc_binary+ben_sarc_binary,banglasarc3_binary,2024
37b55e10fbcaaa62,0,1,-0.9296875,0.91015625,0.137069773035303,0.862930226964697,1.1325527003769706,dann_matched,banglasarc_binary+ben_sarc_binary,banglasarc3_binary,2024
73d0ee7cb4b89e64,1,1,-0.96484375,0.890625,0.13523208079351787,0.8647679192064821,1.1325527003769706,dann_matched,banglasarc_binary+ben_sarc_binary,banglasarc3_binary,2024
67351714d10f07bb,1,1,-0.1875,0.24316406,0.393967770728693,0.6060322292713071,1.1325527003769706,dann_matched,banglasarc_binary+ben_sarc_binary,banglasarc3_binary,2024
a4ebfa262a40ce6d,1,1,-0.73828125,0.75,0.1841798425453443,0.8158201574546557,1.1325527003769706,dann_matched,banglasarc_binary+ben_sarc_binary,banglasarc3_binary,2024
711787e882523b00,0,1,-0.06542969,0.14550781,0.44746029191980774,0.5525397080801923,1.1325527003769706,dann_matched,banglasarc_binary+ben_sarc_binary,banglasarc3_binary,2024
46fef03e1665a7ca,0,1,-0.27148438,0.33398438,0.3530935289036874,0.6469064710963125,1.1325527003769706,dann_matched,banglasarc_binary+ben_sarc_binary,banglasarc3_binary,2024
a76dc1c36dd7c504,0,0,0.29492188,-0.25585938,0.6343168279804076,0.3656831720195924,1.1325527003769706,dann_matched,banglasarc_binary+ben_sarc_binary,banglasarc3_binary,2024
d7b2d256a4143a25,1,0,1.5234375,-1.390625,0.9485372345673925,0.05146276543260743,1.1325527003769706,dann_matched,banglasarc_binary+ben_sarc_binary,banglasarc3_binary,2024
1b94ccf4d275d3d1,1,0,0.796875,-0.80078125,0.8316905587926504,0.16830944120734956,1.1325527003769706,dann_matched,banglasarc_binary+ben_sarc_binary,banglasarc3_binary,2024
734ed3d8328829a9,1,1,-1.1796875,1.1328125,0.09009299396195182,0.9099070060380482,1.1325527003769706,dann_matched,banglasarc_binary+ben_sarc_binary,banglasarc3_binary,2024
a6b2d326016440e6,1,1,-0.69140625,0.69921875,0.19930799790404563,0.8006920020959544,1.1325527003769706,dann_matched,banglasarc_binary+ben_sarc_binary,banglasarc3_binary,2024
31b230e3a9af4fda,0,0,0.54296875,-0.53125,0.7453983772125647,0.2546016227874352,1.1325527003769706,dann_matched,banglasarc_binary+ben_sarc_binary,banglasarc3_binary,2024
2220cd6a505565f7,0,0,1.484375,-1.6015625,0.956308939359532,0.04369106064046812,1.1325527003769706,dann_matched,banglasarc_binary+ben_sarc_binary,banglasarc3_binary,2024
ce2b334fad8c3a5d,0,0,0.1328125,-0.10986328,0.5603729477566978,0.4396270522433023,1.1325527003769706,dann_matched,banglasarc_binary+ben_sarc_binary,banglasarc3_binary,2024
722c6881b0dee379,1,0,0.72265625,-0.6796875,0.8025555428951934,0.19744445710480676,1.1325527003769706,dann_matched,banglasarc_binary+ben_sarc_binary,banglasarc3_binary,2024
f1e88058df9310e0,1,0,1.40625,-1.3671875,0.9412234441519332,0.05877655584806683,1.1325527003769706,dann_matched,banglasarc_binary+ben_sarc_binary,banglasarc3_binary,2024
e2b5924ce46e4127,1,0,0.16699219,-0.16992188,0.583440717612251,0.41655928238774886,1.1325527003769706,dann_matched,banglasarc_binary+ben_sarc_binary,banglasarc3_binary,2024
8aa47f0f19a6b655,0,0,3.078125,-2.90625,0.9974885364861902,0.002511463513809854,1.1325527003769706,dann_matched,banglasarc_binary+ben_sarc_binary,banglasarc3_binary,2024
366e2c4f0de8d88d,0,1,-1.0546875,1.015625,0.11201595092000367,0.8879840490799963,1.1325527003769706,dann_matched,banglasarc_binary+ben_sarc_binary,banglasarc3_binary,2024
49e7e0b2adafbcd1,0,0,0.9765625,-0.96484375,0.8745065534624367,0.12549344653756345,1.1325527003769706,dann_matched,banglasarc_binary+ben_sarc_binary,banglasarc3_binary,2024
aae4075a20d3ba22,0,1,-0.13867188,0.23046875,0.40874869317441304,0.5912513068255869,1.1325527003769706,dann_matched,banglasarc_binary+ben_sarc_binary,banglasarc3_binary,2024
f70f4b9f132b9352,0,1,-0.51171875,0.53515625,0.2598256379609837,0.7401743620390163,1.1325527003769706,dann_matched,banglasarc_binary+ben_sarc_binary,banglasarc3_binary,2024
e868e8fa9c38e342,0,0,1.953125,-1.7578125,0.976129165047569,0.023870834952430912,1.1325527003769706,dann_matched,banglasarc_binary+ben_sarc_binary,banglasarc3_binary,2024
34f804166b33a246,1,1,-1.140625,1.1015625,0.09602548878779378,0.9039745112122062,1.1325527003769706,dann_matched,banglasarc_binary+ben_sarc_binary,banglasarc3_binary,2024
186dcee2e7df2920,1,1,-0.31054688,0.34960938,0.3407045130269881,0.6592954869730118,1.1325527003769706,dann_matched,banglasarc_binary+ben_sarc_binary,banglasarc3_binary,2024
992528b2a23ee70a,0,0,0.59765625,-0.69921875,0.785308580887758,0.2146914191122419,1.1325527003769706,dann_matched,banglasarc_binary+ben_sarc_binary,banglasarc3_binary,2024
63b9ff3f715bfb2f,0,0,2.078125,-1.9453125,0.982423116732664,0.01757688326733593,1.1325527003769706,dann_matched,banglasarc_binary+ben_sarc_binary,banglasarc3_binary,2024
52a86f6315459641,1,1,-0.7109375,0.62890625,0.20753575498928697,0.792464245010713,1.1325527003769706,dann_matched,banglasarc_binary+ben_sarc_binary,banglasarc3_binary,2024
875e2c2018999836,0,0,1.046875,-0.98828125,0.8844391260585168,0.11556087394148318,1.1325527003769706,dann_matched,banglasarc_binary+ben_sarc_binary,banglasarc3_binary,2024
b0853ab27aae530b,0,0,1.078125,-0.9765625,0.8864204083088262,0.11357959169117389,1.1325527003769706,dann_matched,banglasarc_binary+ben_sarc_binary,banglasarc3_binary,2024
2360a4258810318d,0,1,-0.69140625,0.6015625,0.2153507429786673,0.7846492570213327,1.1325527003769706,dann_matched,banglasarc_binary+ben_sarc_binary,banglasarc3_binary,2024
6691a7d1596c1c0e,0,0,2.25,-2.078125,0.9869795098861571,0.013020490113842825,1.1325527003769706,dann_matched,banglasarc_binary+ben_sarc_binary,banglasarc3_binary,2024
c7c7d1e79083dbae,0,1,-0.7890625,0.75390625,0.17610412024315097,0.823895879756849,1.1325527003769706,dann_matched,banglasarc_binary+ben_sarc_binary,banglasarc3_binary,2024
07edd2171dff4faa,1,1,-1.4140625,1.3359375,0.06008665017400762,0.9399133498259924,1.1325527003769706,dann_matched,banglasarc_binary+ben_sarc_binary,banglasarc3_binary,2024
2652e297e664589c,1,1,-1.015625,1.046875,0.11279540628289324,0.8872045937171068,1.1325527003769706,dann_matched,banglasarc_binary+ben_sarc_binary,banglasarc3_binary,2024
ce6d32b468635b62,1,1,-1.25,1.1796875,0.08093670978361556,0.9190632902163844,1.1325527003769706,dann_matched,banglasarc_binary+ben_sarc_binary,banglasarc3_binary,2024
112e0419a2dcbd6c,0,1,-0.8203125,0.80078125,0.16505408392910761,0.8349459160708924,1.1325527003769706,dann_matched,banglasarc_binary+ben_sarc_binary,banglasarc3_binary,2024
175f493bd4aa3997,1,0,0.9609375,-0.9375,0.8697145792507666,0.13028542074923347,1.1325527003769706,dann_matched,banglasarc_binary+ben_sarc_binary,banglasarc3_binary,2024
15319cb8ed77aaa8,1,1,-0.94921875,1.0234375,0.12210386546882639,0.8778961345311737,1.1325527003769706,dann_matched,banglasarc_binary+ben_sarc_binary,banglasarc3_binary,2024
