item_id,gold_label,pred_label,logit_0,logit_1,prob_0,prob_1,temperature,system,source,target,seed
75b57cb785399524,1,1,-0.12402344,0.06201172,0.4536248838578532,0.5463751161421467,1.047537732582203,dann_matched,banglasarc3_binary+ben_sarc_binary,banglasarc3_binary,42
ea89903ebde9ec48,0,0,1.3984375,-1.375,0.9412234441519332,0.05877655584806683,1.047537732582203,dann_matched,banglasarc3_binary+ben_sarc_binary,banglasarc3_binary,42
7985dbfde1b7e765,1,0,0.08691406,-0.0010986328,0.5219889813431043,0.47801101865689566,1.047537732582203,dann_matched,banglasarc3_binary+ben_sarc_binary,banglasarc3_binary,42
d0c67c93af7f80e7,0,0,1.1171875,-1.0546875,0.8976952921073469,0.10230470789265303,1.047537732582203,dann_matched,banglasarc3_binary+ben_sarc_binary,banglasarc3_binary,42
050e2a5781c6d2a8,1,1,-0.6796875,0.6875,0.2030746281894702,0.7969253718105298,1.047537732582203,dann_matched,banglasarc3_binary+ben_sarc_binary,banglasarc3_binary,42
510f4f1ce14fbaae,1,0,0.24414062,-0.20703125,0.6109178215781089,0.38908217842189113,1.047537732582203,dann_matched,banglasarc3_binary+ben_sarc_binary,banglasarc3_binary,42
1e477c743f0a9075,0,0,0.7890625,-0.76171875,0.825026539966124,0.17497346003387607,1.047537732582203,dann_matched,banglasarc3_binary+ben_sarc_binary,banglasarc3_binary,42
8bc8673823772559,1,0,0.026245117,0.0032348633,0.5057523096716631,0.4942476903283368,1.047537732582203,dann_matched,banglasarc3_binary+ben_sarc_binary,banglasarc3_binary,42
bd8f33b2d8745739,1,1,-0.9140625,0.984375,0.13028542074923347,0.8697145792507666,1.047537732582203,dann_matched,banglasarc3_binary+ben_sarc_binary,banglasarc3_binary,42
f38f331e6bcc6f51,0,0,1.4140625,-1.203125,0.9319595797274409,0.06804042027255897,1.047537732582203,dann_matched,banglasarc3_binary+ben_sarc_binary,banglasarc3_binary,42
711571c05022201a,1,1,-0.609375,0.66796875,0.21800271531236584,0.7819972846876342,1.047537732582203,dann_matched,banglasarc3_binary+ben_sarc_binary,banglasarc3_binary,42
e16f46a1ebdb3d2c,1,0,0.20410156,-0.20605469,0.6011253440753982,0.3988746559246018,1.047537732582203,dann_matched,banglasarc3_binary+ben_sarc_binary,banglasarc3_binary,42
96f8f1c864b37ed7,0,1,-0.84765625,0.83203125,0.1571368534705856,0.8428631465294143,1.047537732582203,dann_matched,banglasarc3_binary+ben_sarc_binary,banglasarc3_binary,42
f479880c55bd2491,0,0,0.31445312,-0.35742188,0.6619228758499942,0.33807712415000585,1.047537732582203,dann_matched,banglasarc3_binary+ben_sarc_binary,banglasarc3_binary,42
65fbbf2f8d05469a,1,1,0.009643555,0.28320312,0.4320334352838837,0.5679665647161163,1.047537732582203,dann_matched,banglasarc3_binary+ben_sarc_binary,banglasarc3_binary,42
8c201fa1f055e850,1,0,0.7890625,-0.58203125,0.7975568078599278,0.20244319214007214,1.047537732582203,dann_matched,banglasarc3_binary+ben_sarc_binary,banglasarc3_binary,42
eb85c00573b45dd3,1,1,-0.2890625,0.17480469,0.386068821409357,0.6139311785906431,1.047537732582203,dann_matched,banglasarc3_binary+ben_sarc_binary,banglasarc3_binary,42
db73ddb0d256ba8f,1,0,0.15136719,-0.22363281,0.5926665999540697,0.4073334000459302,1.047537732582203,dann_matched,banglasarc3_binary+ben_sarc_binary,banglasarc3_binary,42
108f2ff9574fa860,1,0,0.27539062,-0.22070312,0.6215409097858049,0.3784590902141952,1.047537732582203,dann_matched,banglasarc3_binary+ben_sarc_binary,banglasarc3_binary,42
651cfe2be094f7d4,0,0,1.1171875,-1.0625,0.8984105540811842,0.10158944591881586,1.047537732582203,dann_matched,banglasarc3_binary+ben_sarc_binary,banglasarc3_binary,42
701194ab8ff79d41,1,1,-0.79296875,0.75390625,0.17553807362342935,0.8244619263765707,1.047537732582203,dann_matched,banglasarc3_binary+ben_sarc_binary,banglasarc3_binary,42
7d54a3089303d820,1,1,-0.94921875,0.9296875,0.13251455444044344,0.8674854455595564,1.047537732582203,dann_matched,banglasarc3_binary+ben_sarc_binary,banglasarc3_binary,42
07a4bfe2a5a2e5ca,1,0,-0.016235352,-0.068359375,0.5130280563174127,0.48697194368258734,1.047537732582203,dann_matched,banglasarc3_binary+ben_sarc_binary,banglasarc3_binary,42
8e8d800bdbdaaff7,0,0,0.5546875,-0.625,0.7648916107800069,0.2351083892199931,1.047537732582203,dann_matched,banglasarc3_binary+ben_sarc_binary,banglasarc3_binary,42
c015494f033a38d6,0,1,-0.5859375,0.6796875,0.22000709974589314,0.7799929002541067,1.047537732582203,dann_matched,banglasarc3_binary+ben_sarc_binary,banglasarc3_binary,42
ce91a1211be5691e,0,0,0.36328125,-0.47460938,0.6980207713508726,0.3019792286491274,1.047537732582203,dann_matched,banglasarc3_binary+ben_sarc_binary,banglasarc3_binary,42
b67fe2f1724da4fc,0,0,0.37109375,-0.42382812,0.6888871743462827,0.31111282565371734,1.047537732582203,dann_matched,banglasarc3_binary+ben_sarc_binary,banglasarc3_binary,42
c82b33bcfb8e93ad,1,1,-1.03125,1.1796875,0.09877258875237437,0.9012274112476257,1.047537732582203,dann_matched,banglasarc3_binary+ben_sarc_binary,banglasarc3_binary,42
94ad7e948eed42c2,1,1,-0.15625,0.09472656,0.43758314841204154,0.5624168515879584,1.047537732582203,dann_matched,banglasarc3_binary+ben_sarc_binary,banglasarc3_binary,42
7065829cdc40567b,1,1,-0.32226562,0.3046875,0.34820172806651245,0.6517982719334875,1.047537732582203,dann_matched,banglasarc3_binary+ben_sarc_binary,banglasarc3_binary,42
80cf082fa6d9ed32,0,0,0.3046875,-0.27929688,0.6419836947437564,0.3580163052562437,1.047537732582203,dann_matched,banglasarc3_binary+ben_sarc_binary,banglasarc3_binary,42
082cc009d05d3e6a,0,0,0.73828125,-0.7421875,0.8146433721849758,0.18535662781502407,1.047537732582203,dann_matched,banglasarc3_binary+ben_sarc_binary,banglasarc3_binary,42
91675e6a7e696d31,1,1,-0.9765625,0.96484375,0.12549344653756345,0.8745065534624367,1.047537732582203,dann_matched,banglasarc3_binary+ben_sarc_binary,banglasarc3_binary,42
0f26e9a22c5ac1d7,0,1,-0.73828125,0.78125,0.17953055559881986,0.8204694444011801,1.047537732582203,dann_matched,banglasarc3_binary+ben_sarc_binary,banglasarc3_binary,42
9a4c63e1a0b50046,0,0,1.0234375,-1.0,0.8832359864017768,0.11676401359822318,1.047537732582203,dann_matched,banglasarc3_binary+ben_sarc_binary,banglasarc3_binary,42
dd8a11641c9c1035,1,0,0.34179688,-0.33789062,0.6636689470737326,0.3363310529262674,1.047537732582203,dann_matched,banglasarc3_binary+ben_sarc_binary,banglasarc3_binary,42
947e78373e8ee90d,1,1,-0.5234375,0.58984375,0.2472596683432263,0.7527403316567737,1.047537732582203,dann_matched,banglasarc3_binary+ben_sarc_binary,banglasarc3_binary,42
a93bffde267df6fb,0,0,0.109375,-0.22070312,0.581778385736369,0.41822161426363097,1.047537732582203,dann_matched,banglasarc3_binary+ben_sarc_binary,banglasarc3_binary,42
2b6006a4aa890634,0,1,-0.140625,-0.01159668,0.46778759769128675,0.5322124023087133,1.047537732582203,dann_matched,banglasarc3_binary+ben_sarc_binary,banglasarc3_binary,42
08c0f13f45787db9,0,0,1.078125,-1.125,0.9005297861178929,0.09947021388210707,1.047537732582203,dann_matched,banglasarc3_binary+ben_sarc_binary,banglasarc3_binary,42
ec266bb4c5478b18,1,1,-0.34179688,0.3828125,0.32637877584155367,0.6736212241584463,1.047537732582203,dann_matched,banglasarc3_binary+ben_sarc_binary,banglasarc3_binary,42
073d86cef983e918,1,0,0.20117188,-0.2890625,0.6201616435491707,0.37983835645082925,1.047537732582203,dann_matched,banglasarc3_binary+ben_sarc_binary,banglasarc3_binary,42
67edcfa910eb831c,1,0,0.0703125,-0.16601562,0.5588085759645549,0.44119142403544503,1.047537732582203,dann_matched,banglasarc3_binary+ben_sarc_binary,banglasarc3_binary,42
04d2c1127101c192,1,1,-0.296875,0.296875,0.35577489351363034,0.6442251064863697,1.047537732582203,dann_matched,banglasarc3_binary+ben_sarc_binary,banglasarc3_binary,42
876b4804c6fc5b43,1,1,-0.33398438,0.43554688,0.31658051502379086,0.6834194849762091,1.047537732582203,dann_matched,banglasarc3_binary+ben_sarc_binary,banglasarc3_binary,42
34dbd0864564cfc0,0,0,0.46484375,-0.41601562,0.7070002730499041,0.2929997269500959,1.047537732582203,dann_matched,banglasarc3_binary+ben_sarc_binary,banglasarc3_binary,42
63a49fd32ab811fd,0,0,0.31054688,-0.34765625,0.6588566299723456,0.34114337002765444,1.047537732582203,dann_matched,banglasarc3_binary+ben_sarc_binary,banglasarc3_binary,42
9f666c15fa725558,0,0,0.93359375,-0.8046875,0.8504686206687655,0.1495313793312345,1.047537732582203,dann_matched,banglasarc3_binary+ben_sarc_binary,banglasarc3_binary,42
265176b36196d1b2,0,0,0.21777344,-0.09863281,0.5784481789341114,0.4215518210658887,1.047537732582203,dann_matched,banglasarc3_binary+ben_sarc_binary,banglasarc3_binary,42
96de00b59977a347,1,1,-0.103515625,0.15234375,0.4363818365677061,0.5636181634322939,1.047537732582203,dann_matched,banglasarc3_binary+ben_sarc_binary,banglasarc3_binary,42
4a51117b4af25a2c,1,1,-0.5625,0.5859375,0.24077459577038227,0.7592254042296177,1.047537732582203,dann_matched,banglasarc3_binary+ben_sarc_binary,banglasarc3_binary,42
aaa1c8bb9251740a,1,0,0.203125,-0.23828125,0.6085940609116138,0.3914059390883863,1.047537732582203,dann_matched,banglasarc3_binary+ben_sarc_binary,banglasarc3_binary,42
b956c99bea48b45e,0,0,0.46484375,-0.42382812,0.7086160181699034,0.2913839818300965,1.047537732582203,dann_matched,banglasarc3_binary+ben_sarc_binary,banglasarc3_binary,42
a7f029b1664720b2,0,0,1.46875,-1.421875,0.9473810466522863,0.05261895334771377,1.047537732582203,dann_matched,banglasarc3_binary+ben_sarc_binary,banglasarc3_binary,42
1f65da3aad7897f2,0,0,1.3359375,-1.234375,0.9289263306198166,0.07107366938018356,1.047537732582203,dann_matched,banglasarc3_binary+ben_sarc_binary,banglasarc3_binary,42
e299df642da32c11,1,0,0.359375,-0.43359375,0.6884684230494847,0.3115315769505153,1.047537732582203,dann_matched,banglasarc3_binary+ben_sarc_binary,banglasarc3_binary,42
281dcf0e5128a950,1,1,-0.82421875,0.9296875,0.1475551828016634,0.8524448171983366,1.047537732582203,dann_matched,banglasarc3_binary+ben_sarc_binary,banglasarc3_binary,42
4d19d4857cf11f76,1,0,0.52734375,-0.54296875,0.7446563401437933,0.2553436598562066,1.047537732582203,dann_matched,banglasarc3_binary+ben_sarc_binary,banglasarc3_binary,42
0a1efda3664119ed,0,0,0.34570312,-0.37304688,0.672331699179286,0.3276683008207139,1.047537732582203,dann_matched,banglasarc3_binary+ben_sarc_binary,banglasarc3_binary,42
222513aed35eef7e,0,0,0.27929688,-0.25976562,0.6315943044052867,0.3684056955947133,1.047537732582203,dann_matched,banglasarc3_binary+ben_sarc_binary,banglasarc3_binary,42
39fe6dafd7939acc,0,0,0.72265625,-0.74609375,0.8128673178375735,0.1871326821624266,1.047537732582203,dann_matched,banglasarc3_binary+ben_sarc_binary,banglasarc3_binary,42
a27193d4c497eccb,0,0,0.6171875,-0.72265625,0.792464245010713,0.20753575498928697,1.047537732582203,dann_matched,banglasarc3_binary+ben_sarc_binary,banglasarc3_binary,42
a6de149712c45c7c,1,1,-0.18261719,0.23046875,0.39817240257189135,0.6018275974281085,1.047537732582203,dann_matched,banglasarc3_binary+ben_sarc_binary,banglasarc3_binary,42
73ec3e5aee767003,0,0,0.89453125,-0.91796875,0.8596637505099167,0.14033624949008322,1.047537732582203,dann_matched,banglasarc3_binary+ben_sarc_binary,banglasarc3_binary,42
7be88e4c070ecb7c,0,0,0.06738281,-0.110839844,0.5444381011669821,0.45556189883301784,1.047537732582203,dann_matched,banglasarc3_binary+ben_sarc_binary,banglasarc3_binary,42
e1692847746aaeb7,0,1,-0.65625,0.62890625,0.21667379410865026,0.7833262058913498,1.047537732582203,dann_matched,banglasarc3_binary+ben_sarc_binary,banglasarc3_binary,42
affe88ed42c09f2b,0,1,-0.048583984,0.04296875,0.4771277902288348,0.5228722097711652,1.047537732582203,dann_matched,banglasarc3_binary+ben_sarc_binary,banglasarc3_binary,42
c26d77ece62c8a34,0,0,0.60546875,-0.71484375,0.7892336936802291,0.2107663063197709,1.047537732582203,dann_matched,banglasarc3_binary+ben_sarc_binary,banglasarc3_binary,42
4562504c76eb98bd,1,1,-0.21777344,0.24707031,0.3858373826401981,0.6141626173598018,1.047537732582203,dann_matched,banglasarc3_binary+ben_sarc_binary,banglasarc3_binary,42
c31bf7af3cca52d5,0,0,1.0546875,-1.0,0.8864204083088262,0.11357959169117389,1.047537732582203,dann_matched,banglasarc3_binary+ben_sarc_binary,banglasarc3_binary,42
d60439bc7741539c,1,0,0.51953125,-0.578125,0.7498206999089312,0.25017930009106876,1.047537732582203,dann_matched,banglasarc3_binary+ben_sarc_binary,banglasarc3_binary,42
f10b478fd6e0b177,0,0,1.1328125,-1.140625,0.9066531214804244,0.09334687851957546,1.047537732582203,dann_matched,banglasarc3_binary+ben_sarc_binary,banglasarc3_binary,42
3fbae9ce8772e658,0,0,0.84765625,-0.921875,0.8543993677396563,0.14560063226034367,1.047537732582203,dann_matched,banglasarc3_binary+ben_sarc_binary,banglasarc3_binary,42
d823840f4b1ff927,0,0,0.95703125,-1.0546875,0.8820219914046175,0.11797800859538259,1.047537732582203,dann_matched,banglasarc3_binary+ben_sarc_binary,banglasarc3_binary,42
e0c3a628a2e7801f,1,1,-0.72265625,0.76171875,0.184767510648,0.8152324893520001,1.047537732582203,dann_matched,banglasarc3_binary+ben_sarc_binary,banglasarc3_binary,42
eff887513d13438d,1,0,0.94140625,-0.77734375,0.8479677583778257,0.15203224162217424,1.047537732582203,dann_matched,banglasarc3_binary+ben_sarc_binary,banglasarc3_binary,42
0cd82b6dca6fe2e1,1,1,-0.063964844,0.068359375,0.4669671308849227,0.5330328691150773,1.047537732582203,dann_matched,banglasarc3_binary+ben_sarc_binary,banglasarc3_binary,42
1d09754dbb62cc6b,1,0,0.22167969,-0.14355469,0.5903069354712496,0.40969306452875043,1.047537732582203,dann_matched,banglasarc3_binary+ben_sarc_binary,banglasarc3_binary,42
c311ed8c137856aa,1,0,0.94921875,-0.84765625,0.8577681049901036,0.1422318950098963,1.047537732582203,dann_matched,banglasarc3_binary+ben_sarc_binary,banglasarc3_binary,42
7071237a4ec6c93c,1,1,-0.515625,0.5,0.2658804730998169,0.734119526900183,1.047537732582203,dann_matched,banglasarc3_binary+ben_sarc_binary,banglasarc3_binary,42
406cc3cc6af1c396,0,1,-0.8203125,0.8046875,0.1645164628965632,0.8354835371034369,1.047537732582203,dann_matched,banglasarc3_binary+ben_sarc_binary,banglasarc3_binary,42
5017f4130c84f906,1,0,0.40234375,-0.31640625,0.672331699179286,0.3276683008207139,1.047537732582203,dann_matched,banglasarc3_binary+ben_sarc_binary,banglasarc3_binary,42
dda9d98881ec3a10,0,0,0.44921875,-0.56640625,0.734119526900183,0.2658804730998169,1.047537732582203,dann_matched,banglasarc3_binary+ben_sarc_binary,banglasarc3_binary,42
44526b65a93bf812,0,0,0.69140625,-0.73046875,0.8056321889812553,0.19436781101874467,1.047537732582203,dann_matched,banglasarc3_binary+ben_sarc_binary,banglasarc3_binary,42
045171b67bd95561,0,0,1.203125,-1.015625,0.90192067652954,0.09807932347046003,1.047537732582203,dann_matched,banglasarc3_binary+ben_sarc_binary,banglasarc3_binary,42
008c34b815bb55fd,0,0,1.203125,-1.171875,0.9149009549929797,0.08509904500702024,1.047537732582203,dann_matched,banglasarc3_binary+ben_sarc_binary,banglasarc3_binary,42
aca0a6cea18374f2,0,0,0.46484375,-0.46679688,0.7174080141650894,0.2825919858349107,1.047537732582203,dann_matched,banglasarc3_binary+ben_sarc_binary,banglasarc3_binary,42
51e0fcfbe89577bb,1,0,0.17285156,-0.13769531,0.5770187415004098,0.42298125849959023,1.047537732582203,dann_matched,banglasarc3_binary+ben_sarc_binary,banglasarc3_binary,42
0cd747c951646fc6,1,1,-0.6015625,0.546875,0.24077459577038227,0.7592254042296177,1.047537732582203,dann_matched,banglasarc3_binary+ben_sarc_binary,banglasarc3_binary,42
2a8dc43b96afa2e7,1,1,-0.66796875,0.76171875,0.19314738002256465,0.8068526199774353,1.047537732582203,dann_matched,banglasarc3_binary+ben_sarc_binary,banglasarc3_binary,42
4dacd616983d14ed,1,0,0.625,-0.703125,0.7905303186696747,0.20946968133032526,1.047537732582203,dann_matched,banglasarc3_binary+ben_sarc_binary,banglasarc3_binary,42
8e45e4191312d057,0,0,1.125,-1.1171875,0.9039745112122062,0.09602548878779378,1.047537732582203,dann_matched,banglasarc3_binary+ben_sarc_binary,banglasarc3_binary,42
a30ac9245fef57e8,0,1,-0.13476562,0.18457031,0.4208375934907011,0.5791624065092988,1.047537732582203,dann_matched,banglasarc3_binary+ben_sarc_binary,banglasarc3_binary,42
1ba578744dcf18f2,0,0,0.27929688,-0.24609375,0.6284074083140564,0.37159259168594355,1.047537732582203,dann_matched,banglasarc3_binary+ben_sarc_binary,banglasarc3_binary,42
b1a866c6cbb06b7b,0,0,0.18652344,-0.19921875,0.595257298801156,0.40474270119884415,1.047537732582203,dann_matched,banglasarc3_binary+ben_sarc_binary,banglasarc3_binary,42
a61d6c2433486af9,0,0,0.1015625,-0.19433594,0.573439550937466,0.426560449062534,1.047537732582203,dann_matched,banglasarc3_binary+ben_sarc_binary,banglasarc3_binary,42
8cb4b0e68d2b2280,0,0,0.9140625,-0.83984375,0.8524448171983366,0.1475551828016634,1.047537732582203,dann_matched,banglasarc3_binary+ben_sarc_binary,banglasarc3_binary,42
5862ad605fad8a15,1,1,-0.52734375,0.51953125,0.2598256379609837,0.7401743620390163,1.047537732582203,dann_matched,banglasarc3_binary+ben_sarc_binary,banglasarc3_binary,42
cdf0634800d69305,1,0,0.35546875,-0.25,0.6469064710963125,0.3530935289036874,1.047537732582203,dann_matched,banglasarc3_binary+ben_sarc_binary,banglasarc3_binary,42
778c43b485a168af,1,0,0.3203125,-0.36328125,0.6645403126074702,0.3354596873925299,1.047537732582203,dann_matched,banglasarc3_binary+ben_sarc_binary,banglasarc3_binary,42
1df9d37a3cec5465,0,0,0.90625,-0.89453125,0.8582440095395809,0.14175599046041915,1.047537732582203,dann_matched,banglasarc3_binary+ben_sarc_binary,banglasarc3_binary,42
47b74426cb84e137,1,1,0.022949219,0.026245117,0.49917602613652357,0.5008239738634764,1.047537732582203,dann_matched,banglasarc3_binary+ben_sarc_binary,banglasarc3_binary,42
3f468b17c098db0b,0,1,-0.011352539,0.020874023,0.49194405657216267,0.5080559434278373,1.047537732582203,dann_matched,banglasarc3_binary+ben_sarc_binary,banglasarc3_binary,42
e8eed6879adc1fb9,1,0,0.14355469,-0.19921875,0.5848640663607428,0.41513593363925716,1.047537732582203,dann_matched,banglasarc3_binary+ben_sarc_binary,banglasarc3_binary,42
59adf653819d9fe1,0,1,-0.14941406,0.064941406,0.44661538731450917,0.5533846126854908,1.047537732582203,dann_matched,banglasarc3_binary+ben_sarc_binary,banglasarc3_binary,42
ab24e7278a3aa349,1,0,0.014038086,-0.053222656,0.5168088490781068,0.4831911509218933,1.047537732582203,dann_matched,banglasarc3_binary+ben_sarc_binary,banglasarc3_binary,42
e3d3248598f096fa,1,1,-0.93359375,0.921875,0.13523208079351787,0.8647679192064821,1.047537732582203,dann_matched,banglasarc3_binary+ben_sarc_binary,banglasarc3_binary,42
cc1dab7c4d3e2fa9,1,1,-0.51953125,0.53125,0.259075107596318,0.740924892403682,1.047537732582203,dann_matched,banglasarc3_binary+ben_sarc_binary,banglasarc3_binary,42
f7a48562ed437eea,0,0,1.25,-1.1875,0.9196425311777929,0.08035746882220708,1.047537732582203,dann_matched,banglasarc3_binary+ben_sarc_binary,banglasarc3_binary,42
b2ae48f6c244c3b3,1,0,0.10888672,-0.030395508,0.5347643737358613,0.4652356262641388,1.047537732582203,dann_matched,banglasarc3_binary+ben_sarc_binary,banglasarc3_binary,42
6d69a5e5443ef4a0,0,1,-0.81640625,0.76953125,0.16995623014518763,0.8300437698548124,1.047537732582203,dann_matched,banglasarc3_binary+ben_sarc_binary,banglasarc3_binary,42
17e9568c1bec66f3,1,0,1.40625,-1.1875,0.9304582554941719,0.06954174450582809,1.047537732582203,dann_matched,banglasarc3_binary+ben_sarc_binary,banglasarc3_binary,42
432511856befb10b,0,0,1.1796875,-1.1875,0.9142907207192192,0.08570927928078063,1.047537732582203,dann_matched,banglasarc3_binary+ben_sarc_binary,banglasarc3_binary,42
b7be99240747d7b9,0,0,0.9921875,-1.03125,0.8832359864017768,0.11676401359822318,1.047537732582203,dann_matched,banglasarc3_binary+ben_sarc_binary,banglasarc3_binary,42
88421f62e8ff3b41,1,0,0.34179688,-0.2890625,0.6526842973205801,0.34731570267941986,1.047537732582203,dann_matched,banglasarc3_binary+ben_sarc_binary,banglasarc3_binary,42
3e2207ffcf3ee105,0,0,0.33007812,-0.4140625,0.677900632542446,0.32209936745755396,1.047537732582203,dann_matched,banglasarc3_binary+ben_sarc_binary,banglasarc3_binary,42
51b018644cef2e50,0,0,0.9453125,-0.99609375,0.8745065534624367,0.12549344653756345,1.047537732582203,dann_matched,banglasarc3_binary+ben_sarc_binary,banglasarc3_binary,42
f95cec4307ef3024,0,0,1.015625,-1.0234375,0.8848377712685633,0.11516222873143664,1.047537732582203,dann_matched,banglasarc3_binary+ben_sarc_binary,banglasarc3_binary,42
26b12ba4953ff47f,1,1,-0.15722656,0.15429688,0.42274292867712987,0.5772570713228701,1.047537732582203,dann_matched,banglasarc3_binary+ben_sarc_binary,banglasarc3_binary,42
9e6fb96648d97dc0,0,0,0.4765625,-0.5234375,0.7310585786300049,0.2689414213699951,1.047537732582203,dann_matched,banglasarc3_binary+ben_sarc_binary,banglasarc3_binary,42
a4b8f5a2bfe6f63a,1,1,-0.47070312,0.4921875,0.27629981702672846,0.7237001829732717,1.047537732582203,dann_matched,banglasarc3_binary+ben_sarc_binary,banglasarc3_binary,42
c7e2731135ca9edc,1,1,-0.453125,0.41601562,0.29543315152184185,0.7045668484781581,1.047537732582203,dann_matched,banglasarc3_binary+ben_sarc_binary,banglasarc3_binary,42
a5f5e1447f81c7c1,0,0,0.6484375,-0.53515625,0.7655933542181188,0.23440664578188122,1.047537732582203,dann_matched,banglasarc3_binary+ben_sarc_binary,banglasarc3_binary,42
c2122763b56ffbf5,1,0,0.890625,-0.91015625,0.8582440095395809,0.14175599046041915,1.047537732582203,dann_matched,banglasarc3_binary+ben_sarc_binary,banglasarc3_binary,42
d89f0be1f7612e43,1,1,-1.1171875,1.1875,0.09073548763985106,0.909264512360149,1.047537732582203,dann_matched,banglasarc3_binary+ben_sarc_binary,banglasarc3_binary,42
83ff80d11d2cfe42,0,1,-0.2578125,0.33398438,0.3562226740350589,0.643777325964941,1.047537732582203,dann_matched,banglasarc3_binary+ben_sarc_binary,banglasarc3_binary,42
ff19766f243a9d57,1,1,-0.94921875,0.93359375,0.13206615786963916,0.8679338421303608,1.047537732582203,dann_matched,banglasarc3_binary+ben_sarc_binary,banglasarc3_binary,42
e8bd3886d550c247,1,1,-0.69140625,0.69921875,0.19930799790404563,0.8006920020959544,1.047537732582203,dann_matched,banglasarc3_binary+ben_sarc_binary,banglasarc3_binary,42
0cb293f08063597d,1,0,0.24023438,-0.22753906,0.6148566237009603,0.3851433762990397,1.047537732582203,dann_matched,banglasarc3_binary+ben_sarc_binary,banglasarc3_binary,42
bd4e9e3bdd01a022,1,1,-0.23828125,0.19140625,0.3942009561511044,0.6057990438488957,1.047537732582203,dann_matched,banglasarc3_binary+ben_sarc_binary,banglasarc3_binary,42
5b22a3f51d681541,0,0,2.0625,-1.9140625,0.9815951096107584,0.018404890389241722,1.047537732582203,dann_matched,banglasarc3_binary+ben_sarc_binary,banglasarc3_binary,42
5e682d52ed383d6b,0,0,0.76953125,-0.76171875,0.8221891305219503,0.17781086947804958,1.047537732582203,dann_matched,banglasarc3_binary+ben_sarc_binary,banglasarc3_binary,42
baad976c4d644487,0,0,1.15625,-1.09375,0.9046505351008906,0.0953494648991095,1.047537732582203,dann_matched,banglasarc3_binary+ben_sarc_binary,banglasarc3_binary,42
dd9bd6b2bf6b34e5,1,1,-0.6875,0.71875,0.1968262036430985,0.8031737963569016,1.047537732582203,dann_matched,banglasarc3_binary+ben_sarc_binary,banglasarc3_binary,42
cdbf9e38b718e84c,0,1,-0.16699219,0.22070312,0.4042722301936606,0.5957277698063393,1.047537732582203,dann_matched,banglasarc3_binary+ben_sarc_binary,banglasarc3_binary,42
4d0a57f210a73977,1,0,0.33007812,-0.3125,0.6553360165381895,0.3446639834618105,1.047537732582203,dann_matched,banglasarc3_binary+ben_sarc_binary,banglasarc3_binary,42
ab338dede5081252,0,0,0.45703125,-0.49609375,0.7217432062975979,0.2782567937024021,1.047537732582203,dann_matched,banglasarc3_binary+ben_sarc_binary,banglasarc3_binary,42
ab718a592e29dca9,0,0,1.1328125,-1.1640625,0.9086178969328287,0.09138210306717136,1.047537732582203,dann_matched,banglasarc3_binary+ben_sarc_binary,banglasarc3_binary,42
e36d944d14221a6c,0,0,0.921875,-0.91015625,0.8620035287315965,0.13799647126840353,1.047537732582203,dann_matched,banglasarc3_binary+ben_sarc_binary,banglasarc3_binary,42
63ea034834c6a12c,0,0,1.0859375,-1.125,0.9012274112476257,0.09877258875237437,1.047537732582203,dann_matched,banglasarc3_binary+ben_sarc_binary,banglasarc3_binary,42
1ead6e0bfd452d2b,1,1,-0.79296875,0.87109375,0.15921740814605373,0.8407825918539462,1.047537732582203,dann_matched,banglasarc3_binary+ben_sarc_binary,banglasarc3_binary,42
9fb91b24bd470ab7,0,0,0.008911133,-0.11816406,0.5317261172571521,0.4682738827428478,1.047537732582203,dann_matched,banglasarc3_binary+ben_sarc_binary,banglasarc3_binary,42
7adb5d686301eb8f,1,0,0.8984375,-0.8828125,0.8558511469672594,0.14414885303274058,1.047537732582203,dann_matched,banglasarc3_binary+ben_sarc_binary,banglasarc3_binary,42
30a467ac9c6d2435,1,1,-0.1640625,0.22949219,0.4028618757287128,0.5971381242712871,1.047537732582203,dann_matched,banglasarc3_binary+ben_sarc_binary,banglasarc3_binary,42
4e5a50b99551fa9f,0,0,0.33203125,-0.40625,0.6766198986579665,0.32338010134203354,1.047537732582203,dann_matched,banglasarc3_binary+ben_sarc_binary,banglasarc3_binary,42
2cc5b657e99479ab,1,1,-0.2421875,0.12402344,0.4094569089509176,0.5905430910490824,1.047537732582203,dann_matched,banglasarc3_binary+ben_sarc_binary,banglasarc3_binary,42
60a819c9455826f5,0,0,0.8203125,-0.87109375,0.8444090059229068,0.15559099407709326,1.047537732582203,dann_matched,banglasarc3_binary+ben_sarc_binary,banglasarc3_binary,42
f387e0db7e685a99,0,0,1.046875,-0.94921875,0.8803863363336775,0.11961366366632263,1.047537732582203,dann_matched,banglasarc3_binary+ben_sarc_binary,banglasarc3_binary,42
0ccfba3f9e960460,1,0,0.2578125,-0.21582031,0.6162432331794011,0.38375676682059884,1.047537732582203,dann_matched,banglasarc3_binary+ben_sarc_binary,banglasarc3_binary,42
ddc2982c4d5b19bb,0,0,0.92578125,-1.0078125,0.8736466603593868,0.12635333964061335,1.047537732582203,dann_matched,banglasarc3_binary+ben_sarc_binary,banglasarc3_binary,42
c9700acd4f20666a,1,0,0.31445312,-0.16992188,0.6187804337438501,0.38121956625614994,1.047537732582203,dann_matched,banglasarc3_binary+ben_sarc_binary,banglasarc3_binary,42
d4943eed81c34c48,1,0,1.0390625,-0.875,0.8714748610635069,0.1285251389364931,1.047537732582203,dann_matched,banglasarc3_binary+ben_sarc_binary,banglasarc3_binary,42
2e2e4b889c9df812,1,1,-0.034179688,0.044921875,0.48023491423974307,0.5197650857602569,1.047537732582203,dann_matched,banglasarc3_binary+ben_sarc_binary,banglasarc3_binary,42
5ddbd9cf7f8b9e4e,1,0,0.34570312,-0.31640625,0.6597340709808103,0.3402659290191897,1.047537732582203,dann_matched,banglasarc3_binary+ben_sarc_binary,banglasarc3_binary,42
0346c19c3d6e1abf,0,0,1.109375,-1.1328125,0.9039745112122062,0.09602548878779378,1.047537732582203,dann_matched,banglasarc3_binary+ben_sarc_binary,banglasarc3_binary,42
c5d392cb407885e6,0,0,0.078125,-0.17089844,0.5619361209940442,0.43806387900595584,1.047537732582203,dann_matched,banglasarc3_binary+ben_sarc_binary,banglasarc3_binary,42
f4997612d5ea678a,0,1,-0.82421875,0.76953125,0.16885695214168314,0.8311430478583168,1.047537732582203,dann_matched,banglasarc3_binary+ben_sarc_binary,banglasarc3_binary,42
5fb61d0d9878c215,0,1,-0.033203125,0.12597656,0.4602888933099986,0.5397111066900013,1.047537732582203,dann_matched,banglasarc3_binary+ben_sarc_binary,banglasarc3_binary,42
a3b2337ee913ed3c,1,0,0.65234375,-0.71484375,0.7969253718105298,0.2030746281894702,1.047537732582203,dann_matched,banglasarc3_binary+ben_sarc_binary,banglasarc3_binary,42
218ac0a1387a629e,0,0,0.14355469,-0.21386719,0.5884161997446202,0.41158380025537983,1.047537732582203,dann_matched,banglasarc3_binary+ben_sarc_binary,banglasarc3_binary,42
18e844b31049008b,0,0,1.2734375,-1.2421875,0.9252299570920387,0.07477004290796138,1.047537732582203,dann_matched,banglasarc3_binary+ben_sarc_binary,banglasarc3_binary,42
cbed70c13bc0c9f0,1,1,-0.87109375,0.78515625,0.16026603232776068,0.8397339676722393,1.047537732582203,dann_matched,banglasarc3_binary+ben_sarc_binary,banglasarc3_binary,42
2ab1740ebfbd3e05,1,0,1.296875,-1.2109375,0.9246876936763765,0.07531230632362355,1.047537732582203,dann_matched,banglasarc3_binary+ben_sarc_binary,banglasarc3_binary,42
0ac6a6a9e59b6038,1,1,-0.9765625,0.99609375,0.12210386546882639,0.8778961345311737,1.047537732582203,dann_matched,banglasarc3_binary+ben_sarc_binary,banglasarc3_binary,42
08f7a8e225bd8151,1,0,0.21191406,-0.14746094,0.588889130767832,0.411110869232168,1.047537732582203,dann_matched,banglasarc3_binary+ben_sarc_binary,banglasarc3_binary,42
b09ce16653e41187,1,0,0.0017089844,-0.05126953,0.5132415319416345,0.48675846805836553,1.047537732582203,dann_matched,banglasarc3_binary+ben_sarc_binary,banglasarc3_binary,42
d8186fbe40131e81,1,1,-0.6171875,0.5546875,0.23651623644570763,0.7634837635542924,1.047537732582203,dann_matched,banglasarc3_binary+ben_sarc_binary,banglasarc3_binary,42
c89eaa10622b37e2,1,0,0.23730469,-0.17285156,0.6011253440753982,0.3988746559246018,1.047537732582203,dann_matched,banglasarc3_binary+ben_sarc_binary,banglasarc3_binary,42
0ef139aef5b0b651,1,1,-1.2109375,1.2109375,0.08151975597471893,0.9184802440252811,1.047537732582203,dann_matched,banglasarc3_binary+ben_sarc_binary,banglasarc3_binary,42
2f577efec6c86515,1,1,-1.0625,1.1328125,0.10017221862592252,0.8998277813740775,1.047537732582203,dann_matched,banglasarc3_binary+ben_sarc_binary,banglasarc3_binary,42
843e76141f5386ea,1,1,-0.80078125,0.8359375,0.16291203745291188,0.8370879625470882,1.047537732582203,dann_matched,banglasarc3_binary+ben_sarc_binary,banglasarc3_binary,42
a6b139ef0507918c,0,0,0.5234375,-0.4140625,0.7185943925708561,0.28140560742914383,1.047537732582203,dann_matched,banglasarc3_binary+ben_sarc_binary,banglasarc3_binary,42
364f64d22ee2ac7a,0,0,1.359375,-1.2109375,0.9289263306198166,0.07107366938018356,1.047537732582203,dann_matched,banglasarc3_binary+ben_sarc_binary,banglasarc3_binary,42
2ac3b1eefc9be85e,1,1,-0.022827148,0.014160156,0.4907542278688894,0.5092457721311107,1.047537732582203,dann_matched,banglasarc3_binary+ben_sarc_binary,banglasarc3_binary,42
adf94921ccf02eaa,1,1,-0.90234375,0.9765625,0.13251455444044344,0.8674854455595564,1.047537732582203,dann_matched,banglasarc3_binary+ben_sarc_binary,banglasarc3_binary,42
a4d173afcf1ce29e,0,0,1.015625,-1.0,0.8824278664544911,0.11757213354550883,1.047537732582203,dann_matched,banglasarc3_binary+ben_sarc_binary,banglasarc3_binary,42
503091a9ce967b64,1,1,-0.20996094,0.26367188,0.38375676682059884,0.6162432331794011,1.047537732582203,dann_matched,banglasarc3_binary+ben_sarc_binary,banglasarc3_binary,42
4d1624fcf2e4e7d6,1,1,-0.16894531,0.203125,0.4080408559621469,0.5919591440378531,1.047537732582203,dann_matched,banglasarc3_binary+ben_sarc_binary,banglasarc3_binary,42
7bb7f9b1cb68aac0,0,0,2.046875,-1.8046875,0.9791955100493928,0.020804489950607352,1.047537732582203,dann_matched,banglasarc3_binary+ben_sarc_binary,banglasarc3_binary,42
9b912e15d3d8493f,0,1,-0.22949219,0.19824219,0.39466747146998155,0.6053325285300185,1.047537732582203,dann_matched,banglasarc3_binary+ben_sarc_binary,banglasarc3_binary,42
3827617f21fba1e3,0,0,1.734375,-1.546875,0.9637799441350253,0.036220055864974746,1.047537732582203,dann_matched,banglasarc3_binary+ben_sarc_binary,banglasarc3_binary,42
bbfcd270940c6f50,0,0,0.079589844,-0.12695312,0.551452956855494,0.448547043144506,1.047537732582203,dann_matched,banglasarc3_binary+ben_sarc_binary,banglasarc3_binary,42
a5f9487af8a08111,1,1,-0.65234375,0.703125,0.20497773615175374,0.7950222638482464,1.047537732582203,dann_matched,banglasarc3_binary+ben_sarc_binary,banglasarc3_binary,42
b132c35de55abf62,1,1,-0.115234375,0.1953125,0.42298125849959023,0.5770187415004098,1.047537732582203,dann_matched,banglasarc3_binary+ben_sarc_binary,banglasarc3_binary,42
49e50f5f6743b9a9,0,0,0.796875,-0.8046875,0.8322366527818007,0.16776334721819924,1.047537732582203,dann_matched,banglasarc3_binary+ben_sarc_binary,banglasarc3_binary,42
bc2fea241ae6e245,0,0,0.73046875,-0.66796875,0.801935826331075,0.19806417366892506,1.047537732582203,dann_matched,banglasarc3_binary+ben_sarc_binary,banglasarc3_binary,42
1ac9669da2a3b22a,0,0,1.390625,-1.203125,0.9304582554941719,0.06954174450582809,1.047537732582203,dann_matched,banglasarc3_binary+ben_sarc_binary,banglasarc3_binary,42
c678ed32dfec8e9b,1,1,-0.68359375,0.67578125,0.20434189993684582,0.7956581000631541,1.047537732582203,dann_matched,banglasarc3_binary+ben_sarc_binary,banglasarc3_binary,42
1a46fdea53a04cce,0,1,-0.73828125,0.8984375,0.16291203745291188,0.8370879625470882,1.047537732582203,dann_matched,banglasarc3_binary+ben_sarc_binary,banglasarc3_binary,42
a27bf2e316d4219b,1,1,-0.5703125,0.578125,0.24077459577038227,0.7592254042296177,1.047537732582203,dann_matched,banglasarc3_binary+ben_sarc_binary,banglasarc3_binary,42
0cec6e06c0ba9f1e,0,0,1.6796875,-1.5546875,0.9621075733703927,0.037892426629607394,1.047537732582203,dann_matched,banglasarc3_binary+ben_sarc_binary,banglasarc3_binary,42
d6b2f0ee01c230dd,1,0,0.140625,-0.115234375,0.5636181634322939,0.4363818365677061,1.047537732582203,dann_matched,banglasarc3_binary+ben_sarc_binary,banglasarc3_binary,42
9eb091e9a9d4c695,0,0,0.08203125,-0.0126953125,0.5236639483135205,0.4763360516864796,1.047537732582203,dann_matched,banglasarc3_binary+ben_sarc_binary,banglasarc3_binary,42
963ae71db6ff7e4f,0,0,0.65234375,-0.5859375,0.775264699264738,0.2247353007352621,1.047537732582203,dann_matched,banglasarc3_binary+ben_sarc_binary,banglasarc3_binary,42
9aabf8d92c3a8ef5,1,0,1.203125,-1.15625,0.9136765234137297,0.08632347658627028,1.047537732582203,dann_matched,banglasarc3_binary+ben_sarc_binary,banglasarc3_binary,42
1f00788c3c80def3,0,0,0.9375,-0.90625,0.8633916099737806,0.13660839002621938,1.047537732582203,dann_matched,banglasarc3_binary+ben_sarc_binary,banglasarc3_binary,42
b39f2b8134c7f61a,1,1,-0.3359375,0.24316406,0.35913935031261757,0.6408606496873825,1.047537732582203,dann_matched,banglasarc3_binary+ben_sarc_binary,banglasarc3_binary,42
a6a9b4365f236b0d,1,0,0.038330078,-0.092285156,0.532607463902846,0.4673925360971539,1.047537732582203,dann_matched,banglasarc3_binary+ben_sarc_binary,banglasarc3_binary,42
672f65575c01c938,1,1,-0.609375,0.59375,0.23091976292927183,0.7690802370707283,1.047537732582203,dann_matched,banglasarc3_binary+ben_sarc_binary,banglasarc3_binary,42
c361b64edd41d872,0,1,-0.33203125,0.34570312,0.3367671540610278,0.6632328459389722,1.047537732582203,dann_matched,banglasarc3_binary+ben_sarc_binary,banglasarc3_binary,42
89c73de9b852078e,0,0,0.49609375,-0.515625,0.7333563766381476,0.2666436233618524,1.047537732582203,dann_matched,banglasarc3_binary+ben_sarc_binary,banglasarc3_binary,42
ce8d47c1fb816aa3,0,0,1.3046875,-1.3125,0.9319595797274409,0.06804042027255897,1.047537732582203,dann_matched,banglasarc3_binary+ben_sarc_binary,banglasarc3_binary,42
456683ca31fa5e65,0,0,0.29492188,-0.37109375,0.6606104176951485,0.33938958230485144,1.047537732582203,dann_matched,banglasarc3_binary+ben_sarc_binary,banglasarc3_binary,42
ebd8a51d0f72f8ae,0,1,-0.5078125,0.6328125,0.24220562872535945,0.7577943712746406,1.047537732582203,dann_matched,banglasarc3_binary+ben_sarc_binary,banglasarc3_binary,42
fb863821fda44d53,1,1,-0.7578125,0.74609375,0.1818436430556475,0.8181563569443524,1.047537732582203,dann_matched,banglasarc3_binary+ben_sarc_binary,banglasarc3_binary,42
3b470389b41a77d0,0,0,0.953125,-0.98046875,0.8736466603593868,0.12635333964061335,1.047537732582203,dann_matched,banglasarc3_binary+ben_sarc_binary,banglasarc3_binary,42
7485ab52357fe573,0,0,0.94921875,-0.9296875,0.8674854455595564,0.13251455444044344,1.047537732582203,dann_matched,banglasarc3_binary+ben_sarc_binary,banglasarc3_binary,42
5d08e6dbd0a02098,0,0,2.03125,-1.7578125,0.9778834111979205,0.022116588802079524,1.047537732582203,dann_matched,banglasarc3_binary+ben_sarc_binary,banglasarc3_binary,42
bd8e1a4992f836d9,1,1,-1.5,1.546875,0.04535258055430642,0.9546474194456936,1.047537732582203,dann_matched,banglasarc3_binary+ben_sarc_binary,banglasarc3_binary,42
f54c8c8dd14b9ee4,1,0,0.48828125,-0.45898438,0.7205649407848504,0.2794350592151495,1.047537732582203,dann_matched,banglasarc3_binary+ben_sarc_binary,banglasarc3_binary,42
93aa7ab3e702a390,1,1,-0.234375,0.25,0.38121956625614994,0.6187804337438501,1.047537732582203,dann_matched,banglasarc3_binary+ben_sarc_binary,banglasarc3_binary,42
5d4df30470964289,0,0,1.453125,-1.3515625,0.9429286027746023,0.057071397225397696,1.047537732582203,dann_matched,banglasarc3_binary+ben_sarc_binary,banglasarc3_binary,42
99413b6d85bd8b6a,1,1,-0.25976562,0.13867188,0.40168780512292046,0.5983121948770795,1.047537732582203,dann_matched,banglasarc3_binary+ben_sarc_binary,banglasarc3_binary,42
b6c18248921fce54,1,0,0.984375,-0.8671875,0.8643104540313907,0.13568954596860924,1.047537732582203,dann_matched,banglasarc3_binary+ben_sarc_binary,banglasarc3_binary,42
1cabf2a505c66110,1,1,-0.56640625,0.62890625,0.23231014609688014,0.76768985390312,1.047537732582203,dann_matched,banglasarc3_binary+ben_sarc_binary,banglasarc3_binary,42
4e7d5694a62e5de3,1,1,-0.82421875,0.91796875,0.14903529447863062,0.8509647055213694,1.047537732582203,dann_matched,banglasarc3_binary+ben_sarc_binary,banglasarc3_binary,42
27bff07ea2567aff,0,0,0.328125,-0.29101562,0.6500230719240829,0.34997692807591696,1.047537732582203,dann_matched,banglasarc3_binary+ben_sarc_binary,banglasarc3_binary,42
3d2b2afef8a71422,0,0,1.5078125,-1.3671875,0.9465966702001757,0.053403329799824234,1.047537732582203,dann_matched,banglasarc3_binary+ben_sarc_binary,banglasarc3_binary,42
a6b65f2d6607df8d,0,1,-0.14453125,0.1328125,0.4311051110763438,0.5688948889236563,1.047537732582203,dann_matched,banglasarc3_binary+ben_sarc_binary,banglasarc3_binary,42
f2ce21fd06e6c0a1,0,0,1.1953125,-1.1015625,0.9086178969328287,0.09138210306717136,1.047537732582203,dann_matched,banglasarc3_binary+ben_sarc_binary,banglasarc3_binary,42
8c321d6535475133,0,0,0.08886719,-0.061035156,0.5374055680082831,0.46259443199171696,1.047537732582203,dann_matched,banglasarc3_binary+ben_sarc_binary,banglasarc3_binary,42
e4400f251525d858,0,0,0.47460938,-0.45703125,0.7174080141650894,0.2825919858349107,1.047537732582203,dann_matched,banglasarc3_binary+ben_sarc_binary,banglasarc3_binary,42
a2549aea9cf0feed,0,0,1.0234375,-1.0703125,0.8902942261220291,0.10970577387797074,1.047537732582203,dann_matched,banglasarc3_binary+ben_sarc_binary,banglasarc3_binary,42
208728590d99f477,0,0,0.19726562,-0.2734375,0.6155501631416019,0.3844498368583981,1.047537732582203,dann_matched,banglasarc3_binary+ben_sarc_binary,banglasarc3_binary,42
d7aa541a5731f237,1,1,-1.5078125,1.5703125,0.04401864986294638,0.9559813501370537,1.047537732582203,dann_matched,banglasarc3_binary+ben_sarc_binary,banglasarc3_binary,42
72d9d0c152014fd4,1,1,-0.3359375,0.32617188,0.3402659290191897,0.6597340709808103,1.047537732582203,dann_matched,banglasarc3_binary+ben_sarc_binary,banglasarc3_binary,42
8dc4677cf180080c,0,0,0.96875,-1.046875,0.8824278664544911,0.11757213354550883,1.047537732582203,dann_matched,banglasarc3_binary+ben_sarc_binary,banglasarc3_binary,42
326478b91e0a83b6,0,0,0.61328125,-0.5703125,0.7655933542181188,0.23440664578188122,1.047537732582203,dann_matched,banglasarc3_binary+ben_sarc_binary,banglasarc3_binary,42
38972718ea06dcda,0,0,1.234375,-1.0,0.9032942067038784,0.09670579329612154,1.047537732582203,dann_matched,banglasarc3_binary+ben_sarc_binary,banglasarc3_binary,42
7bb95f4327f97619,0,0,0.26757812,-0.22070312,0.6197014552649915,0.3802985447350084,1.047537732582203,dann_matched,banglasarc3_binary+ben_sarc_binary,banglasarc3_binary,42
b5430ac62bc817b3,0,1,-0.62890625,0.55859375,0.23370635691404026,0.7662936430859597,1.047537732582203,dann_matched,banglasarc3_binary+ben_sarc_binary,banglasarc3_binary,42
7745aafd0a592886,0,0,0.24023438,-0.2734375,0.6256668524290883,0.3743331475709118,1.047537732582203,dann_matched,banglasarc3_binary+ben_sarc_binary,banglasarc3_binary,42
6327f9fa75cf0eb5,0,0,1.2421875,-1.1328125,0.9149009549929797,0.08509904500702024,1.047537732582203,dann_matched,banglasarc3_binary+ben_sarc_binary,banglasarc3_binary,42
50c0d6b40de5c934,1,1,-0.24316406,0.21484375,0.3874585323823134,0.6125414676176866,1.047537732582203,dann_matched,banglasarc3_binary+ben_sarc_binary,banglasarc3_binary,42
fa23fb1cf1fa6ce1,0,1,-0.9921875,1.078125,0.11201595092000367,0.8879840490799963,1.047537732582203,dann_matched,banglasarc3_binary+ben_sarc_binary,banglasarc3_binary,42
5793d347d7491ffa,0,1,-0.79296875,0.6875,0.18535662781502407,0.8146433721849758,1.047537732582203,dann_matched,banglasarc3_binary+ben_sarc_binary,banglasarc3_binary,42
7a193a03efce7c95,0,0,0.38671875,-0.48242188,0.7045668484781581,0.29543315152184185,1.047537732582203,dann_matched,banglasarc3_binary+ben_sarc_binary,banglasarc3_binary,42
04f3d847a89bddc0,0,0,0.6328125,-0.60546875,0.775264699264738,0.2247353007352621,1.047537732582203,dann_matched,banglasarc3_binary+ben_sarc_binary,banglasarc3_binary,42
79fe03d925dd23f2,1,1,-1.125,1.203125,0.08882029240011771,0.9111797075998822,1.047537732582203,dann_matched,banglasarc3_binary+ben_sarc_binary,banglasarc3_binary,42
56a90627c13f7482,0,1,-0.73828125,0.8828125,0.16505408392910761,0.8349459160708924,1.047537732582203,dann_matched,banglasarc3_binary+ben_sarc_binary,banglasarc3_binary,42
34eae78ac0856b44,0,0,0.8671875,-0.921875,0.8568122978174237,0.1431877021825763,1.047537732582203,dann_matched,banglasarc3_binary+ben_sarc_binary,banglasarc3_binary,42
e7de35f2d96d04ae,1,1,-0.7890625,0.81640625,0.16721866883101164,0.8327813311689884,1.047537732582203,dann_matched,banglasarc3_binary+ben_sarc_binary,banglasarc3_binary,42
7edb0fbf4e12f482,1,1,-0.49804688,0.63671875,0.24328269433676913,0.7567173056632309,1.047537732582203,dann_matched,banglasarc3_binary+ben_sarc_binary,banglasarc3_binary,42
05b114079ca39ab2,0,0,1.328125,-1.2265625,0.9278877945870695,0.07211220541293051,1.047537732582203,dann_matched,banglasarc3_binary+ben_sarc_binary,banglasarc3_binary,42
012cf4a871450976,0,0,0.69140625,-0.72265625,0.804405915893501,0.19559408410649906,1.047537732582203,dann_matched,banglasarc3_binary+ben_sarc_binary,banglasarc3_binary,42
974f03c115fc2171,1,0,0.484375,-0.41992188,0.7118317107464548,0.28816828925354526,1.047537732582203,dann_matched,banglasarc3_binary+ben_sarc_binary,banglasarc3_binary,42
7d320f16846e7bf9,1,0,1.046875,-1.0,0.8856314738181876,0.1143685261818125,1.047537732582203,dann_matched,banglasarc3_binary+ben_sarc_binary,banglasarc3_binary,42
8fd01412b63f6b5f,1,0,0.43164062,-0.4296875,0.7029380630124772,0.2970619369875227,1.047537732582203,dann_matched,banglasarc3_binary+ben_sarc_binary,banglasarc3_binary,42
88e6fff6830ee411,0,1,-0.5546875,0.71484375,0.21933750491760287,0.780662495082397,1.047537732582203,dann_matched,banglasarc3_binary+ben_sarc_binary,banglasarc3_binary,42
018878abd62bc2c6,0,0,1.4453125,-1.4296875,0.9465966702001757,0.053403329799824234,1.047537732582203,dann_matched,banglasarc3_binary+ben_sarc_binary,banglasarc3_binary,42
f09b809925c88fc0,1,1,-0.703125,0.68359375,0.1999321064241851,0.800067893575815,1.047537732582203,dann_matched,banglasarc3_binary+ben_sarc_binary,banglasarc3_binary,42
bc8f433d14df5bbe,1,1,-0.99609375,1.109375,0.10856642283565619,0.8914335771643437,1.047537732582203,dann_matched,banglasarc3_binary+ben_sarc_binary,banglasarc3_binary,42
c952b7bed5795739,0,0,0.33203125,-0.23339844,0.6377079320019303,0.3622920679980696,1.047537732582203,dann_matched,banglasarc3_binary+ben_sarc_binary,banglasarc3_binary,42
90c33f63e3080a0d,0,0,0.5,-0.47851562,0.7268135846252497,0.27318641537475025,1.047537732582203,dann_matched,banglasarc3_binary+ben_sarc_binary,banglasarc3_binary,42
1ef4973752ea4564,1,1,-0.63671875,0.7109375,0.20625381039683044,0.7937461896031696,1.047537732582203,dann_matched,banglasarc3_binary+ben_sarc_binary,banglasarc3_binary,42
3f4477d5080cdfe1,0,0,0.828125,-0.84375,0.8418256472515684,0.1581743527484317,1.047537732582203,dann_matched,banglasarc3_binary+ben_sarc_binary,banglasarc3_binary,42
7a9c24d799805b22,0,0,0.85546875,-0.8359375,0.8444090059229068,0.15559099407709326,1.047537732582203,dann_matched,banglasarc3_binary+ben_sarc_binary,banglasarc3_binary,42
a53750d111a874b9,0,0,1.2890625,-1.2734375,0.9284088005554476,0.07159119944455247,1.047537732582203,dann_matched,banglasarc3_binary+ben_sarc_binary,banglasarc3_binary,42
08221e16563f5ed2,1,0,-0.036132812,-0.11035156,0.5185461749336651,0.481453825066335,1.047537732582203,dann_matched,banglasarc3_binary+ben_sarc_binary,banglasarc3_binary,42
a911bbedbe9083b7,1,1,-0.4140625,0.44335938,0.29787827113642107,0.7021217288635788,1.047537732582203,dann_matched,banglasarc3_binary+ben_sarc_binary,banglasarc3_binary,42
79af8e8606e24621,0,0,1.203125,-1.109375,0.9099070060380482,0.09009299396195182,1.047537732582203,dann_matched,banglasarc3_binary+ben_sarc_binary,banglasarc3_binary,42
725ab0037339d5f4,1,1,-0.091308594,0.09863281,0.45265689892390837,0.5473431010760916,1.047537732582203,dann_matched,banglasarc3_binary+ben_sarc_binary,banglasarc3_binary,42
888be69f29549db6,1,1,-0.0063171387,0.03564453,0.48951112152651066,0.5104888784734893,1.047537732582203,dann_matched,banglasarc3_binary+ben_sarc_binary,banglasarc3_binary,42
74ead3cc3b9dcc3e,0,1,-0.06933594,0.09326172,0.459439907224023,0.5405600927759769,1.047537732582203,dann_matched,banglasarc3_binary+ben_sarc_binary,banglasarc3_binary,42
70a0b9c4daba4b62,1,1,-0.5859375,0.66015625,0.22337706178344302,0.776622938216557,1.047537732582203,dann_matched,banglasarc3_binary+ben_sarc_binary,banglasarc3_binary,42
772cd1347ab32158,0,0,0.31054688,-0.28320312,0.6442251064863697,0.35577489351363034,1.047537732582203,dann_matched,banglasarc3_binary+ben_sarc_binary,banglasarc3_binary,42
825abf4f5714d44e,0,0,0.7109375,-0.7109375,0.8056321889812553,0.19436781101874467,1.047537732582203,dann_matched,banglasarc3_binary+ben_sarc_binary,banglasarc3_binary,42
f6d2b8f0fd5630a5,1,1,-0.3671875,0.28125,0.3433417294618182,0.6566582705381819,1.047537732582203,dann_matched,banglasarc3_binary+ben_sarc_binary,banglasarc3_binary,42
070eb74aab3e9b16,0,0,1.578125,-1.4453125,0.953621794005189,0.046378205994811086,1.047537732582203,dann_matched,banglasarc3_binary+ben_sarc_binary,banglasarc3_binary,42
ccdd5f5935aa5c08,0,1,-0.63671875,0.74609375,0.2005576797447963,0.7994423202552038,1.047537732582203,dann_matched,banglasarc3_binary+ben_sarc_binary,banglasarc3_binary,42
ff8b8a0023de988a,1,1,-0.021240234,0.125,0.4635049591074219,0.536495040892578,1.047537732582203,dann_matched,banglasarc3_binary+ben_sarc_binary,banglasarc3_binary,42
955c6c4b3c56526f,0,1,-0.42578125,0.38671875,0.30735801686526387,0.6926419831347361,1.047537732582203,dann_matched,banglasarc3_binary+ben_sarc_binary,banglasarc3_binary,42
3c7f74408087c581,0,0,0.5390625,-0.59765625,0.7570766882935809,0.24292331170641918,1.047537732582203,dann_matched,banglasarc3_binary+ben_sarc_binary,banglasarc3_binary,42
3fd3335f6927bc03,1,0,0.30078125,-0.29101562,0.643777325964941,0.3562226740350589,1.047537732582203,dann_matched,banglasarc3_binary+ben_sarc_binary,banglasarc3_binary,42
6b4cf7b079c5b900,0,1,-0.3125,0.24707031,0.3636468869428737,0.6363531130571263,1.047537732582203,dann_matched,banglasarc3_binary+ben_sarc_binary,banglasarc3_binary,42
a396d6fc294ae956,0,0,1.5390625,-1.40625,0.9500414759334155,0.0499585240665846,1.047537732582203,dann_matched,banglasarc3_binary+ben_sarc_binary,banglasarc3_binary,42
acd192278c3d2499,0,0,0.7734375,-0.62109375,0.8013146462095748,0.1986853537904252,1.047537732582203,dann_matched,banglasarc3_binary+ben_sarc_binary,banglasarc3_binary,42
13e6f0fb32b886df,1,1,-0.1328125,0.15234375,0.42919010862592216,0.5708098913740778,1.047537732582203,dann_matched,banglasarc3_binary+ben_sarc_binary,banglasarc3_binary,42
5139d41ec223ee1d,1,0,0.69140625,-0.7265625,0.8050197829785412,0.1949802170214588,1.047537732582203,dann_matched,banglasarc3_binary+ben_sarc_binary,banglasarc3_binary,42
db25536a5ca06207,1,1,-0.37304688,0.390625,0.3178495938127082,0.6821504061872917,1.047537732582203,dann_matched,banglasarc3_binary+ben_sarc_binary,banglasarc3_binary,42
9cf7c23f5c83e3c1,1,1,-0.671875,0.70703125,0.20118471823927994,0.79881528176072,1.047537732582203,dann_matched,banglasarc3_binary+ben_sarc_binary,banglasarc3_binary,42
dece6cbb7ae48b4c,0,1,-1.0390625,1.078125,0.10743747660842011,0.8925625233915799,1.047537732582203,dann_matched,banglasarc3_binary+ben_sarc_binary,banglasarc3_binary,42
cc32b357f5c62cf0,1,0,0.91796875,-0.87890625,0.8577681049901036,0.1422318950098963,1.047537732582203,dann_matched,banglasarc3_binary+ben_sarc_binary,banglasarc3_binary,42
a82a7beb318bc95f,0,0,0.54296875,-0.5859375,0.7556369949292148,0.24436300507078523,1.047537732582203,dann_matched,banglasarc3_binary+ben_sarc_binary,banglasarc3_binary,42
4269510b20e3a78d,0,1,-0.140625,0.08935547,0.44275696420923744,0.5572430357907625,1.047537732582203,dann_matched,banglasarc3_binary+ben_sarc_binary,banglasarc3_binary,42
af7a5887ba75ec02,1,1,-0.032958984,0.14453125,0.455743563860063,0.5442564361399371,1.047537732582203,dann_matched,banglasarc3_binary+ben_sarc_binary,banglasarc3_binary,42
ff7092e064f5e7f0,0,0,0.58984375,-0.625,0.7711548724998493,0.22884512750015074,1.047537732582203,dann_matched,banglasarc3_binary+ben_sarc_binary,banglasarc3_binary,42
bd75e40f2d1c3973,1,1,-0.7265625,0.66796875,0.1986853537904252,0.8013146462095748,1.047537732582203,dann_matched,banglasarc3_binary+ben_sarc_binary,banglasarc3_binary,42
55361b7e5b2475c1,1,1,-1.0546875,1.140625,0.10017221862592252,0.8998277813740775,1.047537732582203,dann_matched,banglasarc3_binary+ben_sarc_binary,banglasarc3_binary,42
f478ea328fe5ce48,1,0,0.033447266,-0.10644531,0.5349162207522974,0.4650837792477026,1.047537732582203,dann_matched,banglasarc3_binary+ben_sarc_binary,banglasarc3_binary,42
5a05491d31008062,0,0,0.88671875,-0.81640625,0.8459424373085146,0.15405756269148546,1.047537732582203,dann_matched,banglasarc3_binary+ben_sarc_binary,banglasarc3_binary,42
ae0fcdf8d0676f03,0,0,1.3203125,-1.3125,0.9329437130748804,0.06705628692511957,1.047537732582203,dann_matched,banglasarc3_binary+ben_sarc_binary,banglasarc3_binary,42
1473977d7b8985e5,0,0,0.5234375,-0.546875,0.7446563401437933,0.2553436598562066,1.047537732582203,dann_matched,banglasarc3_binary+ben_sarc_binary,banglasarc3_binary,42
880392a54d0ebe3e,0,0,0.92578125,-0.890625,0.8601343465140441,0.13986565348595606,1.047537732582203,dann_matched,banglasarc3_binary+ben_sarc_binary,banglasarc3_binary,42
a8d6ffd7233218d9,0,1,-0.51171875,0.578125,0.25164770242862033,0.7483522975713798,1.047537732582203,dann_matched,banglasarc3_binary+ben_sarc_binary,banglasarc3_binary,42
532a79af0df6317b,1,1,-0.74609375,0.76953125,0.18010666408646395,0.8198933359135361,1.047537732582203,dann_matched,banglasarc3_binary+ben_sarc_binary,banglasarc3_binary,42
e67ce7d008308e4f,1,0,0.671875,-0.58984375,0.7793218391224057,0.22067816087759426,1.047537732582203,dann_matched,banglasarc3_binary+ben_sarc_binary,banglasarc3_binary,42
d7578006b9f26c23,1,0,0.13769531,-0.20800781,0.5855752115734776,0.4144247884265225,1.047537732582203,dann_matched,banglasarc3_binary+ben_sarc_binary,banglasarc3_binary,42
714a136f278f7f6d,1,1,-0.41601562,0.515625,0.2825919858349107,0.7174080141650894,1.047537732582203,dann_matched,banglasarc3_binary+ben_sarc_binary,banglasarc3_binary,42
cb7574a7cdfb2600,0,1,-0.625,0.59375,0.22815650216092537,0.7718434978390747,1.047537732582203,dann_matched,banglasarc3_binary+ben_sarc_binary,banglasarc3_binary,42
539200a378d20681,0,0,0.375,-0.4140625,0.6876299957148544,0.31237000428514555,1.047537732582203,dann_matched,banglasarc3_binary+ben_sarc_binary,banglasarc3_binary,42
9d4e9c774780337b,1,0,0.53125,-0.5703125,0.7505527565366589,0.24944724346334116,1.047537732582203,dann_matched,banglasarc3_binary+ben_sarc_binary,banglasarc3_binary,42
d19183e0c68495fe,0,0,0.19042969,-0.08691406,0.5688948889236563,0.4311051110763438,1.047537732582203,dann_matched,banglasarc3_binary+ben_sarc_binary,banglasarc3_binary,42
e727d555b9906254,0,0,0.50390625,-0.58203125,0.74761595472359,0.2523840452764101,1.047537732582203,dann_matched,banglasarc3_binary+ben_sarc_binary,banglasarc3_binary,42
560326443dd5a61f,1,0,0.02355957,-0.0115356445,0.508772903282938,0.491227096717062,1.047537732582203,dann_matched,banglasarc3_binary+ben_sarc_binary,banglasarc3_binary,42
3a356b90dc52db7a,0,1,-0.5078125,0.38476562,0.29057807960153764,0.7094219203984623,1.047537732582203,dann_matched,banglasarc3_binary+ben_sarc_binary,banglasarc3_binary,42
10315d34cdace8c1,0,1,-0.24707031,0.15722656,0.40028040867233783,0.5997195913276621,1.047537732582203,dann_matched,banglasarc3_binary+ben_sarc_binary,banglasarc3_binary,42
5b040037fd3ecdae,1,1,-0.55078125,0.60546875,0.23934934732271168,0.7606506526772884,1.047537732582203,dann_matched,banglasarc3_binary+ben_sarc_binary,banglasarc3_binary,42
586f5d207285bf27,0,0,0.23632812,-0.21191406,0.6102212170879541,0.3897787829120459,1.047537732582203,dann_matched,banglasarc3_binary+ben_sarc_binary,banglasarc3_binary,42
11319ec3cf94ef20,0,0,0.9921875,-0.94140625,0.8736466603593868,0.12635333964061335,1.047537732582203,dann_matched,banglasarc3_binary+ben_sarc_binary,banglasarc3_binary,42
69fbdf73ddc7be78,1,1,-0.625,0.69921875,0.2101172597064404,0.7898827402935596,1.047537732582203,dann_matched,banglasarc3_binary+ben_sarc_binary,banglasarc3_binary,42
757ab3d1fca46e3c,1,1,-0.76953125,0.7734375,0.17610412024315097,0.823895879756849,1.047537732582203,dann_matched,banglasarc3_binary+ben_sarc_binary,banglasarc3_binary,42
a39c5cc8dcf7f753,0,0,1.1875,-1.140625,0.9111797075998822,0.08882029240011771,1.047537732582203,dann_matched,banglasarc3_binary+ben_sarc_binary,banglasarc3_binary,42
ba0d8b695ca6ef05,0,0,0.19628906,-0.20507812,0.5990160972353846,0.40098390276461526,1.047537732582203,dann_matched,banglasarc3_binary+ben_sarc_binary,banglasarc3_binary,42
7e976976fd12e611,0,0,0.38671875,-0.34375,0.6749081281133934,0.3250918718866066,1.047537732582203,dann_matched,banglasarc3_binary+ben_sarc_binary,banglasarc3_binary,42
177bf85b5ddcbb0b,1,0,0.20214844,-0.17382812,0.5929023333890825,0.40709766661091756,1.047537732582203,dann_matched,banglasarc3_binary+ben_sarc_binary,banglasarc3_binary,42
6d78d071878ac3d1,1,1,-0.546875,0.5390625,0.2523840452764101,0.74761595472359,1.047537732582203,dann_matched,banglasarc3_binary+ben_sarc_binary,banglasarc3_binary,42
c85c38b6528754b8,1,0,0.10644531,-0.083496094,0.5473431010760916,0.45265689892390837,1.047537732582203,dann_matched,banglasarc3_binary+ben_sarc_binary,banglasarc3_binary,42
90dbb76ac473a400,1,1,-0.091308594,0.087402344,0.45544079538153864,0.5445592046184614,1.047537732582203,dann_matched,banglasarc3_binary+ben_sarc_binary,banglasarc3_binary,42
63c48593140100b8,0,0,1.1640625,-1.1484375,0.9099070060380482,0.09009299396195182,1.047537732582203,dann_matched,banglasarc3_binary+ben_sarc_binary,banglasarc3_binary,42
aff3807e81a949e8,0,0,0.859375,-0.84765625,0.8464508271169839,0.15354917288301603,1.047537732582203,dann_matched,banglasarc3_binary+ben_sarc_binary,banglasarc3_binary,42
2a1a90955017061c,1,1,-0.77734375,0.75390625,0.17781086947804958,0.8221891305219503,1.047537732582203,dann_matched,banglasarc3_binary+ben_sarc_binary,banglasarc3_binary,42
8ba3ce83e1b38636,0,0,0.90625,-0.87109375,0.8553685628570248,0.14463143714297527,1.047537732582203,dann_matched,banglasarc3_binary+ben_sarc_binary,banglasarc3_binary,42
b6a150e585a90815,1,0,0.87109375,-0.8984375,0.8543993677396563,0.14560063226034367,1.047537732582203,dann_matched,banglasarc3_binary+ben_sarc_binary,banglasarc3_binary,42
e7f847b226aac07c,0,0,0.75390625,-0.65234375,0.8031737963569016,0.1968262036430985,1.047537732582203,dann_matched,banglasarc3_binary+ben_sarc_binary,banglasarc3_binary,42
dddd46a1f7d0d0f0,1,1,-0.46289062,0.515625,0.27318641537475025,0.7268135846252497,1.047537732582203,dann_matched,banglasarc3_binary+ben_sarc_binary,banglasarc3_binary,42
1bffdb75712cd569,0,0,0.07861328,-0.14550781,0.5557969109314933,0.4442030890685067,1.047537732582203,dann_matched,banglasarc3_binary+ben_sarc_binary,banglasarc3_binary,42
2ab62d60d1d4472e,1,0,0.024291992,-0.10839844,0.5331240211472171,0.46687597885278287,1.047537732582203,dann_matched,banglasarc3_binary+ben_sarc_binary,banglasarc3_binary,42
8fc93f04e6590154,1,0,0.056396484,-0.04345703,0.5249426576519528,0.4750573423480472,1.047537732582203,dann_matched,banglasarc3_binary+ben_sarc_binary,banglasarc3_binary,42
86de20b950da2d3c,0,1,-1.1484375,1.1875,0.08819004480076281,0.9118099551992372,1.047537732582203,dann_matched,banglasarc3_binary+ben_sarc_binary,banglasarc3_binary,42
5621eac1c37b8431,0,0,0.984375,-0.828125,0.8596637505099167,0.14033624949008322,1.047537732582203,dann_matched,banglasarc3_binary+ben_sarc_binary,banglasarc3_binary,42
837aaea86232ce70,1,1,-0.671875,0.8515625,0.1789558876900955,0.8210441123099046,1.047537732582203,dann_matched,banglasarc3_binary+ben_sarc_binary,banglasarc3_binary,42
f99f7e89824b6612,0,0,1.6328125,-1.5234375,0.9591542840900507,0.040845715909949315,1.047537732582203,dann_matched,banglasarc3_binary+ben_sarc_binary,banglasarc3_binary,42
f398263b812de4fc,0,0,0.6484375,-0.734375,0.7994423202552038,0.2005576797447963,1.047537732582203,dann_matched,banglasarc3_binary+ben_sarc_binary,banglasarc3_binary,42
f933964e1386abbc,1,0,0.78515625,-0.6875,0.8134607872557665,0.18653921274423352,1.047537732582203,dann_matched,banglasarc3_binary+ben_sarc_binary,banglasarc3_binary,42
29429b72289fcd40,0,1,-0.12402344,0.1796875,0.4246505652505345,0.5753494347494654,1.047537732582203,dann_matched,banglasarc3_binary+ben_sarc_binary,banglasarc3_binary,42
065cb8d51b12f79a,0,0,0.16308594,-0.16992188,0.5824910434755434,0.4175089565244567,1.047537732582203,dann_matched,banglasarc3_binary+ben_sarc_binary,banglasarc3_binary,42
238ed849caf48da2,0,0,0.83984375,-0.79296875,0.8365545588915281,0.1634454411084719,1.047537732582203,dann_matched,banglasarc3_binary+ben_sarc_binary,banglasarc3_binary,42
e6879d34059ffd78,1,1,-0.01550293,0.12988281,0.46371745067996034,0.5362825493200397,1.047537732582203,dann_matched,banglasarc3_binary+ben_sarc_binary,banglasarc3_binary,42
e1920815e63fd77c,1,1,-1.0234375,1.140625,0.1030244283262171,0.896975571673783,1.047537732582203,dann_matched,banglasarc3_binary+ben_sarc_binary,banglasarc3_binary,42
9d6102939ae27963,1,1,-0.25390625,0.328125,0.358465337116683,0.6415346628833171,1.047537732582203,dann_matched,banglasarc3_binary+ben_sarc_binary,banglasarc3_binary,42
7cf8d62bc548f981,1,0,0.11816406,-0.079589844,0.5492779898843114,0.45072201011568863,1.047537732582203,dann_matched,banglasarc3_binary+ben_sarc_binary,banglasarc3_binary,42
3dedb7824bbf60be,0,1,-0.47070312,0.66015625,0.2440025411640579,0.7559974588359422,1.047537732582203,dann_matched,banglasarc3_binary+ben_sarc_binary,banglasarc3_binary,42
7168d49fd7747b74,0,0,0.859375,-0.93359375,0.8572908683973974,0.1427091316026025,1.047537732582203,dann_matched,banglasarc3_binary+ben_sarc_binary,banglasarc3_binary,42
85cf586fc25418e3,0,0,0.041748047,-0.106933594,0.5371020863865634,0.4628979136134365,1.047537732582203,dann_matched,banglasarc3_binary+ben_sarc_binary,banglasarc3_binary,42
b4853c23f7a9f71d,0,0,0.265625,-0.3125,0.640635854839898,0.35936414516010196,1.047537732582203,dann_matched,banglasarc3_binary+ben_sarc_binary,banglasarc3_binary,42
b577521aba23e9a6,1,0,0.32617188,-0.2734375,0.6455669322978956,0.3544330677021044,1.047537732582203,dann_matched,banglasarc3_binary+ben_sarc_binary,banglasarc3_binary,42
43913a364404a6b7,1,0,0.3125,-0.22070312,0.6302298796590904,0.36977012034090956,1.047537732582203,dann_matched,banglasarc3_binary+ben_sarc_binary,banglasarc3_binary,42
98595080b20ded8e,0,1,-0.19726562,0.20898438,0.3998116407397951,0.600188359260205,1.047537732582203,dann_matched,banglasarc3_binary+ben_sarc_binary,banglasarc3_binary,42
e8908d5a70ac67f7,0,0,0.85546875,-0.7890625,0.8381505627344117,0.16184943726558834,1.047537732582203,dann_matched,banglasarc3_binary+ben_sarc_binary,banglasarc3_binary,42
a92f9901130b2155,0,0,0.21777344,-0.3125,0.6295468846647942,0.3704531153352058,1.047537732582203,dann_matched,banglasarc3_binary+ben_sarc_binary,banglasarc3_binary,42
7d6de967d264bd85,0,0,0.31445312,-0.3828125,0.6675812474744659,0.33241875252553404,1.047537732582203,dann_matched,banglasarc3_binary+ben_sarc_binary,banglasarc3_binary,42
9837a43eab10dddf,1,1,-1.1484375,1.171875,0.08945460216888064,0.9105453978311193,1.047537732582203,dann_matched,banglasarc3_binary+ben_sarc_binary,banglasarc3_binary,42
65319c5414a8306a,0,0,0.18261719,-0.08300781,0.5660185351961015,0.43398146480389854,1.047537732582203,dann_matched,banglasarc3_binary+ben_sarc_binary,banglasarc3_binary,42
fade48daf673b1f8,0,0,1.09375,-1.09375,0.8991213772699436,0.10087862273005653,1.047537732582203,dann_matched,banglasarc3_binary+ben_sarc_binary,banglasarc3_binary,42
866873fff24113c0,1,1,-0.21679688,0.14453125,0.41063810239300735,0.5893618976069925,1.047537732582203,dann_matched,banglasarc3_binary+ben_sarc_binary,banglasarc3_binary,42
e3cc36cc8d198224,0,1,-0.62890625,0.546875,0.2358115863944671,0.7641884136055329,1.047537732582203,dann_matched,banglasarc3_binary+ben_sarc_binary,banglasarc3_binary,42
89c21dd6d937eaff,1,1,-0.12109375,0.1875,0.4234580256008813,0.5765419743991188,1.047537732582203,dann_matched,banglasarc3_binary+ben_sarc_binary,banglasarc3_binary,42
4b6f29550988601b,0,0,1.59375,-1.4765625,0.9556514186046017,0.04434858139539836,1.047537732582203,dann_matched,banglasarc3_binary+ben_sarc_binary,banglasarc3_binary,42
d975dd69c2f72afd,1,1,-0.7265625,0.734375,0.1883239789098031,0.811676021090197,1.047537732582203,dann_matched,banglasarc3_binary+ben_sarc_binary,banglasarc3_binary,42
877fb7d4cf62f178,1,1,-0.5390625,0.640625,0.2351083892199931,0.7648916107800069,1.047537732582203,dann_matched,banglasarc3_binary+ben_sarc_binary,banglasarc3_binary,42
8e7741f5f6607b4c,1,1,-0.73046875,0.82421875,0.17441027833079015,0.8255897216692099,1.047537732582203,dann_matched,banglasarc3_binary+ben_sarc_binary,banglasarc3_binary,42
0892c4bec7f40ca2,1,1,-1.453125,1.4609375,0.05146276543260743,0.9485372345673925,1.047537732582203,dann_matched,banglasarc3_binary+ben_sarc_binary,banglasarc3_binary,42
a2b22017bfba6565,1,1,-0.46875,0.44921875,0.28537195620910677,0.7146280437908932,1.047537732582203,dann_matched,banglasarc3_binary+ben_sarc_binary,banglasarc3_binary,42
f5daae7220a90010,0,0,0.578125,-0.62109375,0.7683857743122923,0.23161422568770776,1.047537732582203,dann_matched,banglasarc3_binary+ben_sarc_binary,banglasarc3_binary,42
0f083853e0116694,1,1,-0.52734375,0.63671875,0.23792989161116973,0.7620701083888303,1.047537732582203,dann_matched,banglasarc3_binary+ben_sarc_binary,banglasarc3_binary,42
40768fb2acdaf890,0,0,0.45898438,-0.40429688,0.7033457453210089,0.29665425467899115,1.047537732582203,dann_matched,banglasarc3_binary+ben_sarc_binary,banglasarc3_binary,42
d61c45eabc68eb9b,0,1,-0.24902344,0.20410156,0.38861802670584894,0.6113819732941511,1.047537732582203,dann_matched,banglasarc3_binary+ben_sarc_binary,banglasarc3_binary,42
f8966d9f2ebf8a15,1,1,-1.1875,1.1796875,0.08570927928078063,0.9142907207192192,1.047537732582203,dann_matched,banglasarc3_binary+ben_sarc_binary,banglasarc3_binary,42
3a91532d913e2c4b,0,0,1.2578125,-1.25,0.9246876936763765,0.07531230632362355,1.047537732582203,dann_matched,banglasarc3_binary+ben_sarc_binary,banglasarc3_binary,42
701ed1e21508a181,0,0,0.48632812,-0.42773438,0.713830756042477,0.2861692439575231,1.047537732582203,dann_matched,banglasarc3_binary+ben_sarc_binary,banglasarc3_binary,42
b4b9460c57fb2ff8,1,1,-0.4609375,0.41601562,0.2938095639024741,0.706190436097526,1.047537732582203,dann_matched,banglasarc3_binary+ben_sarc_binary,banglasarc3_binary,42
f6ef35c40454d8a9,1,1,-0.13183594,0.092285156,0.4442030890685067,0.5557969109314933,1.047537732582203,dann_matched,banglasarc3_binary+ben_sarc_binary,banglasarc3_binary,42
c749254818a2beb4,1,1,-0.17578125,0.23925781,0.3977044662136777,0.6022955337863223,1.047537732582203,dann_matched,banglasarc3_binary+ben_sarc_binary,banglasarc3_binary,42
a8d95df3867755d7,1,1,-0.03955078,0.13769531,0.4558041214886501,0.54419587851135,1.047537732582203,dann_matched,banglasarc3_binary+ben_sarc_binary,banglasarc3_binary,42
fb125052de8613ad,1,1,-0.640625,0.68359375,0.2101172597064404,0.7898827402935596,1.047537732582203,dann_matched,banglasarc3_binary+ben_sarc_binary,banglasarc3_binary,42
09a2cced4bee49f7,1,1,-0.953125,0.84765625,0.14175599046041915,0.8582440095395809,1.047537732582203,dann_matched,banglasarc3_binary+ben_sarc_binary,banglasarc3_binary,42
8a83d3da7699811c,0,0,0.46289062,-0.58203125,0.7397985681509067,0.26020143184909333,1.047537732582203,dann_matched,banglasarc3_binary+ben_sarc_binary,banglasarc3_binary,42
3964424aa0d49a56,0,0,0.67578125,-0.59375,0.780662495082397,0.21933750491760287,1.047537732582203,dann_matched,banglasarc3_binary+ben_sarc_binary,banglasarc3_binary,42
0fa27d4578133779,1,0,0.25585938,-0.28125,0.6311397288493975,0.3688602711506025,1.047537732582203,dann_matched,banglasarc3_binary+ben_sarc_binary,banglasarc3_binary,42
2a782f9195e8bf56,0,1,-0.6640625,0.70703125,0.20244319214007214,0.7975568078599278,1.047537732582203,dann_matched,banglasarc3_binary+ben_sarc_binary,banglasarc3_binary,42
ce572474de1b6dd4,1,1,0.018554688,0.07324219,0.4863315313801095,0.5136684686198906,1.047537732582203,dann_matched,banglasarc3_binary+ben_sarc_binary,banglasarc3_binary,42
2b921d548ea4c4df,1,1,-0.9296875,0.9140625,0.13660839002621938,0.8633916099737806,1.047537732582203,dann_matched,banglasarc3_binary+ben_sarc_binary,banglasarc3_binary,42
8a3dac5169c757dc,1,1,-0.35351562,0.29101562,0.34422296364945776,0.6557770363505423,1.047537732582203,dann_matched,banglasarc3_binary+ben_sarc_binary,banglasarc3_binary,42
1dc83e50f7da3618,0,0,0.30273438,-0.43359375,0.6761923970034418,0.3238076029965582,1.047537732582203,dann_matched,banglasarc3_binary+ben_sarc_binary,banglasarc3_binary,42
43e4c5caf8ccf8d9,1,0,0.12597656,-0.14257812,0.5667380485050861,0.4332619514949138,1.047537732582203,dann_matched,banglasarc3_binary+ben_sarc_binary,banglasarc3_binary,42
c768491a2e849a34,1,1,-0.59765625,0.59375,0.23300752342477682,0.7669924765752232,1.047537732582203,dann_matched,banglasarc3_binary+ben_sarc_binary,banglasarc3_binary,42
d9b9d06a13c83be0,0,0,0.59375,-0.62109375,0.7711548724998493,0.22884512750015074,1.047537732582203,dann_matched,banglasarc3_binary+ben_sarc_binary,banglasarc3_binary,42
6bac0560c62a5092,1,0,0.01550293,-0.063964844,0.5198564947685168,0.48014350523148314,1.047537732582203,dann_matched,banglasarc3_binary+ben_sarc_binary,banglasarc3_binary,42
77eefbc8cad52155,0,0,0.78125,-0.79296875,0.8283841930310485,0.17161580696895154,1.047537732582203,dann_matched,banglasarc3_binary+ben_sarc_binary,banglasarc3_binary,42
61341c4de44d2405,1,1,-0.21191406,0.23046875,0.39117333942816745,0.6088266605718327,1.047537732582203,dann_matched,banglasarc3_binary+ben_sarc_binary,banglasarc3_binary,42
cd6e8a914163a6ff,0,0,0.43945312,-0.29101562,0.6749081281133934,0.3250918718866066,1.047537732582203,dann_matched,banglasarc3_binary+ben_sarc_binary,banglasarc3_binary,42
81087120efb6f7bd,0,0,1.0390625,-0.92578125,0.8770562019377661,0.12294379806223382,1.047537732582203,dann_matched,banglasarc3_binary+ben_sarc_binary,banglasarc3_binary,42
467d95865670a7c7,0,0,0.26953125,-0.22265625,0.6206216158802703,0.37937838411972974,1.047537732582203,dann_matched,banglasarc3_binary+ben_sarc_binary,banglasarc3_binary,42
a061508d9f7523b5,1,0,0.95703125,-0.89453125,0.8643104540313907,0.13568954596860924,1.047537732582203,dann_matched,banglasarc3_binary+ben_sarc_binary,banglasarc3_binary,42
cf0096f6a70cc1c1,1,1,-1.0859375,1.1484375,0.09670579329612154,0.9032942067038784,1.047537732582203,dann_matched,banglasarc3_binary+ben_sarc_binary,banglasarc3_binary,42
2038f5084e716133,0,1,-0.18652344,0.15917969,0.4144247884265225,0.5855752115734776,1.047537732582203,dann_matched,banglasarc3_binary+ben_sarc_binary,banglasarc3_binary,42
40e021231f9b1641,0,0,1.3046875,-1.25,0.9278877945870695,0.07211220541293051,1.047537732582203,dann_matched,banglasarc3_binary+ben_sarc_binary,banglasarc3_binary,42
2416d3cb16cd9c24,1,1,-0.91796875,1.046875,0.12294379806223382,0.8770562019377661,1.047537732582203,dann_matched,banglasarc3_binary+ben_sarc_binary,banglasarc3_binary,42
c8d7de7cf70fcf2b,0,1,-0.08154297,0.08496094,0.4584699258935848,0.5415300741064153,1.047537732582203,dann_matched,banglasarc3_binary+ben_sarc_binary,banglasarc3_binary,42
f6314ebda0e9b467,1,1,-0.06933594,0.11230469,0.45471428582912016,0.5452857141708799,1.047537732582203,dann_matched,banglasarc3_binary+ben_sarc_binary,banglasarc3_binary,42
6062c09c444e211f,1,0,0.49023438,-0.5546875,0.7397985681509067,0.26020143184909333,1.047537732582203,dann_matched,banglasarc3_binary+ben_sarc_binary,banglasarc3_binary,42
4adaf7a44c6d430f,1,0,0.23339844,-0.23046875,0.6139311785906431,0.386068821409357,1.047537732582203,dann_matched,banglasarc3_binary+ben_sarc_binary,banglasarc3_binary,42
a5bb573405980a25,1,1,-0.46289062,0.40625,0.29543315152184185,0.7045668484781581,1.047537732582203,dann_matched,banglasarc3_binary+ben_sarc_binary,banglasarc3_binary,42
44fc54763842d3f4,1,1,-1.1875,1.28125,0.07807816514495095,0.9219218348550491,1.047537732582203,dann_matched,banglasarc3_binary+ben_sarc_binary,banglasarc3_binary,42
64ad5df98a085346,0,0,0.076171875,-0.037109375,0.5282900659453637,0.4717099340546364,1.047537732582203,dann_matched,banglasarc3_binary+ben_sarc_binary,banglasarc3_binary,42
d3b2db834378679a,0,0,0.85546875,-0.83203125,0.8438951025545426,0.1561048974454574,1.047537732582203,dann_matched,banglasarc3_binary+ben_sarc_binary,banglasarc3_binary,42
411964e4c9aadb31,0,1,-0.084472656,0.091796875,0.456046365053861,0.543953634946139,1.047537732582203,dann_matched,banglasarc3_binary+ben_sarc_binary,banglasarc3_binary,42
9d3774289ff1c6b7,1,1,-0.38476562,0.43945312,0.3048688709099544,0.6951311290900456,1.047537732582203,dann_matched,banglasarc3_binary+ben_sarc_binary,banglasarc3_binary,42
7799f6cae337598c,0,1,0.083984375,0.095703125,0.4970703460271523,0.5029296539728477,1.047537732582203,dann_matched,banglasarc3_binary+ben_sarc_binary,banglasarc3_binary,42
211c6d38bfbe7b02,0,0,0.69921875,-0.7109375,0.8037905871912979,0.19620941280870197,1.047537732582203,dann_matched,banglasarc3_binary+ben_sarc_binary,banglasarc3_binary,42
3cff9f15c3baf42c,1,0,0.13769531,-0.18847656,0.5808276445792696,0.41917235542073045,1.047537732582203,dann_matched,banglasarc3_binary+ben_sarc_binary,banglasarc3_binary,42
9c18cf645a2b92f4,1,1,-0.6953125,0.7109375,0.1968262036430985,0.8031737963569016,1.047537732582203,dann_matched,banglasarc3_binary+ben_sarc_binary,banglasarc3_binary,42
0b45893ebd275e93,0,0,1.59375,-1.578125,0.9597620573763841,0.04023794262361602,1.047537732582203,dann_matched,banglasarc3_binary+ben_sarc_binary,banglasarc3_binary,42
e5026d6cb3802c30,1,1,-0.80859375,0.8203125,0.16398024910404715,0.8360197508959527,1.047537732582203,dann_matched,banglasarc3_binary+ben_sarc_binary,banglasarc3_binary,42
6aaf9704fc1bdef0,0,1,-0.18847656,0.17285156,0.41063810239300735,0.5893618976069925,1.047537732582203,dann_matched,banglasarc3_binary+ben_sarc_binary,banglasarc3_binary,42
81a1f43037e1cac1,1,1,-1.0703125,1.0390625,0.10818895456207035,0.8918110454379297,1.047537732582203,dann_matched,banglasarc3_binary+ben_sarc_binary,banglasarc3_binary,42
7fb0bd6317330d4d,1,0,0.08300781,-0.064941406,0.5369199842036225,0.4630800157963775,1.047537732582203,dann_matched,banglasarc3_binary+ben_sarc_binary,banglasarc3_binary,42
02520a874eae112e,1,1,-0.41601562,0.36914062,0.3132096615361948,0.6867903384638052,1.047537732582203,dann_matched,banglasarc3_binary+ben_sarc_binary,banglasarc3_binary,42
a5ce9ddbfc286430,0,1,-0.40820312,0.45507812,0.29665425467899115,0.7033457453210089,1.047537732582203,dann_matched,banglasarc3_binary+ben_sarc_binary,banglasarc3_binary,42
f0dad52b23c7b1b2,0,0,0.70703125,-0.74609375,0.8104789086703224,0.18952109132967757,1.047537732582203,dann_matched,banglasarc3_binary+ben_sarc_binary,banglasarc3_binary,42
552cb5e4af89f7b4,1,1,-0.38867188,0.41210938,0.30985842672988845,0.6901415732701115,1.047537732582203,dann_matched,banglasarc3_binary+ben_sarc_binary,banglasarc3_binary,42
5943a521e3945c92,0,0,0.359375,-0.296875,0.658417500561683,0.341582499438317,1.047537732582203,dann_matched,banglasarc3_binary+ben_sarc_binary,banglasarc3_binary,42
ae9b18fb7ff57a4e,1,1,-0.29101562,0.30078125,0.3562226740350589,0.643777325964941,1.047537732582203,dann_matched,banglasarc3_binary+ben_sarc_binary,banglasarc3_binary,42
ff80e0cbcd7c1782,0,0,1.0625,-1.0546875,0.8925625233915799,0.10743747660842011,1.047537732582203,dann_matched,banglasarc3_binary+ben_sarc_binary,banglasarc3_binary,42
f1314c540d6527e9,0,0,1.140625,-1.078125,0.90192067652954,0.09807932347046003,1.047537732582203,dann_matched,banglasarc3_binary+ben_sarc_binary,banglasarc3_binary,42
fac42c7ed54d77d8,0,1,-0.578125,0.67578125,0.2220246807679208,0.7779753192320792,1.047537732582203,dann_matched,banglasarc3_binary+ben_sarc_binary,banglasarc3_binary,42
8658527a6a2a33bf,0,0,0.58203125,-0.47460938,0.7420480411535827,0.25795195884641725,1.047537732582203,dann_matched,banglasarc3_binary+ben_sarc_binary,banglasarc3_binary,42
67575dc5c930b3d1,0,0,0.16210938,-0.21972656,0.5943158323085261,0.4056841676914739,1.047537732582203,dann_matched,banglasarc3_binary+ben_sarc_binary,banglasarc3_binary,42
ad380f5058befbd4,1,1,-0.54296875,0.54296875,0.2523840452764101,0.74761595472359,1.047537732582203,dann_matched,banglasarc3_binary+ben_sarc_binary,banglasarc3_binary,42
392a0ef4d44c3c73,1,0,0.27539062,-0.18261719,0.6125414676176866,0.3874585323823134,1.047537732582203,dann_matched,banglasarc3_binary+ben_sarc_binary,banglasarc3_binary,42
d6bafb1cda6b4f80,1,1,-1.1953125,1.265625,0.07864238118410145,0.9213576188158985,1.047537732582203,dann_matched,banglasarc3_binary+ben_sarc_binary,banglasarc3_binary,42
809d83f7454be9cd,1,1,-0.52734375,0.46875,0.2697101295716962,0.7302898704283038,1.047537732582203,dann_matched,banglasarc3_binary+ben_sarc_binary,banglasarc3_binary,42
a7ecaf79eb5d5fb9,1,1,-0.578125,0.51953125,0.25017930009106876,0.7498206999089312,1.047537732582203,dann_matched,banglasarc3_binary+ben_sarc_binary,banglasarc3_binary,42
16902334d4aac003,0,0,0.38085938,-0.3671875,0.6787529741649941,0.32124702583500586,1.047537732582203,dann_matched,banglasarc3_binary+ben_sarc_binary,banglasarc3_binary,42
051f1b25aad139f0,1,0,0.36914062,-0.46289062,0.6967842555726225,0.3032157444273775,1.047537732582203,dann_matched,banglasarc3_binary+ben_sarc_binary,banglasarc3_binary,42
74628967f465b267,0,0,0.359375,-0.421875,0.6859494550081925,0.31405054499180746,1.047537732582203,dann_matched,banglasarc3_binary+ben_sarc_binary,banglasarc3_binary,42
32b5e23e297c895c,1,1,-0.62890625,0.59765625,0.22678363486528474,0.7732163651347154,1.047537732582203,dann_matched,banglasarc3_binary+ben_sarc_binary,banglasarc3_binary,42
78a8f1d91019c411,0,1,-0.12207031,0.07714844,0.45035938252893815,0.5496406174710619,1.047537732582203,dann_matched,banglasarc3_binary+ben_sarc_binary,banglasarc3_binary,42
6bbdac83cbe8ed55,1,0,0.23925781,-0.21679688,0.612077822066995,0.387922177933005,1.047537732582203,dann_matched,banglasarc3_binary+ben_sarc_binary,banglasarc3_binary,42
505144aeff25d610,0,0,1.0390625,-1.0234375,0.8872045937171068,0.11279540628289324,1.047537732582203,dann_matched,banglasarc3_binary+ben_sarc_binary,banglasarc3_binary,42
514e7229ecf5d2fe,1,1,-0.47460938,0.56640625,0.2609540759298918,0.7390459240701083,1.047537732582203,dann_matched,banglasarc3_binary+ben_sarc_binary,banglasarc3_binary,42
97ff4666ec5e9f65,0,0,0.671875,-0.6484375,0.7892336936802291,0.2107663063197709,1.047537732582203,dann_matched,banglasarc3_binary+ben_sarc_binary,banglasarc3_binary,42
7cb9734d271aa603,1,1,-0.013061523,0.033691406,0.48831389615987647,0.5116861038401236,1.047537732582203,dann_matched,banglasarc3_binary+ben_sarc_binary,banglasarc3_binary,42
895b32d6f531e8d6,0,1,-0.62109375,0.6171875,0.2247353007352621,0.775264699264738,1.047537732582203,dann_matched,banglasarc3_binary+ben_sarc_binary,banglasarc3_binary,42
b1a4b29882b6c492,0,0,0.15917969,-0.15820312,0.5786862914188315,0.42131370858116846,1.047537732582203,dann_matched,banglasarc3_binary+ben_sarc_binary,banglasarc3_binary,42
0dc4897d46949237,0,0,1.71875,-1.6484375,0.9666631758572982,0.03333682414270177,1.047537732582203,dann_matched,banglasarc3_binary+ben_sarc_binary,banglasarc3_binary,42
c3b7103111f141a1,1,1,-0.546875,0.453125,0.2689414213699951,0.7310585786300049,1.047537732582203,dann_matched,banglasarc3_binary+ben_sarc_binary,banglasarc3_binary,42
ec3e49aee99d8f7a,1,1,-0.58203125,0.546875,0.24436300507078523,0.7556369949292148,1.047537732582203,dann_matched,banglasarc3_binary+ben_sarc_binary,banglasarc3_binary,42
992c3932d484ad9a,0,1,-0.48046875,0.5390625,0.2651187174073387,0.7348812825926613,1.047537732582203,dann_matched,banglasarc3_binary+ben_sarc_binary,banglasarc3_binary,42
c5bd12f82a343358,1,1,-0.12890625,0.09814453,0.4434799069097902,0.5565200930902098,1.047537732582203,dann_matched,banglasarc3_binary+ben_sarc_binary,banglasarc3_binary,42
3ea7fe33caac8580,0,0,1.0625,-1.0703125,0.8940517128636203,0.10594828713637978,1.047537732582203,dann_matched,banglasarc3_binary+ben_sarc_binary,banglasarc3_binary,42
33a5e06ca430c8f1,0,0,0.609375,-0.61328125,0.7725306622446245,0.22746933775537556,1.047537732582203,dann_matched,banglasarc3_binary+ben_sarc_binary,banglasarc3_binary,42
0e1ca87b75e07a22,0,1,-0.68359375,0.6875,0.20244319214007214,0.7975568078599278,1.047537732582203,dann_matched,banglasarc3_binary+ben_sarc_binary,banglasarc3_binary,42
d8fee321b4621b14,1,1,-0.23144531,0.28125,0.3745618942207717,0.6254381057792283,1.047537732582203,dann_matched,banglasarc3_binary+ben_sarc_binary,banglasarc3_binary,42
00c1732e4277e2ff,1,1,-0.58984375,0.6015625,0.23300752342477682,0.7669924765752232,1.047537732582203,dann_matched,banglasarc3_binary+ben_sarc_binary,banglasarc3_binary,42
fbce076f3a151066,1,1,-0.69921875,0.85546875,0.17441027833079015,0.8255897216692099,1.047537732582203,dann_matched,banglasarc3_binary+ben_sarc_binary,banglasarc3_binary,42
dbbbd3567edaaf38,0,0,0.033447266,0.012573242,0.5052183163815721,0.4947816836184278,1.047537732582203,dann_matched,banglasarc3_binary+ben_sarc_binary,banglasarc3_binary,42
4ac1dba701f4fda5,1,1,-0.8203125,0.828125,0.16132023775174625,0.8386797622482537,1.047537732582203,dann_matched,banglasarc3_binary+ben_sarc_binary,banglasarc3_binary,42
a13bde6d3c5bb87a,0,0,0.625,-0.63671875,0.7793218391224057,0.22067816087759426,1.047537732582203,dann_matched,banglasarc3_binary+ben_sarc_binary,banglasarc3_binary,42
9f92c9c63ab16ba9,1,1,-0.5234375,0.67578125,0.23161422568770776,0.7683857743122923,1.047537732582203,dann_matched,banglasarc3_binary+ben_sarc_binary,banglasarc3_binary,42
e70632ab44b95d37,1,0,0.25585938,-0.35742188,0.6486889357268106,0.35131106427318937,1.047537732582203,dann_matched,banglasarc3_binary+ben_sarc_binary,banglasarc3_binary,42
e1e95dc7d5fd4fe7,0,1,-0.067871094,0.110839844,0.45544079538153864,0.5445592046184614,1.047537732582203,dann_matched,banglasarc3_binary+ben_sarc_binary,banglasarc3_binary,42
cf43563beef479bd,1,0,0.41601562,-0.50390625,0.7150261869263117,0.2849738130736883,1.047537732582203,dann_matched,banglasarc3_binary+ben_sarc_binary,banglasarc3_binary,42
9f9b2bac0fb579a1,1,0,0.08251953,-0.03515625,0.5293850438006482,0.47061495619935173,1.047537732582203,dann_matched,banglasarc3_binary+ben_sarc_binary,banglasarc3_binary,42
64261898e8263c33,0,0,0.24609375,-0.27148438,0.6265812767716958,0.3734187232283041,1.047537732582203,dann_matched,banglasarc3_binary+ben_sarc_binary,banglasarc3_binary,42
2584524d390cdfab,1,0,0.21484375,-0.013916016,0.5569418389577118,0.4430581610422883,1.047537732582203,dann_matched,banglasarc3_binary+ben_sarc_binary,banglasarc3_binary,42
257a7560d1ab7c7e,0,1,-0.703125,0.71484375,0.1949802170214588,0.8050197829785412,1.047537732582203,dann_matched,banglasarc3_binary+ben_sarc_binary,banglasarc3_binary,42
2f14c0092aa7ca57,1,1,-0.25390625,0.29296875,0.3665897363221599,0.6334102636778401,1.047537732582203,dann_matched,banglasarc3_binary+ben_sarc_binary,banglasarc3_binary,42
342881c8a15bad16,0,0,0.36523438,-0.49804688,0.7033457453210089,0.29665425467899115,1.047537732582203,dann_matched,banglasarc3_binary+ben_sarc_binary,banglasarc3_binary,42
43f923ef5eb8a6f5,0,0,0.65625,-0.78515625,0.8086723228520697,0.19132767714793028,1.047537732582203,dann_matched,banglasarc3_binary+ben_sarc_binary,banglasarc3_binary,42
ee6f09f058aef096,1,0,0.21777344,-0.23632812,0.6116139734860512,0.3883860265139488,1.047537732582203,dann_matched,banglasarc3_binary+ben_sarc_binary,banglasarc3_binary,42
923b266511af9ccd,1,0,0.16699219,0.049316406,0.5293850438006482,0.47061495619935173,1.047537732582203,dann_matched,banglasarc3_binary+ben_sarc_binary,banglasarc3_binary,42
405b3d840ad271a8,0,0,0.20507812,-0.23632812,0.6085940609116138,0.3914059390883863,1.047537732582203,dann_matched,banglasarc3_binary+ben_sarc_binary,banglasarc3_binary,42
dab992c0f3dc01a0,0,0,0.24511719,-0.29882812,0.6327297197512531,0.3672702802487469,1.047537732582203,dann_matched,banglasarc3_binary+ben_sarc_binary,banglasarc3_binary,42
667af3eb14934a3e,0,0,1.65625,-1.546875,0.9609517072737735,0.03904829272622638,1.047537732582203,dann_matched,banglasarc3_binary+ben_sarc_binary,banglasarc3_binary,42
b564fa9b23515ed0,1,1,-0.80078125,0.90234375,0.15405756269148546,0.8459424373085146,1.047537732582203,dann_matched,banglasarc3_binary+ben_sarc_binary,banglasarc3_binary,42
66d2aff5fc2e61bc,0,0,1.4140625,-1.296875,0.9376689641180752,0.06233103588192476,1.047537732582203,dann_matched,banglasarc3_binary+ben_sarc_binary,banglasarc3_binary,42
d3a8233595cb8024,0,0,0.8671875,-0.90625,0.8548846370796298,0.14511536292037017,1.047537732582203,dann_matched,banglasarc3_binary+ben_sarc_binary,banglasarc3_binary,42
1d769f0a19572287,1,1,-1.015625,1.046875,0.11279540628289324,0.8872045937171068,1.047537732582203,dann_matched,banglasarc3_binary+ben_sarc_binary,banglasarc3_binary,42
3fee32aadfaf6383,0,0,1.1171875,-1.0859375,0.9005297861178929,0.09947021388210707,1.047537732582203,dann_matched,banglasarc3_binary+ben_sarc_binary,banglasarc3_binary,42
114b54f8ea927149,1,1,-0.20605469,0.20996094,0.39747056809063147,0.6025294319093685,1.047537732582203,dann_matched,banglasarc3_binary+ben_sarc_binary,banglasarc3_binary,42
f8e88475333512af,1,1,-0.14746094,0.13476562,0.42990798934000957,0.5700920106599905,1.047537732582203,dann_matched,banglasarc3_binary+ben_sarc_binary,banglasarc3_binary,42
7a2afdf85b0e4a57,1,1,-0.15625,0.20996094,0.4094569089509176,0.5905430910490824,1.047537732582203,dann_matched,banglasarc3_binary+ben_sarc_binary,banglasarc3_binary,42
92c430c72628f547,0,0,0.5546875,-0.53125,0.74761595472359,0.2523840452764101,1.047537732582203,dann_matched,banglasarc3_binary+ben_sarc_binary,banglasarc3_binary,42
26dc21d32e9a6348,1,1,-0.26953125,0.36132812,0.34731570267941986,0.6526842973205801,1.047537732582203,dann_matched,banglasarc3_binary+ben_sarc_binary,banglasarc3_binary,42
d08da382f5aa6fd6,1,1,-0.39648438,0.45507812,0.29910519024570714,0.7008948097542927,1.047537732582203,dann_matched,banglasarc3_binary+ben_sarc_binary,banglasarc3_binary,42
ff9a012f3a431db5,1,1,-0.24511719,0.125,0.40851270523926614,0.5914872947607338,1.047537732582203,dann_matched,banglasarc3_binary+ben_sarc_binary,banglasarc3_binary,42
55386c020543c40f,1,1,-1.1328125,1.171875,0.09073548763985106,0.909264512360149,1.047537732582203,dann_matched,banglasarc3_binary+ben_sarc_binary,banglasarc3_binary,42
017099e7610a6f6c,1,0,0.20800781,-0.18261719,0.5964331462646254,0.40356685373537454,1.047537732582203,dann_matched,banglasarc3_binary+ben_sarc_binary,banglasarc3_binary,42
f016ba0cc1c77d81,1,0,0.27734375,-0.27734375,0.6352224414795979,0.3647775585204021,1.047537732582203,dann_matched,banglasarc3_binary+ben_sarc_binary,banglasarc3_binary,42
bbbc6d295b42948d,0,0,0.734375,-0.6875,0.8056321889812553,0.19436781101874467,1.047537732582203,dann_matched,banglasarc3_binary+ben_sarc_binary,banglasarc3_binary,42
8a6ec5d8b3140bbc,1,1,-0.040527344,0.022583008,0.4842276467590289,0.5157723532409711,1.047537732582203,dann_matched,banglasarc3_binary+ben_sarc_binary,banglasarc3_binary,42
52f3e5cbfe71dd90,0,0,1.3515625,-1.2734375,0.9324533088603709,0.0675466911396291,1.047537732582203,dann_matched,banglasarc3_binary+ben_sarc_binary,banglasarc3_binary,42
6311c3f6e9111661,1,1,-0.453125,0.41015625,0.29665425467899115,0.7033457453210089,1.047537732582203,dann_matched,banglasarc3_binary+ben_sarc_binary,banglasarc3_binary,42
ab531d6915b77591,1,1,-0.265625,0.30078125,0.36206647674670206,0.6379335232532979,1.047537732582203,dann_matched,banglasarc3_binary+ben_sarc_binary,banglasarc3_binary,42
c8d4191a4c0034b0,0,1,-0.57421875,0.47265625,0.2598256379609837,0.7401743620390163,1.047537732582203,dann_matched,banglasarc3_binary+ben_sarc_binary,banglasarc3_binary,42
78f45826d9c886c2,1,1,-0.76171875,0.6328125,0.1986853537904252,0.8013146462095748,1.047537732582203,dann_matched,banglasarc3_binary+ben_sarc_binary,banglasarc3_binary,42
f5080918cb703e26,1,1,-0.43164062,0.59375,0.263978703002682,0.7360212969973179,1.047537732582203,dann_matched,banglasarc3_binary+ben_sarc_binary,banglasarc3_binary,42
50855678cee37752,0,0,0.82421875,-0.7890625,0.8338664465831974,0.1661335534168026,1.047537732582203,dann_matched,banglasarc3_binary+ben_sarc_binary,banglasarc3_binary,42
0e861cdeb8d4ab68,1,1,-1.046875,1.0390625,0.11047115389487247,0.8895288461051276,1.047537732582203,dann_matched,banglasarc3_binary+ben_sarc_binary,banglasarc3_binary,42
6aa0691388dde3ef,0,0,0.54296875,-0.54296875,0.74761595472359,0.2523840452764101,1.047537732582203,dann_matched,banglasarc3_binary+ben_sarc_binary,banglasarc3_binary,42
ac035386ab80b4e6,1,1,-0.25976562,0.27148438,0.3702253925955866,0.6297746074044134,1.047537732582203,dann_matched,banglasarc3_binary+ben_sarc_binary,banglasarc3_binary,42
e76a1038723dc5eb,1,1,-0.47851562,0.40820312,0.29178742608054825,0.7082125739194518,1.047537732582203,dann_matched,banglasarc3_binary+ben_sarc_binary,banglasarc3_binary,42
ff922cbca8785282,1,1,-0.04321289,0.14648438,0.45271738756972624,0.5472826124302738,1.047537732582203,dann_matched,banglasarc3_binary+ben_sarc_binary,banglasarc3_binary,42
66a6d7fc7c022153,1,0,0.26171875,-0.037109375,0.57415601726698,0.42584398273302004,1.047537732582203,dann_matched,banglasarc3_binary+ben_sarc_binary,banglasarc3_binary,42
6f920e614b465135,0,0,0.12207031,-0.09082031,0.5530225481821641,0.4469774518178359,1.047537732582203,dann_matched,banglasarc3_binary+ben_sarc_binary,banglasarc3_binary,42
a3046e4436328bea,1,1,-0.81640625,0.953125,0.14560063226034367,0.8543993677396563,1.047537732582203,dann_matched,banglasarc3_binary+ben_sarc_binary,banglasarc3_binary,42
226afc1f08fe0780,0,0,1.5546875,-1.578125,0.9582261192116938,0.04177388078830622,1.047537732582203,dann_matched,banglasarc3_binary+ben_sarc_binary,banglasarc3_binary,42
9924815a000de0cd,0,0,1.140625,-1.1015625,0.9039745112122062,0.09602548878779378,1.047537732582203,dann_matched,banglasarc3_binary+ben_sarc_binary,banglasarc3_binary,42
71c861c5ca9ae94c,0,0,0.9609375,-0.9453125,0.870597268408361,0.12940273159163906,1.047537732582203,dann_matched,banglasarc3_binary+ben_sarc_binary,banglasarc3_binary,42
9a8af6572f036955,1,0,0.48242188,-0.453125,0.7181992699169054,0.2818007300830946,1.047537732582203,dann_matched,banglasarc3_binary+ben_sarc_binary,banglasarc3_binary,42
148f42b7e3a77173,1,1,-1.171875,1.21875,0.08389038641057993,0.91610961358942,1.047537732582203,dann_matched,banglasarc3_binary+ben_sarc_binary,banglasarc3_binary,42
4a3ebc4e56a23695,0,1,-0.12402344,0.15332031,0.4311051110763438,0.5688948889236563,1.047537732582203,dann_matched,banglasarc3_binary+ben_sarc_binary,banglasarc3_binary,42
9884f74105725ac3,0,0,0.66796875,-0.68359375,0.7943849604299823,0.20561503957001773,1.047537732582203,dann_matched,banglasarc3_binary+ben_sarc_binary,banglasarc3_binary,42
bc7aa60f495fb7a9,0,1,-0.84765625,0.875,0.15152933817982858,0.8484706618201715,1.047537732582203,dann_matched,banglasarc3_binary+ben_sarc_binary,banglasarc3_binary,42
1a19fa077638051f,0,0,1.3828125,-1.3671875,0.9399133498259924,0.06008665017400762,1.047537732582203,dann_matched,banglasarc3_binary+ben_sarc_binary,banglasarc3_binary,42
bbac56b00ec41b2d,1,0,0.28125,-0.23730469,0.6268097418521419,0.3731902581478581,1.047537732582203,dann_matched,banglasarc3_binary+ben_sarc_binary,banglasarc3_binary,42
1ee3ab9f5f73d8e3,0,1,-0.19921875,0.22558594,0.395367604187517,0.604632395812483,1.047537732582203,dann_matched,banglasarc3_binary+ben_sarc_binary,banglasarc3_binary,42
0a70db745aa8febf,1,1,-0.5234375,0.5859375,0.24798742624020276,0.7520125737597972,1.047537732582203,dann_matched,banglasarc3_binary+ben_sarc_binary,banglasarc3_binary,42
a831521b5fade0b4,0,0,0.8515625,-0.91015625,0.8534247908404916,0.14657520915950842,1.047537732582203,dann_matched,banglasarc3_binary+ben_sarc_binary,banglasarc3_binary,42
aee1e0859bd82e49,0,0,0.99609375,-0.953125,0.8753614294639163,0.12463857053608371,1.047537732582203,dann_matched,banglasarc3_binary+ben_sarc_binary,banglasarc3_binary,42
14c1d9b31ee9da91,0,0,0.45117188,-0.41992188,0.7049732336450086,0.29502676635499137,1.047537732582203,dann_matched,banglasarc3_binary+ben_sarc_binary,banglasarc3_binary,42
0b3f384c234e0487,1,1,-0.13671875,0.16796875,0.4244119866699621,0.575588013330038,1.047537732582203,dann_matched,banglasarc3_binary+ben_sarc_binary,banglasarc3_binary,42
ba3b5a884606387b,1,1,-0.34570312,0.30078125,0.34378221211773596,0.656217787882264,1.047537732582203,dann_matched,banglasarc3_binary+ben_sarc_binary,banglasarc3_binary,42
d93424c4b5243f73,0,0,2.125,-1.9921875,0.9839708526340988,0.016029147365901317,1.047537732582203,dann_matched,banglasarc3_binary+ben_sarc_binary,banglasarc3_binary,42
b7e8e4540b6277b4,0,0,0.9453125,-0.8125,0.8529354795409523,0.14706452045904778,1.047537732582203,dann_matched,banglasarc3_binary+ben_sarc_binary,banglasarc3_binary,42
dfa9f26844b0493f,1,1,-0.390625,0.44726562,0.3019792286491274,0.6980207713508726,1.047537732582203,dann_matched,banglasarc3_binary+ben_sarc_binary,banglasarc3_binary,42
c63b2cd906f1ec56,1,1,-0.9140625,0.9765625,0.13117322376181567,0.8688267762381844,1.047537732582203,dann_matched,banglasarc3_binary+ben_sarc_binary,banglasarc3_binary,42
30f04a8c49d82a1e,1,0,0.123535156,-0.091796875,0.5536259575872325,0.44637404241276735,1.047537732582203,dann_matched,banglasarc3_binary+ben_sarc_binary,banglasarc3_binary,42
f53841d746ae3cd5,1,0,0.83203125,-0.87109375,0.8459424373085146,0.15405756269148546,1.047537732582203,dann_matched,banglasarc3_binary+ben_sarc_binary,banglasarc3_binary,42
78b23bee083f3547,0,0,0.49609375,-0.53125,0.7364006023908275,0.26359939760917256,1.047537732582203,dann_matched,banglasarc3_binary+ben_sarc_binary,banglasarc3_binary,42
57f53209ea014911,0,0,0.91796875,-0.97265625,0.8688267762381844,0.13117322376181567,1.047537732582203,dann_matched,banglasarc3_binary+ben_sarc_binary,banglasarc3_binary,42
6bfa33ebacfeda42,1,1,-1.109375,1.09375,0.09947021388210707,0.9005297861178929,1.047537732582203,dann_matched,banglasarc3_binary+ben_sarc_binary,banglasarc3_binary,42
188035f94f43d5ab,0,0,1.3515625,-1.1953125,0.927363293639213,0.07263670636078697,1.047537732582203,dann_matched,banglasarc3_binary+ben_sarc_binary,banglasarc3_binary,42
a9c618cbe59ac37d,1,1,-1.1796875,1.1796875,0.08632347658627028,0.9136765234137297,1.047537732582203,dann_matched,banglasarc3_binary+ben_sarc_binary,banglasarc3_binary,42
b24787eee7829216,0,1,-0.43554688,0.50390625,0.28101082202015076,0.7189891779798493,1.047537732582203,dann_matched,banglasarc3_binary+ben_sarc_binary,banglasarc3_binary,42
7ef070492a733c38,0,0,0.45117188,-0.44921875,0.7110297695673703,0.2889702304326297,1.047537732582203,dann_matched,banglasarc3_binary+ben_sarc_binary,banglasarc3_binary,42
c367988694c84530,0,0,0.54296875,-0.5625,0.7512833816078802,0.24871661839211975,1.047537732582203,dann_matched,banglasarc3_binary+ben_sarc_binary,banglasarc3_binary,42
18d391b119c1644a,1,0,0.671875,-0.75,0.8056321889812553,0.19436781101874467,1.047537732582203,dann_matched,banglasarc3_binary+ben_sarc_binary,banglasarc3_binary,42
4faab331ced87a08,0,0,0.14648438,-0.31835938,0.6141626173598018,0.3858373826401981,1.047537732582203,dann_matched,banglasarc3_binary+ben_sarc_binary,banglasarc3_binary,42
977b72c19a26ad0b,0,0,1.5,-1.390625,0.9473810466522863,0.05261895334771377,1.047537732582203,dann_matched,banglasarc3_binary+ben_sarc_binary,banglasarc3_binary,42
6517e05a5287776b,0,0,0.47851562,-0.5703125,0.7405498035298201,0.25945019647017975,1.047537732582203,dann_matched,banglasarc3_binary+ben_sarc_binary,banglasarc3_binary,42
ee6dbf89dce4e2bb,1,1,-0.765625,0.8515625,0.16559311363082369,0.8344068863691763,1.047537732582203,dann_matched,banglasarc3_binary+ben_sarc_binary,banglasarc3_binary,42
ccf32cdc3d0775ad,1,1,-0.98828125,1.1484375,0.10557884359159042,0.8944211564084097,1.047537732582203,dann_matched,banglasarc3_binary+ben_sarc_binary,banglasarc3_binary,42
4da5e414258db266,0,0,0.6953125,-0.734375,0.8068526199774353,0.19314738002256465,1.047537732582203,dann_matched,banglasarc3_binary+ben_sarc_binary,banglasarc3_binary,42
60ac14a8affe8358,1,1,-0.6328125,0.73046875,0.2037075306987091,0.7962924693012908,1.047537732582203,dann_matched,banglasarc3_binary+ben_sarc_binary,banglasarc3_binary,42
c82b770796c8cf66,1,1,-0.96875,0.86328125,0.13799647126840353,0.8620035287315965,1.047537732582203,dann_matched,banglasarc3_binary+ben_sarc_binary,banglasarc3_binary,42
f5fd2d4cdc3bc132,1,1,-0.67578125,0.66796875,0.2068940488158881,0.7931059511841119,1.047537732582203,dann_matched,banglasarc3_binary+ben_sarc_binary,banglasarc3_binary,42
94f3c9ec4b1c85a4,1,0,0.33007812,-0.2734375,0.6464602133340664,0.35353978666593344,1.047537732582203,dann_matched,banglasarc3_binary+ben_sarc_binary,banglasarc3_binary,42
5a10d03482f58dbf,1,1,-0.9609375,1.0703125,0.11596071825396677,0.8840392817460332,1.047537732582203,dann_matched,banglasarc3_binary+ben_sarc_binary,banglasarc3_binary,42
acbcf17308c9467e,1,1,-0.7265625,0.71484375,0.19132767714793028,0.8086723228520697,1.047537732582203,dann_matched,banglasarc3_binary+ben_sarc_binary,banglasarc3_binary,42
efc06bd7dc0335d5,1,1,-1.1640625,1.1171875,0.09268777863937604,0.9073122213606241,1.047537732582203,dann_matched,banglasarc3_binary+ben_sarc_binary,banglasarc3_binary,42
ed59d0f7934d3996,0,1,-0.515625,0.5390625,0.2583259885691872,0.7416740114308128,1.047537732582203,dann_matched,banglasarc3_binary+ben_sarc_binary,banglasarc3_binary,42
562d6d6d9b6ae4be,1,1,-0.45898438,0.6015625,0.2572049600455828,0.7427950399544171,1.047537732582203,dann_matched,banglasarc3_binary+ben_sarc_binary,banglasarc3_binary,42
f32e502d7c88ac0b,1,1,-1.140625,1.1484375,0.09203286011100995,0.90796713988899,1.047537732582203,dann_matched,banglasarc3_binary+ben_sarc_binary,banglasarc3_binary,42
8e5d3f2f373f5e29,0,0,0.47851562,-0.46484375,0.719777735783016,0.28022226421698404,1.047537732582203,dann_matched,banglasarc3_binary+ben_sarc_binary,banglasarc3_binary,42
9207c873bbd453c3,0,0,1.203125,-1.25,0.9207896758909757,0.07921032410902437,1.047537732582203,dann_matched,banglasarc3_binary+ben_sarc_binary,banglasarc3_binary,42
89156813be6db8c4,1,1,-0.31835938,0.34179688,0.3407045130269881,0.6592954869730118,1.047537732582203,dann_matched,banglasarc3_binary+ben_sarc_binary,banglasarc3_binary,42
8b10125a3aa18362,1,0,0.51171875,-0.27734375,0.6876299957148544,0.31237000428514555,1.047537732582203,dann_matched,banglasarc3_binary+ben_sarc_binary,banglasarc3_binary,42
1ab10ab51e82c702,0,1,-0.08251953,-0.0390625,0.4891374516395228,0.5108625483604772,1.047537732582203,dann_matched,banglasarc3_binary+ben_sarc_binary,banglasarc3_binary,42
0c97107ad69abd97,0,0,1.6328125,-1.4140625,0.9546474194456936,0.04535258055430642,1.047537732582203,dann_matched,banglasarc3_binary+ben_sarc_binary,banglasarc3_binary,42
319378441192755c,1,1,-0.004425049,0.07421875,0.4803491773602172,0.5196508226397828,1.047537732582203,dann_matched,banglasarc3_binary+ben_sarc_binary,banglasarc3_binary,42
da5927d625a7e992,0,0,0.10498047,-0.07763672,0.5455278413383466,0.4544721586616533,1.047537732582203,dann_matched,banglasarc3_binary+ben_sarc_binary,banglasarc3_binary,42
f948aa239ae79172,0,0,0.89453125,-0.890625,0.8563323913156724,0.14366760868432768,1.047537732582203,dann_matched,banglasarc3_binary+ben_sarc_binary,banglasarc3_binary,42
b98ee8eae2d4d6c2,1,1,-1.2734375,1.296875,0.07107366938018356,0.9289263306198166,1.047537732582203,dann_matched,banglasarc3_binary+ben_sarc_binary,banglasarc3_binary,42
2c4933c952f7fae0,1,1,-1.0234375,1.046875,0.11201595092000367,0.8879840490799963,1.047537732582203,dann_matched,banglasarc3_binary+ben_sarc_binary,banglasarc3_binary,42
5611174ac8f322d9,0,0,1.578125,-1.4375,0.9532750413739076,0.04672495862609242,1.047537732582203,dann_matched,banglasarc3_binary+ben_sarc_binary,banglasarc3_binary,42
a68c6a0d2e4a0d44,0,0,0.515625,-0.5703125,0.74761595472359,0.2523840452764101,1.047537732582203,dann_matched,banglasarc3_binary+ben_sarc_binary,banglasarc3_binary,42
f0beee1358ba6702,1,1,-0.80859375,0.8125,0.16505408392910761,0.8349459160708924,1.047537732582203,dann_matched,banglasarc3_binary+ben_sarc_binary,banglasarc3_binary,42
9dd87b3601b59c5e,1,0,0.4296875,-0.46484375,0.7098243776453041,0.29017562235469585,1.047537732582203,dann_matched,banglasarc3_binary+ben_sarc_binary,banglasarc3_binary,42
059d63cf1f988857,0,0,0.083984375,-0.21191406,0.573439550937466,0.426560449062534,1.047537732582203,dann_matched,banglasarc3_binary+ben_sarc_binary,banglasarc3_binary,42
205492061bc3b836,1,1,-0.66015625,0.6640625,0.2101172597064404,0.7898827402935596,1.047537732582203,dann_matched,banglasarc3_binary+ben_sarc_binary,banglasarc3_binary,42
ba85309fe6f0de09,1,0,0.31640625,-0.40429688,0.6727618311911396,0.3272381688088603,1.047537732582203,dann_matched,banglasarc3_binary+ben_sarc_binary,banglasarc3_binary,42
34cf41d51399f927,1,1,-0.87890625,0.90234375,0.14414885303274058,0.8558511469672594,1.047537732582203,dann_matched,banglasarc3_binary+ben_sarc_binary,banglasarc3_binary,42
8f9e66d0954319bd,1,1,-0.609375,0.5625,0.23651623644570763,0.7634837635542924,1.047537732582203,dann_matched,banglasarc3_binary+ben_sarc_binary,banglasarc3_binary,42
7aea9964e3bab268,0,1,-0.103515625,0.13867188,0.43974734636673746,0.5602526536332625,1.047537732582203,dann_matched,banglasarc3_binary+ben_sarc_binary,banglasarc3_binary,42
34262aaf029abe9c,0,0,1.0234375,-1.0859375,0.8918110454379297,0.10818895456207035,1.047537732582203,dann_matched,banglasarc3_binary+ben_sarc_binary,banglasarc3_binary,42
afc98c7da489d792,0,0,1.3515625,-1.2421875,0.9304582554941719,0.06954174450582809,1.047537732582203,dann_matched,banglasarc3_binary+ben_sarc_binary,banglasarc3_binary,42
87ca816cf9ca3a57,0,0,1.4765625,-1.4375,0.9485372345673925,0.05146276543260743,1.047537732582203,dann_matched,banglasarc3_binary+ben_sarc_binary,banglasarc3_binary,42
b8705f91611e42fd,1,1,-1.0,1.0390625,0.11516222873143664,0.8848377712685633,1.047537732582203,dann_matched,banglasarc3_binary+ben_sarc_binary,banglasarc3_binary,42
9b4172a29427d096,1,1,-0.8515625,0.90625,0.14706452045904778,0.8529354795409523,1.047537732582203,dann_matched,banglasarc3_binary+ben_sarc_binary,banglasarc3_binary,42
277d8e87c25a04d0,0,0,0.84765625,-0.60546875,0.8104789086703224,0.18952109132967757,1.047537732582203,dann_matched,banglasarc3_binary+ben_sarc_binary,banglasarc3_binary,42
d41615dc78dfd442,0,0,0.39453125,-0.54296875,0.7185943925708561,0.28140560742914383,1.047537732582203,dann_matched,banglasarc3_binary+ben_sarc_binary,banglasarc3_binary,42
3b570bff1dc82229,1,1,-0.21582031,0.15625,0.4080408559621469,0.5919591440378531,1.047537732582203,dann_matched,banglasarc3_binary+ben_sarc_binary,banglasarc3_binary,42
a14957fec3333e4d,1,1,-0.5390625,0.45703125,0.2697101295716962,0.7302898704283038,1.047537732582203,dann_matched,banglasarc3_binary+ben_sarc_binary,banglasarc3_binary,42
434aefb45c633a6e,1,1,-0.78125,0.84765625,0.16398024910404715,0.8360197508959527,1.047537732582203,dann_matched,banglasarc3_binary+ben_sarc_binary,banglasarc3_binary,42
cb001950d002af6a,0,0,1.2578125,-1.1328125,0.91610961358942,0.08389038641057993,1.047537732582203,dann_matched,banglasarc3_binary+ben_sarc_binary,banglasarc3_binary,42
bde02cf99aa6475c,0,0,0.98828125,-1.0625,0.8860265358862826,0.1139734641137174,1.047537732582203,dann_matched,banglasarc3_binary+ben_sarc_binary,banglasarc3_binary,42
d59a0afee6d44b0f,1,1,-0.2265625,0.32226562,0.366136335659176,0.633863664340824,1.047537732582203,dann_matched,banglasarc3_binary+ben_sarc_binary,banglasarc3_binary,42
53e03d54e9f7c1ed,1,1,-0.32617188,0.3203125,0.34378221211773596,0.656217787882264,1.047537732582203,dann_matched,banglasarc3_binary+ben_sarc_binary,banglasarc3_binary,42
2922023d8f4b1469,0,0,0.36914062,-0.39257812,0.6817267766465328,0.31827322335346725,1.047537732582203,dann_matched,banglasarc3_binary+ben_sarc_binary,banglasarc3_binary,42
9a38672a43ee4277,1,1,-0.4140625,0.47265625,0.29178742608054825,0.7082125739194518,1.047537732582203,dann_matched,banglasarc3_binary+ben_sarc_binary,banglasarc3_binary,42
7d708b93f7458e17,0,0,1.5078125,-1.3828125,0.9473810466522863,0.05261895334771377,1.047537732582203,dann_matched,banglasarc3_binary+ben_sarc_binary,banglasarc3_binary,42
123e910b36e0446d,0,0,1.6640625,-1.6015625,0.9632305339244013,0.036769466075598736,1.047537732582203,dann_matched,banglasarc3_binary+ben_sarc_binary,banglasarc3_binary,42
5dc46488541a62ec,1,1,-0.57421875,0.625,0.23161422568770776,0.7683857743122923,1.047537732582203,dann_matched,banglasarc3_binary+ben_sarc_binary,banglasarc3_binary,42
e52a1f58f51e0c0a,1,1,-0.21972656,0.26953125,0.38006842364413856,0.6199315763558614,1.047537732582203,dann_matched,banglasarc3_binary+ben_sarc_binary,banglasarc3_binary,42
9b0ea3fdc41c9127,0,0,0.6640625,-0.63671875,0.7859664367768047,0.2140335632231953,1.047537732582203,dann_matched,banglasarc3_binary+ben_sarc_binary,banglasarc3_binary,42
6013016338f9c6dd,0,0,0.53125,-0.5859375,0.7534666539902642,0.24653334600973575,1.047537732582203,dann_matched,banglasarc3_binary+ben_sarc_binary,banglasarc3_binary,42
5e41f878680dab10,0,0,1.515625,-1.4765625,0.9522199336364293,0.047780066363570746,1.047537732582203,dann_matched,banglasarc3_binary+ben_sarc_binary,banglasarc3_binary,42
f86040734ae27c6d,1,1,-0.828125,0.859375,0.1561048974454574,0.8438951025545426,1.047537732582203,dann_matched,banglasarc3_binary+ben_sarc_binary,banglasarc3_binary,42
d10cccce1b8473e7,0,0,0.12207031,-0.18261719,0.575588013330038,0.4244119866699621,1.047537732582203,dann_matched,banglasarc3_binary+ben_sarc_binary,banglasarc3_binary,42
24135986932e677c,1,0,0.6640625,-0.56640625,0.7739006059522892,0.22609939404771076,1.047537732582203,dann_matched,banglasarc3_binary+ben_sarc_binary,banglasarc3_binary,42
7514b989309b1d9c,0,0,0.66796875,-0.69140625,0.7956581000631541,0.20434189993684582,1.047537732582203,dann_matched,banglasarc3_binary+ben_sarc_binary,banglasarc3_binary,42
ce110dc8185ae08e,1,1,-0.20410156,0.375,0.35913935031261757,0.6408606496873825,1.047537732582203,dann_matched,banglasarc3_binary+ben_sarc_binary,banglasarc3_binary,42
cb27ebe4bead824c,1,0,0.66796875,-0.5625,0.7739006059522892,0.22609939404771076,1.047537732582203,dann_matched,banglasarc3_binary+ben_sarc_binary,banglasarc3_binary,42
bc540917f9b7c71d,1,1,-0.5546875,0.52734375,0.2531218139565015,0.7468781860434985,1.047537732582203,dann_matched,banglasarc3_binary+ben_sarc_binary,banglasarc3_binary,42
4ffffbe307d0a83a,0,0,0.91015625,-0.96484375,0.8670357598021706,0.13296424019782924,1.047537732582203,dann_matched,banglasarc3_binary+ben_sarc_binary,banglasarc3_binary,42
b4323b5c74f8fc36,0,0,1.0390625,-1.015625,0.8864204083088262,0.11357959169117389,1.047537732582203,dann_matched,banglasarc3_binary+ben_sarc_binary,banglasarc3_binary,42
ad6cc5fb265960cc,0,1,-0.375,0.5234375,0.2893716974101633,0.7106283025898368,1.047537732582203,dann_matched,banglasarc3_binary+ben_sarc_binary,banglasarc3_binary,42
d39ddcf24d6d9189,0,1,-0.53515625,0.4921875,0.26359939760917256,0.7364006023908275,1.047537732582203,dann_matched,banglasarc3_binary+ben_sarc_binary,banglasarc3_binary,42
f38d81be661a4b8f,1,1,-1.21875,1.25,0.07807816514495095,0.9219218348550491,1.047537732582203,dann_matched,banglasarc3_binary+ben_sarc_binary,banglasarc3_binary,42
373eddabf5c3d1f7,1,0,0.6796875,-0.53515625,0.7711548724998493,0.22884512750015074,1.047537732582203,dann_matched,banglasarc3_binary+ben_sarc_binary,banglasarc3_binary,42
c511137eaf00d6b1,1,1,-0.17382812,0.265625,0.39187128633084994,0.6081287136691501,1.047537732582203,dann_matched,banglasarc3_binary+ben_sarc_binary,banglasarc3_binary,42
3cb9b64cd0bcd1c4,1,1,-0.30859375,0.33789062,0.34378221211773596,0.656217787882264,1.047537732582203,dann_matched,banglasarc3_binary+ben_sarc_binary,banglasarc3_binary,42
44e81fb71fafc5f6,1,1,-0.703125,0.81640625,0.17953055559881986,0.8204694444011801,1.047537732582203,dann_matched,banglasarc3_binary+ben_sarc_binary,banglasarc3_binary,42
1f6366dc8c87721e,0,1,-0.06542969,0.12207031,0.45326184801538616,0.5467381519846138,1.047537732582203,dann_matched,banglasarc3_binary+ben_sarc_binary,banglasarc3_binary,42
406b7cc3a0445691,1,1,-0.84765625,0.921875,0.14560063226034367,0.8543993677396563,1.047537732582203,dann_matched,banglasarc3_binary+ben_sarc_binary,banglasarc3_binary,42
35cf36bc3d8642ab,0,1,-0.390625,0.24316406,0.3466518765442896,0.6533481234557105,1.047537732582203,dann_matched,banglasarc3_binary+ben_sarc_binary,banglasarc3_binary,42
57cd7fdd60d1667d,1,1,-0.20800781,0.20214844,0.3988746559246018,0.6011253440753982,1.047537732582203,dann_matched,banglasarc3_binary+ben_sarc_binary,banglasarc3_binary,42
0bb1548e56ec97e6,1,0,0.5390625,-0.6015625,0.7577943712746406,0.24220562872535945,1.047537732582203,dann_matched,banglasarc3_binary+ben_sarc_binary,banglasarc3_binary,42
8e8b85d15b47827c,1,0,0.016479492,-0.111816406,0.5320300525353255,0.4679699474646745,1.047537732582203,dann_matched,banglasarc3_binary+ben_sarc_binary,banglasarc3_binary,42
fae8d93fe40b415d,1,1,-0.48632812,0.45703125,0.28022226421698404,0.719777735783016,1.047537732582203,dann_matched,banglasarc3_binary+ben_sarc_binary,banglasarc3_binary,42
12e6dab580637364,1,1,-0.13085938,0.16308594,0.4270382647757372,0.5729617352242629,1.047537732582203,dann_matched,banglasarc3_binary+ben_sarc_binary,banglasarc3_binary,42
c63614053bc8ae28,0,1,-0.13867188,0.17480469,0.42226637701622904,0.5777336229837708,1.047537732582203,dann_matched,banglasarc3_binary+ben_sarc_binary,banglasarc3_binary,42
e567c1f8bb54ed53,0,0,0.16503906,-0.27734375,0.6088266605718327,0.39117333942816745,1.047537732582203,dann_matched,banglasarc3_binary+ben_sarc_binary,banglasarc3_binary,42
4689d69a0738828f,0,0,0.50390625,-0.46679688,0.725259623330965,0.27474037666903506,1.047537732582203,dann_matched,banglasarc3_binary+ben_sarc_binary,banglasarc3_binary,42
b24c7e2e479c102f,0,0,2.109375,-1.890625,0.9820137900379085,0.017986209962091555,1.047537732582203,dann_matched,banglasarc3_binary+ben_sarc_binary,banglasarc3_binary,42
8ed4645228916f02,0,0,1.25,-1.1015625,0.9130583432721083,0.08694165672789168,1.047537732582203,dann_matched,banglasarc3_binary+ben_sarc_binary,banglasarc3_binary,42
f59c42c49edda760,0,0,0.23144531,-0.19238281,0.6043989226956881,0.39560107730431193,1.047537732582203,dann_matched,banglasarc3_binary+ben_sarc_binary,banglasarc3_binary,42
d760334e952c9d53,0,0,1.890625,-1.8984375,0.9778834111979205,0.022116588802079524,1.047537732582203,dann_matched,banglasarc3_binary+ben_sarc_binary,banglasarc3_binary,42
98f8544b2ea323d3,0,0,0.625,-0.59765625,0.7725306622446245,0.22746933775537556,1.047537732582203,dann_matched,banglasarc3_binary+ben_sarc_binary,banglasarc3_binary,42
ce05c3fa0cc62627,0,0,1.640625,-1.53125,0.9597620573763841,0.04023794262361602,1.047537732582203,dann_matched,banglasarc3_binary+ben_sarc_binary,banglasarc3_binary,42
fdc64d7635cb59b2,0,0,0.99609375,-0.98828125,0.8791467675095294,0.12085323249047067,1.047537732582203,dann_matched,banglasarc3_binary+ben_sarc_binary,banglasarc3_binary,42
f93ea9b921c3c0f7,1,1,-0.09716797,0.17089844,0.4333818509235549,0.5666181490764451,1.047537732582203,dann_matched,banglasarc3_binary+ben_sarc_binary,banglasarc3_binary,42
2278f57caa613701,0,0,1.484375,-1.40625,0.9473810466522863,0.05261895334771377,1.047537732582203,dann_matched,banglasarc3_binary+ben_sarc_binary,banglasarc3_binary,42
c25fe5e4766f241a,0,0,1.3046875,-1.3125,0.9319595797274409,0.06804042027255897,1.047537732582203,dann_matched,banglasarc3_binary+ben_sarc_binary,banglasarc3_binary,42
572e4397ff6c9eb2,1,0,0.20703125,-0.28125,0.6197014552649915,0.3802985447350084,1.047537732582203,dann_matched,banglasarc3_binary+ben_sarc_binary,banglasarc3_binary,42
9e94c5340c1e9e84,1,1,-0.30273438,0.21582031,0.3731902581478581,0.6268097418521419,1.047537732582203,dann_matched,banglasarc3_binary+ben_sarc_binary,banglasarc3_binary,42
e0b7bf00262d60a7,0,0,0.71875,-0.75,0.8128673178375735,0.1871326821624266,1.047537732582203,dann_matched,banglasarc3_binary+ben_sarc_binary,banglasarc3_binary,42
7d5dcba04c7cbfc6,1,1,-1.2265625,1.296875,0.07423137046083579,0.9257686295391643,1.047537732582203,dann_matched,banglasarc3_binary+ben_sarc_binary,banglasarc3_binary,42
cd9fc03dbd82abcd,0,0,1.203125,-1.25,0.9207896758909757,0.07921032410902437,1.047537732582203,dann_matched,banglasarc3_binary+ben_sarc_binary,banglasarc3_binary,42
54b803aa09d54185,1,1,-1.0078125,0.98828125,0.11961366366632263,0.8803863363336775,1.047537732582203,dann_matched,banglasarc3_binary+ben_sarc_binary,banglasarc3_binary,42
725ea8a5def6acac,0,0,1.4609375,-1.3125,0.9412234441519332,0.05877655584806683,1.047537732582203,dann_matched,banglasarc3_binary+ben_sarc_binary,banglasarc3_binary,42
56d6d68354837500,0,0,0.25390625,-0.34765625,0.6460137001902271,0.3539862998097729,1.047537732582203,dann_matched,banglasarc3_binary+ben_sarc_binary,banglasarc3_binary,42
da5033e533eee677,1,1,-0.104003906,-0.0025024414,0.4746463972767598,0.5253536027232402,1.047537732582203,dann_matched,banglasarc3_binary+ben_sarc_binary,banglasarc3_binary,42
ce347cf05f786fe0,1,0,-0.022827148,-0.12695312,0.526007999683481,0.473992000316519,1.047537732582203,dann_matched,banglasarc3_binary+ben_sarc_binary,banglasarc3_binary,42
ea499bace09f44ce,1,0,0.58984375,-0.40820312,0.7306743976944328,0.2693256023055673,1.047537732582203,dann_matched,banglasarc3_binary+ben_sarc_binary,banglasarc3_binary,42
2ccc2f875d7de471,1,1,-0.85546875,0.94921875,0.1412814160007008,0.8587185839992991,1.047537732582203,dann_matched,banglasarc3_binary+ben_sarc_binary,banglasarc3_binary,42
22e8efc34608d82d,0,0,0.31640625,-0.33203125,0.6566582705381819,0.3433417294618182,1.047537732582203,dann_matched,banglasarc3_binary+ben_sarc_binary,banglasarc3_binary,42
040a68c1b02bd862,1,1,0.036376953,0.06933594,0.49176099972457454,0.5082390002754255,1.047537732582203,dann_matched,banglasarc3_binary+ben_sarc_binary,banglasarc3_binary,42
efde5d179b5fd873,1,0,0.20507812,-0.057617188,0.5652987435060433,0.4347012564939568,1.047537732582203,dann_matched,banglasarc3_binary+ben_sarc_binary,banglasarc3_binary,42
0b43510285b09eba,0,0,0.83984375,-0.7734375,0.8338664465831974,0.1661335534168026,1.047537732582203,dann_matched,banglasarc3_binary+ben_sarc_binary,banglasarc3_binary,42
dd4fae9961a88873,1,1,-0.045410156,0.076660156,0.46952026110372924,0.5304797388962708,1.047537732582203,dann_matched,banglasarc3_binary+ben_sarc_binary,banglasarc3_binary,42
121299f05ede0c91,1,1,-0.47851562,0.5546875,0.26246358299978934,0.7375364170002107,1.047537732582203,dann_matched,banglasarc3_binary+ben_sarc_binary,banglasarc3_binary,42
30a6096d2f7010ff,1,1,-0.15136719,0.203125,0.4122935028478457,0.5877064971521543,1.047537732582203,dann_matched,banglasarc3_binary+ben_sarc_binary,banglasarc3_binary,42
a1bd9a0f27bbd51e,0,1,-0.21875,0.359375,0.35936414516010196,0.640635854839898,1.047537732582203,dann_matched,banglasarc3_binary+ben_sarc_binary,banglasarc3_binary,42
477fd95f302c284c,0,1,-0.20214844,0.27734375,0.3823720449257363,0.6176279550742637,1.047537732582203,dann_matched,banglasarc3_binary+ben_sarc_binary,banglasarc3_binary,42
8c8158a78b04bd05,1,1,-0.3359375,0.43945312,0.3153141611162926,0.6846858388837074,1.047537732582203,dann_matched,banglasarc3_binary+ben_sarc_binary,banglasarc3_binary,42
226eabf5281f11fa,0,0,0.921875,-0.90625,0.8615382094310357,0.13846179056896438,1.047537732582203,dann_matched,banglasarc3_binary+ben_sarc_binary,banglasarc3_binary,42
d094516197c5cc27,0,0,0.546875,-0.62890625,0.7641884136055329,0.2358115863944671,1.047537732582203,dann_matched,banglasarc3_binary+ben_sarc_binary,banglasarc3_binary,42
9d3e29981c15d1c1,0,1,-0.072265625,-0.01928711,0.48675846805836553,0.5132415319416345,1.047537732582203,dann_matched,banglasarc3_binary+ben_sarc_binary,banglasarc3_binary,42
fd31f5f3ca6c7a27,1,0,0.421875,-0.48046875,0.711430905738061,0.2885690942619391,1.047537732582203,dann_matched,banglasarc3_binary+ben_sarc_binary,banglasarc3_binary,42
73b89dd260eea14b,0,0,0.62109375,-0.68359375,0.786622824583395,0.21337717541660498,1.047537732582203,dann_matched,banglasarc3_binary+ben_sarc_binary,banglasarc3_binary,42
37f2931057293b4e,1,1,-0.328125,0.3671875,0.33285232501292616,0.6671476749870737,1.047537732582203,dann_matched,banglasarc3_binary+ben_sarc_binary,banglasarc3_binary,42
d2fa1859fec8bc19,0,0,1.296875,-1.25,0.927363293639213,0.07263670636078697,1.047537732582203,dann_matched,banglasarc3_binary+ben_sarc_binary,banglasarc3_binary,42
50dbee0e7a539695,1,0,0.42773438,-0.38085938,0.6918097600232571,0.3081902399767429,1.047537732582203,dann_matched,banglasarc3_binary+ben_sarc_binary,banglasarc3_binary,42
d2ebc3d3ea553892,1,0,0.50390625,-0.44921875,0.7217432062975979,0.2782567937024021,1.047537732582203,dann_matched,banglasarc3_binary+ben_sarc_binary,banglasarc3_binary,42
e15f93ee6c7733d1,1,0,0.20507812,-0.1875,0.596903176040698,0.4030968239593021,1.047537732582203,dann_matched,banglasarc3_binary+ben_sarc_binary,banglasarc3_binary,42
25e11947840674b6,1,1,-0.6015625,0.50390625,0.24871661839211975,0.7512833816078802,1.047537732582203,dann_matched,banglasarc3_binary+ben_sarc_binary,banglasarc3_binary,42
37ed4175676826d3,1,0,0.08935547,-0.15332031,0.5603729477566978,0.4396270522433023,1.047537732582203,dann_matched,banglasarc3_binary+ben_sarc_binary,banglasarc3_binary,42
acf59b60bc703e78,0,1,-0.10205078,0.17578125,0.4309853624243235,0.5690146375756765,1.047537732582203,dann_matched,banglasarc3_binary+ben_sarc_binary,banglasarc3_binary,42
2dac047c35342cac,1,0,0.18847656,-0.32421875,0.6254381057792283,0.3745618942207717,1.047537732582203,dann_matched,banglasarc3_binary+ben_sarc_binary,banglasarc3_binary,42
ea0b4a8ffa6daf5d,0,0,0.765625,-0.61328125,0.79881528176072,0.20118471823927994,1.047537732582203,dann_matched,banglasarc3_binary+ben_sarc_binary,banglasarc3_binary,42
52c53afde23c5737,1,0,0.1875,-0.25390625,0.6085940609116138,0.3914059390883863,1.047537732582203,dann_matched,banglasarc3_binary+ben_sarc_binary,banglasarc3_binary,42
597d374e58e24ce0,0,0,0.75,-0.78125,0.8221891305219503,0.17781086947804958,1.047537732582203,dann_matched,banglasarc3_binary+ben_sarc_binary,banglasarc3_binary,42
21f6588fa41d80f2,1,1,-0.17089844,0.11425781,0.42919010862592216,0.5708098913740778,1.047537732582203,dann_matched,banglasarc3_binary+ben_sarc_binary,banglasarc3_binary,42
b4e8413b56264fde,0,0,0.26171875,-0.20605469,0.6148566237009603,0.3851433762990397,1.047537732582203,dann_matched,banglasarc3_binary+ben_sarc_binary,banglasarc3_binary,42
576dad90f863a07a,0,0,0.64453125,-0.671875,0.7885831787993471,0.2114168212006529,1.047537732582203,dann_matched,banglasarc3_binary+ben_sarc_binary,banglasarc3_binary,42
acc440f1fc8bac8a,1,0,0.88671875,-0.75390625,0.8376199633332891,0.16238003666671086,1.047537732582203,dann_matched,banglasarc3_binary+ben_sarc_binary,banglasarc3_binary,42
99f834500aa28da7,1,1,-0.5078125,0.50390625,0.2666436233618524,0.7333563766381476,1.047537732582203,dann_matched,banglasarc3_binary+ben_sarc_binary,banglasarc3_binary,42
ab8cb0f62e0897af,0,0,0.49609375,-0.41992188,0.7142295667160549,0.2857704332839452,1.047537732582203,dann_matched,banglasarc3_binary+ben_sarc_binary,banglasarc3_binary,42
c2990dd82a44f69e,1,0,0.52734375,-0.52734375,0.7416740114308128,0.2583259885691872,1.047537732582203,dann_matched,banglasarc3_binary+ben_sarc_binary,banglasarc3_binary,42
00d461014350b89e,1,0,0.140625,-0.16308594,0.5753494347494654,0.4246505652505345,1.047537732582203,dann_matched,banglasarc3_binary+ben_sarc_binary,banglasarc3_binary,42
3e29fef3bf46bf1b,0,0,1.3671875,-1.3515625,0.9381240142763573,0.061875985723642724,1.047537732582203,dann_matched,banglasarc3_binary+ben_sarc_binary,banglasarc3_binary,42
5707e3c0244d1dfb,1,0,0.43359375,-0.43359375,0.7041601384435928,0.2958398615564072,1.047537732582203,dann_matched,banglasarc3_binary+ben_sarc_binary,banglasarc3_binary,42
fd622c33ab6796bd,1,1,-0.796875,0.7890625,0.16995623014518763,0.8300437698548124,1.047537732582203,dann_matched,banglasarc3_binary+ben_sarc_binary,banglasarc3_binary,42
61890d2332416b73,0,0,0.43945312,-0.390625,0.6963714486908549,0.3036285513091451,1.047537732582203,dann_matched,banglasarc3_binary+ben_sarc_binary,banglasarc3_binary,42
3b4ef2d9f41c852f,1,1,-0.2578125,0.16210938,0.39653544491273246,0.6034645550872676,1.047537732582203,dann_matched,banglasarc3_binary+ben_sarc_binary,banglasarc3_binary,42
e5390f71a9c29ba6,0,0,1.0390625,-1.0234375,0.8872045937171068,0.11279540628289324,1.047537732582203,dann_matched,banglasarc3_binary+ben_sarc_binary,banglasarc3_binary,42
b099c317bb9c6687,1,1,-1.3203125,1.3984375,0.061875985723642724,0.9381240142763573,1.047537732582203,dann_matched,banglasarc3_binary+ben_sarc_binary,banglasarc3_binary,42
912bbeda5648f283,1,0,0.23535156,-0.24121094,0.616935831319445,0.38306416868055515,1.047537732582203,dann_matched,banglasarc3_binary+ben_sarc_binary,banglasarc3_binary,42
c823ae44a3e23b84,0,0,0.59375,-0.62109375,0.7711548724998493,0.22884512750015074,1.047537732582203,dann_matched,banglasarc3_binary+ben_sarc_binary,banglasarc3_binary,42
bfea9a263b223c80,1,0,0.7109375,-0.671875,0.7994423202552038,0.2005576797447963,1.047537732582203,dann_matched,banglasarc3_binary+ben_sarc_binary,banglasarc3_binary,42
3cdaa503d41fc6a6,0,0,1.171875,-1.1328125,0.909264512360149,0.09073548763985106,1.047537732582203,dann_matched,banglasarc3_binary+ben_sarc_binary,banglasarc3_binary,42
d71f7c52c9ea87be,0,1,-0.41601562,0.38476562,0.30985842672988845,0.6901415732701115,1.047537732582203,dann_matched,banglasarc3_binary+ben_sarc_binary,banglasarc3_binary,42
def9ea9b246c55b1,0,0,0.35351562,-0.515625,0.7045668484781581,0.29543315152184185,1.047537732582203,dann_matched,banglasarc3_binary+ben_sarc_binary,banglasarc3_binary,42
04b1b4f08fdd18c5,1,1,-0.2890625,0.26367188,0.36523024608125737,0.6347697539187426,1.047537732582203,dann_matched,banglasarc3_binary+ben_sarc_binary,banglasarc3_binary,42
39bf383204dad4e3,0,0,0.5859375,-0.57421875,0.7613611051229845,0.23863889487701548,1.047537732582203,dann_matched,banglasarc3_binary+ben_sarc_binary,banglasarc3_binary,42
1f427bfaa298bf6b,1,0,0.18554688,-0.103027344,0.5716470422998096,0.4283529577001905,1.047537732582203,dann_matched,banglasarc3_binary+ben_sarc_binary,banglasarc3_binary,42
ed3220bf0c8abb3b,1,1,-0.67578125,0.72265625,0.19806417366892506,0.801935826331075,1.047537732582203,dann_matched,banglasarc3_binary+ben_sarc_binary,banglasarc3_binary,42
855a37fc463d8e33,1,1,-1.2265625,1.3125,0.07316472140562331,0.9268352785943768,1.047537732582203,dann_matched,banglasarc3_binary+ben_sarc_binary,banglasarc3_binary,42
4771a65e8a1e5abf,0,0,0.095703125,-0.21191406,0.5763035373315455,0.4236964626684544,1.047537732582203,dann_matched,banglasarc3_binary+ben_sarc_binary,banglasarc3_binary,42
4f4b52f3c17a4ba1,0,0,0.39257812,-0.46484375,0.7021217288635788,0.29787827113642107,1.047537732582203,dann_matched,banglasarc3_binary+ben_sarc_binary,banglasarc3_binary,42
51e27f8269f8eaac,0,1,-0.23144531,0.3046875,0.3690876463175275,0.6309123536824726,1.047537732582203,dann_matched,banglasarc3_binary+ben_sarc_binary,banglasarc3_binary,42
8de5e108effcbaea,0,0,1.4609375,-1.2890625,0.9399133498259924,0.06008665017400762,1.047537732582203,dann_matched,banglasarc3_binary+ben_sarc_binary,banglasarc3_binary,42
75e09ea10216853d,0,0,0.66796875,-0.7109375,0.79881528176072,0.20118471823927994,1.047537732582203,dann_matched,banglasarc3_binary+ben_sarc_binary,banglasarc3_binary,42
b3ece23327e83d73,0,0,1.28125,-1.2265625,0.9246876936763765,0.07531230632362355,1.047537732582203,dann_matched,banglasarc3_binary+ben_sarc_binary,banglasarc3_binary,42
237b60d67d3a977b,0,0,1.3125,-1.3203125,0.9329437130748804,0.06705628692511957,1.047537732582203,dann_matched,banglasarc3_binary+ben_sarc_binary,banglasarc3_binary,42
9ce912c1a315b4d4,1,1,-0.1640625,0.12695312,0.4277552434539343,0.5722447565460658,1.047537732582203,dann_matched,banglasarc3_binary+ben_sarc_binary,banglasarc3_binary,42
a034075943ae5ef1,1,1,-0.33789062,0.40429688,0.3225259830643727,0.6774740169356273,1.047537732582203,dann_matched,banglasarc3_binary+ben_sarc_binary,banglasarc3_binary,42
00e1bdb06e67ed07,0,0,1.234375,-1.0859375,0.9105453978311193,0.08945460216888064,1.047537732582203,dann_matched,banglasarc3_binary+ben_sarc_binary,banglasarc3_binary,42
5e81d0127cda6083,1,1,-0.45507812,0.40820312,0.29665425467899115,0.7033457453210089,1.047537732582203,dann_matched,banglasarc3_binary+ben_sarc_binary,banglasarc3_binary,42
391c2dab4f4a8ea6,1,1,-1.1484375,1.1953125,0.08756383952305867,0.9124361604769414,1.047537732582203,dann_matched,banglasarc3_binary+ben_sarc_binary,banglasarc3_binary,42
76010f7452a4ee0b,0,0,0.57421875,-0.5546875,0.7556369949292148,0.24436300507078523,1.047537732582203,dann_matched,banglasarc3_binary+ben_sarc_binary,banglasarc3_binary,42
501212c9f4c39f1a,0,0,1.21875,-1.1796875,0.916708077443256,0.0832919225567441,1.047537732582203,dann_matched,banglasarc3_binary+ben_sarc_binary,banglasarc3_binary,42
2d0c4e3b8cd32421,1,1,-0.70703125,0.65234375,0.20434189993684582,0.7956581000631541,1.047537732582203,dann_matched,banglasarc3_binary+ben_sarc_binary,banglasarc3_binary,42
b46fca43ca40e1a1,0,0,0.5390625,-0.5078125,0.7401743620390163,0.2598256379609837,1.047537732582203,dann_matched,banglasarc3_binary+ben_sarc_binary,banglasarc3_binary,42
eb34b73284cdfb62,0,1,-0.38867188,0.62109375,0.2670257208309401,0.73297427916906,1.047537732582203,dann_matched,banglasarc3_binary+ben_sarc_binary,banglasarc3_binary,42
82b1b909a5385c25,0,0,0.118652344,-0.15625,0.5682960250781992,0.43170397492180074,1.047537732582203,dann_matched,banglasarc3_binary+ben_sarc_binary,banglasarc3_binary,42
afab669e2802f55a,0,0,0.31445312,-0.31445312,0.652241416355273,0.34775858364472695,1.047537732582203,dann_matched,banglasarc3_binary+ben_sarc_binary,banglasarc3_binary,42
32655b6af6468900,1,0,0.14160156,0.01550293,0.5314829520731853,0.4685170479268147,1.047537732582203,dann_matched,banglasarc3_binary+ben_sarc_binary,banglasarc3_binary,42
63522bcc58aca5aa,1,0,0.34375,-0.37890625,0.6731916730260219,0.326808326973978,1.047537732582203,dann_matched,banglasarc3_binary+ben_sarc_binary,banglasarc3_binary,42
b81a6fc550996879,0,1,-0.07910156,0.025756836,0.47380939375628295,0.5261906062437172,1.047537732582203,dann_matched,banglasarc3_binary+ben_sarc_binary,banglasarc3_binary,42
9e9c76d8536be656,0,0,1.5546875,-1.453125,0.9529258241789759,0.04707417582102406,1.047537732582203,dann_matched,banglasarc3_binary+ben_sarc_binary,banglasarc3_binary,42
487ba6736df9dac4,1,1,-0.4296875,0.47070312,0.2889702304326297,0.7110297695673703,1.047537732582203,dann_matched,banglasarc3_binary+ben_sarc_binary,banglasarc3_binary,42
7224809745c5317e,0,0,0.38476562,-0.45703125,0.6988435236330957,0.30115647636690435,1.047537732582203,dann_matched,banglasarc3_binary+ben_sarc_binary,banglasarc3_binary,42
cc351cfcab72e656,0,1,-0.5234375,0.43164062,0.2778647176351323,0.7221352823648677,1.047537732582203,dann_matched,banglasarc3_binary+ben_sarc_binary,banglasarc3_binary,42
0ac9087c2e695175,0,0,0.89453125,-0.93359375,0.8615382094310357,0.13846179056896438,1.047537732582203,dann_matched,banglasarc3_binary+ben_sarc_binary,banglasarc3_binary,42
7ab4d04075a8767b,1,1,-0.88671875,0.921875,0.14080816966793647,0.8591918303320635,1.047537732582203,dann_matched,banglasarc3_binary+ben_sarc_binary,banglasarc3_binary,42
005a81526dd973be,1,1,-0.60546875,0.6640625,0.21933750491760287,0.780662495082397,1.047537732582203,dann_matched,banglasarc3_binary+ben_sarc_binary,banglasarc3_binary,42
5422984065fd2576,1,0,1.1328125,-0.984375,0.8925625233915799,0.10743747660842011,1.047537732582203,dann_matched,banglasarc3_binary+ben_sarc_binary,banglasarc3_binary,42
73b2db9434de0a4f,1,1,-0.328125,0.43945312,0.3170032391635806,0.6829967608364195,1.047537732582203,dann_matched,banglasarc3_binary+ben_sarc_binary,banglasarc3_binary,42
7b755c23081cae77,1,1,-0.41992188,0.38476562,0.3090237111195067,0.6909762888804932,1.047537732582203,dann_matched,banglasarc3_binary+ben_sarc_binary,banglasarc3_binary,42
4df4505e1099e8b8,0,0,0.46679688,-0.47265625,0.7189891779798493,0.28101082202015076,1.047537732582203,dann_matched,banglasarc3_binary+ben_sarc_binary,banglasarc3_binary,42
20d8bb2aacda3ef4,0,0,1.546875,-1.4453125,0.9522199336364293,0.047780066363570746,1.047537732582203,dann_matched,banglasarc3_binary+ben_sarc_binary,banglasarc3_binary,42
86168cedfa8908d4,1,1,-0.7421875,0.78515625,0.1783826593316426,0.8216173406683573,1.047537732582203,dann_matched,banglasarc3_binary+ben_sarc_binary,banglasarc3_binary,42
ffe0b07ccb36819b,1,1,-1.1953125,1.3125,0.07531230632362355,0.9246876936763765,1.047537732582203,dann_matched,banglasarc3_binary+ben_sarc_binary,banglasarc3_binary,42
0f006194b45e6c5f,1,0,0.03112793,0.014770508,0.5040892642904047,0.4959107357095954,1.047537732582203,dann_matched,banglasarc3_binary+ben_sarc_binary,banglasarc3_binary,42
0032784830ddb818,0,0,0.66015625,-0.73046875,0.8006920020959544,0.19930799790404563,1.047537732582203,dann_matched,banglasarc3_binary+ben_sarc_binary,banglasarc3_binary,42
471ce8d0863df951,0,0,-0.0013122559,-0.006591797,0.5013198821880904,0.4986801178119095,1.047537732582203,dann_matched,banglasarc3_binary+ben_sarc_binary,banglasarc3_binary,42
b8051eeb7d141427,1,1,-0.6640625,0.68359375,0.20625381039683044,0.7937461896031696,1.047537732582203,dann_matched,banglasarc3_binary+ben_sarc_binary,banglasarc3_binary,42
13f5d731d71ec752,0,0,1.46875,-1.4375,0.94815453335022,0.05184546664977983,1.047537732582203,dann_matched,banglasarc3_binary+ben_sarc_binary,banglasarc3_binary,42
53d67a30efe6b19e,0,1,-0.03881836,-0.0036010742,0.49119658856664544,0.5088034114333546,1.047537732582203,dann_matched,banglasarc3_binary+ben_sarc_binary,banglasarc3_binary,42
002c1140ae3dde4e,1,0,0.30859375,-0.3828125,0.6662796810207858,0.3337203189792143,1.047537732582203,dann_matched,banglasarc3_binary+ben_sarc_binary,banglasarc3_binary,42
03a3878f85634362,1,1,-0.49804688,0.6953125,0.23265865269272776,0.7673413473072723,1.047537732582203,dann_matched,banglasarc3_binary+ben_sarc_binary,banglasarc3_binary,42
15cf011d32f28273,1,1,-0.61328125,0.56640625,0.2351083892199931,0.7648916107800069,1.047537732582203,dann_matched,banglasarc3_binary+ben_sarc_binary,banglasarc3_binary,42
39afb1a94688145e,1,0,0.13964844,-0.16210938,0.5748721723540451,0.4251278276459549,1.047537732582203,dann_matched,banglasarc3_binary+ben_sarc_binary,banglasarc3_binary,42
5f3e3a9180cef321,1,1,-0.24902344,0.26171875,0.3750195555787858,0.6249804444212143,1.047537732582203,dann_matched,banglasarc3_binary+ben_sarc_binary,banglasarc3_binary,42
4962ffafd1494e25,1,0,0.75390625,-0.6796875,0.8074606461386356,0.19253935386136437,1.047537732582203,dann_matched,banglasarc3_binary+ben_sarc_binary,banglasarc3_binary,42
2f76c0643b8dc919,1,1,-0.63671875,0.64453125,0.21733752104706247,0.7826624789529376,1.047537732582203,dann_matched,banglasarc3_binary+ben_sarc_binary,banglasarc3_binary,42
984ddd9e97dcc313,0,0,0.66015625,-0.7578125,0.8050197829785412,0.1949802170214588,1.047537732582203,dann_matched,banglasarc3_binary+ben_sarc_binary,banglasarc3_binary,42
37b55e10fbcaaa62,0,1,-0.049316406,0.036132812,0.47865068402389804,0.521349315976102,1.047537732582203,dann_matched,banglasarc3_binary+ben_sarc_binary,banglasarc3_binary,42
73d0ee7cb4b89e64,1,1,-0.85546875,0.796875,0.16079243661397521,0.8392075633860248,1.047537732582203,dann_matched,banglasarc3_binary+ben_sarc_binary,banglasarc3_binary,42
67351714d10f07bb,1,1,-0.41992188,0.43554688,0.2982869221861587,0.7017130778138413,1.047537732582203,dann_matched,banglasarc3_binary+ben_sarc_binary,banglasarc3_binary,42
a4ebfa262a40ce6d,1,1,-0.42382812,0.43554688,0.2974699426047947,0.7025300573952054,1.047537732582203,dann_matched,banglasarc3_binary+ben_sarc_binary,banglasarc3_binary,42
711787e882523b00,0,0,0.43359375,-0.47460938,0.7126323258637807,0.2873676741362193,1.047537732582203,dann_matched,banglasarc3_binary+ben_sarc_binary,banglasarc3_binary,42
46fef03e1665a7ca,0,1,-0.22949219,0.3046875,0.3695425709989149,0.630457429001085,1.047537732582203,dann_matched,banglasarc3_binary+ben_sarc_binary,banglasarc3_binary,42
a76dc1c36dd7c504,0,0,0.2890625,-0.4609375,0.679178699175393,0.32082130082460697,1.047537732582203,dann_matched,banglasarc3_binary+ben_sarc_binary,banglasarc3_binary,42
d7b2d256a4143a25,1,0,0.47851562,-0.51171875,0.7291342133145163,0.27086578668548367,1.047537732582203,dann_matched,banglasarc3_binary+ben_sarc_binary,banglasarc3_binary,42
1b94ccf4d275d3d1,1,0,0.1328125,-0.08935547,0.5553146579344888,0.44468534206551125,1.047537732582203,dann_matched,banglasarc3_binary+ben_sarc_binary,banglasarc3_binary,42
734ed3d8328829a9,1,1,-0.66015625,0.75,0.19620941280870197,0.8037905871912979,1.047537732582203,dann_matched,banglasarc3_binary+ben_sarc_binary,banglasarc3_binary,42
a6b2d326016440e6,1,0,0.05053711,-0.07714844,0.5318780878530489,0.4681219121469511,1.047537732582203,dann_matched,banglasarc3_binary+ben_sarc_binary,banglasarc3_binary,42
31b230e3a9af4fda,0,0,0.62890625,-0.57421875,0.7690802370707283,0.23091976292927183,1.047537732582203,dann_matched,banglasarc3_binary+ben_sarc_binary,banglasarc3_binary,42
2220cd6a505565f7,0,0,1.8046875,-1.6171875,0.9683812327313545,0.03161876726864548,1.047537732582203,dann_matched,banglasarc3_binary+ben_sarc_binary,banglasarc3_binary,42
ce2b334fad8c3a5d,0,0,0.52734375,-0.40820312,0.7181992699169054,0.2818007300830946,1.047537732582203,dann_matched,banglasarc3_binary+ben_sarc_binary,banglasarc3_binary,42
722c6881b0dee379,1,1,-0.048583984,0.041992188,0.47737142539940886,0.5226285746005912,1.047537732582203,dann_matched,banglasarc3_binary+ben_sarc_binary,banglasarc3_binary,42
f1e88058df9310e0,1,0,0.73046875,-0.67578125,0.8031737963569016,0.1968262036430985,1.047537732582203,dann_matched,banglasarc3_binary+ben_sarc_binary,banglasarc3_binary,42
e2b5924ce46e4127,1,0,-0.0071105957,-0.15332031,0.5364874521355919,0.4635125478644081,1.047537732582203,dann_matched,banglasarc3_binary+ben_sarc_binary,banglasarc3_binary,42
8aa47f0f19a6b655,0,0,1.75,-1.6796875,0.9686195704870232,0.031380429512976746,1.047537732582203,dann_matched,banglasarc3_binary+ben_sarc_binary,banglasarc3_binary,42
366e2c4f0de8d88d,0,1,-0.7578125,0.703125,0.1883239789098031,0.811676021090197,1.047537732582203,dann_matched,banglasarc3_binary+ben_sarc_binary,banglasarc3_binary,42
49e7e0b2adafbcd1,0,0,1.171875,-1.0703125,0.9039745112122062,0.09602548878779378,1.047537732582203,dann_matched,banglasarc3_binary+ben_sarc_binary,banglasarc3_binary,42
aae4075a20d3ba22,0,0,0.4140625,-0.3828125,0.689305616785446,0.31069438321455395,1.047537732582203,dann_matched,banglasarc3_binary+ben_sarc_binary,banglasarc3_binary,42
f70f4b9f132b9352,0,0,0.33203125,-0.42578125,0.6808786155678822,0.3191213844321178,1.047537732582203,dann_matched,banglasarc3_binary+ben_sarc_binary,banglasarc3_binary,42
e868e8fa9c38e342,0,0,1.171875,-1.1171875,0.90796713988899,0.09203286011100995,1.047537732582203,dann_matched,banglasarc3_binary+ben_sarc_binary,banglasarc3_binary,42
34f804166b33a246,1,1,-0.78125,0.88671875,0.1586951851359601,0.8413048148640399,1.047537732582203,dann_matched,banglasarc3_binary+ben_sarc_binary,banglasarc3_binary,42
186dcee2e7df2920,1,1,-0.6328125,0.671875,0.21337717541660498,0.786622824583395,1.047537732582203,dann_matched,banglasarc3_binary+ben_sarc_binary,banglasarc3_binary,42
992528b2a23ee70a,0,0,1.0,-0.91015625,0.8710367007098975,0.12896329929010264,1.047537732582203,dann_matched,banglasarc3_binary+ben_sarc_binary,banglasarc3_binary,42
63b9ff3f715bfb2f,0,0,1.5234375,-1.53125,0.9549844683997677,0.04501553160023231,1.047537732582203,dann_matched,banglasarc3_binary+ben_sarc_binary,banglasarc3_binary,42
52a86f6315459641,1,1,-0.24707031,0.17871094,0.3951341787784442,0.6048658212215559,1.047537732582203,dann_matched,banglasarc3_binary+ben_sarc_binary,banglasarc3_binary,42
875e2c2018999836,0,0,0.99609375,-0.99609375,0.8799743722456386,0.1200256277543614,1.047537732582203,dann_matched,banglasarc3_binary+ben_sarc_binary,banglasarc3_binary,42
b0853ab27aae530b,0,0,0.69140625,-0.734375,0.8062431344561782,0.19375686554382185,1.047537732582203,dann_matched,banglasarc3_binary+ben_sarc_binary,banglasarc3_binary,42
2360a4258810318d,0,1,-0.578125,0.5859375,0.23792989161116973,0.7620701083888303,1.047537732582203,dann_matched,banglasarc3_binary+ben_sarc_binary,banglasarc3_binary,42
6691a7d1596c1c0e,0,0,1.15625,-1.015625,0.8976952921073469,0.10230470789265303,1.047537732582203,dann_matched,banglasarc3_binary+ben_sarc_binary,banglasarc3_binary,42
c7c7d1e79083dbae,0,1,-0.20996094,0.1953125,0.40004600182753847,0.5999539981724615,1.047537732582203,dann_matched,banglasarc3_binary+ben_sarc_binary,banglasarc3_binary,42
07edd2171dff4faa,1,1,-0.75,0.71875,0.1871326821624266,0.8128673178375735,1.047537732582203,dann_matched,banglasarc3_binary+ben_sarc_binary,banglasarc3_binary,42
2652e297e664589c,1,1,-0.3828125,0.45898438,0.30115647636690435,0.6988435236330957,1.047537732582203,dann_matched,banglasarc3_binary+ben_sarc_binary,banglasarc3_binary,42
ce6d32b468635b62,1,1,-1.3515625,1.390625,0.060529390202538995,0.9394706097974611,1.047537732582203,dann_matched,banglasarc3_binary+ben_sarc_binary,banglasarc3_binary,42
112e0419a2dcbd6c,0,1,-0.14550781,0.05029297,0.45120559494204154,0.5487944050579585,1.047537732582203,dann_matched,banglasarc3_binary+ben_sarc_binary,banglasarc3_binary,42
175f493bd4aa3997,1,0,0.33007812,-0.328125,0.6588566299723456,0.34114337002765444,1.047537732582203,dann_matched,banglasarc3_binary+ben_sarc_binary,banglasarc3_binary,42
15319cb8ed77aaa8,1,1,-0.48242188,0.60546875,0.25201569553082487,0.7479843044691752,1.047537732582203,dann_matched,banglasarc3_binary+ben_sarc_binary,banglasarc3_binary,42
