item_id,gold_label,pred_label,logit_0,logit_1,prob_0,prob_1,temperature,system,source,target,seed
5bf132f312ca7101,0,0,1.375,-1.5859375,0.9507778868028013,0.04922211319719861,1.322050315368429,dann_matched,banglasarc3_binary+banglasarc_binary,ben_sarc_binary,123
df0cb9786489a63a,1,0,1.484375,-1.40625,0.9473810466522863,0.05261895334771377,1.322050315368429,dann_matched,banglasarc3_binary+banglasarc_binary,ben_sarc_binary,123
62c77cbe42810303,1,1,-1.6484375,1.25,0.052230857101425734,0.9477691428985743,1.322050315368429,dann_matched,banglasarc3_binary+banglasarc_binary,ben_sarc_binary,123
02f44ae3baea9dbe,1,1,-1.1796875,0.80078125,0.1212688777402316,0.8787311222597683,1.322050315368429,dann_matched,banglasarc3_binary+banglasarc_binary,ben_sarc_binary,123
9b241ed663e48a22,0,0,0.38085938,-0.63671875,0.7345005791918268,0.26549942080817324,1.322050315368429,dann_matched,banglasarc3_binary+banglasarc_binary,ben_sarc_binary,123
9c04ce21a558928b,0,0,-0.03515625,-0.24609375,0.5525397080801923,0.44746029191980774,1.322050315368429,dann_matched,banglasarc3_binary+banglasarc_binary,ben_sarc_binary,123
e5340bbd4288620d,0,0,1.28125,-1.375,0.9343951625409306,0.06560483745906928,1.322050315368429,dann_matched,banglasarc3_binary+banglasarc_binary,ben_sarc_binary,123
89cd914a110e0357,0,0,1.5234375,-1.421875,0.9500414759334155,0.0499585240665846,1.322050315368429,dann_matched,banglasarc3_binary+banglasarc_binary,ben_sarc_binary,123
2673477d6e482de9,1,1,-0.6015625,0.29882812,0.2889702304326297,0.7110297695673703,1.322050315368429,dann_matched,banglasarc3_binary+banglasarc_binary,ben_sarc_binary,123
bfc5461f5fdfb89a,1,0,1.5546875,-1.5078125,0.9553191297273498,0.0446808702726502,1.322050315368429,dann_matched,banglasarc3_binary+banglasarc_binary,ben_sarc_binary,123
918282415ad44d5e,0,0,1.4765625,-1.5,0.9515039967560431,0.048496003243956885,1.322050315368429,dann_matched,banglasarc3_binary+banglasarc_binary,ben_sarc_binary,123
774051e0e60be9c7,0,0,1.5078125,-1.5390625,0.9546474194456936,0.04535258055430642,1.322050315368429,dann_matched,banglasarc3_binary+banglasarc_binary,ben_sarc_binary,123
daada98fe5d51232,1,0,1.484375,-1.5625,0.9546474194456936,0.04535258055430642,1.322050315368429,dann_matched,banglasarc3_binary+banglasarc_binary,ben_sarc_binary,123
3aff45bbd97650cf,1,0,1.5234375,-1.4375,0.9507778868028013,0.04922211319719861,1.322050315368429,dann_matched,banglasarc3_binary+banglasarc_binary,ben_sarc_binary,123
4f08b3fe4fbb40a1,0,0,1.453125,-1.515625,0.9511422213778251,0.048857778622174906,1.322050315368429,dann_matched,banglasarc3_binary+banglasarc_binary,ben_sarc_binary,123
d00d79d273ff887e,0,1,-0.5078125,0.30664062,0.306942374426787,0.693057625573213,1.322050315368429,dann_matched,banglasarc3_binary+banglasarc_binary,ben_sarc_binary,123
62dafb341166d5ac,0,0,1.65625,-1.5078125,0.9594592615365182,0.040540738463481864,1.322050315368429,dann_matched,banglasarc3_binary+banglasarc_binary,ben_sarc_binary,123
44b98d24fbe66786,0,0,1.4609375,-1.375,0.944587205618231,0.05541279438176918,1.322050315368429,dann_matched,banglasarc3_binary+banglasarc_binary,ben_sarc_binary,123
2a8b11217d58aa92,0,0,1.515625,-1.4765625,0.9522199336364293,0.047780066363570746,1.322050315368429,dann_matched,banglasarc3_binary+banglasarc_binary,ben_sarc_binary,123
c41f8eff2042fcf3,1,0,1.484375,-1.421875,0.94815453335022,0.05184546664977983,1.322050315368429,dann_matched,banglasarc3_binary+banglasarc_binary,ben_sarc_binary,123
456e716f42415b0b,1,0,1.5625,-1.4453125,0.9529258241789759,0.04707417582102406,1.322050315368429,dann_matched,banglasarc3_binary+banglasarc_binary,ben_sarc_binary,123
212443682698f7a7,0,0,1.453125,-1.3984375,0.9453993942183476,0.05460060578165237,1.322050315368429,dann_matched,banglasarc3_binary+banglasarc_binary,ben_sarc_binary,123
4d8cc7ceeaaaf381,1,1,-1.90625,1.375,0.036220055864974746,0.9637799441350253,1.322050315368429,dann_matched,banglasarc3_binary+banglasarc_binary,ben_sarc_binary,123
3da85efa006ee589,0,0,1.125,-1.3046875,0.9190632902163844,0.08093670978361556,1.322050315368429,dann_matched,banglasarc3_binary+banglasarc_binary,ben_sarc_binary,123
b9a7dbab6d614e63,0,0,1.5703125,-1.3828125,0.9504109770159683,0.04958902298403175,1.322050315368429,dann_matched,banglasarc3_binary+banglasarc_binary,ben_sarc_binary,123
89c059abcaaf9deb,1,0,1.53125,-1.5,0.9539660976007597,0.046033902399240385,1.322050315368429,dann_matched,banglasarc3_binary+banglasarc_binary,ben_sarc_binary,123
9997b1038223b80d,1,0,1.5,-1.53125,0.9539660976007597,0.046033902399240385,1.322050315368429,dann_matched,banglasarc3_binary+banglasarc_binary,ben_sarc_binary,123
ea8acc08989f0dca,1,0,1.5234375,-1.5,0.953621794005189,0.046378205994811086,1.322050315368429,dann_matched,banglasarc3_binary+banglasarc_binary,ben_sarc_binary,123
50d4f5056e593b66,1,0,1.4921875,-1.453125,0.9500414759334155,0.0499585240665846,1.322050315368429,dann_matched,banglasarc3_binary+banglasarc_binary,ben_sarc_binary,123
9dd2a5eb135ebb1e,0,1,-1.4921875,1.1328125,0.0675466911396291,0.9324533088603709,1.322050315368429,dann_matched,banglasarc3_binary+banglasarc_binary,ben_sarc_binary,123
c7a1ee88f518603c,0,0,1.5078125,-1.5,0.9529258241789759,0.04707417582102406,1.322050315368429,dann_matched,banglasarc3_binary+banglasarc_binary,ben_sarc_binary,123
a192bf998c4f519d,1,0,0.33203125,-0.69140625,0.7356416417389247,0.2643583582610753,1.322050315368429,dann_matched,banglasarc3_binary+banglasarc_binary,ben_sarc_binary,123
4af2910692584c1d,1,0,1.640625,-1.5859375,0.9618217257384336,0.03817827426156642,1.322050315368429,dann_matched,banglasarc3_binary+banglasarc_binary,ben_sarc_binary,123
914374b910dcdd4a,1,0,1.7890625,-1.6640625,0.9693241982893259,0.030675801710674105,1.322050315368429,dann_matched,banglasarc3_binary+banglasarc_binary,ben_sarc_binary,123
e4c2181030d31428,1,0,1.4921875,-1.6015625,0.9566342012360932,0.04336579876390677,1.322050315368429,dann_matched,banglasarc3_binary+banglasarc_binary,ben_sarc_binary,123
d38463b9f4196575,1,0,1.8203125,-2.0,0.9785492708245106,0.021450729175489416,1.322050315368429,dann_matched,banglasarc3_binary+banglasarc_binary,ben_sarc_binary,123
78c45fa76206bc86,0,0,1.1328125,-1.2890625,0.9184802440252811,0.08151975597471893,1.322050315368429,dann_matched,banglasarc3_binary+banglasarc_binary,ben_sarc_binary,123
df5aaddb60e35cdc,1,0,1.5078125,-1.46875,0.9515039967560431,0.048496003243956885,1.322050315368429,dann_matched,banglasarc3_binary+banglasarc_binary,ben_sarc_binary,123
b6570cd39821ecfc,0,0,2.046875,-1.953125,0.9820137900379085,0.017986209962091555,1.322050315368429,dann_matched,banglasarc3_binary+banglasarc_binary,ben_sarc_binary,123
74a9b271a8002753,1,1,-0.18847656,-0.12402344,0.48389229459025357,0.5161077054097464,1.322050315368429,dann_matched,banglasarc3_binary+banglasarc_binary,ben_sarc_binary,123
b62eb56a67177130,0,0,1.6015625,-1.6015625,0.9609517072737735,0.03904829272622638,1.322050315368429,dann_matched,banglasarc3_binary+banglasarc_binary,ben_sarc_binary,123
515882a89fd3db38,0,0,1.640625,-1.671875,0.9648551535992067,0.03514484640079327,1.322050315368429,dann_matched,banglasarc3_binary+banglasarc_binary,ben_sarc_binary,123
17d41ea791660263,0,0,1.4921875,-1.4375,0.9492946352021694,0.050705364797830506,1.322050315368429,dann_matched,banglasarc3_binary+banglasarc_binary,ben_sarc_binary,123
8f2d8ad6a23afe16,1,0,0.38671875,-0.8671875,0.7779753192320792,0.2220246807679208,1.322050315368429,dann_matched,banglasarc3_binary+banglasarc_binary,ben_sarc_binary,123
7f330520f9812a5a,0,0,2.234375,-2.265625,0.9890130573694068,0.01098694263059318,1.322050315368429,dann_matched,banglasarc3_binary+banglasarc_binary,ben_sarc_binary,123
ea6ba66e9f9e26b8,1,0,1.5703125,-1.6796875,0.9626731126558706,0.037326887344129464,1.322050315368429,dann_matched,banglasarc3_binary+banglasarc_binary,ben_sarc_binary,123
44cfc8c4598ac44d,1,0,1.53125,-1.5859375,0.9575961713681533,0.04240382863184672,1.322050315368429,dann_matched,banglasarc3_binary+banglasarc_binary,ben_sarc_binary,123
b19f4618be984785,1,0,1.5234375,-1.484375,0.9529258241789759,0.04707417582102406,1.322050315368429,dann_matched,banglasarc3_binary+banglasarc_binary,ben_sarc_binary,123
b320177685828655,1,0,1.4765625,-1.453125,0.9492946352021694,0.050705364797830506,1.322050315368429,dann_matched,banglasarc3_binary+banglasarc_binary,ben_sarc_binary,123
81e14b992a102757,0,0,1.5625,-1.4296875,0.9522199336364293,0.047780066363570746,1.322050315368429,dann_matched,banglasarc3_binary+banglasarc_binary,ben_sarc_binary,123
e8cc62f9e1d15817,0,0,0.13671875,-0.37695312,0.6256668524290883,0.3743331475709118,1.322050315368429,dann_matched,banglasarc3_binary+banglasarc_binary,ben_sarc_binary,123
8a816e4c31553513,1,0,1.59375,-1.46875,0.9553191297273498,0.0446808702726502,1.322050315368429,dann_matched,banglasarc3_binary+banglasarc_binary,ben_sarc_binary,123
3b5362128a6f5264,1,0,1.3984375,-1.546875,0.9500414759334155,0.0499585240665846,1.322050315368429,dann_matched,banglasarc3_binary+banglasarc_binary,ben_sarc_binary,123
102d535bcc10133f,1,0,1.359375,-1.359375,0.9381240142763573,0.061875985723642724,1.322050315368429,dann_matched,banglasarc3_binary+banglasarc_binary,ben_sarc_binary,123
615a9d4578cc70ba,1,0,1.546875,-1.59375,0.9585377272885904,0.04146227271140963,1.322050315368429,dann_matched,banglasarc3_binary+banglasarc_binary,ben_sarc_binary,123
55a4e4fc4ef5f42a,0,1,-1.078125,0.82421875,0.12984343802049797,0.870156561979502,1.322050315368429,dann_matched,banglasarc3_binary+banglasarc_binary,ben_sarc_binary,123
3067d525fbf6edfb,1,1,-1.40625,1.1875,0.06954174450582809,0.9304582554941719,1.322050315368429,dann_matched,banglasarc3_binary+banglasarc_binary,ben_sarc_binary,123
ad78d0bb5d27152b,0,0,1.2890625,-1.3359375,0.9324533088603709,0.0675466911396291,1.322050315368429,dann_matched,banglasarc3_binary+banglasarc_binary,ben_sarc_binary,123
dbf3384bd28da066,1,0,1.484375,-1.4140625,0.9477691428985743,0.052230857101425734,1.322050315368429,dann_matched,banglasarc3_binary+banglasarc_binary,ben_sarc_binary,123
7c25be8d67a7de46,1,0,0.8203125,-1.0625,0.8679338421303608,0.13206615786963916,1.322050315368429,dann_matched,banglasarc3_binary+banglasarc_binary,ben_sarc_binary,123
f11c429e20aa313d,1,0,1.46875,-1.4765625,0.9500414759334155,0.0499585240665846,1.322050315368429,dann_matched,banglasarc3_binary+banglasarc_binary,ben_sarc_binary,123
3fb591252bd5081e,1,0,1.4375,-1.4296875,0.946200356539936,0.053799643460063995,1.322050315368429,dann_matched,banglasarc3_binary+banglasarc_binary,ben_sarc_binary,123
55c250a48242fa35,1,0,1.46875,-1.421875,0.9473810466522863,0.05261895334771377,1.322050315368429,dann_matched,banglasarc3_binary+banglasarc_binary,ben_sarc_binary,123
b1857b20496441fb,1,0,-0.1015625,-0.26171875,0.5399536978762307,0.4600463021237693,1.322050315368429,dann_matched,banglasarc3_binary+banglasarc_binary,ben_sarc_binary,123
a90022c9cf46146a,0,0,0.28125,-0.42773438,0.670176704984625,0.32982329501537494,1.322050315368429,dann_matched,banglasarc3_binary+banglasarc_binary,ben_sarc_binary,123
503c34e851421ae7,1,0,1.4921875,-1.46875,0.9507778868028013,0.04922211319719861,1.322050315368429,dann_matched,banglasarc3_binary+banglasarc_binary,ben_sarc_binary,123
6a2fac8003144f2a,0,0,1.3984375,-1.34375,0.9394706097974611,0.060529390202538995,1.322050315368429,dann_matched,banglasarc3_binary+banglasarc_binary,ben_sarc_binary,123
ac7bdbab908a99b7,1,1,-1.375,1.0546875,0.08093670978361556,0.9190632902163844,1.322050315368429,dann_matched,banglasarc3_binary+banglasarc_binary,ben_sarc_binary,123
9ecbed3a12faa139,1,0,1.3671875,-1.4609375,0.9441768588653856,0.05582314113461443,1.322050315368429,dann_matched,banglasarc3_binary+banglasarc_binary,ben_sarc_binary,123
ed06229187448146,1,0,1.515625,-1.3046875,0.9437636542955161,0.056236345704483756,1.322050315368429,dann_matched,banglasarc3_binary+banglasarc_binary,ben_sarc_binary,123
0365fc4642c9d614,0,0,2.34375,-2.28125,0.9902915235185259,0.009708476481474066,1.322050315368429,dann_matched,banglasarc3_binary+banglasarc_binary,ben_sarc_binary,123
bfa7e49d7bac127d,1,1,-1.515625,1.09375,0.06853749303199023,0.9314625069680097,1.322050315368429,dann_matched,banglasarc3_binary+banglasarc_binary,ben_sarc_binary,123
9cd4859114432460,0,0,1.5703125,-1.375,0.9500414759334155,0.0499585240665846,1.322050315368429,dann_matched,banglasarc3_binary+banglasarc_binary,ben_sarc_binary,123
fe97fc968df46f74,1,0,1.5078125,-1.546875,0.9549844683997677,0.04501553160023231,1.322050315368429,dann_matched,banglasarc3_binary+banglasarc_binary,ben_sarc_binary,123
7bd6024bf3aeaf80,0,0,1.421875,-1.3515625,0.9412234441519332,0.05877655584806683,1.322050315368429,dann_matched,banglasarc3_binary+banglasarc_binary,ben_sarc_binary,123
a091202b8d96c97a,0,0,1.5078125,-1.4921875,0.9525741268224334,0.04742587317756679,1.322050315368429,dann_matched,banglasarc3_binary+banglasarc_binary,ben_sarc_binary,123
02b323ef61621240,1,0,1.4453125,-1.4375,0.9469902279841446,0.05300977201585542,1.322050315368429,dann_matched,banglasarc3_binary+banglasarc_binary,ben_sarc_binary,123
187c4463830ce775,0,0,1.5546875,-1.640625,0.9606574967357419,0.03934250326425821,1.322050315368429,dann_matched,banglasarc3_binary+banglasarc_binary,ben_sarc_binary,123
2bf8c4af9cc61354,1,0,1.640625,-1.578125,0.9615338079816756,0.03846619201832428,1.322050315368429,dann_matched,banglasarc3_binary+banglasarc_binary,ben_sarc_binary,123
53fd3e15657ede5a,0,0,2.15625,-2.28125,0.9883127420043056,0.011687257995694434,1.322050315368429,dann_matched,banglasarc3_binary+banglasarc_binary,ben_sarc_binary,123
c8bf0f6edcdc6cc4,0,0,1.5078125,-1.4765625,0.9518632288833652,0.04813677111663481,1.322050315368429,dann_matched,banglasarc3_binary+banglasarc_binary,ben_sarc_binary,123
fdc8c09ded0305c9,0,0,1.6328125,-1.5234375,0.9591542840900507,0.040845715909949315,1.322050315368429,dann_matched,banglasarc3_binary+banglasarc_binary,ben_sarc_binary,123
aedcd61a97a2c187,0,1,-1.65625,1.2734375,0.050705364797830506,0.9492946352021694,1.322050315368429,dann_matched,banglasarc3_binary+banglasarc_binary,ben_sarc_binary,123
8f8fd5edb05a69ab,0,1,-0.20410156,-0.100097656,0.4740224354209134,0.5259775645790866,1.322050315368429,dann_matched,banglasarc3_binary+banglasarc_binary,ben_sarc_binary,123
97baca310b872e00,1,0,1.578125,-1.4609375,0.9543079676184154,0.04569203238158463,1.322050315368429,dann_matched,banglasarc3_binary+banglasarc_binary,ben_sarc_binary,123
0caaabbce3086ecf,0,0,1.4140625,-1.6328125,0.9546474194456936,0.04535258055430642,1.322050315368429,dann_matched,banglasarc3_binary+banglasarc_binary,ben_sarc_binary,123
681abfb95d96d8ad,0,0,1.6953125,-1.71875,0.9681411443139596,0.03185885568604046,1.322050315368429,dann_matched,banglasarc3_binary+banglasarc_binary,ben_sarc_binary,123
6a166b746d6036fb,0,0,1.5234375,-1.5703125,0.9566342012360932,0.04336579876390677,1.322050315368429,dann_matched,banglasarc3_binary+banglasarc_binary,ben_sarc_binary,123
031a222b3ceb30fb,0,0,1.484375,-1.390625,0.9465966702001757,0.053403329799824234,1.322050315368429,dann_matched,banglasarc3_binary+banglasarc_binary,ben_sarc_binary,123
31eb59f377a0a4b5,1,0,1.5078125,-1.4765625,0.9518632288833652,0.04813677111663481,1.322050315368429,dann_matched,banglasarc3_binary+banglasarc_binary,ben_sarc_binary,123
cf58d7f3b2109734,0,0,1.4296875,-1.453125,0.9469902279841446,0.05300977201585542,1.322050315368429,dann_matched,banglasarc3_binary+banglasarc_binary,ben_sarc_binary,123
1edce156d3c9d71b,0,0,1.75,-2.03125,0.9777138144607745,0.022286185539225494,1.322050315368429,dann_matched,banglasarc3_binary+banglasarc_binary,ben_sarc_binary,123
74b042f2448c401a,0,0,1.484375,-1.453125,0.9496693674025232,0.05033063259747688,1.322050315368429,dann_matched,banglasarc3_binary+banglasarc_binary,ben_sarc_binary,123
154c48b83bd4ab5e,1,1,-1.171875,0.7890625,0.12336562437275558,0.8766343756272444,1.322050315368429,dann_matched,banglasarc3_binary+banglasarc_binary,ben_sarc_binary,123
dfc69e33d95bb340,1,1,-1.6015625,1.265625,0.053799643460063995,0.946200356539936,1.322050315368429,dann_matched,banglasarc3_binary+banglasarc_binary,ben_sarc_binary,123
07edcc321bc71991,0,0,0.24121094,-0.5546875,0.6890964342015904,0.31090356579840966,1.322050315368429,dann_matched,banglasarc3_binary+banglasarc_binary,ben_sarc_binary,123
15287662044cd875,1,0,0.5234375,-0.84765625,0.7975568078599278,0.20244319214007214,1.322050315368429,dann_matched,banglasarc3_binary+banglasarc_binary,ben_sarc_binary,123
a404d89571afc231,1,0,0.53515625,-0.90234375,0.8080672135527632,0.19193278644723683,1.322050315368429,dann_matched,banglasarc3_binary+banglasarc_binary,ben_sarc_binary,123
0ad9f89de4927bf8,0,0,1.8046875,-1.8828125,0.9755769099458929,0.024423090054107213,1.322050315368429,dann_matched,banglasarc3_binary+banglasarc_binary,ben_sarc_binary,123
ca20e4bc532e825d,1,0,1.5078125,-1.453125,0.9507778868028013,0.04922211319719861,1.322050315368429,dann_matched,banglasarc3_binary+banglasarc_binary,ben_sarc_binary,123
271dcb1494ef612f,1,0,1.53125,-1.5,0.9539660976007597,0.046033902399240385,1.322050315368429,dann_matched,banglasarc3_binary+banglasarc_binary,ben_sarc_binary,123
c221bac07cbe561c,0,0,1.5234375,-1.3828125,0.94815453335022,0.05184546664977983,1.322050315368429,dann_matched,banglasarc3_binary+banglasarc_binary,ben_sarc_binary,123
eb5a5e9d1bb9bcfa,1,0,1.5546875,-1.4765625,0.9539660976007597,0.046033902399240385,1.322050315368429,dann_matched,banglasarc3_binary+banglasarc_binary,ben_sarc_binary,123
89f9441570fa1de1,0,0,1.4921875,-1.46875,0.9507778868028013,0.04922211319719861,1.322050315368429,dann_matched,banglasarc3_binary+banglasarc_binary,ben_sarc_binary,123
3d50d3731e891123,1,0,0.55078125,-0.6015625,0.7599387520410151,0.24006124795898495,1.322050315368429,dann_matched,banglasarc3_binary+banglasarc_binary,ben_sarc_binary,123
337abc80ef82d5b7,0,0,1.4296875,-1.4765625,0.94815453335022,0.05184546664977983,1.322050315368429,dann_matched,banglasarc3_binary+banglasarc_binary,ben_sarc_binary,123
1d64d77a458f1824,0,0,1.515625,-1.4453125,0.9507778868028013,0.04922211319719861,1.322050315368429,dann_matched,banglasarc3_binary+banglasarc_binary,ben_sarc_binary,123
5106e9acc839356a,1,1,-0.71875,0.37695312,0.25054586480530366,0.7494541351946964,1.322050315368429,dann_matched,banglasarc3_binary+banglasarc_binary,ben_sarc_binary,123
8e4710db4584b07f,0,0,1.59375,-1.4765625,0.9556514186046017,0.04434858139539836,1.322050315368429,dann_matched,banglasarc3_binary+banglasarc_binary,ben_sarc_binary,123
7e35f79064697173,1,0,1.453125,-1.4609375,0.9485372345673925,0.05146276543260743,1.322050315368429,dann_matched,banglasarc3_binary+banglasarc_binary,ben_sarc_binary,123
193f3e6b1d02d017,1,0,1.5703125,-1.5703125,0.9585377272885904,0.04146227271140963,1.322050315368429,dann_matched,banglasarc3_binary+banglasarc_binary,ben_sarc_binary,123
090739a028d0c788,0,0,0.79296875,-1.0625,0.8647679192064821,0.13523208079351787,1.322050315368429,dann_matched,banglasarc3_binary+banglasarc_binary,ben_sarc_binary,123
a47516db064b425d,0,0,1.625,-1.859375,0.9702399060540357,0.029760093945964218,1.322050315368429,dann_matched,banglasarc3_binary+banglasarc_binary,ben_sarc_binary,123
d94f28440792f496,1,0,0.056152344,-0.28710938,0.5849826152010165,0.4150173847989836,1.322050315368429,dann_matched,banglasarc3_binary+banglasarc_binary,ben_sarc_binary,123
003f5f2d1abc9997,1,0,2.28125,-2.3125,0.9899864293768268,0.010013570623173138,1.322050315368429,dann_matched,banglasarc3_binary+banglasarc_binary,ben_sarc_binary,123
a20a4620ae184a2d,1,0,0.71875,-0.99609375,0.8474634859343486,0.15253651406565133,1.322050315368429,dann_matched,banglasarc3_binary+banglasarc_binary,ben_sarc_binary,123
73cee76dbbe4788e,0,0,1.5234375,-1.453125,0.9515039967560431,0.048496003243956885,1.322050315368429,dann_matched,banglasarc3_binary+banglasarc_binary,ben_sarc_binary,123
eb06f8c020034e67,1,1,-1.09375,0.76171875,0.13523208079351787,0.8647679192064821,1.322050315368429,dann_matched,banglasarc3_binary+banglasarc_binary,ben_sarc_binary,123
bcf534e8d3381b7d,0,0,1.90625,-2.3125,0.985496420308618,0.014503579691381979,1.322050315368429,dann_matched,banglasarc3_binary+banglasarc_binary,ben_sarc_binary,123
c7f31d995f1cde60,0,0,1.6015625,-1.484375,0.956308939359532,0.04369106064046812,1.322050315368429,dann_matched,banglasarc3_binary+banglasarc_binary,ben_sarc_binary,123
6fc9412acd6c2a11,1,1,-0.37109375,0.091796875,0.3863003116844215,0.6136996883155785,1.322050315368429,dann_matched,banglasarc3_binary+banglasarc_binary,ben_sarc_binary,123
1be8a65e4b7e5bc5,1,0,1.34375,-1.3515625,0.9367494780065266,0.06325052199347325,1.322050315368429,dann_matched,banglasarc3_binary+banglasarc_binary,ben_sarc_binary,123
ec85d014095061ba,1,0,1.4375,-1.4453125,0.9469902279841446,0.05300977201585542,1.322050315368429,dann_matched,banglasarc3_binary+banglasarc_binary,ben_sarc_binary,123
dc5e0228bd87b183,1,0,1.421875,-1.34375,0.9407897492587141,0.05921025074128593,1.322050315368429,dann_matched,banglasarc3_binary+banglasarc_binary,ben_sarc_binary,123
c4396a8662b97b65,1,0,1.4765625,-1.4921875,0.9511422213778251,0.048857778622174906,1.322050315368429,dann_matched,banglasarc3_binary+banglasarc_binary,ben_sarc_binary,123
ab87f48f55c9d9d3,1,1,-2.1875,1.75,0.019124036750888904,0.9808759632491112,1.322050315368429,dann_matched,banglasarc3_binary+banglasarc_binary,ben_sarc_binary,123
1b324c082e5e974a,0,0,1.5,-1.4453125,0.9500414759334155,0.0499585240665846,1.322050315368429,dann_matched,banglasarc3_binary+banglasarc_binary,ben_sarc_binary,123
631955d8ed4e7196,0,0,1.515625,-1.484375,0.9525741268224334,0.04742587317756679,1.322050315368429,dann_matched,banglasarc3_binary+banglasarc_binary,ben_sarc_binary,123
0c5107d97f8b290f,0,0,1.203125,-1.265625,0.9219218348550491,0.07807816514495095,1.322050315368429,dann_matched,banglasarc3_binary+banglasarc_binary,ben_sarc_binary,123
5f15d82deabb27db,0,0,1.4921875,-1.390625,0.9469902279841446,0.05300977201585542,1.322050315368429,dann_matched,banglasarc3_binary+banglasarc_binary,ben_sarc_binary,123
25e4db38c2c03321,0,0,1.8359375,-1.921875,0.9771973640319939,0.02280263596800613,1.322050315368429,dann_matched,banglasarc3_binary+banglasarc_binary,ben_sarc_binary,123
aff17db1aac8b7cf,0,0,1.765625,-1.78125,0.9719924793940118,0.02800752060598813,1.322050315368429,dann_matched,banglasarc3_binary+banglasarc_binary,ben_sarc_binary,123
b9b56fb19ed8be33,1,0,1.4765625,-1.46875,0.9500414759334155,0.0499585240665846,1.322050315368429,dann_matched,banglasarc3_binary+banglasarc_binary,ben_sarc_binary,123
d9ffe72ed932c7fc,1,0,1.40625,-1.328125,0.9390248191350352,0.06097518086496481,1.322050315368429,dann_matched,banglasarc3_binary+banglasarc_binary,ben_sarc_binary,123
b3b9649b3ad53497,0,0,1.5078125,-1.5625,0.9556514186046017,0.04434858139539836,1.322050315368429,dann_matched,banglasarc3_binary+banglasarc_binary,ben_sarc_binary,123
b27c0399d0c3382d,0,0,1.46875,-1.4375,0.94815453335022,0.05184546664977983,1.322050315368429,dann_matched,banglasarc3_binary+banglasarc_binary,ben_sarc_binary,123
91c9185069de7f99,1,0,1.453125,-1.328125,0.941654159388319,0.05834584061168106,1.322050315368429,dann_matched,banglasarc3_binary+banglasarc_binary,ben_sarc_binary,123
9c7399818b4964ad,1,0,1.5546875,-1.4765625,0.9539660976007597,0.046033902399240385,1.322050315368429,dann_matched,banglasarc3_binary+banglasarc_binary,ben_sarc_binary,123
7a12cbc63bf08e5b,1,0,1.4609375,-1.40625,0.946200356539936,0.053799643460063995,1.322050315368429,dann_matched,banglasarc3_binary+banglasarc_binary,ben_sarc_binary,123
58fc1b0d03e98763,1,0,1.5078125,-1.515625,0.953621794005189,0.046378205994811086,1.322050315368429,dann_matched,banglasarc3_binary+banglasarc_binary,ben_sarc_binary,123
6373984056a6b9f9,1,0,0.40820312,-0.734375,0.7581526713451106,0.24184732865488942,1.322050315368429,dann_matched,banglasarc3_binary+banglasarc_binary,ben_sarc_binary,123
a2ed44491b7ff99f,0,1,-0.75390625,0.19433594,0.2792384696349455,0.7207615303650544,1.322050315368429,dann_matched,banglasarc3_binary+banglasarc_binary,ben_sarc_binary,123
250c7ce0c73e2957,1,0,1.2109375,-1.40625,0.9319595797274409,0.06804042027255897,1.322050315368429,dann_matched,banglasarc3_binary+banglasarc_binary,ben_sarc_binary,123
58fb4a57e31b25a5,1,0,1.5234375,-1.421875,0.9500414759334155,0.0499585240665846,1.322050315368429,dann_matched,banglasarc3_binary+banglasarc_binary,ben_sarc_binary,123
03394c6cd2656ed5,0,0,0.98828125,-1.359375,0.9127477534452755,0.0872522465547244,1.322050315368429,dann_matched,banglasarc3_binary+banglasarc_binary,ben_sarc_binary,123
b549aee96063459c,0,0,1.046875,-1.078125,0.8933094060543487,0.10669059394565118,1.322050315368429,dann_matched,banglasarc3_binary+banglasarc_binary,ben_sarc_binary,123
2825f19f16eb1d17,1,0,1.515625,-1.5078125,0.953621794005189,0.046378205994811086,1.322050315368429,dann_matched,banglasarc3_binary+banglasarc_binary,ben_sarc_binary,123
dd5bc961e4a5ada6,1,0,1.515625,-1.4921875,0.9529258241789759,0.04707417582102406,1.322050315368429,dann_matched,banglasarc3_binary+banglasarc_binary,ben_sarc_binary,123
159b86ae85376595,1,0,1.5625,-1.4765625,0.9543079676184154,0.04569203238158463,1.322050315368429,dann_matched,banglasarc3_binary+banglasarc_binary,ben_sarc_binary,123
d4ad4996ff12e553,0,0,1.59375,-1.515625,0.9572778024535095,0.042722197546490565,1.322050315368429,dann_matched,banglasarc3_binary+banglasarc_binary,ben_sarc_binary,123
dc88e3fa971b59cb,1,1,-0.58203125,0.2578125,0.3015676930738543,0.6984323069261458,1.322050315368429,dann_matched,banglasarc3_binary+banglasarc_binary,ben_sarc_binary,123
33aedcdda414a508,0,1,-1.15625,0.765625,0.12765262532179067,0.8723473746782093,1.322050315368429,dann_matched,banglasarc3_binary+banglasarc_binary,ben_sarc_binary,123
d646be8f22850532,1,0,1.21875,-1.28125,0.9241418199787566,0.07585818002124356,1.322050315368429,dann_matched,banglasarc3_binary+banglasarc_binary,ben_sarc_binary,123
23d89b4911f38ccd,0,0,1.5,-1.4140625,0.9485372345673925,0.05146276543260743,1.322050315368429,dann_matched,banglasarc3_binary+banglasarc_binary,ben_sarc_binary,123
398ee924b13db653,1,0,-0.1328125,-0.16015625,0.5068355116069857,0.49316448839301424,1.322050315368429,dann_matched,banglasarc3_binary+banglasarc_binary,ben_sarc_binary,123
4f2ee39690402964,0,0,1.546875,-1.4296875,0.9515039967560431,0.048496003243956885,1.322050315368429,dann_matched,banglasarc3_binary+banglasarc_binary,ben_sarc_binary,123
fa173f6c2a3b5787,0,0,1.4375,-1.4296875,0.946200356539936,0.053799643460063995,1.322050315368429,dann_matched,banglasarc3_binary+banglasarc_binary,ben_sarc_binary,123
05350648bc8f9a7a,1,0,1.46875,-1.3984375,0.946200356539936,0.053799643460063995,1.322050315368429,dann_matched,banglasarc3_binary+banglasarc_binary,ben_sarc_binary,123
48b91710c1ae7fcb,0,0,1.4765625,-1.6171875,0.9566342012360932,0.04336579876390677,1.322050315368429,dann_matched,banglasarc3_binary+banglasarc_binary,ben_sarc_binary,123
8f533021d717da89,1,0,1.2421875,-1.2734375,0.9252299570920387,0.07477004290796138,1.322050315368429,dann_matched,banglasarc3_binary+banglasarc_binary,ben_sarc_binary,123
55783d6f88e30bfd,0,0,1.5703125,-1.4375,0.9529258241789759,0.04707417582102406,1.322050315368429,dann_matched,banglasarc3_binary+banglasarc_binary,ben_sarc_binary,123
58ecde5a8c4e11c8,1,0,1.4375,-1.421875,0.9458012701768145,0.05419872982318558,1.322050315368429,dann_matched,banglasarc3_binary+banglasarc_binary,ben_sarc_binary,123
fe0b21e27782df6b,1,0,-0.03466797,-0.18261719,0.5369199842036225,0.4630800157963775,1.322050315368429,dann_matched,banglasarc3_binary+banglasarc_binary,ben_sarc_binary,123
93d8e7f062a48b53,0,0,1.5,-1.515625,0.9532750413739076,0.04672495862609242,1.322050315368429,dann_matched,banglasarc3_binary+banglasarc_binary,ben_sarc_binary,123
a73c4a8752beef78,0,0,1.5546875,-1.4453125,0.9525741268224334,0.04742587317756679,1.322050315368429,dann_matched,banglasarc3_binary+banglasarc_binary,ben_sarc_binary,123
0685675f5d1ae64c,1,0,1.328125,-1.2421875,0.9289263306198166,0.07107366938018356,1.322050315368429,dann_matched,banglasarc3_binary+banglasarc_binary,ben_sarc_binary,123
9eceb45c69611881,1,0,1.5234375,-1.546875,0.9556514186046017,0.04434858139539836,1.322050315368429,dann_matched,banglasarc3_binary+banglasarc_binary,ben_sarc_binary,123
ab18662d3a84430c,0,0,1.4453125,-1.5078125,0.9504109770159683,0.04958902298403175,1.322050315368429,dann_matched,banglasarc3_binary+banglasarc_binary,ben_sarc_binary,123
e9482e6b47daa3a0,0,0,1.5390625,-1.421875,0.9507778868028013,0.04922211319719861,1.322050315368429,dann_matched,banglasarc3_binary+banglasarc_binary,ben_sarc_binary,123
4c27c81f20359e9f,1,0,1.5703125,-1.4921875,0.9553191297273498,0.0446808702726502,1.322050315368429,dann_matched,banglasarc3_binary+banglasarc_binary,ben_sarc_binary,123
ec8c803692e7075a,1,0,1.375,-1.328125,0.9372107914029487,0.06278920859705135,1.322050315368429,dann_matched,banglasarc3_binary+banglasarc_binary,ben_sarc_binary,123
781701d6f9fa55ef,1,0,1.328125,-1.1875,0.9252299570920387,0.07477004290796138,1.322050315368429,dann_matched,banglasarc3_binary+banglasarc_binary,ben_sarc_binary,123
480ee7146fb2dfe2,0,0,1.4921875,-1.40625,0.9477691428985743,0.052230857101425734,1.322050315368429,dann_matched,banglasarc3_binary+banglasarc_binary,ben_sarc_binary,123
f51da5a6257f7096,1,0,1.265625,-1.15625,0.9184802440252811,0.08151975597471893,1.322050315368429,dann_matched,banglasarc3_binary+banglasarc_binary,ben_sarc_binary,123
d4e7240538d41aa7,0,0,1.40625,-1.2734375,0.9358173563909802,0.06418264360901972,1.322050315368429,dann_matched,banglasarc3_binary+banglasarc_binary,ben_sarc_binary,123
4be1f94a46b18f34,1,0,1.5234375,-1.6640625,0.96036116089903,0.039638839100970026,1.322050315368429,dann_matched,banglasarc3_binary+banglasarc_binary,ben_sarc_binary,123
271060e9e102884d,0,0,1.5546875,-1.5703125,0.9579122720843811,0.04208772791561884,1.322050315368429,dann_matched,banglasarc3_binary+banglasarc_binary,ben_sarc_binary,123
d374a161d0f8476c,1,0,1.4921875,-1.515625,0.9529258241789759,0.04707417582102406,1.322050315368429,dann_matched,banglasarc3_binary+banglasarc_binary,ben_sarc_binary,123
805c6b0036851b46,0,0,1.4453125,-1.265625,0.9376689641180752,0.06233103588192476,1.322050315368429,dann_matched,banglasarc3_binary+banglasarc_binary,ben_sarc_binary,123
30ca18fa3a0d5cde,1,0,1.4609375,-1.328125,0.9420819125605256,0.05791808743947446,1.322050315368429,dann_matched,banglasarc3_binary+banglasarc_binary,ben_sarc_binary,123
6a55cab2f75fa619,0,1,-0.984375,0.5,0.184767510648,0.8152324893520001,1.322050315368429,dann_matched,banglasarc3_binary+banglasarc_binary,ben_sarc_binary,123
ba511720a4c0838b,0,0,1.4609375,-1.390625,0.9453993942183476,0.05460060578165237,1.322050315368429,dann_matched,banglasarc3_binary+banglasarc_binary,ben_sarc_binary,123
940152a171a70362,1,0,1.609375,-1.5,0.9572778024535095,0.042722197546490565,1.322050315368429,dann_matched,banglasarc3_binary+banglasarc_binary,ben_sarc_binary,123
273f7bcf91d38ad5,0,0,1.5234375,-1.4609375,0.9518632288833652,0.04813677111663481,1.322050315368429,dann_matched,banglasarc3_binary+banglasarc_binary,ben_sarc_binary,123
c2715636a104b1c4,1,0,0.42382812,-0.71484375,0.7574357102110338,0.24256428978896624,1.322050315368429,dann_matched,banglasarc3_binary+banglasarc_binary,ben_sarc_binary,123
4583110140f1b20a,0,0,2.375,-2.484375,0.9923043528216078,0.007695647178392188,1.322050315368429,dann_matched,banglasarc3_binary+banglasarc_binary,ben_sarc_binary,123
cefb215355672643,0,0,1.515625,-1.484375,0.9525741268224334,0.04742587317756679,1.322050315368429,dann_matched,banglasarc3_binary+banglasarc_binary,ben_sarc_binary,123
5bd3463747919f36,1,0,1.5390625,-1.453125,0.9522199336364293,0.047780066363570746,1.322050315368429,dann_matched,banglasarc3_binary+banglasarc_binary,ben_sarc_binary,123
34a753f1c57f81cd,0,0,1.5078125,-1.4765625,0.9518632288833652,0.04813677111663481,1.322050315368429,dann_matched,banglasarc3_binary+banglasarc_binary,ben_sarc_binary,123
5327f4289d60907e,1,0,0.40625,-0.875,0.7826624789529376,0.21733752104706247,1.322050315368429,dann_matched,banglasarc3_binary+banglasarc_binary,ben_sarc_binary,123
ab0bac90ca2df127,1,0,0.9921875,-1.015625,0.8816149031928324,0.1183850968071675,1.322050315368429,dann_matched,banglasarc3_binary+banglasarc_binary,ben_sarc_binary,123
209e956470c5b71a,0,0,1.5078125,-1.4609375,0.9511422213778251,0.048857778622174906,1.322050315368429,dann_matched,banglasarc3_binary+banglasarc_binary,ben_sarc_binary,123
b94500971edead00,0,0,0.23242188,-0.36132812,0.6442251064863697,0.35577489351363034,1.322050315368429,dann_matched,banglasarc3_binary+banglasarc_binary,ben_sarc_binary,123
ff9a73ee0ebd5ac9,1,0,1.4296875,-1.3125,0.9394706097974611,0.060529390202538995,1.322050315368429,dann_matched,banglasarc3_binary+banglasarc_binary,ben_sarc_binary,123
bf64de11d084da35,0,0,1.484375,-1.4453125,0.9492946352021694,0.050705364797830506,1.322050315368429,dann_matched,banglasarc3_binary+banglasarc_binary,ben_sarc_binary,123
6ab333e82a8a9d7d,1,0,1.4765625,-1.5,0.9515039967560431,0.048496003243956885,1.322050315368429,dann_matched,banglasarc3_binary+banglasarc_binary,ben_sarc_binary,123
f6291474af1addd8,0,0,1.6171875,-1.765625,0.9671630439727548,0.03283695602724524,1.322050315368429,dann_matched,banglasarc3_binary+banglasarc_binary,ben_sarc_binary,123
5d87b9e4e43b636c,1,0,1.453125,-1.421875,0.9465966702001757,0.053403329799824234,1.322050315368429,dann_matched,banglasarc3_binary+banglasarc_binary,ben_sarc_binary,123
03cef5eba779d7e9,0,0,1.5078125,-1.4921875,0.9525741268224334,0.04742587317756679,1.322050315368429,dann_matched,banglasarc3_binary+banglasarc_binary,ben_sarc_binary,123
a3ff6dd04a3e804b,0,0,1.4765625,-1.4296875,0.94815453335022,0.05184546664977983,1.322050315368429,dann_matched,banglasarc3_binary+banglasarc_binary,ben_sarc_binary,123
291bc319b8afb954,0,0,1.5,-1.484375,0.9518632288833652,0.04813677111663481,1.322050315368429,dann_matched,banglasarc3_binary+banglasarc_binary,ben_sarc_binary,123
f2897903d88397b5,0,0,1.6015625,-1.9296875,0.9715639669551474,0.02843603304485266,1.322050315368429,dann_matched,banglasarc3_binary+banglasarc_binary,ben_sarc_binary,123
45135087c24c410e,1,0,1.1328125,-1.2109375,0.9124361604769414,0.08756383952305867,1.322050315368429,dann_matched,banglasarc3_binary+banglasarc_binary,ben_sarc_binary,123
2a10e33e08368ed9,0,0,1.734375,-1.5703125,0.9645892699236761,0.03541073007632382,1.322050315368429,dann_matched,banglasarc3_binary+banglasarc_binary,ben_sarc_binary,123
76a8bbfea8caee0a,0,0,0.2890625,-0.6875,0.7264256089751905,0.27357439102480946,1.322050315368429,dann_matched,banglasarc3_binary+banglasarc_binary,ben_sarc_binary,123
195ee03d8c14339e,1,0,1.4765625,-1.4140625,0.9473810466522863,0.05261895334771377,1.322050315368429,dann_matched,banglasarc3_binary+banglasarc_binary,ben_sarc_binary,123
83592e6c29afb5b3,1,0,1.75,-1.6640625,0.9681411443139596,0.03185885568604046,1.322050315368429,dann_matched,banglasarc3_binary+banglasarc_binary,ben_sarc_binary,123
fc35081d7d57854c,0,0,1.5,-1.40625,0.94815453335022,0.05184546664977983,1.322050315368429,dann_matched,banglasarc3_binary+banglasarc_binary,ben_sarc_binary,123
fa454e26b6ebde6e,1,0,1.28125,-1.25,0.9263037302939515,0.07369626970604846,1.322050315368429,dann_matched,banglasarc3_binary+banglasarc_binary,ben_sarc_binary,123
1ddc9de88973bdf9,0,0,1.078125,-1.3984375,0.9224823435231172,0.07751765647688268,1.322050315368429,dann_matched,banglasarc3_binary+banglasarc_binary,ben_sarc_binary,123
a3d47fe5258587c2,1,0,1.5,-1.484375,0.9518632288833652,0.04813677111663481,1.322050315368429,dann_matched,banglasarc3_binary+banglasarc_binary,ben_sarc_binary,123
1a73c50895b32d68,1,1,-0.29101562,0.003540039,0.4268889326943957,0.5731110673056042,1.322050315368429,dann_matched,banglasarc3_binary+banglasarc_binary,ben_sarc_binary,123
5bec740a2f9157d0,0,0,1.5625,-1.5,0.9553191297273498,0.0446808702726502,1.322050315368429,dann_matched,banglasarc3_binary+banglasarc_binary,ben_sarc_binary,123
6ec16ac1dba98e6e,0,0,1.390625,-1.65625,0.9546474194456936,0.04535258055430642,1.322050315368429,dann_matched,banglasarc3_binary+banglasarc_binary,ben_sarc_binary,123
e05b88d66dbfb451,1,1,-1.625,1.234375,0.05419872982318558,0.9458012701768145,1.322050315368429,dann_matched,banglasarc3_binary+banglasarc_binary,ben_sarc_binary,123
8306a998f21c3bcd,0,0,1.5,-1.6328125,0.9582261192116938,0.04177388078830622,1.322050315368429,dann_matched,banglasarc3_binary+banglasarc_binary,ben_sarc_binary,123
8c716cc7677cc1a0,1,0,0.03125,-0.20898438,0.5597714064929902,0.4402285935070097,1.322050315368429,dann_matched,banglasarc3_binary+banglasarc_binary,ben_sarc_binary,123
c530b1d79c5d28d6,1,1,-0.78515625,0.43945312,0.22712630358550323,0.7728736964144969,1.322050315368429,dann_matched,banglasarc3_binary+banglasarc_binary,ben_sarc_binary,123
c5d458ee3eda681b,1,0,1.6796875,-1.765625,0.9690910414827888,0.030908958517211163,1.322050315368429,dann_matched,banglasarc3_binary+banglasarc_binary,ben_sarc_binary,123
ddcbd23f684ebe36,1,1,-0.84375,0.5703125,0.19559408410649906,0.804405915893501,1.322050315368429,dann_matched,banglasarc3_binary+banglasarc_binary,ben_sarc_binary,123
7a4d2fb6046eb6ae,0,0,1.46875,-1.453125,0.9489172630429474,0.05108273695705249,1.322050315368429,dann_matched,banglasarc3_binary+banglasarc_binary,ben_sarc_binary,123
26bea40a337e188e,1,0,0.16210938,-0.42578125,0.6428810108924662,0.35711898910753376,1.322050315368429,dann_matched,banglasarc3_binary+banglasarc_binary,ben_sarc_binary,123
fee887acc00b62cc,0,0,1.5,-1.3671875,0.946200356539936,0.053799643460063995,1.322050315368429,dann_matched,banglasarc3_binary+banglasarc_binary,ben_sarc_binary,123
aa874d264b9dd816,0,0,1.4140625,-1.4453125,0.9458012701768145,0.05419872982318558,1.322050315368429,dann_matched,banglasarc3_binary+banglasarc_binary,ben_sarc_binary,123
ef1648fcbac66ee2,1,0,0.4921875,-0.6953125,0.7662936430859597,0.23370635691404026,1.322050315368429,dann_matched,banglasarc3_binary+banglasarc_binary,ben_sarc_binary,123
7afb2986e06b6cee,0,0,1.46875,-1.6171875,0.956308939359532,0.04369106064046812,1.322050315368429,dann_matched,banglasarc3_binary+banglasarc_binary,ben_sarc_binary,123
afb19bfcaabffda9,1,1,-1.15625,0.75,0.12940273159163906,0.870597268408361,1.322050315368429,dann_matched,banglasarc3_binary+banglasarc_binary,ben_sarc_binary,123
5b9ba201f2431ee0,0,0,1.4296875,-1.5859375,0.9532750413739076,0.04672495862609242,1.322050315368429,dann_matched,banglasarc3_binary+banglasarc_binary,ben_sarc_binary,123
65467eb4daf59fda,1,0,1.5625,-1.53125,0.9566342012360932,0.04336579876390677,1.322050315368429,dann_matched,banglasarc3_binary+banglasarc_binary,ben_sarc_binary,123
b3d83729f04a28b2,0,0,1.796875,-1.828125,0.9740426428022031,0.02595735719779685,1.322050315368429,dann_matched,banglasarc3_binary+banglasarc_binary,ben_sarc_binary,123
46cfa5912a4415c2,0,0,1.5234375,-1.4609375,0.9518632288833652,0.04813677111663481,1.322050315368429,dann_matched,banglasarc3_binary+banglasarc_binary,ben_sarc_binary,123
888f229ddaae46d5,1,0,1.5390625,-1.4453125,0.9518632288833652,0.04813677111663481,1.322050315368429,dann_matched,banglasarc3_binary+banglasarc_binary,ben_sarc_binary,123
c49617003e0a0a0e,1,0,1.4921875,-1.5078125,0.9525741268224334,0.04742587317756679,1.322050315368429,dann_matched,banglasarc3_binary+banglasarc_binary,ben_sarc_binary,123
39e7eab4e7dc452c,0,0,1.6328125,-1.9140625,0.9719924793940118,0.02800752060598813,1.322050315368429,dann_matched,banglasarc3_binary+banglasarc_binary,ben_sarc_binary,123
c8469235c4dacaa3,0,0,1.5234375,-1.5390625,0.9553191297273498,0.0446808702726502,1.322050315368429,dann_matched,banglasarc3_binary+banglasarc_binary,ben_sarc_binary,123
7f0c3222d79447a8,0,0,1.375,-1.421875,0.9425067211996143,0.05749327880038583,1.322050315368429,dann_matched,banglasarc3_binary+banglasarc_binary,ben_sarc_binary,123
1ada275b9122df43,1,1,-0.953125,0.71484375,0.1586951851359601,0.8413048148640399,1.322050315368429,dann_matched,banglasarc3_binary+banglasarc_binary,ben_sarc_binary,123
872c5cf562e36233,1,0,1.4921875,-1.5,0.9522199336364293,0.047780066363570746,1.322050315368429,dann_matched,banglasarc3_binary+banglasarc_binary,ben_sarc_binary,123
ceb7c339343ef3c3,0,0,1.4765625,-1.5234375,0.9525741268224334,0.04742587317756679,1.322050315368429,dann_matched,banglasarc3_binary+banglasarc_binary,ben_sarc_binary,123
048768baf6d6b70f,0,0,1.984375,-2.203125,0.98504291340685,0.01495708659314999,1.322050315368429,dann_matched,banglasarc3_binary+banglasarc_binary,ben_sarc_binary,123
6c33b30282b83134,0,0,1.9296875,-2.0,0.9807288620802312,0.019271137919768803,1.322050315368429,dann_matched,banglasarc3_binary+banglasarc_binary,ben_sarc_binary,123
f45c31da83d65aa4,0,1,-0.38867188,0.107421875,0.3784590902141952,0.6215409097858049,1.322050315368429,dann_matched,banglasarc3_binary+banglasarc_binary,ben_sarc_binary,123
59d4e711ac60de14,1,1,-0.96875,0.5859375,0.17441027833079015,0.8255897216692099,1.322050315368429,dann_matched,banglasarc3_binary+banglasarc_binary,ben_sarc_binary,123
d78df8e218a64ead,0,0,2.09375,-2.140625,0.9857180660748888,0.014281933925111153,1.322050315368429,dann_matched,banglasarc3_binary+banglasarc_binary,ben_sarc_binary,123
28d2acb3823d7cf0,0,0,1.5625,-1.9296875,0.9704646607088951,0.029535339291104773,1.322050315368429,dann_matched,banglasarc3_binary+banglasarc_binary,ben_sarc_binary,123
03497f68c4ec0d50,0,0,1.5546875,-1.46875,0.953621794005189,0.046378205994811086,1.322050315368429,dann_matched,banglasarc3_binary+banglasarc_binary,ben_sarc_binary,123
0e36cadeca2f2d6a,0,0,1.28125,-1.3828125,0.9348724531603766,0.0651275468396235,1.322050315368429,dann_matched,banglasarc3_binary+banglasarc_binary,ben_sarc_binary,123
87d9817d33635423,0,0,1.5234375,-1.453125,0.9515039967560431,0.048496003243956885,1.322050315368429,dann_matched,banglasarc3_binary+banglasarc_binary,ben_sarc_binary,123
fb5347ddf3ebbad3,0,1,-0.24902344,-0.15332031,0.47609246356785623,0.5239075364321438,1.322050315368429,dann_matched,banglasarc3_binary+banglasarc_binary,ben_sarc_binary,123
fb5fe400a82fc2b5,1,0,1.015625,-1.234375,0.9046505351008906,0.0953494648991095,1.322050315368429,dann_matched,banglasarc3_binary+banglasarc_binary,ben_sarc_binary,123
55352669272d2086,0,0,1.328125,-1.5703125,0.9477691428985743,0.052230857101425734,1.322050315368429,dann_matched,banglasarc3_binary+banglasarc_binary,ben_sarc_binary,123
8de6949e340465cd,0,0,1.5625,-1.4453125,0.9529258241789759,0.04707417582102406,1.322050315368429,dann_matched,banglasarc3_binary+banglasarc_binary,ben_sarc_binary,123
31cdb1116c8c3d0f,0,0,2.171875,-2.125,0.9865717452580314,0.013428254741968517,1.322050315368429,dann_matched,banglasarc3_binary+banglasarc_binary,ben_sarc_binary,123
6c043f38d542ed7b,0,0,0.41796875,-0.56640625,0.7279754489059775,0.2720245510940225,1.322050315368429,dann_matched,banglasarc3_binary+banglasarc_binary,ben_sarc_binary,123
d3c3e30ccbe1204a,1,0,1.5078125,-1.4921875,0.9525741268224334,0.04742587317756679,1.322050315368429,dann_matched,banglasarc3_binary+banglasarc_binary,ben_sarc_binary,123
dbb9d4c7caaf5616,0,0,1.5234375,-1.5234375,0.9546474194456936,0.04535258055430642,1.322050315368429,dann_matched,banglasarc3_binary+banglasarc_binary,ben_sarc_binary,123
a117da73976da664,0,0,1.4921875,-1.4765625,0.9511422213778251,0.048857778622174906,1.322050315368429,dann_matched,banglasarc3_binary+banglasarc_binary,ben_sarc_binary,123
c2ae8d975228e459,0,0,1.5,-1.453125,0.9504109770159683,0.04958902298403175,1.322050315368429,dann_matched,banglasarc3_binary+banglasarc_binary,ben_sarc_binary,123
bf2a8c28159b17fe,0,0,1.4609375,-1.390625,0.9453993942183476,0.05460060578165237,1.322050315368429,dann_matched,banglasarc3_binary+banglasarc_binary,ben_sarc_binary,123
037c34a00f80b5a7,1,1,-1.0703125,0.7421875,0.14033624949008322,0.8596637505099167,1.322050315368429,dann_matched,banglasarc3_binary+banglasarc_binary,ben_sarc_binary,123
67ff494d97b16895,1,0,1.359375,-1.3203125,0.9358173563909802,0.06418264360901972,1.322050315368429,dann_matched,banglasarc3_binary+banglasarc_binary,ben_sarc_binary,123
55084ec0c98ecb28,0,0,1.578125,-1.5078125,0.956308939359532,0.04369106064046812,1.322050315368429,dann_matched,banglasarc3_binary+banglasarc_binary,ben_sarc_binary,123
61ace352e9681643,1,0,1.4609375,-1.4453125,0.94815453335022,0.05184546664977983,1.322050315368429,dann_matched,banglasarc3_binary+banglasarc_binary,ben_sarc_binary,123
f63e10ed730dea2f,0,1,-0.42382812,0.12695312,0.3656831720195924,0.6343168279804076,1.322050315368429,dann_matched,banglasarc3_binary+banglasarc_binary,ben_sarc_binary,123
c4416882b15a83dd,0,0,-0.088378906,-0.2734375,0.5461330648198197,0.4538669351801802,1.322050315368429,dann_matched,banglasarc3_binary+banglasarc_binary,ben_sarc_binary,123
93724c77285580dd,1,1,-1.28125,0.91796875,0.09982066756762313,0.9001793324323768,1.322050315368429,dann_matched,banglasarc3_binary+banglasarc_binary,ben_sarc_binary,123
b591ccd2484d97ac,1,0,1.390625,-1.265625,0.9343951625409306,0.06560483745906928,1.322050315368429,dann_matched,banglasarc3_binary+banglasarc_binary,ben_sarc_binary,123
0d72aa87484a4748,1,0,1.40625,-1.4453125,0.9453993942183476,0.05460060578165237,1.322050315368429,dann_matched,banglasarc3_binary+banglasarc_binary,ben_sarc_binary,123
93ea6a82e1880fb3,0,0,1.515625,-1.5546875,0.9556514186046017,0.04434858139539836,1.322050315368429,dann_matched,banglasarc3_binary+banglasarc_binary,ben_sarc_binary,123
9d8bb6ef41b3429f,0,0,1.6796875,-1.5078125,0.96036116089903,0.039638839100970026,1.322050315368429,dann_matched,banglasarc3_binary+banglasarc_binary,ben_sarc_binary,123
66be0fca3681394a,1,0,1.5078125,-1.4375,0.9500414759334155,0.0499585240665846,1.322050315368429,dann_matched,banglasarc3_binary+banglasarc_binary,ben_sarc_binary,123
a981095b2cdde726,1,0,0.86328125,-0.84765625,0.8469578427551038,0.15304215724489628,1.322050315368429,dann_matched,banglasarc3_binary+banglasarc_binary,ben_sarc_binary,123
74d72dadb2d39a3b,1,0,1.515625,-1.4609375,0.9515039967560431,0.048496003243956885,1.322050315368429,dann_matched,banglasarc3_binary+banglasarc_binary,ben_sarc_binary,123
9bc171b4b2b54c63,0,0,1.453125,-1.4140625,0.946200356539936,0.053799643460063995,1.322050315368429,dann_matched,banglasarc3_binary+banglasarc_binary,ben_sarc_binary,123
18223ae4661434db,1,0,1.4921875,-1.484375,0.9515039967560431,0.048496003243956885,1.322050315368429,dann_matched,banglasarc3_binary+banglasarc_binary,ben_sarc_binary,123
2dd529bb1317fd82,1,1,-1.890625,1.5546875,0.030908958517211163,0.9690910414827888,1.322050315368429,dann_matched,banglasarc3_binary+banglasarc_binary,ben_sarc_binary,123
ef4a84fe80cb135c,0,0,1.46875,-1.4140625,0.9469902279841446,0.05300977201585542,1.322050315368429,dann_matched,banglasarc3_binary+banglasarc_binary,ben_sarc_binary,123
bf1b12de1aec8d5d,0,0,1.375,-1.5625,0.9496693674025232,0.05033063259747688,1.322050315368429,dann_matched,banglasarc3_binary+banglasarc_binary,ben_sarc_binary,123
d992132325779d43,1,1,-1.234375,0.6953125,0.126785173178859,0.8732148268211409,1.322050315368429,dann_matched,banglasarc3_binary+banglasarc_binary,ben_sarc_binary,123
cb87aa29a04f1de5,0,0,1.53125,-1.5234375,0.9549844683997677,0.04501553160023231,1.322050315368429,dann_matched,banglasarc3_binary+banglasarc_binary,ben_sarc_binary,123
6179e1879b59fc96,1,1,-0.21484375,-0.12597656,0.47779781278905337,0.5222021872109467,1.322050315368429,dann_matched,banglasarc3_binary+banglasarc_binary,ben_sarc_binary,123
abc28c20d7b0e10c,0,0,0.20703125,-0.5703125,0.6851073490894588,0.31489265091054125,1.322050315368429,dann_matched,banglasarc3_binary+banglasarc_binary,ben_sarc_binary,123
753a496ac77f8c72,0,0,1.546875,-1.515625,0.9553191297273498,0.0446808702726502,1.322050315368429,dann_matched,banglasarc3_binary+banglasarc_binary,ben_sarc_binary,123
149ac4d09ca9227a,1,0,1.4921875,-1.453125,0.9500414759334155,0.0499585240665846,1.322050315368429,dann_matched,banglasarc3_binary+banglasarc_binary,ben_sarc_binary,123
640884d20053978f,0,0,1.484375,-1.3515625,0.944587205618231,0.05541279438176918,1.322050315368429,dann_matched,banglasarc3_binary+banglasarc_binary,ben_sarc_binary,123
3cae1e478ee0cf13,0,0,1.5234375,-1.625,0.9588471107825551,0.04115288921744485,1.322050315368429,dann_matched,banglasarc3_binary+banglasarc_binary,ben_sarc_binary,123
8d1b0aab73a75688,1,0,1.46875,-1.3984375,0.946200356539936,0.053799643460063995,1.322050315368429,dann_matched,banglasarc3_binary+banglasarc_binary,ben_sarc_binary,123
60f2376713464e20,0,0,1.6640625,-1.578125,0.9623913644941934,0.03760863550580657,1.322050315368429,dann_matched,banglasarc3_binary+banglasarc_binary,ben_sarc_binary,123
839e90d0be837761,0,0,0.50390625,-0.97265625,0.8140528050985784,0.1859471949014217,1.322050315368429,dann_matched,banglasarc3_binary+banglasarc_binary,ben_sarc_binary,123
10c7f996feb94ff4,1,0,0.012390137,-0.25976562,0.567622064583901,0.4323779354160989,1.322050315368429,dann_matched,banglasarc3_binary+banglasarc_binary,ben_sarc_binary,123
a802e564d7e532fc,0,0,1.4921875,-1.484375,0.9515039967560431,0.048496003243956885,1.322050315368429,dann_matched,banglasarc3_binary+banglasarc_binary,ben_sarc_binary,123
36ca1537b8b4128b,1,0,1.46875,-1.390625,0.9458012701768145,0.05419872982318558,1.322050315368429,dann_matched,banglasarc3_binary+banglasarc_binary,ben_sarc_binary,123
ed354a12ee6426bb,0,0,1.5859375,-1.5234375,0.9572778024535095,0.042722197546490565,1.322050315368429,dann_matched,banglasarc3_binary+banglasarc_binary,ben_sarc_binary,123
1e909cfd705884df,0,0,1.4921875,-1.4296875,0.9489172630429474,0.05108273695705249,1.322050315368429,dann_matched,banglasarc3_binary+banglasarc_binary,ben_sarc_binary,123
861e436ae0d37733,1,1,-1.9296875,1.5234375,0.030675801710674105,0.9693241982893259,1.322050315368429,dann_matched,banglasarc3_binary+banglasarc_binary,ben_sarc_binary,123
4b7241244a2f70f8,0,0,1.515625,-1.578125,0.9566342012360932,0.04336579876390677,1.322050315368429,dann_matched,banglasarc3_binary+banglasarc_binary,ben_sarc_binary,123
bd29e1be4f910723,0,0,1.4609375,-1.4609375,0.9489172630429474,0.05108273695705249,1.322050315368429,dann_matched,banglasarc3_binary+banglasarc_binary,ben_sarc_binary,123
6ce59d9e0ca86f5a,0,0,1.46875,-1.2734375,0.9394706097974611,0.060529390202538995,1.322050315368429,dann_matched,banglasarc3_binary+banglasarc_binary,ben_sarc_binary,123
bbcce51aaee47ad7,1,0,1.40625,-1.296875,0.9372107914029487,0.06278920859705135,1.322050315368429,dann_matched,banglasarc3_binary+banglasarc_binary,ben_sarc_binary,123
4b4194f3eb846455,1,0,1.546875,-1.5390625,0.956308939359532,0.04369106064046812,1.322050315368429,dann_matched,banglasarc3_binary+banglasarc_binary,ben_sarc_binary,123
08878f8a6f2945bd,0,0,1.3359375,-1.3359375,0.9353465116437761,0.06465348835622392,1.322050315368429,dann_matched,banglasarc3_binary+banglasarc_binary,ben_sarc_binary,123
f6fbf061227f2bf7,0,0,1.515625,-1.484375,0.9525741268224334,0.04742587317756679,1.322050315368429,dann_matched,banglasarc3_binary+banglasarc_binary,ben_sarc_binary,123
7a06b5089d008661,1,0,1.4609375,-1.3828125,0.9449947117065459,0.05500528829345415,1.322050315368429,dann_matched,banglasarc3_binary+banglasarc_binary,ben_sarc_binary,123
c18cb6376f0dea46,1,0,1.4765625,-1.46875,0.9500414759334155,0.0499585240665846,1.322050315368429,dann_matched,banglasarc3_binary+banglasarc_binary,ben_sarc_binary,123
5f67eee7bc6d252d,0,0,1.4296875,-1.40625,0.944587205618231,0.05541279438176918,1.322050315368429,dann_matched,banglasarc3_binary+banglasarc_binary,ben_sarc_binary,123
d17fe067ba825082,1,0,1.7109375,-1.5859375,0.9643214491222695,0.035678550877730524,1.322050315368429,dann_matched,banglasarc3_binary+banglasarc_binary,ben_sarc_binary,123
9e6b4f9c39057f34,0,0,1.515625,-1.5546875,0.9556514186046017,0.04434858139539836,1.322050315368429,dann_matched,banglasarc3_binary+banglasarc_binary,ben_sarc_binary,123
07557c619bb9139c,0,0,1.5078125,-1.5859375,0.9566342012360932,0.04336579876390677,1.322050315368429,dann_matched,banglasarc3_binary+banglasarc_binary,ben_sarc_binary,123
961d40ea5d4a16c6,0,0,-0.1015625,-0.19726562,0.5239075364321438,0.47609246356785623,1.322050315368429,dann_matched,banglasarc3_binary+banglasarc_binary,ben_sarc_binary,123
306ae8407265d412,1,1,-1.25,0.8828125,0.10594828713637978,0.8940517128636203,1.322050315368429,dann_matched,banglasarc3_binary+banglasarc_binary,ben_sarc_binary,123
9afae82a3e125c2f,1,0,1.4765625,-1.5859375,0.9553191297273498,0.0446808702726502,1.322050315368429,dann_matched,banglasarc3_binary+banglasarc_binary,ben_sarc_binary,123
bc34c2b4a4a5eee0,1,0,1.5390625,-1.3828125,0.9489172630429474,0.05108273695705249,1.322050315368429,dann_matched,banglasarc3_binary+banglasarc_binary,ben_sarc_binary,123
73731eeb68dd5a5f,0,0,1.5,-1.4609375,0.9507778868028013,0.04922211319719861,1.322050315368429,dann_matched,banglasarc3_binary+banglasarc_binary,ben_sarc_binary,123
08c9dfaaa795d7f1,0,0,1.515625,-1.453125,0.9511422213778251,0.048857778622174906,1.322050315368429,dann_matched,banglasarc3_binary+banglasarc_binary,ben_sarc_binary,123
5cb8fa91e43bd932,1,0,0.3828125,-0.59765625,0.7272012166848617,0.2727987833151383,1.322050315368429,dann_matched,banglasarc3_binary+banglasarc_binary,ben_sarc_binary,123
c5f3161c95c43f33,1,0,1.4453125,-1.3828125,0.9441768588653856,0.05582314113461443,1.322050315368429,dann_matched,banglasarc3_binary+banglasarc_binary,ben_sarc_binary,123
7ed58173fab92c18,1,0,1.46875,-1.4296875,0.9477691428985743,0.052230857101425734,1.322050315368429,dann_matched,banglasarc3_binary+banglasarc_binary,ben_sarc_binary,123
790fe385d5992f31,1,0,1.5,-1.4296875,0.9492946352021694,0.050705364797830506,1.322050315368429,dann_matched,banglasarc3_binary+banglasarc_binary,ben_sarc_binary,123
039548731a776c26,0,0,1.875,-2.078125,0.9811668701095654,0.018833129890434692,1.322050315368429,dann_matched,banglasarc3_binary+banglasarc_binary,ben_sarc_binary,123
7eb44893a97d7bcc,1,1,-0.984375,0.69140625,0.1576549093940152,0.8423450906059847,1.322050315368429,dann_matched,banglasarc3_binary+banglasarc_binary,ben_sarc_binary,123
bbdbcd3ecbcc9e7b,1,0,1.4609375,-1.40625,0.946200356539936,0.053799643460063995,1.322050315368429,dann_matched,banglasarc3_binary+banglasarc_binary,ben_sarc_binary,123
f59cf9785a16a509,1,0,1.375,-1.609375,0.9518632288833652,0.04813677111663481,1.322050315368429,dann_matched,banglasarc3_binary+banglasarc_binary,ben_sarc_binary,123
1d634be163a35222,0,0,1.453125,-1.421875,0.9465966702001757,0.053403329799824234,1.322050315368429,dann_matched,banglasarc3_binary+banglasarc_binary,ben_sarc_binary,123
82f10069641d0d9c,0,0,1.4453125,-1.4296875,0.9465966702001757,0.053403329799824234,1.322050315368429,dann_matched,banglasarc3_binary+banglasarc_binary,ben_sarc_binary,123
8221ef4a1b0e2d5f,0,0,1.5078125,-1.453125,0.9507778868028013,0.04922211319719861,1.322050315368429,dann_matched,banglasarc3_binary+banglasarc_binary,ben_sarc_binary,123
9c106aa0ab6f07e5,0,0,1.515625,-1.4453125,0.9507778868028013,0.04922211319719861,1.322050315368429,dann_matched,banglasarc3_binary+banglasarc_binary,ben_sarc_binary,123
486ac48c58c81687,1,0,1.71875,-1.5703125,0.9640516782107567,0.035948321789243294,1.322050315368429,dann_matched,banglasarc3_binary+banglasarc_binary,ben_sarc_binary,123
1fb9e27c968ebde9,0,0,1.40625,-1.3984375,0.9429286027746023,0.057071397225397696,1.322050315368429,dann_matched,banglasarc3_binary+banglasarc_binary,ben_sarc_binary,123
efaffd723c861d6e,1,0,1.5703125,-1.53125,0.9569571506599678,0.04304284934003218,1.322050315368429,dann_matched,banglasarc3_binary+banglasarc_binary,ben_sarc_binary,123
71d26cbc525a65b9,1,0,1.515625,-1.453125,0.9511422213778251,0.048857778622174906,1.322050315368429,dann_matched,banglasarc3_binary+banglasarc_binary,ben_sarc_binary,123
58b59ce9053a19dc,1,0,1.4453125,-1.4296875,0.9465966702001757,0.053403329799824234,1.322050315368429,dann_matched,banglasarc3_binary+banglasarc_binary,ben_sarc_binary,123
48bdc0e864f3c757,1,1,-1.8984375,1.5078125,0.03210070671700819,0.9678992932829918,1.322050315368429,dann_matched,banglasarc3_binary+banglasarc_binary,ben_sarc_binary,123
a2157f5f6eedd93d,0,0,1.7578125,-2.015625,0.9775429470705839,0.02245705292941607,1.322050315368429,dann_matched,banglasarc3_binary+banglasarc_binary,ben_sarc_binary,123
50349b507dbda394,1,0,1.53125,-1.515625,0.9546474194456936,0.04535258055430642,1.322050315368429,dann_matched,banglasarc3_binary+banglasarc_binary,ben_sarc_binary,123
d8f87abde06cee56,0,0,1.5546875,-1.3671875,0.9489172630429474,0.05108273695705249,1.322050315368429,dann_matched,banglasarc3_binary+banglasarc_binary,ben_sarc_binary,123
b1fc3d58a1d20e07,1,0,1.6015625,-1.59375,0.9606574967357419,0.03934250326425821,1.322050315368429,dann_matched,banglasarc3_binary+banglasarc_binary,ben_sarc_binary,123
2cc2d35ef98c905a,1,0,1.25,-1.1953125,0.9202179865359069,0.079782013464093,1.322050315368429,dann_matched,banglasarc3_binary+banglasarc_binary,ben_sarc_binary,123
091ce1bb0abf32e2,0,0,0.5078125,-0.76953125,0.7819972846876342,0.21800271531236584,1.322050315368429,dann_matched,banglasarc3_binary+banglasarc_binary,ben_sarc_binary,123
b34b919d4c3375f2,1,0,1.4921875,-1.390625,0.9469902279841446,0.05300977201585542,1.322050315368429,dann_matched,banglasarc3_binary+banglasarc_binary,ben_sarc_binary,123
c5166492ae91fba9,1,0,1.5703125,-1.40625,0.9515039967560431,0.048496003243956885,1.322050315368429,dann_matched,banglasarc3_binary+banglasarc_binary,ben_sarc_binary,123
886cdcbad640185f,0,0,1.5078125,-1.5546875,0.9553191297273498,0.0446808702726502,1.322050315368429,dann_matched,banglasarc3_binary+banglasarc_binary,ben_sarc_binary,123
6e87a8e5a73df744,1,0,1.703125,-1.609375,0.9648551535992067,0.03514484640079327,1.322050315368429,dann_matched,banglasarc3_binary+banglasarc_binary,ben_sarc_binary,123
1b75f2241bb25f63,0,0,1.5234375,-1.4140625,0.9496693674025232,0.05033063259747688,1.322050315368429,dann_matched,banglasarc3_binary+banglasarc_binary,ben_sarc_binary,123
3e535d35390bd603,1,0,1.40625,-1.28125,0.9362850057480346,0.06371499425196533,1.322050315368429,dann_matched,banglasarc3_binary+banglasarc_binary,ben_sarc_binary,123
fb6344b7b5d70eb1,0,0,1.6484375,-1.84375,0.9704646607088951,0.029535339291104773,1.322050315368429,dann_matched,banglasarc3_binary+banglasarc_binary,ben_sarc_binary,123
e6ce4ee45374af1f,0,0,0.19238281,-0.47070312,0.6599532604307196,0.34004673956928044,1.322050315368429,dann_matched,banglasarc3_binary+banglasarc_binary,ben_sarc_binary,123
c86c0940302f7d25,0,1,-1.40625,0.96875,0.08509904500702024,0.9149009549929797,1.322050315368429,dann_matched,banglasarc3_binary+banglasarc_binary,ben_sarc_binary,123
ed7afbbc376edfd6,0,0,1.265625,-1.71875,0.9518632288833652,0.04813677111663481,1.322050315368429,dann_matched,banglasarc3_binary+banglasarc_binary,ben_sarc_binary,123
afcd8ea35509cd0b,1,0,1.3671875,-1.2578125,0.9324533088603709,0.0675466911396291,1.322050315368429,dann_matched,banglasarc3_binary+banglasarc_binary,ben_sarc_binary,123
ee1d7ea4e771bc3a,1,0,1.53125,-1.390625,0.9489172630429474,0.05108273695705249,1.322050315368429,dann_matched,banglasarc3_binary+banglasarc_binary,ben_sarc_binary,123
216b21e98ed3f4e7,1,0,1.53125,-1.625,0.9591542840900507,0.040845715909949315,1.322050315368429,dann_matched,banglasarc3_binary+banglasarc_binary,ben_sarc_binary,123
b386ab1577488dde,0,0,1.8203125,-1.8671875,0.9755769099458929,0.024423090054107213,1.322050315368429,dann_matched,banglasarc3_binary+banglasarc_binary,ben_sarc_binary,123
12d10b2379a9763c,1,0,1.59375,-1.578125,0.9597620573763841,0.04023794262361602,1.322050315368429,dann_matched,banglasarc3_binary+banglasarc_binary,ben_sarc_binary,123
94f93dcf63f0ff99,1,1,-0.43359375,0.13085938,0.3625177199327976,0.6374822800672024,1.322050315368429,dann_matched,banglasarc3_binary+banglasarc_binary,ben_sarc_binary,123
7f74cfbefabee418,0,0,1.6796875,-1.609375,0.9640516782107567,0.035948321789243294,1.322050315368429,dann_matched,banglasarc3_binary+banglasarc_binary,ben_sarc_binary,123
f9e2c96e60a1b69a,1,1,-0.8203125,0.57421875,0.1986853537904252,0.8013146462095748,1.322050315368429,dann_matched,banglasarc3_binary+banglasarc_binary,ben_sarc_binary,123
23c509a4fc076644,1,1,-0.703125,0.3984375,0.24944724346334116,0.7505527565366589,1.322050315368429,dann_matched,banglasarc3_binary+banglasarc_binary,ben_sarc_binary,123
7b5390e6feedeb04,0,0,1.4921875,-1.4140625,0.94815453335022,0.05184546664977983,1.322050315368429,dann_matched,banglasarc3_binary+banglasarc_binary,ben_sarc_binary,123
a5594c376adfad50,1,1,-0.20214844,-0.033691406,0.457985052774034,0.5420149472259659,1.322050315368429,dann_matched,banglasarc3_binary+banglasarc_binary,ben_sarc_binary,123
5b4b149e1d2249cd,0,0,1.6484375,-1.6171875,0.9632305339244013,0.036769466075598736,1.322050315368429,dann_matched,banglasarc3_binary+banglasarc_binary,ben_sarc_binary,123
8eb0f302ebc82c3e,1,0,1.609375,-1.53125,0.9585377272885904,0.04146227271140963,1.322050315368429,dann_matched,banglasarc3_binary+banglasarc_binary,ben_sarc_binary,123
cace01a2ea15f122,1,0,1.453125,-1.4375,0.9473810466522863,0.05261895334771377,1.322050315368429,dann_matched,banglasarc3_binary+banglasarc_binary,ben_sarc_binary,123
cc01fce6c15055ba,0,0,1.4765625,-1.5234375,0.9525741268224334,0.04742587317756679,1.322050315368429,dann_matched,banglasarc3_binary+banglasarc_binary,ben_sarc_binary,123
b66b55e40810c148,0,0,1.4375,-1.4140625,0.9453993942183476,0.05460060578165237,1.322050315368429,dann_matched,banglasarc3_binary+banglasarc_binary,ben_sarc_binary,123
a63fed8dddcbd5d8,0,0,1.6953125,-1.703125,0.9676556676188429,0.032344332381157095,1.322050315368429,dann_matched,banglasarc3_binary+banglasarc_binary,ben_sarc_binary,123
0d6d0bd4796fa193,0,0,1.5390625,-1.3125,0.9453993942183476,0.05460060578165237,1.322050315368429,dann_matched,banglasarc3_binary+banglasarc_binary,ben_sarc_binary,123
e0afcdcb9938acfe,0,0,0.3203125,-0.6015625,0.7154239957834733,0.28457600421652673,1.322050315368429,dann_matched,banglasarc3_binary+banglasarc_binary,ben_sarc_binary,123
1d4d98a8490b31cd,1,1,-0.62109375,0.30273438,0.28417852997461623,0.7158214700253839,1.322050315368429,dann_matched,banglasarc3_binary+banglasarc_binary,ben_sarc_binary,123
8407da3a1bddc23a,0,0,1.6171875,-1.6484375,0.9632305339244013,0.036769466075598736,1.322050315368429,dann_matched,banglasarc3_binary+banglasarc_binary,ben_sarc_binary,123
b709beea4633bb90,1,0,0.515625,-0.69921875,0.7711548724998493,0.22884512750015074,1.322050315368429,dann_matched,banglasarc3_binary+banglasarc_binary,ben_sarc_binary,123
996e53fef78855df,0,0,1.484375,-1.53125,0.9532750413739076,0.04672495862609242,1.322050315368429,dann_matched,banglasarc3_binary+banglasarc_binary,ben_sarc_binary,123
b7d69e8ec0ee14b7,0,0,1.5078125,-1.5078125,0.9532750413739076,0.04672495862609242,1.322050315368429,dann_matched,banglasarc3_binary+banglasarc_binary,ben_sarc_binary,123
170bfd5075ac16f8,0,0,0.19921875,-0.515625,0.6714705667356973,0.3285294332643027,1.322050315368429,dann_matched,banglasarc3_binary+banglasarc_binary,ben_sarc_binary,123
002919fb94a0447f,0,0,1.546875,-1.59375,0.9585377272885904,0.04146227271140963,1.322050315368429,dann_matched,banglasarc3_binary+banglasarc_binary,ben_sarc_binary,123
96692076902a14fe,0,0,1.53125,-1.5390625,0.9556514186046017,0.04434858139539836,1.322050315368429,dann_matched,banglasarc3_binary+banglasarc_binary,ben_sarc_binary,123
95e4b495b5cdd9bd,0,0,0.9609375,-1.2890625,0.9046505351008906,0.0953494648991095,1.322050315368429,dann_matched,banglasarc3_binary+banglasarc_binary,ben_sarc_binary,123
951b6d7ed2f82fd5,1,1,-1.5703125,1.21875,0.05791808743947446,0.9420819125605256,1.322050315368429,dann_matched,banglasarc3_binary+banglasarc_binary,ben_sarc_binary,123
55e46cd173dd1b62,0,0,1.578125,-1.6640625,0.9623913644941934,0.03760863550580657,1.322050315368429,dann_matched,banglasarc3_binary+banglasarc_binary,ben_sarc_binary,123
d7472734ac8ba820,0,0,1.9140625,-1.890625,0.9782188286685003,0.021781171331499802,1.322050315368429,dann_matched,banglasarc3_binary+banglasarc_binary,ben_sarc_binary,123
1c8bb898a2b2d119,1,0,1.4921875,-1.40625,0.9477691428985743,0.052230857101425734,1.322050315368429,dann_matched,banglasarc3_binary+banglasarc_binary,ben_sarc_binary,123
719d84944265f822,1,0,1.46875,-1.4140625,0.9469902279841446,0.05300977201585542,1.322050315368429,dann_matched,banglasarc3_binary+banglasarc_binary,ben_sarc_binary,123
b8071a3b0a2ce390,1,0,1.28125,-1.4296875,0.9376689641180752,0.06233103588192476,1.322050315368429,dann_matched,banglasarc3_binary+banglasarc_binary,ben_sarc_binary,123
0f7186bcd4a0c4f3,1,0,1.25,-1.53125,0.941654159388319,0.05834584061168106,1.322050315368429,dann_matched,banglasarc3_binary+banglasarc_binary,ben_sarc_binary,123
efa9a850807a9b36,1,0,1.5859375,-1.4375,0.953621794005189,0.046378205994811086,1.322050315368429,dann_matched,banglasarc3_binary+banglasarc_binary,ben_sarc_binary,123
d6606feb81729f74,1,1,-0.51953125,0.26367188,0.3136299502215776,0.6863700497784223,1.322050315368429,dann_matched,banglasarc3_binary+banglasarc_binary,ben_sarc_binary,123
6ae55e1c699494d7,1,0,1.5703125,-1.484375,0.9549844683997677,0.04501553160023231,1.322050315368429,dann_matched,banglasarc3_binary+banglasarc_binary,ben_sarc_binary,123
4c6a5c2b1a6caac5,1,0,1.4609375,-1.5234375,0.9518632288833652,0.04813677111663481,1.322050315368429,dann_matched,banglasarc3_binary+banglasarc_binary,ben_sarc_binary,123
c502afbd13b66a08,1,0,1.46875,-1.390625,0.9458012701768145,0.05419872982318558,1.322050315368429,dann_matched,banglasarc3_binary+banglasarc_binary,ben_sarc_binary,123
1be3879d9735cabe,1,1,-1.765625,1.296875,0.0446808702726502,0.9553191297273498,1.322050315368429,dann_matched,banglasarc3_binary+banglasarc_binary,ben_sarc_binary,123
c027eacf0a46b2c7,0,1,-0.6328125,0.30859375,0.28061637417656055,0.7193836258234395,1.322050315368429,dann_matched,banglasarc3_binary+banglasarc_binary,ben_sarc_binary,123
0e944da26c524f72,1,1,-0.75,0.4140625,0.23792989161116973,0.7620701083888303,1.322050315368429,dann_matched,banglasarc3_binary+banglasarc_binary,ben_sarc_binary,123
2d8f97b9b9c8a045,0,0,1.5,-1.453125,0.9504109770159683,0.04958902298403175,1.322050315368429,dann_matched,banglasarc3_binary+banglasarc_binary,ben_sarc_binary,123
34e12ee0ce17ec5d,1,0,1.484375,-1.4453125,0.9492946352021694,0.050705364797830506,1.322050315368429,dann_matched,banglasarc3_binary+banglasarc_binary,ben_sarc_binary,123
d7580422a93596fb,1,0,1.5625,-1.4609375,0.953621794005189,0.046378205994811086,1.322050315368429,dann_matched,banglasarc3_binary+banglasarc_binary,ben_sarc_binary,123
4a0a751380cde68e,1,0,1.4609375,-1.484375,0.9500414759334155,0.0499585240665846,1.322050315368429,dann_matched,banglasarc3_binary+banglasarc_binary,ben_sarc_binary,123
1a65cd2644d3a805,0,1,-0.5859375,0.14453125,0.3250918718866066,0.6749081281133934,1.322050315368429,dann_matched,banglasarc3_binary+banglasarc_binary,ben_sarc_binary,123
c9ed01b521d695c9,0,0,1.484375,-1.5234375,0.9529258241789759,0.04707417582102406,1.322050315368429,dann_matched,banglasarc3_binary+banglasarc_binary,ben_sarc_binary,123
b59e3aa395f57dae,1,0,1.4921875,-1.453125,0.9500414759334155,0.0499585240665846,1.322050315368429,dann_matched,banglasarc3_binary+banglasarc_binary,ben_sarc_binary,123
99eaca6580bd4fc0,0,0,1.609375,-1.5,0.9572778024535095,0.042722197546490565,1.322050315368429,dann_matched,banglasarc3_binary+banglasarc_binary,ben_sarc_binary,123
296a935c39e9afb9,1,1,-0.5625,0.29296875,0.2982869221861587,0.7017130778138413,1.322050315368429,dann_matched,banglasarc3_binary+banglasarc_binary,ben_sarc_binary,123
546d957d16fe28db,0,0,1.6171875,-1.7265625,0.9658995742876885,0.03410042571231151,1.322050315368429,dann_matched,banglasarc3_binary+banglasarc_binary,ben_sarc_binary,123
80c53dde0d969317,1,0,0.4609375,-0.65625,0.7534666539902642,0.24653334600973575,1.322050315368429,dann_matched,banglasarc3_binary+banglasarc_binary,ben_sarc_binary,123
a8968d4fa080dde3,1,0,0.040527344,-0.3203125,0.5892437213340905,0.41075627866590947,1.322050315368429,dann_matched,banglasarc3_binary+banglasarc_binary,ben_sarc_binary,123
b86c5e47a79ca25a,0,0,1.453125,-1.390625,0.9449947117065459,0.05500528829345415,1.322050315368429,dann_matched,banglasarc3_binary+banglasarc_binary,ben_sarc_binary,123
1b0c513a735d1a30,0,0,1.4921875,-1.5078125,0.9525741268224334,0.04742587317756679,1.322050315368429,dann_matched,banglasarc3_binary+banglasarc_binary,ben_sarc_binary,123
7946d58b9c6f9927,1,0,1.3828125,-1.3125,0.9367494780065266,0.06325052199347325,1.322050315368429,dann_matched,banglasarc3_binary+banglasarc_binary,ben_sarc_binary,123
522165b3d25106c7,1,0,1.65625,-1.5546875,0.9612438064128053,0.03875619358719477,1.322050315368429,dann_matched,banglasarc3_binary+banglasarc_binary,ben_sarc_binary,123
4622350ad3a443f1,1,0,1.4921875,-1.5078125,0.9525741268224334,0.04742587317756679,1.322050315368429,dann_matched,banglasarc3_binary+banglasarc_binary,ben_sarc_binary,123
c2dd53afaed60040,1,0,1.4765625,-1.4921875,0.9511422213778251,0.048857778622174906,1.322050315368429,dann_matched,banglasarc3_binary+banglasarc_binary,ben_sarc_binary,123
35511789295b751b,0,0,1.4140625,-1.421875,0.944587205618231,0.05541279438176918,1.322050315368429,dann_matched,banglasarc3_binary+banglasarc_binary,ben_sarc_binary,123
61d7a98512c65d4b,1,0,1.5859375,-1.515625,0.9569571506599678,0.04304284934003218,1.322050315368429,dann_matched,banglasarc3_binary+banglasarc_binary,ben_sarc_binary,123
564aeafb4559bb55,1,0,1.5,-1.4296875,0.9492946352021694,0.050705364797830506,1.322050315368429,dann_matched,banglasarc3_binary+banglasarc_binary,ben_sarc_binary,123
6fa32765bf3c4358,1,1,-1.75,1.375,0.04208772791561884,0.9579122720843811,1.322050315368429,dann_matched,banglasarc3_binary+banglasarc_binary,ben_sarc_binary,123
bf03951af4707e8c,0,0,1.5078125,-1.4140625,0.9489172630429474,0.05108273695705249,1.322050315368429,dann_matched,banglasarc3_binary+banglasarc_binary,ben_sarc_binary,123
20e1c4890374dcfe,0,1,-0.42578125,0.051757812,0.38283340793018983,0.6171665920698102,1.322050315368429,dann_matched,banglasarc3_binary+banglasarc_binary,ben_sarc_binary,123
f6f3f7ca8b48c4fa,0,0,1.4921875,-1.46875,0.9507778868028013,0.04922211319719861,1.322050315368429,dann_matched,banglasarc3_binary+banglasarc_binary,ben_sarc_binary,123
c71ea3aae12785ee,0,0,1.453125,-1.796875,0.9626731126558706,0.037326887344129464,1.322050315368429,dann_matched,banglasarc3_binary+banglasarc_binary,ben_sarc_binary,123
30f94c70b767f318,0,1,-1.609375,1.265625,0.053403329799824234,0.9465966702001757,1.322050315368429,dann_matched,banglasarc3_binary+banglasarc_binary,ben_sarc_binary,123
72bc29ad62eb47e7,1,0,1.484375,-1.3828125,0.946200356539936,0.053799643460063995,1.322050315368429,dann_matched,banglasarc3_binary+banglasarc_binary,ben_sarc_binary,123
16ee212d968ac1b3,1,0,1.4453125,-1.421875,0.946200356539936,0.053799643460063995,1.322050315368429,dann_matched,banglasarc3_binary+banglasarc_binary,ben_sarc_binary,123
a443f7de76daacbe,0,0,0.9453125,-1.1015625,0.8856314738181876,0.1143685261818125,1.322050315368429,dann_matched,banglasarc3_binary+banglasarc_binary,ben_sarc_binary,123
757ad180259a689a,0,0,1.15625,-1.328125,0.9230391643039738,0.07696083569602613,1.322050315368429,dann_matched,banglasarc3_binary+banglasarc_binary,ben_sarc_binary,123
cc0c630cea71fe41,1,0,1.5390625,-1.3671875,0.94815453335022,0.05184546664977983,1.322050315368429,dann_matched,banglasarc3_binary+banglasarc_binary,ben_sarc_binary,123
9d807d16db859b32,1,0,1.5390625,-1.5703125,0.9572778024535095,0.042722197546490565,1.322050315368429,dann_matched,banglasarc3_binary+banglasarc_binary,ben_sarc_binary,123
995a22644379ecf2,1,0,1.484375,-1.453125,0.9496693674025232,0.05033063259747688,1.322050315368429,dann_matched,banglasarc3_binary+banglasarc_binary,ben_sarc_binary,123
81ea367c5a8d126f,1,1,-1.1875,0.7890625,0.12168575463704705,0.878314245362953,1.322050315368429,dann_matched,banglasarc3_binary+banglasarc_binary,ben_sarc_binary,123
44116e2903dc72c0,1,0,1.5234375,-1.4609375,0.9518632288833652,0.04813677111663481,1.322050315368429,dann_matched,banglasarc3_binary+banglasarc_binary,ben_sarc_binary,123
12f987c998c65dfe,0,0,1.5625,-1.421875,0.9518632288833652,0.04813677111663481,1.322050315368429,dann_matched,banglasarc3_binary+banglasarc_binary,ben_sarc_binary,123
64dd0f5b903d4ffb,1,0,0.5625,-0.68359375,0.776622938216557,0.22337706178344302,1.322050315368429,dann_matched,banglasarc3_binary+banglasarc_binary,ben_sarc_binary,123
657fd196d1c0204c,0,0,1.4453125,-1.4453125,0.9473810466522863,0.05261895334771377,1.322050315368429,dann_matched,banglasarc3_binary+banglasarc_binary,ben_sarc_binary,123
304d4c09e43fcfa1,1,0,0.84375,-1.0625,0.870597268408361,0.12940273159163906,1.322050315368429,dann_matched,banglasarc3_binary+banglasarc_binary,ben_sarc_binary,123
b3efa5a1ce367b6b,1,0,2.671875,-2.453125,0.9940889311437562,0.005911068856243796,1.322050315368429,dann_matched,banglasarc3_binary+banglasarc_binary,ben_sarc_binary,123
37bb21109812e365,0,0,0.19042969,-0.4921875,0.6643225759919834,0.33567742400801664,1.322050315368429,dann_matched,banglasarc3_binary+banglasarc_binary,ben_sarc_binary,123
80515bf8736127e1,0,0,1.5390625,-1.5390625,0.9559813501370537,0.04401864986294638,1.322050315368429,dann_matched,banglasarc3_binary+banglasarc_binary,ben_sarc_binary,123
cd8650b3007c5fd0,0,0,1.6640625,-1.6171875,0.9637799441350253,0.036220055864974746,1.322050315368429,dann_matched,banglasarc3_binary+banglasarc_binary,ben_sarc_binary,123
9d93a22d8859c393,0,0,1.6171875,-1.46875,0.956308939359532,0.04369106064046812,1.322050315368429,dann_matched,banglasarc3_binary+banglasarc_binary,ben_sarc_binary,123
40cf236076ed518b,1,0,1.46875,-1.3203125,0.9420819125605256,0.05791808743947446,1.322050315368429,dann_matched,banglasarc3_binary+banglasarc_binary,ben_sarc_binary,123
7cc3d737bdb89dae,0,0,1.5625,-1.4609375,0.953621794005189,0.046378205994811086,1.322050315368429,dann_matched,banglasarc3_binary+banglasarc_binary,ben_sarc_binary,123
9768df80c4ffc7cb,1,1,-0.53125,0.20996094,0.3227394018458503,0.6772605981541496,1.322050315368429,dann_matched,banglasarc3_binary+banglasarc_binary,ben_sarc_binary,123
426712e75cd20689,1,1,-2.0,1.609375,0.02635535284611975,0.9736446471538801,1.322050315368429,dann_matched,banglasarc3_binary+banglasarc_binary,ben_sarc_binary,123
a23a85e313f73df1,1,0,1.46875,-1.390625,0.9458012701768145,0.05419872982318558,1.322050315368429,dann_matched,banglasarc3_binary+banglasarc_binary,ben_sarc_binary,123
2e8d3489a7d80879,0,0,1.4609375,-1.4921875,0.9504109770159683,0.04958902298403175,1.322050315368429,dann_matched,banglasarc3_binary+banglasarc_binary,ben_sarc_binary,123
9d135efe46f62bdd,1,0,1.4921875,-1.484375,0.9515039967560431,0.048496003243956885,1.322050315368429,dann_matched,banglasarc3_binary+banglasarc_binary,ben_sarc_binary,123
6a037242a2832741,1,1,-1.421875,1.0390625,0.07864238118410145,0.9213576188158985,1.322050315368429,dann_matched,banglasarc3_binary+banglasarc_binary,ben_sarc_binary,123
8712cbab99ab9dfc,0,0,1.578125,-1.5546875,0.9582261192116938,0.04177388078830622,1.322050315368429,dann_matched,banglasarc3_binary+banglasarc_binary,ben_sarc_binary,123
7f68b16186fe23d8,1,1,-1.734375,1.40625,0.04146227271140963,0.9585377272885904,1.322050315368429,dann_matched,banglasarc3_binary+banglasarc_binary,ben_sarc_binary,123
50d883bd69b78d7f,0,0,1.5078125,-1.4453125,0.9504109770159683,0.04958902298403175,1.322050315368429,dann_matched,banglasarc3_binary+banglasarc_binary,ben_sarc_binary,123
ef828b2eb6c69768,0,0,1.6328125,-1.796875,0.9686195704870232,0.031380429512976746,1.322050315368429,dann_matched,banglasarc3_binary+banglasarc_binary,ben_sarc_binary,123
f1535d3442766d3f,0,0,1.46875,-1.734375,0.9609517072737735,0.03904829272622638,1.322050315368429,dann_matched,banglasarc3_binary+banglasarc_binary,ben_sarc_binary,123
ac514c70744aade2,0,0,1.5546875,-1.4453125,0.9525741268224334,0.04742587317756679,1.322050315368429,dann_matched,banglasarc3_binary+banglasarc_binary,ben_sarc_binary,123
d1e310e4c0da69a8,1,0,0.020507812,-0.328125,0.5862860002953619,0.4137139997046381,1.322050315368429,dann_matched,banglasarc3_binary+banglasarc_binary,ben_sarc_binary,123
77b52d2d7fab7e6f,1,0,1.46875,-1.578125,0.9546474194456936,0.04535258055430642,1.322050315368429,dann_matched,banglasarc3_binary+banglasarc_binary,ben_sarc_binary,123
414e61ec4cd55367,0,0,1.609375,-1.5546875,0.9594592615365182,0.040540738463481864,1.322050315368429,dann_matched,banglasarc3_binary+banglasarc_binary,ben_sarc_binary,123
bdcd7291940c05fa,1,0,1.703125,-1.59375,0.9643214491222695,0.035678550877730524,1.322050315368429,dann_matched,banglasarc3_binary+banglasarc_binary,ben_sarc_binary,123
cee38642f8968da3,0,0,-0.059570312,-0.22167969,0.5404388233459775,0.45956117665402246,1.322050315368429,dann_matched,banglasarc3_binary+banglasarc_binary,ben_sarc_binary,123
245dbddd60bd0b14,1,0,1.4296875,-1.6875,0.9575961713681533,0.04240382863184672,1.322050315368429,dann_matched,banglasarc3_binary+banglasarc_binary,ben_sarc_binary,123
b491b4a1e4db618a,0,1,-1.0703125,0.69921875,0.14560063226034367,0.8543993677396563,1.322050315368429,dann_matched,banglasarc3_binary+banglasarc_binary,ben_sarc_binary,123
250c5953b6023cc1,0,0,1.5625,-1.4453125,0.9529258241789759,0.04707417582102406,1.322050315368429,dann_matched,banglasarc3_binary+banglasarc_binary,ben_sarc_binary,123
ecfcfc948f3295ed,1,0,1.4140625,-1.4921875,0.94815453335022,0.05184546664977983,1.322050315368429,dann_matched,banglasarc3_binary+banglasarc_binary,ben_sarc_binary,123
5deaa0053e159ce8,1,0,1.515625,-1.453125,0.9511422213778251,0.048857778622174906,1.322050315368429,dann_matched,banglasarc3_binary+banglasarc_binary,ben_sarc_binary,123
16f207d9d4044052,1,0,1.6015625,-1.53125,0.9582261192116938,0.04177388078830622,1.322050315368429,dann_matched,banglasarc3_binary+banglasarc_binary,ben_sarc_binary,123
44c685f4bfac8dbd,1,0,1.5234375,-1.4453125,0.9511422213778251,0.048857778622174906,1.322050315368429,dann_matched,banglasarc3_binary+banglasarc_binary,ben_sarc_binary,123
fafe8e2d8a61862f,0,0,1.734375,-1.7265625,0.9695556515673754,0.030444348432624533,1.322050315368429,dann_matched,banglasarc3_binary+banglasarc_binary,ben_sarc_binary,123
1bcfb6a97f1fd9c5,1,0,1.5625,-1.5625,0.9579122720843811,0.04208772791561884,1.322050315368429,dann_matched,banglasarc3_binary+banglasarc_binary,ben_sarc_binary,123
7a159c7bc59315cc,1,0,1.390625,-1.5,0.9473810466522863,0.05261895334771377,1.322050315368429,dann_matched,banglasarc3_binary+banglasarc_binary,ben_sarc_binary,123
1b239371840510a6,1,0,1.0703125,-1.2578125,0.9111797075998822,0.08882029240011771,1.322050315368429,dann_matched,banglasarc3_binary+banglasarc_binary,ben_sarc_binary,123
d647baed538f906f,1,1,-1.3046875,0.8671875,0.10230470789265303,0.8976952921073469,1.322050315368429,dann_matched,banglasarc3_binary+banglasarc_binary,ben_sarc_binary,123
707023f967468b58,1,0,1.84375,-1.6484375,0.9704646607088951,0.029535339291104773,1.322050315368429,dann_matched,banglasarc3_binary+banglasarc_binary,ben_sarc_binary,123
121801c7fd2200fa,0,0,1.5,-1.328125,0.9441768588653856,0.05582314113461443,1.322050315368429,dann_matched,banglasarc3_binary+banglasarc_binary,ben_sarc_binary,123
a7ac72fdec0c45e0,1,0,1.5703125,-1.515625,0.956308939359532,0.04369106064046812,1.322050315368429,dann_matched,banglasarc3_binary+banglasarc_binary,ben_sarc_binary,123
713b05d7c7a4c69a,1,0,1.4609375,-1.359375,0.9437636542955161,0.056236345704483756,1.322050315368429,dann_matched,banglasarc3_binary+banglasarc_binary,ben_sarc_binary,123
ebc3f4bb36dbb1b5,1,0,1.4140625,-1.390625,0.9429286027746023,0.057071397225397696,1.322050315368429,dann_matched,banglasarc3_binary+banglasarc_binary,ben_sarc_binary,123
a68f5a181eca5bb0,0,0,1.921875,-1.96875,0.9799765587105447,0.020023441289455244,1.322050315368429,dann_matched,banglasarc3_binary+banglasarc_binary,ben_sarc_binary,123
d1b4023592fea803,0,0,-0.1015625,-0.19238281,0.5226894844072489,0.47731051559275106,1.322050315368429,dann_matched,banglasarc3_binary+banglasarc_binary,ben_sarc_binary,123
d539b5a17f618fbd,0,0,1.703125,-1.5546875,0.9629528313309248,0.037047168669075196,1.322050315368429,dann_matched,banglasarc3_binary+banglasarc_binary,ben_sarc_binary,123
f673c4cee953eb58,0,0,1.5234375,-1.484375,0.9529258241789759,0.04707417582102406,1.322050315368429,dann_matched,banglasarc3_binary+banglasarc_binary,ben_sarc_binary,123
e7838efca61faf18,1,1,-2.09375,1.7109375,0.021781171331499802,0.9782188286685003,1.322050315368429,dann_matched,banglasarc3_binary+banglasarc_binary,ben_sarc_binary,123
70580b2d11ab2773,0,0,1.5390625,-1.6328125,0.9597620573763841,0.04023794262361602,1.322050315368429,dann_matched,banglasarc3_binary+banglasarc_binary,ben_sarc_binary,123
b25b32fa4194e08c,1,0,1.3828125,-1.3046875,0.9362850057480346,0.06371499425196533,1.322050315368429,dann_matched,banglasarc3_binary+banglasarc_binary,ben_sarc_binary,123
a4aeca7de862ccfe,1,1,-0.49414062,0.10498047,0.35454479940528616,0.6454552005947138,1.322050315368429,dann_matched,banglasarc3_binary+banglasarc_binary,ben_sarc_binary,123
40fec167e8cb4673,1,0,1.5078125,-1.5234375,0.9539660976007597,0.046033902399240385,1.322050315368429,dann_matched,banglasarc3_binary+banglasarc_binary,ben_sarc_binary,123
24377aa8f1bee593,0,1,-1.453125,1.21875,0.06465348835622392,0.9353465116437761,1.322050315368429,dann_matched,banglasarc3_binary+banglasarc_binary,ben_sarc_binary,123
31ff2aa569e35471,1,0,1.6015625,-1.4609375,0.9553191297273498,0.0446808702726502,1.322050315368429,dann_matched,banglasarc3_binary+banglasarc_binary,ben_sarc_binary,123
f2c9fb74e5bc44de,0,0,1.5234375,-1.3984375,0.9489172630429474,0.05108273695705249,1.322050315368429,dann_matched,banglasarc3_binary+banglasarc_binary,ben_sarc_binary,123
a21ab0a68698f3d8,1,0,0.23925781,-0.43945312,0.663450931311592,0.33654906868840784,1.322050315368429,dann_matched,banglasarc3_binary+banglasarc_binary,ben_sarc_binary,123
f1a62ae419d53ab9,1,0,1.5078125,-1.59375,0.9569571506599678,0.04304284934003218,1.322050315368429,dann_matched,banglasarc3_binary+banglasarc_binary,ben_sarc_binary,123
b9515b021bc10793,1,0,1.4765625,-1.4921875,0.9511422213778251,0.048857778622174906,1.322050315368429,dann_matched,banglasarc3_binary+banglasarc_binary,ben_sarc_binary,123
62136455d09e27f1,0,0,1.84375,-1.7890625,0.9742394408803315,0.025760559119668493,1.322050315368429,dann_matched,banglasarc3_binary+banglasarc_binary,ben_sarc_binary,123
536ce79f5b11f727,0,0,1.6171875,-1.5546875,0.9597620573763841,0.04023794262361602,1.322050315368429,dann_matched,banglasarc3_binary+banglasarc_binary,ben_sarc_binary,123
e0a1f767ee32cc99,0,0,1.1875,-1.5078125,0.9367494780065266,0.06325052199347325,1.322050315368429,dann_matched,banglasarc3_binary+banglasarc_binary,ben_sarc_binary,123
137f7ac87b22a623,0,0,2.0625,-2.03125,0.983596967483837,0.016403032516163058,1.322050315368429,dann_matched,banglasarc3_binary+banglasarc_binary,ben_sarc_binary,123
50f1f4f0700fa8fb,1,0,1.5,-1.5703125,0.9556514186046017,0.04434858139539836,1.322050315368429,dann_matched,banglasarc3_binary+banglasarc_binary,ben_sarc_binary,123
1b2f01125f300f41,1,0,0.8203125,-1.234375,0.8864204083088262,0.11357959169117389,1.322050315368429,dann_matched,banglasarc3_binary+banglasarc_binary,ben_sarc_binary,123
ac8842d8296cbbf6,1,0,1.3984375,-1.4921875,0.9473810466522863,0.05261895334771377,1.322050315368429,dann_matched,banglasarc3_binary+banglasarc_binary,ben_sarc_binary,123
657993542d4b0f05,1,1,-1.1171875,0.79296875,0.12896329929010264,0.8710367007098975,1.322050315368429,dann_matched,banglasarc3_binary+banglasarc_binary,ben_sarc_binary,123
901d214e90a15c66,0,1,-0.14648438,-0.04345703,0.47426592318609173,0.5257340768139083,1.322050315368429,dann_matched,banglasarc3_binary+banglasarc_binary,ben_sarc_binary,123
faedfc7b7f14d50d,1,1,-1.28125,0.78515625,0.11240508853787773,0.8875949114621223,1.322050315368429,dann_matched,banglasarc3_binary+banglasarc_binary,ben_sarc_binary,123
c35d6dc1d8358143,0,0,1.5546875,-1.6328125,0.96036116089903,0.039638839100970026,1.322050315368429,dann_matched,banglasarc3_binary+banglasarc_binary,ben_sarc_binary,123
629feea33fcc6e44,1,0,1.6328125,-1.6015625,0.9621075733703927,0.037892426629607394,1.322050315368429,dann_matched,banglasarc3_binary+banglasarc_binary,ben_sarc_binary,123
7b07b10b38588785,0,0,1.46875,-1.40625,0.9465966702001757,0.053403329799824234,1.322050315368429,dann_matched,banglasarc3_binary+banglasarc_binary,ben_sarc_binary,123
bf2493a4feeb813c,1,1,-1.7421875,1.3515625,0.04336579876390677,0.9566342012360932,1.322050315368429,dann_matched,banglasarc3_binary+banglasarc_binary,ben_sarc_binary,123
3be9f92921c7ae52,1,0,1.4609375,-1.4921875,0.9504109770159683,0.04958902298403175,1.322050315368429,dann_matched,banglasarc3_binary+banglasarc_binary,ben_sarc_binary,123
0f7fa2375e3cf878,0,0,1.484375,-1.4765625,0.9507778868028013,0.04922211319719861,1.322050315368429,dann_matched,banglasarc3_binary+banglasarc_binary,ben_sarc_binary,123
362918c06f22654b,1,1,-1.7734375,1.3671875,0.04146227271140963,0.9585377272885904,1.322050315368429,dann_matched,banglasarc3_binary+banglasarc_binary,ben_sarc_binary,123
49a79f776a5fff20,0,0,1.46875,-1.4921875,0.9507778868028013,0.04922211319719861,1.322050315368429,dann_matched,banglasarc3_binary+banglasarc_binary,ben_sarc_binary,123
01e8711b16b668f7,1,0,1.4296875,-1.328125,0.9403530570548787,0.0596469429451214,1.322050315368429,dann_matched,banglasarc3_binary+banglasarc_binary,ben_sarc_binary,123
0bddc40f3040de81,0,0,1.5703125,-1.5,0.9556514186046017,0.04434858139539836,1.322050315368429,dann_matched,banglasarc3_binary+banglasarc_binary,ben_sarc_binary,123
12b697909e9184f4,0,0,1.6171875,-1.6796875,0.9643214491222695,0.035678550877730524,1.322050315368429,dann_matched,banglasarc3_binary+banglasarc_binary,ben_sarc_binary,123
2b970c964b20080b,1,0,1.5390625,-1.4609375,0.9525741268224334,0.04742587317756679,1.322050315368429,dann_matched,banglasarc3_binary+banglasarc_binary,ben_sarc_binary,123
872ee2aad3af8b19,1,0,0.7421875,-1.3359375,0.888758793492457,0.11124120650754304,1.322050315368429,dann_matched,banglasarc3_binary+banglasarc_binary,ben_sarc_binary,123
2a3e245cda777c8f,0,0,1.453125,-1.46875,0.9489172630429474,0.05108273695705249,1.322050315368429,dann_matched,banglasarc3_binary+banglasarc_binary,ben_sarc_binary,123
c58b01e0213e44b1,1,1,-2.203125,1.8828125,0.01652955655765428,0.9834704434423458,1.322050315368429,dann_matched,banglasarc3_binary+banglasarc_binary,ben_sarc_binary,123
8e96180c2c9c8000,1,0,1.53125,-1.53125,0.9553191297273498,0.0446808702726502,1.322050315368429,dann_matched,banglasarc3_binary+banglasarc_binary,ben_sarc_binary,123
d2f4200afbeeb5e3,0,0,1.9921875,-2.15625,0.9844563520692292,0.015543647930770626,1.322050315368429,dann_matched,banglasarc3_binary+banglasarc_binary,ben_sarc_binary,123
af2b26616ff5ee54,1,0,1.5625,-1.4609375,0.953621794005189,0.046378205994811086,1.322050315368429,dann_matched,banglasarc3_binary+banglasarc_binary,ben_sarc_binary,123
786c2314798e196c,1,0,1.6484375,-1.65625,0.9645892699236761,0.03541073007632382,1.322050315368429,dann_matched,banglasarc3_binary+banglasarc_binary,ben_sarc_binary,123
5fbd54cdbe158e15,1,0,1.0,-1.1796875,0.8984105540811842,0.10158944591881586,1.322050315368429,dann_matched,banglasarc3_binary+banglasarc_binary,ben_sarc_binary,123
1855cf5b139766f3,1,0,1.4375,-1.40625,0.9449947117065459,0.05500528829345415,1.322050315368429,dann_matched,banglasarc3_binary+banglasarc_binary,ben_sarc_binary,123
b39be7ecfd0060b6,0,0,1.65625,-1.5546875,0.9612438064128053,0.03875619358719477,1.322050315368429,dann_matched,banglasarc3_binary+banglasarc_binary,ben_sarc_binary,123
c65116cf34644cd5,1,0,1.3515625,-1.40625,0.9403530570548787,0.0596469429451214,1.322050315368429,dann_matched,banglasarc3_binary+banglasarc_binary,ben_sarc_binary,123
b739c1d646dcd327,1,0,1.4609375,-1.34375,0.9429286027746023,0.057071397225397696,1.322050315368429,dann_matched,banglasarc3_binary+banglasarc_binary,ben_sarc_binary,123
5e95841240dfe62f,1,1,-1.421875,1.125,0.07263670636078697,0.927363293639213,1.322050315368429,dann_matched,banglasarc3_binary+banglasarc_binary,ben_sarc_binary,123
dcd93f39c0bb4014,1,0,1.484375,-1.390625,0.9465966702001757,0.053403329799824234,1.322050315368429,dann_matched,banglasarc3_binary+banglasarc_binary,ben_sarc_binary,123
7d0e2a7bcd6b3d28,1,0,0.80078125,-0.9296875,0.8494723686970466,0.15052763130295335,1.322050315368429,dann_matched,banglasarc3_binary+banglasarc_binary,ben_sarc_binary,123
c0edf4676564db99,0,0,1.5,-1.40625,0.94815453335022,0.05184546664977983,1.322050315368429,dann_matched,banglasarc3_binary+banglasarc_binary,ben_sarc_binary,123
9335d2455b1f27ab,0,0,0.90234375,-1.0234375,0.8727817323315137,0.12721826766848623,1.322050315368429,dann_matched,banglasarc3_binary+banglasarc_binary,ben_sarc_binary,123
dd34c1c7328becbf,0,0,0.19921875,-0.37890625,0.640635854839898,0.35936414516010196,1.322050315368429,dann_matched,banglasarc3_binary+banglasarc_binary,ben_sarc_binary,123
c8f4126efaaf299f,0,0,1.5,-1.4453125,0.9500414759334155,0.0499585240665846,1.322050315368429,dann_matched,banglasarc3_binary+banglasarc_binary,ben_sarc_binary,123
0b02e6806eb4623d,1,0,1.5234375,-1.3046875,0.9441768588653856,0.05582314113461443,1.322050315368429,dann_matched,banglasarc3_binary+banglasarc_binary,ben_sarc_binary,123
c72adca5054980b2,1,0,1.7265625,-1.78125,0.9709092429574353,0.029090757042564665,1.322050315368429,dann_matched,banglasarc3_binary+banglasarc_binary,ben_sarc_binary,123
4df8658ab90ffcfe,0,0,1.5078125,-1.4453125,0.9504109770159683,0.04958902298403175,1.322050315368429,dann_matched,banglasarc3_binary+banglasarc_binary,ben_sarc_binary,123
b3453b73cd6c3f8d,0,0,1.59375,-1.5859375,0.9600626857930734,0.0399373142069266,1.322050315368429,dann_matched,banglasarc3_binary+banglasarc_binary,ben_sarc_binary,123
dd0a49aad4bbed51,1,0,1.4609375,-1.5234375,0.9518632288833652,0.04813677111663481,1.322050315368429,dann_matched,banglasarc3_binary+banglasarc_binary,ben_sarc_binary,123
dbb6efa94e39c396,0,1,-1.109375,0.77734375,0.13161904835577012,0.8683809516442299,1.322050315368429,dann_matched,banglasarc3_binary+banglasarc_binary,ben_sarc_binary,123
6c081477d440e268,1,0,1.59375,-1.6328125,0.9618217257384336,0.03817827426156642,1.322050315368429,dann_matched,banglasarc3_binary+banglasarc_binary,ben_sarc_binary,123
78ff3690b8aec330,1,0,1.4921875,-1.359375,0.9453993942183476,0.05460060578165237,1.322050315368429,dann_matched,banglasarc3_binary+banglasarc_binary,ben_sarc_binary,123
77ed4daa69799f44,0,0,1.828125,-2.078125,0.9802808718926534,0.01971912810734659,1.322050315368429,dann_matched,banglasarc3_binary+banglasarc_binary,ben_sarc_binary,123
7b838a14214e264a,1,0,1.5078125,-1.4921875,0.9525741268224334,0.04742587317756679,1.322050315368429,dann_matched,banglasarc3_binary+banglasarc_binary,ben_sarc_binary,123
60eef6c114c06f09,0,0,1.5625,-1.640625,0.9609517072737735,0.03904829272622638,1.322050315368429,dann_matched,banglasarc3_binary+banglasarc_binary,ben_sarc_binary,123
dee5e755d1aab9b3,1,0,1.6875,-1.828125,0.9711290930537122,0.028870906946287907,1.322050315368429,dann_matched,banglasarc3_binary+banglasarc_binary,ben_sarc_binary,123
670780f89bb3bdda,0,0,0.42382812,-0.69921875,0.7545534430129951,0.24544655698700496,1.322050315368429,dann_matched,banglasarc3_binary+banglasarc_binary,ben_sarc_binary,123
00deb36ba047f1fa,0,0,1.7890625,-2.09375,0.97982268167713,0.02017731832286999,1.322050315368429,dann_matched,banglasarc3_binary+banglasarc_binary,ben_sarc_binary,123
5e88773de77af986,1,1,-1.8046875,1.4765625,0.036220055864974746,0.9637799441350253,1.322050315368429,dann_matched,banglasarc3_binary+banglasarc_binary,ben_sarc_binary,123
bde72da61c8e6b02,0,0,1.4921875,-1.4765625,0.9511422213778251,0.048857778622174906,1.322050315368429,dann_matched,banglasarc3_binary+banglasarc_binary,ben_sarc_binary,123
c7839fe5f2b51b87,1,1,-0.21191406,-0.16113281,0.4873074149509266,0.5126925850490733,1.322050315368429,dann_matched,banglasarc3_binary+banglasarc_binary,ben_sarc_binary,123
0132fc1e44861cfd,1,0,1.515625,-1.453125,0.9511422213778251,0.048857778622174906,1.322050315368429,dann_matched,banglasarc3_binary+banglasarc_binary,ben_sarc_binary,123
d8b474deb7990fb0,0,0,1.484375,-1.4609375,0.9500414759334155,0.0499585240665846,1.322050315368429,dann_matched,banglasarc3_binary+banglasarc_binary,ben_sarc_binary,123
19d8309b5ddf76ea,0,1,-0.26953125,0.006225586,0.4314943497691801,0.5685056502308199,1.322050315368429,dann_matched,banglasarc3_binary+banglasarc_binary,ben_sarc_binary,123
afdd82d4abe21114,1,0,1.796875,-1.734375,0.9715639669551474,0.02843603304485266,1.322050315368429,dann_matched,banglasarc3_binary+banglasarc_binary,ben_sarc_binary,123
13fd3e16bd0df41c,1,0,1.515625,-1.484375,0.9525741268224334,0.04742587317756679,1.322050315368429,dann_matched,banglasarc3_binary+banglasarc_binary,ben_sarc_binary,123
c5bdb751af71d753,0,0,1.921875,-2.1875,0.983847165177859,0.016152834822140957,1.322050315368429,dann_matched,banglasarc3_binary+banglasarc_binary,ben_sarc_binary,123
97833edf59ce957c,0,0,1.484375,-1.5,0.9518632288833652,0.04813677111663481,1.322050315368429,dann_matched,banglasarc3_binary+banglasarc_binary,ben_sarc_binary,123
b03f17f6d8c62493,1,0,1.7109375,-1.734375,0.9690910414827888,0.030908958517211163,1.322050315368429,dann_matched,banglasarc3_binary+banglasarc_binary,ben_sarc_binary,123
898a26a514b341a4,1,0,1.46875,-1.4453125,0.9485372345673925,0.05146276543260743,1.322050315368429,dann_matched,banglasarc3_binary+banglasarc_binary,ben_sarc_binary,123
965c85c75210d720,0,0,1.5,-1.4453125,0.9500414759334155,0.0499585240665846,1.322050315368429,dann_matched,banglasarc3_binary+banglasarc_binary,ben_sarc_binary,123
485803334b1742ce,0,0,1.1875,-1.390625,0.9294404038127071,0.07055959618729296,1.322050315368429,dann_matched,banglasarc3_binary+banglasarc_binary,ben_sarc_binary,123
0646e79a2c3861ab,1,0,1.3828125,-1.296875,0.9358173563909802,0.06418264360901972,1.322050315368429,dann_matched,banglasarc3_binary+banglasarc_binary,ben_sarc_binary,123
4ba16db2db1f41b2,0,0,1.578125,-1.5390625,0.9575961713681533,0.04240382863184672,1.322050315368429,dann_matched,banglasarc3_binary+banglasarc_binary,ben_sarc_binary,123
45973cf475a88805,1,1,-1.25,0.9296875,0.10158944591881586,0.8984105540811842,1.322050315368429,dann_matched,banglasarc3_binary+banglasarc_binary,ben_sarc_binary,123
8df8f76234ad6307,1,0,1.5546875,-1.4375,0.9522199336364293,0.047780066363570746,1.322050315368429,dann_matched,banglasarc3_binary+banglasarc_binary,ben_sarc_binary,123
8c3dd815cc152c4b,1,0,1.5,-1.5390625,0.9543079676184154,0.04569203238158463,1.322050315368429,dann_matched,banglasarc3_binary+banglasarc_binary,ben_sarc_binary,123
d1a03e254a892346,0,0,1.5,-1.484375,0.9518632288833652,0.04813677111663481,1.322050315368429,dann_matched,banglasarc3_binary+banglasarc_binary,ben_sarc_binary,123
630da917c2e6c2f2,0,0,1.375,-1.2734375,0.9339146213324513,0.06608537866754877,1.322050315368429,dann_matched,banglasarc3_binary+banglasarc_binary,ben_sarc_binary,123
af56e856f5dde0e3,1,0,1.46875,-1.5703125,0.9543079676184154,0.04569203238158463,1.322050315368429,dann_matched,banglasarc3_binary+banglasarc_binary,ben_sarc_binary,123
75286ae127573330,0,0,1.75,-1.8359375,0.9730365001376665,0.02696349986233355,1.322050315368429,dann_matched,banglasarc3_binary+banglasarc_binary,ben_sarc_binary,123
9de2359136bba050,1,0,1.484375,-1.5,0.9518632288833652,0.04813677111663481,1.322050315368429,dann_matched,banglasarc3_binary+banglasarc_binary,ben_sarc_binary,123
e622437bd1645e2b,0,0,1.5546875,-1.59375,0.9588471107825551,0.04115288921744485,1.322050315368429,dann_matched,banglasarc3_binary+banglasarc_binary,ben_sarc_binary,123
6f609f35e45f3a23,0,0,1.4609375,-1.5234375,0.9518632288833652,0.04813677111663481,1.322050315368429,dann_matched,banglasarc3_binary+banglasarc_binary,ben_sarc_binary,123
a3593ad66e070401,1,0,1.5234375,-1.4296875,0.9504109770159683,0.04958902298403175,1.322050315368429,dann_matched,banglasarc3_binary+banglasarc_binary,ben_sarc_binary,123
6876646b48b76c95,1,0,1.4140625,-1.546875,0.9507778868028013,0.04922211319719861,1.322050315368429,dann_matched,banglasarc3_binary+banglasarc_binary,ben_sarc_binary,123
2b648bac8c8eadbd,0,0,1.5234375,-1.5703125,0.9566342012360932,0.04336579876390677,1.322050315368429,dann_matched,banglasarc3_binary+banglasarc_binary,ben_sarc_binary,123
dedc1b5d329d7f1f,0,0,1.5234375,-1.3984375,0.9489172630429474,0.05108273695705249,1.322050315368429,dann_matched,banglasarc3_binary+banglasarc_binary,ben_sarc_binary,123
e9a057c53ffcd112,1,0,1.4375,-1.3671875,0.9429286027746023,0.057071397225397696,1.322050315368429,dann_matched,banglasarc3_binary+banglasarc_binary,ben_sarc_binary,123
59499314ff229816,1,0,1.640625,-1.640625,0.9637799441350253,0.036220055864974746,1.322050315368429,dann_matched,banglasarc3_binary+banglasarc_binary,ben_sarc_binary,123
c3607586a912dd20,1,0,1.0234375,-1.2265625,0.9046505351008906,0.0953494648991095,1.322050315368429,dann_matched,banglasarc3_binary+banglasarc_binary,ben_sarc_binary,123
e33b6e54a9eb541c,1,1,-0.23535156,-0.09716797,0.4655089671140355,0.5344910328859646,1.322050315368429,dann_matched,banglasarc3_binary+banglasarc_binary,ben_sarc_binary,123
2a45fd8a3a0d4093,0,0,1.578125,-1.625,0.9609517072737735,0.03904829272622638,1.322050315368429,dann_matched,banglasarc3_binary+banglasarc_binary,ben_sarc_binary,123
a7ac6877dbad61c9,0,0,1.28125,-1.453125,0.9390248191350352,0.06097518086496481,1.322050315368429,dann_matched,banglasarc3_binary+banglasarc_binary,ben_sarc_binary,123
fd714e0bad2d1e68,1,0,1.421875,-1.4296875,0.9453993942183476,0.05460060578165237,1.322050315368429,dann_matched,banglasarc3_binary+banglasarc_binary,ben_sarc_binary,123
d199b655033e53c0,0,0,1.46875,-1.4453125,0.9485372345673925,0.05146276543260743,1.322050315368429,dann_matched,banglasarc3_binary+banglasarc_binary,ben_sarc_binary,123
64400816e30249b5,0,1,-0.7421875,0.38476562,0.24472382910998208,0.755276170890018,1.322050315368429,dann_matched,banglasarc3_binary+banglasarc_binary,ben_sarc_binary,123
4b90573fb47b580d,1,0,1.5078125,-1.5,0.9529258241789759,0.04707417582102406,1.322050315368429,dann_matched,banglasarc3_binary+banglasarc_binary,ben_sarc_binary,123
c98383ac0425762a,0,0,1.5390625,-1.578125,0.9575961713681533,0.04240382863184672,1.322050315368429,dann_matched,banglasarc3_binary+banglasarc_binary,ben_sarc_binary,123
c88cfc0bce2ae40b,1,0,1.5703125,-1.5859375,0.9591542840900507,0.040845715909949315,1.322050315368429,dann_matched,banglasarc3_binary+banglasarc_binary,ben_sarc_binary,123
bea5503fc8eb5a41,1,1,-0.44140625,0.18847656,0.34753711019190425,0.6524628898080956,1.322050315368429,dann_matched,banglasarc3_binary+banglasarc_binary,ben_sarc_binary,123
4fae7d86e9e42b73,1,0,0.04736328,-0.20117188,0.5618159201362317,0.43818407986376834,1.322050315368429,dann_matched,banglasarc3_binary+banglasarc_binary,ben_sarc_binary,123
1ff7301c4a2596b9,1,0,1.5078125,-1.390625,0.9477691428985743,0.052230857101425734,1.322050315368429,dann_matched,banglasarc3_binary+banglasarc_binary,ben_sarc_binary,123
7045c9a684a91406,0,0,1.4921875,-1.546875,0.9543079676184154,0.04569203238158463,1.322050315368429,dann_matched,banglasarc3_binary+banglasarc_binary,ben_sarc_binary,123
4e661760a07f7365,0,0,1.4140625,-1.4375,0.9453993942183476,0.05460060578165237,1.322050315368429,dann_matched,banglasarc3_binary+banglasarc_binary,ben_sarc_binary,123
d43aed1a5fd9f802,0,1,-0.79296875,0.49804688,0.21568095536429607,0.7843190446357039,1.322050315368429,dann_matched,banglasarc3_binary+banglasarc_binary,ben_sarc_binary,123
8237975b7656cd01,1,1,-1.03125,0.703125,0.1500288243424251,0.849971175657575,1.322050315368429,dann_matched,banglasarc3_binary+banglasarc_binary,ben_sarc_binary,123
c5b83800a57cb025,1,0,1.5390625,-1.4609375,0.9525741268224334,0.04742587317756679,1.322050315368429,dann_matched,banglasarc3_binary+banglasarc_binary,ben_sarc_binary,123
c0467a737cf83d9d,0,0,1.5703125,-1.46875,0.9543079676184154,0.04569203238158463,1.322050315368429,dann_matched,banglasarc3_binary+banglasarc_binary,ben_sarc_binary,123
57710e839b13ee52,0,0,1.5234375,-1.53125,0.9549844683997677,0.04501553160023231,1.322050315368429,dann_matched,banglasarc3_binary+banglasarc_binary,ben_sarc_binary,123
13919f94bdc3384b,1,0,1.453125,-1.359375,0.9433475746920261,0.05665242530797383,1.322050315368429,dann_matched,banglasarc3_binary+banglasarc_binary,ben_sarc_binary,123
326f84593b800c56,1,0,1.546875,-1.4296875,0.9515039967560431,0.048496003243956885,1.322050315368429,dann_matched,banglasarc3_binary+banglasarc_binary,ben_sarc_binary,123
2da27d84ffe8cba5,1,0,1.4609375,-1.453125,0.9485372345673925,0.05146276543260743,1.322050315368429,dann_matched,banglasarc3_binary+banglasarc_binary,ben_sarc_binary,123
75968ecb9b4e24dc,1,0,0.00592041,-0.28320312,0.5717815462991521,0.4282184537008478,1.322050315368429,dann_matched,banglasarc3_binary+banglasarc_binary,ben_sarc_binary,123
5d1528130d2701c3,0,0,0.23242188,-0.8671875,0.7501869070811205,0.24981309291887951,1.322050315368429,dann_matched,banglasarc3_binary+banglasarc_binary,ben_sarc_binary,123
e274e339e0862fa5,1,0,1.4921875,-1.484375,0.9515039967560431,0.048496003243956885,1.322050315368429,dann_matched,banglasarc3_binary+banglasarc_binary,ben_sarc_binary,123
73c77d9eaf72dd86,0,0,-0.11767578,-0.1328125,0.5037841074364711,0.49621589256352905,1.322050315368429,dann_matched,banglasarc3_binary+banglasarc_binary,ben_sarc_binary,123
2d95b5b5b586a990,1,0,1.53125,-1.421875,0.9504109770159683,0.04958902298403175,1.322050315368429,dann_matched,banglasarc3_binary+banglasarc_binary,ben_sarc_binary,123
17b2c0b9b2ff28e4,1,0,1.546875,-1.46875,0.9532750413739076,0.04672495862609242,1.322050315368429,dann_matched,banglasarc3_binary+banglasarc_binary,ben_sarc_binary,123
67ad3582b4545d68,0,0,1.546875,-1.5,0.9546474194456936,0.04535258055430642,1.322050315368429,dann_matched,banglasarc3_binary+banglasarc_binary,ben_sarc_binary,123
15fc409194408c03,0,0,1.765625,-1.6875,0.9693241982893259,0.030675801710674105,1.322050315368429,dann_matched,banglasarc3_binary+banglasarc_binary,ben_sarc_binary,123
8f9ca94681220156,0,0,1.484375,-1.546875,0.9539660976007597,0.046033902399240385,1.322050315368429,dann_matched,banglasarc3_binary+banglasarc_binary,ben_sarc_binary,123
02ebe5d74ad8a2f8,0,0,1.46875,-1.3359375,0.9429286027746023,0.057071397225397696,1.322050315368429,dann_matched,banglasarc3_binary+banglasarc_binary,ben_sarc_binary,123
939aeeafbdec2552,0,1,-1.3203125,1.03125,0.08694165672789168,0.9130583432721083,1.322050315368429,dann_matched,banglasarc3_binary+banglasarc_binary,ben_sarc_binary,123
31d47e235a1deeb9,0,1,-0.9765625,0.61328125,0.16940588134972326,0.8305941186502768,1.322050315368429,dann_matched,banglasarc3_binary+banglasarc_binary,ben_sarc_binary,123
63bf999a626efbd4,0,0,1.84375,-1.875,0.9763105287006256,0.023689471299374428,1.322050315368429,dann_matched,banglasarc3_binary+banglasarc_binary,ben_sarc_binary,123
ce6d0fea8996ee73,0,0,1.5,-1.4453125,0.9500414759334155,0.0499585240665846,1.322050315368429,dann_matched,banglasarc3_binary+banglasarc_binary,ben_sarc_binary,123
8bf487a6a43aa57f,0,0,1.2578125,-1.390625,0.9339146213324513,0.06608537866754877,1.322050315368429,dann_matched,banglasarc3_binary+banglasarc_binary,ben_sarc_binary,123
3cf06fa4ceef13c7,0,0,1.4296875,-1.5,0.9492946352021694,0.050705364797830506,1.322050315368429,dann_matched,banglasarc3_binary+banglasarc_binary,ben_sarc_binary,123
52047e1a78168740,1,0,1.4609375,-1.40625,0.946200356539936,0.053799643460063995,1.322050315368429,dann_matched,banglasarc3_binary+banglasarc_binary,ben_sarc_binary,123
873557a928ec1e5d,0,0,1.078125,-1.1171875,0.8998277813740775,0.10017221862592252,1.322050315368429,dann_matched,banglasarc3_binary+banglasarc_binary,ben_sarc_binary,123
6932626c671e73ef,0,0,1.4375,-1.4140625,0.9453993942183476,0.05460060578165237,1.322050315368429,dann_matched,banglasarc3_binary+banglasarc_binary,ben_sarc_binary,123
1489461d974642ca,1,1,-1.6484375,1.3125,0.04922211319719861,0.9507778868028013,1.322050315368429,dann_matched,banglasarc3_binary+banglasarc_binary,ben_sarc_binary,123
1923ef69e4ec51e0,1,0,1.7109375,-1.5390625,0.9626731126558706,0.037326887344129464,1.322050315368429,dann_matched,banglasarc3_binary+banglasarc_binary,ben_sarc_binary,123
522148453a0b833e,0,0,1.546875,-1.5703125,0.9575961713681533,0.04240382863184672,1.322050315368429,dann_matched,banglasarc3_binary+banglasarc_binary,ben_sarc_binary,123
eb8795c7e0d438db,1,0,1.40625,-1.3359375,0.9394706097974611,0.060529390202538995,1.322050315368429,dann_matched,banglasarc3_binary+banglasarc_binary,ben_sarc_binary,123
c6b80532446c5e2a,0,0,1.4921875,-1.5546875,0.9546474194456936,0.04535258055430642,1.322050315368429,dann_matched,banglasarc3_binary+banglasarc_binary,ben_sarc_binary,123
e03558b8108e0ca5,1,0,1.59375,-1.4921875,0.956308939359532,0.04369106064046812,1.322050315368429,dann_matched,banglasarc3_binary+banglasarc_binary,ben_sarc_binary,123
98d5753bc9182427,0,0,1.453125,-1.75,0.9609517072737735,0.03904829272622638,1.322050315368429,dann_matched,banglasarc3_binary+banglasarc_binary,ben_sarc_binary,123
fbf4201be2ad7d5f,0,0,1.546875,-1.5625,0.9572778024535095,0.042722197546490565,1.322050315368429,dann_matched,banglasarc3_binary+banglasarc_binary,ben_sarc_binary,123
4949f3efd7a45b4d,0,0,1.4921875,-1.5,0.9522199336364293,0.047780066363570746,1.322050315368429,dann_matched,banglasarc3_binary+banglasarc_binary,ben_sarc_binary,123
4e2d9836eb4654fe,0,0,1.78125,-1.9453125,0.9764905475924671,0.023509452407533014,1.322050315368429,dann_matched,banglasarc3_binary+banglasarc_binary,ben_sarc_binary,123
ab4b518c5236a4a5,0,0,1.46875,-1.4140625,0.9469902279841446,0.05300977201585542,1.322050315368429,dann_matched,banglasarc3_binary+banglasarc_binary,ben_sarc_binary,123
8dd2c85bb4407a67,1,0,-0.08886719,-0.14550781,0.5141563717930644,0.4858436282069355,1.322050315368429,dann_matched,banglasarc3_binary+banglasarc_binary,ben_sarc_binary,123
fcdd2d7d1b081d30,1,0,1.5078125,-1.4140625,0.9489172630429474,0.05108273695705249,1.322050315368429,dann_matched,banglasarc3_binary+banglasarc_binary,ben_sarc_binary,123
5a8e7cbccfb600a6,1,0,-0.076660156,-0.29882812,0.5553146579344888,0.44468534206551125,1.322050315368429,dann_matched,banglasarc3_binary+banglasarc_binary,ben_sarc_binary,123
a3a00a0e94856d43,0,0,1.4765625,-1.4453125,0.9489172630429474,0.05108273695705249,1.322050315368429,dann_matched,banglasarc3_binary+banglasarc_binary,ben_sarc_binary,123
a2ddd917fd90496c,1,1,-0.42382812,0.08691406,0.3750195555787858,0.6249804444212143,1.322050315368429,dann_matched,banglasarc3_binary+banglasarc_binary,ben_sarc_binary,123
a821788171b8f685,0,0,0.73828125,-0.890625,0.8360197508959527,0.16398024910404715,1.322050315368429,dann_matched,banglasarc3_binary+banglasarc_binary,ben_sarc_binary,123
02e8e2229cde7c65,1,1,-0.51171875,0.2578125,0.31658051502379086,0.6834194849762091,1.322050315368429,dann_matched,banglasarc3_binary+banglasarc_binary,ben_sarc_binary,123
9efcd34bf76fe574,0,0,1.5546875,-1.5703125,0.9579122720843811,0.04208772791561884,1.322050315368429,dann_matched,banglasarc3_binary+banglasarc_binary,ben_sarc_binary,123
debd033e2e6ad89c,0,0,1.546875,-1.5,0.9546474194456936,0.04535258055430642,1.322050315368429,dann_matched,banglasarc3_binary+banglasarc_binary,ben_sarc_binary,123
190d5d3eadc18f65,0,0,1.5390625,-1.4296875,0.9511422213778251,0.048857778622174906,1.322050315368429,dann_matched,banglasarc3_binary+banglasarc_binary,ben_sarc_binary,123
0382a6bb13d9f41f,0,0,0.49804688,-0.5859375,0.7472472485194995,0.2527527514805005,1.322050315368429,dann_matched,banglasarc3_binary+banglasarc_binary,ben_sarc_binary,123
1ac088965e4d52b8,0,0,0.96875,-1.1484375,0.8925625233915799,0.10743747660842011,1.322050315368429,dann_matched,banglasarc3_binary+banglasarc_binary,ben_sarc_binary,123
25776181bbe31a98,0,1,-0.91015625,0.62109375,0.17781086947804958,0.8221891305219503,1.322050315368429,dann_matched,banglasarc3_binary+banglasarc_binary,ben_sarc_binary,123
05a1d8e0fb3fcf33,0,0,1.4921875,-1.4375,0.9492946352021694,0.050705364797830506,1.322050315368429,dann_matched,banglasarc3_binary+banglasarc_binary,ben_sarc_binary,123
9ea7d21c2896facf,1,0,1.5078125,-1.4140625,0.9489172630429474,0.05108273695705249,1.322050315368429,dann_matched,banglasarc3_binary+banglasarc_binary,ben_sarc_binary,123
886599cb24fd0794,1,1,-0.74609375,0.43164062,0.23545980614330655,0.7645401938566934,1.322050315368429,dann_matched,banglasarc3_binary+banglasarc_binary,ben_sarc_binary,123
352b3b5deb239965,1,0,1.578125,-1.546875,0.9579122720843811,0.04208772791561884,1.322050315368429,dann_matched,banglasarc3_binary+banglasarc_binary,ben_sarc_binary,123
49879698f5738799,0,0,1.4765625,-1.4609375,0.9496693674025232,0.05033063259747688,1.322050315368429,dann_matched,banglasarc3_binary+banglasarc_binary,ben_sarc_binary,123
93e0d3d858c853d7,0,0,1.0390625,-1.1171875,0.8962513731336202,0.10374862686637971,1.322050315368429,dann_matched,banglasarc3_binary+banglasarc_binary,ben_sarc_binary,123
19aec5ed2f3360b4,1,0,1.4609375,-1.5546875,0.9532750413739076,0.04672495862609242,1.322050315368429,dann_matched,banglasarc3_binary+banglasarc_binary,ben_sarc_binary,123
60fe4e749c70fd57,0,0,1.6171875,-1.8046875,0.9683812327313545,0.03161876726864548,1.322050315368429,dann_matched,banglasarc3_binary+banglasarc_binary,ben_sarc_binary,123
6cb842e9337c8361,0,0,1.5390625,-1.484375,0.953621794005189,0.046378205994811086,1.322050315368429,dann_matched,banglasarc3_binary+banglasarc_binary,ben_sarc_binary,123
6f7c8066343c5225,1,0,1.640625,-1.703125,0.9658995742876885,0.03410042571231151,1.322050315368429,dann_matched,banglasarc3_binary+banglasarc_binary,ben_sarc_binary,123
a215e96400d7ba9b,0,0,1.5546875,-1.40625,0.9507778868028013,0.04922211319719861,1.322050315368429,dann_matched,banglasarc3_binary+banglasarc_binary,ben_sarc_binary,123
68ebbad71cf772fe,1,0,1.4765625,-1.34375,0.9437636542955161,0.056236345704483756,1.322050315368429,dann_matched,banglasarc3_binary+banglasarc_binary,ben_sarc_binary,123
8f17c3e56b71e045,0,1,-0.58203125,-0.010192871,0.360812736816628,0.6391872631833719,1.322050315368429,dann_matched,banglasarc3_binary+banglasarc_binary,ben_sarc_binary,123
29a5ab7907401ddc,1,0,0.23925781,-0.5390625,0.6853179899693378,0.31468201003066215,1.322050315368429,dann_matched,banglasarc3_binary+banglasarc_binary,ben_sarc_binary,123
2e37c3896a9df4b9,1,0,1.8828125,-1.8203125,0.9759464471055739,0.024053552894426178,1.322050315368429,dann_matched,banglasarc3_binary+banglasarc_binary,ben_sarc_binary,123
0e951b6d1119b63e,1,0,1.640625,-1.5390625,0.9600626857930734,0.0399373142069266,1.322050315368429,dann_matched,banglasarc3_binary+banglasarc_binary,ben_sarc_binary,123
6a231a9ae2bdbbfe,0,0,1.46875,-1.8203125,0.9640516782107567,0.035948321789243294,1.322050315368429,dann_matched,banglasarc3_binary+banglasarc_binary,ben_sarc_binary,123
f4143868080431cf,0,0,0.5234375,-0.87109375,0.8013146462095748,0.1986853537904252,1.322050315368429,dann_matched,banglasarc3_binary+banglasarc_binary,ben_sarc_binary,123
35709ace77decf71,1,0,1.53125,-1.4140625,0.9500414759334155,0.0499585240665846,1.322050315368429,dann_matched,banglasarc3_binary+banglasarc_binary,ben_sarc_binary,123
6bf9bf520e693ed2,0,0,1.5078125,-1.4609375,0.9511422213778251,0.048857778622174906,1.322050315368429,dann_matched,banglasarc3_binary+banglasarc_binary,ben_sarc_binary,123
2c3c7c9cff4161f4,0,1,-1.578125,1.109375,0.06371499425196533,0.9362850057480346,1.322050315368429,dann_matched,banglasarc3_binary+banglasarc_binary,ben_sarc_binary,123
2374364686cbb615,0,0,2.203125,-2.265625,0.9886682464686385,0.011331753531361453,1.322050315368429,dann_matched,banglasarc3_binary+banglasarc_binary,ben_sarc_binary,123
71c3114440cbca31,0,0,1.375,-1.2578125,0.9329437130748804,0.06705628692511957,1.322050315368429,dann_matched,banglasarc3_binary+banglasarc_binary,ben_sarc_binary,123
fd8ac2a73d612a96,0,0,1.65625,-1.546875,0.9609517072737735,0.03904829272622638,1.322050315368429,dann_matched,banglasarc3_binary+banglasarc_binary,ben_sarc_binary,123
1eead6806936f38c,0,0,1.484375,-1.484375,0.9511422213778251,0.048857778622174906,1.322050315368429,dann_matched,banglasarc3_binary+banglasarc_binary,ben_sarc_binary,123
48a1b22c61494de6,1,0,1.5703125,-1.4375,0.9529258241789759,0.04707417582102406,1.322050315368429,dann_matched,banglasarc3_binary+banglasarc_binary,ben_sarc_binary,123
090ee749f3d63820,0,0,1.8671875,-1.8515625,0.9763105287006256,0.023689471299374428,1.322050315368429,dann_matched,banglasarc3_binary+banglasarc_binary,ben_sarc_binary,123
40a9c8cc9c0190c6,0,0,1.6640625,-1.890625,0.9722043774187549,0.027795622581245058,1.322050315368429,dann_matched,banglasarc3_binary+banglasarc_binary,ben_sarc_binary,123
0d3eaed53ee0e2e4,1,0,1.5625,-1.3984375,0.9507778868028013,0.04922211319719861,1.322050315368429,dann_matched,banglasarc3_binary+banglasarc_binary,ben_sarc_binary,123
208cc91f2d78bf14,0,0,1.5703125,-1.453125,0.953621794005189,0.046378205994811086,1.322050315368429,dann_matched,banglasarc3_binary+banglasarc_binary,ben_sarc_binary,123
5f96b8a2f4979498,0,0,1.484375,-1.5703125,0.9549844683997677,0.04501553160023231,1.322050315368429,dann_matched,banglasarc3_binary+banglasarc_binary,ben_sarc_binary,123
bc2ad092d12997f9,0,0,1.46875,-1.4375,0.94815453335022,0.05184546664977983,1.322050315368429,dann_matched,banglasarc3_binary+banglasarc_binary,ben_sarc_binary,123
e761a190cbc03704,1,0,1.546875,-1.4921875,0.9543079676184154,0.04569203238158463,1.322050315368429,dann_matched,banglasarc3_binary+banglasarc_binary,ben_sarc_binary,123
8cbcf731a7c7ddf4,0,0,1.5390625,-1.5546875,0.9566342012360932,0.04336579876390677,1.322050315368429,dann_matched,banglasarc3_binary+banglasarc_binary,ben_sarc_binary,123
0efafcdc943e9c82,0,0,1.46875,-1.4921875,0.9507778868028013,0.04922211319719861,1.322050315368429,dann_matched,banglasarc3_binary+banglasarc_binary,ben_sarc_binary,123
ede0f99cd6dbe2ed,0,0,1.453125,-1.453125,0.94815453335022,0.05184546664977983,1.322050315368429,dann_matched,banglasarc3_binary+banglasarc_binary,ben_sarc_binary,123
869cddadcd8238b1,0,0,1.5078125,-1.4765625,0.9518632288833652,0.04813677111663481,1.322050315368429,dann_matched,banglasarc3_binary+banglasarc_binary,ben_sarc_binary,123
61e52d0b3a76ecea,0,0,1.4921875,-1.46875,0.9507778868028013,0.04922211319719861,1.322050315368429,dann_matched,banglasarc3_binary+banglasarc_binary,ben_sarc_binary,123
8afa96211160a662,1,0,1.5390625,-1.421875,0.9507778868028013,0.04922211319719861,1.322050315368429,dann_matched,banglasarc3_binary+banglasarc_binary,ben_sarc_binary,123
687c52c7ae087e49,1,0,1.4765625,-1.484375,0.9507778868028013,0.04922211319719861,1.322050315368429,dann_matched,banglasarc3_binary+banglasarc_binary,ben_sarc_binary,123
e342c9071cc53633,0,0,1.0078125,-1.40625,0.9178933729531492,0.08210662704685086,1.322050315368429,dann_matched,banglasarc3_binary+banglasarc_binary,ben_sarc_binary,123
64064e2c00acfbc1,0,0,1.3515625,-1.4453125,0.9425067211996143,0.05749327880038583,1.322050315368429,dann_matched,banglasarc3_binary+banglasarc_binary,ben_sarc_binary,123
7b189d1d6b602aa7,0,0,1.3359375,-1.40625,0.9394706097974611,0.060529390202538995,1.322050315368429,dann_matched,banglasarc3_binary+banglasarc_binary,ben_sarc_binary,123
51f0d128998ce928,0,0,1.5078125,-1.4609375,0.9511422213778251,0.048857778622174906,1.322050315368429,dann_matched,banglasarc3_binary+banglasarc_binary,ben_sarc_binary,123
d579f93fb123ccbc,0,0,1.4375,-1.421875,0.9458012701768145,0.05419872982318558,1.322050315368429,dann_matched,banglasarc3_binary+banglasarc_binary,ben_sarc_binary,123
24d35a39a8f8d955,0,0,1.5390625,-1.4296875,0.9511422213778251,0.048857778622174906,1.322050315368429,dann_matched,banglasarc3_binary+banglasarc_binary,ben_sarc_binary,123
ba916d2e9f7df2a5,0,0,1.59375,-1.796875,0.9674102552339746,0.032589744766025344,1.322050315368429,dann_matched,banglasarc3_binary+banglasarc_binary,ben_sarc_binary,123
03b5bc4a283f5732,1,0,1.515625,-1.4453125,0.9507778868028013,0.04922211319719861,1.322050315368429,dann_matched,banglasarc3_binary+banglasarc_binary,ben_sarc_binary,123
919ca1a52a93020d,0,0,1.515625,-1.5390625,0.9549844683997677,0.04501553160023231,1.322050315368429,dann_matched,banglasarc3_binary+banglasarc_binary,ben_sarc_binary,123
f6b3e7f29285f4ee,1,1,-1.4296875,1.0390625,0.07807816514495095,0.9219218348550491,1.322050315368429,dann_matched,banglasarc3_binary+banglasarc_binary,ben_sarc_binary,123
fb3ce464b1ec3100,1,0,1.5546875,-1.4140625,0.9511422213778251,0.048857778622174906,1.322050315368429,dann_matched,banglasarc3_binary+banglasarc_binary,ben_sarc_binary,123
21dc534acbf023ee,0,0,1.421875,-1.3984375,0.9437636542955161,0.056236345704483756,1.322050315368429,dann_matched,banglasarc3_binary+banglasarc_binary,ben_sarc_binary,123
fb7d3cca6b80a833,1,1,-1.9375,1.484375,0.03161876726864548,0.9683812327313545,1.322050315368429,dann_matched,banglasarc3_binary+banglasarc_binary,ben_sarc_binary,123
e4dbe9ee7a3a345a,0,0,1.5234375,-1.421875,0.9500414759334155,0.0499585240665846,1.322050315368429,dann_matched,banglasarc3_binary+banglasarc_binary,ben_sarc_binary,123
84fab1190f826451,0,0,1.1484375,-1.2890625,0.9196425311777929,0.08035746882220708,1.322050315368429,dann_matched,banglasarc3_binary+banglasarc_binary,ben_sarc_binary,123
8e9ac70ba4424b92,0,0,1.5703125,-1.6328125,0.9609517072737735,0.03904829272622638,1.322050315368429,dann_matched,banglasarc3_binary+banglasarc_binary,ben_sarc_binary,123
e9c34aae48abdd49,0,0,1.5625,-1.5234375,0.956308939359532,0.04369106064046812,1.322050315368429,dann_matched,banglasarc3_binary+banglasarc_binary,ben_sarc_binary,123
af2de0723bdb745a,1,0,1.4921875,-1.5078125,0.9525741268224334,0.04742587317756679,1.322050315368429,dann_matched,banglasarc3_binary+banglasarc_binary,ben_sarc_binary,123
532bd690fbbc9b52,0,0,1.5078125,-1.3984375,0.94815453335022,0.05184546664977983,1.322050315368429,dann_matched,banglasarc3_binary+banglasarc_binary,ben_sarc_binary,123
2caefc45ebd9150d,1,0,1.3984375,-1.359375,0.9403530570548787,0.0596469429451214,1.322050315368429,dann_matched,banglasarc3_binary+banglasarc_binary,ben_sarc_binary,123
aea6e38765dd30a2,1,0,1.1484375,-1.2421875,0.91610961358942,0.08389038641057993,1.322050315368429,dann_matched,banglasarc3_binary+banglasarc_binary,ben_sarc_binary,123
6b055d0438e0e4ae,0,0,1.484375,-1.40625,0.9473810466522863,0.05261895334771377,1.322050315368429,dann_matched,banglasarc3_binary+banglasarc_binary,ben_sarc_binary,123
3a3ec34de473eb1d,0,0,0.029296875,-0.38085938,0.6011253440753982,0.3988746559246018,1.322050315368429,dann_matched,banglasarc3_binary+banglasarc_binary,ben_sarc_binary,123
7c82663a30b9ba82,0,0,1.5078125,-1.5,0.9529258241789759,0.04707417582102406,1.322050315368429,dann_matched,banglasarc3_binary+banglasarc_binary,ben_sarc_binary,123
a13316ab1dfb90b0,0,0,0.62890625,-0.83984375,0.8128673178375735,0.1871326821624266,1.322050315368429,dann_matched,banglasarc3_binary+banglasarc_binary,ben_sarc_binary,123
a0fd802dbccc9334,0,0,1.453125,-1.4375,0.9473810466522863,0.05261895334771377,1.322050315368429,dann_matched,banglasarc3_binary+banglasarc_binary,ben_sarc_binary,123
5269c02a815a9488,0,0,1.484375,-1.3359375,0.9437636542955161,0.056236345704483756,1.322050315368429,dann_matched,banglasarc3_binary+banglasarc_binary,ben_sarc_binary,123
e048656939ad1f74,0,0,1.5703125,-1.5390625,0.9572778024535095,0.042722197546490565,1.322050315368429,dann_matched,banglasarc3_binary+banglasarc_binary,ben_sarc_binary,123
27f111a936c5b987,1,0,1.4375,-1.4296875,0.946200356539936,0.053799643460063995,1.322050315368429,dann_matched,banglasarc3_binary+banglasarc_binary,ben_sarc_binary,123
3734f4d76f2a9774,1,1,-0.7578125,0.40039062,0.23899394001359922,0.7610060599864007,1.322050315368429,dann_matched,banglasarc3_binary+banglasarc_binary,ben_sarc_binary,123
0a19b1237d36f821,0,0,2.03125,-2.09375,0.9840936082881853,0.01590639171181471,1.322050315368429,dann_matched,banglasarc3_binary+banglasarc_binary,ben_sarc_binary,123
8bc004aa07cff815,0,0,1.7265625,-1.8828125,0.9736446471538801,0.02635535284611975,1.322050315368429,dann_matched,banglasarc3_binary+banglasarc_binary,ben_sarc_binary,123
531ad41b9360b66b,1,0,0.88671875,-1.2109375,0.8906751699223611,0.10932483007763893,1.322050315368429,dann_matched,banglasarc3_binary+banglasarc_binary,ben_sarc_binary,123
04bbcfd5e3cec2bd,0,1,-0.26953125,-0.013977051,0.436456896840707,0.5635431031592929,1.322050315368429,dann_matched,banglasarc3_binary+banglasarc_binary,ben_sarc_binary,123
3156d60a817fe8be,1,0,1.5234375,-1.390625,0.9485372345673925,0.05146276543260743,1.322050315368429,dann_matched,banglasarc3_binary+banglasarc_binary,ben_sarc_binary,123
640a9d2083564570,1,0,1.609375,-1.5546875,0.9594592615365182,0.040540738463481864,1.322050315368429,dann_matched,banglasarc3_binary+banglasarc_binary,ben_sarc_binary,123
ee6350deb2cb91f5,0,0,1.46875,-1.4375,0.94815453335022,0.05184546664977983,1.322050315368429,dann_matched,banglasarc3_binary+banglasarc_binary,ben_sarc_binary,123
f77bb286e13ad639,1,1,-1.296875,1.03125,0.08882029240011771,0.9111797075998822,1.322050315368429,dann_matched,banglasarc3_binary+banglasarc_binary,ben_sarc_binary,123
21e03fbf9a782a30,0,0,1.5,-1.484375,0.9518632288833652,0.04813677111663481,1.322050315368429,dann_matched,banglasarc3_binary+banglasarc_binary,ben_sarc_binary,123
2b1e542ef03ecb96,1,0,1.4609375,-1.46875,0.9492946352021694,0.050705364797830506,1.322050315368429,dann_matched,banglasarc3_binary+banglasarc_binary,ben_sarc_binary,123
cb0d1978cde93361,0,0,1.3359375,-1.5703125,0.94815453335022,0.05184546664977983,1.322050315368429,dann_matched,banglasarc3_binary+banglasarc_binary,ben_sarc_binary,123
a4f2f6f55e2dbdb2,1,0,1.546875,-1.515625,0.9553191297273498,0.0446808702726502,1.322050315368429,dann_matched,banglasarc3_binary+banglasarc_binary,ben_sarc_binary,123
705900a9f361f2de,1,1,-1.765625,1.421875,0.039638839100970026,0.96036116089903,1.322050315368429,dann_matched,banglasarc3_binary+banglasarc_binary,ben_sarc_binary,123
0aeff855664595e3,0,0,1.375,-1.296875,0.9353465116437761,0.06465348835622392,1.322050315368429,dann_matched,banglasarc3_binary+banglasarc_binary,ben_sarc_binary,123
81c5f79252ae6087,0,0,1.671875,-1.640625,0.9648551535992067,0.03514484640079327,1.322050315368429,dann_matched,banglasarc3_binary+banglasarc_binary,ben_sarc_binary,123
ef0599f03c2be724,0,0,1.5234375,-1.4921875,0.9532750413739076,0.04672495862609242,1.322050315368429,dann_matched,banglasarc3_binary+banglasarc_binary,ben_sarc_binary,123
bdd28154fd75c524,0,0,1.4453125,-1.4140625,0.9458012701768145,0.05419872982318558,1.322050315368429,dann_matched,banglasarc3_binary+banglasarc_binary,ben_sarc_binary,123
a00e2853ab6c9754,1,0,1.421875,-1.46875,0.9473810466522863,0.05261895334771377,1.322050315368429,dann_matched,banglasarc3_binary+banglasarc_binary,ben_sarc_binary,123
c82d09abf5529783,0,0,1.53125,-1.546875,0.9559813501370537,0.04401864986294638,1.322050315368429,dann_matched,banglasarc3_binary+banglasarc_binary,ben_sarc_binary,123
25098532f57207a1,1,0,1.46875,-1.3984375,0.946200356539936,0.053799643460063995,1.322050315368429,dann_matched,banglasarc3_binary+banglasarc_binary,ben_sarc_binary,123
4f32214873801393,1,1,-1.125,0.6640625,0.1431877021825763,0.8568122978174237,1.322050315368429,dann_matched,banglasarc3_binary+banglasarc_binary,ben_sarc_binary,123
2da489fc19076a1a,0,0,1.5703125,-1.859375,0.9686195704870232,0.031380429512976746,1.322050315368429,dann_matched,banglasarc3_binary+banglasarc_binary,ben_sarc_binary,123
c7cd4af249a842e6,1,1,-1.4296875,1.1796875,0.06853749303199023,0.9314625069680097,1.322050315368429,dann_matched,banglasarc3_binary+banglasarc_binary,ben_sarc_binary,123
f534eca17f3d4fd6,1,0,1.4921875,-1.546875,0.9543079676184154,0.04569203238158463,1.322050315368429,dann_matched,banglasarc3_binary+banglasarc_binary,ben_sarc_binary,123
25c41104d0652a5b,1,0,1.4921875,-1.5078125,0.9525741268224334,0.04742587317756679,1.322050315368429,dann_matched,banglasarc3_binary+banglasarc_binary,ben_sarc_binary,123
f4441560744e1be2,1,1,-2.15625,1.8359375,0.018124720744468643,0.9818752792555313,1.322050315368429,dann_matched,banglasarc3_binary+banglasarc_binary,ben_sarc_binary,123
7fea839fc720fd1c,0,0,1.5,-1.53125,0.9539660976007597,0.046033902399240385,1.322050315368429,dann_matched,banglasarc3_binary+banglasarc_binary,ben_sarc_binary,123
2cd97222662d01de,1,1,-0.56640625,0.23046875,0.31069438321455395,0.689305616785446,1.322050315368429,dann_matched,banglasarc3_binary+banglasarc_binary,ben_sarc_binary,123
c9227c51ddd4a586,1,1,-0.7734375,0.33007812,0.24908175189735485,0.7509182481026451,1.322050315368429,dann_matched,banglasarc3_binary+banglasarc_binary,ben_sarc_binary,123
cbc19649cf639a7a,1,0,1.46875,-1.375,0.9449947117065459,0.05500528829345415,1.322050315368429,dann_matched,banglasarc3_binary+banglasarc_binary,ben_sarc_binary,123
a6fc5d3b2033a9a8,1,0,0.70703125,-1.2265625,0.8736466603593868,0.12635333964061335,1.322050315368429,dann_matched,banglasarc3_binary+banglasarc_binary,ben_sarc_binary,123
4473bea7caadba3b,1,0,1.5,-1.4921875,0.9522199336364293,0.047780066363570746,1.322050315368429,dann_matched,banglasarc3_binary+banglasarc_binary,ben_sarc_binary,123
2ae853b63c2bacdc,1,1,-0.31640625,0.07763672,0.4027444183212707,0.5972555816787293,1.322050315368429,dann_matched,banglasarc3_binary+banglasarc_binary,ben_sarc_binary,123
0eed5bddc2c32d86,0,0,1.5546875,-1.46875,0.953621794005189,0.046378205994811086,1.322050315368429,dann_matched,banglasarc3_binary+banglasarc_binary,ben_sarc_binary,123
d5a59771046d8c16,1,0,1.5234375,-1.6953125,0.9615338079816756,0.03846619201832428,1.322050315368429,dann_matched,banglasarc3_binary+banglasarc_binary,ben_sarc_binary,123
1fc36bc39c561494,1,0,1.515625,-1.4921875,0.9529258241789759,0.04707417582102406,1.322050315368429,dann_matched,banglasarc3_binary+banglasarc_binary,ben_sarc_binary,123
d8400dc9c4093848,0,1,-1.1953125,0.8515625,0.1143685261818125,0.8856314738181876,1.322050315368429,dann_matched,banglasarc3_binary+banglasarc_binary,ben_sarc_binary,123
939791680a9696e7,1,0,1.640625,-1.546875,0.96036116089903,0.039638839100970026,1.322050315368429,dann_matched,banglasarc3_binary+banglasarc_binary,ben_sarc_binary,123
32d548134005775e,1,1,-0.328125,0.13769531,0.3856059954700787,0.6143940045299212,1.322050315368429,dann_matched,banglasarc3_binary+banglasarc_binary,ben_sarc_binary,123
f2129377daacedae,0,1,-0.5390625,0.2734375,0.30735801686526387,0.6926419831347361,1.322050315368429,dann_matched,banglasarc3_binary+banglasarc_binary,ben_sarc_binary,123
f7d31ed4d22110a3,1,1,-0.7265625,0.3671875,0.25091278688527247,0.7490872131147275,1.322050315368429,dann_matched,banglasarc3_binary+banglasarc_binary,ben_sarc_binary,123
43a3f5a4431021c9,1,0,1.5390625,-1.4765625,0.9532750413739076,0.04672495862609242,1.322050315368429,dann_matched,banglasarc3_binary+banglasarc_binary,ben_sarc_binary,123
84adad202e6cad16,0,1,-0.671875,0.43945312,0.24762336792742878,0.7523766320725713,1.322050315368429,dann_matched,banglasarc3_binary+banglasarc_binary,ben_sarc_binary,123
90d8c0f511e200bd,0,0,1.484375,-1.5078125,0.9522199336364293,0.047780066363570746,1.322050315368429,dann_matched,banglasarc3_binary+banglasarc_binary,ben_sarc_binary,123
a4e1fc1559402336,0,0,1.7109375,-1.71875,0.9686195704870232,0.031380429512976746,1.322050315368429,dann_matched,banglasarc3_binary+banglasarc_binary,ben_sarc_binary,123
eb15acab017f1ec4,0,0,1.4765625,-1.5,0.9515039967560431,0.048496003243956885,1.322050315368429,dann_matched,banglasarc3_binary+banglasarc_binary,ben_sarc_binary,123
c203bb0b2d073e7c,1,0,1.53125,-1.4375,0.9511422213778251,0.048857778622174906,1.322050315368429,dann_matched,banglasarc3_binary+banglasarc_binary,ben_sarc_binary,123
2e79b4a8e01a3be6,1,0,1.53125,-1.4609375,0.9522199336364293,0.047780066363570746,1.322050315368429,dann_matched,banglasarc3_binary+banglasarc_binary,ben_sarc_binary,123
be6707ce9e63e01d,1,0,1.4765625,-1.4296875,0.94815453335022,0.05184546664977983,1.322050315368429,dann_matched,banglasarc3_binary+banglasarc_binary,ben_sarc_binary,123
ee85d31174053241,1,0,-0.09326172,-0.20410156,0.5276816265870358,0.4723183734129643,1.322050315368429,dann_matched,banglasarc3_binary+banglasarc_binary,ben_sarc_binary,123
21efe4d1413d500e,1,0,1.4296875,-1.421875,0.9453993942183476,0.05460060578165237,1.322050315368429,dann_matched,banglasarc3_binary+banglasarc_binary,ben_sarc_binary,123
1729a0fcba808b2d,1,0,1.4609375,-1.34375,0.9429286027746023,0.057071397225397696,1.322050315368429,dann_matched,banglasarc3_binary+banglasarc_binary,ben_sarc_binary,123
d960dfac9dbc46e0,0,0,1.84375,-1.9140625,0.9771973640319939,0.02280263596800613,1.322050315368429,dann_matched,banglasarc3_binary+banglasarc_binary,ben_sarc_binary,123
12f0329c92a7fb23,0,1,-1.34375,1.0234375,0.08570927928078063,0.9142907207192192,1.322050315368429,dann_matched,banglasarc3_binary+banglasarc_binary,ben_sarc_binary,123
9ac6c5b6326f2a16,0,0,1.515625,-1.4296875,0.9500414759334155,0.0499585240665846,1.322050315368429,dann_matched,banglasarc3_binary+banglasarc_binary,ben_sarc_binary,123
e68e8553b2831265,0,0,1.4375,-1.3515625,0.9420819125605256,0.05791808743947446,1.322050315368429,dann_matched,banglasarc3_binary+banglasarc_binary,ben_sarc_binary,123
50e5080d1cb68113,0,0,1.53125,-1.453125,0.9518632288833652,0.04813677111663481,1.322050315368429,dann_matched,banglasarc3_binary+banglasarc_binary,ben_sarc_binary,123
2cfd72ab79049a22,0,0,0.89453125,-1.0859375,0.8787311222597683,0.1212688777402316,1.322050315368429,dann_matched,banglasarc3_binary+banglasarc_binary,ben_sarc_binary,123
aba9fcd069a82fd1,0,0,1.5,-1.4453125,0.9500414759334155,0.0499585240665846,1.322050315368429,dann_matched,banglasarc3_binary+banglasarc_binary,ben_sarc_binary,123
42f9b6b405a40077,0,0,2.0,-1.984375,0.9817357216481429,0.01826427835185701,1.322050315368429,dann_matched,banglasarc3_binary+banglasarc_binary,ben_sarc_binary,123
cff81d62926a108a,1,0,1.5859375,-1.65625,0.9623913644941934,0.03760863550580657,1.322050315368429,dann_matched,banglasarc3_binary+banglasarc_binary,ben_sarc_binary,123
0a5cf289c517b6ab,1,0,1.453125,-1.328125,0.941654159388319,0.05834584061168106,1.322050315368429,dann_matched,banglasarc3_binary+banglasarc_binary,ben_sarc_binary,123
ed00fb3775b570f4,0,0,1.1953125,-1.4375,0.9329437130748804,0.06705628692511957,1.322050315368429,dann_matched,banglasarc3_binary+banglasarc_binary,ben_sarc_binary,123
1ddaf4c85e332964,0,0,1.6015625,-1.46875,0.9556514186046017,0.04434858139539836,1.322050315368429,dann_matched,banglasarc3_binary+banglasarc_binary,ben_sarc_binary,123
60b29d9f203bf648,0,0,1.4765625,-1.6171875,0.9566342012360932,0.04336579876390677,1.322050315368429,dann_matched,banglasarc3_binary+banglasarc_binary,ben_sarc_binary,123
15926c8376bac764,0,0,1.5,-1.546875,0.9546474194456936,0.04535258055430642,1.322050315368429,dann_matched,banglasarc3_binary+banglasarc_binary,ben_sarc_binary,123
211b89be233dd6aa,1,1,-0.75,0.4375,0.23370635691404026,0.7662936430859597,1.322050315368429,dann_matched,banglasarc3_binary+banglasarc_binary,ben_sarc_binary,123
5371746d274c229b,1,0,1.4296875,-1.3515625,0.941654159388319,0.05834584061168106,1.322050315368429,dann_matched,banglasarc3_binary+banglasarc_binary,ben_sarc_binary,123
3b97373e823dc309,0,1,-0.15625,-0.14160156,0.49633795610721343,0.5036620438927866,1.322050315368429,dann_matched,banglasarc3_binary+banglasarc_binary,ben_sarc_binary,123
1db34bba9d3a05d8,1,0,1.421875,-1.421875,0.9449947117065459,0.05500528829345415,1.322050315368429,dann_matched,banglasarc3_binary+banglasarc_binary,ben_sarc_binary,123
60cf903c532c886b,0,0,1.4453125,-1.5234375,0.9511422213778251,0.048857778622174906,1.322050315368429,dann_matched,banglasarc3_binary+banglasarc_binary,ben_sarc_binary,123
60c78db5dad15b66,1,1,-1.9453125,1.640625,0.02696349986233355,0.9730365001376665,1.322050315368429,dann_matched,banglasarc3_binary+banglasarc_binary,ben_sarc_binary,123
ddaf981a028733ab,1,1,-0.62890625,0.24707031,0.29401222725678516,0.7059877727432149,1.322050315368429,dann_matched,banglasarc3_binary+banglasarc_binary,ben_sarc_binary,123
c1362e60839c21b4,0,1,-1.234375,0.87890625,0.1078126399606749,0.8921873600393251,1.322050315368429,dann_matched,banglasarc3_binary+banglasarc_binary,ben_sarc_binary,123
e8c12746415ceb49,0,0,1.609375,-1.546875,0.9591542840900507,0.040845715909949315,1.322050315368429,dann_matched,banglasarc3_binary+banglasarc_binary,ben_sarc_binary,123
1632bb09fb3da357,0,0,2.421875,-2.375,0.9918120900983038,0.008187909901696235,1.322050315368429,dann_matched,banglasarc3_binary+banglasarc_binary,ben_sarc_binary,123
fae80a340be909d0,1,0,1.5078125,-1.5078125,0.9532750413739076,0.04672495862609242,1.322050315368429,dann_matched,banglasarc3_binary+banglasarc_binary,ben_sarc_binary,123
797de541753764b6,0,0,1.390625,-1.625,0.9532750413739076,0.04672495862609242,1.322050315368429,dann_matched,banglasarc3_binary+banglasarc_binary,ben_sarc_binary,123
24efaf46e3f510b1,1,0,1.515625,-1.40625,0.9489172630429474,0.05108273695705249,1.322050315368429,dann_matched,banglasarc3_binary+banglasarc_binary,ben_sarc_binary,123
b24874b1cce5447b,1,1,-1.8984375,1.5078125,0.03210070671700819,0.9678992932829918,1.322050315368429,dann_matched,banglasarc3_binary+banglasarc_binary,ben_sarc_binary,123
87822ddb335949c9,0,0,1.390625,-1.3828125,0.9412234441519332,0.05877655584806683,1.322050315368429,dann_matched,banglasarc3_binary+banglasarc_binary,ben_sarc_binary,123
c18d8d6f83d81c02,0,0,1.4921875,-1.5078125,0.9525741268224334,0.04742587317756679,1.322050315368429,dann_matched,banglasarc3_binary+banglasarc_binary,ben_sarc_binary,123
1a0bd290a9ee5649,0,0,1.5,-1.5078125,0.9529258241789759,0.04707417582102406,1.322050315368429,dann_matched,banglasarc3_binary+banglasarc_binary,ben_sarc_binary,123
add10a1d4f406292,0,0,1.484375,-1.46875,0.9504109770159683,0.04958902298403175,1.322050315368429,dann_matched,banglasarc3_binary+banglasarc_binary,ben_sarc_binary,123
81b61023d427bf58,1,1,-0.52734375,0.19628906,0.32659351503718675,0.6734064849628133,1.322050315368429,dann_matched,banglasarc3_binary+banglasarc_binary,ben_sarc_binary,123
46b39eb1d03d1fcb,0,0,1.453125,-1.5625,0.9532750413739076,0.04672495862609242,1.322050315368429,dann_matched,banglasarc3_binary+banglasarc_binary,ben_sarc_binary,123
55c1b8afc98d545c,1,0,1.421875,-1.46875,0.9473810466522863,0.05261895334771377,1.322050315368429,dann_matched,banglasarc3_binary+banglasarc_binary,ben_sarc_binary,123
c6f5eb62ced50b0c,1,0,1.5,-1.421875,0.9489172630429474,0.05108273695705249,1.322050315368429,dann_matched,banglasarc3_binary+banglasarc_binary,ben_sarc_binary,123
e1d94999063a3472,0,0,1.4453125,-1.40625,0.9453993942183476,0.05460060578165237,1.322050315368429,dann_matched,banglasarc3_binary+banglasarc_binary,ben_sarc_binary,123
98fa35cc68d7d981,1,0,1.4609375,-1.375,0.944587205618231,0.05541279438176918,1.322050315368429,dann_matched,banglasarc3_binary+banglasarc_binary,ben_sarc_binary,123
e238dff58d39b69c,0,0,0.115722656,-0.43945312,0.6353355760442388,0.3646644239557611,1.322050315368429,dann_matched,banglasarc3_binary+banglasarc_binary,ben_sarc_binary,123
1571e9bdf697aec2,0,0,1.6015625,-1.5546875,0.9591542840900507,0.040845715909949315,1.322050315368429,dann_matched,banglasarc3_binary+banglasarc_binary,ben_sarc_binary,123
b7480bcf101d6404,0,0,1.4765625,-1.4375,0.9485372345673925,0.05146276543260743,1.322050315368429,dann_matched,banglasarc3_binary+banglasarc_binary,ben_sarc_binary,123
3f024e047d936435,0,0,0.28515625,-0.8828125,0.7627776615116516,0.2372223384883484,1.322050315368429,dann_matched,banglasarc3_binary+banglasarc_binary,ben_sarc_binary,123
bfc94592444ac47d,0,0,0.47460938,-0.8046875,0.7823300652229036,0.21766993477709637,1.322050315368429,dann_matched,banglasarc3_binary+banglasarc_binary,ben_sarc_binary,123
5ccf827e3e1d0b53,1,1,-1.3984375,1.0078125,0.08269734267503885,0.9173026573249612,1.322050315368429,dann_matched,banglasarc3_binary+banglasarc_binary,ben_sarc_binary,123
0ba1806e72d77b7f,1,0,1.46875,-1.4921875,0.9507778868028013,0.04922211319719861,1.322050315368429,dann_matched,banglasarc3_binary+banglasarc_binary,ben_sarc_binary,123
644ff8c9916c70d5,1,0,1.5625,-1.46875,0.9539660976007597,0.046033902399240385,1.322050315368429,dann_matched,banglasarc3_binary+banglasarc_binary,ben_sarc_binary,123
df108a165aeb3ec4,0,0,1.5078125,-1.515625,0.953621794005189,0.046378205994811086,1.322050315368429,dann_matched,banglasarc3_binary+banglasarc_binary,ben_sarc_binary,123
d328ca2884d4d8c6,0,0,1.40625,-1.3984375,0.9429286027746023,0.057071397225397696,1.322050315368429,dann_matched,banglasarc3_binary+banglasarc_binary,ben_sarc_binary,123
2f5d400da3876032,0,0,1.5625,-1.5078125,0.9556514186046017,0.04434858139539836,1.322050315368429,dann_matched,banglasarc3_binary+banglasarc_binary,ben_sarc_binary,123
007fc759f31d3d03,1,1,-1.109375,0.75390625,0.13432105377342907,0.865678946226571,1.322050315368429,dann_matched,banglasarc3_binary+banglasarc_binary,ben_sarc_binary,123
d3ee1eb6d04f924c,1,0,1.46875,-1.421875,0.9473810466522863,0.05261895334771377,1.322050315368429,dann_matched,banglasarc3_binary+banglasarc_binary,ben_sarc_binary,123
9449ad12b32b1a87,1,1,-0.46289062,0.08935547,0.36534345524434003,0.63465654475566,1.322050315368429,dann_matched,banglasarc3_binary+banglasarc_binary,ben_sarc_binary,123
a5c146b415d0bd13,1,0,1.5703125,-1.4296875,0.9525741268224334,0.04742587317756679,1.322050315368429,dann_matched,banglasarc3_binary+banglasarc_binary,ben_sarc_binary,123
769e4b7a07370844,1,1,-1.8125,1.6640625,0.029986506066001513,0.9700134939339985,1.322050315368429,dann_matched,banglasarc3_binary+banglasarc_binary,ben_sarc_binary,123
2d0eb84dff63f2f7,1,0,1.6171875,-1.53125,0.9588471107825551,0.04115288921744485,1.322050315368429,dann_matched,banglasarc3_binary+banglasarc_binary,ben_sarc_binary,123
c3702486e3d43127,0,0,1.53125,-1.5,0.9539660976007597,0.046033902399240385,1.322050315368429,dann_matched,banglasarc3_binary+banglasarc_binary,ben_sarc_binary,123
efc28533e0b7ad1c,0,0,1.65625,-1.59375,0.9626731126558706,0.037326887344129464,1.322050315368429,dann_matched,banglasarc3_binary+banglasarc_binary,ben_sarc_binary,123
9141b2cb7dad757e,1,0,1.453125,-1.4140625,0.946200356539936,0.053799643460063995,1.322050315368429,dann_matched,banglasarc3_binary+banglasarc_binary,ben_sarc_binary,123
909cffa341ccbdb1,0,0,1.53125,-1.4375,0.9511422213778251,0.048857778622174906,1.322050315368429,dann_matched,banglasarc3_binary+banglasarc_binary,ben_sarc_binary,123
68f65a499b1348eb,1,0,1.59375,-1.546875,0.9585377272885904,0.04146227271140963,1.322050315368429,dann_matched,banglasarc3_binary+banglasarc_binary,ben_sarc_binary,123
9f61572851eb2128,0,0,1.484375,-1.5078125,0.9522199336364293,0.047780066363570746,1.322050315368429,dann_matched,banglasarc3_binary+banglasarc_binary,ben_sarc_binary,123
7925e1165d7225c8,0,0,1.4765625,-1.3515625,0.9441768588653856,0.05582314113461443,1.322050315368429,dann_matched,banglasarc3_binary+banglasarc_binary,ben_sarc_binary,123
6b400fce8cbd904f,1,1,-0.25585938,-0.11767578,0.4655089671140355,0.5344910328859646,1.322050315368429,dann_matched,banglasarc3_binary+banglasarc_binary,ben_sarc_binary,123
1bb3f798156c60ef,0,1,-0.31054688,0.13476562,0.39047583743349734,0.6095241625665028,1.322050315368429,dann_matched,banglasarc3_binary+banglasarc_binary,ben_sarc_binary,123
3bd060d0bf8365cf,1,0,1.703125,-1.5,0.9609517072737735,0.03904829272622638,1.322050315368429,dann_matched,banglasarc3_binary+banglasarc_binary,ben_sarc_binary,123
67f94cef39d459b6,1,0,1.78125,-1.7421875,0.9713473306904065,0.028652669309593447,1.322050315368429,dann_matched,banglasarc3_binary+banglasarc_binary,ben_sarc_binary,123
c63ad78d2343c7ae,0,0,1.59375,-1.5625,0.9591542840900507,0.040845715909949315,1.322050315368429,dann_matched,banglasarc3_binary+banglasarc_binary,ben_sarc_binary,123
b6d645cd871cd1ce,1,0,1.453125,-1.359375,0.9433475746920261,0.05665242530797383,1.322050315368429,dann_matched,banglasarc3_binary+banglasarc_binary,ben_sarc_binary,123
30f88863daf0eba7,1,0,1.546875,-1.40625,0.9504109770159683,0.04958902298403175,1.322050315368429,dann_matched,banglasarc3_binary+banglasarc_binary,ben_sarc_binary,123
6df19ce3943994d3,0,0,1.5234375,-1.65625,0.9600626857930734,0.0399373142069266,1.322050315368429,dann_matched,banglasarc3_binary+banglasarc_binary,ben_sarc_binary,123
10469deebb132c30,1,0,1.546875,-1.4765625,0.953621794005189,0.046378205994811086,1.322050315368429,dann_matched,banglasarc3_binary+banglasarc_binary,ben_sarc_binary,123
3e54a4da848974ee,0,0,1.8203125,-1.8984375,0.9763105287006256,0.023689471299374428,1.322050315368429,dann_matched,banglasarc3_binary+banglasarc_binary,ben_sarc_binary,123
51cdbc2c83ee3811,1,0,1.515625,-1.421875,0.9496693674025232,0.05033063259747688,1.322050315368429,dann_matched,banglasarc3_binary+banglasarc_binary,ben_sarc_binary,123
6e5e3fe7cdf865bc,1,1,-0.14453125,-0.08203125,0.48438008427698437,0.5156199157230156,1.322050315368429,dann_matched,banglasarc3_binary+banglasarc_binary,ben_sarc_binary,123
8bc2aa606755e093,0,0,1.5546875,-1.4921875,0.9546474194456936,0.04535258055430642,1.322050315368429,dann_matched,banglasarc3_binary+banglasarc_binary,ben_sarc_binary,123
423084313532490d,0,1,-1.609375,1.2421875,0.05460060578165237,0.9453993942183476,1.322050315368429,dann_matched,banglasarc3_binary+banglasarc_binary,ben_sarc_binary,123
3da6c838133bf038,1,0,1.5625,-1.5234375,0.956308939359532,0.04369106064046812,1.322050315368429,dann_matched,banglasarc3_binary+banglasarc_binary,ben_sarc_binary,123
5d2820399d9fd83c,0,0,1.5078125,-1.5234375,0.9539660976007597,0.046033902399240385,1.322050315368429,dann_matched,banglasarc3_binary+banglasarc_binary,ben_sarc_binary,123
1c657a184a5d4d49,1,0,1.5078125,-1.4453125,0.9504109770159683,0.04958902298403175,1.322050315368429,dann_matched,banglasarc3_binary+banglasarc_binary,ben_sarc_binary,123
c806f2f6356ffc94,1,0,1.53125,-1.4765625,0.9529258241789759,0.04707417582102406,1.322050315368429,dann_matched,banglasarc3_binary+banglasarc_binary,ben_sarc_binary,123
206fb903a0bad1ce,0,0,1.4453125,-1.4609375,0.94815453335022,0.05184546664977983,1.322050315368429,dann_matched,banglasarc3_binary+banglasarc_binary,ben_sarc_binary,123
ba9ce5308c6c2413,0,0,0.75390625,-1.1953125,0.8753614294639163,0.12463857053608371,1.322050315368429,dann_matched,banglasarc3_binary+banglasarc_binary,ben_sarc_binary,123
7ab0acf554e54c96,0,0,1.5546875,-1.53125,0.956308939359532,0.04369106064046812,1.322050315368429,dann_matched,banglasarc3_binary+banglasarc_binary,ben_sarc_binary,123
c3abb68d768eea28,0,0,1.6328125,-1.609375,0.9623913644941934,0.03760863550580657,1.322050315368429,dann_matched,banglasarc3_binary+banglasarc_binary,ben_sarc_binary,123
67ff31e192f31a3c,1,1,-1.0703125,0.70703125,0.14463143714297527,0.8553685628570248,1.322050315368429,dann_matched,banglasarc3_binary+banglasarc_binary,ben_sarc_binary,123
afcb283831f864b7,1,0,1.5625,-1.4609375,0.953621794005189,0.046378205994811086,1.322050315368429,dann_matched,banglasarc3_binary+banglasarc_binary,ben_sarc_binary,123
ef098cfef73ade4d,0,0,1.484375,-1.4375,0.9489172630429474,0.05108273695705249,1.322050315368429,dann_matched,banglasarc3_binary+banglasarc_binary,ben_sarc_binary,123
fc62f5f976abcd97,0,0,1.8203125,-1.828125,0.9746286885255978,0.02537131147440214,1.322050315368429,dann_matched,banglasarc3_binary+banglasarc_binary,ben_sarc_binary,123
68cbf9f738a55fd8,0,0,1.1328125,-1.3203125,0.9207896758909757,0.07921032410902437,1.322050315368429,dann_matched,banglasarc3_binary+banglasarc_binary,ben_sarc_binary,123
817794454a7f8c45,0,0,1.6796875,-1.5,0.9600626857930734,0.0399373142069266,1.322050315368429,dann_matched,banglasarc3_binary+banglasarc_binary,ben_sarc_binary,123
62d4a7de260ea83d,1,0,1.6171875,-1.578125,0.9606574967357419,0.03934250326425821,1.322050315368429,dann_matched,banglasarc3_binary+banglasarc_binary,ben_sarc_binary,123
4a01ddafd2d2cdba,0,0,1.6484375,-1.5234375,0.9597620573763841,0.04023794262361602,1.322050315368429,dann_matched,banglasarc3_binary+banglasarc_binary,ben_sarc_binary,123
8e707cdba482f47a,0,0,1.5,-1.546875,0.9546474194456936,0.04535258055430642,1.322050315368429,dann_matched,banglasarc3_binary+banglasarc_binary,ben_sarc_binary,123
d0756e364af61954,0,0,1.5390625,-1.484375,0.953621794005189,0.046378205994811086,1.322050315368429,dann_matched,banglasarc3_binary+banglasarc_binary,ben_sarc_binary,123
dee5dec5616fc65a,1,0,1.5234375,-1.4921875,0.9532750413739076,0.04672495862609242,1.322050315368429,dann_matched,banglasarc3_binary+banglasarc_binary,ben_sarc_binary,123
4c223f73236ca32d,1,1,-1.359375,0.94921875,0.09041372682383805,0.9095862731761619,1.322050315368429,dann_matched,banglasarc3_binary+banglasarc_binary,ben_sarc_binary,123
c6c3333f0649b682,1,0,1.46875,-1.4921875,0.9507778868028013,0.04922211319719861,1.322050315368429,dann_matched,banglasarc3_binary+banglasarc_binary,ben_sarc_binary,123
fffbc2e3ae875492,0,0,1.59375,-1.3828125,0.9515039967560431,0.048496003243956885,1.322050315368429,dann_matched,banglasarc3_binary+banglasarc_binary,ben_sarc_binary,123
39621a05c3ad9858,1,0,1.5546875,-1.53125,0.956308939359532,0.04369106064046812,1.322050315368429,dann_matched,banglasarc3_binary+banglasarc_binary,ben_sarc_binary,123
e31d975f431d743a,1,0,-0.021118164,-0.30859375,0.5713780025569626,0.4286219974430374,1.322050315368429,dann_matched,banglasarc3_binary+banglasarc_binary,ben_sarc_binary,123
49b9b1deccc58a17,0,0,1.515625,-1.4609375,0.9515039967560431,0.048496003243956885,1.322050315368429,dann_matched,banglasarc3_binary+banglasarc_binary,ben_sarc_binary,123
ddcd891f41ac0646,0,0,1.578125,-1.640625,0.9615338079816756,0.03846619201832428,1.322050315368429,dann_matched,banglasarc3_binary+banglasarc_binary,ben_sarc_binary,123
12bdb5b3699cf920,1,0,1.5234375,-1.515625,0.9543079676184154,0.04569203238158463,1.322050315368429,dann_matched,banglasarc3_binary+banglasarc_binary,ben_sarc_binary,123
0a07a0991d6c2539,1,0,1.4453125,-1.4453125,0.9473810466522863,0.05261895334771377,1.322050315368429,dann_matched,banglasarc3_binary+banglasarc_binary,ben_sarc_binary,123
7c5e54fbe51faeaa,1,0,1.46875,-1.4765625,0.9500414759334155,0.0499585240665846,1.322050315368429,dann_matched,banglasarc3_binary+banglasarc_binary,ben_sarc_binary,123
91297b3ba35880bb,1,0,1.46875,-1.375,0.9449947117065459,0.05500528829345415,1.322050315368429,dann_matched,banglasarc3_binary+banglasarc_binary,ben_sarc_binary,123
7c171d343397d432,1,0,1.6875,-1.6640625,0.9661559646595075,0.03384403534049258,1.322050315368429,dann_matched,banglasarc3_binary+banglasarc_binary,ben_sarc_binary,123
1a7424f382a7b2af,1,0,1.21875,-1.3828125,0.9309620718252101,0.06903792817479,1.322050315368429,dann_matched,banglasarc3_binary+banglasarc_binary,ben_sarc_binary,123
5cd95c937c0f8419,0,1,-1.21875,0.9375,0.10374862686637971,0.8962513731336202,1.322050315368429,dann_matched,banglasarc3_binary+banglasarc_binary,ben_sarc_binary,123
76ef47d1d0cf886e,0,0,1.5390625,-1.46875,0.9529258241789759,0.04707417582102406,1.322050315368429,dann_matched,banglasarc3_binary+banglasarc_binary,ben_sarc_binary,123
9372f49e672211e6,0,0,1.640625,-1.4140625,0.9549844683997677,0.04501553160023231,1.322050315368429,dann_matched,banglasarc3_binary+banglasarc_binary,ben_sarc_binary,123
ad9f9c7ed602e7a4,0,0,0.48242188,-0.65625,0.7574357102110338,0.24256428978896624,1.322050315368429,dann_matched,banglasarc3_binary+banglasarc_binary,ben_sarc_binary,123
ece2ff61b37a5b6f,1,0,0.4765625,-0.58984375,0.743912883406992,0.2560871165930079,1.322050315368429,dann_matched,banglasarc3_binary+banglasarc_binary,ben_sarc_binary,123
a1eda1d09aa5b878,0,0,1.6640625,-1.8046875,0.9697854129326061,0.03021458706739398,1.322050315368429,dann_matched,banglasarc3_binary+banglasarc_binary,ben_sarc_binary,123
19f78b78afc8fdf2,0,0,1.1875,-1.3515625,0.9268352785943768,0.07316472140562331,1.322050315368429,dann_matched,banglasarc3_binary+banglasarc_binary,ben_sarc_binary,123
7cfb6163bd7d76f8,0,0,1.1875,-1.375,0.9284088005554476,0.07159119944455247,1.322050315368429,dann_matched,banglasarc3_binary+banglasarc_binary,ben_sarc_binary,123
7f49359e45fd647f,0,0,1.34375,-1.6328125,0.9515039967560431,0.048496003243956885,1.322050315368429,dann_matched,banglasarc3_binary+banglasarc_binary,ben_sarc_binary,123
2804ae7565f2799b,1,0,1.6328125,-1.5234375,0.9591542840900507,0.040845715909949315,1.322050315368429,dann_matched,banglasarc3_binary+banglasarc_binary,ben_sarc_binary,123
fefd9922a97f7613,1,0,1.546875,-1.5,0.9546474194456936,0.04535258055430642,1.322050315368429,dann_matched,banglasarc3_binary+banglasarc_binary,ben_sarc_binary,123
a4124d445fb7b3d2,0,0,1.4609375,-1.4140625,0.9465966702001757,0.053403329799824234,1.322050315368429,dann_matched,banglasarc3_binary+banglasarc_binary,ben_sarc_binary,123
da5449ffbcfab5a2,0,0,1.546875,-1.5625,0.9572778024535095,0.042722197546490565,1.322050315368429,dann_matched,banglasarc3_binary+banglasarc_binary,ben_sarc_binary,123
1e4e09ae6e3929fe,1,0,1.5078125,-1.4296875,0.9496693674025232,0.05033063259747688,1.322050315368429,dann_matched,banglasarc3_binary+banglasarc_binary,ben_sarc_binary,123
20979cc3a936352a,0,0,1.3828125,-1.2578125,0.9334308110294983,0.06656918897050168,1.322050315368429,dann_matched,banglasarc3_binary+banglasarc_binary,ben_sarc_binary,123
35977ab66e3c8ffa,0,0,1.53125,-1.5390625,0.9556514186046017,0.04434858139539836,1.322050315368429,dann_matched,banglasarc3_binary+banglasarc_binary,ben_sarc_binary,123
74d8588e523d1cc3,1,1,-1.0,0.6796875,0.1571368534705856,0.8428631465294143,1.322050315368429,dann_matched,banglasarc3_binary+banglasarc_binary,ben_sarc_binary,123
ea22ff949cc610b7,1,1,-0.8359375,0.51953125,0.20497773615175374,0.7950222638482464,1.322050315368429,dann_matched,banglasarc3_binary+banglasarc_binary,ben_sarc_binary,123
405cb7922e9cc281,0,0,1.640625,-1.59375,0.9621075733703927,0.037892426629607394,1.322050315368429,dann_matched,banglasarc3_binary+banglasarc_binary,ben_sarc_binary,123
880da9d751b37f69,0,0,1.4140625,-1.515625,0.9492946352021694,0.050705364797830506,1.322050315368429,dann_matched,banglasarc3_binary+banglasarc_binary,ben_sarc_binary,123
b427819143af1fdc,0,0,1.8671875,-1.984375,0.9791955100493928,0.020804489950607352,1.322050315368429,dann_matched,banglasarc3_binary+banglasarc_binary,ben_sarc_binary,123
085750eb7dfd0692,0,0,1.640625,-1.5078125,0.9588471107825551,0.04115288921744485,1.322050315368429,dann_matched,banglasarc3_binary+banglasarc_binary,ben_sarc_binary,123
e44b09476d9f54ab,0,0,0.45117188,-0.6953125,0.7588681879577549,0.24113181204224515,1.322050315368429,dann_matched,banglasarc3_binary+banglasarc_binary,ben_sarc_binary,123
02af7b0af773ed7d,1,1,-1.1796875,0.890625,0.11201595092000367,0.8879840490799963,1.322050315368429,dann_matched,banglasarc3_binary+banglasarc_binary,ben_sarc_binary,123
ff9070b24ce08bdd,0,0,1.140625,-1.3125,0.9207896758909757,0.07921032410902437,1.322050315368429,dann_matched,banglasarc3_binary+banglasarc_binary,ben_sarc_binary,123
4011a575ee2cd51d,1,0,1.4453125,-1.390625,0.944587205618231,0.05541279438176918,1.322050315368429,dann_matched,banglasarc3_binary+banglasarc_binary,ben_sarc_binary,123
d8777466e4d7b905,0,0,1.6953125,-1.90625,0.9734434290045008,0.02655657099549924,1.322050315368429,dann_matched,banglasarc3_binary+banglasarc_binary,ben_sarc_binary,123
e2cdab1db8ae3dba,1,0,1.5078125,-1.4375,0.9500414759334155,0.0499585240665846,1.322050315368429,dann_matched,banglasarc3_binary+banglasarc_binary,ben_sarc_binary,123
aaa60bb51d4a39e5,0,0,1.4296875,-1.5546875,0.9518632288833652,0.04813677111663481,1.322050315368429,dann_matched,banglasarc3_binary+banglasarc_binary,ben_sarc_binary,123
63e663a94489942e,1,0,1.4296875,-1.359375,0.9420819125605256,0.05791808743947446,1.322050315368429,dann_matched,banglasarc3_binary+banglasarc_binary,ben_sarc_binary,123
ed66c3d3c61492e4,1,0,1.46875,-1.375,0.9449947117065459,0.05500528829345415,1.322050315368429,dann_matched,banglasarc3_binary+banglasarc_binary,ben_sarc_binary,123
f8c8bb801122d882,0,0,1.6875,-1.6875,0.9669140216112958,0.033085978388704126,1.322050315368429,dann_matched,banglasarc3_binary+banglasarc_binary,ben_sarc_binary,123
42b7f38a9b1b485a,0,0,1.765625,-1.6328125,0.9676556676188429,0.032344332381157095,1.322050315368429,dann_matched,banglasarc3_binary+banglasarc_binary,ben_sarc_binary,123
be825714803fe7d5,1,0,1.4921875,-1.484375,0.9515039967560431,0.048496003243956885,1.322050315368429,dann_matched,banglasarc3_binary+banglasarc_binary,ben_sarc_binary,123
47c2f8ee6e763445,1,0,1.5703125,-1.515625,0.956308939359532,0.04369106064046812,1.322050315368429,dann_matched,banglasarc3_binary+banglasarc_binary,ben_sarc_binary,123
25be1a60cf3e9829,0,1,-1.4765625,1.1796875,0.06560483745906928,0.9343951625409306,1.322050315368429,dann_matched,banglasarc3_binary+banglasarc_binary,ben_sarc_binary,123
c247f94f38c797fd,0,0,1.546875,-1.453125,0.9525741268224334,0.04742587317756679,1.322050315368429,dann_matched,banglasarc3_binary+banglasarc_binary,ben_sarc_binary,123
98726a3a05cd656d,1,0,1.4921875,-1.34375,0.944587205618231,0.05541279438176918,1.322050315368429,dann_matched,banglasarc3_binary+banglasarc_binary,ben_sarc_binary,123
defb09d87a0fa783,0,1,-0.76953125,0.53125,0.2140335632231953,0.7859664367768047,1.322050315368429,dann_matched,banglasarc3_binary+banglasarc_binary,ben_sarc_binary,123
df1a27abfb76f21b,0,0,1.53125,-1.4453125,0.9515039967560431,0.048496003243956885,1.322050315368429,dann_matched,banglasarc3_binary+banglasarc_binary,ben_sarc_binary,123
0cc76cc7d977fe65,0,0,1.515625,-1.421875,0.9496693674025232,0.05033063259747688,1.322050315368429,dann_matched,banglasarc3_binary+banglasarc_binary,ben_sarc_binary,123
90cee81ebac61611,0,0,1.53125,-1.546875,0.9559813501370537,0.04401864986294638,1.322050315368429,dann_matched,banglasarc3_binary+banglasarc_binary,ben_sarc_binary,123
a739352e531fab5d,1,0,1.5234375,-1.4296875,0.9504109770159683,0.04958902298403175,1.322050315368429,dann_matched,banglasarc3_binary+banglasarc_binary,ben_sarc_binary,123
c20e8fb12c68797b,1,0,1.484375,-1.3828125,0.946200356539936,0.053799643460063995,1.322050315368429,dann_matched,banglasarc3_binary+banglasarc_binary,ben_sarc_binary,123
3ae6056d228263a8,1,0,1.484375,-1.4375,0.9489172630429474,0.05108273695705249,1.322050315368429,dann_matched,banglasarc3_binary+banglasarc_binary,ben_sarc_binary,123
c041418b11d4f872,1,0,1.4140625,-1.3125,0.9385759599453297,0.06142404005467019,1.322050315368429,dann_matched,banglasarc3_binary+banglasarc_binary,ben_sarc_binary,123
be231e11922ed817,1,0,1.4375,-1.3984375,0.944587205618231,0.05541279438176918,1.322050315368429,dann_matched,banglasarc3_binary+banglasarc_binary,ben_sarc_binary,123
0b41391e9cd2067d,1,0,1.4921875,-1.359375,0.9453993942183476,0.05460060578165237,1.322050315368429,dann_matched,banglasarc3_binary+banglasarc_binary,ben_sarc_binary,123
be8c16abf3f06df3,1,0,1.5859375,-1.4140625,0.9525741268224334,0.04742587317756679,1.322050315368429,dann_matched,banglasarc3_binary+banglasarc_binary,ben_sarc_binary,123
b6856196c1c0d8bf,1,0,1.421875,-1.3984375,0.9437636542955161,0.056236345704483756,1.322050315368429,dann_matched,banglasarc3_binary+banglasarc_binary,ben_sarc_binary,123
8d8af223c9a1426f,1,0,1.5390625,-1.4453125,0.9518632288833652,0.04813677111663481,1.322050315368429,dann_matched,banglasarc3_binary+banglasarc_binary,ben_sarc_binary,123
e985a015aacbf1d5,0,0,1.5625,-1.5546875,0.9575961713681533,0.04240382863184672,1.322050315368429,dann_matched,banglasarc3_binary+banglasarc_binary,ben_sarc_binary,123
a906687b15683747,0,0,1.546875,-1.515625,0.9553191297273498,0.0446808702726502,1.322050315368429,dann_matched,banglasarc3_binary+banglasarc_binary,ben_sarc_binary,123
174910581f395ce5,1,1,-1.71875,1.3515625,0.04434858139539836,0.9556514186046017,1.322050315368429,dann_matched,banglasarc3_binary+banglasarc_binary,ben_sarc_binary,123
5c58ed9dfdde643d,1,0,1.84375,-1.7578125,0.9734434290045008,0.02655657099549924,1.322050315368429,dann_matched,banglasarc3_binary+banglasarc_binary,ben_sarc_binary,123
1fccd2fca6e18cd5,1,1,-1.5546875,1.1484375,0.06278920859705135,0.9372107914029487,1.322050315368429,dann_matched,banglasarc3_binary+banglasarc_binary,ben_sarc_binary,123
cd2dd5e4178e43e7,1,0,1.484375,-1.3828125,0.946200356539936,0.053799643460063995,1.322050315368429,dann_matched,banglasarc3_binary+banglasarc_binary,ben_sarc_binary,123
430098016cd55237,0,0,1.5,-1.4296875,0.9492946352021694,0.050705364797830506,1.322050315368429,dann_matched,banglasarc3_binary+banglasarc_binary,ben_sarc_binary,123
06fe443455cd490f,1,1,-0.91015625,0.6640625,0.17161580696895154,0.8283841930310485,1.322050315368429,dann_matched,banglasarc3_binary+banglasarc_binary,ben_sarc_binary,123
6ecb876116e8c2f3,0,0,1.2421875,-1.3359375,0.9294404038127071,0.07055959618729296,1.322050315368429,dann_matched,banglasarc3_binary+banglasarc_binary,ben_sarc_binary,123
45336ba74d6e8941,1,0,1.359375,-1.2890625,0.9339146213324513,0.06608537866754877,1.322050315368429,dann_matched,banglasarc3_binary+banglasarc_binary,ben_sarc_binary,123
62d0ad8eb3531155,1,0,1.46875,-1.453125,0.9489172630429474,0.05108273695705249,1.322050315368429,dann_matched,banglasarc3_binary+banglasarc_binary,ben_sarc_binary,123
137309f738f08cb1,0,0,1.5234375,-1.484375,0.9529258241789759,0.04707417582102406,1.322050315368429,dann_matched,banglasarc3_binary+banglasarc_binary,ben_sarc_binary,123
34010a0f07510222,1,0,1.28125,-1.28125,0.9284088005554476,0.07159119944455247,1.322050315368429,dann_matched,banglasarc3_binary+banglasarc_binary,ben_sarc_binary,123
84e28b034e7bc4e6,0,0,1.640625,-1.609375,0.9626731126558706,0.037326887344129464,1.322050315368429,dann_matched,banglasarc3_binary+banglasarc_binary,ben_sarc_binary,123
c1d25308d126bea8,1,1,-1.3984375,0.98046875,0.08479540782206828,0.9152045921779318,1.322050315368429,dann_matched,banglasarc3_binary+banglasarc_binary,ben_sarc_binary,123
2d1c844bf58c0563,1,0,1.5078125,-1.4296875,0.9496693674025232,0.05033063259747688,1.322050315368429,dann_matched,banglasarc3_binary+banglasarc_binary,ben_sarc_binary,123
9016c824f7ac7bbe,1,1,-1.2890625,0.86328125,0.10411241155799623,0.8958875884420037,1.322050315368429,dann_matched,banglasarc3_binary+banglasarc_binary,ben_sarc_binary,123
26c5d5738bbb0216,0,0,1.5,-1.5546875,0.9549844683997677,0.04501553160023231,1.322050315368429,dann_matched,banglasarc3_binary+banglasarc_binary,ben_sarc_binary,123
89a10477529d94dc,0,0,1.5078125,-1.515625,0.953621794005189,0.046378205994811086,1.322050315368429,dann_matched,banglasarc3_binary+banglasarc_binary,ben_sarc_binary,123
9b88da4cbb7b3b71,1,0,1.125,-1.2109375,0.9118099551992372,0.08819004480076281,1.322050315368429,dann_matched,banglasarc3_binary+banglasarc_binary,ben_sarc_binary,123
fd7fb048add6a09a,1,0,0.06933594,-0.31445312,0.5947866527017444,0.4052133472982556,1.322050315368429,dann_matched,banglasarc3_binary+banglasarc_binary,ben_sarc_binary,123
8a44d4b17d208393,1,0,1.4375,-1.4375,0.9465966702001757,0.053403329799824234,1.322050315368429,dann_matched,banglasarc3_binary+banglasarc_binary,ben_sarc_binary,123
1cadb912431cf4eb,0,1,-0.875,0.51953125,0.1986853537904252,0.8013146462095748,1.322050315368429,dann_matched,banglasarc3_binary+banglasarc_binary,ben_sarc_binary,123
844c2dd3abcea4de,0,0,1.6328125,-1.484375,0.9575961713681533,0.04240382863184672,1.322050315368429,dann_matched,banglasarc3_binary+banglasarc_binary,ben_sarc_binary,123
a73bbaeef34e354b,0,0,1.6015625,-1.453125,0.9549844683997677,0.04501553160023231,1.322050315368429,dann_matched,banglasarc3_binary+banglasarc_binary,ben_sarc_binary,123
1022f702dcb1d501,1,1,-0.51171875,0.32226562,0.30280325474349784,0.6971967452565021,1.322050315368429,dann_matched,banglasarc3_binary+banglasarc_binary,ben_sarc_binary,123
19aff42959911349,0,0,1.4921875,-1.5234375,0.9532750413739076,0.04672495862609242,1.322050315368429,dann_matched,banglasarc3_binary+banglasarc_binary,ben_sarc_binary,123
fe58530f02d491e7,1,1,-1.703125,1.3359375,0.04569203238158463,0.9543079676184154,1.322050315368429,dann_matched,banglasarc3_binary+banglasarc_binary,ben_sarc_binary,123
8f49a192e9078bb9,1,0,1.40625,-1.4453125,0.9453993942183476,0.05460060578165237,1.322050315368429,dann_matched,banglasarc3_binary+banglasarc_binary,ben_sarc_binary,123
8dd138ede8590007,1,1,-2.234375,1.8515625,0.01652955655765428,0.9834704434423458,1.322050315368429,dann_matched,banglasarc3_binary+banglasarc_binary,ben_sarc_binary,123
3e15dd3705ab6951,1,1,-0.41796875,0.20507812,0.34908880483446786,0.6509111951655322,1.322050315368429,dann_matched,banglasarc3_binary+banglasarc_binary,ben_sarc_binary,123
b7faa34c1ac950e5,1,0,1.4921875,-1.390625,0.9469902279841446,0.05300977201585542,1.322050315368429,dann_matched,banglasarc3_binary+banglasarc_binary,ben_sarc_binary,123
c87a51fcf98667f0,0,0,1.640625,-1.5078125,0.9588471107825551,0.04115288921744485,1.322050315368429,dann_matched,banglasarc3_binary+banglasarc_binary,ben_sarc_binary,123
0ff814d695bd1cd6,0,0,1.1796875,-1.1328125,0.9099070060380482,0.09009299396195182,1.322050315368429,dann_matched,banglasarc3_binary+banglasarc_binary,ben_sarc_binary,123
e282499f32155b4d,0,0,1.6796875,-1.7421875,0.9683812327313545,0.03161876726864548,1.322050315368429,dann_matched,banglasarc3_binary+banglasarc_binary,ben_sarc_binary,123
e520040bcd29d781,0,0,1.53125,-1.578125,0.9572778024535095,0.042722197546490565,1.322050315368429,dann_matched,banglasarc3_binary+banglasarc_binary,ben_sarc_binary,123
e0a6a009d69bd732,0,0,1.5,-1.4296875,0.9492946352021694,0.050705364797830506,1.322050315368429,dann_matched,banglasarc3_binary+banglasarc_binary,ben_sarc_binary,123
b13f4af1934e1032,1,0,0.40234375,-0.62109375,0.7356416417389247,0.2643583582610753,1.322050315368429,dann_matched,banglasarc3_binary+banglasarc_binary,ben_sarc_binary,123
dd374d2ebd0dbf51,1,0,1.4609375,-1.2890625,0.9399133498259924,0.06008665017400762,1.322050315368429,dann_matched,banglasarc3_binary+banglasarc_binary,ben_sarc_binary,123
75f9e49872a0402d,0,0,1.484375,-1.515625,0.9525741268224334,0.04742587317756679,1.322050315368429,dann_matched,banglasarc3_binary+banglasarc_binary,ben_sarc_binary,123
e5a0081b8d56c7eb,0,0,1.4140625,-1.421875,0.944587205618231,0.05541279438176918,1.322050315368429,dann_matched,banglasarc3_binary+banglasarc_binary,ben_sarc_binary,123
a5d849c00d147b74,0,0,1.609375,-1.5078125,0.9575961713681533,0.04240382863184672,1.322050315368429,dann_matched,banglasarc3_binary+banglasarc_binary,ben_sarc_binary,123
1f4ff348558654d2,0,0,1.5078125,-1.484375,0.9522199336364293,0.047780066363570746,1.322050315368429,dann_matched,banglasarc3_binary+banglasarc_binary,ben_sarc_binary,123
1a288a942aca8d72,0,0,1.8203125,-1.8203125,0.9744347860767304,0.025565213923269593,1.322050315368429,dann_matched,banglasarc3_binary+banglasarc_binary,ben_sarc_binary,123
73fbb49c10dd6c0c,1,0,1.4921875,-1.4375,0.9492946352021694,0.050705364797830506,1.322050315368429,dann_matched,banglasarc3_binary+banglasarc_binary,ben_sarc_binary,123
6a87a2b9e037a817,1,1,-0.6953125,0.31835938,0.2662618740342962,0.7337381259657038,1.322050315368429,dann_matched,banglasarc3_binary+banglasarc_binary,ben_sarc_binary,123
f6f59fb3443e7a55,1,0,1.5234375,-1.4140625,0.9496693674025232,0.05033063259747688,1.322050315368429,dann_matched,banglasarc3_binary+banglasarc_binary,ben_sarc_binary,123
5d3b34c5c26eeec1,0,0,1.4609375,-1.40625,0.946200356539936,0.053799643460063995,1.322050315368429,dann_matched,banglasarc3_binary+banglasarc_binary,ben_sarc_binary,123
4ccfd095553a007f,0,0,0.62890625,-0.69921875,0.7905303186696747,0.20946968133032526,1.322050315368429,dann_matched,banglasarc3_binary+banglasarc_binary,ben_sarc_binary,123
043ea1916e3a05f8,0,0,1.46875,-1.390625,0.9458012701768145,0.05419872982318558,1.322050315368429,dann_matched,banglasarc3_binary+banglasarc_binary,ben_sarc_binary,123
c0ce751a00aca827,0,0,1.7421875,-1.734375,0.9700134939339985,0.029986506066001513,1.322050315368429,dann_matched,banglasarc3_binary+banglasarc_binary,ben_sarc_binary,123
512f2ed40152ca55,0,0,1.8046875,-1.875,0.975390071374038,0.024609928625961945,1.322050315368429,dann_matched,banglasarc3_binary+banglasarc_binary,ben_sarc_binary,123
864c681e869a5c63,0,0,0.33203125,-0.546875,0.7065955179610504,0.2934044820389496,1.322050315368429,dann_matched,banglasarc3_binary+banglasarc_binary,ben_sarc_binary,123
46068733a9d3270c,0,0,1.5703125,-1.6015625,0.9597620573763841,0.04023794262361602,1.322050315368429,dann_matched,banglasarc3_binary+banglasarc_binary,ben_sarc_binary,123
8fa819e2212f14ef,0,0,1.6171875,-1.5234375,0.9585377272885904,0.04146227271140963,1.322050315368429,dann_matched,banglasarc3_binary+banglasarc_binary,ben_sarc_binary,123
07b3b9d68f2e23a5,0,0,1.4453125,-1.4296875,0.9465966702001757,0.053403329799824234,1.322050315368429,dann_matched,banglasarc3_binary+banglasarc_binary,ben_sarc_binary,123
d3435730fce9a372,1,0,1.3984375,-1.3828125,0.941654159388319,0.05834584061168106,1.322050315368429,dann_matched,banglasarc3_binary+banglasarc_binary,ben_sarc_binary,123
c76c75a26b20834b,1,0,0.2578125,-0.328125,0.6424324776295582,0.3575675223704418,1.322050315368429,dann_matched,banglasarc3_binary+banglasarc_binary,ben_sarc_binary,123
e8cbec82b9652643,0,0,1.578125,-1.5234375,0.9569571506599678,0.04304284934003218,1.322050315368429,dann_matched,banglasarc3_binary+banglasarc_binary,ben_sarc_binary,123
4b75b4a877f7f75e,1,0,1.4921875,-1.3515625,0.9449947117065459,0.05500528829345415,1.322050315368429,dann_matched,banglasarc3_binary+banglasarc_binary,ben_sarc_binary,123
1f61e7fe14fde910,0,0,1.46875,-1.5,0.9511422213778251,0.048857778622174906,1.322050315368429,dann_matched,banglasarc3_binary+banglasarc_binary,ben_sarc_binary,123
1768cdc98aa0d6db,1,0,1.4609375,-1.421875,0.9469902279841446,0.05300977201585542,1.322050315368429,dann_matched,banglasarc3_binary+banglasarc_binary,ben_sarc_binary,123
f15ce41fd192597b,1,0,-0.21191406,-0.2265625,0.5036620438927866,0.49633795610721343,1.322050315368429,dann_matched,banglasarc3_binary+banglasarc_binary,ben_sarc_binary,123
7222381b15c5f0d4,1,0,0.08203125,-0.35742188,0.6081287136691501,0.39187128633084994,1.322050315368429,dann_matched,banglasarc3_binary+banglasarc_binary,ben_sarc_binary,123
9b87baccf25f5413,1,0,0.609375,-1.1015625,0.8469578427551038,0.15304215724489628,1.322050315368429,dann_matched,banglasarc3_binary+banglasarc_binary,ben_sarc_binary,123
3dc806e651b616dc,1,0,1.484375,-1.421875,0.94815453335022,0.05184546664977983,1.322050315368429,dann_matched,banglasarc3_binary+banglasarc_binary,ben_sarc_binary,123
bb4103922f74fa29,1,0,1.703125,-1.6328125,0.965641310666991,0.03435868933300902,1.322050315368429,dann_matched,banglasarc3_binary+banglasarc_binary,ben_sarc_binary,123
16823c28d59d3422,0,0,1.5,-1.3515625,0.9453993942183476,0.05460060578165237,1.322050315368429,dann_matched,banglasarc3_binary+banglasarc_binary,ben_sarc_binary,123
a87073d002ddeea5,1,0,1.546875,-1.421875,0.9511422213778251,0.048857778622174906,1.322050315368429,dann_matched,banglasarc3_binary+banglasarc_binary,ben_sarc_binary,123
863f5d69a9049b18,0,0,1.3984375,-1.296875,0.9367494780065266,0.06325052199347325,1.322050315368429,dann_matched,banglasarc3_binary+banglasarc_binary,ben_sarc_binary,123
1afd2f7ea3e2be18,1,0,1.5390625,-1.5390625,0.9559813501370537,0.04401864986294638,1.322050315368429,dann_matched,banglasarc3_binary+banglasarc_binary,ben_sarc_binary,123
3780c365e541c089,0,0,1.46875,-1.4921875,0.9507778868028013,0.04922211319719861,1.322050315368429,dann_matched,banglasarc3_binary+banglasarc_binary,ben_sarc_binary,123
02dac631ddcc3839,1,0,1.5703125,-1.4453125,0.9532750413739076,0.04672495862609242,1.322050315368429,dann_matched,banglasarc3_binary+banglasarc_binary,ben_sarc_binary,123
79f26f3ff38eee3c,1,0,1.53125,-1.4453125,0.9515039967560431,0.048496003243956885,1.322050315368429,dann_matched,banglasarc3_binary+banglasarc_binary,ben_sarc_binary,123
587a74dc7fae573a,1,0,1.484375,-1.4296875,0.9485372345673925,0.05146276543260743,1.322050315368429,dann_matched,banglasarc3_binary+banglasarc_binary,ben_sarc_binary,123
6204dcc6b94196dc,1,0,1.453125,-1.40625,0.9458012701768145,0.05419872982318558,1.322050315368429,dann_matched,banglasarc3_binary+banglasarc_binary,ben_sarc_binary,123
91369807da41afdc,0,0,1.859375,-1.9921875,0.9791955100493928,0.020804489950607352,1.322050315368429,dann_matched,banglasarc3_binary+banglasarc_binary,ben_sarc_binary,123
00132a7143e2a31b,0,0,1.4609375,-1.4453125,0.94815453335022,0.05184546664977983,1.322050315368429,dann_matched,banglasarc3_binary+banglasarc_binary,ben_sarc_binary,123
fad2b65eeac2c492,0,1,-0.328125,-0.013061523,0.42187928528598906,0.5781207147140109,1.322050315368429,dann_matched,banglasarc3_binary+banglasarc_binary,ben_sarc_binary,123
e78acfe4ef1bae02,1,0,1.453125,-1.4296875,0.9469902279841446,0.05300977201585542,1.322050315368429,dann_matched,banglasarc3_binary+banglasarc_binary,ben_sarc_binary,123
deed40c33978277e,0,0,1.5625,-1.4921875,0.9549844683997677,0.04501553160023231,1.322050315368429,dann_matched,banglasarc3_binary+banglasarc_binary,ben_sarc_binary,123
764a16f4458ffde3,0,0,1.515625,-1.46875,0.9518632288833652,0.04813677111663481,1.322050315368429,dann_matched,banglasarc3_binary+banglasarc_binary,ben_sarc_binary,123
2328ab3a0829b915,1,1,-1.109375,0.76953125,0.13251455444044344,0.8674854455595564,1.322050315368429,dann_matched,banglasarc3_binary+banglasarc_binary,ben_sarc_binary,123
4c8a2450f18daf9f,1,0,1.546875,-1.453125,0.9525741268224334,0.04742587317756679,1.322050315368429,dann_matched,banglasarc3_binary+banglasarc_binary,ben_sarc_binary,123
7b44672ac15e5ed2,1,0,1.5390625,-1.515625,0.9549844683997677,0.04501553160023231,1.322050315368429,dann_matched,banglasarc3_binary+banglasarc_binary,ben_sarc_binary,123
53005f3d9501c50f,0,0,1.5625,-1.6796875,0.9623913644941934,0.03760863550580657,1.322050315368429,dann_matched,banglasarc3_binary+banglasarc_binary,ben_sarc_binary,123
390d94665a82f0cb,1,0,1.4765625,-1.4453125,0.9489172630429474,0.05108273695705249,1.322050315368429,dann_matched,banglasarc3_binary+banglasarc_binary,ben_sarc_binary,123
0dfeacc6a5a5e395,0,0,1.515625,-1.421875,0.9496693674025232,0.05033063259747688,1.322050315368429,dann_matched,banglasarc3_binary+banglasarc_binary,ben_sarc_binary,123
9893c6636b154902,0,1,-1.2109375,0.79296875,0.11879340050844577,0.8812065994915543,1.322050315368429,dann_matched,banglasarc3_binary+banglasarc_binary,ben_sarc_binary,123
dffab2aab14d8082,0,0,1.3828125,-1.375,0.9403530570548787,0.0596469429451214,1.322050315368429,dann_matched,banglasarc3_binary+banglasarc_binary,ben_sarc_binary,123
4977634f31d12ad3,0,0,1.4609375,-1.484375,0.9500414759334155,0.0499585240665846,1.322050315368429,dann_matched,banglasarc3_binary+banglasarc_binary,ben_sarc_binary,123
cd029965912a6000,1,0,1.5390625,-1.5,0.9543079676184154,0.04569203238158463,1.322050315368429,dann_matched,banglasarc3_binary+banglasarc_binary,ben_sarc_binary,123
b2527112c1c3aacc,1,0,1.4453125,-1.4140625,0.9458012701768145,0.05419872982318558,1.322050315368429,dann_matched,banglasarc3_binary+banglasarc_binary,ben_sarc_binary,123
d47bfd47e315c8c2,0,1,-0.796875,0.6015625,0.19806417366892506,0.801935826331075,1.322050315368429,dann_matched,banglasarc3_binary+banglasarc_binary,ben_sarc_binary,123
5dd4fb15c222be30,1,1,-0.765625,0.40429688,0.23686910602444727,0.7631308939755528,1.322050315368429,dann_matched,banglasarc3_binary+banglasarc_binary,ben_sarc_binary,123
8493362489e0a0b7,1,0,1.4765625,-1.5234375,0.9525741268224334,0.04742587317756679,1.322050315368429,dann_matched,banglasarc3_binary+banglasarc_binary,ben_sarc_binary,123
49a9fd116d8765ee,1,1,-0.94921875,0.57421875,0.1789558876900955,0.8210441123099046,1.322050315368429,dann_matched,banglasarc3_binary+banglasarc_binary,ben_sarc_binary,123
a3f18ea1e6b423d8,1,1,-1.828125,1.3984375,0.03817827426156642,0.9618217257384336,1.322050315368429,dann_matched,banglasarc3_binary+banglasarc_binary,ben_sarc_binary,123
bcba3e2bd4d03166,1,0,1.53125,-1.4140625,0.9500414759334155,0.0499585240665846,1.322050315368429,dann_matched,banglasarc3_binary+banglasarc_binary,ben_sarc_binary,123
ba6c44cc92bb1ecf,0,0,1.40625,-1.46875,0.9465966702001757,0.053403329799824234,1.322050315368429,dann_matched,banglasarc3_binary+banglasarc_binary,ben_sarc_binary,123
3c83a3702db1ac37,0,0,0.93359375,-1.1328125,0.8875949114621223,0.11240508853787773,1.322050315368429,dann_matched,banglasarc3_binary+banglasarc_binary,ben_sarc_binary,123
00eb4ed2fc312a52,1,0,1.5078125,-1.4921875,0.9525741268224334,0.04742587317756679,1.322050315368429,dann_matched,banglasarc3_binary+banglasarc_binary,ben_sarc_binary,123
e3919fb1236f78d6,1,1,-0.87890625,0.58203125,0.1883239789098031,0.811676021090197,1.322050315368429,dann_matched,banglasarc3_binary+banglasarc_binary,ben_sarc_binary,123
46d2c2e858d22465,0,0,2.296875,-2.328125,0.9902915235185259,0.009708476481474066,1.322050315368429,dann_matched,banglasarc3_binary+banglasarc_binary,ben_sarc_binary,123
a209a6a05aca4515,1,0,1.5,-1.4296875,0.9492946352021694,0.050705364797830506,1.322050315368429,dann_matched,banglasarc3_binary+banglasarc_binary,ben_sarc_binary,123
30b853f753fc411f,1,0,1.4921875,-1.546875,0.9543079676184154,0.04569203238158463,1.322050315368429,dann_matched,banglasarc3_binary+banglasarc_binary,ben_sarc_binary,123
da102d042ec83533,0,0,1.6171875,-1.6484375,0.9632305339244013,0.036769466075598736,1.322050315368429,dann_matched,banglasarc3_binary+banglasarc_binary,ben_sarc_binary,123
f0547c8b9a1422c7,1,0,1.5546875,-1.546875,0.9569571506599678,0.04304284934003218,1.322050315368429,dann_matched,banglasarc3_binary+banglasarc_binary,ben_sarc_binary,123
723a2727ff94ff25,1,0,0.10595703,-0.34375,0.610569575746544,0.3894304242534559,1.322050315368429,dann_matched,banglasarc3_binary+banglasarc_binary,ben_sarc_binary,123
c63c8dd29b0f8bf6,1,0,1.5078125,-1.5625,0.9556514186046017,0.04434858139539836,1.322050315368429,dann_matched,banglasarc3_binary+banglasarc_binary,ben_sarc_binary,123
c2f5a1e705954378,0,0,1.5078125,-1.484375,0.9522199336364293,0.047780066363570746,1.322050315368429,dann_matched,banglasarc3_binary+banglasarc_binary,ben_sarc_binary,123
be14867bcf180018,1,0,1.46875,-1.328125,0.9425067211996143,0.05749327880038583,1.322050315368429,dann_matched,banglasarc3_binary+banglasarc_binary,ben_sarc_binary,123
08bcd0176ced2b38,0,0,1.8515625,-2.03125,0.97982268167713,0.02017731832286999,1.322050315368429,dann_matched,banglasarc3_binary+banglasarc_binary,ben_sarc_binary,123
5caa1a80d4eb55f7,0,0,1.453125,-1.703125,0.9591542840900507,0.040845715909949315,1.322050315368429,dann_matched,banglasarc3_binary+banglasarc_binary,ben_sarc_binary,123
4de9f0fdde559ee8,0,0,1.3046875,-1.2578125,0.9284088005554476,0.07159119944455247,1.322050315368429,dann_matched,banglasarc3_binary+banglasarc_binary,ben_sarc_binary,123
17448a4511a16593,1,0,0.890625,-0.984375,0.8670357598021706,0.13296424019782924,1.322050315368429,dann_matched,banglasarc3_binary+banglasarc_binary,ben_sarc_binary,123
ad7fd40fd1c0c644,0,0,1.546875,-1.453125,0.9525741268224334,0.04742587317756679,1.322050315368429,dann_matched,banglasarc3_binary+banglasarc_binary,ben_sarc_binary,123
79bede1ec44fe8e0,1,0,1.53125,-1.4921875,0.953621794005189,0.046378205994811086,1.322050315368429,dann_matched,banglasarc3_binary+banglasarc_binary,ben_sarc_binary,123
bdbe8588e32c334a,1,0,1.6328125,-1.4453125,0.9559813501370537,0.04401864986294638,1.322050315368429,dann_matched,banglasarc3_binary+banglasarc_binary,ben_sarc_binary,123
190575535c80d74a,1,1,-0.890625,0.43359375,0.2101172597064404,0.7898827402935596,1.322050315368429,dann_matched,banglasarc3_binary+banglasarc_binary,ben_sarc_binary,123
55a8e570037c7743,0,0,1.609375,-1.5625,0.9597620573763841,0.04023794262361602,1.322050315368429,dann_matched,banglasarc3_binary+banglasarc_binary,ben_sarc_binary,123
8c2d33bf0e0c2c1e,1,0,1.515625,-1.34375,0.9458012701768145,0.05419872982318558,1.322050315368429,dann_matched,banglasarc3_binary+banglasarc_binary,ben_sarc_binary,123
ff906430775a3991,0,0,1.3984375,-1.4140625,0.9433475746920261,0.05665242530797383,1.322050315368429,dann_matched,banglasarc3_binary+banglasarc_binary,ben_sarc_binary,123
286c3f8a950bf32e,1,1,-1.4296875,0.85546875,0.09235979794788486,0.9076402020521152,1.322050315368429,dann_matched,banglasarc3_binary+banglasarc_binary,ben_sarc_binary,123
34026c9f0e2f6b24,1,0,1.453125,-1.390625,0.9449947117065459,0.05500528829345415,1.322050315368429,dann_matched,banglasarc3_binary+banglasarc_binary,ben_sarc_binary,123
f4bb371a9408ef2b,1,0,1.4921875,-1.4453125,0.9496693674025232,0.05033063259747688,1.322050315368429,dann_matched,banglasarc3_binary+banglasarc_binary,ben_sarc_binary,123
3dd3d4925359a805,1,1,-2.21875,1.8359375,0.01704531725343583,0.9829546827465642,1.322050315368429,dann_matched,banglasarc3_binary+banglasarc_binary,ben_sarc_binary,123
f6a1e5763b49afb1,0,0,1.46875,-1.4375,0.94815453335022,0.05184546664977983,1.322050315368429,dann_matched,banglasarc3_binary+banglasarc_binary,ben_sarc_binary,123
92b9d4117848830b,1,0,1.4609375,-1.3359375,0.9425067211996143,0.05749327880038583,1.322050315368429,dann_matched,banglasarc3_binary+banglasarc_binary,ben_sarc_binary,123
72a39af532731732,0,0,1.5,-1.515625,0.9532750413739076,0.04672495862609242,1.322050315368429,dann_matched,banglasarc3_binary+banglasarc_binary,ben_sarc_binary,123
ea0dc698996fd8eb,1,0,1.59375,-1.609375,0.9609517072737735,0.03904829272622638,1.322050315368429,dann_matched,banglasarc3_binary+banglasarc_binary,ben_sarc_binary,123
e6a43fde2769f5da,1,0,1.484375,-1.6953125,0.9600626857930734,0.0399373142069266,1.322050315368429,dann_matched,banglasarc3_binary+banglasarc_binary,ben_sarc_binary,123
047156db91a9ab46,1,0,1.453125,-1.484375,0.9496693674025232,0.05033063259747688,1.322050315368429,dann_matched,banglasarc3_binary+banglasarc_binary,ben_sarc_binary,123
eaad42c4dcad5e41,1,0,1.46875,-1.4140625,0.9469902279841446,0.05300977201585542,1.322050315368429,dann_matched,banglasarc3_binary+banglasarc_binary,ben_sarc_binary,123
ec2f19c23b8cd672,1,1,-0.796875,0.49804688,0.21502089755574375,0.7849791024442563,1.322050315368429,dann_matched,banglasarc3_binary+banglasarc_binary,ben_sarc_binary,123
90ba7ca4397c7dc7,0,0,1.796875,-1.8671875,0.9750122054090997,0.024987794590900315,1.322050315368429,dann_matched,banglasarc3_binary+banglasarc_binary,ben_sarc_binary,123
12f7226ce02d667c,1,0,1.5,-1.4375,0.9496693674025232,0.05033063259747688,1.322050315368429,dann_matched,banglasarc3_binary+banglasarc_binary,ben_sarc_binary,123
63e1674cb6d7f871,1,0,1.46875,-1.484375,0.9504109770159683,0.04958902298403175,1.322050315368429,dann_matched,banglasarc3_binary+banglasarc_binary,ben_sarc_binary,123
63947a3eb6e72d81,0,0,1.5703125,-1.578125,0.9588471107825551,0.04115288921744485,1.322050315368429,dann_matched,banglasarc3_binary+banglasarc_binary,ben_sarc_binary,123
9e5aad8cad6c27d8,1,0,1.421875,-1.453125,0.9465966702001757,0.053403329799824234,1.322050315368429,dann_matched,banglasarc3_binary+banglasarc_binary,ben_sarc_binary,123
2e79511d9dad41df,1,0,1.3671875,-1.3125,0.9358173563909802,0.06418264360901972,1.322050315368429,dann_matched,banglasarc3_binary+banglasarc_binary,ben_sarc_binary,123
456f4f73eafdd8e2,0,0,1.4765625,-1.40625,0.9469902279841446,0.05300977201585542,1.322050315368429,dann_matched,banglasarc3_binary+banglasarc_binary,ben_sarc_binary,123
8dd63d4ca7ff02fb,0,0,1.484375,-1.5,0.9518632288833652,0.04813677111663481,1.322050315368429,dann_matched,banglasarc3_binary+banglasarc_binary,ben_sarc_binary,123
e5f1260a7298723e,1,1,-0.78125,0.44726562,0.22644133166358038,0.7735586683364196,1.322050315368429,dann_matched,banglasarc3_binary+banglasarc_binary,ben_sarc_binary,123
0e32ff7da1f86c49,0,0,0.71875,-1.0,0.8479677583778257,0.15203224162217424,1.322050315368429,dann_matched,banglasarc3_binary+banglasarc_binary,ben_sarc_binary,123
c325e93290d9cea6,1,0,1.5390625,-1.4375,0.9515039967560431,0.048496003243956885,1.322050315368429,dann_matched,banglasarc3_binary+banglasarc_binary,ben_sarc_binary,123
2e0696c0b5b5a823,0,0,1.5625,-1.4375,0.9525741268224334,0.04742587317756679,1.322050315368429,dann_matched,banglasarc3_binary+banglasarc_binary,ben_sarc_binary,123
cff2020efc41cd26,1,0,0.44726562,-0.59375,0.7390459240701083,0.2609540759298918,1.322050315368429,dann_matched,banglasarc3_binary+banglasarc_binary,ben_sarc_binary,123
61588be13aecec32,1,0,1.6015625,-1.4609375,0.9553191297273498,0.0446808702726502,1.322050315368429,dann_matched,banglasarc3_binary+banglasarc_binary,ben_sarc_binary,123
d84e3ce8dac79464,1,0,1.53125,-1.4140625,0.9500414759334155,0.0499585240665846,1.322050315368429,dann_matched,banglasarc3_binary+banglasarc_binary,ben_sarc_binary,123
f54bef3da9e64fe9,1,0,1.5546875,-1.5078125,0.9553191297273498,0.0446808702726502,1.322050315368429,dann_matched,banglasarc3_binary+banglasarc_binary,ben_sarc_binary,123
880187d548569d65,1,0,0.86328125,-1.0625,0.8727817323315137,0.12721826766848623,1.322050315368429,dann_matched,banglasarc3_binary+banglasarc_binary,ben_sarc_binary,123
e240470c2660f802,0,0,1.7890625,-1.921875,0.976129165047569,0.023870834952430912,1.322050315368429,dann_matched,banglasarc3_binary+banglasarc_binary,ben_sarc_binary,123
577918633f10d89f,0,0,0.08300781,-0.25585938,0.5839153230184654,0.4160846769815347,1.322050315368429,dann_matched,banglasarc3_binary+banglasarc_binary,ben_sarc_binary,123
753104ac34183612,0,0,1.5859375,-1.515625,0.9569571506599678,0.04304284934003218,1.322050315368429,dann_matched,banglasarc3_binary+banglasarc_binary,ben_sarc_binary,123
3014462f67b4f662,0,0,1.640625,-1.5546875,0.9606574967357419,0.03934250326425821,1.322050315368429,dann_matched,banglasarc3_binary+banglasarc_binary,ben_sarc_binary,123
7b4aa744bc12cdf8,0,0,1.671875,-1.7265625,0.9676556676188429,0.032344332381157095,1.322050315368429,dann_matched,banglasarc3_binary+banglasarc_binary,ben_sarc_binary,123
951514fe62e24dd6,0,0,1.59375,-1.6875,0.9637799441350253,0.036220055864974746,1.322050315368429,dann_matched,banglasarc3_binary+banglasarc_binary,ben_sarc_binary,123
88baa546a4499f27,0,0,1.265625,-1.296875,0.9284088005554476,0.07159119944455247,1.322050315368429,dann_matched,banglasarc3_binary+banglasarc_binary,ben_sarc_binary,123
cf516b9eb7b5b7b1,0,0,1.3984375,-1.5859375,0.9518632288833652,0.04813677111663481,1.322050315368429,dann_matched,banglasarc3_binary+banglasarc_binary,ben_sarc_binary,123
5dd835ede5bc949b,1,0,1.390625,-1.3671875,0.9403530570548787,0.0596469429451214,1.322050315368429,dann_matched,banglasarc3_binary+banglasarc_binary,ben_sarc_binary,123
cd1c69610e84598e,0,0,1.546875,-1.5859375,0.9582261192116938,0.04177388078830622,1.322050315368429,dann_matched,banglasarc3_binary+banglasarc_binary,ben_sarc_binary,123
471c5d8d55eb6ee2,1,1,-1.3359375,0.89453125,0.09704755697933022,0.9029524430206697,1.322050315368429,dann_matched,banglasarc3_binary+banglasarc_binary,ben_sarc_binary,123
76776d156bd19fc3,1,1,-0.83203125,0.51953125,0.20561503957001773,0.7943849604299823,1.322050315368429,dann_matched,banglasarc3_binary+banglasarc_binary,ben_sarc_binary,123
ae1d56be1145ec0b,1,0,1.4609375,-1.578125,0.9543079676184154,0.04569203238158463,1.322050315368429,dann_matched,banglasarc3_binary+banglasarc_binary,ben_sarc_binary,123
8a1531527272ca98,1,0,1.453125,-1.3515625,0.9429286027746023,0.057071397225397696,1.322050315368429,dann_matched,banglasarc3_binary+banglasarc_binary,ben_sarc_binary,123
a51842541a2f843b,0,0,1.6015625,-1.484375,0.956308939359532,0.04369106064046812,1.322050315368429,dann_matched,banglasarc3_binary+banglasarc_binary,ben_sarc_binary,123
995e97e026d9fefb,0,0,1.5,-1.359375,0.9458012701768145,0.05419872982318558,1.322050315368429,dann_matched,banglasarc3_binary+banglasarc_binary,ben_sarc_binary,123
38bfe4198ae4162d,1,0,1.5234375,-1.515625,0.9543079676184154,0.04569203238158463,1.322050315368429,dann_matched,banglasarc3_binary+banglasarc_binary,ben_sarc_binary,123
d41a7f545f89cf81,1,1,-1.4453125,1.09375,0.07316472140562331,0.9268352785943768,1.322050315368429,dann_matched,banglasarc3_binary+banglasarc_binary,ben_sarc_binary,123
5549bd2f3dc1da8f,0,0,1.453125,-1.34375,0.9425067211996143,0.05749327880038583,1.322050315368429,dann_matched,banglasarc3_binary+banglasarc_binary,ben_sarc_binary,123
4be6210265f08381,1,0,1.15625,-1.21875,0.9149009549929797,0.08509904500702024,1.322050315368429,dann_matched,banglasarc3_binary+banglasarc_binary,ben_sarc_binary,123
94955f30a018524a,1,0,1.4375,-1.4609375,0.9477691428985743,0.052230857101425734,1.322050315368429,dann_matched,banglasarc3_binary+banglasarc_binary,ben_sarc_binary,123
d4d8551979221bfc,0,0,1.546875,-1.46875,0.9532750413739076,0.04672495862609242,1.322050315368429,dann_matched,banglasarc3_binary+banglasarc_binary,ben_sarc_binary,123
58eebf885c378226,1,0,1.515625,-1.5390625,0.9549844683997677,0.04501553160023231,1.322050315368429,dann_matched,banglasarc3_binary+banglasarc_binary,ben_sarc_binary,123
ed777c63e29ce56d,0,0,1.4609375,-1.375,0.944587205618231,0.05541279438176918,1.322050315368429,dann_matched,banglasarc3_binary+banglasarc_binary,ben_sarc_binary,123
c6cc107968fcabde,1,0,1.4296875,-1.3828125,0.9433475746920261,0.05665242530797383,1.322050315368429,dann_matched,banglasarc3_binary+banglasarc_binary,ben_sarc_binary,123
abe442dec5e877cd,1,0,1.5390625,-1.4921875,0.9539660976007597,0.046033902399240385,1.322050315368429,dann_matched,banglasarc3_binary+banglasarc_binary,ben_sarc_binary,123
e7ef10fa4e6dbbf8,0,0,1.859375,-1.90625,0.9773707999669629,0.022629200033037256,1.322050315368429,dann_matched,banglasarc3_binary+banglasarc_binary,ben_sarc_binary,123
618ca0e6f0f4ec3f,1,0,1.46875,-1.515625,0.9518632288833652,0.04813677111663481,1.322050315368429,dann_matched,banglasarc3_binary+banglasarc_binary,ben_sarc_binary,123
e80fb1136d6abab1,1,1,-0.703125,0.3125,0.2658804730998169,0.734119526900183,1.322050315368429,dann_matched,banglasarc3_binary+banglasarc_binary,ben_sarc_binary,123
491a4bb732c6c6f2,0,0,1.453125,-1.4765625,0.9492946352021694,0.050705364797830506,1.322050315368429,dann_matched,banglasarc3_binary+banglasarc_binary,ben_sarc_binary,123
c328751b6d1e6867,0,0,1.0703125,-1.234375,0.909264512360149,0.09073548763985106,1.322050315368429,dann_matched,banglasarc3_binary+banglasarc_binary,ben_sarc_binary,123
4776159340ffb548,0,0,1.5390625,-1.578125,0.9575961713681533,0.04240382863184672,1.322050315368429,dann_matched,banglasarc3_binary+banglasarc_binary,ben_sarc_binary,123
aaafb9bacc146c5b,0,0,1.4765625,-1.5,0.9515039967560431,0.048496003243956885,1.322050315368429,dann_matched,banglasarc3_binary+banglasarc_binary,ben_sarc_binary,123
af266cabaaee3fbb,1,0,1.5859375,-1.671875,0.9629528313309248,0.037047168669075196,1.322050315368429,dann_matched,banglasarc3_binary+banglasarc_binary,ben_sarc_binary,123
ba9a18b3476da311,1,0,1.46875,-1.4765625,0.9500414759334155,0.0499585240665846,1.322050315368429,dann_matched,banglasarc3_binary+banglasarc_binary,ben_sarc_binary,123
5e178a96b400beb1,1,0,1.515625,-1.5078125,0.953621794005189,0.046378205994811086,1.322050315368429,dann_matched,banglasarc3_binary+banglasarc_binary,ben_sarc_binary,123
246d1e791f43cd2f,1,0,1.4765625,-1.5,0.9515039967560431,0.048496003243956885,1.322050315368429,dann_matched,banglasarc3_binary+banglasarc_binary,ben_sarc_binary,123
e72af63b117c43a2,0,0,1.8671875,-1.9140625,0.9777138144607745,0.022286185539225494,1.322050315368429,dann_matched,banglasarc3_binary+banglasarc_binary,ben_sarc_binary,123
eb0c44655132b227,1,0,1.515625,-1.453125,0.9511422213778251,0.048857778622174906,1.322050315368429,dann_matched,banglasarc3_binary+banglasarc_binary,ben_sarc_binary,123
f86d8d5f98d06df4,1,0,1.515625,-1.5390625,0.9549844683997677,0.04501553160023231,1.322050315368429,dann_matched,banglasarc3_binary+banglasarc_binary,ben_sarc_binary,123
80a27097e073b6a7,1,0,1.4921875,-1.453125,0.9500414759334155,0.0499585240665846,1.322050315368429,dann_matched,banglasarc3_binary+banglasarc_binary,ben_sarc_binary,123
d7dc461421d36e8c,0,0,0.48046875,-0.8203125,0.7859664367768047,0.2140335632231953,1.322050315368429,dann_matched,banglasarc3_binary+banglasarc_binary,ben_sarc_binary,123
6e13e9de2062b881,0,0,1.5078125,-1.4296875,0.9496693674025232,0.05033063259747688,1.322050315368429,dann_matched,banglasarc3_binary+banglasarc_binary,ben_sarc_binary,123
181d0c7fa0110c6e,0,0,1.4921875,-1.4296875,0.9489172630429474,0.05108273695705249,1.322050315368429,dann_matched,banglasarc3_binary+banglasarc_binary,ben_sarc_binary,123
ded7ec983d313278,1,1,-0.71875,0.3125,0.26284183737131667,0.7371581626286834,1.322050315368429,dann_matched,banglasarc3_binary+banglasarc_binary,ben_sarc_binary,123
47d9ae42b1788ddc,1,0,1.4453125,-1.4140625,0.9458012701768145,0.05419872982318558,1.322050315368429,dann_matched,banglasarc3_binary+banglasarc_binary,ben_sarc_binary,123
26d32b0c0f302edc,0,0,1.6640625,-1.546875,0.9612438064128053,0.03875619358719477,1.322050315368429,dann_matched,banglasarc3_binary+banglasarc_binary,ben_sarc_binary,123
6bdf215f53dbdff7,0,0,1.53125,-1.53125,0.9553191297273498,0.0446808702726502,1.322050315368429,dann_matched,banglasarc3_binary+banglasarc_binary,ben_sarc_binary,123
36a575559d044e7b,0,0,0.2734375,-0.5703125,0.6992544210587585,0.3007455789412415,1.322050315368429,dann_matched,banglasarc3_binary+banglasarc_binary,ben_sarc_binary,123
8957c28c418a696a,1,0,1.96875,-2.03125,0.9820137900379085,0.017986209962091555,1.322050315368429,dann_matched,banglasarc3_binary+banglasarc_binary,ben_sarc_binary,123
08f38301417ee4ab,1,0,1.3984375,-1.40625,0.9429286027746023,0.057071397225397696,1.322050315368429,dann_matched,banglasarc3_binary+banglasarc_binary,ben_sarc_binary,123
a68368f6f34e0915,0,0,1.8828125,-2.015625,0.980129286039598,0.019870713960402048,1.322050315368429,dann_matched,banglasarc3_binary+banglasarc_binary,ben_sarc_binary,123
c821819df22a5f84,1,0,1.46875,-1.4765625,0.9500414759334155,0.0499585240665846,1.322050315368429,dann_matched,banglasarc3_binary+banglasarc_binary,ben_sarc_binary,123
801e768dc7ac16d5,0,0,1.5,-1.4609375,0.9507778868028013,0.04922211319719861,1.322050315368429,dann_matched,banglasarc3_binary+banglasarc_binary,ben_sarc_binary,123
a0d7f2160f10eac2,1,0,1.484375,-1.546875,0.9539660976007597,0.046033902399240385,1.322050315368429,dann_matched,banglasarc3_binary+banglasarc_binary,ben_sarc_binary,123
a47f2df31acad004,1,0,1.546875,-1.515625,0.9553191297273498,0.0446808702726502,1.322050315368429,dann_matched,banglasarc3_binary+banglasarc_binary,ben_sarc_binary,123
a7daf355d7725de2,1,0,1.4765625,-1.515625,0.9522199336364293,0.047780066363570746,1.322050315368429,dann_matched,banglasarc3_binary+banglasarc_binary,ben_sarc_binary,123
7d1dfab7dca48691,1,0,1.5546875,-1.40625,0.9507778868028013,0.04922211319719861,1.322050315368429,dann_matched,banglasarc3_binary+banglasarc_binary,ben_sarc_binary,123
b8c050d218bf366b,1,0,1.4609375,-1.46875,0.9492946352021694,0.050705364797830506,1.322050315368429,dann_matched,banglasarc3_binary+banglasarc_binary,ben_sarc_binary,123
8cb46cd86bd134a3,0,0,1.453125,-1.4140625,0.946200356539936,0.053799643460063995,1.322050315368429,dann_matched,banglasarc3_binary+banglasarc_binary,ben_sarc_binary,123
8558c316cd9612cd,0,0,1.6328125,-1.6328125,0.9632305339244013,0.036769466075598736,1.322050315368429,dann_matched,banglasarc3_binary+banglasarc_binary,ben_sarc_binary,123
09351dffdf8b0607,0,0,1.546875,-1.515625,0.9553191297273498,0.0446808702726502,1.322050315368429,dann_matched,banglasarc3_binary+banglasarc_binary,ben_sarc_binary,123
61250f3cc4689cb7,0,0,1.1953125,-1.3125,0.9246876936763765,0.07531230632362355,1.322050315368429,dann_matched,banglasarc3_binary+banglasarc_binary,ben_sarc_binary,123
e4e7e91771eff1a4,0,0,1.6171875,-1.5390625,0.9591542840900507,0.040845715909949315,1.322050315368429,dann_matched,banglasarc3_binary+banglasarc_binary,ben_sarc_binary,123
d9ded33eccf6c37d,0,0,1.484375,-1.4140625,0.9477691428985743,0.052230857101425734,1.322050315368429,dann_matched,banglasarc3_binary+banglasarc_binary,ben_sarc_binary,123
470094ce6858de36,0,0,1.2578125,-1.3203125,0.9294404038127071,0.07055959618729296,1.322050315368429,dann_matched,banglasarc3_binary+banglasarc_binary,ben_sarc_binary,123
02fe30d5cd24159e,1,1,-0.67578125,0.33789062,0.2662618740342962,0.7337381259657038,1.322050315368429,dann_matched,banglasarc3_binary+banglasarc_binary,ben_sarc_binary,123
99770bbeee80c5ab,1,0,1.3515625,-1.2734375,0.9324533088603709,0.0675466911396291,1.322050315368429,dann_matched,banglasarc3_binary+banglasarc_binary,ben_sarc_binary,123
6ecd910fee8e35dd,0,0,1.46875,-1.5546875,0.953621794005189,0.046378205994811086,1.322050315368429,dann_matched,banglasarc3_binary+banglasarc_binary,ben_sarc_binary,123
d1953fcc6d82018c,0,0,1.4921875,-1.4375,0.9492946352021694,0.050705364797830506,1.322050315368429,dann_matched,banglasarc3_binary+banglasarc_binary,ben_sarc_binary,123
3bd3ab3e8765e0d1,0,0,0.75,-1.0234375,0.8548846370796298,0.14511536292037017,1.322050315368429,dann_matched,banglasarc3_binary+banglasarc_binary,ben_sarc_binary,123
d628c03578eaccfd,0,0,1.640625,-1.515625,0.9591542840900507,0.040845715909949315,1.322050315368429,dann_matched,banglasarc3_binary+banglasarc_binary,ben_sarc_binary,123
2ed2fd063dc77a99,1,0,1.453125,-1.4609375,0.9485372345673925,0.05146276543260743,1.322050315368429,dann_matched,banglasarc3_binary+banglasarc_binary,ben_sarc_binary,123
3d4a72d15f8726f9,1,1,-0.78125,0.43164062,0.2291899878313013,0.7708100121686987,1.322050315368429,dann_matched,banglasarc3_binary+banglasarc_binary,ben_sarc_binary,123
afea348b153fc04a,1,0,1.484375,-1.5390625,0.953621794005189,0.046378205994811086,1.322050315368429,dann_matched,banglasarc3_binary+banglasarc_binary,ben_sarc_binary,123
52b97671e8cb7168,0,1,-1.1875,0.8671875,0.11357959169117389,0.8864204083088262,1.322050315368429,dann_matched,banglasarc3_binary+banglasarc_binary,ben_sarc_binary,123
806e167ec2bc18d8,1,0,1.5546875,-1.6171875,0.9597620573763841,0.04023794262361602,1.322050315368429,dann_matched,banglasarc3_binary+banglasarc_binary,ben_sarc_binary,123
bf32380acd7f0d28,1,0,1.328125,-1.53125,0.9458012701768145,0.05419872982318558,1.322050315368429,dann_matched,banglasarc3_binary+banglasarc_binary,ben_sarc_binary,123
8076c5abb6f59f26,0,0,1.5234375,-1.4140625,0.9496693674025232,0.05033063259747688,1.322050315368429,dann_matched,banglasarc3_binary+banglasarc_binary,ben_sarc_binary,123
ce3c56940b751b30,0,0,0.7265625,-0.95703125,0.843379816636549,0.156620183363451,1.322050315368429,dann_matched,banglasarc3_binary+banglasarc_binary,ben_sarc_binary,123
99f3d69525c43280,0,0,1.515625,-1.546875,0.9553191297273498,0.0446808702726502,1.322050315368429,dann_matched,banglasarc3_binary+banglasarc_binary,ben_sarc_binary,123
6c0355df430df773,1,1,-1.6484375,1.1875,0.05541279438176918,0.944587205618231,1.322050315368429,dann_matched,banglasarc3_binary+banglasarc_binary,ben_sarc_binary,123
669d0e4299777505,0,1,-0.70703125,0.12207031,0.30383507356735534,0.6961649264326446,1.322050315368429,dann_matched,banglasarc3_binary+banglasarc_binary,ben_sarc_binary,123
33e442ef33fc93c4,1,1,-0.58203125,0.40820312,0.27086578668548367,0.7291342133145163,1.322050315368429,dann_matched,banglasarc3_binary+banglasarc_binary,ben_sarc_binary,123
9c40b4e92b8c151c,0,0,1.46875,-1.4375,0.94815453335022,0.05184546664977983,1.322050315368429,dann_matched,banglasarc3_binary+banglasarc_binary,ben_sarc_binary,123
76c60a956fa168f0,1,1,-0.25390625,0.036621094,0.4278747694917358,0.5721252305082641,1.322050315368429,dann_matched,banglasarc3_binary+banglasarc_binary,ben_sarc_binary,123
393fa61bae9ba141,1,0,0.39257812,-0.6796875,0.7450275362362425,0.2549724637637575,1.322050315368429,dann_matched,banglasarc3_binary+banglasarc_binary,ben_sarc_binary,123
2e7351d21a59cc13,0,0,1.5078125,-1.4453125,0.9504109770159683,0.04958902298403175,1.322050315368429,dann_matched,banglasarc3_binary+banglasarc_binary,ben_sarc_binary,123
77f53b55d3bd5f95,1,0,1.6171875,-1.703125,0.9651191130633208,0.034880886936679296,1.322050315368429,dann_matched,banglasarc3_binary+banglasarc_binary,ben_sarc_binary,123
3277eb3d2d74bef1,1,0,1.4765625,-1.46875,0.9500414759334155,0.0499585240665846,1.322050315368429,dann_matched,banglasarc3_binary+banglasarc_binary,ben_sarc_binary,123
e7bdc14db9a5d74a,0,0,1.5,-1.546875,0.9546474194456936,0.04535258055430642,1.322050315368429,dann_matched,banglasarc3_binary+banglasarc_binary,ben_sarc_binary,123
9c0337a8bdea076e,0,0,2.15625,-2.140625,0.9865717452580314,0.013428254741968517,1.322050315368429,dann_matched,banglasarc3_binary+banglasarc_binary,ben_sarc_binary,123
cdf80e95293854f1,1,0,1.4375,-1.34375,0.941654159388319,0.05834584061168106,1.322050315368429,dann_matched,banglasarc3_binary+banglasarc_binary,ben_sarc_binary,123
87c03acdd0e24bdc,1,0,1.4375,-1.5,0.9496693674025232,0.05033063259747688,1.322050315368429,dann_matched,banglasarc3_binary+banglasarc_binary,ben_sarc_binary,123
15e00cfc7020abd8,0,0,1.4453125,-1.3125,0.9403530570548787,0.0596469429451214,1.322050315368429,dann_matched,banglasarc3_binary+banglasarc_binary,ben_sarc_binary,123
3da5af65f348a8eb,1,0,0.8125,-0.9765625,0.8568122978174237,0.1431877021825763,1.322050315368429,dann_matched,banglasarc3_binary+banglasarc_binary,ben_sarc_binary,123
4316f90245e6463c,0,0,1.90625,-2.0,0.9802808718926534,0.01971912810734659,1.322050315368429,dann_matched,banglasarc3_binary+banglasarc_binary,ben_sarc_binary,123
26e65b27449659b8,0,0,1.46875,-1.5078125,0.9515039967560431,0.048496003243956885,1.322050315368429,dann_matched,banglasarc3_binary+banglasarc_binary,ben_sarc_binary,123
a575451b666a6c20,1,0,1.46875,-1.5546875,0.953621794005189,0.046378205994811086,1.322050315368429,dann_matched,banglasarc3_binary+banglasarc_binary,ben_sarc_binary,123
296f48a5337352c6,1,0,1.4453125,-1.40625,0.9453993942183476,0.05460060578165237,1.322050315368429,dann_matched,banglasarc3_binary+banglasarc_binary,ben_sarc_binary,123
e25e06f895bda40e,0,0,1.4453125,-1.515625,0.9507778868028013,0.04922211319719861,1.322050315368429,dann_matched,banglasarc3_binary+banglasarc_binary,ben_sarc_binary,123
5d2d41793456843d,1,0,1.1640625,-1.28125,0.9202179865359069,0.079782013464093,1.322050315368429,dann_matched,banglasarc3_binary+banglasarc_binary,ben_sarc_binary,123
3a24743dbe785e9e,0,0,1.5,-1.453125,0.9504109770159683,0.04958902298403175,1.322050315368429,dann_matched,banglasarc3_binary+banglasarc_binary,ben_sarc_binary,123
dbb64915ab20375d,0,0,1.640625,-1.4921875,0.9582261192116938,0.04177388078830622,1.322050315368429,dann_matched,banglasarc3_binary+banglasarc_binary,ben_sarc_binary,123
50e9dfa8be5f81b9,1,1,-0.8203125,0.49414062,0.21174262924480614,0.7882573707551939,1.322050315368429,dann_matched,banglasarc3_binary+banglasarc_binary,ben_sarc_binary,123
f23da6cf595998f7,0,0,1.703125,-1.546875,0.9626731126558706,0.037326887344129464,1.322050315368429,dann_matched,banglasarc3_binary+banglasarc_binary,ben_sarc_binary,123
bf48f1c5c11a4284,1,0,1.65625,-1.5234375,0.9600626857930734,0.0399373142069266,1.322050315368429,dann_matched,banglasarc3_binary+banglasarc_binary,ben_sarc_binary,123
85623c52ad02f570,1,0,1.6171875,-1.5078125,0.9579122720843811,0.04208772791561884,1.322050315368429,dann_matched,banglasarc3_binary+banglasarc_binary,ben_sarc_binary,123
acecbaa5b0a6173f,1,0,1.578125,-1.5390625,0.9575961713681533,0.04240382863184672,1.322050315368429,dann_matched,banglasarc3_binary+banglasarc_binary,ben_sarc_binary,123
0eb117a203db2c49,0,0,1.453125,-1.453125,0.94815453335022,0.05184546664977983,1.322050315368429,dann_matched,banglasarc3_binary+banglasarc_binary,ben_sarc_binary,123
a33c01eb86ca711c,0,0,1.0078125,-1.0703125,0.888758793492457,0.11124120650754304,1.322050315368429,dann_matched,banglasarc3_binary+banglasarc_binary,ben_sarc_binary,123
163ec6d0c28ebb90,1,0,0.12695312,-0.29101562,0.60299708755587,0.39700291244413005,1.322050315368429,dann_matched,banglasarc3_binary+banglasarc_binary,ben_sarc_binary,123
0e192e6a3dd3e525,1,0,1.5546875,-1.5078125,0.9553191297273498,0.0446808702726502,1.322050315368429,dann_matched,banglasarc3_binary+banglasarc_binary,ben_sarc_binary,123
99974bae6d5d1ca1,1,1,-0.49804688,0.28125,0.31447144537827953,0.6855285546217205,1.322050315368429,dann_matched,banglasarc3_binary+banglasarc_binary,ben_sarc_binary,123
08c0cf7c044143b0,1,0,0.86328125,-1.1484375,0.8820219914046175,0.11797800859538259,1.322050315368429,dann_matched,banglasarc3_binary+banglasarc_binary,ben_sarc_binary,123
31d87654219eab4b,1,1,-0.84375,0.59375,0.19193278644723683,0.8080672135527632,1.322050315368429,dann_matched,banglasarc3_binary+banglasarc_binary,ben_sarc_binary,123
d642aac6e6a2638f,0,0,1.984375,-2.09375,0.983342959990771,0.01665704000922906,1.322050315368429,dann_matched,banglasarc3_binary+banglasarc_binary,ben_sarc_binary,123
00e55e28adaa640c,1,1,-2.1875,1.8203125,0.017848738449988986,0.982151261550011,1.322050315368429,dann_matched,banglasarc3_binary+banglasarc_binary,ben_sarc_binary,123
6f515b96f4b5d8fa,1,1,-1.265625,0.93359375,0.09982066756762313,0.9001793324323768,1.322050315368429,dann_matched,banglasarc3_binary+banglasarc_binary,ben_sarc_binary,123
1a206fd652c5074e,0,0,2.390625,-2.296875,0.9908743626108194,0.00912563738918052,1.322050315368429,dann_matched,banglasarc3_binary+banglasarc_binary,ben_sarc_binary,123
50d9a02c9233367d,1,0,1.5078125,-1.390625,0.9477691428985743,0.052230857101425734,1.322050315368429,dann_matched,banglasarc3_binary+banglasarc_binary,ben_sarc_binary,123
2d33f3dcf3ae3bea,0,0,1.53125,-1.46875,0.9525741268224334,0.04742587317756679,1.322050315368429,dann_matched,banglasarc3_binary+banglasarc_binary,ben_sarc_binary,123
68bedcbe2995f174,1,0,1.4921875,-1.4296875,0.9489172630429474,0.05108273695705249,1.322050315368429,dann_matched,banglasarc3_binary+banglasarc_binary,ben_sarc_binary,123
a0828cefa6fe6f1b,1,0,1.5234375,-1.375,0.9477691428985743,0.052230857101425734,1.322050315368429,dann_matched,banglasarc3_binary+banglasarc_binary,ben_sarc_binary,123
7354bd1ac13b6925,1,0,1.5390625,-1.5625,0.9569571506599678,0.04304284934003218,1.322050315368429,dann_matched,banglasarc3_binary+banglasarc_binary,ben_sarc_binary,123
2fd7632c3e71df39,0,0,1.5078125,-1.4609375,0.9511422213778251,0.048857778622174906,1.322050315368429,dann_matched,banglasarc3_binary+banglasarc_binary,ben_sarc_binary,123
7823d71067cefd12,0,0,1.484375,-1.4609375,0.9500414759334155,0.0499585240665846,1.322050315368429,dann_matched,banglasarc3_binary+banglasarc_binary,ben_sarc_binary,123
3b78053ea28040d8,0,0,1.5,-1.4921875,0.9522199336364293,0.047780066363570746,1.322050315368429,dann_matched,banglasarc3_binary+banglasarc_binary,ben_sarc_binary,123
e1dd29af3c81a5e2,1,0,0.7109375,-0.89453125,0.8327813311689884,0.16721866883101164,1.322050315368429,dann_matched,banglasarc3_binary+banglasarc_binary,ben_sarc_binary,123
e90d1367a4f5197f,0,0,0.72265625,-1.03125,0.8524448171983366,0.1475551828016634,1.322050315368429,dann_matched,banglasarc3_binary+banglasarc_binary,ben_sarc_binary,123
afd7951837cd0474,1,0,1.765625,-1.6328125,0.9676556676188429,0.032344332381157095,1.322050315368429,dann_matched,banglasarc3_binary+banglasarc_binary,ben_sarc_binary,123
58cc035024e524d4,1,0,1.4609375,-1.4140625,0.9465966702001757,0.053403329799824234,1.322050315368429,dann_matched,banglasarc3_binary+banglasarc_binary,ben_sarc_binary,123
3a6bf39515b36632,0,0,1.4140625,-1.4375,0.9453993942183476,0.05460060578165237,1.322050315368429,dann_matched,banglasarc3_binary+banglasarc_binary,ben_sarc_binary,123
e4f78fcea9856b83,0,0,0.8515625,-1.0859375,0.8740772351648677,0.12592276483513232,1.322050315368429,dann_matched,banglasarc3_binary+banglasarc_binary,ben_sarc_binary,123
31ec857d9584f7b1,0,0,2.015625,-1.9765625,0.9818752792555313,0.018124720744468643,1.322050315368429,dann_matched,banglasarc3_binary+banglasarc_binary,ben_sarc_binary,123
5587949873b3c4e1,1,1,-0.9609375,0.734375,0.15507847160659358,0.8449215283934065,1.322050315368429,dann_matched,banglasarc3_binary+banglasarc_binary,ben_sarc_binary,123
c8f355b8651f0601,1,1,-1.578125,1.265625,0.05500528829345415,0.9449947117065459,1.322050315368429,dann_matched,banglasarc3_binary+banglasarc_binary,ben_sarc_binary,123
971edf15fd1a4182,0,1,-1.1484375,0.82421875,0.12210386546882639,0.8778961345311737,1.322050315368429,dann_matched,banglasarc3_binary+banglasarc_binary,ben_sarc_binary,123
6d187a4904ec6e6e,0,0,1.7109375,-1.6328125,0.9658995742876885,0.03410042571231151,1.322050315368429,dann_matched,banglasarc3_binary+banglasarc_binary,ben_sarc_binary,123
3ee8ec8d30459811,0,1,-0.77734375,0.35742188,0.24328269433676913,0.7567173056632309,1.322050315368429,dann_matched,banglasarc3_binary+banglasarc_binary,ben_sarc_binary,123
95ee0d8edd0b1333,1,0,1.453125,-1.4453125,0.9477691428985743,0.052230857101425734,1.322050315368429,dann_matched,banglasarc3_binary+banglasarc_binary,ben_sarc_binary,123
1a46fc538295aa64,0,0,1.5078125,-1.5234375,0.9539660976007597,0.046033902399240385,1.322050315368429,dann_matched,banglasarc3_binary+banglasarc_binary,ben_sarc_binary,123
b83b500b622b8e42,1,0,1.390625,-1.34375,0.9390248191350352,0.06097518086496481,1.322050315368429,dann_matched,banglasarc3_binary+banglasarc_binary,ben_sarc_binary,123
6c96918054701fa2,0,0,1.3046875,-1.546875,0.9453993942183476,0.05460060578165237,1.322050315368429,dann_matched,banglasarc3_binary+banglasarc_binary,ben_sarc_binary,123
2894fad504f305e4,0,0,1.90625,-1.875,0.9777138144607745,0.022286185539225494,1.322050315368429,dann_matched,banglasarc3_binary+banglasarc_binary,ben_sarc_binary,123
c3880cafb7f02c26,1,1,-1.1640625,0.6640625,0.13846179056896438,0.8615382094310357,1.322050315368429,dann_matched,banglasarc3_binary+banglasarc_binary,ben_sarc_binary,123
fcc19c3e98558daa,0,0,1.59375,-1.5078125,0.9569571506599678,0.04304284934003218,1.322050315368429,dann_matched,banglasarc3_binary+banglasarc_binary,ben_sarc_binary,123
02b51440012cb145,1,0,1.4453125,-1.3046875,0.9399133498259924,0.06008665017400762,1.322050315368429,dann_matched,banglasarc3_binary+banglasarc_binary,ben_sarc_binary,123
d3e6db5922ec9577,1,0,1.546875,-1.4296875,0.9515039967560431,0.048496003243956885,1.322050315368429,dann_matched,banglasarc3_binary+banglasarc_binary,ben_sarc_binary,123
a3a10b4baa365c87,0,0,1.4765625,-1.4609375,0.9496693674025232,0.05033063259747688,1.322050315368429,dann_matched,banglasarc3_binary+banglasarc_binary,ben_sarc_binary,123
f16d6392095c9387,1,0,1.5078125,-1.5234375,0.9539660976007597,0.046033902399240385,1.322050315368429,dann_matched,banglasarc3_binary+banglasarc_binary,ben_sarc_binary,123
ac1bc0e81cebfb08,1,0,1.53125,-1.4609375,0.9522199336364293,0.047780066363570746,1.322050315368429,dann_matched,banglasarc3_binary+banglasarc_binary,ben_sarc_binary,123
b84bda6738018769,1,0,1.5078125,-1.4765625,0.9518632288833652,0.04813677111663481,1.322050315368429,dann_matched,banglasarc3_binary+banglasarc_binary,ben_sarc_binary,123
543c8396065cc1ef,1,0,1.5078125,-1.4140625,0.9489172630429474,0.05108273695705249,1.322050315368429,dann_matched,banglasarc3_binary+banglasarc_binary,ben_sarc_binary,123
16a411262b10bfb7,1,0,1.4296875,-1.3203125,0.9399133498259924,0.06008665017400762,1.322050315368429,dann_matched,banglasarc3_binary+banglasarc_binary,ben_sarc_binary,123
c90c42f418c363ef,0,0,1.5859375,-1.765625,0.9661559646595075,0.03384403534049258,1.322050315368429,dann_matched,banglasarc3_binary+banglasarc_binary,ben_sarc_binary,123
fc861ce8519acbea,0,0,1.5390625,-1.3828125,0.9489172630429474,0.05108273695705249,1.322050315368429,dann_matched,banglasarc3_binary+banglasarc_binary,ben_sarc_binary,123
92ddeaba32da5b6b,1,0,1.4453125,-1.328125,0.9412234441519332,0.05877655584806683,1.322050315368429,dann_matched,banglasarc3_binary+banglasarc_binary,ben_sarc_binary,123
58326028f8a3df28,1,0,1.25,-1.171875,0.9184802440252811,0.08151975597471893,1.322050315368429,dann_matched,banglasarc3_binary+banglasarc_binary,ben_sarc_binary,123
51af88579925531d,1,0,1.3203125,-1.3984375,0.9381240142763573,0.061875985723642724,1.322050315368429,dann_matched,banglasarc3_binary+banglasarc_binary,ben_sarc_binary,123
50f5307adf89931c,1,0,1.53125,-1.4453125,0.9515039967560431,0.048496003243956885,1.322050315368429,dann_matched,banglasarc3_binary+banglasarc_binary,ben_sarc_binary,123
65ccf54f4abe42e3,0,0,1.3984375,-1.421875,0.9437636542955161,0.056236345704483756,1.322050315368429,dann_matched,banglasarc3_binary+banglasarc_binary,ben_sarc_binary,123
032bf8af587cd20f,1,1,-1.2734375,0.94921875,0.09773431959046293,0.9022656804095371,1.322050315368429,dann_matched,banglasarc3_binary+banglasarc_binary,ben_sarc_binary,123
9e4c454bbafaece1,0,0,1.9921875,-2.09375,0.9834704434423458,0.01652955655765428,1.322050315368429,dann_matched,banglasarc3_binary+banglasarc_binary,ben_sarc_binary,123
632046363483a1c9,0,0,1.5390625,-1.5,0.9543079676184154,0.04569203238158463,1.322050315368429,dann_matched,banglasarc3_binary+banglasarc_binary,ben_sarc_binary,123
c9a7b59c96d4dc1d,0,0,1.515625,-1.5859375,0.9569571506599678,0.04304284934003218,1.322050315368429,dann_matched,banglasarc3_binary+banglasarc_binary,ben_sarc_binary,123
3e51a65a5a5c567f,1,0,1.5,-1.4453125,0.9500414759334155,0.0499585240665846,1.322050315368429,dann_matched,banglasarc3_binary+banglasarc_binary,ben_sarc_binary,123
92dac87155b2f212,0,0,1.53125,-1.484375,0.9532750413739076,0.04672495862609242,1.322050315368429,dann_matched,banglasarc3_binary+banglasarc_binary,ben_sarc_binary,123
8851ca668a2b5d7f,1,1,-1.1953125,0.85546875,0.1139734641137174,0.8860265358862826,1.322050315368429,dann_matched,banglasarc3_binary+banglasarc_binary,ben_sarc_binary,123
1e6dc4930311ebf6,1,0,1.5078125,-1.421875,0.9492946352021694,0.050705364797830506,1.322050315368429,dann_matched,banglasarc3_binary+banglasarc_binary,ben_sarc_binary,123
f7ebac2cf970e5dd,0,0,1.484375,-1.4375,0.9489172630429474,0.05108273695705249,1.322050315368429,dann_matched,banglasarc3_binary+banglasarc_binary,ben_sarc_binary,123
f84f93c89272f94e,1,0,1.46875,-1.390625,0.9458012701768145,0.05419872982318558,1.322050315368429,dann_matched,banglasarc3_binary+banglasarc_binary,ben_sarc_binary,123
818ec2e2c9141157,0,0,1.515625,-1.4609375,0.9515039967560431,0.048496003243956885,1.322050315368429,dann_matched,banglasarc3_binary+banglasarc_binary,ben_sarc_binary,123
c8a1ca35b6ef38f2,0,0,1.625,-1.5,0.9579122720843811,0.04208772791561884,1.322050315368429,dann_matched,banglasarc3_binary+banglasarc_binary,ben_sarc_binary,123
a5a880a0f1d5efeb,0,0,0.45507812,-0.625,0.7465087674839027,0.25349123251609723,1.322050315368429,dann_matched,banglasarc3_binary+banglasarc_binary,ben_sarc_binary,123
e365e33031752fe1,1,1,-1.3515625,0.953125,0.09073548763985106,0.909264512360149,1.322050315368429,dann_matched,banglasarc3_binary+banglasarc_binary,ben_sarc_binary,123
f19ca452459dfc3c,1,0,1.4375,-1.4140625,0.9453993942183476,0.05460060578165237,1.322050315368429,dann_matched,banglasarc3_binary+banglasarc_binary,ben_sarc_binary,123
c9177d8c114b4b31,0,0,1.5234375,-1.4921875,0.9532750413739076,0.04672495862609242,1.322050315368429,dann_matched,banglasarc3_binary+banglasarc_binary,ben_sarc_binary,123
53127fd8df7d8c49,0,0,1.5390625,-1.4921875,0.9539660976007597,0.046033902399240385,1.322050315368429,dann_matched,banglasarc3_binary+banglasarc_binary,ben_sarc_binary,123
9a828ef4a8741fb4,0,0,1.625,-1.484375,0.9572778024535095,0.042722197546490565,1.322050315368429,dann_matched,banglasarc3_binary+banglasarc_binary,ben_sarc_binary,123
edaa64401be8a8ed,0,1,-0.60546875,0.21289062,0.3061120299791845,0.6938879700208154,1.322050315368429,dann_matched,banglasarc3_binary+banglasarc_binary,ben_sarc_binary,123
df56b45785221797,0,0,0.91796875,-1.2109375,0.8936811302242426,0.10631886977575758,1.322050315368429,dann_matched,banglasarc3_binary+banglasarc_binary,ben_sarc_binary,123
736ce41481eb2bb3,0,0,1.578125,-1.484375,0.9553191297273498,0.0446808702726502,1.322050315368429,dann_matched,banglasarc3_binary+banglasarc_binary,ben_sarc_binary,123
045c5ddeb1f9fff3,1,0,1.484375,-1.4453125,0.9492946352021694,0.050705364797830506,1.322050315368429,dann_matched,banglasarc3_binary+banglasarc_binary,ben_sarc_binary,123
95fee2616b65305c,0,0,0.40234375,-0.64453125,0.7401743620390163,0.2598256379609837,1.322050315368429,dann_matched,banglasarc3_binary+banglasarc_binary,ben_sarc_binary,123
8c1d1d5281172311,1,0,1.515625,-1.5078125,0.953621794005189,0.046378205994811086,1.322050315368429,dann_matched,banglasarc3_binary+banglasarc_binary,ben_sarc_binary,123
d2b6264552012f48,0,0,1.5078125,-1.4609375,0.9511422213778251,0.048857778622174906,1.322050315368429,dann_matched,banglasarc3_binary+banglasarc_binary,ben_sarc_binary,123
896149c9dd8bd8ba,1,0,1.40625,-1.4609375,0.946200356539936,0.053799643460063995,1.322050315368429,dann_matched,banglasarc3_binary+banglasarc_binary,ben_sarc_binary,123
d278c0df591aa156,1,0,1.6015625,-1.5859375,0.96036116089903,0.039638839100970026,1.322050315368429,dann_matched,banglasarc3_binary+banglasarc_binary,ben_sarc_binary,123
4aeaa7540bdbf817,1,0,1.4140625,-1.4140625,0.9441768588653856,0.05582314113461443,1.322050315368429,dann_matched,banglasarc3_binary+banglasarc_binary,ben_sarc_binary,123
c7488275254ff100,1,0,1.4375,-1.4609375,0.9477691428985743,0.052230857101425734,1.322050315368429,dann_matched,banglasarc3_binary+banglasarc_binary,ben_sarc_binary,123
0157e33ead7b5eba,0,0,1.5,-1.5,0.9525741268224334,0.04742587317756679,1.322050315368429,dann_matched,banglasarc3_binary+banglasarc_binary,ben_sarc_binary,123
7ecbd75ded167344,0,0,0.76953125,-0.85546875,0.8354835371034369,0.1645164628965632,1.322050315368429,dann_matched,banglasarc3_binary+banglasarc_binary,ben_sarc_binary,123
a48ea98eeb78e278,0,0,0.20507812,-0.31835938,0.6279512168265432,0.3720487831734568,1.322050315368429,dann_matched,banglasarc3_binary+banglasarc_binary,ben_sarc_binary,123
fc601c22f26097d9,1,0,1.546875,-1.421875,0.9511422213778251,0.048857778622174906,1.322050315368429,dann_matched,banglasarc3_binary+banglasarc_binary,ben_sarc_binary,123
80c93190b5d254b2,0,0,1.390625,-1.6015625,0.9522199336364293,0.047780066363570746,1.322050315368429,dann_matched,banglasarc3_binary+banglasarc_binary,ben_sarc_binary,123
a840a75eb71fc4f4,1,0,1.4921875,-1.4609375,0.9504109770159683,0.04958902298403175,1.322050315368429,dann_matched,banglasarc3_binary+banglasarc_binary,ben_sarc_binary,123
c7ae42e8d720c562,0,0,1.453125,-1.515625,0.9511422213778251,0.048857778622174906,1.322050315368429,dann_matched,banglasarc3_binary+banglasarc_binary,ben_sarc_binary,123
541f4c45357136cc,1,0,1.53125,-1.4921875,0.953621794005189,0.046378205994811086,1.322050315368429,dann_matched,banglasarc3_binary+banglasarc_binary,ben_sarc_binary,123
d045677493dc9283,0,0,1.7109375,-1.890625,0.9734434290045008,0.02655657099549924,1.322050315368429,dann_matched,banglasarc3_binary+banglasarc_binary,ben_sarc_binary,123
d933ac9619936720,1,0,1.453125,-1.421875,0.9465966702001757,0.053403329799824234,1.322050315368429,dann_matched,banglasarc3_binary+banglasarc_binary,ben_sarc_binary,123
84cfd436b87d0ec4,1,0,1.7578125,-1.890625,0.9746286885255978,0.02537131147440214,1.322050315368429,dann_matched,banglasarc3_binary+banglasarc_binary,ben_sarc_binary,123
d2b8a293fa172ec7,0,0,1.6171875,-1.578125,0.9606574967357419,0.03934250326425821,1.322050315368429,dann_matched,banglasarc3_binary+banglasarc_binary,ben_sarc_binary,123
021e051b64561891,1,0,1.609375,-1.3828125,0.9522199336364293,0.047780066363570746,1.322050315368429,dann_matched,banglasarc3_binary+banglasarc_binary,ben_sarc_binary,123
5301f73ca8d74107,1,0,1.59375,-1.6328125,0.9618217257384336,0.03817827426156642,1.322050315368429,dann_matched,banglasarc3_binary+banglasarc_binary,ben_sarc_binary,123
b49d70fd78ede4c6,0,0,1.296875,-1.2265625,0.9257686295391643,0.07423137046083579,1.322050315368429,dann_matched,banglasarc3_binary+banglasarc_binary,ben_sarc_binary,123
9cda2653e403c2e9,0,0,1.46875,-1.453125,0.9489172630429474,0.05108273695705249,1.322050315368429,dann_matched,banglasarc3_binary+banglasarc_binary,ben_sarc_binary,123
841a6949b319b251,1,0,1.453125,-1.3984375,0.9453993942183476,0.05460060578165237,1.322050315368429,dann_matched,banglasarc3_binary+banglasarc_binary,ben_sarc_binary,123
6bbcf172b292cd6d,1,0,1.6328125,-1.6640625,0.9643214491222695,0.035678550877730524,1.322050315368429,dann_matched,banglasarc3_binary+banglasarc_binary,ben_sarc_binary,123
3e027c91a104770b,0,0,1.5078125,-1.4453125,0.9504109770159683,0.04958902298403175,1.322050315368429,dann_matched,banglasarc3_binary+banglasarc_binary,ben_sarc_binary,123
68f9123bfec71d57,1,0,1.625,-1.6484375,0.9635062337709722,0.0364937662290278,1.322050315368429,dann_matched,banglasarc3_binary+banglasarc_binary,ben_sarc_binary,123
f272602a8f034298,1,0,1.5234375,-1.3515625,0.9465966702001757,0.053403329799824234,1.322050315368429,dann_matched,banglasarc3_binary+banglasarc_binary,ben_sarc_binary,123
6d733b9c9c6feb8f,0,1,-1.984375,1.6328125,0.02615561835382285,0.9738443816461771,1.322050315368429,dann_matched,banglasarc3_binary+banglasarc_binary,ben_sarc_binary,123
db1f43125664d07f,1,0,1.4375,-1.4375,0.9465966702001757,0.053403329799824234,1.322050315368429,dann_matched,banglasarc3_binary+banglasarc_binary,ben_sarc_binary,123
24dec352ddf92966,1,0,1.3671875,-1.25,0.9319595797274409,0.06804042027255897,1.322050315368429,dann_matched,banglasarc3_binary+banglasarc_binary,ben_sarc_binary,123
36a65ba2b1a7cf00,1,0,1.578125,-1.46875,0.9546474194456936,0.04535258055430642,1.322050315368429,dann_matched,banglasarc3_binary+banglasarc_binary,ben_sarc_binary,123
a88110e3a748a1cf,0,0,1.4765625,-1.453125,0.9492946352021694,0.050705364797830506,1.322050315368429,dann_matched,banglasarc3_binary+banglasarc_binary,ben_sarc_binary,123
c147199c93bf670e,0,0,1.5390625,-1.7890625,0.9653811611608242,0.03461883883917583,1.322050315368429,dann_matched,banglasarc3_binary+banglasarc_binary,ben_sarc_binary,123
c40a4cd091c896f9,0,0,1.625,-1.53125,0.9591542840900507,0.040845715909949315,1.322050315368429,dann_matched,banglasarc3_binary+banglasarc_binary,ben_sarc_binary,123
2d2dc24c20f9147b,0,0,1.53125,-1.4453125,0.9515039967560431,0.048496003243956885,1.322050315368429,dann_matched,banglasarc3_binary+banglasarc_binary,ben_sarc_binary,123
016a5c74d9922f92,1,0,1.484375,-1.46875,0.9504109770159683,0.04958902298403175,1.322050315368429,dann_matched,banglasarc3_binary+banglasarc_binary,ben_sarc_binary,123
af4ec0b56b30fb18,1,0,1.515625,-1.4375,0.9504109770159683,0.04958902298403175,1.322050315368429,dann_matched,banglasarc3_binary+banglasarc_binary,ben_sarc_binary,123
050f144c14233a4f,0,0,1.5546875,-1.484375,0.9543079676184154,0.04569203238158463,1.322050315368429,dann_matched,banglasarc3_binary+banglasarc_binary,ben_sarc_binary,123
adf047c6d013036b,0,0,1.453125,-1.421875,0.9465966702001757,0.053403329799824234,1.322050315368429,dann_matched,banglasarc3_binary+banglasarc_binary,ben_sarc_binary,123
8b596fb0ed016e12,1,1,-0.5234375,0.21875,0.3225259830643727,0.6774740169356273,1.322050315368429,dann_matched,banglasarc3_binary+banglasarc_binary,ben_sarc_binary,123
dfd4dc6c49311ccf,1,1,-0.89453125,0.60546875,0.18242552380635632,0.8175744761936437,1.322050315368429,dann_matched,banglasarc3_binary+banglasarc_binary,ben_sarc_binary,123
12616cc610bd6f5e,1,0,1.4765625,-1.359375,0.944587205618231,0.05541279438176918,1.322050315368429,dann_matched,banglasarc3_binary+banglasarc_binary,ben_sarc_binary,123
dea05bdef063844e,0,1,-1.8046875,1.4375,0.03760863550580657,0.9623913644941934,1.322050315368429,dann_matched,banglasarc3_binary+banglasarc_binary,ben_sarc_binary,123
0738c109229e89e2,0,0,1.109375,-1.3515625,0.9213576188158985,0.07864238118410145,1.322050315368429,dann_matched,banglasarc3_binary+banglasarc_binary,ben_sarc_binary,123
939bba8b4ee0c1c4,0,0,1.53125,-1.4765625,0.9529258241789759,0.04707417582102406,1.322050315368429,dann_matched,banglasarc3_binary+banglasarc_binary,ben_sarc_binary,123
dd0720de80e07c33,0,0,1.5234375,-1.5546875,0.9559813501370537,0.04401864986294638,1.322050315368429,dann_matched,banglasarc3_binary+banglasarc_binary,ben_sarc_binary,123
c600457bc60532c3,1,0,1.515625,-1.4140625,0.9492946352021694,0.050705364797830506,1.322050315368429,dann_matched,banglasarc3_binary+banglasarc_binary,ben_sarc_binary,123
e4096dbef1d2e2b4,0,0,1.4609375,-1.53125,0.9522199336364293,0.047780066363570746,1.322050315368429,dann_matched,banglasarc3_binary+banglasarc_binary,ben_sarc_binary,123
85012460506281e9,0,1,-1.265625,0.90625,0.10230470789265303,0.8976952921073469,1.322050315368429,dann_matched,banglasarc3_binary+banglasarc_binary,ben_sarc_binary,123
9f5aea89ea4fbad2,0,0,1.5,-1.453125,0.9504109770159683,0.04958902298403175,1.322050315368429,dann_matched,banglasarc3_binary+banglasarc_binary,ben_sarc_binary,123
08f78528c55a9b30,0,0,1.6796875,-1.515625,0.9606574967357419,0.03934250326425821,1.322050315368429,dann_matched,banglasarc3_binary+banglasarc_binary,ben_sarc_binary,123
2952fbda438e82e6,0,0,1.46875,-1.4765625,0.9500414759334155,0.0499585240665846,1.322050315368429,dann_matched,banglasarc3_binary+banglasarc_binary,ben_sarc_binary,123
131bca3befbbeef8,1,0,0.16699219,-0.453125,0.6502452005719263,0.34975479942807375,1.322050315368429,dann_matched,banglasarc3_binary+banglasarc_binary,ben_sarc_binary,123
5016260c9dc5ff24,1,0,1.5,-1.4609375,0.9507778868028013,0.04922211319719861,1.322050315368429,dann_matched,banglasarc3_binary+banglasarc_binary,ben_sarc_binary,123
fa854e96a0c8a527,1,0,1.6328125,-1.6171875,0.9626731126558706,0.037326887344129464,1.322050315368429,dann_matched,banglasarc3_binary+banglasarc_binary,ben_sarc_binary,123
77f8b2383fb758e5,1,1,-1.0390625,0.75,0.1431877021825763,0.8568122978174237,1.322050315368429,dann_matched,banglasarc3_binary+banglasarc_binary,ben_sarc_binary,123
8e7070f40cda7003,0,0,1.5859375,-1.453125,0.9543079676184154,0.04569203238158463,1.322050315368429,dann_matched,banglasarc3_binary+banglasarc_binary,ben_sarc_binary,123
c406033da4e404d8,1,0,0.35546875,-0.65625,0.7333563766381476,0.2666436233618524,1.322050315368429,dann_matched,banglasarc3_binary+banglasarc_binary,ben_sarc_binary,123
8069c03c31d927c1,0,0,1.5625,-1.5625,0.9579122720843811,0.04208772791561884,1.322050315368429,dann_matched,banglasarc3_binary+banglasarc_binary,ben_sarc_binary,123
85c70e95978b14d9,0,0,1.5703125,-1.5546875,0.9579122720843811,0.04208772791561884,1.322050315368429,dann_matched,banglasarc3_binary+banglasarc_binary,ben_sarc_binary,123
54c0e217f73f6c2d,1,0,1.484375,-1.421875,0.94815453335022,0.05184546664977983,1.322050315368429,dann_matched,banglasarc3_binary+banglasarc_binary,ben_sarc_binary,123
38e5006766371361,1,1,-1.3125,0.80078125,0.1078126399606749,0.8921873600393251,1.322050315368429,dann_matched,banglasarc3_binary+banglasarc_binary,ben_sarc_binary,123
33588ef747f03f96,0,0,1.59375,-1.453125,0.9546474194456936,0.04535258055430642,1.322050315368429,dann_matched,banglasarc3_binary+banglasarc_binary,ben_sarc_binary,123
e5f405693b9b457b,0,0,1.5,-1.4765625,0.9515039967560431,0.048496003243956885,1.322050315368429,dann_matched,banglasarc3_binary+banglasarc_binary,ben_sarc_binary,123
6955b94746a0da17,0,0,1.7578125,-1.7734375,0.9715639669551474,0.02843603304485266,1.322050315368429,dann_matched,banglasarc3_binary+banglasarc_binary,ben_sarc_binary,123
a9ae548742c8ee22,1,0,1.84375,-1.796875,0.9744347860767304,0.025565213923269593,1.322050315368429,dann_matched,banglasarc3_binary+banglasarc_binary,ben_sarc_binary,123
a8a1874aa13fd1be,1,0,1.4453125,-1.390625,0.944587205618231,0.05541279438176918,1.322050315368429,dann_matched,banglasarc3_binary+banglasarc_binary,ben_sarc_binary,123
b8042e2ef4c95d18,1,0,1.4765625,-1.4453125,0.9489172630429474,0.05108273695705249,1.322050315368429,dann_matched,banglasarc3_binary+banglasarc_binary,ben_sarc_binary,123
b154287f6796147a,0,0,1.59375,-1.453125,0.9546474194456936,0.04535258055430642,1.322050315368429,dann_matched,banglasarc3_binary+banglasarc_binary,ben_sarc_binary,123
c8741bff3954c318,1,0,1.4921875,-1.484375,0.9515039967560431,0.048496003243956885,1.322050315368429,dann_matched,banglasarc3_binary+banglasarc_binary,ben_sarc_binary,123
116b28a7ccf9e0cd,0,1,-0.75390625,0.5234375,0.21800271531236584,0.7819972846876342,1.322050315368429,dann_matched,banglasarc3_binary+banglasarc_binary,ben_sarc_binary,123
796bae842fd8b395,1,0,1.5078125,-1.453125,0.9507778868028013,0.04922211319719861,1.322050315368429,dann_matched,banglasarc3_binary+banglasarc_binary,ben_sarc_binary,123
5bcd231233b76694,0,0,1.6015625,-1.6328125,0.9621075733703927,0.037892426629607394,1.322050315368429,dann_matched,banglasarc3_binary+banglasarc_binary,ben_sarc_binary,123
915d5328c0a77602,0,0,1.5390625,-1.78125,0.9651191130633208,0.034880886936679296,1.322050315368429,dann_matched,banglasarc3_binary+banglasarc_binary,ben_sarc_binary,123
723b6935a4d99ffd,0,0,1.609375,-1.609375,0.9615338079816756,0.03846619201832428,1.322050315368429,dann_matched,banglasarc3_binary+banglasarc_binary,ben_sarc_binary,123
472b9ea407ea33a8,1,0,1.5390625,-1.46875,0.9529258241789759,0.04707417582102406,1.322050315368429,dann_matched,banglasarc3_binary+banglasarc_binary,ben_sarc_binary,123
2747746826170950,0,0,1.4296875,-1.4921875,0.9489172630429474,0.05108273695705249,1.322050315368429,dann_matched,banglasarc3_binary+banglasarc_binary,ben_sarc_binary,123
819f11b77a96ea48,1,0,1.5546875,-1.59375,0.9588471107825551,0.04115288921744485,1.322050315368429,dann_matched,banglasarc3_binary+banglasarc_binary,ben_sarc_binary,123
141c7ddb53cc79e9,1,0,1.46875,-1.375,0.9449947117065459,0.05500528829345415,1.322050315368429,dann_matched,banglasarc3_binary+banglasarc_binary,ben_sarc_binary,123
584419b20d3ae6c6,0,0,1.1875,-1.296875,0.9230391643039738,0.07696083569602613,1.322050315368429,dann_matched,banglasarc3_binary+banglasarc_binary,ben_sarc_binary,123
6068b8566fa91a36,0,0,1.4765625,-1.390625,0.946200356539936,0.053799643460063995,1.322050315368429,dann_matched,banglasarc3_binary+banglasarc_binary,ben_sarc_binary,123
b33b93b890d9e4a3,0,0,1.1796875,-1.140625,0.9105453978311193,0.08945460216888064,1.322050315368429,dann_matched,banglasarc3_binary+banglasarc_binary,ben_sarc_binary,123
612a2809dc4c804a,0,0,1.25,-1.453125,0.9372107914029487,0.06278920859705135,1.322050315368429,dann_matched,banglasarc3_binary+banglasarc_binary,ben_sarc_binary,123
1e68f1c153c389cd,1,1,-1.4453125,1.1171875,0.07159119944455247,0.9284088005554476,1.322050315368429,dann_matched,banglasarc3_binary+banglasarc_binary,ben_sarc_binary,123
4647307fd43fea65,1,0,1.140625,-1.3046875,0.9202179865359069,0.079782013464093,1.322050315368429,dann_matched,banglasarc3_binary+banglasarc_binary,ben_sarc_binary,123
736cb1afd9e485bc,1,0,1.484375,-1.4453125,0.9492946352021694,0.050705364797830506,1.322050315368429,dann_matched,banglasarc3_binary+banglasarc_binary,ben_sarc_binary,123
23256a6002567e57,1,0,1.5546875,-1.5546875,0.9572778024535095,0.042722197546490565,1.322050315368429,dann_matched,banglasarc3_binary+banglasarc_binary,ben_sarc_binary,123
87ea3e3565b5b6d7,0,0,1.84375,-1.6875,0.9715639669551474,0.02843603304485266,1.322050315368429,dann_matched,banglasarc3_binary+banglasarc_binary,ben_sarc_binary,123
5aaeae47d7f1ba53,0,0,-0.27148438,-0.34570312,0.5185461749336651,0.481453825066335,1.322050315368429,dann_matched,banglasarc3_binary+banglasarc_binary,ben_sarc_binary,123
87ab87b45aa3771a,0,0,0.33007812,-0.515625,0.6996649987920285,0.30033500120797163,1.322050315368429,dann_matched,banglasarc3_binary+banglasarc_binary,ben_sarc_binary,123
cf69f5b5311defb0,0,0,1.5078125,-1.4609375,0.9511422213778251,0.048857778622174906,1.322050315368429,dann_matched,banglasarc3_binary+banglasarc_binary,ben_sarc_binary,123
4fbd7cb9f3b4b5c2,0,0,1.6015625,-1.5625,0.9594592615365182,0.040540738463481864,1.322050315368429,dann_matched,banglasarc3_binary+banglasarc_binary,ben_sarc_binary,123
16a233cd0f788c23,0,0,1.6796875,-1.5390625,0.9615338079816756,0.03846619201832428,1.322050315368429,dann_matched,banglasarc3_binary+banglasarc_binary,ben_sarc_binary,123
623440151ef4c3b2,1,0,1.5,-1.5,0.9525741268224334,0.04742587317756679,1.322050315368429,dann_matched,banglasarc3_binary+banglasarc_binary,ben_sarc_binary,123
5b89cef9aa4f95da,0,0,1.6640625,-1.5625,0.9618217257384336,0.03817827426156642,1.322050315368429,dann_matched,banglasarc3_binary+banglasarc_binary,ben_sarc_binary,123
45fa623f63eda203,1,0,1.546875,-1.5234375,0.9556514186046017,0.04434858139539836,1.322050315368429,dann_matched,banglasarc3_binary+banglasarc_binary,ben_sarc_binary,123
a7a9c7d50f05515e,1,1,-0.53515625,0.20214844,0.32359381534608794,0.676406184653912,1.322050315368429,dann_matched,banglasarc3_binary+banglasarc_binary,ben_sarc_binary,123
8630c19905746388,1,0,0.08544922,-0.44726562,0.6301160832755441,0.369883916724456,1.322050315368429,dann_matched,banglasarc3_binary+banglasarc_binary,ben_sarc_binary,123
881e239e5be1828a,0,0,1.4296875,-1.3046875,0.9390248191350352,0.06097518086496481,1.322050315368429,dann_matched,banglasarc3_binary+banglasarc_binary,ben_sarc_binary,123
0f2f9e78fc63ffef,0,0,1.640625,-1.5546875,0.9606574967357419,0.03934250326425821,1.322050315368429,dann_matched,banglasarc3_binary+banglasarc_binary,ben_sarc_binary,123
a92d00099b3ac213,1,0,1.9921875,-1.9765625,0.9814534354878828,0.0185465645121173,1.322050315368429,dann_matched,banglasarc3_binary+banglasarc_binary,ben_sarc_binary,123
fe0765fc34461fae,0,0,1.46875,-1.484375,0.9504109770159683,0.04958902298403175,1.322050315368429,dann_matched,banglasarc3_binary+banglasarc_binary,ben_sarc_binary,123
5a77379f8987aea1,1,0,1.546875,-1.53125,0.9559813501370537,0.04401864986294638,1.322050315368429,dann_matched,banglasarc3_binary+banglasarc_binary,ben_sarc_binary,123
b188e3e0d0596966,1,0,1.5390625,-1.53125,0.9556514186046017,0.04434858139539836,1.322050315368429,dann_matched,banglasarc3_binary+banglasarc_binary,ben_sarc_binary,123
30a9c2da7d6cc628,0,0,1.5234375,-1.453125,0.9515039967560431,0.048496003243956885,1.322050315368429,dann_matched,banglasarc3_binary+banglasarc_binary,ben_sarc_binary,123
681d20b11e668f21,0,0,1.40625,-1.4140625,0.9437636542955161,0.056236345704483756,1.322050315368429,dann_matched,banglasarc3_binary+banglasarc_binary,ben_sarc_binary,123
06a78edeea8efc93,1,0,0.953125,-1.1640625,0.8925625233915799,0.10743747660842011,1.322050315368429,dann_matched,banglasarc3_binary+banglasarc_binary,ben_sarc_binary,123
79c042ef03568590,0,0,1.59375,-1.65625,0.9626731126558706,0.037326887344129464,1.322050315368429,dann_matched,banglasarc3_binary+banglasarc_binary,ben_sarc_binary,123
9ac82571e994716a,0,0,1.4765625,-1.40625,0.9469902279841446,0.05300977201585542,1.322050315368429,dann_matched,banglasarc3_binary+banglasarc_binary,ben_sarc_binary,123
463407f4b4c70efe,0,0,1.3828125,-1.3125,0.9367494780065266,0.06325052199347325,1.322050315368429,dann_matched,banglasarc3_binary+banglasarc_binary,ben_sarc_binary,123
2991267895db0646,1,0,1.15625,-1.0703125,0.9026096017480523,0.09739039825194779,1.322050315368429,dann_matched,banglasarc3_binary+banglasarc_binary,ben_sarc_binary,123
fa92fc89611518f0,0,0,1.4296875,-1.4375,0.946200356539936,0.053799643460063995,1.322050315368429,dann_matched,banglasarc3_binary+banglasarc_binary,ben_sarc_binary,123
bd10da2361b67ff8,0,0,1.4609375,-1.4609375,0.9489172630429474,0.05108273695705249,1.322050315368429,dann_matched,banglasarc3_binary+banglasarc_binary,ben_sarc_binary,123
e736898f4416718c,1,0,1.453125,-1.4375,0.9473810466522863,0.05261895334771377,1.322050315368429,dann_matched,banglasarc3_binary+banglasarc_binary,ben_sarc_binary,123
93b1b585f5fb8cb4,0,0,1.4375,-1.34375,0.941654159388319,0.05834584061168106,1.322050315368429,dann_matched,banglasarc3_binary+banglasarc_binary,ben_sarc_binary,123
83ce6540e1ade9f8,1,0,1.53125,-1.4140625,0.9500414759334155,0.0499585240665846,1.322050315368429,dann_matched,banglasarc3_binary+banglasarc_binary,ben_sarc_binary,123
a31907a65b1f025f,1,0,1.6171875,-1.5546875,0.9597620573763841,0.04023794262361602,1.322050315368429,dann_matched,banglasarc3_binary+banglasarc_binary,ben_sarc_binary,123
4401b7c7810f42b5,1,1,-0.88671875,0.5234375,0.19620941280870197,0.8037905871912979,1.322050315368429,dann_matched,banglasarc3_binary+banglasarc_binary,ben_sarc_binary,123
969825d7548c6bbe,1,0,1.4765625,-1.3359375,0.9433475746920261,0.05665242530797383,1.322050315368429,dann_matched,banglasarc3_binary+banglasarc_binary,ben_sarc_binary,123
54ec620b42858d61,1,0,1.4453125,-1.453125,0.9477691428985743,0.052230857101425734,1.322050315368429,dann_matched,banglasarc3_binary+banglasarc_binary,ben_sarc_binary,123
ddce7bdc8a8a0e00,0,0,1.765625,-1.890625,0.9748211582993981,0.025178841700601855,1.322050315368429,dann_matched,banglasarc3_binary+banglasarc_binary,ben_sarc_binary,123
18bf63a1e13e658b,1,0,1.359375,-1.421875,0.941654159388319,0.05834584061168106,1.322050315368429,dann_matched,banglasarc3_binary+banglasarc_binary,ben_sarc_binary,123
3b279236d6dcf09b,1,0,1.6015625,-1.5703125,0.9597620573763841,0.04023794262361602,1.322050315368429,dann_matched,banglasarc3_binary+banglasarc_binary,ben_sarc_binary,123
4e2fabf34ea04a59,0,0,1.3515625,-1.5234375,0.9465966702001757,0.053403329799824234,1.322050315368429,dann_matched,banglasarc3_binary+banglasarc_binary,ben_sarc_binary,123
baf533d247f32282,0,0,1.3046875,-1.234375,0.9268352785943768,0.07316472140562331,1.322050315368429,dann_matched,banglasarc3_binary+banglasarc_binary,ben_sarc_binary,123
72fb8572a236de07,0,1,-0.58984375,0.26953125,0.2974699426047947,0.7025300573952054,1.322050315368429,dann_matched,banglasarc3_binary+banglasarc_binary,ben_sarc_binary,123
7a01cde67fd7dd9f,0,1,-1.296875,0.98828125,0.09235979794788486,0.9076402020521152,1.322050315368429,dann_matched,banglasarc3_binary+banglasarc_binary,ben_sarc_binary,123
3e6131f2935e3ef3,0,0,1.46875,-1.3984375,0.946200356539936,0.053799643460063995,1.322050315368429,dann_matched,banglasarc3_binary+banglasarc_binary,ben_sarc_binary,123
22630145995596ff,1,0,1.4609375,-1.4921875,0.9504109770159683,0.04958902298403175,1.322050315368429,dann_matched,banglasarc3_binary+banglasarc_binary,ben_sarc_binary,123
700a86a091897ccf,0,0,1.5859375,-1.40625,0.9522199336364293,0.047780066363570746,1.322050315368429,dann_matched,banglasarc3_binary+banglasarc_binary,ben_sarc_binary,123
323d325226b5ec08,1,0,1.53125,-1.484375,0.9532750413739076,0.04672495862609242,1.322050315368429,dann_matched,banglasarc3_binary+banglasarc_binary,ben_sarc_binary,123
138af988be80c5d5,0,0,1.5078125,-1.5390625,0.9546474194456936,0.04535258055430642,1.322050315368429,dann_matched,banglasarc3_binary+banglasarc_binary,ben_sarc_binary,123
38f53b4568881e6c,0,0,0.10986328,-0.57421875,0.6646491546837342,0.33535084531626574,1.322050315368429,dann_matched,banglasarc3_binary+banglasarc_binary,ben_sarc_binary,123
01f3a7913b2a3c99,1,0,0.26367188,-0.45507812,0.672331699179286,0.3276683008207139,1.322050315368429,dann_matched,banglasarc3_binary+banglasarc_binary,ben_sarc_binary,123
6261279231994f16,0,0,1.4609375,-1.3203125,0.941654159388319,0.05834584061168106,1.322050315368429,dann_matched,banglasarc3_binary+banglasarc_binary,ben_sarc_binary,123
b7c2e4377807342e,0,0,1.46875,-1.5,0.9511422213778251,0.048857778622174906,1.322050315368429,dann_matched,banglasarc3_binary+banglasarc_binary,ben_sarc_binary,123
0cab72d1b0ec7bed,1,0,1.5,-1.4140625,0.9485372345673925,0.05146276543260743,1.322050315368429,dann_matched,banglasarc3_binary+banglasarc_binary,ben_sarc_binary,123
5e6080c23a230f9e,1,1,-1.6953125,1.4140625,0.042722197546490565,0.9572778024535095,1.322050315368429,dann_matched,banglasarc3_binary+banglasarc_binary,ben_sarc_binary,123
2047aa34b822a418,0,0,1.4765625,-1.3828125,0.9458012701768145,0.05419872982318558,1.322050315368429,dann_matched,banglasarc3_binary+banglasarc_binary,ben_sarc_binary,123
1576b502b19278df,1,1,-1.5390625,1.234375,0.05877655584806683,0.9412234441519332,1.322050315368429,dann_matched,banglasarc3_binary+banglasarc_binary,ben_sarc_binary,123
60d895bb7c497070,1,1,-1.1875,0.84375,0.11596071825396677,0.8840392817460332,1.322050315368429,dann_matched,banglasarc3_binary+banglasarc_binary,ben_sarc_binary,123
36d21816a1996be8,1,0,1.5546875,-1.3828125,0.9496693674025232,0.05033063259747688,1.322050315368429,dann_matched,banglasarc3_binary+banglasarc_binary,ben_sarc_binary,123
11777e163d93f453,0,0,1.4921875,-1.40625,0.9477691428985743,0.052230857101425734,1.322050315368429,dann_matched,banglasarc3_binary+banglasarc_binary,ben_sarc_binary,123
6b60f20d7cc4249a,0,0,1.15625,-1.3359375,0.923592316649553,0.07640768335044701,1.322050315368429,dann_matched,banglasarc3_binary+banglasarc_binary,ben_sarc_binary,123
46b51322e740be51,0,0,1.453125,-1.296875,0.9399133498259924,0.06008665017400762,1.322050315368429,dann_matched,banglasarc3_binary+banglasarc_binary,ben_sarc_binary,123
13b32f05fe3040b2,1,1,-0.78515625,0.38671875,0.23651623644570763,0.7634837635542924,1.322050315368429,dann_matched,banglasarc3_binary+banglasarc_binary,ben_sarc_binary,123
92fd7178424d7e09,0,0,1.46875,-1.4453125,0.9485372345673925,0.05146276543260743,1.322050315368429,dann_matched,banglasarc3_binary+banglasarc_binary,ben_sarc_binary,123
478776b695c76018,1,0,1.515625,-1.390625,0.94815453335022,0.05184546664977983,1.322050315368429,dann_matched,banglasarc3_binary+banglasarc_binary,ben_sarc_binary,123
7c7277400fe1f12d,0,0,1.4609375,-1.515625,0.9515039967560431,0.048496003243956885,1.322050315368429,dann_matched,banglasarc3_binary+banglasarc_binary,ben_sarc_binary,123
eeac15eddb932f09,0,0,1.40625,-1.4765625,0.9469902279841446,0.05300977201585542,1.322050315368429,dann_matched,banglasarc3_binary+banglasarc_binary,ben_sarc_binary,123
a5da70778ef1fd5c,0,0,1.4921875,-1.4609375,0.9504109770159683,0.04958902298403175,1.322050315368429,dann_matched,banglasarc3_binary+banglasarc_binary,ben_sarc_binary,123
ffbfa47e85fa4f2a,0,0,1.5,-1.5234375,0.953621794005189,0.046378205994811086,1.322050315368429,dann_matched,banglasarc3_binary+banglasarc_binary,ben_sarc_binary,123
12df14fdec2f256f,0,0,1.46875,-1.40625,0.9465966702001757,0.053403329799824234,1.322050315368429,dann_matched,banglasarc3_binary+banglasarc_binary,ben_sarc_binary,123
84f4df1827ccf781,1,0,1.515625,-1.3828125,0.9477691428985743,0.052230857101425734,1.322050315368429,dann_matched,banglasarc3_binary+banglasarc_binary,ben_sarc_binary,123
2c75efcc47c35ae2,0,0,1.7265625,-1.953125,0.975390071374038,0.024609928625961945,1.322050315368429,dann_matched,banglasarc3_binary+banglasarc_binary,ben_sarc_binary,123
d580e587ae3366a9,0,0,1.5234375,-1.5,0.953621794005189,0.046378205994811086,1.322050315368429,dann_matched,banglasarc3_binary+banglasarc_binary,ben_sarc_binary,123
21c119e4df016490,0,0,0.21484375,-0.55859375,0.6842640244786128,0.31573597552138716,1.322050315368429,dann_matched,banglasarc3_binary+banglasarc_binary,ben_sarc_binary,123
34ccb569bfe74463,1,0,1.5625,-1.484375,0.9546474194456936,0.04535258055430642,1.322050315368429,dann_matched,banglasarc3_binary+banglasarc_binary,ben_sarc_binary,123
bb71a32c6569292e,0,0,0.04321289,-1.046875,0.7483982716235267,0.2516017283764733,1.322050315368429,dann_matched,banglasarc3_binary+banglasarc_binary,ben_sarc_binary,123
30e09518f432ea74,0,0,1.453125,-1.453125,0.94815453335022,0.05184546664977983,1.322050315368429,dann_matched,banglasarc3_binary+banglasarc_binary,ben_sarc_binary,123
dfc360ba2d3a0401,1,0,0.80859375,-1.109375,0.8719117516553389,0.1280882483446611,1.322050315368429,dann_matched,banglasarc3_binary+banglasarc_binary,ben_sarc_binary,123
f65517b61b21cecf,1,0,1.5546875,-1.4609375,0.9532750413739076,0.04672495862609242,1.322050315368429,dann_matched,banglasarc3_binary+banglasarc_binary,ben_sarc_binary,123
7ea6f41c901e93d4,1,0,1.5703125,-1.421875,0.9522199336364293,0.047780066363570746,1.322050315368429,dann_matched,banglasarc3_binary+banglasarc_binary,ben_sarc_binary,123
8d6d8cedc385fcf4,0,0,1.7578125,-1.7734375,0.9715639669551474,0.02843603304485266,1.322050315368429,dann_matched,banglasarc3_binary+banglasarc_binary,ben_sarc_binary,123
942e3d848665ec00,0,0,1.5859375,-1.5703125,0.9591542840900507,0.040845715909949315,1.322050315368429,dann_matched,banglasarc3_binary+banglasarc_binary,ben_sarc_binary,123
3c5ca08400f78373,1,0,1.4765625,-1.40625,0.9469902279841446,0.05300977201585542,1.322050315368429,dann_matched,banglasarc3_binary+banglasarc_binary,ben_sarc_binary,123
0d86f251c921120c,0,0,2.515625,-2.796875,0.9950945942942779,0.004905405705722035,1.322050315368429,dann_matched,banglasarc3_binary+banglasarc_binary,ben_sarc_binary,123
fd54c6493a92a23a,0,0,1.5078125,-1.453125,0.9507778868028013,0.04922211319719861,1.322050315368429,dann_matched,banglasarc3_binary+banglasarc_binary,ben_sarc_binary,123
a49c63dce7fc3f9d,1,0,1.546875,-1.5,0.9546474194456936,0.04535258055430642,1.322050315368429,dann_matched,banglasarc3_binary+banglasarc_binary,ben_sarc_binary,123
f39dd253e4dbdaf2,0,1,-1.3671875,1.046875,0.08210662704685086,0.9178933729531492,1.322050315368429,dann_matched,banglasarc3_binary+banglasarc_binary,ben_sarc_binary,123
f82d6aa9b038c20d,0,0,1.5078125,-1.453125,0.9507778868028013,0.04922211319719861,1.322050315368429,dann_matched,banglasarc3_binary+banglasarc_binary,ben_sarc_binary,123
75e1f71d135a2c89,0,1,-1.84375,1.4375,0.036220055864974746,0.9637799441350253,1.322050315368429,dann_matched,banglasarc3_binary+banglasarc_binary,ben_sarc_binary,123
b2d827bf51d8a706,0,0,1.796875,-1.984375,0.9777138144607745,0.022286185539225494,1.322050315368429,dann_matched,banglasarc3_binary+banglasarc_binary,ben_sarc_binary,123
0d48cd2b80f7cc7a,1,0,1.5625,-1.4765625,0.9543079676184154,0.04569203238158463,1.322050315368429,dann_matched,banglasarc3_binary+banglasarc_binary,ben_sarc_binary,123
dbddeb8f342d32f9,0,0,1.53125,-1.3984375,0.9492946352021694,0.050705364797830506,1.322050315368429,dann_matched,banglasarc3_binary+banglasarc_binary,ben_sarc_binary,123
18fef7cab714c87e,0,0,1.46875,-1.4140625,0.9469902279841446,0.05300977201585542,1.322050315368429,dann_matched,banglasarc3_binary+banglasarc_binary,ben_sarc_binary,123
14ce2b3394ab0eda,1,0,1.5625,-1.421875,0.9518632288833652,0.04813677111663481,1.322050315368429,dann_matched,banglasarc3_binary+banglasarc_binary,ben_sarc_binary,123
2636bc20cd1d58dc,1,0,1.5703125,-1.5625,0.9582261192116938,0.04177388078830622,1.322050315368429,dann_matched,banglasarc3_binary+banglasarc_binary,ben_sarc_binary,123
feddd09feb9ce2b7,0,0,2.0,-2.03125,0.9825575152637948,0.01744248473620534,1.322050315368429,dann_matched,banglasarc3_binary+banglasarc_binary,ben_sarc_binary,123
3d6d5fe0a8e0f824,0,0,1.46875,-1.4140625,0.9469902279841446,0.05300977201585542,1.322050315368429,dann_matched,banglasarc3_binary+banglasarc_binary,ben_sarc_binary,123
6671e5e25c03c794,1,0,1.453125,-1.515625,0.9511422213778251,0.048857778622174906,1.322050315368429,dann_matched,banglasarc3_binary+banglasarc_binary,ben_sarc_binary,123
e6ee40df2731d4c6,0,0,1.5625,-1.46875,0.9539660976007597,0.046033902399240385,1.322050315368429,dann_matched,banglasarc3_binary+banglasarc_binary,ben_sarc_binary,123
213a89d7ed552e81,1,0,1.4921875,-1.40625,0.9477691428985743,0.052230857101425734,1.322050315368429,dann_matched,banglasarc3_binary+banglasarc_binary,ben_sarc_binary,123
8a758f16ff9a4aee,0,0,1.4375,-1.4765625,0.9485372345673925,0.05146276543260743,1.322050315368429,dann_matched,banglasarc3_binary+banglasarc_binary,ben_sarc_binary,123
3e378451485309b0,0,0,1.5,-1.4609375,0.9507778868028013,0.04922211319719861,1.322050315368429,dann_matched,banglasarc3_binary+banglasarc_binary,ben_sarc_binary,123
04c04f8bb1bec35c,1,1,-1.171875,0.83984375,0.11797800859538259,0.8820219914046175,1.322050315368429,dann_matched,banglasarc3_binary+banglasarc_binary,ben_sarc_binary,123
5b0c053645e41141,1,0,1.4765625,-1.4140625,0.9473810466522863,0.05261895334771377,1.322050315368429,dann_matched,banglasarc3_binary+banglasarc_binary,ben_sarc_binary,123
83d64c17da29dc55,0,0,1.5,-1.453125,0.9504109770159683,0.04958902298403175,1.322050315368429,dann_matched,banglasarc3_binary+banglasarc_binary,ben_sarc_binary,123
ac1051ea0d18cd7b,1,0,1.40625,-1.3828125,0.9420819125605256,0.05791808743947446,1.322050315368429,dann_matched,banglasarc3_binary+banglasarc_binary,ben_sarc_binary,123
e46f68f0d4acefe3,0,0,1.484375,-1.34375,0.9441768588653856,0.05582314113461443,1.322050315368429,dann_matched,banglasarc3_binary+banglasarc_binary,ben_sarc_binary,123
56658a34d85e20a5,1,0,1.5,-1.5859375,0.956308939359532,0.04369106064046812,1.322050315368429,dann_matched,banglasarc3_binary+banglasarc_binary,ben_sarc_binary,123
619d987d3a33bea3,1,0,0.83203125,-0.96875,0.8582440095395809,0.14175599046041915,1.322050315368429,dann_matched,banglasarc3_binary+banglasarc_binary,ben_sarc_binary,123
143ce6e8a9b9f4b4,1,0,1.46875,-1.3984375,0.946200356539936,0.053799643460063995,1.322050315368429,dann_matched,banglasarc3_binary+banglasarc_binary,ben_sarc_binary,123
e06161ac758a8f33,1,1,-2.15625,1.765625,0.0194193481824486,0.9805806518175514,1.322050315368429,dann_matched,banglasarc3_binary+banglasarc_binary,ben_sarc_binary,123
8a055ea041971171,0,0,1.4609375,-1.46875,0.9492946352021694,0.050705364797830506,1.322050315368429,dann_matched,banglasarc3_binary+banglasarc_binary,ben_sarc_binary,123
660b22c27482ce07,0,0,1.671875,-1.8828125,0.9722043774187549,0.027795622581245058,1.322050315368429,dann_matched,banglasarc3_binary+banglasarc_binary,ben_sarc_binary,123
866e542c3a35b957,1,0,1.484375,-1.4140625,0.9477691428985743,0.052230857101425734,1.322050315368429,dann_matched,banglasarc3_binary+banglasarc_binary,ben_sarc_binary,123
0e1683e4eb711104,0,0,1.484375,-1.3984375,0.9469902279841446,0.05300977201585542,1.322050315368429,dann_matched,banglasarc3_binary+banglasarc_binary,ben_sarc_binary,123
50d4dbb7cf054ee3,0,0,1.1875,-1.2890625,0.9224823435231172,0.07751765647688268,1.322050315368429,dann_matched,banglasarc3_binary+banglasarc_binary,ben_sarc_binary,123
20a40e3876f30a49,1,0,1.5390625,-1.53125,0.9556514186046017,0.04434858139539836,1.322050315368429,dann_matched,banglasarc3_binary+banglasarc_binary,ben_sarc_binary,123
343d37e7705a312e,1,0,1.4609375,-1.3515625,0.9433475746920261,0.05665242530797383,1.322050315368429,dann_matched,banglasarc3_binary+banglasarc_binary,ben_sarc_binary,123
f7d3f1e17384c090,0,0,1.46875,-1.375,0.9449947117065459,0.05500528829345415,1.322050315368429,dann_matched,banglasarc3_binary+banglasarc_binary,ben_sarc_binary,123
4af1bfc0b8a70a6a,1,0,1.484375,-1.421875,0.94815453335022,0.05184546664977983,1.322050315368429,dann_matched,banglasarc3_binary+banglasarc_binary,ben_sarc_binary,123
c4defeaff92edc35,0,0,1.5625,-1.453125,0.9532750413739076,0.04672495862609242,1.322050315368429,dann_matched,banglasarc3_binary+banglasarc_binary,ben_sarc_binary,123
c3130a8d46c3063b,1,0,1.5,-1.4375,0.9496693674025232,0.05033063259747688,1.322050315368429,dann_matched,banglasarc3_binary+banglasarc_binary,ben_sarc_binary,123
c3c5454e4eb84d61,1,0,1.8203125,-1.9453125,0.9773707999669629,0.022629200033037256,1.322050315368429,dann_matched,banglasarc3_binary+banglasarc_binary,ben_sarc_binary,123
3e9fb1982da57484,1,0,1.5546875,-1.53125,0.956308939359532,0.04369106064046812,1.322050315368429,dann_matched,banglasarc3_binary+banglasarc_binary,ben_sarc_binary,123
91a376c20172a274,0,0,1.4921875,-1.578125,0.9556514186046017,0.04434858139539836,1.322050315368429,dann_matched,banglasarc3_binary+banglasarc_binary,ben_sarc_binary,123
44aaed307bb479d7,0,0,1.328125,-1.515625,0.9449947117065459,0.05500528829345415,1.322050315368429,dann_matched,banglasarc3_binary+banglasarc_binary,ben_sarc_binary,123
1eec25d4a2878bf7,0,0,0.890625,-1.03125,0.8723473746782093,0.12765262532179067,1.322050315368429,dann_matched,banglasarc3_binary+banglasarc_binary,ben_sarc_binary,123
e8d08943d1a31422,1,0,1.5078125,-1.484375,0.9522199336364293,0.047780066363570746,1.322050315368429,dann_matched,banglasarc3_binary+banglasarc_binary,ben_sarc_binary,123
0fbf84e61f37a9fe,0,1,-0.90234375,0.57421875,0.1859471949014217,0.8140528050985784,1.322050315368429,dann_matched,banglasarc3_binary+banglasarc_binary,ben_sarc_binary,123
9024a1fb32551a36,1,0,1.453125,-1.453125,0.94815453335022,0.05184546664977983,1.322050315368429,dann_matched,banglasarc3_binary+banglasarc_binary,ben_sarc_binary,123
38fa54e99b748a15,1,1,-1.421875,1.0078125,0.08093670978361556,0.9190632902163844,1.322050315368429,dann_matched,banglasarc3_binary+banglasarc_binary,ben_sarc_binary,123
52d9a6e2e53f8ad4,1,0,1.578125,-1.4375,0.9532750413739076,0.04672495862609242,1.322050315368429,dann_matched,banglasarc3_binary+banglasarc_binary,ben_sarc_binary,123
3e6aacba151a8c2d,1,0,1.5390625,-1.421875,0.9507778868028013,0.04922211319719861,1.322050315368429,dann_matched,banglasarc3_binary+banglasarc_binary,ben_sarc_binary,123
be921abf0a005132,0,0,1.65625,-1.625,0.9637799441350253,0.036220055864974746,1.322050315368429,dann_matched,banglasarc3_binary+banglasarc_binary,ben_sarc_binary,123
7c171c6e9c937a45,0,0,1.4375,-1.375,0.9433475746920261,0.05665242530797383,1.322050315368429,dann_matched,banglasarc3_binary+banglasarc_binary,ben_sarc_binary,123
26a4d664034fc7cf,1,0,1.34375,-1.3203125,0.9348724531603766,0.0651275468396235,1.322050315368429,dann_matched,banglasarc3_binary+banglasarc_binary,ben_sarc_binary,123
3799b35d276d08fb,0,0,1.703125,-1.6796875,0.9671630439727548,0.03283695602724524,1.322050315368429,dann_matched,banglasarc3_binary+banglasarc_binary,ben_sarc_binary,123
e24cd8e8a680a981,1,0,1.484375,-1.3671875,0.9453993942183476,0.05460060578165237,1.322050315368429,dann_matched,banglasarc3_binary+banglasarc_binary,ben_sarc_binary,123
71358c4d9cfe7a0f,1,0,-0.14453125,-0.15527344,0.5026855210504991,0.4973144789495009,1.322050315368429,dann_matched,banglasarc3_binary+banglasarc_binary,ben_sarc_binary,123
3d4bda990ef0e682,0,0,1.78125,-1.765625,0.9719924793940118,0.02800752060598813,1.322050315368429,dann_matched,banglasarc3_binary+banglasarc_binary,ben_sarc_binary,123
612e3c87b503c27b,0,0,1.484375,-1.53125,0.9532750413739076,0.04672495862609242,1.322050315368429,dann_matched,banglasarc3_binary+banglasarc_binary,ben_sarc_binary,123
8f2f128722ee5416,1,1,-1.3046875,0.8515625,0.10374862686637971,0.8962513731336202,1.322050315368429,dann_matched,banglasarc3_binary+banglasarc_binary,ben_sarc_binary,123
dc3325438bd219aa,0,0,1.46875,-1.453125,0.9489172630429474,0.05108273695705249,1.322050315368429,dann_matched,banglasarc3_binary+banglasarc_binary,ben_sarc_binary,123
724400ddb20af00b,0,0,1.453125,-1.359375,0.9433475746920261,0.05665242530797383,1.322050315368429,dann_matched,banglasarc3_binary+banglasarc_binary,ben_sarc_binary,123
2ad5d447b90c8e4a,1,0,1.53125,-1.5859375,0.9575961713681533,0.04240382863184672,1.322050315368429,dann_matched,banglasarc3_binary+banglasarc_binary,ben_sarc_binary,123
4e9d757196b9eb61,1,0,1.4453125,-1.3671875,0.9433475746920261,0.05665242530797383,1.322050315368429,dann_matched,banglasarc3_binary+banglasarc_binary,ben_sarc_binary,123
f55b86b5b3b186d2,1,0,1.515625,-1.4609375,0.9515039967560431,0.048496003243956885,1.322050315368429,dann_matched,banglasarc3_binary+banglasarc_binary,ben_sarc_binary,123
86a2f998fcf1c28d,1,1,-2.140625,1.7890625,0.019271137919768803,0.9807288620802312,1.322050315368429,dann_matched,banglasarc3_binary+banglasarc_binary,ben_sarc_binary,123
6da91b142ba65ca3,0,0,0.8125,-0.96875,0.8558511469672594,0.14414885303274058,1.322050315368429,dann_matched,banglasarc3_binary+banglasarc_binary,ben_sarc_binary,123
eaedf871289e3139,0,0,1.578125,-1.4765625,0.9549844683997677,0.04501553160023231,1.322050315368429,dann_matched,banglasarc3_binary+banglasarc_binary,ben_sarc_binary,123
690cb86a9f696828,0,1,-1.3828125,0.98046875,0.08601588131710575,0.9139841186828943,1.322050315368429,dann_matched,banglasarc3_binary+banglasarc_binary,ben_sarc_binary,123
82de5ef2d62117a8,1,0,0.05859375,-0.59765625,0.658417500561683,0.341582499438317,1.322050315368429,dann_matched,banglasarc3_binary+banglasarc_binary,ben_sarc_binary,123
c8e6bb4129364c37,0,0,1.4453125,-1.390625,0.944587205618231,0.05541279438176918,1.322050315368429,dann_matched,banglasarc3_binary+banglasarc_binary,ben_sarc_binary,123
75eebbb1e175e6f2,0,0,1.5234375,-1.4296875,0.9504109770159683,0.04958902298403175,1.322050315368429,dann_matched,banglasarc3_binary+banglasarc_binary,ben_sarc_binary,123
38767297ce6aed4a,1,0,1.515625,-1.3984375,0.9485372345673925,0.05146276543260743,1.322050315368429,dann_matched,banglasarc3_binary+banglasarc_binary,ben_sarc_binary,123
56aaab5e7e7d6ba6,0,0,1.5078125,-1.53125,0.9543079676184154,0.04569203238158463,1.322050315368429,dann_matched,banglasarc3_binary+banglasarc_binary,ben_sarc_binary,123
aed21cd74f11c339,0,0,1.4921875,-1.5390625,0.9539660976007597,0.046033902399240385,1.322050315368429,dann_matched,banglasarc3_binary+banglasarc_binary,ben_sarc_binary,123
c9aecc26e86632c0,0,0,1.453125,-1.421875,0.9465966702001757,0.053403329799824234,1.322050315368429,dann_matched,banglasarc3_binary+banglasarc_binary,ben_sarc_binary,123
8c1e0dc03c12ed48,0,0,1.578125,-1.4765625,0.9549844683997677,0.04501553160023231,1.322050315368429,dann_matched,banglasarc3_binary+banglasarc_binary,ben_sarc_binary,123
bd5f0dd9850853dd,0,0,1.421875,-1.4453125,0.946200356539936,0.053799643460063995,1.322050315368429,dann_matched,banglasarc3_binary+banglasarc_binary,ben_sarc_binary,123
4d4a79f87f90b703,1,0,1.53125,-1.4765625,0.9529258241789759,0.04707417582102406,1.322050315368429,dann_matched,banglasarc3_binary+banglasarc_binary,ben_sarc_binary,123
f35767fafa3b91b1,1,1,-1.4609375,1.1328125,0.06954174450582809,0.9304582554941719,1.322050315368429,dann_matched,banglasarc3_binary+banglasarc_binary,ben_sarc_binary,123
d67ce48b38e3e470,1,0,1.1640625,-1.1875,0.9130583432721083,0.08694165672789168,1.322050315368429,dann_matched,banglasarc3_binary+banglasarc_binary,ben_sarc_binary,123
50e36ddb71e5cb85,1,0,1.53125,-1.5234375,0.9549844683997677,0.04501553160023231,1.322050315368429,dann_matched,banglasarc3_binary+banglasarc_binary,ben_sarc_binary,123
21e05225933e142e,1,0,1.484375,-1.40625,0.9473810466522863,0.05261895334771377,1.322050315368429,dann_matched,banglasarc3_binary+banglasarc_binary,ben_sarc_binary,123
61ff0a0b0a2b3c8d,1,0,1.4296875,-1.34375,0.9412234441519332,0.05877655584806683,1.322050315368429,dann_matched,banglasarc3_binary+banglasarc_binary,ben_sarc_binary,123
6617b6ff3de8c70a,0,0,1.4921875,-1.4921875,0.9518632288833652,0.04813677111663481,1.322050315368429,dann_matched,banglasarc3_binary+banglasarc_binary,ben_sarc_binary,123
08cb72b3d7b9ea0d,0,0,1.5078125,-1.4609375,0.9511422213778251,0.048857778622174906,1.322050315368429,dann_matched,banglasarc3_binary+banglasarc_binary,ben_sarc_binary,123
183d1d6ea5417246,0,0,1.5,-1.46875,0.9511422213778251,0.048857778622174906,1.322050315368429,dann_matched,banglasarc3_binary+banglasarc_binary,ben_sarc_binary,123
81d6669ade9d5925,0,0,1.421875,-1.78125,0.9609517072737735,0.03904829272622638,1.322050315368429,dann_matched,banglasarc3_binary+banglasarc_binary,ben_sarc_binary,123
0dd2fbb080551f16,1,1,-0.421875,0.052734375,0.38352584821784214,0.6164741517821578,1.322050315368429,dann_matched,banglasarc3_binary+banglasarc_binary,ben_sarc_binary,123
2a18343f9d5704b1,0,0,1.53125,-1.4609375,0.9522199336364293,0.047780066363570746,1.322050315368429,dann_matched,banglasarc3_binary+banglasarc_binary,ben_sarc_binary,123
82f176dcb0831a1f,1,0,1.703125,-1.453125,0.9591542840900507,0.040845715909949315,1.322050315368429,dann_matched,banglasarc3_binary+banglasarc_binary,ben_sarc_binary,123
82223374495c960c,1,0,1.5,-1.40625,0.94815453335022,0.05184546664977983,1.322050315368429,dann_matched,banglasarc3_binary+banglasarc_binary,ben_sarc_binary,123
ca482f1c0c184626,0,0,1.671875,-1.609375,0.9637799441350253,0.036220055864974746,1.322050315368429,dann_matched,banglasarc3_binary+banglasarc_binary,ben_sarc_binary,123
1e869fe6fa9d783b,1,0,1.4921875,-1.40625,0.9477691428985743,0.052230857101425734,1.322050315368429,dann_matched,banglasarc3_binary+banglasarc_binary,ben_sarc_binary,123
16b3fb4bb6eb4abb,0,0,-0.111816406,-0.1640625,0.5130585531279747,0.48694144687202534,1.322050315368429,dann_matched,banglasarc3_binary+banglasarc_binary,ben_sarc_binary,123
19d85f2039cd01a8,1,0,1.5859375,-1.5390625,0.9579122720843811,0.04208772791561884,1.322050315368429,dann_matched,banglasarc3_binary+banglasarc_binary,ben_sarc_binary,123
d399a5069c62c313,0,1,-0.83203125,0.55078125,0.2005576797447963,0.7994423202552038,1.322050315368429,dann_matched,banglasarc3_binary+banglasarc_binary,ben_sarc_binary,123
eac220333e55fc57,1,0,1.5703125,-1.4453125,0.9532750413739076,0.04672495862609242,1.322050315368429,dann_matched,banglasarc3_binary+banglasarc_binary,ben_sarc_binary,123
4978d6c571725b60,1,0,1.4765625,-1.3515625,0.9441768588653856,0.05582314113461443,1.322050315368429,dann_matched,banglasarc3_binary+banglasarc_binary,ben_sarc_binary,123
63f6b97cc0b92b49,1,0,1.5078125,-1.3515625,0.9458012701768145,0.05419872982318558,1.322050315368429,dann_matched,banglasarc3_binary+banglasarc_binary,ben_sarc_binary,123
5c4195ce15f0e2b4,0,0,1.3828125,-1.5390625,0.9489172630429474,0.05108273695705249,1.322050315368429,dann_matched,banglasarc3_binary+banglasarc_binary,ben_sarc_binary,123
8ab2c7fa4cda4d31,0,0,0.25585938,-0.44335938,0.6680145362320873,0.33198546376791266,1.322050315368429,dann_matched,banglasarc3_binary+banglasarc_binary,ben_sarc_binary,123
16551df2cd6908b2,1,0,1.515625,-1.71875,0.9621075733703927,0.037892426629607394,1.322050315368429,dann_matched,banglasarc3_binary+banglasarc_binary,ben_sarc_binary,123
3fd7da15c55c1454,0,0,1.2265625,-1.4765625,0.9372107914029487,0.06278920859705135,1.322050315368429,dann_matched,banglasarc3_binary+banglasarc_binary,ben_sarc_binary,123
21d9e86b7166c0ca,1,0,1.4375,-1.421875,0.9458012701768145,0.05419872982318558,1.322050315368429,dann_matched,banglasarc3_binary+banglasarc_binary,ben_sarc_binary,123
32344b620960ec88,1,0,1.5,-1.375,0.9465966702001757,0.053403329799824234,1.322050315368429,dann_matched,banglasarc3_binary+banglasarc_binary,ben_sarc_binary,123
fe359c6ea3d9fc39,1,1,-0.40429688,0.022094727,0.3949883121673001,0.6050116878326999,1.322050315368429,dann_matched,banglasarc3_binary+banglasarc_binary,ben_sarc_binary,123
171caf11b1088bef,1,0,1.6953125,-1.6328125,0.9653811611608242,0.03461883883917583,1.322050315368429,dann_matched,banglasarc3_binary+banglasarc_binary,ben_sarc_binary,123
a2a4eecaa868393a,1,0,1.6015625,-1.5546875,0.9591542840900507,0.040845715909949315,1.322050315368429,dann_matched,banglasarc3_binary+banglasarc_binary,ben_sarc_binary,123
a4c92d2fbc324d56,0,1,-1.1015625,0.72265625,0.1389284260290056,0.8610715739709943,1.322050315368429,dann_matched,banglasarc3_binary+banglasarc_binary,ben_sarc_binary,123
69ca2036bde83eaa,1,0,1.5625,-1.5546875,0.9575961713681533,0.04240382863184672,1.322050315368429,dann_matched,banglasarc3_binary+banglasarc_binary,ben_sarc_binary,123
f4c9211c9c474b2a,0,0,1.5078125,-1.515625,0.953621794005189,0.046378205994811086,1.322050315368429,dann_matched,banglasarc3_binary+banglasarc_binary,ben_sarc_binary,123
b80cb1a71d3e2f5a,0,0,1.6015625,-1.484375,0.956308939359532,0.04369106064046812,1.322050315368429,dann_matched,banglasarc3_binary+banglasarc_binary,ben_sarc_binary,123
f259f1dd302ee3c3,0,0,1.4921875,-1.453125,0.9500414759334155,0.0499585240665846,1.322050315368429,dann_matched,banglasarc3_binary+banglasarc_binary,ben_sarc_binary,123
d78959bacb4f010c,0,1,-0.62109375,0.33203125,0.2782567937024021,0.7217432062975979,1.322050315368429,dann_matched,banglasarc3_binary+banglasarc_binary,ben_sarc_binary,123
945107924a32d0e3,1,0,1.5,-1.46875,0.9511422213778251,0.048857778622174906,1.322050315368429,dann_matched,banglasarc3_binary+banglasarc_binary,ben_sarc_binary,123
5503fddc96a031b5,1,0,1.484375,-1.4765625,0.9507778868028013,0.04922211319719861,1.322050315368429,dann_matched,banglasarc3_binary+banglasarc_binary,ben_sarc_binary,123
c9bf7473fb2fd610,1,1,-0.51953125,0.123046875,0.3446639834618105,0.6553360165381895,1.322050315368429,dann_matched,banglasarc3_binary+banglasarc_binary,ben_sarc_binary,123
aa16cc6f0c49b5da,1,0,1.4609375,-1.2890625,0.9399133498259924,0.06008665017400762,1.322050315368429,dann_matched,banglasarc3_binary+banglasarc_binary,ben_sarc_binary,123
3b814fc3f9779b65,0,0,1.625,-1.5703125,0.9606574967357419,0.03934250326425821,1.322050315368429,dann_matched,banglasarc3_binary+banglasarc_binary,ben_sarc_binary,123
932b30180762b138,0,0,1.875,-1.984375,0.9793540692607815,0.020645930739218447,1.322050315368429,dann_matched,banglasarc3_binary+banglasarc_binary,ben_sarc_binary,123
510bc53ae522dad3,0,0,0.96875,-1.2421875,0.9012274112476257,0.09877258875237437,1.322050315368429,dann_matched,banglasarc3_binary+banglasarc_binary,ben_sarc_binary,123
54738b3d61718407,1,0,1.515625,-1.4375,0.9504109770159683,0.04958902298403175,1.322050315368429,dann_matched,banglasarc3_binary+banglasarc_binary,ben_sarc_binary,123
e241b1ddca979533,1,0,1.5546875,-1.546875,0.9569571506599678,0.04304284934003218,1.322050315368429,dann_matched,banglasarc3_binary+banglasarc_binary,ben_sarc_binary,123
a90065688dd85108,0,0,1.5,-1.625,0.9579122720843811,0.04208772791561884,1.322050315368429,dann_matched,banglasarc3_binary+banglasarc_binary,ben_sarc_binary,123
0fd153678e3b9dcc,0,0,1.4296875,-1.515625,0.9500414759334155,0.0499585240665846,1.322050315368429,dann_matched,banglasarc3_binary+banglasarc_binary,ben_sarc_binary,123
1fd15bc9b6481359,1,0,0.73828125,-0.859375,0.8316905587926504,0.16830944120734956,1.322050315368429,dann_matched,banglasarc3_binary+banglasarc_binary,ben_sarc_binary,123
5be7e61d3015a0ac,0,0,1.4765625,-1.40625,0.9469902279841446,0.05300977201585542,1.322050315368429,dann_matched,banglasarc3_binary+banglasarc_binary,ben_sarc_binary,123
d21aae859ba8cfb1,1,0,1.5234375,-1.4375,0.9507778868028013,0.04922211319719861,1.322050315368429,dann_matched,banglasarc3_binary+banglasarc_binary,ben_sarc_binary,123
ab13cfeac0621006,1,0,-0.07519531,-0.15332031,0.5195213219520929,0.480478678047907,1.322050315368429,dann_matched,banglasarc3_binary+banglasarc_binary,ben_sarc_binary,123
3fba4b117f9c6e22,0,0,1.609375,-1.53125,0.9585377272885904,0.04146227271140963,1.322050315368429,dann_matched,banglasarc3_binary+banglasarc_binary,ben_sarc_binary,123
cb6e1e85ff2186ad,1,0,1.484375,-1.4609375,0.9500414759334155,0.0499585240665846,1.322050315368429,dann_matched,banglasarc3_binary+banglasarc_binary,ben_sarc_binary,123
e417c1dc44c7430e,0,0,1.3984375,-1.4375,0.944587205618231,0.05541279438176918,1.322050315368429,dann_matched,banglasarc3_binary+banglasarc_binary,ben_sarc_binary,123
098adcbc6ae3f6f5,1,1,-1.375,0.99609375,0.08540366800216245,0.9145963319978375,1.322050315368429,dann_matched,banglasarc3_binary+banglasarc_binary,ben_sarc_binary,123
fd1afe2c071e32de,0,0,0.85546875,-1.15625,0.8820219914046175,0.11797800859538259,1.322050315368429,dann_matched,banglasarc3_binary+banglasarc_binary,ben_sarc_binary,123
43257c41c86de204,0,0,1.5078125,-1.46875,0.9515039967560431,0.048496003243956885,1.322050315368429,dann_matched,banglasarc3_binary+banglasarc_binary,ben_sarc_binary,123
17bc88d8b915df95,1,0,1.4921875,-1.4609375,0.9504109770159683,0.04958902298403175,1.322050315368429,dann_matched,banglasarc3_binary+banglasarc_binary,ben_sarc_binary,123
5ca00b213509bb0d,1,0,1.46875,-1.4140625,0.9469902279841446,0.05300977201585542,1.322050315368429,dann_matched,banglasarc3_binary+banglasarc_binary,ben_sarc_binary,123
8dd7763a1db05a21,1,0,1.234375,-1.2734375,0.9246876936763765,0.07531230632362355,1.322050315368429,dann_matched,banglasarc3_binary+banglasarc_binary,ben_sarc_binary,123
633385baf889fd9a,1,1,-1.75,1.3359375,0.04369106064046812,0.956308939359532,1.322050315368429,dann_matched,banglasarc3_binary+banglasarc_binary,ben_sarc_binary,123
88cb1759c744cb1c,0,0,1.484375,-1.375,0.9458012701768145,0.05419872982318558,1.322050315368429,dann_matched,banglasarc3_binary+banglasarc_binary,ben_sarc_binary,123
26d29670e72ae67b,0,0,1.6875,-1.6953125,0.9671630439727548,0.03283695602724524,1.322050315368429,dann_matched,banglasarc3_binary+banglasarc_binary,ben_sarc_binary,123
8750cbcd30716e8e,1,1,-0.74609375,0.35351562,0.24981309291887951,0.7501869070811205,1.322050315368429,dann_matched,banglasarc3_binary+banglasarc_binary,ben_sarc_binary,123
35bb76969369d9e9,0,0,1.453125,-1.46875,0.9489172630429474,0.05108273695705249,1.322050315368429,dann_matched,banglasarc3_binary+banglasarc_binary,ben_sarc_binary,123
5574b670f64595b7,1,0,0.546875,-0.87109375,0.8050197829785412,0.1949802170214588,1.322050315368429,dann_matched,banglasarc3_binary+banglasarc_binary,ben_sarc_binary,123
74a5e94ad00009ec,0,0,1.46875,-1.4140625,0.9469902279841446,0.05300977201585542,1.322050315368429,dann_matched,banglasarc3_binary+banglasarc_binary,ben_sarc_binary,123
338645f2f751b6bb,0,0,1.609375,-1.515625,0.9579122720843811,0.04208772791561884,1.322050315368429,dann_matched,banglasarc3_binary+banglasarc_binary,ben_sarc_binary,123
964332913baad30a,0,0,1.6328125,-1.6171875,0.9626731126558706,0.037326887344129464,1.322050315368429,dann_matched,banglasarc3_binary+banglasarc_binary,ben_sarc_binary,123
7061481f58ae0124,1,0,1.46875,-1.3984375,0.946200356539936,0.053799643460063995,1.322050315368429,dann_matched,banglasarc3_binary+banglasarc_binary,ben_sarc_binary,123
3255f6be74d39343,1,0,1.484375,-1.4375,0.9489172630429474,0.05108273695705249,1.322050315368429,dann_matched,banglasarc3_binary+banglasarc_binary,ben_sarc_binary,123
d226d2f877152510,0,0,1.4609375,-1.578125,0.9543079676184154,0.04569203238158463,1.322050315368429,dann_matched,banglasarc3_binary+banglasarc_binary,ben_sarc_binary,123
83922a96afcdbbbe,1,0,1.5078125,-1.578125,0.956308939359532,0.04369106064046812,1.322050315368429,dann_matched,banglasarc3_binary+banglasarc_binary,ben_sarc_binary,123
8e5ae398708a27d8,0,0,1.3515625,-1.1875,0.9268352785943768,0.07316472140562331,1.322050315368429,dann_matched,banglasarc3_binary+banglasarc_binary,ben_sarc_binary,123
2cab256f79ae94a3,1,0,1.4765625,-1.390625,0.946200356539936,0.053799643460063995,1.322050315368429,dann_matched,banglasarc3_binary+banglasarc_binary,ben_sarc_binary,123
98565fb3f1a0e44e,1,0,1.453125,-1.328125,0.941654159388319,0.05834584061168106,1.322050315368429,dann_matched,banglasarc3_binary+banglasarc_binary,ben_sarc_binary,123
589b84222d642360,1,0,-0.003540039,-0.33984375,0.5832923716544921,0.41670762834550784,1.322050315368429,dann_matched,banglasarc3_binary+banglasarc_binary,ben_sarc_binary,123
11afd2faf12dff6e,0,0,1.4453125,-1.4375,0.9469902279841446,0.05300977201585542,1.322050315368429,dann_matched,banglasarc3_binary+banglasarc_binary,ben_sarc_binary,123
6cba1bcac75fe32a,0,1,-1.28125,0.9296875,0.09877258875237437,0.9012274112476257,1.322050315368429,dann_matched,banglasarc3_binary+banglasarc_binary,ben_sarc_binary,123
9e6b5a036ddf4910,0,0,1.5234375,-1.4140625,0.9496693674025232,0.05033063259747688,1.322050315368429,dann_matched,banglasarc3_binary+banglasarc_binary,ben_sarc_binary,123
170252d233ec0c47,1,0,1.5625,-1.515625,0.9559813501370537,0.04401864986294638,1.322050315368429,dann_matched,banglasarc3_binary+banglasarc_binary,ben_sarc_binary,123
567596b3a89ef78a,1,0,1.2421875,-1.4921875,0.9390248191350352,0.06097518086496481,1.322050315368429,dann_matched,banglasarc3_binary+banglasarc_binary,ben_sarc_binary,123
ec713bf4db7a14eb,1,0,1.5,-1.421875,0.9489172630429474,0.05108273695705249,1.322050315368429,dann_matched,banglasarc3_binary+banglasarc_binary,ben_sarc_binary,123
e328b51f66cb14d1,0,0,1.578125,-1.59375,0.9597620573763841,0.04023794262361602,1.322050315368429,dann_matched,banglasarc3_binary+banglasarc_binary,ben_sarc_binary,123
c81dda4bea887a55,0,0,1.5703125,-1.4375,0.9529258241789759,0.04707417582102406,1.322050315368429,dann_matched,banglasarc3_binary+banglasarc_binary,ben_sarc_binary,123
84d5bf18345a4682,0,0,1.8125,-1.75,0.9724147177732099,0.027585282226789985,1.322050315368429,dann_matched,banglasarc3_binary+banglasarc_binary,ben_sarc_binary,123
d5bd4121e30b953e,0,0,0.09814453,-0.48828125,0.6425446343727172,0.3574553656272827,1.322050315368429,dann_matched,banglasarc3_binary+banglasarc_binary,ben_sarc_binary,123
e779f7da6cdbc0ea,1,0,1.484375,-1.5,0.9518632288833652,0.04813677111663481,1.322050315368429,dann_matched,banglasarc3_binary+banglasarc_binary,ben_sarc_binary,123
040e874c9702f647,1,0,1.671875,-1.765625,0.9688561694652216,0.031143830534778462,1.322050315368429,dann_matched,banglasarc3_binary+banglasarc_binary,ben_sarc_binary,123
47f485b24ab79b1d,0,0,2.140625,-2.203125,0.9871787857334058,0.012821214266594244,1.322050315368429,dann_matched,banglasarc3_binary+banglasarc_binary,ben_sarc_binary,123
9f73bf8cbd9caf8d,0,0,1.4453125,-1.2578125,0.9372107914029487,0.06278920859705135,1.322050315368429,dann_matched,banglasarc3_binary+banglasarc_binary,ben_sarc_binary,123
58771c82eebc34ae,1,0,1.46875,-1.34375,0.9433475746920261,0.05665242530797383,1.322050315368429,dann_matched,banglasarc3_binary+banglasarc_binary,ben_sarc_binary,123
489262fa567a71f9,0,0,1.46875,-1.375,0.9449947117065459,0.05500528829345415,1.322050315368429,dann_matched,banglasarc3_binary+banglasarc_binary,ben_sarc_binary,123
ba5e29f6a91687fe,0,0,2.0,-2.015625,0.9822877012965885,0.017712298703411445,1.322050315368429,dann_matched,banglasarc3_binary+banglasarc_binary,ben_sarc_binary,123
649bc16d6948cbc5,1,0,1.484375,-1.453125,0.9496693674025232,0.05033063259747688,1.322050315368429,dann_matched,banglasarc3_binary+banglasarc_binary,ben_sarc_binary,123
0be97354f2b430fb,0,0,1.6484375,-1.6328125,0.9637799441350253,0.036220055864974746,1.322050315368429,dann_matched,banglasarc3_binary+banglasarc_binary,ben_sarc_binary,123
bd28274f41b206f5,0,0,1.484375,-1.46875,0.9504109770159683,0.04958902298403175,1.322050315368429,dann_matched,banglasarc3_binary+banglasarc_binary,ben_sarc_binary,123
95ce918eedd2596c,1,0,1.4765625,-1.4140625,0.9473810466522863,0.05261895334771377,1.322050315368429,dann_matched,banglasarc3_binary+banglasarc_binary,ben_sarc_binary,123
eedf8309e57eda9f,0,0,1.5703125,-1.4609375,0.9539660976007597,0.046033902399240385,1.322050315368429,dann_matched,banglasarc3_binary+banglasarc_binary,ben_sarc_binary,123
a476a3d5319abfd0,0,0,1.5234375,-1.515625,0.9543079676184154,0.04569203238158463,1.322050315368429,dann_matched,banglasarc3_binary+banglasarc_binary,ben_sarc_binary,123
1241848f5e9e92f8,1,0,1.453125,-1.421875,0.9465966702001757,0.053403329799824234,1.322050315368429,dann_matched,banglasarc3_binary+banglasarc_binary,ben_sarc_binary,123
819e63812240f3c4,0,0,1.46875,-1.4375,0.94815453335022,0.05184546664977983,1.322050315368429,dann_matched,banglasarc3_binary+banglasarc_binary,ben_sarc_binary,123
0f1a4031c5302a0a,1,1,-1.5,1.171875,0.06465348835622392,0.9353465116437761,1.322050315368429,dann_matched,banglasarc3_binary+banglasarc_binary,ben_sarc_binary,123
e3931838b2fb0877,0,0,1.40625,-1.375,0.941654159388319,0.05834584061168106,1.322050315368429,dann_matched,banglasarc3_binary+banglasarc_binary,ben_sarc_binary,123
0dc6806c139b0655,1,0,1.5390625,-1.375,0.9485372345673925,0.05146276543260743,1.322050315368429,dann_matched,banglasarc3_binary+banglasarc_binary,ben_sarc_binary,123
b7d7681465c2b706,1,0,1.4296875,-1.3515625,0.941654159388319,0.05834584061168106,1.322050315368429,dann_matched,banglasarc3_binary+banglasarc_binary,ben_sarc_binary,123
d4dc95b25f883f97,0,0,1.640625,-1.5,0.9585377272885904,0.04146227271140963,1.322050315368429,dann_matched,banglasarc3_binary+banglasarc_binary,ben_sarc_binary,123
9e6de1309fc84d02,0,0,1.5546875,-1.390625,0.9500414759334155,0.0499585240665846,1.322050315368429,dann_matched,banglasarc3_binary+banglasarc_binary,ben_sarc_binary,123
1333b832b11c2d0f,1,0,0.04736328,-0.18164062,0.5570020816812027,0.44299791831879726,1.322050315368429,dann_matched,banglasarc3_binary+banglasarc_binary,ben_sarc_binary,123
c3c58db0c423eb6a,0,0,1.3359375,-1.2265625,0.9284088005554476,0.07159119944455247,1.322050315368429,dann_matched,banglasarc3_binary+banglasarc_binary,ben_sarc_binary,123
c6bdcbf9255beb6e,0,0,2.0,-2.078125,0.983342959990771,0.01665704000922906,1.322050315368429,dann_matched,banglasarc3_binary+banglasarc_binary,ben_sarc_binary,123
6b00f8746fbc2e0e,0,0,1.9453125,-2.21875,0.9846936454393053,0.015306354560694808,1.322050315368429,dann_matched,banglasarc3_binary+banglasarc_binary,ben_sarc_binary,123
f6fd0e8106f54d11,0,0,1.6328125,-1.609375,0.9623913644941934,0.03760863550580657,1.322050315368429,dann_matched,banglasarc3_binary+banglasarc_binary,ben_sarc_binary,123
5403289f47ae106f,1,1,-1.5546875,1.234375,0.05791808743947446,0.9420819125605256,1.322050315368429,dann_matched,banglasarc3_binary+banglasarc_binary,ben_sarc_binary,123
a5adfe9cdaef00e5,1,0,1.4609375,-1.4453125,0.94815453335022,0.05184546664977983,1.322050315368429,dann_matched,banglasarc3_binary+banglasarc_binary,ben_sarc_binary,123
177e1d5d9fb614e6,0,0,1.5234375,-1.484375,0.9529258241789759,0.04707417582102406,1.322050315368429,dann_matched,banglasarc3_binary+banglasarc_binary,ben_sarc_binary,123
421875c7086a3f51,0,0,1.5234375,-1.4453125,0.9511422213778251,0.048857778622174906,1.322050315368429,dann_matched,banglasarc3_binary+banglasarc_binary,ben_sarc_binary,123
d73ed27fad7c547a,0,0,1.609375,-1.6640625,0.9635062337709722,0.0364937662290278,1.322050315368429,dann_matched,banglasarc3_binary+banglasarc_binary,ben_sarc_binary,123
4ad1b9d537f5fc2c,0,0,1.3125,-1.515625,0.9441768588653856,0.05582314113461443,1.322050315368429,dann_matched,banglasarc3_binary+banglasarc_binary,ben_sarc_binary,123
03182d0cbecd0010,0,1,-0.91796875,0.609375,0.1783826593316426,0.8216173406683573,1.322050315368429,dann_matched,banglasarc3_binary+banglasarc_binary,ben_sarc_binary,123
870a2476051e23e4,1,0,1.453125,-1.3515625,0.9429286027746023,0.057071397225397696,1.322050315368429,dann_matched,banglasarc3_binary+banglasarc_binary,ben_sarc_binary,123
2db8bb498f0c6003,1,1,-1.5078125,0.9765625,0.07696083569602613,0.9230391643039738,1.322050315368429,dann_matched,banglasarc3_binary+banglasarc_binary,ben_sarc_binary,123
a0394151156c270a,0,0,0.7578125,-0.88671875,0.8381505627344117,0.16184943726558834,1.322050315368429,dann_matched,banglasarc3_binary+banglasarc_binary,ben_sarc_binary,123
7d1467d9700a9a82,0,0,1.4453125,-1.359375,0.9429286027746023,0.057071397225397696,1.322050315368429,dann_matched,banglasarc3_binary+banglasarc_binary,ben_sarc_binary,123
065c92d64cf1dd9b,1,0,0.85546875,-0.95703125,0.8596637505099167,0.14033624949008322,1.322050315368429,dann_matched,banglasarc3_binary+banglasarc_binary,ben_sarc_binary,123
633e180e75e536ab,1,1,-1.3984375,1.1015625,0.07585818002124356,0.9241418199787566,1.322050315368429,dann_matched,banglasarc3_binary+banglasarc_binary,ben_sarc_binary,123
5557578deb9b0fce,0,0,1.5078125,-1.515625,0.953621794005189,0.046378205994811086,1.322050315368429,dann_matched,banglasarc3_binary+banglasarc_binary,ben_sarc_binary,123
4d3d83bbdef816f4,1,0,1.53125,-1.4921875,0.953621794005189,0.046378205994811086,1.322050315368429,dann_matched,banglasarc3_binary+banglasarc_binary,ben_sarc_binary,123
f12989caf13eee9c,1,1,-1.5078125,1.1796875,0.06371499425196533,0.9362850057480346,1.322050315368429,dann_matched,banglasarc3_binary+banglasarc_binary,ben_sarc_binary,123
19087b07a66e2d04,0,0,1.515625,-1.4921875,0.9529258241789759,0.04707417582102406,1.322050315368429,dann_matched,banglasarc3_binary+banglasarc_binary,ben_sarc_binary,123
0daf6a9fe3db51ba,1,0,1.5703125,-1.4765625,0.9546474194456936,0.04535258055430642,1.322050315368429,dann_matched,banglasarc3_binary+banglasarc_binary,ben_sarc_binary,123
a55f1eb1df899a98,0,0,1.578125,-1.453125,0.9539660976007597,0.046033902399240385,1.322050315368429,dann_matched,banglasarc3_binary+banglasarc_binary,ben_sarc_binary,123
1612212338f56f3b,0,0,1.46875,-1.3828125,0.9453993942183476,0.05460060578165237,1.322050315368429,dann_matched,banglasarc3_binary+banglasarc_binary,ben_sarc_binary,123
9461030746853dd4,1,1,-0.6171875,0.36328125,0.2727987833151383,0.7272012166848617,1.322050315368429,dann_matched,banglasarc3_binary+banglasarc_binary,ben_sarc_binary,123
1fa3e17dfba98884,0,0,1.453125,-1.484375,0.9496693674025232,0.05033063259747688,1.322050315368429,dann_matched,banglasarc3_binary+banglasarc_binary,ben_sarc_binary,123
79b4dccd48ff87b5,1,0,1.4765625,-1.453125,0.9492946352021694,0.050705364797830506,1.322050315368429,dann_matched,banglasarc3_binary+banglasarc_binary,ben_sarc_binary,123
376d5ca527f868b3,0,0,0.15917969,-0.39648438,0.6354486956575913,0.3645513043424086,1.322050315368429,dann_matched,banglasarc3_binary+banglasarc_binary,ben_sarc_binary,123
d7227b0010fd740b,0,0,1.5234375,-1.515625,0.9543079676184154,0.04569203238158463,1.322050315368429,dann_matched,banglasarc3_binary+banglasarc_binary,ben_sarc_binary,123
a43f9bfb98b03f40,0,0,0.64453125,-0.921875,0.8272706871360163,0.1727293128639838,1.322050315368429,dann_matched,banglasarc3_binary+banglasarc_binary,ben_sarc_binary,123
aff4643c4c9b7ae2,1,0,0.9296875,-1.09375,0.8832359864017768,0.11676401359822318,1.322050315368429,dann_matched,banglasarc3_binary+banglasarc_binary,ben_sarc_binary,123
6d44a641dfbcc56a,0,0,0.071777344,-0.39648438,0.6149722460990507,0.38502775390094934,1.322050315368429,dann_matched,banglasarc3_binary+banglasarc_binary,ben_sarc_binary,123
b20dd15e03b7c3ec,0,0,1.65625,-1.5703125,0.9618217257384336,0.03817827426156642,1.322050315368429,dann_matched,banglasarc3_binary+banglasarc_binary,ben_sarc_binary,123
27067ddb745636e7,1,0,0.6328125,-0.79296875,0.8062431344561782,0.19375686554382185,1.322050315368429,dann_matched,banglasarc3_binary+banglasarc_binary,ben_sarc_binary,123
8a664744fbe00ffd,0,0,1.6015625,-1.5234375,0.9579122720843811,0.04208772791561884,1.322050315368429,dann_matched,banglasarc3_binary+banglasarc_binary,ben_sarc_binary,123
880af406453f7efa,1,0,1.484375,-1.4609375,0.9500414759334155,0.0499585240665846,1.322050315368429,dann_matched,banglasarc3_binary+banglasarc_binary,ben_sarc_binary,123
b6811ac5f15a8d7b,1,1,-0.66796875,0.3828125,0.259075107596318,0.740924892403682,1.322050315368429,dann_matched,banglasarc3_binary+banglasarc_binary,ben_sarc_binary,123
a3ed08c237c68fb9,0,0,1.5,-1.4140625,0.9485372345673925,0.05146276543260743,1.322050315368429,dann_matched,banglasarc3_binary+banglasarc_binary,ben_sarc_binary,123
9f3eaa1a1d05eb72,0,0,1.4375,-1.4453125,0.9469902279841446,0.05300977201585542,1.322050315368429,dann_matched,banglasarc3_binary+banglasarc_binary,ben_sarc_binary,123
26ed003e32ab865c,0,0,1.421875,-1.421875,0.9449947117065459,0.05500528829345415,1.322050315368429,dann_matched,banglasarc3_binary+banglasarc_binary,ben_sarc_binary,123
9a184d455118d333,1,0,1.53125,-1.4609375,0.9522199336364293,0.047780066363570746,1.322050315368429,dann_matched,banglasarc3_binary+banglasarc_binary,ben_sarc_binary,123
2c0aae198bf759ff,0,0,1.4296875,-1.5,0.9492946352021694,0.050705364797830506,1.322050315368429,dann_matched,banglasarc3_binary+banglasarc_binary,ben_sarc_binary,123
9949e129134f5f66,1,0,1.4296875,-1.421875,0.9453993942183476,0.05460060578165237,1.322050315368429,dann_matched,banglasarc3_binary+banglasarc_binary,ben_sarc_binary,123
ca3387ff0633628b,1,0,1.5390625,-1.46875,0.9529258241789759,0.04707417582102406,1.322050315368429,dann_matched,banglasarc3_binary+banglasarc_binary,ben_sarc_binary,123
1c126c8fef337a3c,0,0,1.4140625,-1.265625,0.9358173563909802,0.06418264360901972,1.322050315368429,dann_matched,banglasarc3_binary+banglasarc_binary,ben_sarc_binary,123
953dcdb87df3be60,1,0,1.5390625,-1.5,0.9543079676184154,0.04569203238158463,1.322050315368429,dann_matched,banglasarc3_binary+banglasarc_binary,ben_sarc_binary,123
32fff3de71cdef49,1,1,-1.515625,1.0703125,0.07004896087717674,0.9299510391228232,1.322050315368429,dann_matched,banglasarc3_binary+banglasarc_binary,ben_sarc_binary,123
1c05fc972ecead2a,0,0,-0.16113281,-0.24511719,0.5209837613377835,0.4790162386622166,1.322050315368429,dann_matched,banglasarc3_binary+banglasarc_binary,ben_sarc_binary,123
0961cc9d3ee5fd37,0,0,0.16210938,-0.42382812,0.6424324776295582,0.3575675223704418,1.322050315368429,dann_matched,banglasarc3_binary+banglasarc_binary,ben_sarc_binary,123
b0affc6e4971517c,1,1,-1.6640625,1.3046875,0.048857778622174906,0.9511422213778251,1.322050315368429,dann_matched,banglasarc3_binary+banglasarc_binary,ben_sarc_binary,123
193cca363d4123a6,1,1,-1.5390625,1.1796875,0.061875985723642724,0.9381240142763573,1.322050315368429,dann_matched,banglasarc3_binary+banglasarc_binary,ben_sarc_binary,123
50a6e2d42cff371b,0,0,0.6640625,-0.76171875,0.8062431344561782,0.19375686554382185,1.322050315368429,dann_matched,banglasarc3_binary+banglasarc_binary,ben_sarc_binary,123
672eb2086ddcbbe1,1,0,1.4375,-1.53125,0.9511422213778251,0.048857778622174906,1.322050315368429,dann_matched,banglasarc3_binary+banglasarc_binary,ben_sarc_binary,123
0312204dbf940cfb,1,0,1.484375,-1.4375,0.9489172630429474,0.05108273695705249,1.322050315368429,dann_matched,banglasarc3_binary+banglasarc_binary,ben_sarc_binary,123
058ce4b27f83819a,0,0,1.5,-1.484375,0.9518632288833652,0.04813677111663481,1.322050315368429,dann_matched,banglasarc3_binary+banglasarc_binary,ben_sarc_binary,123
d3b503881555ca8e,1,0,1.703125,-1.671875,0.9669140216112958,0.033085978388704126,1.322050315368429,dann_matched,banglasarc3_binary+banglasarc_binary,ben_sarc_binary,123
5210168bee915a26,1,0,1.859375,-1.8828125,0.9768465889071616,0.023153411092838465,1.322050315368429,dann_matched,banglasarc3_binary+banglasarc_binary,ben_sarc_binary,123
685a555248220082,1,0,1.4609375,-1.4453125,0.94815453335022,0.05184546664977983,1.322050315368429,dann_matched,banglasarc3_binary+banglasarc_binary,ben_sarc_binary,123
6a5bb267249b2180,1,1,-1.28125,0.9140625,0.10017221862592252,0.8998277813740775,1.322050315368429,dann_matched,banglasarc3_binary+banglasarc_binary,ben_sarc_binary,123
46f49cffc555fc9d,1,0,1.46875,-1.453125,0.9489172630429474,0.05108273695705249,1.322050315368429,dann_matched,banglasarc3_binary+banglasarc_binary,ben_sarc_binary,123
7e7b79739f1ec0db,1,0,1.5,-1.4921875,0.9522199336364293,0.047780066363570746,1.322050315368429,dann_matched,banglasarc3_binary+banglasarc_binary,ben_sarc_binary,123
b1f6025d38776968,0,0,1.5546875,-1.4140625,0.9511422213778251,0.048857778622174906,1.322050315368429,dann_matched,banglasarc3_binary+banglasarc_binary,ben_sarc_binary,123
4131fbfd9263bf35,1,0,1.484375,-1.390625,0.9465966702001757,0.053403329799824234,1.322050315368429,dann_matched,banglasarc3_binary+banglasarc_binary,ben_sarc_binary,123
d3a3ba1fec3b97f6,0,0,1.171875,-1.3046875,0.9224823435231172,0.07751765647688268,1.322050315368429,dann_matched,banglasarc3_binary+banglasarc_binary,ben_sarc_binary,123
e3890188a06f0e77,0,0,1.375,-1.59375,0.9511422213778251,0.048857778622174906,1.322050315368429,dann_matched,banglasarc3_binary+banglasarc_binary,ben_sarc_binary,123
d1075df914f160d5,1,0,1.4296875,-1.4609375,0.9473810466522863,0.05261895334771377,1.322050315368429,dann_matched,banglasarc3_binary+banglasarc_binary,ben_sarc_binary,123
8f6472a835d94967,1,0,1.5234375,-1.4765625,0.9525741268224334,0.04742587317756679,1.322050315368429,dann_matched,banglasarc3_binary+banglasarc_binary,ben_sarc_binary,123
032e5c00ee8b3ebb,0,0,1.5234375,-1.515625,0.9543079676184154,0.04569203238158463,1.322050315368429,dann_matched,banglasarc3_binary+banglasarc_binary,ben_sarc_binary,123
212ef02baf986cb0,1,1,-1.484375,0.99609375,0.07723878631706028,0.9227612136829397,1.322050315368429,dann_matched,banglasarc3_binary+banglasarc_binary,ben_sarc_binary,123
e3e43423f206655d,0,0,1.53125,-1.4140625,0.9500414759334155,0.0499585240665846,1.322050315368429,dann_matched,banglasarc3_binary+banglasarc_binary,ben_sarc_binary,123
115ff8a88922a25f,0,0,1.4921875,-1.609375,0.9569571506599678,0.04304284934003218,1.322050315368429,dann_matched,banglasarc3_binary+banglasarc_binary,ben_sarc_binary,123
d85bcd82f243d10a,1,0,1.4296875,-1.2890625,0.9381240142763573,0.061875985723642724,1.322050315368429,dann_matched,banglasarc3_binary+banglasarc_binary,ben_sarc_binary,123
f901240d1cdac122,0,1,-0.40234375,-0.15917969,0.4395067652119536,0.5604932347880464,1.322050315368429,dann_matched,banglasarc3_binary+banglasarc_binary,ben_sarc_binary,123
acc546f2fdd8a632,1,0,1.5546875,-1.4453125,0.9525741268224334,0.04742587317756679,1.322050315368429,dann_matched,banglasarc3_binary+banglasarc_binary,ben_sarc_binary,123
dbf36334276e7b88,0,0,2.3125,-2.671875,0.9932024684496267,0.006797531550373378,1.322050315368429,dann_matched,banglasarc3_binary+banglasarc_binary,ben_sarc_binary,123
9275ce84b735b8f6,0,0,1.953125,-2.0,0.9811668701095654,0.018833129890434692,1.322050315368429,dann_matched,banglasarc3_binary+banglasarc_binary,ben_sarc_binary,123
42d18093cbbfa2ef,0,0,1.453125,-1.40625,0.9458012701768145,0.05419872982318558,1.322050315368429,dann_matched,banglasarc3_binary+banglasarc_binary,ben_sarc_binary,123
f159c5453a54cad8,0,0,0.50390625,-0.69921875,0.7690802370707283,0.23091976292927183,1.322050315368429,dann_matched,banglasarc3_binary+banglasarc_binary,ben_sarc_binary,123
0a1f1aa07275b449,0,0,1.484375,-1.46875,0.9504109770159683,0.04958902298403175,1.322050315368429,dann_matched,banglasarc3_binary+banglasarc_binary,ben_sarc_binary,123
bc0840b410ff58da,0,0,0.3984375,-0.50390625,0.711430905738061,0.2885690942619391,1.322050315368429,dann_matched,banglasarc3_binary+banglasarc_binary,ben_sarc_binary,123
40c13c3dbed2bf91,1,0,1.3125,-1.25,0.9284088005554476,0.07159119944455247,1.322050315368429,dann_matched,banglasarc3_binary+banglasarc_binary,ben_sarc_binary,123
231548fa08598e6b,1,0,1.53125,-1.4140625,0.9500414759334155,0.0499585240665846,1.322050315368429,dann_matched,banglasarc3_binary+banglasarc_binary,ben_sarc_binary,123
7ba83bc076c53489,1,1,-0.94921875,0.6171875,0.1727293128639838,0.8272706871360163,1.322050315368429,dann_matched,banglasarc3_binary+banglasarc_binary,ben_sarc_binary,123
ed9ba3fc9a39ce9a,0,0,1.375,-1.4453125,0.9437636542955161,0.056236345704483756,1.322050315368429,dann_matched,banglasarc3_binary+banglasarc_binary,ben_sarc_binary,123
f83ebb2bc71e70e1,0,0,1.6953125,-1.5546875,0.9626731126558706,0.037326887344129464,1.322050315368429,dann_matched,banglasarc3_binary+banglasarc_binary,ben_sarc_binary,123
d6c7fbb695b5f852,0,0,1.609375,-1.71875,0.9653811611608242,0.03461883883917583,1.322050315368429,dann_matched,banglasarc3_binary+banglasarc_binary,ben_sarc_binary,123
96983cbab4a52f91,0,0,1.4921875,-1.4375,0.9492946352021694,0.050705364797830506,1.322050315368429,dann_matched,banglasarc3_binary+banglasarc_binary,ben_sarc_binary,123
e093413e67db5bcd,0,0,1.46875,-1.453125,0.9489172630429474,0.05108273695705249,1.322050315368429,dann_matched,banglasarc3_binary+banglasarc_binary,ben_sarc_binary,123
cf547ecc6044a61a,0,0,1.6484375,-1.5234375,0.9597620573763841,0.04023794262361602,1.322050315368429,dann_matched,banglasarc3_binary+banglasarc_binary,ben_sarc_binary,123
8a3e8a297a5455e7,0,0,1.484375,-1.5625,0.9546474194456936,0.04535258055430642,1.322050315368429,dann_matched,banglasarc3_binary+banglasarc_binary,ben_sarc_binary,123
0eaab65315c71c77,0,0,1.2890625,-1.5703125,0.9458012701768145,0.05419872982318558,1.322050315368429,dann_matched,banglasarc3_binary+banglasarc_binary,ben_sarc_binary,123
d0a3651de2faf59f,1,0,0.044921875,-0.16210938,0.5515737314522255,0.44842626854777434,1.322050315368429,dann_matched,banglasarc3_binary+banglasarc_binary,ben_sarc_binary,123
b8cab169b71f38dd,0,0,1.5,-1.4140625,0.9485372345673925,0.05146276543260743,1.322050315368429,dann_matched,banglasarc3_binary+banglasarc_binary,ben_sarc_binary,123
5b731588288cfa9f,1,0,1.40625,-1.3984375,0.9429286027746023,0.057071397225397696,1.322050315368429,dann_matched,banglasarc3_binary+banglasarc_binary,ben_sarc_binary,123
115330b45d1263b9,1,0,1.5390625,-1.5390625,0.9559813501370537,0.04401864986294638,1.322050315368429,dann_matched,banglasarc3_binary+banglasarc_binary,ben_sarc_binary,123
8bc57114d5945599,0,0,1.3046875,-1.421875,0.9385759599453297,0.06142404005467019,1.322050315368429,dann_matched,banglasarc3_binary+banglasarc_binary,ben_sarc_binary,123
9ffb5f4c10e0f71c,1,0,1.4453125,-1.4453125,0.9473810466522863,0.05261895334771377,1.322050315368429,dann_matched,banglasarc3_binary+banglasarc_binary,ben_sarc_binary,123
b003246e2ca9a98c,0,0,1.9921875,-2.171875,0.9846936454393053,0.015306354560694808,1.322050315368429,dann_matched,banglasarc3_binary+banglasarc_binary,ben_sarc_binary,123
a3b6470c3fc0c3b8,1,0,1.5,-1.359375,0.9458012701768145,0.05419872982318558,1.322050315368429,dann_matched,banglasarc3_binary+banglasarc_binary,ben_sarc_binary,123
6f223eded9a6b3ba,1,0,1.671875,-1.5390625,0.9612438064128053,0.03875619358719477,1.322050315368429,dann_matched,banglasarc3_binary+banglasarc_binary,ben_sarc_binary,123
e42d87cecb8d9a16,0,0,1.46875,-1.5859375,0.9549844683997677,0.04501553160023231,1.322050315368429,dann_matched,banglasarc3_binary+banglasarc_binary,ben_sarc_binary,123
b418341574acf6e8,1,0,1.5078125,-1.4296875,0.9496693674025232,0.05033063259747688,1.322050315368429,dann_matched,banglasarc3_binary+banglasarc_binary,ben_sarc_binary,123
2642ca12eab5dd5e,0,0,1.4375,-1.3359375,0.9412234441519332,0.05877655584806683,1.322050315368429,dann_matched,banglasarc3_binary+banglasarc_binary,ben_sarc_binary,123
fd57da469790081d,1,0,1.4921875,-1.4453125,0.9496693674025232,0.05033063259747688,1.322050315368429,dann_matched,banglasarc3_binary+banglasarc_binary,ben_sarc_binary,123
c77081796f2e3772,1,1,-0.60546875,0.22070312,0.30445511497547334,0.6955448850245266,1.322050315368429,dann_matched,banglasarc3_binary+banglasarc_binary,ben_sarc_binary,123
579f89dc6bd9a06f,1,1,-0.27539062,0.0546875,0.41822161426363097,0.581778385736369,1.322050315368429,dann_matched,banglasarc3_binary+banglasarc_binary,ben_sarc_binary,123
e424556137a5b5af,1,0,1.4921875,-1.5078125,0.9525741268224334,0.04742587317756679,1.322050315368429,dann_matched,banglasarc3_binary+banglasarc_binary,ben_sarc_binary,123
c10f44abdef15fce,1,0,0.84375,-1.0390625,0.8679338421303608,0.13206615786963916,1.322050315368429,dann_matched,banglasarc3_binary+banglasarc_binary,ben_sarc_binary,123
0666046f4d173295,0,0,1.6796875,-1.546875,0.9618217257384336,0.03817827426156642,1.322050315368429,dann_matched,banglasarc3_binary+banglasarc_binary,ben_sarc_binary,123
d0b8ef63fe1f150d,0,0,1.5,-1.578125,0.9559813501370537,0.04401864986294638,1.322050315368429,dann_matched,banglasarc3_binary+banglasarc_binary,ben_sarc_binary,123
7ce24a4163e2ea9a,1,1,-1.3515625,0.93359375,0.09235979794788486,0.9076402020521152,1.322050315368429,dann_matched,banglasarc3_binary+banglasarc_binary,ben_sarc_binary,123
9f57e3e71392311b,0,0,1.4765625,-1.484375,0.9507778868028013,0.04922211319719861,1.322050315368429,dann_matched,banglasarc3_binary+banglasarc_binary,ben_sarc_binary,123
2a5d4fbb51377360,1,0,1.53125,-1.421875,0.9504109770159683,0.04958902298403175,1.322050315368429,dann_matched,banglasarc3_binary+banglasarc_binary,ben_sarc_binary,123
7ea39f2ebc035ce6,1,0,1.5,-1.4296875,0.9492946352021694,0.050705364797830506,1.322050315368429,dann_matched,banglasarc3_binary+banglasarc_binary,ben_sarc_binary,123
2d4a09a110f09d32,0,0,1.484375,-1.6015625,0.956308939359532,0.04369106064046812,1.322050315368429,dann_matched,banglasarc3_binary+banglasarc_binary,ben_sarc_binary,123
71cbbfa416b10d57,0,0,1.2734375,-1.265625,0.9268352785943768,0.07316472140562331,1.322050315368429,dann_matched,banglasarc3_binary+banglasarc_binary,ben_sarc_binary,123
76bee781e5684cae,0,0,2.078125,-2.15625,0.9857180660748888,0.014281933925111153,1.322050315368429,dann_matched,banglasarc3_binary+banglasarc_binary,ben_sarc_binary,123
a6c293996042ae82,0,1,-1.21875,0.9609375,0.10158944591881586,0.8984105540811842,1.322050315368429,dann_matched,banglasarc3_binary+banglasarc_binary,ben_sarc_binary,123
f91851e83394dc83,0,0,0.60546875,-0.88671875,0.8164063773658039,0.18359362263419612,1.322050315368429,dann_matched,banglasarc3_binary+banglasarc_binary,ben_sarc_binary,123
804802597e75eae2,0,0,1.546875,-1.5078125,0.9549844683997677,0.04501553160023231,1.322050315368429,dann_matched,banglasarc3_binary+banglasarc_binary,ben_sarc_binary,123
624b5c3a669c5b3b,0,0,1.4609375,-1.4765625,0.9496693674025232,0.05033063259747688,1.322050315368429,dann_matched,banglasarc3_binary+banglasarc_binary,ben_sarc_binary,123
3cac9ee3a6e679ea,1,0,1.5078125,-1.4140625,0.9489172630429474,0.05108273695705249,1.322050315368429,dann_matched,banglasarc3_binary+banglasarc_binary,ben_sarc_binary,123
e787b11f7cc9753b,1,0,1.3671875,-1.3671875,0.9390248191350352,0.06097518086496481,1.322050315368429,dann_matched,banglasarc3_binary+banglasarc_binary,ben_sarc_binary,123
617b2b4d88283a29,1,1,-1.5625,1.265625,0.05582314113461443,0.9441768588653856,1.322050315368429,dann_matched,banglasarc3_binary+banglasarc_binary,ben_sarc_binary,123
8053407500d81b56,0,1,-1.0703125,0.85546875,0.12721826766848623,0.8727817323315137,1.322050315368429,dann_matched,banglasarc3_binary+banglasarc_binary,ben_sarc_binary,123
47f6799f39cd4378,0,0,1.484375,-1.53125,0.9532750413739076,0.04672495862609242,1.322050315368429,dann_matched,banglasarc3_binary+banglasarc_binary,ben_sarc_binary,123
b1a6ced6f1a96914,1,0,0.265625,-0.45703125,0.6731916730260219,0.326808326973978,1.322050315368429,dann_matched,banglasarc3_binary+banglasarc_binary,ben_sarc_binary,123
7cdc7ce6b5c0a3e2,1,1,-1.390625,0.8984375,0.09203286011100995,0.90796713988899,1.322050315368429,dann_matched,banglasarc3_binary+banglasarc_binary,ben_sarc_binary,123
e80909535fe5f573,1,0,1.4609375,-1.453125,0.9485372345673925,0.05146276543260743,1.322050315368429,dann_matched,banglasarc3_binary+banglasarc_binary,ben_sarc_binary,123
379eb8de89a73bf4,1,1,-1.453125,1.078125,0.07369626970604846,0.9263037302939515,1.322050315368429,dann_matched,banglasarc3_binary+banglasarc_binary,ben_sarc_binary,123
79fcc1ce43bf3a53,1,0,1.1796875,-1.265625,0.9202179865359069,0.079782013464093,1.322050315368429,dann_matched,banglasarc3_binary+banglasarc_binary,ben_sarc_binary,123
eec034934c363500,0,0,1.5234375,-1.4609375,0.9518632288833652,0.04813677111663481,1.322050315368429,dann_matched,banglasarc3_binary+banglasarc_binary,ben_sarc_binary,123
bf2702b90c36accd,0,1,-1.6328125,1.2265625,0.05419872982318558,0.9458012701768145,1.322050315368429,dann_matched,banglasarc3_binary+banglasarc_binary,ben_sarc_binary,123
f5862eabb76b7377,0,0,1.5,-1.375,0.9465966702001757,0.053403329799824234,1.322050315368429,dann_matched,banglasarc3_binary+banglasarc_binary,ben_sarc_binary,123
25c8a4488f8ecfa5,0,0,1.5859375,-1.4765625,0.9553191297273498,0.0446808702726502,1.322050315368429,dann_matched,banglasarc3_binary+banglasarc_binary,ben_sarc_binary,123
6890b765bfa6fa51,0,0,0.021240234,-0.28125,0.5750511621578978,0.42494883784210224,1.322050315368429,dann_matched,banglasarc3_binary+banglasarc_binary,ben_sarc_binary,123
c5ec631c8d718346,0,0,1.65625,-1.5,0.9591542840900507,0.040845715909949315,1.322050315368429,dann_matched,banglasarc3_binary+banglasarc_binary,ben_sarc_binary,123
59550c150689b914,0,0,1.078125,-1.1953125,0.9066531214804244,0.09334687851957546,1.322050315368429,dann_matched,banglasarc3_binary+banglasarc_binary,ben_sarc_binary,123
2c3d3dcb6ff534db,1,1,-0.6953125,0.23730469,0.2823940456928256,0.7176059543071744,1.322050315368429,dann_matched,banglasarc3_binary+banglasarc_binary,ben_sarc_binary,123
f185f94b3d6e8453,1,0,1.4921875,-1.3671875,0.9458012701768145,0.05419872982318558,1.322050315368429,dann_matched,banglasarc3_binary+banglasarc_binary,ben_sarc_binary,123
127cb8ece49207e0,1,0,1.2265625,-1.2109375,0.9196425311777929,0.08035746882220708,1.322050315368429,dann_matched,banglasarc3_binary+banglasarc_binary,ben_sarc_binary,123
68713bd518a5ad7b,1,0,1.40625,-1.3671875,0.9412234441519332,0.05877655584806683,1.322050315368429,dann_matched,banglasarc3_binary+banglasarc_binary,ben_sarc_binary,123
8a6f085ac6d2f203,1,0,1.5078125,-1.5234375,0.9539660976007597,0.046033902399240385,1.322050315368429,dann_matched,banglasarc3_binary+banglasarc_binary,ben_sarc_binary,123
a9ec88af64a7f9f3,0,0,1.65625,-1.546875,0.9609517072737735,0.03904829272622638,1.322050315368429,dann_matched,banglasarc3_binary+banglasarc_binary,ben_sarc_binary,123
ec5cd953c5973e2b,1,1,-1.1953125,0.9609375,0.10374862686637971,0.8962513731336202,1.322050315368429,dann_matched,banglasarc3_binary+banglasarc_binary,ben_sarc_binary,123
8924c495b7c664e3,1,0,1.4609375,-1.4453125,0.94815453335022,0.05184546664977983,1.322050315368429,dann_matched,banglasarc3_binary+banglasarc_binary,ben_sarc_binary,123
cec2ce82b7794f1e,0,1,-0.37890625,-0.03125,0.4139508894967744,0.5860491105032255,1.322050315368429,dann_matched,banglasarc3_binary+banglasarc_binary,ben_sarc_binary,123
1478d9ad3f7edb50,0,0,1.7109375,-1.5078125,0.9615338079816756,0.03846619201832428,1.322050315368429,dann_matched,banglasarc3_binary+banglasarc_binary,ben_sarc_binary,123
4a7f8157b545ddce,1,0,1.6640625,-1.6015625,0.9632305339244013,0.036769466075598736,1.322050315368429,dann_matched,banglasarc3_binary+banglasarc_binary,ben_sarc_binary,123
4a72125bf1373604,1,0,1.4921875,-1.5,0.9522199336364293,0.047780066363570746,1.322050315368429,dann_matched,banglasarc3_binary+banglasarc_binary,ben_sarc_binary,123
abde2bc5ac3c3e7a,0,0,1.5703125,-1.4453125,0.9532750413739076,0.04672495862609242,1.322050315368429,dann_matched,banglasarc3_binary+banglasarc_binary,ben_sarc_binary,123
68be15b0d8a43825,1,1,-1.1171875,0.74609375,0.13432105377342907,0.865678946226571,1.322050315368429,dann_matched,banglasarc3_binary+banglasarc_binary,ben_sarc_binary,123
46d3f761ec5ebfd6,0,1,-0.33398438,-0.041259766,0.4273369688147659,0.5726630311852342,1.322050315368429,dann_matched,banglasarc3_binary+banglasarc_binary,ben_sarc_binary,123
8c86e8e81ade2294,1,0,2.3125,-2.21875,0.9893474891602738,0.010652510839726164,1.322050315368429,dann_matched,banglasarc3_binary+banglasarc_binary,ben_sarc_binary,123
833657fc01e3b237,0,0,1.484375,-1.4609375,0.9500414759334155,0.0499585240665846,1.322050315368429,dann_matched,banglasarc3_binary+banglasarc_binary,ben_sarc_binary,123
0af716cdfcee581c,0,0,1.4375,-1.328125,0.9407897492587141,0.05921025074128593,1.322050315368429,dann_matched,banglasarc3_binary+banglasarc_binary,ben_sarc_binary,123
276ca98561d30e9f,1,0,2.078125,-2.140625,0.985496420308618,0.014503579691381979,1.322050315368429,dann_matched,banglasarc3_binary+banglasarc_binary,ben_sarc_binary,123
cde745740c1b2bf4,1,1,-0.33398438,-0.037597656,0.4264410165154511,0.5735589834845489,1.322050315368429,dann_matched,banglasarc3_binary+banglasarc_binary,ben_sarc_binary,123
83fe70683634ea49,1,1,-0.55859375,0.18945312,0.32124702583500586,0.6787529741649941,1.322050315368429,dann_matched,banglasarc3_binary+banglasarc_binary,ben_sarc_binary,123
cdaf30497cbd61d8,1,1,-2.0625,1.7265625,0.022116588802079524,0.9778834111979205,1.322050315368429,dann_matched,banglasarc3_binary+banglasarc_binary,ben_sarc_binary,123
7c960d5d01651aea,0,0,2.046875,-2.03125,0.983342959990771,0.01665704000922906,1.322050315368429,dann_matched,banglasarc3_binary+banglasarc_binary,ben_sarc_binary,123
622402e3c21adbe3,1,0,0.036132812,-0.29492188,0.5820159764067886,0.41798402359321135,1.322050315368429,dann_matched,banglasarc3_binary+banglasarc_binary,ben_sarc_binary,123
cf132b639200e15b,1,0,1.515625,-1.53125,0.9546474194456936,0.04535258055430642,1.322050315368429,dann_matched,banglasarc3_binary+banglasarc_binary,ben_sarc_binary,123
fe2ba1929f0eed88,1,0,1.484375,-1.453125,0.9496693674025232,0.05033063259747688,1.322050315368429,dann_matched,banglasarc3_binary+banglasarc_binary,ben_sarc_binary,123
1161613fcb9e48e4,0,0,1.546875,-1.5,0.9546474194456936,0.04535258055430642,1.322050315368429,dann_matched,banglasarc3_binary+banglasarc_binary,ben_sarc_binary,123
15272112fe527d5f,1,0,0.609375,-1.140625,0.8519528019683106,0.1480471980316895,1.322050315368429,dann_matched,banglasarc3_binary+banglasarc_binary,ben_sarc_binary,123
38eb4b8b7caad902,1,1,-1.4140625,1.0625,0.07751765647688268,0.9224823435231172,1.322050315368429,dann_matched,banglasarc3_binary+banglasarc_binary,ben_sarc_binary,123
b83a30fe22a00c4f,1,0,1.453125,-1.453125,0.94815453335022,0.05184546664977983,1.322050315368429,dann_matched,banglasarc3_binary+banglasarc_binary,ben_sarc_binary,123
94c4e3c8973e6a09,1,0,1.484375,-1.4453125,0.9492946352021694,0.050705364797830506,1.322050315368429,dann_matched,banglasarc3_binary+banglasarc_binary,ben_sarc_binary,123
14355a4f9077810c,0,1,-1.0703125,0.890625,0.12336562437275558,0.8766343756272444,1.322050315368429,dann_matched,banglasarc3_binary+banglasarc_binary,ben_sarc_binary,123
758722c0b98c4fb1,1,0,1.5390625,-1.3984375,0.9496693674025232,0.05033063259747688,1.322050315368429,dann_matched,banglasarc3_binary+banglasarc_binary,ben_sarc_binary,123
211aaec06cdc2544,1,0,1.2890625,-1.34375,0.9329437130748804,0.06705628692511957,1.322050315368429,dann_matched,banglasarc3_binary+banglasarc_binary,ben_sarc_binary,123
dbc176196595657b,1,1,-1.0390625,0.70703125,0.14854056798294435,0.8514594320170558,1.322050315368429,dann_matched,banglasarc3_binary+banglasarc_binary,ben_sarc_binary,123
25c3e0fbf3381492,1,0,1.5546875,-1.453125,0.9529258241789759,0.04707417582102406,1.322050315368429,dann_matched,banglasarc3_binary+banglasarc_binary,ben_sarc_binary,123
8a3c3de25210e7db,0,1,-1.4921875,1.09375,0.07004896087717674,0.9299510391228232,1.322050315368429,dann_matched,banglasarc3_binary+banglasarc_binary,ben_sarc_binary,123
3bcc94c7e27435b4,0,0,1.484375,-1.4765625,0.9507778868028013,0.04922211319719861,1.322050315368429,dann_matched,banglasarc3_binary+banglasarc_binary,ben_sarc_binary,123
768c6271ecfab2ae,1,0,1.4765625,-1.484375,0.9507778868028013,0.04922211319719861,1.322050315368429,dann_matched,banglasarc3_binary+banglasarc_binary,ben_sarc_binary,123
22d6060c585fec32,0,0,1.5,-1.6875,0.96036116089903,0.039638839100970026,1.322050315368429,dann_matched,banglasarc3_binary+banglasarc_binary,ben_sarc_binary,123
ef6ecd1b728fa32f,0,0,1.546875,-1.5,0.9546474194456936,0.04535258055430642,1.322050315368429,dann_matched,banglasarc3_binary+banglasarc_binary,ben_sarc_binary,123
f19b4660b714114c,1,0,1.2734375,-1.5078125,0.941654159388319,0.05834584061168106,1.322050315368429,dann_matched,banglasarc3_binary+banglasarc_binary,ben_sarc_binary,123
22f15f8529896bf7,0,0,1.515625,-1.4375,0.9504109770159683,0.04958902298403175,1.322050315368429,dann_matched,banglasarc3_binary+banglasarc_binary,ben_sarc_binary,123
3d99f8bb2dac2c7b,1,0,1.4921875,-1.5078125,0.9525741268224334,0.04742587317756679,1.322050315368429,dann_matched,banglasarc3_binary+banglasarc_binary,ben_sarc_binary,123
0dff4e01ac656b54,1,0,1.5390625,-1.6328125,0.9597620573763841,0.04023794262361602,1.322050315368429,dann_matched,banglasarc3_binary+banglasarc_binary,ben_sarc_binary,123
e3d6d21ae030b514,1,0,1.5078125,-1.625,0.9582261192116938,0.04177388078830622,1.322050315368429,dann_matched,banglasarc3_binary+banglasarc_binary,ben_sarc_binary,123
d9eaf3a412615e80,0,0,1.6171875,-1.5078125,0.9579122720843811,0.04208772791561884,1.322050315368429,dann_matched,banglasarc3_binary+banglasarc_binary,ben_sarc_binary,123
1b8e062f13517345,0,1,-0.6640625,0.2734375,0.28140560742914383,0.7185943925708561,1.322050315368429,dann_matched,banglasarc3_binary+banglasarc_binary,ben_sarc_binary,123
22d6db9deb8a1bfe,1,0,1.515625,-1.515625,0.9539660976007597,0.046033902399240385,1.322050315368429,dann_matched,banglasarc3_binary+banglasarc_binary,ben_sarc_binary,123
e9051e497e1ded60,1,1,-0.70703125,0.40820312,0.2468963276503175,0.7531036723496825,1.322050315368429,dann_matched,banglasarc3_binary+banglasarc_binary,ben_sarc_binary,123
707856f12f8403bc,0,0,1.46875,-1.53125,0.9525741268224334,0.04742587317756679,1.322050315368429,dann_matched,banglasarc3_binary+banglasarc_binary,ben_sarc_binary,123
310cdae150763e6a,1,0,1.515625,-1.46875,0.9518632288833652,0.04813677111663481,1.322050315368429,dann_matched,banglasarc3_binary+banglasarc_binary,ben_sarc_binary,123
443389cb41802b10,1,0,1.5234375,-1.5234375,0.9546474194456936,0.04535258055430642,1.322050315368429,dann_matched,banglasarc3_binary+banglasarc_binary,ben_sarc_binary,123
2a9a4d17a1394ea6,1,0,0.9375,-1.0625,0.8807970779778823,0.11920292202211755,1.322050315368429,dann_matched,banglasarc3_binary+banglasarc_binary,ben_sarc_binary,123
b68ccc0846211841,0,0,1.5,-1.4765625,0.9515039967560431,0.048496003243956885,1.322050315368429,dann_matched,banglasarc3_binary+banglasarc_binary,ben_sarc_binary,123
58582311a09fe7d2,1,0,1.5078125,-1.3828125,0.9473810466522863,0.05261895334771377,1.322050315368429,dann_matched,banglasarc3_binary+banglasarc_binary,ben_sarc_binary,123
42ab72f70de96a78,1,0,1.5703125,-1.4921875,0.9553191297273498,0.0446808702726502,1.322050315368429,dann_matched,banglasarc3_binary+banglasarc_binary,ben_sarc_binary,123
d24c2c653a432da8,1,1,-0.81640625,0.47460938,0.21568095536429607,0.7843190446357039,1.322050315368429,dann_matched,banglasarc3_binary+banglasarc_binary,ben_sarc_binary,123
843b09de4f5b7ba6,0,1,-0.546875,0.24707031,0.31132216272346264,0.6886778372765373,1.322050315368429,dann_matched,banglasarc3_binary+banglasarc_binary,ben_sarc_binary,123
c98d0fa7c4269528,1,0,1.5234375,-1.453125,0.9515039967560431,0.048496003243956885,1.322050315368429,dann_matched,banglasarc3_binary+banglasarc_binary,ben_sarc_binary,123
5106f06703ec093e,1,0,1.5,-1.5,0.9525741268224334,0.04742587317756679,1.322050315368429,dann_matched,banglasarc3_binary+banglasarc_binary,ben_sarc_binary,123
fa364ba6a4520c0a,1,1,-1.21875,1.0078125,0.09739039825194779,0.9026096017480523,1.322050315368429,dann_matched,banglasarc3_binary+banglasarc_binary,ben_sarc_binary,123
317d8927e6b73b59,1,0,0.609375,-0.56640625,0.7641884136055329,0.2358115863944671,1.322050315368429,dann_matched,banglasarc3_binary+banglasarc_binary,ben_sarc_binary,123
0e66237741206c83,1,0,1.546875,-1.515625,0.9553191297273498,0.0446808702726502,1.322050315368429,dann_matched,banglasarc3_binary+banglasarc_binary,ben_sarc_binary,123
751bb2ffe5439347,1,0,1.5234375,-1.5703125,0.9566342012360932,0.04336579876390677,1.322050315368429,dann_matched,banglasarc3_binary+banglasarc_binary,ben_sarc_binary,123
aba20970192d8efa,0,0,1.4921875,-1.390625,0.9469902279841446,0.05300977201585542,1.322050315368429,dann_matched,banglasarc3_binary+banglasarc_binary,ben_sarc_binary,123
74377b390393e35e,0,0,0.47460938,-0.7890625,0.7796575529570593,0.22034244704294068,1.322050315368429,dann_matched,banglasarc3_binary+banglasarc_binary,ben_sarc_binary,123
0ec3cd90be2ff04e,1,0,1.6953125,-1.8671875,0.9724147177732099,0.027585282226789985,1.322050315368429,dann_matched,banglasarc3_binary+banglasarc_binary,ben_sarc_binary,123
cd71ffda1effd777,1,0,1.53125,-1.5,0.9539660976007597,0.046033902399240385,1.322050315368429,dann_matched,banglasarc3_binary+banglasarc_binary,ben_sarc_binary,123
bb8e59d5dafd826c,1,0,1.5078125,-1.5234375,0.9539660976007597,0.046033902399240385,1.322050315368429,dann_matched,banglasarc3_binary+banglasarc_binary,ben_sarc_binary,123
46cb54fc7933b6e2,1,1,-0.36328125,-0.061035156,0.4250084989259593,0.5749915010740407,1.322050315368429,dann_matched,banglasarc3_binary+banglasarc_binary,ben_sarc_binary,123
2e6ed62f89e2b32c,0,0,-0.16601562,-0.30859375,0.5355842703628432,0.4644157296371567,1.322050315368429,dann_matched,banglasarc3_binary+banglasarc_binary,ben_sarc_binary,123
83a345c2611e0ae7,0,0,1.53125,-1.4609375,0.9522199336364293,0.047780066363570746,1.322050315368429,dann_matched,banglasarc3_binary+banglasarc_binary,ben_sarc_binary,123
741e1b829d03b4b5,0,0,1.5078125,-1.5625,0.9556514186046017,0.04434858139539836,1.322050315368429,dann_matched,banglasarc3_binary+banglasarc_binary,ben_sarc_binary,123
c189720f4ae267bd,1,0,1.65625,-1.71875,0.9669140216112958,0.033085978388704126,1.322050315368429,dann_matched,banglasarc3_binary+banglasarc_binary,ben_sarc_binary,123
1e6be2e93f1c331f,1,1,-1.3515625,0.99609375,0.0872522465547244,0.9127477534452755,1.322050315368429,dann_matched,banglasarc3_binary+banglasarc_binary,ben_sarc_binary,123
c25c2464850098f8,0,0,1.6171875,-1.5625,0.9600626857930734,0.0399373142069266,1.322050315368429,dann_matched,banglasarc3_binary+banglasarc_binary,ben_sarc_binary,123
51a05ac89955e085,0,0,1.0234375,-1.203125,0.9026096017480523,0.09739039825194779,1.322050315368429,dann_matched,banglasarc3_binary+banglasarc_binary,ben_sarc_binary,123
f1febc5959e850aa,1,1,-1.953125,1.59375,0.02800752060598813,0.9719924793940118,1.322050315368429,dann_matched,banglasarc3_binary+banglasarc_binary,ben_sarc_binary,123
35443103a5739470,0,0,1.515625,-1.4453125,0.9507778868028013,0.04922211319719861,1.322050315368429,dann_matched,banglasarc3_binary+banglasarc_binary,ben_sarc_binary,123
a94c24e7cad91a39,1,0,1.5234375,-1.4375,0.9507778868028013,0.04922211319719861,1.322050315368429,dann_matched,banglasarc3_binary+banglasarc_binary,ben_sarc_binary,123
4c8fff07515fcede,1,1,-1.453125,1.1171875,0.07107366938018356,0.9289263306198166,1.322050315368429,dann_matched,banglasarc3_binary+banglasarc_binary,ben_sarc_binary,123
061586b5d2ca77d2,0,0,1.421875,-1.46875,0.9473810466522863,0.05261895334771377,1.322050315368429,dann_matched,banglasarc3_binary+banglasarc_binary,ben_sarc_binary,123
9d7235a8a611cfee,1,0,1.484375,-1.4453125,0.9492946352021694,0.050705364797830506,1.322050315368429,dann_matched,banglasarc3_binary+banglasarc_binary,ben_sarc_binary,123
e4626e001deb584e,0,0,1.5390625,-1.3671875,0.94815453335022,0.05184546664977983,1.322050315368429,dann_matched,banglasarc3_binary+banglasarc_binary,ben_sarc_binary,123
d8f306099f6c89f5,0,0,1.1796875,-1.3359375,0.9252299570920387,0.07477004290796138,1.322050315368429,dann_matched,banglasarc3_binary+banglasarc_binary,ben_sarc_binary,123
4732b33cd580fe90,1,1,-1.0859375,0.85546875,0.12549344653756345,0.8745065534624367,1.322050315368429,dann_matched,banglasarc3_binary+banglasarc_binary,ben_sarc_binary,123
e666a6b0082e977a,0,0,1.53125,-1.4375,0.9511422213778251,0.048857778622174906,1.322050315368429,dann_matched,banglasarc3_binary+banglasarc_binary,ben_sarc_binary,123
aa34b07c86009aa9,0,0,1.453125,-1.40625,0.9458012701768145,0.05419872982318558,1.322050315368429,dann_matched,banglasarc3_binary+banglasarc_binary,ben_sarc_binary,123
c7d06d60e9b6aaab,1,0,1.5078125,-1.453125,0.9507778868028013,0.04922211319719861,1.322050315368429,dann_matched,banglasarc3_binary+banglasarc_binary,ben_sarc_binary,123
a2b990b36217b593,0,0,1.4765625,-1.5,0.9515039967560431,0.048496003243956885,1.322050315368429,dann_matched,banglasarc3_binary+banglasarc_binary,ben_sarc_binary,123
61275e71045164b4,0,0,1.4140625,-1.28125,0.9367494780065266,0.06325052199347325,1.322050315368429,dann_matched,banglasarc3_binary+banglasarc_binary,ben_sarc_binary,123
97c01ab016060114,1,0,1.4921875,-1.484375,0.9515039967560431,0.048496003243956885,1.322050315368429,dann_matched,banglasarc3_binary+banglasarc_binary,ben_sarc_binary,123
aa818da8dbc45b1f,1,1,-0.30664062,0.03955078,0.41430629880808073,0.5856937011919192,1.322050315368429,dann_matched,banglasarc3_binary+banglasarc_binary,ben_sarc_binary,123
fd1e68b018356fbd,0,0,0.11230469,-0.65234375,0.6823621079946426,0.3176378920053574,1.322050315368429,dann_matched,banglasarc3_binary+banglasarc_binary,ben_sarc_binary,123
76d14d700d2f4719,1,0,1.7109375,-1.8515625,0.9724147177732099,0.027585282226789985,1.322050315368429,dann_matched,banglasarc3_binary+banglasarc_binary,ben_sarc_binary,123
758c393af20cc131,0,0,1.4453125,-1.4375,0.9469902279841446,0.05300977201585542,1.322050315368429,dann_matched,banglasarc3_binary+banglasarc_binary,ben_sarc_binary,123
d09ad5d8d16166a2,0,0,1.5234375,-1.3984375,0.9489172630429474,0.05108273695705249,1.322050315368429,dann_matched,banglasarc3_binary+banglasarc_binary,ben_sarc_binary,123
7b91747dd283ab91,1,1,-1.9765625,1.515625,0.029535339291104773,0.9704646607088951,1.322050315368429,dann_matched,banglasarc3_binary+banglasarc_binary,ben_sarc_binary,123
383e36bd82d1f342,1,1,-1.515625,1.140625,0.06560483745906928,0.9343951625409306,1.322050315368429,dann_matched,banglasarc3_binary+banglasarc_binary,ben_sarc_binary,123
7201f4d708016c61,1,1,-0.625,0.25195312,0.2938095639024741,0.706190436097526,1.322050315368429,dann_matched,banglasarc3_binary+banglasarc_binary,ben_sarc_binary,123
e61243c8056adc9e,1,1,-0.734375,0.26757812,0.2685575870290748,0.7314424129709252,1.322050315368429,dann_matched,banglasarc3_binary+banglasarc_binary,ben_sarc_binary,123
570eaae638ee2e16,1,0,1.484375,-1.328125,0.9433475746920261,0.05665242530797383,1.322050315368429,dann_matched,banglasarc3_binary+banglasarc_binary,ben_sarc_binary,123
425acfd0ce9ec519,0,0,1.5390625,-1.515625,0.9549844683997677,0.04501553160023231,1.322050315368429,dann_matched,banglasarc3_binary+banglasarc_binary,ben_sarc_binary,123
1f510babadb818d1,1,0,0.035888672,-0.39453125,0.6059739374387917,0.3940260625612083,1.322050315368429,dann_matched,banglasarc3_binary+banglasarc_binary,ben_sarc_binary,123
d0281a6f9d6ea8be,0,0,1.4765625,-1.40625,0.9469902279841446,0.05300977201585542,1.322050315368429,dann_matched,banglasarc3_binary+banglasarc_binary,ben_sarc_binary,123
c7299f8579a40e45,0,1,-0.17578125,-0.14550781,0.4924322185935058,0.5075677814064943,1.322050315368429,dann_matched,banglasarc3_binary+banglasarc_binary,ben_sarc_binary,123
710721917a218b1e,0,0,1.546875,-1.5546875,0.9569571506599678,0.04304284934003218,1.322050315368429,dann_matched,banglasarc3_binary+banglasarc_binary,ben_sarc_binary,123
66d805953a460576,0,0,1.515625,-1.5,0.9532750413739076,0.04672495862609242,1.322050315368429,dann_matched,banglasarc3_binary+banglasarc_binary,ben_sarc_binary,123
b62625567db286d3,0,0,1.4609375,-1.46875,0.9492946352021694,0.050705364797830506,1.322050315368429,dann_matched,banglasarc3_binary+banglasarc_binary,ben_sarc_binary,123
db2cdba60f1c95b8,1,0,0.9140625,-1.2734375,0.8991213772699436,0.10087862273005653,1.322050315368429,dann_matched,banglasarc3_binary+banglasarc_binary,ben_sarc_binary,123
70e09cb087b5c430,0,0,1.09375,-1.3046875,0.916708077443256,0.0832919225567441,1.322050315368429,dann_matched,banglasarc3_binary+banglasarc_binary,ben_sarc_binary,123
2f3e461fca64524c,1,0,1.5078125,-1.4765625,0.9518632288833652,0.04813677111663481,1.322050315368429,dann_matched,banglasarc3_binary+banglasarc_binary,ben_sarc_binary,123
15278dc79f72b2d1,0,0,1.578125,-1.578125,0.9591542840900507,0.040845715909949315,1.322050315368429,dann_matched,banglasarc3_binary+banglasarc_binary,ben_sarc_binary,123
2fd5e7c334c4c5c9,0,1,-0.9765625,0.6328125,0.16667540468797667,0.8333245953120233,1.322050315368429,dann_matched,banglasarc3_binary+banglasarc_binary,ben_sarc_binary,123
4371b3ce8250783d,1,0,1.484375,-1.4140625,0.9477691428985743,0.052230857101425734,1.322050315368429,dann_matched,banglasarc3_binary+banglasarc_binary,ben_sarc_binary,123
925e2800f9985303,1,1,-0.3984375,0.19238281,0.35644665867004166,0.6435533413299583,1.322050315368429,dann_matched,banglasarc3_binary+banglasarc_binary,ben_sarc_binary,123
7d4f53108cda205e,1,0,1.5078125,-1.4765625,0.9518632288833652,0.04813677111663481,1.322050315368429,dann_matched,banglasarc3_binary+banglasarc_binary,ben_sarc_binary,123
02c8eba958dcbf68,0,0,1.4296875,-1.53125,0.9507778868028013,0.04922211319719861,1.322050315368429,dann_matched,banglasarc3_binary+banglasarc_binary,ben_sarc_binary,123
d61bc66361c05d16,1,0,1.3125,-1.3125,0.9324533088603709,0.0675466911396291,1.322050315368429,dann_matched,banglasarc3_binary+banglasarc_binary,ben_sarc_binary,123
78e22fdc46d74084,0,0,1.53125,-1.5,0.9539660976007597,0.046033902399240385,1.322050315368429,dann_matched,banglasarc3_binary+banglasarc_binary,ben_sarc_binary,123
d42c20562cb1ca9c,1,0,1.5234375,-1.3828125,0.94815453335022,0.05184546664977983,1.322050315368429,dann_matched,banglasarc3_binary+banglasarc_binary,ben_sarc_binary,123
03358a55ed1b3fea,1,0,1.484375,-1.4140625,0.9477691428985743,0.052230857101425734,1.322050315368429,dann_matched,banglasarc3_binary+banglasarc_binary,ben_sarc_binary,123
4bbb09406c8a1a6c,0,0,0.69921875,-0.91015625,0.8333245953120233,0.16667540468797667,1.322050315368429,dann_matched,banglasarc3_binary+banglasarc_binary,ben_sarc_binary,123
af5cce7827af6a08,1,0,1.5,-1.3671875,0.946200356539936,0.053799643460063995,1.322050315368429,dann_matched,banglasarc3_binary+banglasarc_binary,ben_sarc_binary,123
08f5b68d676a84bf,1,0,1.53125,-1.5,0.9539660976007597,0.046033902399240385,1.322050315368429,dann_matched,banglasarc3_binary+banglasarc_binary,ben_sarc_binary,123
6ac00b314efa4a5c,1,0,1.59375,-1.5625,0.9591542840900507,0.040845715909949315,1.322050315368429,dann_matched,banglasarc3_binary+banglasarc_binary,ben_sarc_binary,123
22fbcb532fa8badb,0,0,1.4765625,-1.3671875,0.9449947117065459,0.05500528829345415,1.322050315368429,dann_matched,banglasarc3_binary+banglasarc_binary,ben_sarc_binary,123
322b540f54f9f485,0,1,-1.1953125,0.83984375,0.11556087394148318,0.8844391260585168,1.322050315368429,dann_matched,banglasarc3_binary+banglasarc_binary,ben_sarc_binary,123
5ab9d8266455bdcd,0,0,1.5234375,-1.4921875,0.9532750413739076,0.04672495862609242,1.322050315368429,dann_matched,banglasarc3_binary+banglasarc_binary,ben_sarc_binary,123
75e6b267559337a9,0,0,1.546875,-1.46875,0.9532750413739076,0.04672495862609242,1.322050315368429,dann_matched,banglasarc3_binary+banglasarc_binary,ben_sarc_binary,123
2938a7a7aa4e9560,1,1,-0.625,0.37890625,0.2681740995451041,0.7318259004548959,1.322050315368429,dann_matched,banglasarc3_binary+banglasarc_binary,ben_sarc_binary,123
1444043de9522e98,0,0,1.484375,-1.4921875,0.9515039967560431,0.048496003243956885,1.322050315368429,dann_matched,banglasarc3_binary+banglasarc_binary,ben_sarc_binary,123
dc5e2ab8f8d5cca2,0,0,1.6015625,-1.515625,0.9575961713681533,0.04240382863184672,1.322050315368429,dann_matched,banglasarc3_binary+banglasarc_binary,ben_sarc_binary,123
1f62a7f3f210dbba,1,0,1.4453125,-1.4609375,0.94815453335022,0.05184546664977983,1.322050315368429,dann_matched,banglasarc3_binary+banglasarc_binary,ben_sarc_binary,123
348d2414bcd47909,0,0,1.5390625,-1.484375,0.953621794005189,0.046378205994811086,1.322050315368429,dann_matched,banglasarc3_binary+banglasarc_binary,ben_sarc_binary,123
0506a822a5b19ffb,1,0,1.578125,-1.4140625,0.9522199336364293,0.047780066363570746,1.322050315368429,dann_matched,banglasarc3_binary+banglasarc_binary,ben_sarc_binary,123
f9852aba1cd4431a,1,0,1.3125,-1.234375,0.927363293639213,0.07263670636078697,1.322050315368429,dann_matched,banglasarc3_binary+banglasarc_binary,ben_sarc_binary,123
24e076982f03a9e9,0,1,-1.7421875,1.4765625,0.03846619201832428,0.9615338079816756,1.322050315368429,dann_matched,banglasarc3_binary+banglasarc_binary,ben_sarc_binary,123
233387f81dcaca4e,1,0,1.484375,-1.53125,0.9532750413739076,0.04672495862609242,1.322050315368429,dann_matched,banglasarc3_binary+banglasarc_binary,ben_sarc_binary,123
2c18d79942fc552e,0,0,1.484375,-1.4921875,0.9515039967560431,0.048496003243956885,1.322050315368429,dann_matched,banglasarc3_binary+banglasarc_binary,ben_sarc_binary,123
6e5cb24cf9d5ba5e,0,0,1.6171875,-1.59375,0.9612438064128053,0.03875619358719477,1.322050315368429,dann_matched,banglasarc3_binary+banglasarc_binary,ben_sarc_binary,123
76899d78937aab78,1,0,1.6328125,-1.6171875,0.9626731126558706,0.037326887344129464,1.322050315368429,dann_matched,banglasarc3_binary+banglasarc_binary,ben_sarc_binary,123
3870fe07a3066091,1,0,0.609375,-1.125,0.849971175657575,0.1500288243424251,1.322050315368429,dann_matched,banglasarc3_binary+banglasarc_binary,ben_sarc_binary,123
c5e2433fedfa124d,1,0,1.5625,-1.375,0.9496693674025232,0.05033063259747688,1.322050315368429,dann_matched,banglasarc3_binary+banglasarc_binary,ben_sarc_binary,123
c3fe1aa575d71153,0,0,1.5546875,-1.578125,0.9582261192116938,0.04177388078830622,1.322050315368429,dann_matched,banglasarc3_binary+banglasarc_binary,ben_sarc_binary,123
a004d0d41b213231,1,0,1.4296875,-1.4765625,0.94815453335022,0.05184546664977983,1.322050315368429,dann_matched,banglasarc3_binary+banglasarc_binary,ben_sarc_binary,123
97104496423d40d5,1,0,1.46875,-1.375,0.9449947117065459,0.05500528829345415,1.322050315368429,dann_matched,banglasarc3_binary+banglasarc_binary,ben_sarc_binary,123
0f1ca816e48e98b7,0,0,1.84375,-1.6953125,0.9717790128704671,0.02822098712953305,1.322050315368429,dann_matched,banglasarc3_binary+banglasarc_binary,ben_sarc_binary,123
7a4459b775309ff3,1,1,-1.1171875,0.71875,0.13753246610186087,0.8624675338981391,1.322050315368429,dann_matched,banglasarc3_binary+banglasarc_binary,ben_sarc_binary,123
07bda126d51a19ce,1,0,1.53125,-1.8515625,0.9671630439727548,0.03283695602724524,1.322050315368429,dann_matched,banglasarc3_binary+banglasarc_binary,ben_sarc_binary,123
bcb2f1a07dfde604,0,0,1.671875,-1.734375,0.9678992932829918,0.03210070671700819,1.322050315368429,dann_matched,banglasarc3_binary+banglasarc_binary,ben_sarc_binary,123
bea35ae66e2e4217,0,0,1.6171875,-1.5,0.9575961713681533,0.04240382863184672,1.322050315368429,dann_matched,banglasarc3_binary+banglasarc_binary,ben_sarc_binary,123
82d3b6f132ee122e,0,0,1.4765625,-1.34375,0.9437636542955161,0.056236345704483756,1.322050315368429,dann_matched,banglasarc3_binary+banglasarc_binary,ben_sarc_binary,123
8f83ea8fd8a11112,0,0,1.453125,-1.4765625,0.9492946352021694,0.050705364797830506,1.322050315368429,dann_matched,banglasarc3_binary+banglasarc_binary,ben_sarc_binary,123
9eb34cbef53ca5a6,0,0,0.75,-0.91015625,0.8402589766446108,0.15974102335538914,1.322050315368429,dann_matched,banglasarc3_binary+banglasarc_binary,ben_sarc_binary,123
205e14f600290414,0,0,0.640625,-0.953125,0.8311430478583168,0.16885695214168314,1.322050315368429,dann_matched,banglasarc3_binary+banglasarc_binary,ben_sarc_binary,123
32efc838db693a8f,1,0,1.515625,-1.4375,0.9504109770159683,0.04958902298403175,1.322050315368429,dann_matched,banglasarc3_binary+banglasarc_binary,ben_sarc_binary,123
d0f416dbd59bb455,0,0,1.53125,-1.5703125,0.9569571506599678,0.04304284934003218,1.322050315368429,dann_matched,banglasarc3_binary+banglasarc_binary,ben_sarc_binary,123
d9edbb68ff693db7,1,0,1.53125,-1.4375,0.9511422213778251,0.048857778622174906,1.322050315368429,dann_matched,banglasarc3_binary+banglasarc_binary,ben_sarc_binary,123
c5f8217021df37c2,1,1,-1.0390625,0.703125,0.14903529447863062,0.8509647055213694,1.322050315368429,dann_matched,banglasarc3_binary+banglasarc_binary,ben_sarc_binary,123
b1933c96c56c45a4,0,0,1.4765625,-1.4921875,0.9511422213778251,0.048857778622174906,1.322050315368429,dann_matched,banglasarc3_binary+banglasarc_binary,ben_sarc_binary,123
13f573ab3e5302b3,0,0,1.4921875,-1.40625,0.9477691428985743,0.052230857101425734,1.322050315368429,dann_matched,banglasarc3_binary+banglasarc_binary,ben_sarc_binary,123
7ef8ebb623df8c1d,0,0,1.53125,-1.4453125,0.9515039967560431,0.048496003243956885,1.322050315368429,dann_matched,banglasarc3_binary+banglasarc_binary,ben_sarc_binary,123
7c6519d34071ab5c,1,0,1.5859375,-1.5625,0.9588471107825551,0.04115288921744485,1.322050315368429,dann_matched,banglasarc3_binary+banglasarc_binary,ben_sarc_binary,123
ee73f422a37dcb54,1,0,1.6953125,-1.75,0.9690910414827888,0.030908958517211163,1.322050315368429,dann_matched,banglasarc3_binary+banglasarc_binary,ben_sarc_binary,123
7d63d2290cc1a633,1,0,1.453125,-1.34375,0.9425067211996143,0.05749327880038583,1.322050315368429,dann_matched,banglasarc3_binary+banglasarc_binary,ben_sarc_binary,123
b375c99b980092c9,0,0,1.46875,-1.5,0.9511422213778251,0.048857778622174906,1.322050315368429,dann_matched,banglasarc3_binary+banglasarc_binary,ben_sarc_binary,123
c7cbf05c893d2813,1,0,1.5234375,-1.4765625,0.9525741268224334,0.04742587317756679,1.322050315368429,dann_matched,banglasarc3_binary+banglasarc_binary,ben_sarc_binary,123
33d695ec99e53f57,0,0,1.5234375,-1.390625,0.9485372345673925,0.05146276543260743,1.322050315368429,dann_matched,banglasarc3_binary+banglasarc_binary,ben_sarc_binary,123
a9b5dee8ae505170,1,0,1.5078125,-1.5859375,0.9566342012360932,0.04336579876390677,1.322050315368429,dann_matched,banglasarc3_binary+banglasarc_binary,ben_sarc_binary,123
30fc2621512aa201,1,0,1.5546875,-1.59375,0.9588471107825551,0.04115288921744485,1.322050315368429,dann_matched,banglasarc3_binary+banglasarc_binary,ben_sarc_binary,123
bfb3d8dca810ab99,1,0,1.515625,-1.4375,0.9504109770159683,0.04958902298403175,1.322050315368429,dann_matched,banglasarc3_binary+banglasarc_binary,ben_sarc_binary,123
1667922ac2628cf5,0,0,1.5546875,-1.8203125,0.9669140216112958,0.033085978388704126,1.322050315368429,dann_matched,banglasarc3_binary+banglasarc_binary,ben_sarc_binary,123
9cf3d13637a52985,0,0,1.375,-1.4140625,0.9420819125605256,0.05791808743947446,1.322050315368429,dann_matched,banglasarc3_binary+banglasarc_binary,ben_sarc_binary,123
276c0e7173cbb92d,0,0,1.9375,-2.125,0.9830850867332734,0.01691491326672651,1.322050315368429,dann_matched,banglasarc3_binary+banglasarc_binary,ben_sarc_binary,123
a7de369a6305dec1,1,0,1.5,-1.4375,0.9496693674025232,0.05033063259747688,1.322050315368429,dann_matched,banglasarc3_binary+banglasarc_binary,ben_sarc_binary,123
1de2e14584ed455e,1,0,1.484375,-1.4375,0.9489172630429474,0.05108273695705249,1.322050315368429,dann_matched,banglasarc3_binary+banglasarc_binary,ben_sarc_binary,123
66be5334c1e7a1eb,0,0,1.6328125,-1.640625,0.9635062337709722,0.0364937662290278,1.322050315368429,dann_matched,banglasarc3_binary+banglasarc_binary,ben_sarc_binary,123
7e8f03c408c88078,0,0,1.75,-1.7890625,0.9717790128704671,0.02822098712953305,1.322050315368429,dann_matched,banglasarc3_binary+banglasarc_binary,ben_sarc_binary,123
6b4ab6b1003484b4,1,0,0.9765625,-1.1796875,0.8962513731336202,0.10374862686637971,1.322050315368429,dann_matched,banglasarc3_binary+banglasarc_binary,ben_sarc_binary,123
b891527b8543fc92,1,0,1.7578125,-1.7578125,0.9711290930537122,0.028870906946287907,1.322050315368429,dann_matched,banglasarc3_binary+banglasarc_binary,ben_sarc_binary,123
c67040442231d841,0,0,1.4921875,-1.3984375,0.9473810466522863,0.05261895334771377,1.322050315368429,dann_matched,banglasarc3_binary+banglasarc_binary,ben_sarc_binary,123
59ef120ef30ce310,1,1,-0.23925781,-0.016113281,0.44444420248500327,0.5555557975149967,1.322050315368429,dann_matched,banglasarc3_binary+banglasarc_binary,ben_sarc_binary,123
22e37b42a8f32cdd,1,0,1.4609375,-1.5078125,0.9511422213778251,0.048857778622174906,1.322050315368429,dann_matched,banglasarc3_binary+banglasarc_binary,ben_sarc_binary,123
7dbb2b8c8a3fcd04,0,0,1.515625,-1.4609375,0.9515039967560431,0.048496003243956885,1.322050315368429,dann_matched,banglasarc3_binary+banglasarc_binary,ben_sarc_binary,123
5ba794f247d9b335,0,0,1.59375,-1.546875,0.9585377272885904,0.04146227271140963,1.322050315368429,dann_matched,banglasarc3_binary+banglasarc_binary,ben_sarc_binary,123
5a9784eff840e6e3,0,0,1.65625,-1.5234375,0.9600626857930734,0.0399373142069266,1.322050315368429,dann_matched,banglasarc3_binary+banglasarc_binary,ben_sarc_binary,123
aa749fe9ba88b228,1,0,1.28125,-1.3125,0.9304582554941719,0.06954174450582809,1.322050315368429,dann_matched,banglasarc3_binary+banglasarc_binary,ben_sarc_binary,123
2bd882ed19d0fc73,0,0,1.71875,-1.5546875,0.9635062337709722,0.0364937662290278,1.322050315368429,dann_matched,banglasarc3_binary+banglasarc_binary,ben_sarc_binary,123
5d66c68613009ac2,1,0,1.484375,-1.375,0.9458012701768145,0.05419872982318558,1.322050315368429,dann_matched,banglasarc3_binary+banglasarc_binary,ben_sarc_binary,123
5990452c5f84acde,0,0,1.4609375,-1.4609375,0.9489172630429474,0.05108273695705249,1.322050315368429,dann_matched,banglasarc3_binary+banglasarc_binary,ben_sarc_binary,123
9f55fba41a1251be,0,1,-1.3046875,0.95703125,0.09434341182812206,0.9056565881718779,1.322050315368429,dann_matched,banglasarc3_binary+banglasarc_binary,ben_sarc_binary,123
fb554d8923603a27,1,0,1.4765625,-1.5390625,0.9532750413739076,0.04672495862609242,1.322050315368429,dann_matched,banglasarc3_binary+banglasarc_binary,ben_sarc_binary,123
ad6dd5bc939f89df,0,0,1.65625,-1.578125,0.9621075733703927,0.037892426629607394,1.322050315368429,dann_matched,banglasarc3_binary+banglasarc_binary,ben_sarc_binary,123
e616394a898e76a3,0,0,1.4609375,-1.546875,0.9529258241789759,0.04707417582102406,1.322050315368429,dann_matched,banglasarc3_binary+banglasarc_binary,ben_sarc_binary,123
baa5f08ab56accab,0,1,-1.7265625,1.3046875,0.046033902399240385,0.9539660976007597,1.322050315368429,dann_matched,banglasarc3_binary+banglasarc_binary,ben_sarc_binary,123
6886505b5d380927,0,0,1.4140625,-1.328125,0.9394706097974611,0.060529390202538995,1.322050315368429,dann_matched,banglasarc3_binary+banglasarc_binary,ben_sarc_binary,123
25a37a17a2227392,1,0,1.46875,-1.453125,0.9489172630429474,0.05108273695705249,1.322050315368429,dann_matched,banglasarc3_binary+banglasarc_binary,ben_sarc_binary,123
824814e9b815f42a,1,0,1.4296875,-1.390625,0.9437636542955161,0.056236345704483756,1.322050315368429,dann_matched,banglasarc3_binary+banglasarc_binary,ben_sarc_binary,123
713285190463e581,1,0,1.5078125,-1.3125,0.9437636542955161,0.056236345704483756,1.322050315368429,dann_matched,banglasarc3_binary+banglasarc_binary,ben_sarc_binary,123
aafcb2e9734486ec,1,0,1.4765625,-1.3203125,0.9425067211996143,0.05749327880038583,1.322050315368429,dann_matched,banglasarc3_binary+banglasarc_binary,ben_sarc_binary,123
3b4500f120a5d2f8,1,0,1.4921875,-1.46875,0.9507778868028013,0.04922211319719861,1.322050315368429,dann_matched,banglasarc3_binary+banglasarc_binary,ben_sarc_binary,123
d373dafded1f5ce7,1,0,1.4140625,-1.4375,0.9453993942183476,0.05460060578165237,1.322050315368429,dann_matched,banglasarc3_binary+banglasarc_binary,ben_sarc_binary,123
061b608bb9546e56,1,0,1.5859375,-1.453125,0.9543079676184154,0.04569203238158463,1.322050315368429,dann_matched,banglasarc3_binary+banglasarc_binary,ben_sarc_binary,123
abffc2ece6152f80,0,1,-0.8125,0.515625,0.20946968133032526,0.7905303186696747,1.322050315368429,dann_matched,banglasarc3_binary+banglasarc_binary,ben_sarc_binary,123
a282c6b7b38417cd,1,0,1.4921875,-1.3828125,0.9465966702001757,0.053403329799824234,1.322050315368429,dann_matched,banglasarc3_binary+banglasarc_binary,ben_sarc_binary,123
dae023eb5b0274fd,0,0,1.90625,-1.8359375,0.9768465889071616,0.023153411092838465,1.322050315368429,dann_matched,banglasarc3_binary+banglasarc_binary,ben_sarc_binary,123
b9d1bc53be040cdd,0,0,1.4921875,-1.53125,0.953621794005189,0.046378205994811086,1.322050315368429,dann_matched,banglasarc3_binary+banglasarc_binary,ben_sarc_binary,123
89b8f4d0dfb98695,1,0,1.53125,-1.46875,0.9525741268224334,0.04742587317756679,1.322050315368429,dann_matched,banglasarc3_binary+banglasarc_binary,ben_sarc_binary,123
57a4030298807f6a,0,0,1.0859375,-1.265625,0.9130583432721083,0.08694165672789168,1.322050315368429,dann_matched,banglasarc3_binary+banglasarc_binary,ben_sarc_binary,123
42f81a7c41aac6c6,0,0,1.5078125,-1.484375,0.9522199336364293,0.047780066363570746,1.322050315368429,dann_matched,banglasarc3_binary+banglasarc_binary,ben_sarc_binary,123
4ea7428c63ab57fc,0,0,1.4375,-1.4296875,0.946200356539936,0.053799643460063995,1.322050315368429,dann_matched,banglasarc3_binary+banglasarc_binary,ben_sarc_binary,123
57965be9d4f659ed,0,0,1.5078125,-1.484375,0.9522199336364293,0.047780066363570746,1.322050315368429,dann_matched,banglasarc3_binary+banglasarc_binary,ben_sarc_binary,123
eaf1cc5da63c35ee,1,1,-0.53515625,0.24121094,0.3151033679588216,0.6848966320411783,1.322050315368429,dann_matched,banglasarc3_binary+banglasarc_binary,ben_sarc_binary,123
82eaca0dc3315c4d,0,0,1.515625,-1.4140625,0.9492946352021694,0.050705364797830506,1.322050315368429,dann_matched,banglasarc3_binary+banglasarc_binary,ben_sarc_binary,123
05c0d476646e42a0,1,0,1.5390625,-1.390625,0.9492946352021694,0.050705364797830506,1.322050315368429,dann_matched,banglasarc3_binary+banglasarc_binary,ben_sarc_binary,123
5b724b327c54a627,1,0,1.625,-1.5,0.9579122720843811,0.04208772791561884,1.322050315368429,dann_matched,banglasarc3_binary+banglasarc_binary,ben_sarc_binary,123
3ec4d416ce0febde,1,1,-1.125,0.7265625,0.13568954596860924,0.8643104540313907,1.322050315368429,dann_matched,banglasarc3_binary+banglasarc_binary,ben_sarc_binary,123
891554b82bee73b4,1,1,-0.77734375,0.41015625,0.23370635691404026,0.7662936430859597,1.322050315368429,dann_matched,banglasarc3_binary+banglasarc_binary,ben_sarc_binary,123
c564d04305811798,0,1,-0.671875,0.13867188,0.30777397219552277,0.6922260278044772,1.322050315368429,dann_matched,banglasarc3_binary+banglasarc_binary,ben_sarc_binary,123
5fa344fbbf7a737d,0,0,1.53125,-1.53125,0.9553191297273498,0.0446808702726502,1.322050315368429,dann_matched,banglasarc3_binary+banglasarc_binary,ben_sarc_binary,123
9535a76c043031d8,0,0,1.4140625,-1.421875,0.944587205618231,0.05541279438176918,1.322050315368429,dann_matched,banglasarc3_binary+banglasarc_binary,ben_sarc_binary,123
2435c379f57c4e8c,0,0,1.828125,-1.9453125,0.9775429470705839,0.02245705292941607,1.322050315368429,dann_matched,banglasarc3_binary+banglasarc_binary,ben_sarc_binary,123
9b0b7224bddc3d01,0,0,1.5390625,-1.5234375,0.9553191297273498,0.0446808702726502,1.322050315368429,dann_matched,banglasarc3_binary+banglasarc_binary,ben_sarc_binary,123
65b708f096801c3c,1,0,1.5546875,-1.4609375,0.9532750413739076,0.04672495862609242,1.322050315368429,dann_matched,banglasarc3_binary+banglasarc_binary,ben_sarc_binary,123
acdbd86a00099204,0,0,1.515625,-1.4375,0.9504109770159683,0.04958902298403175,1.322050315368429,dann_matched,banglasarc3_binary+banglasarc_binary,ben_sarc_binary,123
e23a22429e04bc5a,1,0,1.453125,-1.390625,0.9449947117065459,0.05500528829345415,1.322050315368429,dann_matched,banglasarc3_binary+banglasarc_binary,ben_sarc_binary,123
08d81dcc155be717,1,0,1.4921875,-1.484375,0.9515039967560431,0.048496003243956885,1.322050315368429,dann_matched,banglasarc3_binary+banglasarc_binary,ben_sarc_binary,123
d474554c440d5b08,0,0,1.4921875,-1.421875,0.9485372345673925,0.05146276543260743,1.322050315368429,dann_matched,banglasarc3_binary+banglasarc_binary,ben_sarc_binary,123
adbb12c856bd9026,1,0,1.4765625,-1.3515625,0.9441768588653856,0.05582314113461443,1.322050315368429,dann_matched,banglasarc3_binary+banglasarc_binary,ben_sarc_binary,123
b91ad605f6d08354,1,0,1.4765625,-1.5546875,0.9539660976007597,0.046033902399240385,1.322050315368429,dann_matched,banglasarc3_binary+banglasarc_binary,ben_sarc_binary,123
048a6934c3057d98,0,0,1.734375,-1.5859375,0.9651191130633208,0.034880886936679296,1.322050315368429,dann_matched,banglasarc3_binary+banglasarc_binary,ben_sarc_binary,123
88bf52f86f77b101,1,0,1.5703125,-1.546875,0.9575961713681533,0.04240382863184672,1.322050315368429,dann_matched,banglasarc3_binary+banglasarc_binary,ben_sarc_binary,123
b4322db9aa0d5930,0,0,1.5546875,-1.484375,0.9543079676184154,0.04569203238158463,1.322050315368429,dann_matched,banglasarc3_binary+banglasarc_binary,ben_sarc_binary,123
aaa7aa3af0690fd4,1,0,1.421875,-1.390625,0.9433475746920261,0.05665242530797383,1.322050315368429,dann_matched,banglasarc3_binary+banglasarc_binary,ben_sarc_binary,123
aa46fd13c4d7d038,0,0,1.4375,-1.421875,0.9458012701768145,0.05419872982318558,1.322050315368429,dann_matched,banglasarc3_binary+banglasarc_binary,ben_sarc_binary,123
effa0c6a78c38ad8,1,1,-0.7265625,0.4609375,0.23370635691404026,0.7662936430859597,1.322050315368429,dann_matched,banglasarc3_binary+banglasarc_binary,ben_sarc_binary,123
4ab8efb42444151b,1,0,1.6171875,-1.5625,0.9600626857930734,0.0399373142069266,1.322050315368429,dann_matched,banglasarc3_binary+banglasarc_binary,ben_sarc_binary,123
e134ed81d9a0a706,0,0,1.4765625,-1.6171875,0.9566342012360932,0.04336579876390677,1.322050315368429,dann_matched,banglasarc3_binary+banglasarc_binary,ben_sarc_binary,123
88be01c07e1b6d3d,1,0,1.5625,-1.484375,0.9546474194456936,0.04535258055430642,1.322050315368429,dann_matched,banglasarc3_binary+banglasarc_binary,ben_sarc_binary,123
05be16c7a2720b31,0,0,1.46875,-1.375,0.9449947117065459,0.05500528829345415,1.322050315368429,dann_matched,banglasarc3_binary+banglasarc_binary,ben_sarc_binary,123
5c68e9aa19675e0e,0,0,1.4609375,-1.421875,0.9469902279841446,0.05300977201585542,1.322050315368429,dann_matched,banglasarc3_binary+banglasarc_binary,ben_sarc_binary,123
d34dc8737adc9764,0,0,1.4921875,-1.4921875,0.9518632288833652,0.04813677111663481,1.322050315368429,dann_matched,banglasarc3_binary+banglasarc_binary,ben_sarc_binary,123
64084e5dc7bfe4ba,1,1,-1.9296875,1.5546875,0.029760093945964218,0.9702399060540357,1.322050315368429,dann_matched,banglasarc3_binary+banglasarc_binary,ben_sarc_binary,123
9ac7f5143890ffe9,0,0,1.5078125,-1.4609375,0.9511422213778251,0.048857778622174906,1.322050315368429,dann_matched,banglasarc3_binary+banglasarc_binary,ben_sarc_binary,123
f60c0b6552302b01,1,0,1.03125,-1.25,0.9073122213606241,0.09268777863937604,1.322050315368429,dann_matched,banglasarc3_binary+banglasarc_binary,ben_sarc_binary,123
e54610e9fe245bfd,1,0,1.5625,-1.5,0.9553191297273498,0.0446808702726502,1.322050315368429,dann_matched,banglasarc3_binary+banglasarc_binary,ben_sarc_binary,123
3039b06cc90b7c04,0,0,1.546875,-1.5859375,0.9582261192116938,0.04177388078830622,1.322050315368429,dann_matched,banglasarc3_binary+banglasarc_binary,ben_sarc_binary,123
43c3a7591b7d0a2e,0,0,0.29882812,-0.59765625,0.7102265051627635,0.28977349483723636,1.322050315368429,dann_matched,banglasarc3_binary+banglasarc_binary,ben_sarc_binary,123
a85f16261303b598,1,0,1.4921875,-1.375,0.946200356539936,0.053799643460063995,1.322050315368429,dann_matched,banglasarc3_binary+banglasarc_binary,ben_sarc_binary,123
fec068191dc9b809,1,0,1.5,-1.46875,0.9511422213778251,0.048857778622174906,1.322050315368429,dann_matched,banglasarc3_binary+banglasarc_binary,ben_sarc_binary,123
c318789fdb52b1d1,1,1,-0.54296875,0.15625,0.33198546376791266,0.6680145362320873,1.322050315368429,dann_matched,banglasarc3_binary+banglasarc_binary,ben_sarc_binary,123
4901d3752fffcd0c,0,0,1.4921875,-1.5078125,0.9525741268224334,0.04742587317756679,1.322050315368429,dann_matched,banglasarc3_binary+banglasarc_binary,ben_sarc_binary,123
24f2a4ab677623f6,1,0,1.46875,-1.3828125,0.9453993942183476,0.05460060578165237,1.322050315368429,dann_matched,banglasarc3_binary+banglasarc_binary,ben_sarc_binary,123
f7dc2703defedfe4,0,0,1.65625,-1.578125,0.9621075733703927,0.037892426629607394,1.322050315368429,dann_matched,banglasarc3_binary+banglasarc_binary,ben_sarc_binary,123
eaa0fe9d9a82d613,1,0,-0.033691406,-0.2421875,0.5519360186907434,0.44806398130925656,1.322050315368429,dann_matched,banglasarc3_binary+banglasarc_binary,ben_sarc_binary,123
4cead51f19774451,0,1,-0.7109375,0.39453125,0.24871661839211975,0.7512833816078802,1.322050315368429,dann_matched,banglasarc3_binary+banglasarc_binary,ben_sarc_binary,123
24c3100e43898f22,1,0,1.578125,-1.546875,0.9579122720843811,0.04208772791561884,1.322050315368429,dann_matched,banglasarc3_binary+banglasarc_binary,ben_sarc_binary,123
a0d83df81b4fdbf5,0,0,1.6171875,-1.4921875,0.9572778024535095,0.042722197546490565,1.322050315368429,dann_matched,banglasarc3_binary+banglasarc_binary,ben_sarc_binary,123
8df5e8105e7af7e8,1,0,1.4453125,-1.3828125,0.9441768588653856,0.05582314113461443,1.322050315368429,dann_matched,banglasarc3_binary+banglasarc_binary,ben_sarc_binary,123
32606b1f6f992743,1,0,1.5390625,-1.4921875,0.9539660976007597,0.046033902399240385,1.322050315368429,dann_matched,banglasarc3_binary+banglasarc_binary,ben_sarc_binary,123
151f95be56d57948,1,0,1.375,-1.375,0.9399133498259924,0.06008665017400762,1.322050315368429,dann_matched,banglasarc3_binary+banglasarc_binary,ben_sarc_binary,123
78c7f8a5a5927c7d,0,0,1.640625,-1.7734375,0.9681411443139596,0.03185885568604046,1.322050315368429,dann_matched,banglasarc3_binary+banglasarc_binary,ben_sarc_binary,123
57c90a42b33a325a,0,0,0.17773438,-0.38476562,0.6370307944803831,0.3629692055196168,1.322050315368429,dann_matched,banglasarc3_binary+banglasarc_binary,ben_sarc_binary,123
1d8af87d5c8aad0e,0,0,1.46875,-1.4296875,0.9477691428985743,0.052230857101425734,1.322050315368429,dann_matched,banglasarc3_binary+banglasarc_binary,ben_sarc_binary,123
3df128051d6b1f76,1,0,1.5703125,-1.5625,0.9582261192116938,0.04177388078830622,1.322050315368429,dann_matched,banglasarc3_binary+banglasarc_binary,ben_sarc_binary,123
e5e6c505c1f86176,0,0,1.546875,-1.484375,0.9539660976007597,0.046033902399240385,1.322050315368429,dann_matched,banglasarc3_binary+banglasarc_binary,ben_sarc_binary,123
a8cec4783b9e4bdd,1,0,1.3828125,-1.3828125,0.9407897492587141,0.05921025074128593,1.322050315368429,dann_matched,banglasarc3_binary+banglasarc_binary,ben_sarc_binary,123
6e98a4244ac6f01a,1,0,1.484375,-1.578125,0.9553191297273498,0.0446808702726502,1.322050315368429,dann_matched,banglasarc3_binary+banglasarc_binary,ben_sarc_binary,123
60cbf1c055276674,0,0,1.9296875,-2.09375,0.982423116732664,0.01757688326733593,1.322050315368429,dann_matched,banglasarc3_binary+banglasarc_binary,ben_sarc_binary,123
f1f21d8d9335cdba,1,1,-1.234375,0.84375,0.11124120650754304,0.888758793492457,1.322050315368429,dann_matched,banglasarc3_binary+banglasarc_binary,ben_sarc_binary,123
44efb55ee4b6acb7,0,0,1.5078125,-1.515625,0.953621794005189,0.046378205994811086,1.322050315368429,dann_matched,banglasarc3_binary+banglasarc_binary,ben_sarc_binary,123
0562c9ff8518b3e6,0,1,-1.28125,0.94140625,0.09773431959046293,0.9022656804095371,1.322050315368429,dann_matched,banglasarc3_binary+banglasarc_binary,ben_sarc_binary,123
9a0c354129ee5e12,0,0,1.0625,-1.2265625,0.90796713988899,0.09203286011100995,1.322050315368429,dann_matched,banglasarc3_binary+banglasarc_binary,ben_sarc_binary,123
0844aff34ce9f043,1,0,1.3828125,-1.4296875,0.9433475746920261,0.05665242530797383,1.322050315368429,dann_matched,banglasarc3_binary+banglasarc_binary,ben_sarc_binary,123
bf991f31f53e1b9c,1,0,1.5703125,-1.6015625,0.9597620573763841,0.04023794262361602,1.322050315368429,dann_matched,banglasarc3_binary+banglasarc_binary,ben_sarc_binary,123
9b88e670e52db127,1,0,1.6015625,-1.4921875,0.9566342012360932,0.04336579876390677,1.322050315368429,dann_matched,banglasarc3_binary+banglasarc_binary,ben_sarc_binary,123
88e0b99822e9ce4f,0,0,1.4453125,-1.4765625,0.9489172630429474,0.05108273695705249,1.322050315368429,dann_matched,banglasarc3_binary+banglasarc_binary,ben_sarc_binary,123
c20e7197df7a69e1,0,0,1.5,-1.453125,0.9504109770159683,0.04958902298403175,1.322050315368429,dann_matched,banglasarc3_binary+banglasarc_binary,ben_sarc_binary,123
d41c9873cbdc29ba,1,0,1.4765625,-1.4140625,0.9473810466522863,0.05261895334771377,1.322050315368429,dann_matched,banglasarc3_binary+banglasarc_binary,ben_sarc_binary,123
047913cec9da37e2,0,0,1.4375,-1.46875,0.94815453335022,0.05184546664977983,1.322050315368429,dann_matched,banglasarc3_binary+banglasarc_binary,ben_sarc_binary,123
363aac54fa107a88,0,0,2.359375,-2.515625,0.9924227587321393,0.007577241267860811,1.322050315368429,dann_matched,banglasarc3_binary+banglasarc_binary,ben_sarc_binary,123
c867cadc4a444ef9,1,0,1.5078125,-1.3125,0.9437636542955161,0.056236345704483756,1.322050315368429,dann_matched,banglasarc3_binary+banglasarc_binary,ben_sarc_binary,123
7c44cba0064e8618,1,0,1.5703125,-1.6640625,0.9621075733703927,0.037892426629607394,1.322050315368429,dann_matched,banglasarc3_binary+banglasarc_binary,ben_sarc_binary,123
50e0d2fe83d5af80,1,0,1.5625,-1.5078125,0.9556514186046017,0.04434858139539836,1.322050315368429,dann_matched,banglasarc3_binary+banglasarc_binary,ben_sarc_binary,123
9ca7e64fb82fb7e1,0,0,1.515625,-1.609375,0.9579122720843811,0.04208772791561884,1.322050315368429,dann_matched,banglasarc3_binary+banglasarc_binary,ben_sarc_binary,123
db42a3304844f95e,0,0,1.7109375,-1.9765625,0.9755769099458929,0.024423090054107213,1.322050315368429,dann_matched,banglasarc3_binary+banglasarc_binary,ben_sarc_binary,123
cb1df51284b3f321,0,0,2.0,-2.109375,0.983847165177859,0.016152834822140957,1.322050315368429,dann_matched,banglasarc3_binary+banglasarc_binary,ben_sarc_binary,123
2fa7018c1d004680,1,0,1.25,-1.203125,0.9207896758909757,0.07921032410902437,1.322050315368429,dann_matched,banglasarc3_binary+banglasarc_binary,ben_sarc_binary,123
8481e3da4c92a8c9,1,0,1.5234375,-1.4296875,0.9504109770159683,0.04958902298403175,1.322050315368429,dann_matched,banglasarc3_binary+banglasarc_binary,ben_sarc_binary,123
c89ffbde4eeddfbb,0,0,1.8515625,-2.0625,0.9804313244446876,0.01956867555531235,1.322050315368429,dann_matched,banglasarc3_binary+banglasarc_binary,ben_sarc_binary,123
f2dcfd6daadcd9c1,1,0,-0.026733398,-0.080078125,0.5133330200205887,0.4866669799794114,1.322050315368429,dann_matched,banglasarc3_binary+banglasarc_binary,ben_sarc_binary,123
253824ad219e4f11,0,0,1.9765625,-1.9296875,0.9802808718926534,0.01971912810734659,1.322050315368429,dann_matched,banglasarc3_binary+banglasarc_binary,ben_sarc_binary,123
9ad0ea4d0ce03e58,1,1,-1.71875,1.3515625,0.04434858139539836,0.9556514186046017,1.322050315368429,dann_matched,banglasarc3_binary+banglasarc_binary,ben_sarc_binary,123
c9ce63d083fa85b4,1,0,1.4453125,-1.296875,0.9394706097974611,0.060529390202538995,1.322050315368429,dann_matched,banglasarc3_binary+banglasarc_binary,ben_sarc_binary,123
fa61f91bcf5a78eb,0,0,1.46875,-1.453125,0.9489172630429474,0.05108273695705249,1.322050315368429,dann_matched,banglasarc3_binary+banglasarc_binary,ben_sarc_binary,123
c87ba275a1767aed,1,0,0.84375,-1.03125,0.8670357598021706,0.13296424019782924,1.322050315368429,dann_matched,banglasarc3_binary+banglasarc_binary,ben_sarc_binary,123
db63ad00b621b06a,1,0,1.6015625,-1.5,0.9569571506599678,0.04304284934003218,1.322050315368429,dann_matched,banglasarc3_binary+banglasarc_binary,ben_sarc_binary,123
5f29666a9daf2247,1,1,-0.54296875,0.1328125,0.3372035333548079,0.6627964666451921,1.322050315368429,dann_matched,banglasarc3_binary+banglasarc_binary,ben_sarc_binary,123
0fbcce700a04edf4,1,0,1.71875,-1.625,0.9658995742876885,0.03410042571231151,1.322050315368429,dann_matched,banglasarc3_binary+banglasarc_binary,ben_sarc_binary,123
a724b3d9a0a164d9,1,0,1.5546875,-1.5078125,0.9553191297273498,0.0446808702726502,1.322050315368429,dann_matched,banglasarc3_binary+banglasarc_binary,ben_sarc_binary,123
90870531da49a573,1,0,-0.08984375,-0.17285156,0.5207400457362243,0.47925995426377566,1.322050315368429,dann_matched,banglasarc3_binary+banglasarc_binary,ben_sarc_binary,123
227baa80ec5aa84c,0,0,1.53125,-1.5390625,0.9556514186046017,0.04434858139539836,1.322050315368429,dann_matched,banglasarc3_binary+banglasarc_binary,ben_sarc_binary,123
84565741de194289,1,1,-0.4453125,0.23144531,0.3369853089734305,0.6630146910265695,1.322050315368429,dann_matched,banglasarc3_binary+banglasarc_binary,ben_sarc_binary,123
40d08f669c7d2d59,0,0,1.484375,-1.3671875,0.9453993942183476,0.05460060578165237,1.322050315368429,dann_matched,banglasarc3_binary+banglasarc_binary,ben_sarc_binary,123
306be833e821840f,0,0,1.515625,-1.484375,0.9525741268224334,0.04742587317756679,1.322050315368429,dann_matched,banglasarc3_binary+banglasarc_binary,ben_sarc_binary,123
257f4014cd0e04af,0,0,1.5078125,-1.421875,0.9492946352021694,0.050705364797830506,1.322050315368429,dann_matched,banglasarc3_binary+banglasarc_binary,ben_sarc_binary,123
848058a7f7b871eb,1,1,-0.9453125,0.52734375,0.18653921274423352,0.8134607872557665,1.322050315368429,dann_matched,banglasarc3_binary+banglasarc_binary,ben_sarc_binary,123
c8c3070cad575800,0,1,-0.87109375,0.51171875,0.2005576797447963,0.7994423202552038,1.322050315368429,dann_matched,banglasarc3_binary+banglasarc_binary,ben_sarc_binary,123
2e91b9df91ba16cc,1,0,1.375,-1.4375,0.9433475746920261,0.05665242530797383,1.322050315368429,dann_matched,banglasarc3_binary+banglasarc_binary,ben_sarc_binary,123
072e4a4382f3e446,0,1,-1.6015625,1.21875,0.056236345704483756,0.9437636542955161,1.322050315368429,dann_matched,banglasarc3_binary+banglasarc_binary,ben_sarc_binary,123
013c19a85759634d,1,0,1.5234375,-1.4296875,0.9504109770159683,0.04958902298403175,1.322050315368429,dann_matched,banglasarc3_binary+banglasarc_binary,ben_sarc_binary,123
75081bccd4de3493,0,0,1.4609375,-1.359375,0.9437636542955161,0.056236345704483756,1.322050315368429,dann_matched,banglasarc3_binary+banglasarc_binary,ben_sarc_binary,123
65ceb8b072e5319b,0,0,1.5625,-1.7578125,0.9651191130633208,0.034880886936679296,1.322050315368429,dann_matched,banglasarc3_binary+banglasarc_binary,ben_sarc_binary,123
ffae42373dbfc76f,0,1,-0.66796875,0.31054688,0.27318641537475025,0.7268135846252497,1.322050315368429,dann_matched,banglasarc3_binary+banglasarc_binary,ben_sarc_binary,123
6eda176014485f86,1,0,1.53125,-1.546875,0.9559813501370537,0.04401864986294638,1.322050315368429,dann_matched,banglasarc3_binary+banglasarc_binary,ben_sarc_binary,123
ba8dbbaed11034a6,0,0,1.515625,-1.3828125,0.9477691428985743,0.052230857101425734,1.322050315368429,dann_matched,banglasarc3_binary+banglasarc_binary,ben_sarc_binary,123
a1f1cfa682f37e5d,0,0,1.7890625,-1.671875,0.9695556515673754,0.030444348432624533,1.322050315368429,dann_matched,banglasarc3_binary+banglasarc_binary,ben_sarc_binary,123
6eae16635681286f,0,0,1.1953125,-1.25,0.9202179865359069,0.079782013464093,1.322050315368429,dann_matched,banglasarc3_binary+banglasarc_binary,ben_sarc_binary,123
0eaf5101cd87d3c4,0,0,1.609375,-1.5703125,0.9600626857930734,0.0399373142069266,1.322050315368429,dann_matched,banglasarc3_binary+banglasarc_binary,ben_sarc_binary,123
57adee25d62f4eca,1,1,-1.4296875,1.0625,0.07640768335044701,0.923592316649553,1.322050315368429,dann_matched,banglasarc3_binary+banglasarc_binary,ben_sarc_binary,123
bac39f04d5c789d8,1,0,-0.033203125,-0.40429688,0.591723240531882,0.4082767594681181,1.322050315368429,dann_matched,banglasarc3_binary+banglasarc_binary,ben_sarc_binary,123
2b8ba7cc26f5bfca,1,1,-1.6328125,1.2734375,0.05184546664977983,0.94815453335022,1.322050315368429,dann_matched,banglasarc3_binary+banglasarc_binary,ben_sarc_binary,123
5312892138d72ffb,1,0,0.122558594,-0.50390625,0.65168744473451,0.34831255526548993,1.322050315368429,dann_matched,banglasarc3_binary+banglasarc_binary,ben_sarc_binary,123
8cb0260beb471cbb,1,0,1.5625,-1.40625,0.9511422213778251,0.048857778622174906,1.322050315368429,dann_matched,banglasarc3_binary+banglasarc_binary,ben_sarc_binary,123
58af103ef934f6d9,1,0,1.4453125,-1.5234375,0.9511422213778251,0.048857778622174906,1.322050315368429,dann_matched,banglasarc3_binary+banglasarc_binary,ben_sarc_binary,123
77ba5ac920ce95c6,1,0,1.484375,-1.5078125,0.9522199336364293,0.047780066363570746,1.322050315368429,dann_matched,banglasarc3_binary+banglasarc_binary,ben_sarc_binary,123
2dd9a9609559887e,1,0,1.5625,-1.484375,0.9546474194456936,0.04535258055430642,1.322050315368429,dann_matched,banglasarc3_binary+banglasarc_binary,ben_sarc_binary,123
e65ffcfea53602ef,1,0,1.5859375,-1.484375,0.9556514186046017,0.04434858139539836,1.322050315368429,dann_matched,banglasarc3_binary+banglasarc_binary,ben_sarc_binary,123
9f8c9aaa32f12b1b,1,0,1.484375,-1.5,0.9518632288833652,0.04813677111663481,1.322050315368429,dann_matched,banglasarc3_binary+banglasarc_binary,ben_sarc_binary,123
438e6568904ad173,0,0,1.6953125,-1.546875,0.9623913644941934,0.03760863550580657,1.322050315368429,dann_matched,banglasarc3_binary+banglasarc_binary,ben_sarc_binary,123
ea7780173de006df,0,0,1.8515625,-1.9296875,0.9777138144607745,0.022286185539225494,1.322050315368429,dann_matched,banglasarc3_binary+banglasarc_binary,ben_sarc_binary,123
fc92e383c7cddba5,0,0,1.546875,-1.5390625,0.956308939359532,0.04369106064046812,1.322050315368429,dann_matched,banglasarc3_binary+banglasarc_binary,ben_sarc_binary,123
35301eeca20b3997,0,0,1.453125,-1.5,0.9504109770159683,0.04958902298403175,1.322050315368429,dann_matched,banglasarc3_binary+banglasarc_binary,ben_sarc_binary,123
97c8163eb887a3bf,0,0,1.578125,-1.53125,0.9572778024535095,0.042722197546490565,1.322050315368429,dann_matched,banglasarc3_binary+banglasarc_binary,ben_sarc_binary,123
3caf7fc2abd39e41,1,0,1.46875,-1.3984375,0.946200356539936,0.053799643460063995,1.322050315368429,dann_matched,banglasarc3_binary+banglasarc_binary,ben_sarc_binary,123
000f3a42de53a443,0,0,1.4765625,-1.4296875,0.94815453335022,0.05184546664977983,1.322050315368429,dann_matched,banglasarc3_binary+banglasarc_binary,ben_sarc_binary,123
eb905d795e56c70c,1,0,1.53125,-1.4609375,0.9522199336364293,0.047780066363570746,1.322050315368429,dann_matched,banglasarc3_binary+banglasarc_binary,ben_sarc_binary,123
b8d1d746238e1d97,0,0,1.453125,-1.53125,0.9518632288833652,0.04813677111663481,1.322050315368429,dann_matched,banglasarc3_binary+banglasarc_binary,ben_sarc_binary,123
9c9ac992f7f05ba0,0,0,1.4453125,-1.4765625,0.9489172630429474,0.05108273695705249,1.322050315368429,dann_matched,banglasarc3_binary+banglasarc_binary,ben_sarc_binary,123
e9456f34fd346ab3,0,0,1.5234375,-1.5390625,0.9553191297273498,0.0446808702726502,1.322050315368429,dann_matched,banglasarc3_binary+banglasarc_binary,ben_sarc_binary,123
e80e050a9a8159a3,1,0,1.4609375,-1.453125,0.9485372345673925,0.05146276543260743,1.322050315368429,dann_matched,banglasarc3_binary+banglasarc_binary,ben_sarc_binary,123
e33541196deea7c5,0,1,-1.5703125,1.2734375,0.05500528829345415,0.9449947117065459,1.322050315368429,dann_matched,banglasarc3_binary+banglasarc_binary,ben_sarc_binary,123
b34a4cbe903c6da1,1,0,1.484375,-1.4375,0.9489172630429474,0.05108273695705249,1.322050315368429,dann_matched,banglasarc3_binary+banglasarc_binary,ben_sarc_binary,123
8802bb60bfc14795,1,0,-0.11279297,-0.16699219,0.5135464887198512,0.48645351128014885,1.322050315368429,dann_matched,banglasarc3_binary+banglasarc_binary,ben_sarc_binary,123
3d15000549bf374a,1,1,-0.25195312,-0.029541016,0.4446250547235637,0.5553749452764364,1.322050315368429,dann_matched,banglasarc3_binary+banglasarc_binary,ben_sarc_binary,123
c145c19056cd95be,0,0,1.4609375,-1.4140625,0.9465966702001757,0.053403329799824234,1.322050315368429,dann_matched,banglasarc3_binary+banglasarc_binary,ben_sarc_binary,123
76807fbef3641209,0,0,1.625,-1.5078125,0.9582261192116938,0.04177388078830622,1.322050315368429,dann_matched,banglasarc3_binary+banglasarc_binary,ben_sarc_binary,123
4da0d6ff95af9f65,1,0,1.5078125,-1.5703125,0.9559813501370537,0.04401864986294638,1.322050315368429,dann_matched,banglasarc3_binary+banglasarc_binary,ben_sarc_binary,123
1f12523995c157d0,0,1,-1.046875,0.8125,0.1347759174229568,0.8652240825770433,1.322050315368429,dann_matched,banglasarc3_binary+banglasarc_binary,ben_sarc_binary,123
56270e9d714a5b70,1,0,1.4453125,-1.46875,0.9485372345673925,0.05146276543260743,1.322050315368429,dann_matched,banglasarc3_binary+banglasarc_binary,ben_sarc_binary,123
e1e0a2484ea696aa,1,0,1.328125,-1.2421875,0.9289263306198166,0.07107366938018356,1.322050315368429,dann_matched,banglasarc3_binary+banglasarc_binary,ben_sarc_binary,123
66b1d59c5f0327a4,0,1,-0.8515625,0.47070312,0.21044159948103583,0.7895584005189641,1.322050315368429,dann_matched,banglasarc3_binary+banglasarc_binary,ben_sarc_binary,123
06b27c7815d9875c,0,0,1.3984375,-1.4375,0.944587205618231,0.05541279438176918,1.322050315368429,dann_matched,banglasarc3_binary+banglasarc_binary,ben_sarc_binary,123
ff3745b03256811d,0,0,1.5390625,-1.4765625,0.9532750413739076,0.04672495862609242,1.322050315368429,dann_matched,banglasarc3_binary+banglasarc_binary,ben_sarc_binary,123
35847bd75a458945,0,0,1.546875,-1.4375,0.9518632288833652,0.04813677111663481,1.322050315368429,dann_matched,banglasarc3_binary+banglasarc_binary,ben_sarc_binary,123
78773244d63c49d1,0,0,1.625,-1.6015625,0.9618217257384336,0.03817827426156642,1.322050315368429,dann_matched,banglasarc3_binary+banglasarc_binary,ben_sarc_binary,123
328a6755c7555870,1,0,1.5078125,-1.453125,0.9507778868028013,0.04922211319719861,1.322050315368429,dann_matched,banglasarc3_binary+banglasarc_binary,ben_sarc_binary,123
4d7894a201b89957,0,0,1.4375,-1.5859375,0.953621794005189,0.046378205994811086,1.322050315368429,dann_matched,banglasarc3_binary+banglasarc_binary,ben_sarc_binary,123
4a2ab492b9028593,0,0,1.8359375,-1.9375,0.9775429470705839,0.02245705292941607,1.322050315368429,dann_matched,banglasarc3_binary+banglasarc_binary,ben_sarc_binary,123
e2117f05523d94f6,1,0,1.453125,-1.421875,0.9465966702001757,0.053403329799824234,1.322050315368429,dann_matched,banglasarc3_binary+banglasarc_binary,ben_sarc_binary,123
626be26f7e405127,1,0,1.484375,-1.4375,0.9489172630429474,0.05108273695705249,1.322050315368429,dann_matched,banglasarc3_binary+banglasarc_binary,ben_sarc_binary,123
bd9789374abf36c4,0,0,0.6953125,-0.82421875,0.8204694444011801,0.17953055559881986,1.322050315368429,dann_matched,banglasarc3_binary+banglasarc_binary,ben_sarc_binary,123
2f1387e5a6f2e0bf,0,0,1.609375,-1.6953125,0.9645892699236761,0.03541073007632382,1.322050315368429,dann_matched,banglasarc3_binary+banglasarc_binary,ben_sarc_binary,123
31a6fa1e393508ca,1,1,-1.3984375,1.046875,0.079782013464093,0.9202179865359069,1.322050315368429,dann_matched,banglasarc3_binary+banglasarc_binary,ben_sarc_binary,123
223b3518e25fdd4d,1,0,0.11279297,-0.35742188,0.6154346057647613,0.3845653942352388,1.322050315368429,dann_matched,banglasarc3_binary+banglasarc_binary,ben_sarc_binary,123
9e92d1d80c1d719c,0,0,0.78125,-0.94921875,0.8494723686970466,0.15052763130295335,1.322050315368429,dann_matched,banglasarc3_binary+banglasarc_binary,ben_sarc_binary,123
fe3642e2abfa9439,1,0,1.5078125,-1.5,0.9529258241789759,0.04707417582102406,1.322050315368429,dann_matched,banglasarc3_binary+banglasarc_binary,ben_sarc_binary,123
40aeb6f639904e13,0,0,1.4609375,-1.375,0.944587205618231,0.05541279438176918,1.322050315368429,dann_matched,banglasarc3_binary+banglasarc_binary,ben_sarc_binary,123
2bbcf5b7c484f448,0,0,1.4921875,-1.4921875,0.9518632288833652,0.04813677111663481,1.322050315368429,dann_matched,banglasarc3_binary+banglasarc_binary,ben_sarc_binary,123
02e17050e749edb3,0,0,1.5546875,-1.484375,0.9543079676184154,0.04569203238158463,1.322050315368429,dann_matched,banglasarc3_binary+banglasarc_binary,ben_sarc_binary,123
1edbd5a5ede318cf,1,0,1.515625,-1.4140625,0.9492946352021694,0.050705364797830506,1.322050315368429,dann_matched,banglasarc3_binary+banglasarc_binary,ben_sarc_binary,123
8f4955e0077f5449,1,0,1.5703125,-1.5703125,0.9585377272885904,0.04146227271140963,1.322050315368429,dann_matched,banglasarc3_binary+banglasarc_binary,ben_sarc_binary,123
769ebb7f0e83e079,1,0,1.4375,-1.421875,0.9458012701768145,0.05419872982318558,1.322050315368429,dann_matched,banglasarc3_binary+banglasarc_binary,ben_sarc_binary,123
ad7955fbf1edb7fc,1,0,1.546875,-1.5,0.9546474194456936,0.04535258055430642,1.322050315368429,dann_matched,banglasarc3_binary+banglasarc_binary,ben_sarc_binary,123
62197020d3b7e587,0,0,1.6796875,-1.8203125,0.9706877692486436,0.029312230751356316,1.322050315368429,dann_matched,banglasarc3_binary+banglasarc_binary,ben_sarc_binary,123
c8f61980da5ade47,1,0,1.484375,-1.375,0.9458012701768145,0.05419872982318558,1.322050315368429,dann_matched,banglasarc3_binary+banglasarc_binary,ben_sarc_binary,123
dd846da14055e269,0,0,1.4609375,-1.5703125,0.9539660976007597,0.046033902399240385,1.322050315368429,dann_matched,banglasarc3_binary+banglasarc_binary,ben_sarc_binary,123
af88990f109bf57a,1,0,1.5234375,-1.484375,0.9529258241789759,0.04707417582102406,1.322050315368429,dann_matched,banglasarc3_binary+banglasarc_binary,ben_sarc_binary,123
c8aaf915395cb20f,1,0,1.4609375,-1.4765625,0.9496693674025232,0.05033063259747688,1.322050315368429,dann_matched,banglasarc3_binary+banglasarc_binary,ben_sarc_binary,123
605643b1bacc5044,0,0,1.5625,-1.5,0.9553191297273498,0.0446808702726502,1.322050315368429,dann_matched,banglasarc3_binary+banglasarc_binary,ben_sarc_binary,123
0f6c2fcc89fd99bb,0,0,1.5703125,-1.5625,0.9582261192116938,0.04177388078830622,1.322050315368429,dann_matched,banglasarc3_binary+banglasarc_binary,ben_sarc_binary,123
71381ec2ff5afe37,1,0,1.46875,-1.40625,0.9465966702001757,0.053403329799824234,1.322050315368429,dann_matched,banglasarc3_binary+banglasarc_binary,ben_sarc_binary,123
eb7878b986e1d4b2,1,1,-1.140625,0.74609375,0.13161904835577012,0.8683809516442299,1.322050315368429,dann_matched,banglasarc3_binary+banglasarc_binary,ben_sarc_binary,123
ac03c77c18bf84b4,1,0,1.40625,-1.3515625,0.9403530570548787,0.0596469429451214,1.322050315368429,dann_matched,banglasarc3_binary+banglasarc_binary,ben_sarc_binary,123
eb6f5ec6e49be0a4,0,0,1.4765625,-1.5703125,0.9546474194456936,0.04535258055430642,1.322050315368429,dann_matched,banglasarc3_binary+banglasarc_binary,ben_sarc_binary,123
3294c653064f7ac4,0,0,1.5,-1.7265625,0.9618217257384336,0.03817827426156642,1.322050315368429,dann_matched,banglasarc3_binary+banglasarc_binary,ben_sarc_binary,123
0b3b7f3f9d8047a7,0,0,1.5078125,-1.4609375,0.9511422213778251,0.048857778622174906,1.322050315368429,dann_matched,banglasarc3_binary+banglasarc_binary,ben_sarc_binary,123
baed609a5a3d62dc,0,0,1.5,-1.453125,0.9504109770159683,0.04958902298403175,1.322050315368429,dann_matched,banglasarc3_binary+banglasarc_binary,ben_sarc_binary,123
30790ffa5ac6ba7a,0,0,1.5703125,-1.5859375,0.9591542840900507,0.040845715909949315,1.322050315368429,dann_matched,banglasarc3_binary+banglasarc_binary,ben_sarc_binary,123
cc4a1d9d29bc2cb9,1,0,1.578125,-1.6015625,0.9600626857930734,0.0399373142069266,1.322050315368429,dann_matched,banglasarc3_binary+banglasarc_binary,ben_sarc_binary,123
95109b58f7901d67,1,1,-0.8359375,0.5234375,0.20434189993684582,0.7956581000631541,1.322050315368429,dann_matched,banglasarc3_binary+banglasarc_binary,ben_sarc_binary,123
91197412094b0b30,0,0,1.5078125,-1.4140625,0.9489172630429474,0.05108273695705249,1.322050315368429,dann_matched,banglasarc3_binary+banglasarc_binary,ben_sarc_binary,123
dee0ca29f44bcfb9,0,0,1.53125,-1.3984375,0.9492946352021694,0.050705364797830506,1.322050315368429,dann_matched,banglasarc3_binary+banglasarc_binary,ben_sarc_binary,123
c4c40b6505e08d89,0,0,1.671875,-1.734375,0.9678992932829918,0.03210070671700819,1.322050315368429,dann_matched,banglasarc3_binary+banglasarc_binary,ben_sarc_binary,123
e224781168eef49a,1,0,1.53125,-1.4296875,0.9507778868028013,0.04922211319719861,1.322050315368429,dann_matched,banglasarc3_binary+banglasarc_binary,ben_sarc_binary,123
8673d94283e57a28,1,0,1.4921875,-1.5390625,0.9539660976007597,0.046033902399240385,1.322050315368429,dann_matched,banglasarc3_binary+banglasarc_binary,ben_sarc_binary,123
1d885ce1ee99ac73,1,0,1.59375,-1.4453125,0.9543079676184154,0.04569203238158463,1.322050315368429,dann_matched,banglasarc3_binary+banglasarc_binary,ben_sarc_binary,123
af11dced86f793bd,1,1,-1.1796875,0.83984375,0.11716746932535992,0.8828325306746402,1.322050315368429,dann_matched,banglasarc3_binary+banglasarc_binary,ben_sarc_binary,123
250391dba99bedf9,1,0,0.64453125,-0.640625,0.7833262058913498,0.21667379410865026,1.322050315368429,dann_matched,banglasarc3_binary+banglasarc_binary,ben_sarc_binary,123
f36700f5920cfe21,0,0,1.546875,-1.5234375,0.9556514186046017,0.04434858139539836,1.322050315368429,dann_matched,banglasarc3_binary+banglasarc_binary,ben_sarc_binary,123
5d84de3a66d57ddc,1,0,0.3359375,-0.640625,0.7264256089751905,0.27357439102480946,1.322050315368429,dann_matched,banglasarc3_binary+banglasarc_binary,ben_sarc_binary,123
0646730f9b71bfde,0,0,-0.12890625,-0.13378906,0.5012207006996865,0.4987792993003134,1.322050315368429,dann_matched,banglasarc3_binary+banglasarc_binary,ben_sarc_binary,123
cefa0b48022803e9,1,0,1.4375,-1.375,0.9433475746920261,0.05665242530797383,1.322050315368429,dann_matched,banglasarc3_binary+banglasarc_binary,ben_sarc_binary,123
53fc29d2d6e837c3,0,0,1.515625,-1.34375,0.9458012701768145,0.05419872982318558,1.322050315368429,dann_matched,banglasarc3_binary+banglasarc_binary,ben_sarc_binary,123
3d8c8d157bd1f5ae,1,0,1.7421875,-1.7734375,0.9711290930537122,0.028870906946287907,1.322050315368429,dann_matched,banglasarc3_binary+banglasarc_binary,ben_sarc_binary,123
3c6b6390e781e009,0,0,1.546875,-1.5859375,0.9582261192116938,0.04177388078830622,1.322050315368429,dann_matched,banglasarc3_binary+banglasarc_binary,ben_sarc_binary,123
147ec0a6e7194a3e,0,0,0.15820312,-0.390625,0.633863664340824,0.366136335659176,1.322050315368429,dann_matched,banglasarc3_binary+banglasarc_binary,ben_sarc_binary,123
3d0064dc661d66e7,0,0,1.484375,-1.5,0.9518632288833652,0.04813677111663481,1.322050315368429,dann_matched,banglasarc3_binary+banglasarc_binary,ben_sarc_binary,123
963ee9b486e9589d,1,0,1.4453125,-1.4140625,0.9458012701768145,0.05419872982318558,1.322050315368429,dann_matched,banglasarc3_binary+banglasarc_binary,ben_sarc_binary,123
e9d35eeabb4b10d3,0,1,-1.4453125,1.1328125,0.07055959618729296,0.9294404038127071,1.322050315368429,dann_matched,banglasarc3_binary+banglasarc_binary,ben_sarc_binary,123
8dee928d4cf13932,1,1,-1.6015625,1.171875,0.05877655584806683,0.9412234441519332,1.322050315368429,dann_matched,banglasarc3_binary+banglasarc_binary,ben_sarc_binary,123
7bd091eb1a21a288,0,1,-0.6171875,0.34570312,0.27629981702672846,0.7237001829732717,1.322050315368429,dann_matched,banglasarc3_binary+banglasarc_binary,ben_sarc_binary,123
e1cf6bada5d9f7ac,0,0,0.05126953,-0.5078125,0.636240113432218,0.3637598865677821,1.322050315368429,dann_matched,banglasarc3_binary+banglasarc_binary,ben_sarc_binary,123
58dc714c9e0eadfd,0,0,0.23046875,-0.515625,0.6783269517867622,0.32167304821323783,1.322050315368429,dann_matched,banglasarc3_binary+banglasarc_binary,ben_sarc_binary,123
75c36b8e5aa9205d,1,1,-0.890625,0.45898438,0.20593424154536946,0.7940657584546307,1.322050315368429,dann_matched,banglasarc3_binary+banglasarc_binary,ben_sarc_binary,123
ae669c0e1f02f6d4,0,0,1.515625,-1.6328125,0.9588471107825551,0.04115288921744485,1.322050315368429,dann_matched,banglasarc3_binary+banglasarc_binary,ben_sarc_binary,123
1b56ab2e6378b441,1,0,1.5,-1.390625,0.9473810466522863,0.05261895334771377,1.322050315368429,dann_matched,banglasarc3_binary+banglasarc_binary,ben_sarc_binary,123
1d1eebda1921c86f,0,0,1.6875,-1.6328125,0.9651191130633208,0.034880886936679296,1.322050315368429,dann_matched,banglasarc3_binary+banglasarc_binary,ben_sarc_binary,123
7b13670a049b8c9e,1,0,1.5,-1.46875,0.9511422213778251,0.048857778622174906,1.322050315368429,dann_matched,banglasarc3_binary+banglasarc_binary,ben_sarc_binary,123
72f05d63fadd5ace,1,0,0.35742188,-0.5234375,0.7070002730499041,0.2929997269500959,1.322050315368429,dann_matched,banglasarc3_binary+banglasarc_binary,ben_sarc_binary,123
c2d9f5c8e3122e5b,1,0,1.5703125,-1.578125,0.9588471107825551,0.04115288921744485,1.322050315368429,dann_matched,banglasarc3_binary+banglasarc_binary,ben_sarc_binary,123
9d60a710752c79fc,0,0,1.6015625,-1.6015625,0.9609517072737735,0.03904829272622638,1.322050315368429,dann_matched,banglasarc3_binary+banglasarc_binary,ben_sarc_binary,123
e8d55017181e2ee4,0,0,0.10205078,-0.37890625,0.6179738382819228,0.3820261617180773,1.322050315368429,dann_matched,banglasarc3_binary+banglasarc_binary,ben_sarc_binary,123
d2778100cf0dc2f8,1,0,1.4765625,-1.453125,0.9492946352021694,0.050705364797830506,1.322050315368429,dann_matched,banglasarc3_binary+banglasarc_binary,ben_sarc_binary,123
745a2f40d4971686,1,1,-1.046875,0.48632812,0.1775255136593274,0.8224744863406726,1.322050315368429,dann_matched,banglasarc3_binary+banglasarc_binary,ben_sarc_binary,123
93911ba084c65fc8,0,0,1.609375,-1.515625,0.9579122720843811,0.04208772791561884,1.322050315368429,dann_matched,banglasarc3_binary+banglasarc_binary,ben_sarc_binary,123
cdaeb80239bdb1c1,0,0,1.578125,-1.546875,0.9579122720843811,0.04208772791561884,1.322050315368429,dann_matched,banglasarc3_binary+banglasarc_binary,ben_sarc_binary,123
577275a95e0e7327,0,0,1.5078125,-1.4609375,0.9511422213778251,0.048857778622174906,1.322050315368429,dann_matched,banglasarc3_binary+banglasarc_binary,ben_sarc_binary,123
cd5bb04120b7a8c0,1,1,-2.0625,1.7578125,0.021450729175489416,0.9785492708245106,1.322050315368429,dann_matched,banglasarc3_binary+banglasarc_binary,ben_sarc_binary,123
20d5fa1a382e1ff6,1,0,1.640625,-1.484375,0.9579122720843811,0.04208772791561884,1.322050315368429,dann_matched,banglasarc3_binary+banglasarc_binary,ben_sarc_binary,123
91072f1b25e87d27,1,1,-1.578125,1.2109375,0.05791808743947446,0.9420819125605256,1.322050315368429,dann_matched,banglasarc3_binary+banglasarc_binary,ben_sarc_binary,123
0e5f0681ee986007,1,1,-0.33984375,-0.010498047,0.4183998321780271,0.5816001678219729,1.322050315368429,dann_matched,banglasarc3_binary+banglasarc_binary,ben_sarc_binary,123
41d66786267f79c8,0,0,1.484375,-1.5390625,0.953621794005189,0.046378205994811086,1.322050315368429,dann_matched,banglasarc3_binary+banglasarc_binary,ben_sarc_binary,123
60cdb18ef1f58296,1,0,1.5234375,-1.4140625,0.9496693674025232,0.05033063259747688,1.322050315368429,dann_matched,banglasarc3_binary+banglasarc_binary,ben_sarc_binary,123
da7c5529758a745a,1,0,1.59375,-1.5,0.9566342012360932,0.04336579876390677,1.322050315368429,dann_matched,banglasarc3_binary+banglasarc_binary,ben_sarc_binary,123
7edd8beb9d3bd40e,0,0,1.515625,-1.53125,0.9546474194456936,0.04535258055430642,1.322050315368429,dann_matched,banglasarc3_binary+banglasarc_binary,ben_sarc_binary,123
bd78146a7e842f7b,0,0,1.4921875,-1.4609375,0.9504109770159683,0.04958902298403175,1.322050315368429,dann_matched,banglasarc3_binary+banglasarc_binary,ben_sarc_binary,123
8d422c6be9886f8d,0,0,1.578125,-1.4609375,0.9543079676184154,0.04569203238158463,1.322050315368429,dann_matched,banglasarc3_binary+banglasarc_binary,ben_sarc_binary,123
8ca1872e3a5e45e5,1,0,1.8203125,-1.9375,0.9771973640319939,0.02280263596800613,1.322050315368429,dann_matched,banglasarc3_binary+banglasarc_binary,ben_sarc_binary,123
1cda7ab5b8c9d47f,1,0,1.3515625,-1.2421875,0.9304582554941719,0.06954174450582809,1.322050315368429,dann_matched,banglasarc3_binary+banglasarc_binary,ben_sarc_binary,123
3eabf66231dea821,1,0,1.5390625,-1.4453125,0.9518632288833652,0.04813677111663481,1.322050315368429,dann_matched,banglasarc3_binary+banglasarc_binary,ben_sarc_binary,123
cdc36ef280fcf145,0,0,1.4921875,-1.34375,0.944587205618231,0.05541279438176918,1.322050315368429,dann_matched,banglasarc3_binary+banglasarc_binary,ben_sarc_binary,123
9a91ff871617a7b2,1,0,1.5078125,-1.5546875,0.9553191297273498,0.0446808702726502,1.322050315368429,dann_matched,banglasarc3_binary+banglasarc_binary,ben_sarc_binary,123
b0d01eb125020a38,1,0,1.53125,-1.3828125,0.9485372345673925,0.05146276543260743,1.322050315368429,dann_matched,banglasarc3_binary+banglasarc_binary,ben_sarc_binary,123
b817d8382f65fc6c,0,0,-0.07910156,-0.18457031,0.5263427730278142,0.47365722697218576,1.322050315368429,dann_matched,banglasarc3_binary+banglasarc_binary,ben_sarc_binary,123
07d46d8ce25411ce,1,0,1.9921875,-2.0,0.9818752792555313,0.018124720744468643,1.322050315368429,dann_matched,banglasarc3_binary+banglasarc_binary,ben_sarc_binary,123
73f422e469a28227,0,1,-0.5390625,0.22558594,0.3176378920053574,0.6823621079946426,1.322050315368429,dann_matched,banglasarc3_binary+banglasarc_binary,ben_sarc_binary,123
264597976de5e5f8,0,0,1.46875,-1.46875,0.9496693674025232,0.05033063259747688,1.322050315368429,dann_matched,banglasarc3_binary+banglasarc_binary,ben_sarc_binary,123
447fee23f2792ee6,0,0,1.03125,-1.2734375,0.909264512360149,0.09073548763985106,1.322050315368429,dann_matched,banglasarc3_binary+banglasarc_binary,ben_sarc_binary,123
72cf2820e96079dd,0,0,1.5546875,-1.515625,0.9556514186046017,0.04434858139539836,1.322050315368429,dann_matched,banglasarc3_binary+banglasarc_binary,ben_sarc_binary,123
39bcbffd09b3c708,0,1,-1.8671875,1.59375,0.030444348432624533,0.9695556515673754,1.322050315368429,dann_matched,banglasarc3_binary+banglasarc_binary,ben_sarc_binary,123
3d1df3eca8c95e1e,0,0,1.5625,-1.46875,0.9539660976007597,0.046033902399240385,1.322050315368429,dann_matched,banglasarc3_binary+banglasarc_binary,ben_sarc_binary,123
af9ece9dcb68ddae,1,0,1.4609375,-1.328125,0.9420819125605256,0.05791808743947446,1.322050315368429,dann_matched,banglasarc3_binary+banglasarc_binary,ben_sarc_binary,123
eb635c8c4548f354,0,1,-0.47265625,0.123046875,0.3553273651913664,0.6446726348086337,1.322050315368429,dann_matched,banglasarc3_binary+banglasarc_binary,ben_sarc_binary,123
b0e2f4bb19df5e65,0,0,1.5078125,-1.421875,0.9492946352021694,0.050705364797830506,1.322050315368429,dann_matched,banglasarc3_binary+banglasarc_binary,ben_sarc_binary,123
260a1544650b8633,1,0,1.53125,-1.5703125,0.9569571506599678,0.04304284934003218,1.322050315368429,dann_matched,banglasarc3_binary+banglasarc_binary,ben_sarc_binary,123
7b4ae537b0e25b27,0,0,1.4765625,-1.4375,0.9485372345673925,0.05146276543260743,1.322050315368429,dann_matched,banglasarc3_binary+banglasarc_binary,ben_sarc_binary,123
366893a0effd4003,1,0,1.4921875,-1.4140625,0.94815453335022,0.05184546664977983,1.322050315368429,dann_matched,banglasarc3_binary+banglasarc_binary,ben_sarc_binary,123
90f8047b821ce145,0,0,1.5234375,-1.5546875,0.9559813501370537,0.04401864986294638,1.322050315368429,dann_matched,banglasarc3_binary+banglasarc_binary,ben_sarc_binary,123
c5decca947399372,0,0,1.515625,-1.40625,0.9489172630429474,0.05108273695705249,1.322050315368429,dann_matched,banglasarc3_binary+banglasarc_binary,ben_sarc_binary,123
3d6e6c2c3e1ba6cf,1,0,1.4609375,-1.4609375,0.9489172630429474,0.05108273695705249,1.322050315368429,dann_matched,banglasarc3_binary+banglasarc_binary,ben_sarc_binary,123
fe7c5b09bc4f21b3,1,0,0.9375,-1.171875,0.8918110454379297,0.10818895456207035,1.322050315368429,dann_matched,banglasarc3_binary+banglasarc_binary,ben_sarc_binary,123
e37452770dd3d8cb,1,1,-1.6875,1.375,0.0446808702726502,0.9553191297273498,1.322050315368429,dann_matched,banglasarc3_binary+banglasarc_binary,ben_sarc_binary,123
e89aa8af0f78cb1f,0,1,-1.7578125,1.3828125,0.04146227271140963,0.9585377272885904,1.322050315368429,dann_matched,banglasarc3_binary+banglasarc_binary,ben_sarc_binary,123
9e094ba1cb14bd40,0,1,-0.27734375,-0.26171875,0.4960938294709195,0.5039061705290805,1.322050315368429,dann_matched,banglasarc3_binary+banglasarc_binary,ben_sarc_binary,123
f058bf2e95734293,1,1,-0.1875,-0.033447266,0.4615628031034823,0.5384371968965177,1.322050315368429,dann_matched,banglasarc3_binary+banglasarc_binary,ben_sarc_binary,123
aaf7bcb9143d6db7,0,0,1.53125,-1.5078125,0.9543079676184154,0.04569203238158463,1.322050315368429,dann_matched,banglasarc3_binary+banglasarc_binary,ben_sarc_binary,123
1bb97b0626f4ca9b,0,0,1.71875,-1.4765625,0.9606574967357419,0.03934250326425821,1.322050315368429,dann_matched,banglasarc3_binary+banglasarc_binary,ben_sarc_binary,123
87167740eae6a813,1,1,-1.140625,0.7890625,0.126785173178859,0.8732148268211409,1.322050315368429,dann_matched,banglasarc3_binary+banglasarc_binary,ben_sarc_binary,123
834b4a9f0dd4bf64,1,0,1.5078125,-1.453125,0.9507778868028013,0.04922211319719861,1.322050315368429,dann_matched,banglasarc3_binary+banglasarc_binary,ben_sarc_binary,123
b8d694603f4a6788,1,0,1.515625,-1.4140625,0.9492946352021694,0.050705364797830506,1.322050315368429,dann_matched,banglasarc3_binary+banglasarc_binary,ben_sarc_binary,123
af7facee92a3f589,0,0,1.5703125,-1.4609375,0.9539660976007597,0.046033902399240385,1.322050315368429,dann_matched,banglasarc3_binary+banglasarc_binary,ben_sarc_binary,123
b1d2e1dd3ae4393b,0,0,1.5078125,-1.4296875,0.9496693674025232,0.05033063259747688,1.322050315368429,dann_matched,banglasarc3_binary+banglasarc_binary,ben_sarc_binary,123
b33e0974267d0b85,1,1,-0.79296875,0.2734375,0.2560871165930079,0.743912883406992,1.322050315368429,dann_matched,banglasarc3_binary+banglasarc_binary,ben_sarc_binary,123
0eef6cca6b677a07,0,0,1.578125,-1.4765625,0.9549844683997677,0.04501553160023231,1.322050315368429,dann_matched,banglasarc3_binary+banglasarc_binary,ben_sarc_binary,123
543a0d1fd215ddea,1,0,1.5078125,-1.4453125,0.9504109770159683,0.04958902298403175,1.322050315368429,dann_matched,banglasarc3_binary+banglasarc_binary,ben_sarc_binary,123
0eb132a375ca9414,0,0,1.40625,-1.375,0.941654159388319,0.05834584061168106,1.322050315368429,dann_matched,banglasarc3_binary+banglasarc_binary,ben_sarc_binary,123
0d05e561d3f9f873,0,0,1.59375,-1.515625,0.9572778024535095,0.042722197546490565,1.322050315368429,dann_matched,banglasarc3_binary+banglasarc_binary,ben_sarc_binary,123
1f82378376b0cc85,0,0,1.4375,-1.390625,0.9441768588653856,0.05582314113461443,1.322050315368429,dann_matched,banglasarc3_binary+banglasarc_binary,ben_sarc_binary,123
3e089db3906bea0b,0,1,-1.2265625,0.85546875,0.11085559492526088,0.8891444050747391,1.322050315368429,dann_matched,banglasarc3_binary+banglasarc_binary,ben_sarc_binary,123
2cc1a83c978c0e6c,0,0,1.0234375,-1.1328125,0.8962513731336202,0.10374862686637971,1.322050315368429,dann_matched,banglasarc3_binary+banglasarc_binary,ben_sarc_binary,123
874d05771b144b55,0,0,2.125,-2.0625,0.98504291340685,0.01495708659314999,1.322050315368429,dann_matched,banglasarc3_binary+banglasarc_binary,ben_sarc_binary,123
c712a620a6fda3b5,0,0,1.9453125,-1.859375,0.9782188286685003,0.021781171331499802,1.322050315368429,dann_matched,banglasarc3_binary+banglasarc_binary,ben_sarc_binary,123
834d3868a130b1b6,0,0,0.25390625,-0.546875,0.6901415732701115,0.30985842672988845,1.322050315368429,dann_matched,banglasarc3_binary+banglasarc_binary,ben_sarc_binary,123
ebf63a191f01de9b,0,0,1.5625,-1.5625,0.9579122720843811,0.04208772791561884,1.322050315368429,dann_matched,banglasarc3_binary+banglasarc_binary,ben_sarc_binary,123
c32babec84d24346,1,0,1.46875,-1.4375,0.94815453335022,0.05184546664977983,1.322050315368429,dann_matched,banglasarc3_binary+banglasarc_binary,ben_sarc_binary,123
d76b8c124163a574,0,0,1.484375,-1.640625,0.9579122720843811,0.04208772791561884,1.322050315368429,dann_matched,banglasarc3_binary+banglasarc_binary,ben_sarc_binary,123
944c85286eb1e35d,1,0,1.5859375,-1.7578125,0.9658995742876885,0.03410042571231151,1.322050315368429,dann_matched,banglasarc3_binary+banglasarc_binary,ben_sarc_binary,123
89d226a6b59610b7,1,0,1.4765625,-1.4296875,0.94815453335022,0.05184546664977983,1.322050315368429,dann_matched,banglasarc3_binary+banglasarc_binary,ben_sarc_binary,123
f3bfe8c40ac806e0,0,0,1.4609375,-1.4375,0.9477691428985743,0.052230857101425734,1.322050315368429,dann_matched,banglasarc3_binary+banglasarc_binary,ben_sarc_binary,123
6d00b9a8964fb4fb,0,0,1.515625,-1.578125,0.9566342012360932,0.04336579876390677,1.322050315368429,dann_matched,banglasarc3_binary+banglasarc_binary,ben_sarc_binary,123
7d0f50e32849bb30,0,0,0.328125,-0.859375,0.7662936430859597,0.23370635691404026,1.322050315368429,dann_matched,banglasarc3_binary+banglasarc_binary,ben_sarc_binary,123
384f0a19f33ac055,0,0,1.4609375,-1.390625,0.9453993942183476,0.05460060578165237,1.322050315368429,dann_matched,banglasarc3_binary+banglasarc_binary,ben_sarc_binary,123
5ca8d532e0ae3169,0,0,1.5390625,-1.4453125,0.9518632288833652,0.04813677111663481,1.322050315368429,dann_matched,banglasarc3_binary+banglasarc_binary,ben_sarc_binary,123
b097b444cca64023,0,0,1.4375,-1.4296875,0.946200356539936,0.053799643460063995,1.322050315368429,dann_matched,banglasarc3_binary+banglasarc_binary,ben_sarc_binary,123
e4e46eecf31caf38,1,0,0.29492188,-0.56640625,0.7029380630124772,0.2970619369875227,1.322050315368429,dann_matched,banglasarc3_binary+banglasarc_binary,ben_sarc_binary,123
34ca5e7548070b69,1,0,1.578125,-1.5078125,0.956308939359532,0.04369106064046812,1.322050315368429,dann_matched,banglasarc3_binary+banglasarc_binary,ben_sarc_binary,123
866718d733c82622,1,0,1.6875,-1.671875,0.9664104943498959,0.033589505650103976,1.322050315368429,dann_matched,banglasarc3_binary+banglasarc_binary,ben_sarc_binary,123
8621da08c096060d,1,0,1.4609375,-1.5,0.9507778868028013,0.04922211319719861,1.322050315368429,dann_matched,banglasarc3_binary+banglasarc_binary,ben_sarc_binary,123
f5de7df565f7c160,1,0,1.546875,-1.515625,0.9553191297273498,0.0446808702726502,1.322050315368429,dann_matched,banglasarc3_binary+banglasarc_binary,ben_sarc_binary,123
54c5ee7e97e0d01d,1,0,1.4453125,-1.3828125,0.9441768588653856,0.05582314113461443,1.322050315368429,dann_matched,banglasarc3_binary+banglasarc_binary,ben_sarc_binary,123
5ed2c97e07721a9c,0,0,1.3515625,-1.5390625,0.9473810466522863,0.05261895334771377,1.322050315368429,dann_matched,banglasarc3_binary+banglasarc_binary,ben_sarc_binary,123
be15e418c73bd196,1,0,1.546875,-1.484375,0.9539660976007597,0.046033902399240385,1.322050315368429,dann_matched,banglasarc3_binary+banglasarc_binary,ben_sarc_binary,123
1fbd24ef4f498822,1,0,1.65625,-1.84375,0.9706877692486436,0.029312230751356316,1.322050315368429,dann_matched,banglasarc3_binary+banglasarc_binary,ben_sarc_binary,123
d042b0117a82fe60,1,0,1.6171875,-1.7109375,0.9653811611608242,0.03461883883917583,1.322050315368429,dann_matched,banglasarc3_binary+banglasarc_binary,ben_sarc_binary,123
58af48575a35265c,1,0,0.90625,-0.99609375,0.870156561979502,0.12984343802049797,1.322050315368429,dann_matched,banglasarc3_binary+banglasarc_binary,ben_sarc_binary,123
9fb024b3e62b6f96,0,0,1.140625,-1.484375,0.9324533088603709,0.0675466911396291,1.322050315368429,dann_matched,banglasarc3_binary+banglasarc_binary,ben_sarc_binary,123
f14cbbc7504196d9,1,0,1.46875,-1.4140625,0.9469902279841446,0.05300977201585542,1.322050315368429,dann_matched,banglasarc3_binary+banglasarc_binary,ben_sarc_binary,123
d5dc30696681d46c,1,0,1.46875,-1.421875,0.9473810466522863,0.05261895334771377,1.322050315368429,dann_matched,banglasarc3_binary+banglasarc_binary,ben_sarc_binary,123
dac00391cad5c40d,0,0,0.859375,-1.0078125,0.8661325122464822,0.13386748775351784,1.322050315368429,dann_matched,banglasarc3_binary+banglasarc_binary,ben_sarc_binary,123
bf50a46cd27ba9dd,1,0,1.484375,-1.3359375,0.9437636542955161,0.056236345704483756,1.322050315368429,dann_matched,banglasarc3_binary+banglasarc_binary,ben_sarc_binary,123
b93f0e75c33d939c,1,1,-1.09375,0.77734375,0.1334152172639784,0.8665847827360217,1.322050315368429,dann_matched,banglasarc3_binary+banglasarc_binary,ben_sarc_binary,123
ced7f1a0e96ee5b9,1,1,-1.3046875,1.0546875,0.08632347658627028,0.9136765234137297,1.322050315368429,dann_matched,banglasarc3_binary+banglasarc_binary,ben_sarc_binary,123
2aae0f45b60670d5,0,0,1.46875,-1.484375,0.9504109770159683,0.04958902298403175,1.322050315368429,dann_matched,banglasarc3_binary+banglasarc_binary,ben_sarc_binary,123
25fc468e17875ae8,0,0,1.4765625,-1.3984375,0.9465966702001757,0.053403329799824234,1.322050315368429,dann_matched,banglasarc3_binary+banglasarc_binary,ben_sarc_binary,123
899b7c82c8c1c121,0,0,1.2265625,-1.4296875,0.9343951625409306,0.06560483745906928,1.322050315368429,dann_matched,banglasarc3_binary+banglasarc_binary,ben_sarc_binary,123
77a425a8ef7ad5f8,1,0,1.546875,-1.4296875,0.9515039967560431,0.048496003243956885,1.322050315368429,dann_matched,banglasarc3_binary+banglasarc_binary,ben_sarc_binary,123
b719421f8767af5d,1,0,1.59375,-1.4296875,0.953621794005189,0.046378205994811086,1.322050315368429,dann_matched,banglasarc3_binary+banglasarc_binary,ben_sarc_binary,123
96bd7b00c969d0c1,0,0,1.546875,-1.5859375,0.9582261192116938,0.04177388078830622,1.322050315368429,dann_matched,banglasarc3_binary+banglasarc_binary,ben_sarc_binary,123
d4fb93fdf9047994,1,0,1.4453125,-1.4296875,0.9465966702001757,0.053403329799824234,1.322050315368429,dann_matched,banglasarc3_binary+banglasarc_binary,ben_sarc_binary,123
ec9b43fa9d8d7ee7,0,0,1.484375,-1.3671875,0.9453993942183476,0.05460060578165237,1.322050315368429,dann_matched,banglasarc3_binary+banglasarc_binary,ben_sarc_binary,123
3d95a49a6cd8172f,0,0,1.375,-1.4921875,0.946200356539936,0.053799643460063995,1.322050315368429,dann_matched,banglasarc3_binary+banglasarc_binary,ben_sarc_binary,123
cab1e149e4bab408,1,1,-1.640625,1.328125,0.048857778622174906,0.9511422213778251,1.322050315368429,dann_matched,banglasarc3_binary+banglasarc_binary,ben_sarc_binary,123
2cb5f16475159f6e,0,0,1.53125,-1.328125,0.9458012701768145,0.05419872982318558,1.322050315368429,dann_matched,banglasarc3_binary+banglasarc_binary,ben_sarc_binary,123
ce1b938445ad8db4,1,0,1.5078125,-1.46875,0.9515039967560431,0.048496003243956885,1.322050315368429,dann_matched,banglasarc3_binary+banglasarc_binary,ben_sarc_binary,123
ca67dd789512a0c6,1,0,1.4375,-1.4453125,0.9469902279841446,0.05300977201585542,1.322050315368429,dann_matched,banglasarc3_binary+banglasarc_binary,ben_sarc_binary,123
e2bbbd6a76c30c3d,1,0,1.484375,-1.40625,0.9473810466522863,0.05261895334771377,1.322050315368429,dann_matched,banglasarc3_binary+banglasarc_binary,ben_sarc_binary,123
a137e96c7e455e06,0,0,1.734375,-1.6328125,0.9666631758572982,0.03333682414270177,1.322050315368429,dann_matched,banglasarc3_binary+banglasarc_binary,ben_sarc_binary,123
336d73f64124a07e,1,0,0.01586914,-0.31640625,0.5823129112163711,0.4176870887836289,1.322050315368429,dann_matched,banglasarc3_binary+banglasarc_binary,ben_sarc_binary,123
f1f9ad0ff85e846c,1,1,-0.7265625,0.3359375,0.25683199138751883,0.7431680086124811,1.322050315368429,dann_matched,banglasarc3_binary+banglasarc_binary,ben_sarc_binary,123
5dcb1b56cbe3d84e,1,0,1.5859375,-1.5,0.956308939359532,0.04369106064046812,1.322050315368429,dann_matched,banglasarc3_binary+banglasarc_binary,ben_sarc_binary,123
cffd7e76f1673177,1,0,1.2578125,-1.359375,0.9319595797274409,0.06804042027255897,1.322050315368429,dann_matched,banglasarc3_binary+banglasarc_binary,ben_sarc_binary,123
5ed123d6a2a90ec7,0,0,0.29101562,-0.828125,0.7538292764191719,0.24617072358082817,1.322050315368429,dann_matched,banglasarc3_binary+banglasarc_binary,ben_sarc_binary,123
f6cfd6813483dc72,0,0,1.53125,-1.5546875,0.956308939359532,0.04369106064046812,1.322050315368429,dann_matched,banglasarc3_binary+banglasarc_binary,ben_sarc_binary,123
d02b0353a4da8f40,0,0,1.7890625,-1.7734375,0.9724147177732099,0.027585282226789985,1.322050315368429,dann_matched,banglasarc3_binary+banglasarc_binary,ben_sarc_binary,123
35deffc17fceb02f,0,0,1.9765625,-2.09375,0.9832145101099363,0.016785489890063697,1.322050315368429,dann_matched,banglasarc3_binary+banglasarc_binary,ben_sarc_binary,123
ebb30c60cdb60d2f,0,0,1.46875,-1.4765625,0.9500414759334155,0.0499585240665846,1.322050315368429,dann_matched,banglasarc3_binary+banglasarc_binary,ben_sarc_binary,123
8764cc7155aa4238,1,0,1.1171875,-1.078125,0.8998277813740775,0.10017221862592252,1.322050315368429,dann_matched,banglasarc3_binary+banglasarc_binary,ben_sarc_binary,123
d3b5f435ea7e1f58,0,0,1.7578125,-1.6953125,0.9693241982893259,0.030675801710674105,1.322050315368429,dann_matched,banglasarc3_binary+banglasarc_binary,ben_sarc_binary,123
e623aecac7b953d7,0,0,1.4921875,-1.4453125,0.9496693674025232,0.05033063259747688,1.322050315368429,dann_matched,banglasarc3_binary+banglasarc_binary,ben_sarc_binary,123
47dae642f529f14d,0,0,1.5,-1.5390625,0.9543079676184154,0.04569203238158463,1.322050315368429,dann_matched,banglasarc3_binary+banglasarc_binary,ben_sarc_binary,123
b2b513a860f9837c,1,0,1.4765625,-1.484375,0.9507778868028013,0.04922211319719861,1.322050315368429,dann_matched,banglasarc3_binary+banglasarc_binary,ben_sarc_binary,123
6fd81ec96b7769d6,0,0,1.609375,-1.3671875,0.9515039967560431,0.048496003243956885,1.322050315368429,dann_matched,banglasarc3_binary+banglasarc_binary,ben_sarc_binary,123
ac2ac3c92b4f6575,1,0,0.60546875,-0.90234375,0.8187367931713698,0.1812632068286302,1.322050315368429,dann_matched,banglasarc3_binary+banglasarc_binary,ben_sarc_binary,123
4ef7a067d6ddafb9,1,1,-1.7578125,1.515625,0.0364937662290278,0.9635062337709722,1.322050315368429,dann_matched,banglasarc3_binary+banglasarc_binary,ben_sarc_binary,123
34db793268ce1ace,0,0,1.46875,-1.3984375,0.946200356539936,0.053799643460063995,1.322050315368429,dann_matched,banglasarc3_binary+banglasarc_binary,ben_sarc_binary,123
32fb79ac814c55b8,0,0,1.46875,-1.390625,0.9458012701768145,0.05419872982318558,1.322050315368429,dann_matched,banglasarc3_binary+banglasarc_binary,ben_sarc_binary,123
205150e471c9bbff,1,1,-0.27734375,-0.07861328,0.45048025255054036,0.5495197474494596,1.322050315368429,dann_matched,banglasarc3_binary+banglasarc_binary,ben_sarc_binary,123
4246ef456bf577b4,0,0,1.7109375,-2.0,0.976129165047569,0.023870834952430912,1.322050315368429,dann_matched,banglasarc3_binary+banglasarc_binary,ben_sarc_binary,123
74bb5e5c801caa41,0,1,-1.2734375,0.98046875,0.09501305198790386,0.9049869480120961,1.322050315368429,dann_matched,banglasarc3_binary+banglasarc_binary,ben_sarc_binary,123
e375a63418b2d4a4,1,0,0.74609375,-1.0,0.8514594320170558,0.14854056798294435,1.322050315368429,dann_matched,banglasarc3_binary+banglasarc_binary,ben_sarc_binary,123
9c39f272b7617b16,0,0,1.5,-1.53125,0.9539660976007597,0.046033902399240385,1.322050315368429,dann_matched,banglasarc3_binary+banglasarc_binary,ben_sarc_binary,123
49e0661b2dc1723a,1,1,-1.6484375,1.2734375,0.05108273695705249,0.9489172630429474,1.322050315368429,dann_matched,banglasarc3_binary+banglasarc_binary,ben_sarc_binary,123
9a52b5a05b6f238e,0,0,1.1875,-1.2265625,0.9178933729531492,0.08210662704685086,1.322050315368429,dann_matched,banglasarc3_binary+banglasarc_binary,ben_sarc_binary,123
0ba25639d4259dd2,1,0,1.5078125,-1.4765625,0.9518632288833652,0.04813677111663481,1.322050315368429,dann_matched,banglasarc3_binary+banglasarc_binary,ben_sarc_binary,123
858eb4877a1dfbd4,1,0,1.5078125,-1.5234375,0.9539660976007597,0.046033902399240385,1.322050315368429,dann_matched,banglasarc3_binary+banglasarc_binary,ben_sarc_binary,123
80368cea9601312b,1,0,1.53125,-1.6015625,0.9582261192116938,0.04177388078830622,1.322050315368429,dann_matched,banglasarc3_binary+banglasarc_binary,ben_sarc_binary,123
2ceb540b0c72b606,0,0,1.65625,-1.6015625,0.9629528313309248,0.037047168669075196,1.322050315368429,dann_matched,banglasarc3_binary+banglasarc_binary,ben_sarc_binary,123
a3eb6a7f4ff6b67c,0,0,1.5,-1.46875,0.9511422213778251,0.048857778622174906,1.322050315368429,dann_matched,banglasarc3_binary+banglasarc_binary,ben_sarc_binary,123
3eb36ffb4b612889,0,0,1.5234375,-1.421875,0.9500414759334155,0.0499585240665846,1.322050315368429,dann_matched,banglasarc3_binary+banglasarc_binary,ben_sarc_binary,123
6d4005d520288e20,1,0,1.53125,-1.5390625,0.9556514186046017,0.04434858139539836,1.322050315368429,dann_matched,banglasarc3_binary+banglasarc_binary,ben_sarc_binary,123
b0903f5d1536ea28,0,0,1.640625,-1.828125,0.9697854129326061,0.03021458706739398,1.322050315368429,dann_matched,banglasarc3_binary+banglasarc_binary,ben_sarc_binary,123
4a069afcd444c265,0,0,1.5234375,-1.5078125,0.9539660976007597,0.046033902399240385,1.322050315368429,dann_matched,banglasarc3_binary+banglasarc_binary,ben_sarc_binary,123
9b31a17012cb7b6a,1,0,1.4765625,-1.4609375,0.9496693674025232,0.05033063259747688,1.322050315368429,dann_matched,banglasarc3_binary+banglasarc_binary,ben_sarc_binary,123
737dba994a0a467d,1,0,1.453125,-1.40625,0.9458012701768145,0.05419872982318558,1.322050315368429,dann_matched,banglasarc3_binary+banglasarc_binary,ben_sarc_binary,123
31c731052f8d8445,0,0,1.59375,-1.5390625,0.9582261192116938,0.04177388078830622,1.322050315368429,dann_matched,banglasarc3_binary+banglasarc_binary,ben_sarc_binary,123
cf01d2088d4cc8ef,1,0,1.53125,-1.4296875,0.9507778868028013,0.04922211319719861,1.322050315368429,dann_matched,banglasarc3_binary+banglasarc_binary,ben_sarc_binary,123
f93cb6ed39fa2490,0,0,1.4375,-1.4375,0.9465966702001757,0.053403329799824234,1.322050315368429,dann_matched,banglasarc3_binary+banglasarc_binary,ben_sarc_binary,123
569c38f1dfd99c5c,1,0,1.546875,-1.4765625,0.953621794005189,0.046378205994811086,1.322050315368429,dann_matched,banglasarc3_binary+banglasarc_binary,ben_sarc_binary,123
0aef02461fb2dc06,1,0,1.4921875,-1.390625,0.9469902279841446,0.05300977201585542,1.322050315368429,dann_matched,banglasarc3_binary+banglasarc_binary,ben_sarc_binary,123
f5ab2c1b4a317f4a,0,0,1.4765625,-1.4921875,0.9511422213778251,0.048857778622174906,1.322050315368429,dann_matched,banglasarc3_binary+banglasarc_binary,ben_sarc_binary,123
54b19fd6e93891f3,1,0,1.4921875,-1.5546875,0.9546474194456936,0.04535258055430642,1.322050315368429,dann_matched,banglasarc3_binary+banglasarc_binary,ben_sarc_binary,123
44e495c185ca0657,1,0,1.4765625,-1.4765625,0.9504109770159683,0.04958902298403175,1.322050315368429,dann_matched,banglasarc3_binary+banglasarc_binary,ben_sarc_binary,123
fbf94fa3a9602dd4,1,0,1.515625,-1.4375,0.9504109770159683,0.04958902298403175,1.322050315368429,dann_matched,banglasarc3_binary+banglasarc_binary,ben_sarc_binary,123
a88c31c987a58983,0,0,1.5,-1.5546875,0.9549844683997677,0.04501553160023231,1.322050315368429,dann_matched,banglasarc3_binary+banglasarc_binary,ben_sarc_binary,123
8af0f2f26eb12562,0,0,1.1875,-1.2890625,0.9224823435231172,0.07751765647688268,1.322050315368429,dann_matched,banglasarc3_binary+banglasarc_binary,ben_sarc_binary,123
70de1a55bc16afab,1,0,1.5390625,-1.4140625,0.9504109770159683,0.04958902298403175,1.322050315368429,dann_matched,banglasarc3_binary+banglasarc_binary,ben_sarc_binary,123
b347450ec827ce7f,1,0,1.640625,-1.59375,0.9621075733703927,0.037892426629607394,1.322050315368429,dann_matched,banglasarc3_binary+banglasarc_binary,ben_sarc_binary,123
8c60a8c0e42e314e,0,0,1.3125,-1.1875,0.9241418199787566,0.07585818002124356,1.322050315368429,dann_matched,banglasarc3_binary+banglasarc_binary,ben_sarc_binary,123
2197e7a8c383b754,1,0,1.2734375,-1.203125,0.9224823435231172,0.07751765647688268,1.322050315368429,dann_matched,banglasarc3_binary+banglasarc_binary,ben_sarc_binary,123
9bb94ca23e3ff796,1,1,-1.3046875,0.89453125,0.09982066756762313,0.9001793324323768,1.322050315368429,dann_matched,banglasarc3_binary+banglasarc_binary,ben_sarc_binary,123
eab71b09b07555d1,0,0,1.453125,-1.4765625,0.9492946352021694,0.050705364797830506,1.322050315368429,dann_matched,banglasarc3_binary+banglasarc_binary,ben_sarc_binary,123
d4f9d47f0d891061,0,0,1.4375,-1.421875,0.9458012701768145,0.05419872982318558,1.322050315368429,dann_matched,banglasarc3_binary+banglasarc_binary,ben_sarc_binary,123
9c8cde4dc8260db6,1,0,0.66796875,-0.66015625,0.7905303186696747,0.20946968133032526,1.322050315368429,dann_matched,banglasarc3_binary+banglasarc_binary,ben_sarc_binary,123
53777cff9a3506a6,1,0,1.4921875,-1.453125,0.9500414759334155,0.0499585240665846,1.322050315368429,dann_matched,banglasarc3_binary+banglasarc_binary,ben_sarc_binary,123
b3019fd7713d051e,1,1,-1.59375,1.2109375,0.057071397225397696,0.9429286027746023,1.322050315368429,dann_matched,banglasarc3_binary+banglasarc_binary,ben_sarc_binary,123
278d909bb3f5921e,1,0,1.421875,-1.359375,0.941654159388319,0.05834584061168106,1.322050315368429,dann_matched,banglasarc3_binary+banglasarc_binary,ben_sarc_binary,123
d0d98fcc958af4c4,0,0,1.4921875,-1.484375,0.9515039967560431,0.048496003243956885,1.322050315368429,dann_matched,banglasarc3_binary+banglasarc_binary,ben_sarc_binary,123
4ec7de5f36e1e06f,0,1,-1.6953125,1.28125,0.048496003243956885,0.9515039967560431,1.322050315368429,dann_matched,banglasarc3_binary+banglasarc_binary,ben_sarc_binary,123
0d09a64afc97c59b,1,0,0.85546875,-0.953125,0.8591918303320635,0.14080816966793647,1.322050315368429,dann_matched,banglasarc3_binary+banglasarc_binary,ben_sarc_binary,123
36d1d1e3147e4ffe,1,0,1.5390625,-1.4609375,0.9525741268224334,0.04742587317756679,1.322050315368429,dann_matched,banglasarc3_binary+banglasarc_binary,ben_sarc_binary,123
e92a0d77504f7a31,0,0,1.515625,-1.421875,0.9496693674025232,0.05033063259747688,1.322050315368429,dann_matched,banglasarc3_binary+banglasarc_binary,ben_sarc_binary,123
8237fe7398efd739,1,0,0.203125,-0.41992188,0.6509111951655322,0.34908880483446786,1.322050315368429,dann_matched,banglasarc3_binary+banglasarc_binary,ben_sarc_binary,123
567dbec99a5e2dc0,1,1,-0.17089844,-0.10888672,0.48450203638545714,0.5154979636145429,1.322050315368429,dann_matched,banglasarc3_binary+banglasarc_binary,ben_sarc_binary,123
dabaef932b64bf42,1,0,1.625,-1.5234375,0.9588471107825551,0.04115288921744485,1.322050315368429,dann_matched,banglasarc3_binary+banglasarc_binary,ben_sarc_binary,123
70dab753f6d3d419,0,0,1.5234375,-1.4921875,0.9532750413739076,0.04672495862609242,1.322050315368429,dann_matched,banglasarc3_binary+banglasarc_binary,ben_sarc_binary,123
c15cf89ebf7cff62,0,0,1.421875,-1.71875,0.9585377272885904,0.04146227271140963,1.322050315368429,dann_matched,banglasarc3_binary+banglasarc_binary,ben_sarc_binary,123
b008c6533043d9f0,0,0,1.625,-1.6171875,0.9623913644941934,0.03760863550580657,1.322050315368429,dann_matched,banglasarc3_binary+banglasarc_binary,ben_sarc_binary,123
e85f3a3ab85f84e1,0,0,1.5859375,-1.46875,0.9549844683997677,0.04501553160023231,1.322050315368429,dann_matched,banglasarc3_binary+banglasarc_binary,ben_sarc_binary,123
f7fc08de257c3507,0,0,1.4765625,-1.5078125,0.9518632288833652,0.04813677111663481,1.322050315368429,dann_matched,banglasarc3_binary+banglasarc_binary,ben_sarc_binary,123
b5d4841328c387be,1,0,1.4921875,-1.359375,0.9453993942183476,0.05460060578165237,1.322050315368429,dann_matched,banglasarc3_binary+banglasarc_binary,ben_sarc_binary,123
6f1a1dfc7e39574b,1,0,1.4609375,-1.375,0.944587205618231,0.05541279438176918,1.322050315368429,dann_matched,banglasarc3_binary+banglasarc_binary,ben_sarc_binary,123
4f274f339871e7cd,1,0,1.484375,-1.3828125,0.946200356539936,0.053799643460063995,1.322050315368429,dann_matched,banglasarc3_binary+banglasarc_binary,ben_sarc_binary,123
317299076522ada5,0,0,1.546875,-1.5859375,0.9582261192116938,0.04177388078830622,1.322050315368429,dann_matched,banglasarc3_binary+banglasarc_binary,ben_sarc_binary,123
95fdeab6b4e61831,1,0,1.5,-1.4921875,0.9522199336364293,0.047780066363570746,1.322050315368429,dann_matched,banglasarc3_binary+banglasarc_binary,ben_sarc_binary,123
105cb6fd43d3a193,0,0,1.578125,-1.453125,0.9539660976007597,0.046033902399240385,1.322050315368429,dann_matched,banglasarc3_binary+banglasarc_binary,ben_sarc_binary,123
958eca34e3e5e281,1,0,1.4921875,-1.3984375,0.9473810466522863,0.05261895334771377,1.322050315368429,dann_matched,banglasarc3_binary+banglasarc_binary,ben_sarc_binary,123
178bf5087f782b6e,0,0,1.4921875,-1.4765625,0.9511422213778251,0.048857778622174906,1.322050315368429,dann_matched,banglasarc3_binary+banglasarc_binary,ben_sarc_binary,123
747898f976d90454,0,0,1.46875,-1.5234375,0.9522199336364293,0.047780066363570746,1.322050315368429,dann_matched,banglasarc3_binary+banglasarc_binary,ben_sarc_binary,123
18cce4b994a64f75,0,0,1.5,-1.4375,0.9496693674025232,0.05033063259747688,1.322050315368429,dann_matched,banglasarc3_binary+banglasarc_binary,ben_sarc_binary,123
b8f05fe8c1ea81fd,1,0,1.4609375,-1.4765625,0.9496693674025232,0.05033063259747688,1.322050315368429,dann_matched,banglasarc3_binary+banglasarc_binary,ben_sarc_binary,123
a4c8e368d0d64da3,0,0,0.53125,-0.78125,0.7879311956428947,0.21206880435710532,1.322050315368429,dann_matched,banglasarc3_binary+banglasarc_binary,ben_sarc_binary,123
f3826c52f04e0d1d,1,0,1.46875,-1.3671875,0.944587205618231,0.05541279438176918,1.322050315368429,dann_matched,banglasarc3_binary+banglasarc_binary,ben_sarc_binary,123
dc3459bc32936fda,0,0,1.5,-1.484375,0.9518632288833652,0.04813677111663481,1.322050315368429,dann_matched,banglasarc3_binary+banglasarc_binary,ben_sarc_binary,123
08e185547aab9f29,1,0,1.4296875,-1.3671875,0.9425067211996143,0.05749327880038583,1.322050315368429,dann_matched,banglasarc3_binary+banglasarc_binary,ben_sarc_binary,123
e8954f93d90efe38,0,0,1.546875,-1.59375,0.9585377272885904,0.04146227271140963,1.322050315368429,dann_matched,banglasarc3_binary+banglasarc_binary,ben_sarc_binary,123
4763645f42b256e4,1,1,-1.6796875,1.328125,0.04707417582102406,0.9529258241789759,1.322050315368429,dann_matched,banglasarc3_binary+banglasarc_binary,ben_sarc_binary,123
274a77783b58b506,1,0,1.390625,-1.4140625,0.9429286027746023,0.057071397225397696,1.322050315368429,dann_matched,banglasarc3_binary+banglasarc_binary,ben_sarc_binary,123
7e47b0a29a1a8877,1,0,1.515625,-1.4375,0.9504109770159683,0.04958902298403175,1.322050315368429,dann_matched,banglasarc3_binary+banglasarc_binary,ben_sarc_binary,123
8ae4f593eb2fad14,0,0,1.53125,-1.4296875,0.9507778868028013,0.04922211319719861,1.322050315368429,dann_matched,banglasarc3_binary+banglasarc_binary,ben_sarc_binary,123
3f138f8af78831bb,0,0,1.3359375,-1.453125,0.9420819125605256,0.05791808743947446,1.322050315368429,dann_matched,banglasarc3_binary+banglasarc_binary,ben_sarc_binary,123
1145d06c161ea77d,0,0,1.8984375,-1.8671875,0.9773707999669629,0.022629200033037256,1.322050315368429,dann_matched,banglasarc3_binary+banglasarc_binary,ben_sarc_binary,123
2f9d10c1a4b19681,1,0,1.703125,-1.59375,0.9643214491222695,0.035678550877730524,1.322050315368429,dann_matched,banglasarc3_binary+banglasarc_binary,ben_sarc_binary,123
2ba5a3ad74bc802f,0,0,1.3671875,-1.34375,0.9376689641180752,0.06233103588192476,1.322050315368429,dann_matched,banglasarc3_binary+banglasarc_binary,ben_sarc_binary,123
6ea23964766bcdf9,0,0,1.4765625,-1.46875,0.9500414759334155,0.0499585240665846,1.322050315368429,dann_matched,banglasarc3_binary+banglasarc_binary,ben_sarc_binary,123
1ee1cb5160ef7074,1,0,1.546875,-1.5703125,0.9575961713681533,0.04240382863184672,1.322050315368429,dann_matched,banglasarc3_binary+banglasarc_binary,ben_sarc_binary,123
3effc5ab1f12eb62,1,0,1.4296875,-1.4453125,0.9465966702001757,0.053403329799824234,1.322050315368429,dann_matched,banglasarc3_binary+banglasarc_binary,ben_sarc_binary,123
52c703606d9c915b,1,0,1.5546875,-1.6484375,0.9609517072737735,0.03904829272622638,1.322050315368429,dann_matched,banglasarc3_binary+banglasarc_binary,ben_sarc_binary,123
650cd4b398a55d33,0,1,-0.2734375,0.048828125,0.42012369712736963,0.5798763028726304,1.322050315368429,dann_matched,banglasarc3_binary+banglasarc_binary,ben_sarc_binary,123
70e72d3159a544db,0,0,0.65625,-0.9140625,0.8278281530486042,0.17217184695139578,1.322050315368429,dann_matched,banglasarc3_binary+banglasarc_binary,ben_sarc_binary,123
c6022ee8e1ec29e1,0,0,1.7890625,-1.765625,0.9722043774187549,0.027795622581245058,1.322050315368429,dann_matched,banglasarc3_binary+banglasarc_binary,ben_sarc_binary,123
41e7fe4629c5e5a9,0,0,0.9765625,-1.1953125,0.8976952921073469,0.10230470789265303,1.322050315368429,dann_matched,banglasarc3_binary+banglasarc_binary,ben_sarc_binary,123
4be18c95a3d17cc4,0,0,1.5234375,-1.484375,0.9529258241789759,0.04707417582102406,1.322050315368429,dann_matched,banglasarc3_binary+banglasarc_binary,ben_sarc_binary,123
93471659d2c536f3,0,0,1.1953125,-1.5625,0.9403530570548787,0.0596469429451214,1.322050315368429,dann_matched,banglasarc3_binary+banglasarc_binary,ben_sarc_binary,123
b53ba3e9cd43b46b,0,0,1.4453125,-1.5546875,0.9525741268224334,0.04742587317756679,1.322050315368429,dann_matched,banglasarc3_binary+banglasarc_binary,ben_sarc_binary,123
3c35ac0fac6ea0ff,1,0,1.46875,-1.3125,0.941654159388319,0.05834584061168106,1.322050315368429,dann_matched,banglasarc3_binary+banglasarc_binary,ben_sarc_binary,123
e1cb8a5cc5ffd250,1,1,-0.671875,0.48242188,0.23970511667987746,0.7602948833201225,1.322050315368429,dann_matched,banglasarc3_binary+banglasarc_binary,ben_sarc_binary,123
d92ddd7e3ff4ca00,1,0,1.328125,-1.3984375,0.9385759599453297,0.06142404005467019,1.322050315368429,dann_matched,banglasarc3_binary+banglasarc_binary,ben_sarc_binary,123
4ceee196392ce4ec,1,0,1.5234375,-1.53125,0.9549844683997677,0.04501553160023231,1.322050315368429,dann_matched,banglasarc3_binary+banglasarc_binary,ben_sarc_binary,123
dc7d2e076d80322e,1,0,1.4453125,-1.28125,0.9385759599453297,0.06142404005467019,1.322050315368429,dann_matched,banglasarc3_binary+banglasarc_binary,ben_sarc_binary,123
f8046bb3077894ff,1,0,1.484375,-1.375,0.9458012701768145,0.05419872982318558,1.322050315368429,dann_matched,banglasarc3_binary+banglasarc_binary,ben_sarc_binary,123
c09910913873d29f,0,0,1.7265625,-1.6796875,0.9678992932829918,0.03210070671700819,1.322050315368429,dann_matched,banglasarc3_binary+banglasarc_binary,ben_sarc_binary,123
49af52f297d74690,0,0,1.5703125,-1.5859375,0.9591542840900507,0.040845715909949315,1.322050315368429,dann_matched,banglasarc3_binary+banglasarc_binary,ben_sarc_binary,123
5e2ca6653c61ce21,0,0,0.107910156,-0.4140625,0.6276089235045084,0.3723910764954917,1.322050315368429,dann_matched,banglasarc3_binary+banglasarc_binary,ben_sarc_binary,123
ceedc2dc562b4309,1,0,0.27148438,-0.47851562,0.679178699175393,0.32082130082460697,1.322050315368429,dann_matched,banglasarc3_binary+banglasarc_binary,ben_sarc_binary,123
e6678a0f67125016,1,0,1.4296875,-1.390625,0.9437636542955161,0.056236345704483756,1.322050315368429,dann_matched,banglasarc3_binary+banglasarc_binary,ben_sarc_binary,123
c5fb4aa0266762f2,0,0,1.7109375,-1.8515625,0.9724147177732099,0.027585282226789985,1.322050315368429,dann_matched,banglasarc3_binary+banglasarc_binary,ben_sarc_binary,123
10743dc6ff01185a,0,0,1.5,-1.375,0.9465966702001757,0.053403329799824234,1.322050315368429,dann_matched,banglasarc3_binary+banglasarc_binary,ben_sarc_binary,123
2093ceeb77794fe2,1,0,1.4609375,-1.4609375,0.9489172630429474,0.05108273695705249,1.322050315368429,dann_matched,banglasarc3_binary+banglasarc_binary,ben_sarc_binary,123
36e77cf497dc7fc3,0,0,0.8046875,-1.03125,0.8624675338981391,0.13753246610186087,1.322050315368429,dann_matched,banglasarc3_binary+banglasarc_binary,ben_sarc_binary,123
32f1cbc2835e6209,1,0,1.5234375,-1.578125,0.9569571506599678,0.04304284934003218,1.322050315368429,dann_matched,banglasarc3_binary+banglasarc_binary,ben_sarc_binary,123
fcee665e3c6f5cf5,1,0,1.4453125,-1.3203125,0.9407897492587141,0.05921025074128593,1.322050315368429,dann_matched,banglasarc3_binary+banglasarc_binary,ben_sarc_binary,123
582984c665594f34,1,0,1.4375,-1.4453125,0.9469902279841446,0.05300977201585542,1.322050315368429,dann_matched,banglasarc3_binary+banglasarc_binary,ben_sarc_binary,123
0214ad9656333831,1,0,1.4296875,-1.5078125,0.9496693674025232,0.05033063259747688,1.322050315368429,dann_matched,banglasarc3_binary+banglasarc_binary,ben_sarc_binary,123
fb8090e728305a31,0,0,1.3359375,-1.2734375,0.9314625069680097,0.06853749303199023,1.322050315368429,dann_matched,banglasarc3_binary+banglasarc_binary,ben_sarc_binary,123
cb1927d48660b510,0,0,1.484375,-1.3828125,0.946200356539936,0.053799643460063995,1.322050315368429,dann_matched,banglasarc3_binary+banglasarc_binary,ben_sarc_binary,123
aba28770bb709cce,0,0,1.5234375,-1.5625,0.956308939359532,0.04369106064046812,1.322050315368429,dann_matched,banglasarc3_binary+banglasarc_binary,ben_sarc_binary,123
53377a7e777ca8e5,0,0,1.4765625,-1.5,0.9515039967560431,0.048496003243956885,1.322050315368429,dann_matched,banglasarc3_binary+banglasarc_binary,ben_sarc_binary,123
9dfddf6ddf363509,1,1,-1.3671875,1.03125,0.0832919225567441,0.916708077443256,1.322050315368429,dann_matched,banglasarc3_binary+banglasarc_binary,ben_sarc_binary,123
8828af34fddd34d5,1,1,-1.1953125,0.70703125,0.12984343802049797,0.870156561979502,1.322050315368429,dann_matched,banglasarc3_binary+banglasarc_binary,ben_sarc_binary,123
9b47761f4dbf06e2,0,1,-1.40625,1.1015625,0.07531230632362355,0.9246876936763765,1.322050315368429,dann_matched,banglasarc3_binary+banglasarc_binary,ben_sarc_binary,123
3f4d31e4d6a29028,0,0,1.421875,-1.640625,0.9553191297273498,0.0446808702726502,1.322050315368429,dann_matched,banglasarc3_binary+banglasarc_binary,ben_sarc_binary,123
6497f668b13f0275,1,1,-2.15625,1.6171875,0.02245705292941607,0.9775429470705839,1.322050315368429,dann_matched,banglasarc3_binary+banglasarc_binary,ben_sarc_binary,123
cbf9970e8585a702,0,0,1.609375,-1.609375,0.9615338079816756,0.03846619201832428,1.322050315368429,dann_matched,banglasarc3_binary+banglasarc_binary,ben_sarc_binary,123
33321c9a667c2069,0,0,1.46875,-1.5390625,0.9529258241789759,0.04707417582102406,1.322050315368429,dann_matched,banglasarc3_binary+banglasarc_binary,ben_sarc_binary,123
39168343cdbc1c08,0,1,-1.1640625,0.6875,0.13568954596860924,0.8643104540313907,1.322050315368429,dann_matched,banglasarc3_binary+banglasarc_binary,ben_sarc_binary,123
44cf6f4d1cc130ba,1,0,1.1796875,-1.296875,0.9224823435231172,0.07751765647688268,1.322050315368429,dann_matched,banglasarc3_binary+banglasarc_binary,ben_sarc_binary,123
978626f7ed1a4a1e,1,0,1.484375,-1.4375,0.9489172630429474,0.05108273695705249,1.322050315368429,dann_matched,banglasarc3_binary+banglasarc_binary,ben_sarc_binary,123
91d269923086b77c,0,0,0.82421875,-0.99609375,0.8606036203346761,0.13939637966532398,1.322050315368429,dann_matched,banglasarc3_binary+banglasarc_binary,ben_sarc_binary,123
43014dd5d6fcd133,0,0,1.4765625,-1.453125,0.9492946352021694,0.050705364797830506,1.322050315368429,dann_matched,banglasarc3_binary+banglasarc_binary,ben_sarc_binary,123
333cdb982a987316,1,0,1.5078125,-1.3515625,0.9458012701768145,0.05419872982318558,1.322050315368429,dann_matched,banglasarc3_binary+banglasarc_binary,ben_sarc_binary,123
9fa25861fc5a640d,0,0,1.546875,-1.5546875,0.9569571506599678,0.04304284934003218,1.322050315368429,dann_matched,banglasarc3_binary+banglasarc_binary,ben_sarc_binary,123
1a9de3a3f64043da,0,1,-1.3046875,0.7734375,0.11124120650754304,0.888758793492457,1.322050315368429,dann_matched,banglasarc3_binary+banglasarc_binary,ben_sarc_binary,123
1eb1ed741ba2893a,1,0,1.453125,-1.4453125,0.9477691428985743,0.052230857101425734,1.322050315368429,dann_matched,banglasarc3_binary+banglasarc_binary,ben_sarc_binary,123
07687ef012351f14,0,0,1.5703125,-1.6328125,0.9609517072737735,0.03904829272622638,1.322050315368429,dann_matched,banglasarc3_binary+banglasarc_binary,ben_sarc_binary,123
6ed60b58c2419f76,0,0,1.515625,-1.4609375,0.9515039967560431,0.048496003243956885,1.322050315368429,dann_matched,banglasarc3_binary+banglasarc_binary,ben_sarc_binary,123
a0de23be9234185b,1,0,0.37695312,-0.55078125,0.7166154133246849,0.2833845866753151,1.322050315368429,dann_matched,banglasarc3_binary+banglasarc_binary,ben_sarc_binary,123
cd73df76bafe0761,0,0,1.5390625,-1.5703125,0.9572778024535095,0.042722197546490565,1.322050315368429,dann_matched,banglasarc3_binary+banglasarc_binary,ben_sarc_binary,123
c7bcbb0944c9d385,1,0,0.75,-0.91796875,0.8413048148640399,0.1586951851359601,1.322050315368429,dann_matched,banglasarc3_binary+banglasarc_binary,ben_sarc_binary,123
10b414c5988dc0db,0,0,1.5078125,-1.4609375,0.9511422213778251,0.048857778622174906,1.322050315368429,dann_matched,banglasarc3_binary+banglasarc_binary,ben_sarc_binary,123
384a0560f1440c17,1,0,1.734375,-1.71875,0.9693241982893259,0.030675801710674105,1.322050315368429,dann_matched,banglasarc3_binary+banglasarc_binary,ben_sarc_binary,123
f2d4e921ec8c4581,1,0,0.46679688,-0.76171875,0.7735586683364196,0.22644133166358038,1.322050315368429,dann_matched,banglasarc3_binary+banglasarc_binary,ben_sarc_binary,123
228339ea46890338,1,0,1.484375,-1.40625,0.9473810466522863,0.05261895334771377,1.322050315368429,dann_matched,banglasarc3_binary+banglasarc_binary,ben_sarc_binary,123
f97824c445af8619,0,0,1.7890625,-1.7421875,0.9715639669551474,0.02843603304485266,1.322050315368429,dann_matched,banglasarc3_binary+banglasarc_binary,ben_sarc_binary,123
2c8d2c21d3b63914,0,1,-1.6328125,1.2109375,0.05500528829345415,0.9449947117065459,1.322050315368429,dann_matched,banglasarc3_binary+banglasarc_binary,ben_sarc_binary,123
7389eef6dd517147,1,0,1.4921875,-1.4140625,0.94815453335022,0.05184546664977983,1.322050315368429,dann_matched,banglasarc3_binary+banglasarc_binary,ben_sarc_binary,123
d4ef422f4ca1c508,1,1,-0.890625,0.578125,0.1871326821624266,0.8128673178375735,1.322050315368429,dann_matched,banglasarc3_binary+banglasarc_binary,ben_sarc_binary,123
c6ed2a49c04ba593,0,0,1.53125,-1.4609375,0.9522199336364293,0.047780066363570746,1.322050315368429,dann_matched,banglasarc3_binary+banglasarc_binary,ben_sarc_binary,123
30546c4d829fbedb,1,0,1.2109375,-1.3515625,0.9284088005554476,0.07159119944455247,1.322050315368429,dann_matched,banglasarc3_binary+banglasarc_binary,ben_sarc_binary,123
9a51daedd3533aab,0,0,1.421875,-1.3515625,0.9412234441519332,0.05877655584806683,1.322050315368429,dann_matched,banglasarc3_binary+banglasarc_binary,ben_sarc_binary,123
c89b5721cd143b9c,0,0,1.4921875,-1.484375,0.9515039967560431,0.048496003243956885,1.322050315368429,dann_matched,banglasarc3_binary+banglasarc_binary,ben_sarc_binary,123
7cbdaf6e4eae331d,0,0,1.5546875,-1.4609375,0.9532750413739076,0.04672495862609242,1.322050315368429,dann_matched,banglasarc3_binary+banglasarc_binary,ben_sarc_binary,123
834177909c0586f3,0,0,1.5,-1.40625,0.94815453335022,0.05184546664977983,1.322050315368429,dann_matched,banglasarc3_binary+banglasarc_binary,ben_sarc_binary,123
b3afbf5fa2e5720e,0,0,1.59375,-1.4453125,0.9543079676184154,0.04569203238158463,1.322050315368429,dann_matched,banglasarc3_binary+banglasarc_binary,ben_sarc_binary,123
059702fdf54cc194,1,0,1.5,-1.390625,0.9473810466522863,0.05261895334771377,1.322050315368429,dann_matched,banglasarc3_binary+banglasarc_binary,ben_sarc_binary,123
9ab0ffa2c94f7bd4,0,0,2.09375,-2.0625,0.9845754479181588,0.015424552081841137,1.322050315368429,dann_matched,banglasarc3_binary+banglasarc_binary,ben_sarc_binary,123
dd371ff61608f644,0,1,-0.69921875,0.328125,0.26359939760917256,0.7364006023908275,1.322050315368429,dann_matched,banglasarc3_binary+banglasarc_binary,ben_sarc_binary,123
21ae71185384b4dd,1,0,1.3828125,-1.2265625,0.9314625069680097,0.06853749303199023,1.322050315368429,dann_matched,banglasarc3_binary+banglasarc_binary,ben_sarc_binary,123
4391d91eb2e67bed,1,1,-1.375,1.0625,0.08035746882220708,0.9196425311777929,1.322050315368429,dann_matched,banglasarc3_binary+banglasarc_binary,ben_sarc_binary,123
11d8cf1f25608119,1,0,1.46875,-1.46875,0.9496693674025232,0.05033063259747688,1.322050315368429,dann_matched,banglasarc3_binary+banglasarc_binary,ben_sarc_binary,123
a2019f2ff79608f8,1,0,1.4609375,-1.3828125,0.9449947117065459,0.05500528829345415,1.322050315368429,dann_matched,banglasarc3_binary+banglasarc_binary,ben_sarc_binary,123
2dc8694153a8be6b,1,0,1.421875,-1.359375,0.941654159388319,0.05834584061168106,1.322050315368429,dann_matched,banglasarc3_binary+banglasarc_binary,ben_sarc_binary,123
074d86da10dc455b,1,0,1.5703125,-1.484375,0.9549844683997677,0.04501553160023231,1.322050315368429,dann_matched,banglasarc3_binary+banglasarc_binary,ben_sarc_binary,123
46d287bcb75e5a5d,0,0,1.5546875,-1.4921875,0.9546474194456936,0.04535258055430642,1.322050315368429,dann_matched,banglasarc3_binary+banglasarc_binary,ben_sarc_binary,123
042ccfd1b968a56d,1,0,1.6328125,-1.5078125,0.9585377272885904,0.04146227271140963,1.322050315368429,dann_matched,banglasarc3_binary+banglasarc_binary,ben_sarc_binary,123
8f5fb08057de8d56,1,1,-1.6796875,1.34375,0.046378205994811086,0.953621794005189,1.322050315368429,dann_matched,banglasarc3_binary+banglasarc_binary,ben_sarc_binary,123
3494bf5c581d6c04,0,0,0.515625,-0.72265625,0.775264699264738,0.2247353007352621,1.322050315368429,dann_matched,banglasarc3_binary+banglasarc_binary,ben_sarc_binary,123
918075c4f07e3b0e,1,0,1.5,-1.3125,0.9433475746920261,0.05665242530797383,1.322050315368429,dann_matched,banglasarc3_binary+banglasarc_binary,ben_sarc_binary,123
35abb91c6ba96a4f,0,0,1.703125,-1.5859375,0.9640516782107567,0.035948321789243294,1.322050315368429,dann_matched,banglasarc3_binary+banglasarc_binary,ben_sarc_binary,123
1b6cf26e5cf79494,1,1,-0.90234375,0.50390625,0.1968262036430985,0.8031737963569016,1.322050315368429,dann_matched,banglasarc3_binary+banglasarc_binary,ben_sarc_binary,123
dc68d80c5718ac7b,1,0,1.4609375,-1.4140625,0.9465966702001757,0.053403329799824234,1.322050315368429,dann_matched,banglasarc3_binary+banglasarc_binary,ben_sarc_binary,123
091b301f767e8e39,1,0,0.32421875,-0.53125,0.7017130778138413,0.2982869221861587,1.322050315368429,dann_matched,banglasarc3_binary+banglasarc_binary,ben_sarc_binary,123
5d5318f500329d13,1,1,-2.140625,1.8125,0.018833129890434692,0.9811668701095654,1.322050315368429,dann_matched,banglasarc3_binary+banglasarc_binary,ben_sarc_binary,123
19ad884e9acee9df,1,0,1.484375,-1.3984375,0.9469902279841446,0.05300977201585542,1.322050315368429,dann_matched,banglasarc3_binary+banglasarc_binary,ben_sarc_binary,123
ef78e11162cd25ff,1,0,1.4609375,-1.4296875,0.9473810466522863,0.05261895334771377,1.322050315368429,dann_matched,banglasarc3_binary+banglasarc_binary,ben_sarc_binary,123
1f3c42b843d2afe4,1,0,1.6484375,-1.640625,0.9640516782107567,0.035948321789243294,1.322050315368429,dann_matched,banglasarc3_binary+banglasarc_binary,ben_sarc_binary,123
86595e9032a81b6f,0,0,1.6171875,-1.53125,0.9588471107825551,0.04115288921744485,1.322050315368429,dann_matched,banglasarc3_binary+banglasarc_binary,ben_sarc_binary,123
7e8b6150c2d501e2,0,1,-0.51171875,0.19335938,0.3306873053366908,0.6693126946633093,1.322050315368429,dann_matched,banglasarc3_binary+banglasarc_binary,ben_sarc_binary,123
91c4da10bd89b001,0,0,1.53125,-1.4921875,0.953621794005189,0.046378205994811086,1.322050315368429,dann_matched,banglasarc3_binary+banglasarc_binary,ben_sarc_binary,123
98c32e1b207b589f,1,0,1.546875,-1.5390625,0.956308939359532,0.04369106064046812,1.322050315368429,dann_matched,banglasarc3_binary+banglasarc_binary,ben_sarc_binary,123
18e205eb16d00816,1,0,1.453125,-1.46875,0.9489172630429474,0.05108273695705249,1.322050315368429,dann_matched,banglasarc3_binary+banglasarc_binary,ben_sarc_binary,123
85972d8883832dd5,1,1,-1.609375,1.2734375,0.05300977201585542,0.9469902279841446,1.322050315368429,dann_matched,banglasarc3_binary+banglasarc_binary,ben_sarc_binary,123
61cebc292ad1f8fe,1,0,1.5078125,-1.5390625,0.9546474194456936,0.04535258055430642,1.322050315368429,dann_matched,banglasarc3_binary+banglasarc_binary,ben_sarc_binary,123
807102c9fa2361b5,1,0,0.99609375,-1.265625,0.9056565881718779,0.09434341182812206,1.322050315368429,dann_matched,banglasarc3_binary+banglasarc_binary,ben_sarc_binary,123
d56e3e336e24d972,0,0,1.4453125,-1.46875,0.9485372345673925,0.05146276543260743,1.322050315368429,dann_matched,banglasarc3_binary+banglasarc_binary,ben_sarc_binary,123
14eb7f839caee4b3,1,0,1.515625,-1.421875,0.9496693674025232,0.05033063259747688,1.322050315368429,dann_matched,banglasarc3_binary+banglasarc_binary,ben_sarc_binary,123
9ce823f8dac1ee7f,1,0,1.5390625,-1.3984375,0.9496693674025232,0.05033063259747688,1.322050315368429,dann_matched,banglasarc3_binary+banglasarc_binary,ben_sarc_binary,123
f685333ab780e5f6,0,0,1.4921875,-1.46875,0.9507778868028013,0.04922211319719861,1.322050315368429,dann_matched,banglasarc3_binary+banglasarc_binary,ben_sarc_binary,123
23b3add40efe4e63,0,0,1.78125,-1.8046875,0.9730365001376665,0.02696349986233355,1.322050315368429,dann_matched,banglasarc3_binary+banglasarc_binary,ben_sarc_binary,123
d6cb6625f28a69d2,1,0,1.3046875,-1.4609375,0.9407897492587141,0.05921025074128593,1.322050315368429,dann_matched,banglasarc3_binary+banglasarc_binary,ben_sarc_binary,123
b1c475460aae1262,1,0,1.3984375,-1.4453125,0.9449947117065459,0.05500528829345415,1.322050315368429,dann_matched,banglasarc3_binary+banglasarc_binary,ben_sarc_binary,123
d29e202e7bb368b4,0,1,-0.36328125,0.036621094,0.40133580307710637,0.5986641969228936,1.322050315368429,dann_matched,banglasarc3_binary+banglasarc_binary,ben_sarc_binary,123
097563e0ed69cc8f,1,0,1.4296875,-1.4140625,0.9449947117065459,0.05500528829345415,1.322050315368429,dann_matched,banglasarc3_binary+banglasarc_binary,ben_sarc_binary,123
fe0fadc2b42e10ab,1,0,1.5078125,-1.4375,0.9500414759334155,0.0499585240665846,1.322050315368429,dann_matched,banglasarc3_binary+banglasarc_binary,ben_sarc_binary,123
2abb4f35792eb9d9,0,0,1.53125,-1.5,0.9539660976007597,0.046033902399240385,1.322050315368429,dann_matched,banglasarc3_binary+banglasarc_binary,ben_sarc_binary,123
adacadc83a13a8e5,1,0,1.515625,-1.421875,0.9496693674025232,0.05033063259747688,1.322050315368429,dann_matched,banglasarc3_binary+banglasarc_binary,ben_sarc_binary,123
3dafe7ad6d6b459f,1,0,1.4765625,-1.3828125,0.9458012701768145,0.05419872982318558,1.322050315368429,dann_matched,banglasarc3_binary+banglasarc_binary,ben_sarc_binary,123
8a87461f7c38412f,0,0,1.8046875,-1.6796875,0.9702399060540357,0.029760093945964218,1.322050315368429,dann_matched,banglasarc3_binary+banglasarc_binary,ben_sarc_binary,123
12f4db887397f947,0,0,0.47070312,-0.77734375,0.7769615827831184,0.22303841721688147,1.322050315368429,dann_matched,banglasarc3_binary+banglasarc_binary,ben_sarc_binary,123
9a680bdd79ad1cd5,1,0,1.4765625,-1.4296875,0.94815453335022,0.05184546664977983,1.322050315368429,dann_matched,banglasarc3_binary+banglasarc_binary,ben_sarc_binary,123
93931df17bdfecc6,1,1,-1.59375,1.296875,0.05261895334771377,0.9473810466522863,1.322050315368429,dann_matched,banglasarc3_binary+banglasarc_binary,ben_sarc_binary,123
7c0dbcad3c98b988,1,0,1.46875,-1.4140625,0.9469902279841446,0.05300977201585542,1.322050315368429,dann_matched,banglasarc3_binary+banglasarc_binary,ben_sarc_binary,123
738accf4f23b16ea,1,0,0.5390625,-0.72265625,0.7793218391224057,0.22067816087759426,1.322050315368429,dann_matched,banglasarc3_binary+banglasarc_binary,ben_sarc_binary,123
471f807981c9995b,0,1,-1.5546875,1.078125,0.06705628692511957,0.9329437130748804,1.322050315368429,dann_matched,banglasarc3_binary+banglasarc_binary,ben_sarc_binary,123
d9d1aa5f4f52b28c,0,0,1.484375,-1.484375,0.9511422213778251,0.048857778622174906,1.322050315368429,dann_matched,banglasarc3_binary+banglasarc_binary,ben_sarc_binary,123
03c3c24212c3884a,1,0,0.96484375,-1.1484375,0.8921873600393251,0.1078126399606749,1.322050315368429,dann_matched,banglasarc3_binary+banglasarc_binary,ben_sarc_binary,123
0222203fa9908dc2,1,0,0.17089844,-0.48242188,0.657758296956317,0.34224170304368307,1.322050315368429,dann_matched,banglasarc3_binary+banglasarc_binary,ben_sarc_binary,123
8a63e8867770d24a,0,0,1.65625,-1.6171875,0.9635062337709722,0.0364937662290278,1.322050315368429,dann_matched,banglasarc3_binary+banglasarc_binary,ben_sarc_binary,123
b6f73719469bbaf3,0,0,1.5,-1.4453125,0.9500414759334155,0.0499585240665846,1.322050315368429,dann_matched,banglasarc3_binary+banglasarc_binary,ben_sarc_binary,123
789ca81be4f1abf7,1,0,1.4453125,-1.40625,0.9453993942183476,0.05460060578165237,1.322050315368429,dann_matched,banglasarc3_binary+banglasarc_binary,ben_sarc_binary,123
c0f089d634fa689d,0,0,1.359375,-1.34375,0.9372107914029487,0.06278920859705135,1.322050315368429,dann_matched,banglasarc3_binary+banglasarc_binary,ben_sarc_binary,123
9fd4cadfaa0e4044,0,0,1.5546875,-1.515625,0.9556514186046017,0.04434858139539836,1.322050315368429,dann_matched,banglasarc3_binary+banglasarc_binary,ben_sarc_binary,123
b35c75dfe413c6c7,1,1,-1.2578125,0.9609375,0.09807932347046003,0.90192067652954,1.322050315368429,dann_matched,banglasarc3_binary+banglasarc_binary,ben_sarc_binary,123
c6499f6a2c5811ad,1,0,1.515625,-1.4375,0.9504109770159683,0.04958902298403175,1.322050315368429,dann_matched,banglasarc3_binary+banglasarc_binary,ben_sarc_binary,123
af95435ca866f165,1,0,0.5390625,-0.68359375,0.7725306622446245,0.22746933775537556,1.322050315368429,dann_matched,banglasarc3_binary+banglasarc_binary,ben_sarc_binary,123
29c54d0932a038f9,1,0,1.4921875,-1.53125,0.953621794005189,0.046378205994811086,1.322050315368429,dann_matched,banglasarc3_binary+banglasarc_binary,ben_sarc_binary,123
120ef031019a6b8c,1,0,1.6171875,-1.609375,0.9618217257384336,0.03817827426156642,1.322050315368429,dann_matched,banglasarc3_binary+banglasarc_binary,ben_sarc_binary,123
a84768562527b1aa,0,0,1.1171875,-1.234375,0.9130583432721083,0.08694165672789168,1.322050315368429,dann_matched,banglasarc3_binary+banglasarc_binary,ben_sarc_binary,123
d32fe1f1df40c875,1,0,1.515625,-1.421875,0.9496693674025232,0.05033063259747688,1.322050315368429,dann_matched,banglasarc3_binary+banglasarc_binary,ben_sarc_binary,123
7fe2e967f7b654f8,1,0,1.46875,-1.390625,0.9458012701768145,0.05419872982318558,1.322050315368429,dann_matched,banglasarc3_binary+banglasarc_binary,ben_sarc_binary,123
4fd5c45f2f904106,1,0,1.515625,-1.3671875,0.9469902279841446,0.05300977201585542,1.322050315368429,dann_matched,banglasarc3_binary+banglasarc_binary,ben_sarc_binary,123
37861f8e0cb03f6e,0,0,1.4453125,-1.296875,0.9394706097974611,0.060529390202538995,1.322050315368429,dann_matched,banglasarc3_binary+banglasarc_binary,ben_sarc_binary,123
866627c35db7cb60,1,1,-1.3125,0.92578125,0.09636510472498538,0.9036348952750146,1.322050315368429,dann_matched,banglasarc3_binary+banglasarc_binary,ben_sarc_binary,123
415c892568e638ea,1,0,1.078125,-1.3515625,0.9190632902163844,0.08093670978361556,1.322050315368429,dann_matched,banglasarc3_binary+banglasarc_binary,ben_sarc_binary,123
e67ed5a65bfbb9f0,1,0,1.6171875,-1.640625,0.9629528313309248,0.037047168669075196,1.322050315368429,dann_matched,banglasarc3_binary+banglasarc_binary,ben_sarc_binary,123
d553c531fb233629,1,0,1.4765625,-1.4921875,0.9511422213778251,0.048857778622174906,1.322050315368429,dann_matched,banglasarc3_binary+banglasarc_binary,ben_sarc_binary,123
a0cc2a0e9360011c,1,0,1.46875,-1.4375,0.94815453335022,0.05184546664977983,1.322050315368429,dann_matched,banglasarc3_binary+banglasarc_binary,ben_sarc_binary,123
cc7867751c6217e0,1,0,1.484375,-1.453125,0.9496693674025232,0.05033063259747688,1.322050315368429,dann_matched,banglasarc3_binary+banglasarc_binary,ben_sarc_binary,123
865f48d3e1d49f91,1,1,-0.7421875,0.43554688,0.23545980614330655,0.7645401938566934,1.322050315368429,dann_matched,banglasarc3_binary+banglasarc_binary,ben_sarc_binary,123
8f19a270bda91dc0,1,0,1.515625,-1.4296875,0.9500414759334155,0.0499585240665846,1.322050315368429,dann_matched,banglasarc3_binary+banglasarc_binary,ben_sarc_binary,123
a6de4a6768480f89,1,0,1.4140625,-1.3125,0.9385759599453297,0.06142404005467019,1.322050315368429,dann_matched,banglasarc3_binary+banglasarc_binary,ben_sarc_binary,123
94f88a91f9957d89,1,0,1.5703125,-1.4296875,0.9525741268224334,0.04742587317756679,1.322050315368429,dann_matched,banglasarc3_binary+banglasarc_binary,ben_sarc_binary,123
d36b52ecc35baf7f,0,0,1.734375,-2.09375,0.9787126482065489,0.021287351793451054,1.322050315368429,dann_matched,banglasarc3_binary+banglasarc_binary,ben_sarc_binary,123
c9e8991ad77e5e77,0,0,1.421875,-1.3359375,0.9403530570548787,0.0596469429451214,1.322050315368429,dann_matched,banglasarc3_binary+banglasarc_binary,ben_sarc_binary,123
a0b04a30e6ac69e3,0,0,1.5625,-1.5,0.9553191297273498,0.0446808702726502,1.322050315368429,dann_matched,banglasarc3_binary+banglasarc_binary,ben_sarc_binary,123
eac0e8fb030134cb,1,0,1.4453125,-1.46875,0.9485372345673925,0.05146276543260743,1.322050315368429,dann_matched,banglasarc3_binary+banglasarc_binary,ben_sarc_binary,123
ac7250652cd7a848,0,0,0.75390625,-0.91015625,0.8407825918539462,0.15921740814605373,1.322050315368429,dann_matched,banglasarc3_binary+banglasarc_binary,ben_sarc_binary,123
f34072e6dc15e982,0,0,1.5859375,-1.578125,0.9594592615365182,0.040540738463481864,1.322050315368429,dann_matched,banglasarc3_binary+banglasarc_binary,ben_sarc_binary,123
df51e6c60ec70a44,0,0,1.546875,-1.4140625,0.9507778868028013,0.04922211319719861,1.322050315368429,dann_matched,banglasarc3_binary+banglasarc_binary,ben_sarc_binary,123
660fac07ade26a42,0,0,1.453125,-1.4375,0.9473810466522863,0.05261895334771377,1.322050315368429,dann_matched,banglasarc3_binary+banglasarc_binary,ben_sarc_binary,123
658798f01a854372,1,0,1.5078125,-1.5078125,0.9532750413739076,0.04672495862609242,1.322050315368429,dann_matched,banglasarc3_binary+banglasarc_binary,ben_sarc_binary,123
f49692df290a3f51,1,0,0.2421875,-0.62890625,0.7049732336450086,0.29502676635499137,1.322050315368429,dann_matched,banglasarc3_binary+banglasarc_binary,ben_sarc_binary,123
abfa76076ff868a7,0,0,1.375,-1.5234375,0.9477691428985743,0.052230857101425734,1.322050315368429,dann_matched,banglasarc3_binary+banglasarc_binary,ben_sarc_binary,123
ee0945c92d78bf53,1,0,1.3828125,-1.3203125,0.9372107914029487,0.06278920859705135,1.322050315368429,dann_matched,banglasarc3_binary+banglasarc_binary,ben_sarc_binary,123
c56d0ad46b36519d,0,0,1.578125,-1.59375,0.9597620573763841,0.04023794262361602,1.322050315368429,dann_matched,banglasarc3_binary+banglasarc_binary,ben_sarc_binary,123
3873df19bf5675c8,1,0,1.4453125,-1.46875,0.9485372345673925,0.05146276543260743,1.322050315368429,dann_matched,banglasarc3_binary+banglasarc_binary,ben_sarc_binary,123
e6880110af472760,0,0,1.59375,-1.546875,0.9585377272885904,0.04146227271140963,1.322050315368429,dann_matched,banglasarc3_binary+banglasarc_binary,ben_sarc_binary,123
29f212ccd9368d36,0,0,1.6875,-1.546875,0.9621075733703927,0.037892426629607394,1.322050315368429,dann_matched,banglasarc3_binary+banglasarc_binary,ben_sarc_binary,123
d390241a511af81d,1,0,0.59375,-0.984375,0.8289388083214156,0.17106119167858438,1.322050315368429,dann_matched,banglasarc3_binary+banglasarc_binary,ben_sarc_binary,123
99b84ef45f1bc0ed,0,0,1.5078125,-1.625,0.9582261192116938,0.04177388078830622,1.322050315368429,dann_matched,banglasarc3_binary+banglasarc_binary,ben_sarc_binary,123
de0391a87ea078b4,0,0,1.5,-1.390625,0.9473810466522863,0.05261895334771377,1.322050315368429,dann_matched,banglasarc3_binary+banglasarc_binary,ben_sarc_binary,123
d89cd9221275ca80,0,1,-0.30859375,-0.010375977,0.42599322098035064,0.5740067790196492,1.322050315368429,dann_matched,banglasarc3_binary+banglasarc_binary,ben_sarc_binary,123
ad0cacb7fb599b35,1,0,-0.03857422,-0.22851562,0.5473431010760916,0.45265689892390837,1.322050315368429,dann_matched,banglasarc3_binary+banglasarc_binary,ben_sarc_binary,123
b491f0fe9272733a,0,1,-0.30859375,-0.16894531,0.46514451727920536,0.5348554827207946,1.322050315368429,dann_matched,banglasarc3_binary+banglasarc_binary,ben_sarc_binary,123
5ceeb57985317b3c,0,0,1.484375,-1.4375,0.9489172630429474,0.05108273695705249,1.322050315368429,dann_matched,banglasarc3_binary+banglasarc_binary,ben_sarc_binary,123
4628df5761c89e03,0,0,1.5078125,-1.5,0.9529258241789759,0.04707417582102406,1.322050315368429,dann_matched,banglasarc3_binary+banglasarc_binary,ben_sarc_binary,123
0e27cbec66e46769,1,1,-1.65625,1.3515625,0.04707417582102406,0.9529258241789759,1.322050315368429,dann_matched,banglasarc3_binary+banglasarc_binary,ben_sarc_binary,123
811faa18f30df58b,0,0,1.5546875,-1.4375,0.9522199336364293,0.047780066363570746,1.322050315368429,dann_matched,banglasarc3_binary+banglasarc_binary,ben_sarc_binary,123
c0cd312378bd239b,0,0,1.4765625,-1.3203125,0.9425067211996143,0.05749327880038583,1.322050315368429,dann_matched,banglasarc3_binary+banglasarc_binary,ben_sarc_binary,123
9408aa4e47c7a5ac,1,0,1.546875,-1.4296875,0.9515039967560431,0.048496003243956885,1.322050315368429,dann_matched,banglasarc3_binary+banglasarc_binary,ben_sarc_binary,123
b878262af46127bd,0,0,1.6875,-1.6640625,0.9661559646595075,0.03384403534049258,1.322050315368429,dann_matched,banglasarc3_binary+banglasarc_binary,ben_sarc_binary,123
bc67e862930113e3,0,0,1.5078125,-1.4765625,0.9518632288833652,0.04813677111663481,1.322050315368429,dann_matched,banglasarc3_binary+banglasarc_binary,ben_sarc_binary,123
c5657810365e75d0,0,0,2.296875,-2.359375,0.9905874104123901,0.009412589587609823,1.322050315368429,dann_matched,banglasarc3_binary+banglasarc_binary,ben_sarc_binary,123
031047e1579e6bbb,1,0,1.46875,-1.4765625,0.9500414759334155,0.0499585240665846,1.322050315368429,dann_matched,banglasarc3_binary+banglasarc_binary,ben_sarc_binary,123
77255f68c4ec2d72,0,1,-1.4296875,1.0859375,0.07477004290796138,0.9252299570920387,1.322050315368429,dann_matched,banglasarc3_binary+banglasarc_binary,ben_sarc_binary,123
46123537a0cfaf85,0,0,0.45898438,-0.73828125,0.7680379962688904,0.23196200373110962,1.322050315368429,dann_matched,banglasarc3_binary+banglasarc_binary,ben_sarc_binary,123
49cc441c4a2f3c7f,0,0,1.5,-1.515625,0.9532750413739076,0.04672495862609242,1.322050315368429,dann_matched,banglasarc3_binary+banglasarc_binary,ben_sarc_binary,123
2440792f79f17857,0,0,0.25195312,-0.828125,0.7465087674839027,0.25349123251609723,1.322050315368429,dann_matched,banglasarc3_binary+banglasarc_binary,ben_sarc_binary,123
8c98dae5c024b034,0,0,0.296875,-0.59375,0.7090191337850932,0.29098086621490676,1.322050315368429,dann_matched,banglasarc3_binary+banglasarc_binary,ben_sarc_binary,123
dbbdc9d15491fbc5,0,0,1.6171875,-1.4765625,0.9566342012360932,0.04336579876390677,1.322050315368429,dann_matched,banglasarc3_binary+banglasarc_binary,ben_sarc_binary,123
158ce4534cc1981d,1,0,1.4765625,-1.4609375,0.9496693674025232,0.05033063259747688,1.322050315368429,dann_matched,banglasarc3_binary+banglasarc_binary,ben_sarc_binary,123
9545a086eebb0c82,1,1,-1.125,0.87890625,0.11879340050844577,0.8812065994915543,1.322050315368429,dann_matched,banglasarc3_binary+banglasarc_binary,ben_sarc_binary,123
