item_id,gold_label,pred_label,logit_0,logit_1,prob_0,prob_1,temperature,system,source,target,seed
75b57cb785399524,1,1,-0.27734375,1.0,0.21800271531236584,0.7819972846876342,1.122869273980346,dann_matched,banglasarc3_binary+ben_sarc_binary,banglasarc3_binary,7
ea89903ebde9ec48,0,0,1.9140625,-1.8984375,0.9783846672373524,0.021615332762647654,1.122869273980346,dann_matched,banglasarc3_binary+ben_sarc_binary,banglasarc3_binary,7
7985dbfde1b7e765,1,1,0.10644531,0.28515625,0.45544079538153864,0.5445592046184614,1.122869273980346,dann_matched,banglasarc3_binary+ben_sarc_binary,banglasarc3_binary,7
d0c67c93af7f80e7,0,0,1.59375,-1.28125,0.9465966702001757,0.053403329799824234,1.122869273980346,dann_matched,banglasarc3_binary+ben_sarc_binary,banglasarc3_binary,7
050e2a5781c6d2a8,1,1,-0.80859375,1.5,0.09041372682383805,0.9095862731761619,1.122869273980346,dann_matched,banglasarc3_binary+ben_sarc_binary,banglasarc3_binary,7
510f4f1ce14fbaae,1,0,0.640625,-0.12158203,0.6818327122534676,0.3181672877465323,1.122869273980346,dann_matched,banglasarc3_binary+ben_sarc_binary,banglasarc3_binary,7
1e477c743f0a9075,0,0,1.6328125,-1.265625,0.9477691428985743,0.052230857101425734,1.122869273980346,dann_matched,banglasarc3_binary+ben_sarc_binary,banglasarc3_binary,7
8bc8673823772559,1,0,0.31835938,0.010070801,0.5764674666393436,0.42353253336065644,1.122869273980346,dann_matched,banglasarc3_binary+ben_sarc_binary,banglasarc3_binary,7
bd8f33b2d8745739,1,1,-0.73828125,1.296875,0.11556087394148318,0.8844391260585168,1.122869273980346,dann_matched,banglasarc3_binary+ben_sarc_binary,banglasarc3_binary,7
f38f331e6bcc6f51,0,0,1.5703125,-1.671875,0.9623913644941934,0.03760863550580657,1.122869273980346,dann_matched,banglasarc3_binary+ben_sarc_binary,banglasarc3_binary,7
711571c05022201a,1,1,-0.94140625,1.6328125,0.07081620186263493,0.929183798137365,1.122869273980346,dann_matched,banglasarc3_binary+ben_sarc_binary,banglasarc3_binary,7
e16f46a1ebdb3d2c,1,0,0.42578125,0.17675781,0.5619361209940442,0.43806387900595584,1.122869273980346,dann_matched,banglasarc3_binary+ben_sarc_binary,banglasarc3_binary,7
96f8f1c864b37ed7,0,1,-0.6484375,1.390625,0.11516222873143664,0.8848377712685633,1.122869273980346,dann_matched,banglasarc3_binary+ben_sarc_binary,banglasarc3_binary,7
f479880c55bd2491,0,0,0.50390625,0.1875,0.5784481789341114,0.4215518210658887,1.122869273980346,dann_matched,banglasarc3_binary+ben_sarc_binary,banglasarc3_binary,7
65fbbf2f8d05469a,1,1,0.17285156,0.39648438,0.4443236424993339,0.555676357500666,1.122869273980346,dann_matched,banglasarc3_binary+ben_sarc_binary,banglasarc3_binary,7
8c201fa1f055e850,1,0,1.015625,-0.6953125,0.8469578427551038,0.15304215724489628,1.122869273980346,dann_matched,banglasarc3_binary+ben_sarc_binary,banglasarc3_binary,7
eb85c00573b45dd3,1,1,-0.0052490234,0.59765625,0.35367929461953396,0.646320705380466,1.122869273980346,dann_matched,banglasarc3_binary+ben_sarc_binary,banglasarc3_binary,7
db73ddb0d256ba8f,1,0,0.48828125,0.10644531,0.5943158323085261,0.4056841676914739,1.122869273980346,dann_matched,banglasarc3_binary+ben_sarc_binary,banglasarc3_binary,7
108f2ff9574fa860,1,1,0.15039062,0.29492188,0.4639299554287248,0.5360700445712753,1.122869273980346,dann_matched,banglasarc3_binary+ben_sarc_binary,banglasarc3_binary,7
651cfe2be094f7d4,0,0,1.15625,-0.79296875,0.8753614294639163,0.12463857053608371,1.122869273980346,dann_matched,banglasarc3_binary+ben_sarc_binary,banglasarc3_binary,7
701194ab8ff79d41,1,1,-0.765625,1.375,0.10521053670308635,0.8947894632969136,1.122869273980346,dann_matched,banglasarc3_binary+ben_sarc_binary,banglasarc3_binary,7
7d54a3089303d820,1,1,-0.7734375,1.34375,0.10743747660842011,0.8925625233915799,1.122869273980346,dann_matched,banglasarc3_binary+ben_sarc_binary,banglasarc3_binary,7
07a4bfe2a5a2e5ca,1,1,-0.11328125,0.640625,0.31997074490513444,0.6800292550948656,1.122869273980346,dann_matched,banglasarc3_binary+ben_sarc_binary,banglasarc3_binary,7
8e8d800bdbdaaff7,0,0,0.50390625,-0.17871094,0.6643225759919834,0.33567742400801664,1.122869273980346,dann_matched,banglasarc3_binary+ben_sarc_binary,banglasarc3_binary,7
c015494f033a38d6,0,1,-0.734375,1.203125,0.12592276483513232,0.8740772351648677,1.122869273980346,dann_matched,banglasarc3_binary+ben_sarc_binary,banglasarc3_binary,7
ce91a1211be5691e,0,1,-0.05834961,0.7890625,0.29997600826079523,0.7000239917392048,1.122869273980346,dann_matched,banglasarc3_binary+ben_sarc_binary,banglasarc3_binary,7
b67fe2f1724da4fc,0,0,0.45703125,0.07861328,0.5934914796379289,0.40650852036207097,1.122869273980346,dann_matched,banglasarc3_binary+ben_sarc_binary,banglasarc3_binary,7
c82b33bcfb8e93ad,1,1,-0.7421875,1.34375,0.11047115389487247,0.8895288461051276,1.122869273980346,dann_matched,banglasarc3_binary+ben_sarc_binary,banglasarc3_binary,7
94ad7e948eed42c2,1,1,-0.3359375,0.85546875,0.23300752342477682,0.7669924765752232,1.122869273980346,dann_matched,banglasarc3_binary+ben_sarc_binary,banglasarc3_binary,7
7065829cdc40567b,1,1,0.03930664,0.66015625,0.3495882457081208,0.6504117542918791,1.122869273980346,dann_matched,banglasarc3_binary+ben_sarc_binary,banglasarc3_binary,7
80cf082fa6d9ed32,0,1,-0.008544922,0.53125,0.3682352899519628,0.6317647100480371,1.122869273980346,dann_matched,banglasarc3_binary+ben_sarc_binary,banglasarc3_binary,7
082cc009d05d3e6a,0,0,1.0234375,-0.83203125,0.8647679192064821,0.13523208079351787,1.122869273980346,dann_matched,banglasarc3_binary+ben_sarc_binary,banglasarc3_binary,7
91675e6a7e696d31,1,1,-0.70703125,1.2578125,0.12294379806223382,0.8770562019377661,1.122869273980346,dann_matched,banglasarc3_binary+ben_sarc_binary,banglasarc3_binary,7
0f26e9a22c5ac1d7,0,1,-0.14550781,0.5625,0.33003919014411776,0.6699608098558822,1.122869273980346,dann_matched,banglasarc3_binary+ben_sarc_binary,banglasarc3_binary,7
9a4c63e1a0b50046,0,0,1.4765625,-1.3984375,0.9465966702001757,0.053403329799824234,1.122869273980346,dann_matched,banglasarc3_binary+ben_sarc_binary,banglasarc3_binary,7
dd8a11641c9c1035,1,0,0.22949219,0.12597656,0.5258558222335034,0.47414417776649664,1.122869273980346,dann_matched,banglasarc3_binary+ben_sarc_binary,banglasarc3_binary,7
947e78373e8ee90d,1,1,-0.69921875,1.21875,0.1280882483446611,0.8719117516553389,1.122869273980346,dann_matched,banglasarc3_binary+ben_sarc_binary,banglasarc3_binary,7
a93bffde267df6fb,0,0,0.22558594,0.055664062,0.5423785498964897,0.45762145010351035,1.122869273980346,dann_matched,banglasarc3_binary+ben_sarc_binary,banglasarc3_binary,7
2b6006a4aa890634,0,1,-0.2734375,0.8203125,0.25091278688527247,0.7490872131147275,1.122869273980346,dann_matched,banglasarc3_binary+ben_sarc_binary,banglasarc3_binary,7
08c0f13f45787db9,0,0,1.6875,-1.3515625,0.9543079676184154,0.04569203238158463,1.122869273980346,dann_matched,banglasarc3_binary+ben_sarc_binary,banglasarc3_binary,7
ec266bb4c5478b18,1,1,-0.7890625,1.484375,0.09334687851957546,0.9066531214804244,1.122869273980346,dann_matched,banglasarc3_binary+ben_sarc_binary,banglasarc3_binary,7
073d86cef983e918,1,0,0.8671875,-0.46289062,0.7908535572843339,0.209146442715666,1.122869273980346,dann_matched,banglasarc3_binary+ben_sarc_binary,banglasarc3_binary,7
67edcfa910eb831c,1,1,-0.08984375,0.6875,0.31489265091054125,0.6851073490894588,1.122869273980346,dann_matched,banglasarc3_binary+ben_sarc_binary,banglasarc3_binary,7
04d2c1127101c192,1,1,-0.42773438,0.80859375,0.2250757753652807,0.7749242246347193,1.122869273980346,dann_matched,banglasarc3_binary+ben_sarc_binary,banglasarc3_binary,7
876b4804c6fc5b43,1,1,-0.45117188,0.98828125,0.1916300495734963,0.8083699504265036,1.122869273980346,dann_matched,banglasarc3_binary+ben_sarc_binary,banglasarc3_binary,7
34dbd0864564cfc0,0,1,0.024658203,0.31835938,0.42709800133395515,0.572901998666045,1.122869273980346,dann_matched,banglasarc3_binary+ben_sarc_binary,banglasarc3_binary,7
63a49fd32ab811fd,0,0,0.515625,0.029418945,0.6192122694049332,0.38078773059506665,1.122869273980346,dann_matched,banglasarc3_binary+ben_sarc_binary,banglasarc3_binary,7
9f666c15fa725558,0,0,1.046875,-0.91796875,0.8770562019377661,0.12294379806223382,1.122869273980346,dann_matched,banglasarc3_binary+ben_sarc_binary,banglasarc3_binary,7
265176b36196d1b2,0,0,0.88671875,-0.55078125,0.8080672135527632,0.19193278644723683,1.122869273980346,dann_matched,banglasarc3_binary+ben_sarc_binary,banglasarc3_binary,7
96de00b59977a347,1,0,0.4375,0.21679688,0.5549528997484712,0.44504710025152877,1.122869273980346,dann_matched,banglasarc3_binary+ben_sarc_binary,banglasarc3_binary,7
4a51117b4af25a2c,1,1,-0.765625,1.515625,0.09268777863937604,0.9073122213606241,1.122869273980346,dann_matched,banglasarc3_binary+ben_sarc_binary,banglasarc3_binary,7
aaa1c8bb9251740a,1,0,0.19433594,0.14648438,0.5119606084565301,0.4880393915434698,1.122869273980346,dann_matched,banglasarc3_binary+ben_sarc_binary,banglasarc3_binary,7
b956c99bea48b45e,0,0,0.68359375,-0.34570312,0.7367795576803814,0.26322044231961855,1.122869273980346,dann_matched,banglasarc3_binary+ben_sarc_binary,banglasarc3_binary,7
a7f029b1664720b2,0,0,1.890625,-1.7890625,0.975390071374038,0.024609928625961945,1.122869273980346,dann_matched,banglasarc3_binary+ben_sarc_binary,banglasarc3_binary,7
1f65da3aad7897f2,0,0,1.6015625,-1.640625,0.9623913644941934,0.03760863550580657,1.122869273980346,dann_matched,banglasarc3_binary+ben_sarc_binary,banglasarc3_binary,7
e299df642da32c11,1,0,1.359375,-1.1484375,0.9246876936763765,0.07531230632362355,1.122869273980346,dann_matched,banglasarc3_binary+ben_sarc_binary,banglasarc3_binary,7
281dcf0e5128a950,1,1,-0.8203125,1.53125,0.08694165672789168,0.9130583432721083,1.122869273980346,dann_matched,banglasarc3_binary+ben_sarc_binary,banglasarc3_binary,7
4d19d4857cf11f76,1,0,1.140625,-0.92578125,0.8875949114621223,0.11240508853787773,1.122869273980346,dann_matched,banglasarc3_binary+ben_sarc_binary,banglasarc3_binary,7
0a1efda3664119ed,0,0,0.609375,-0.16796875,0.6851073490894588,0.31489265091054125,1.122869273980346,dann_matched,banglasarc3_binary+ben_sarc_binary,banglasarc3_binary,7
222513aed35eef7e,0,0,0.52734375,-0.010864258,0.6313954563040706,0.36860454369592954,1.122869273980346,dann_matched,banglasarc3_binary+ben_sarc_binary,banglasarc3_binary,7
39fe6dafd7939acc,0,0,1.734375,-1.4765625,0.9612438064128053,0.03875619358719477,1.122869273980346,dann_matched,banglasarc3_binary+ben_sarc_binary,banglasarc3_binary,7
a27193d4c497eccb,0,0,0.8984375,-0.47460938,0.7978719760520335,0.20212802394796642,1.122869273980346,dann_matched,banglasarc3_binary+ben_sarc_binary,banglasarc3_binary,7
a6de149712c45c7c,1,1,-0.22460938,0.859375,0.2527527514805005,0.7472472485194995,1.122869273980346,dann_matched,banglasarc3_binary+ben_sarc_binary,banglasarc3_binary,7
73ec3e5aee767003,0,0,1.4765625,-1.0703125,0.927363293639213,0.07263670636078697,1.122869273980346,dann_matched,banglasarc3_binary+ben_sarc_binary,banglasarc3_binary,7
7be88e4c070ecb7c,0,1,-0.008178711,0.33789062,0.41433592028362376,0.5856640797163761,1.122869273980346,dann_matched,banglasarc3_binary+ben_sarc_binary,banglasarc3_binary,7
e1692847746aaeb7,0,1,-0.38476562,1.0,0.20024470996061125,0.7997552900393888,1.122869273980346,dann_matched,banglasarc3_binary+ben_sarc_binary,banglasarc3_binary,7
affe88ed42c09f2b,0,1,0.099609375,0.26953125,0.45762145010351035,0.5423785498964897,1.122869273980346,dann_matched,banglasarc3_binary+ben_sarc_binary,banglasarc3_binary,7
c26d77ece62c8a34,0,1,0.17871094,0.37890625,0.4501176600775964,0.5498823399224035,1.122869273980346,dann_matched,banglasarc3_binary+ben_sarc_binary,banglasarc3_binary,7
4562504c76eb98bd,1,1,-0.119140625,0.67578125,0.31111282565371734,0.6888871743462827,1.122869273980346,dann_matched,banglasarc3_binary+ben_sarc_binary,banglasarc3_binary,7
c31bf7af3cca52d5,0,0,1.6328125,-1.5625,0.9606574967357419,0.03934250326425821,1.122869273980346,dann_matched,banglasarc3_binary+ben_sarc_binary,banglasarc3_binary,7
d60439bc7741539c,1,0,0.4765625,-0.07519531,0.6345433207045336,0.3654566792954664,1.122869273980346,dann_matched,banglasarc3_binary+ben_sarc_binary,banglasarc3_binary,7
f10b478fd6e0b177,0,0,1.734375,-1.7109375,0.9690910414827888,0.030908958517211163,1.122869273980346,dann_matched,banglasarc3_binary+ben_sarc_binary,banglasarc3_binary,7
3fbae9ce8772e658,0,0,1.421875,-1.046875,0.9219218348550491,0.07807816514495095,1.122869273980346,dann_matched,banglasarc3_binary+ben_sarc_binary,banglasarc3_binary,7
d823840f4b1ff927,0,0,1.4296875,-1.3359375,0.9407897492587141,0.05921025074128593,1.122869273980346,dann_matched,banglasarc3_binary+ben_sarc_binary,banglasarc3_binary,7
e0c3a628a2e7801f,1,1,0.20605469,0.25195312,0.48852740463204325,0.5114725953679568,1.122869273980346,dann_matched,banglasarc3_binary+ben_sarc_binary,banglasarc3_binary,7
eff887513d13438d,1,1,0.01586914,0.41210938,0.4022159982115453,0.5977840017884547,1.122869273980346,dann_matched,banglasarc3_binary+ben_sarc_binary,banglasarc3_binary,7
0cd82b6dca6fe2e1,1,1,-0.32421875,0.63671875,0.27669053102543534,0.7233094689745646,1.122869273980346,dann_matched,banglasarc3_binary+ben_sarc_binary,banglasarc3_binary,7
1d09754dbb62cc6b,1,0,0.32421875,0.07470703,0.5620563145817888,0.43794368541821116,1.122869273980346,dann_matched,banglasarc3_binary+ben_sarc_binary,banglasarc3_binary,7
c311ed8c137856aa,1,0,0.84765625,-0.76171875,0.8333245953120233,0.16667540468797667,1.122869273980346,dann_matched,banglasarc3_binary+ben_sarc_binary,banglasarc3_binary,7
7071237a4ec6c93c,1,1,-0.671875,1.109375,0.14414885303274058,0.8558511469672594,1.122869273980346,dann_matched,banglasarc3_binary+ben_sarc_binary,banglasarc3_binary,7
406cc3cc6af1c396,0,1,-0.76171875,1.484375,0.09568694300568312,0.904313056994317,1.122869273980346,dann_matched,banglasarc3_binary+ben_sarc_binary,banglasarc3_binary,7
5017f4130c84f906,1,0,0.27539062,0.14941406,0.5314525553714766,0.4685474446285234,1.122869273980346,dann_matched,banglasarc3_binary+ben_sarc_binary,banglasarc3_binary,7
dda9d98881ec3a10,0,0,0.78125,-0.23730469,0.7346909745190238,0.2653090254809762,1.122869273980346,dann_matched,banglasarc3_binary+ben_sarc_binary,banglasarc3_binary,7
44526b65a93bf812,0,0,1.6328125,-1.4765625,0.9572778024535095,0.042722197546490565,1.122869273980346,dann_matched,banglasarc3_binary+ben_sarc_binary,banglasarc3_binary,7
045171b67bd95561,0,0,1.515625,-1.3984375,0.9485372345673925,0.05146276543260743,1.122869273980346,dann_matched,banglasarc3_binary+ben_sarc_binary,banglasarc3_binary,7
008c34b815bb55fd,0,0,1.5625,-1.34375,0.94815453335022,0.05184546664977983,1.122869273980346,dann_matched,banglasarc3_binary+ben_sarc_binary,banglasarc3_binary,7
aca0a6cea18374f2,0,0,0.44726562,-0.053710938,0.6226887995543804,0.37731120044561967,1.122869273980346,dann_matched,banglasarc3_binary+ben_sarc_binary,banglasarc3_binary,7
51e0fcfbe89577bb,1,1,-0.4453125,1.046875,0.18359362263419612,0.8164063773658039,1.122869273980346,dann_matched,banglasarc3_binary+ben_sarc_binary,banglasarc3_binary,7
0cd747c951646fc6,1,1,-0.09277344,0.46679688,0.3636468869428737,0.6363531130571263,1.122869273980346,dann_matched,banglasarc3_binary+ben_sarc_binary,banglasarc3_binary,7
2a8dc43b96afa2e7,1,1,-0.4375,1.0,0.19193278644723683,0.8080672135527632,1.122869273980346,dann_matched,banglasarc3_binary+ben_sarc_binary,banglasarc3_binary,7
4dacd616983d14ed,1,0,0.91796875,-0.53515625,0.8104789086703224,0.18952109132967757,1.122869273980346,dann_matched,banglasarc3_binary+ben_sarc_binary,banglasarc3_binary,7
8e45e4191312d057,0,0,1.46875,-1.203125,0.9353465116437761,0.06465348835622392,1.122869273980346,dann_matched,banglasarc3_binary+ben_sarc_binary,banglasarc3_binary,7
a30ac9245fef57e8,0,0,0.38085938,-0.061523438,0.6088266605718327,0.39117333942816745,1.122869273980346,dann_matched,banglasarc3_binary+ben_sarc_binary,banglasarc3_binary,7
1ba578744dcf18f2,0,1,-0.017822266,0.6484375,0.3393348470749769,0.660665152925023,1.122869273980346,dann_matched,banglasarc3_binary+ben_sarc_binary,banglasarc3_binary,7
b1a866c6cbb06b7b,0,1,0.19726562,0.44335938,0.43878519272525673,0.5612148072747433,1.122869273980346,dann_matched,banglasarc3_binary+ben_sarc_binary,banglasarc3_binary,7
a61d6c2433486af9,0,0,0.84375,-0.24707031,0.7485361603239102,0.2514638396760899,1.122869273980346,dann_matched,banglasarc3_binary+ben_sarc_binary,banglasarc3_binary,7
8cb4b0e68d2b2280,0,0,1.7109375,-1.4609375,0.9597620573763841,0.04023794262361602,1.122869273980346,dann_matched,banglasarc3_binary+ben_sarc_binary,banglasarc3_binary,7
5862ad605fad8a15,1,1,-0.73828125,1.328125,0.11240508853787773,0.8875949114621223,1.122869273980346,dann_matched,banglasarc3_binary+ben_sarc_binary,banglasarc3_binary,7
cdf0634800d69305,1,0,0.17773438,-0.045410156,0.5555557975149967,0.44444420248500327,1.122869273980346,dann_matched,banglasarc3_binary+ben_sarc_binary,banglasarc3_binary,7
778c43b485a168af,1,0,1.3046875,-0.8515625,0.8962513731336202,0.10374862686637971,1.122869273980346,dann_matched,banglasarc3_binary+ben_sarc_binary,banglasarc3_binary,7
1df9d37a3cec5465,0,0,1.640625,-1.40625,0.9546474194456936,0.04535258055430642,1.122869273980346,dann_matched,banglasarc3_binary+ben_sarc_binary,banglasarc3_binary,7
47b74426cb84e137,1,1,0.16601562,0.33203125,0.4585911565003855,0.5414088434996145,1.122869273980346,dann_matched,banglasarc3_binary+ben_sarc_binary,banglasarc3_binary,7
3f468b17c098db0b,0,1,-0.13183594,0.70703125,0.30177342102883326,0.6982265789711667,1.122869273980346,dann_matched,banglasarc3_binary+ben_sarc_binary,banglasarc3_binary,7
e8eed6879adc1fb9,1,1,0.008544922,0.50390625,0.3786313915362592,0.6213686084637408,1.122869273980346,dann_matched,banglasarc3_binary+ben_sarc_binary,banglasarc3_binary,7
59adf653819d9fe1,0,0,0.41015625,-0.028442383,0.6079250623860312,0.39207493761396883,1.122869273980346,dann_matched,banglasarc3_binary+ben_sarc_binary,banglasarc3_binary,7
ab24e7278a3aa349,1,1,-0.055419922,0.4453125,0.37736856238286676,0.6226314376171334,1.122869273980346,dann_matched,banglasarc3_binary+ben_sarc_binary,banglasarc3_binary,7
e3d3248598f096fa,1,1,-0.41796875,0.9296875,0.20625381039683044,0.7937461896031696,1.122869273980346,dann_matched,banglasarc3_binary+ben_sarc_binary,banglasarc3_binary,7
cc1dab7c4d3e2fa9,1,1,-0.26367188,0.7265625,0.27086578668548367,0.7291342133145163,1.122869273980346,dann_matched,banglasarc3_binary+ben_sarc_binary,banglasarc3_binary,7
f7a48562ed437eea,0,0,1.6328125,-1.5234375,0.9591542840900507,0.040845715909949315,1.122869273980346,dann_matched,banglasarc3_binary+ben_sarc_binary,banglasarc3_binary,7
b2ae48f6c244c3b3,1,1,0.0075683594,0.38867188,0.4058607701104689,0.594139229889531,1.122869273980346,dann_matched,banglasarc3_binary+ben_sarc_binary,banglasarc3_binary,7
6d69a5e5443ef4a0,0,1,-0.77734375,1.3671875,0.10484336403025446,0.8951566359697456,1.122869273980346,dann_matched,banglasarc3_binary+ben_sarc_binary,banglasarc3_binary,7
17e9568c1bec66f3,1,0,1.7734375,-1.7265625,0.9706877692486436,0.029312230751356316,1.122869273980346,dann_matched,banglasarc3_binary+ben_sarc_binary,banglasarc3_binary,7
432511856befb10b,0,0,1.9921875,-1.7890625,0.9777138144607745,0.022286185539225494,1.122869273980346,dann_matched,banglasarc3_binary+ben_sarc_binary,banglasarc3_binary,7
b7be99240747d7b9,0,0,0.46289062,0.17285156,0.5720056960513743,0.42799430394862575,1.122869273980346,dann_matched,banglasarc3_binary+ben_sarc_binary,banglasarc3_binary,7
88421f62e8ff3b41,1,0,0.46875,-0.111816406,0.6411977259892904,0.35880227401070963,1.122869273980346,dann_matched,banglasarc3_binary+ben_sarc_binary,banglasarc3_binary,7
3e2207ffcf3ee105,0,0,0.92578125,-0.45898438,0.7997552900393888,0.20024470996061125,1.122869273980346,dann_matched,banglasarc3_binary+ben_sarc_binary,banglasarc3_binary,7
51b018644cef2e50,0,0,1.4140625,-1.203125,0.9319595797274409,0.06804042027255897,1.122869273980346,dann_matched,banglasarc3_binary+ben_sarc_binary,banglasarc3_binary,7
f95cec4307ef3024,0,0,1.09375,-0.71875,0.8596637505099167,0.14033624949008322,1.122869273980346,dann_matched,banglasarc3_binary+ben_sarc_binary,banglasarc3_binary,7
26b12ba4953ff47f,1,1,-0.453125,0.8984375,0.20561503957001773,0.7943849604299823,1.122869273980346,dann_matched,banglasarc3_binary+ben_sarc_binary,banglasarc3_binary,7
9e6fb96648d97dc0,0,0,0.72265625,-0.31835938,0.7390459240701083,0.2609540759298918,1.122869273980346,dann_matched,banglasarc3_binary+ben_sarc_binary,banglasarc3_binary,7
a4b8f5a2bfe6f63a,1,1,-0.5703125,1.1171875,0.1561048974454574,0.8438951025545426,1.122869273980346,dann_matched,banglasarc3_binary+ben_sarc_binary,banglasarc3_binary,7
c7e2731135ca9edc,1,1,-0.24023438,0.75390625,0.27009500290248817,0.7299049970975119,1.122869273980346,dann_matched,banglasarc3_binary+ben_sarc_binary,banglasarc3_binary,7
a5f5e1447f81c7c1,0,0,1.015625,-1.1640625,0.8984105540811842,0.10158944591881586,1.122869273980346,dann_matched,banglasarc3_binary+ben_sarc_binary,banglasarc3_binary,7
c2122763b56ffbf5,1,0,0.94921875,-0.8671875,0.8601343465140441,0.13986565348595606,1.122869273980346,dann_matched,banglasarc3_binary+ben_sarc_binary,banglasarc3_binary,7
d89f0be1f7612e43,1,1,-1.0546875,1.78125,0.05541279438176918,0.944587205618231,1.122869273980346,dann_matched,banglasarc3_binary+ben_sarc_binary,banglasarc3_binary,7
83ff80d11d2cfe42,0,1,-0.671875,1.3046875,0.12168575463704705,0.878314245362953,1.122869273980346,dann_matched,banglasarc3_binary+ben_sarc_binary,banglasarc3_binary,7
ff19766f243a9d57,1,1,-0.74609375,1.390625,0.10557884359159042,0.8944211564084097,1.122869273980346,dann_matched,banglasarc3_binary+ben_sarc_binary,banglasarc3_binary,7
e8bd3886d550c247,1,1,-0.33398438,0.875,0.22988080342588704,0.7701191965741129,1.122869273980346,dann_matched,banglasarc3_binary+ben_sarc_binary,banglasarc3_binary,7
0cb293f08063597d,1,0,0.6875,-0.3828125,0.7446563401437933,0.2553436598562066,1.122869273980346,dann_matched,banglasarc3_binary+ben_sarc_binary,banglasarc3_binary,7
bd4e9e3bdd01a022,1,1,-0.25195312,0.80859375,0.2572049600455828,0.7427950399544171,1.122869273980346,dann_matched,banglasarc3_binary+ben_sarc_binary,banglasarc3_binary,7
5b22a3f51d681541,0,0,1.359375,-0.94140625,0.9089417211068199,0.09105827889318015,1.122869273980346,dann_matched,banglasarc3_binary+ben_sarc_binary,banglasarc3_binary,7
5e682d52ed383d6b,0,0,1.0078125,-0.39257812,0.8022458675298441,0.19775413247015594,1.122869273980346,dann_matched,banglasarc3_binary+ben_sarc_binary,banglasarc3_binary,7
baad976c4d644487,0,0,1.8125,-1.6328125,0.9690910414827888,0.030908958517211163,1.122869273980346,dann_matched,banglasarc3_binary+ben_sarc_binary,banglasarc3_binary,7
dd9bd6b2bf6b34e5,1,1,-0.30273438,0.734375,0.26170812692029033,0.7382918730797098,1.122869273980346,dann_matched,banglasarc3_binary+ben_sarc_binary,banglasarc3_binary,7
cdbf9e38b718e84c,0,1,-0.32226562,0.921875,0.22371607247291164,0.7762839275270884,1.122869273980346,dann_matched,banglasarc3_binary+ben_sarc_binary,banglasarc3_binary,7
4d0a57f210a73977,1,0,1.421875,-1.1484375,0.9289263306198166,0.07107366938018356,1.122869273980346,dann_matched,banglasarc3_binary+ben_sarc_binary,banglasarc3_binary,7
ab338dede5081252,0,0,0.76953125,-0.33398438,0.7509182481026451,0.24908175189735485,1.122869273980346,dann_matched,banglasarc3_binary+ben_sarc_binary,banglasarc3_binary,7
ab718a592e29dca9,0,0,1.5625,-1.4296875,0.9522199336364293,0.047780066363570746,1.122869273980346,dann_matched,banglasarc3_binary+ben_sarc_binary,banglasarc3_binary,7
e36d944d14221a6c,0,0,0.94140625,-0.73828125,0.8428631465294143,0.1571368534705856,1.122869273980346,dann_matched,banglasarc3_binary+ben_sarc_binary,banglasarc3_binary,7
63ea034834c6a12c,0,0,1.390625,-1.1171875,0.9246876936763765,0.07531230632362355,1.122869273980346,dann_matched,banglasarc3_binary+ben_sarc_binary,banglasarc3_binary,7
1ead6e0bfd452d2b,1,1,-0.90234375,1.625,0.07396337482518077,0.9260366251748193,1.122869273980346,dann_matched,banglasarc3_binary+ben_sarc_binary,banglasarc3_binary,7
9fb91b24bd470ab7,0,1,-0.036132812,0.5390625,0.36003889990514726,0.6399611000948526,1.122869273980346,dann_matched,banglasarc3_binary+ben_sarc_binary,banglasarc3_binary,7
7adb5d686301eb8f,1,0,1.3515625,-0.80859375,0.8966140333938164,0.10338596660618364,1.122869273980346,dann_matched,banglasarc3_binary+ben_sarc_binary,banglasarc3_binary,7
30a467ac9c6d2435,1,1,-0.19238281,0.65625,0.2997197349260249,0.700280265073975,1.122869273980346,dann_matched,banglasarc3_binary+ben_sarc_binary,banglasarc3_binary,7
4e5a50b99551fa9f,0,0,0.72265625,-0.19628906,0.7148271571222505,0.2851728428777495,1.122869273980346,dann_matched,banglasarc3_binary+ben_sarc_binary,banglasarc3_binary,7
2cc5b657e99479ab,1,1,-0.011169434,0.48828125,0.3776697688739637,0.6223302311260362,1.122869273980346,dann_matched,banglasarc3_binary+ben_sarc_binary,banglasarc3_binary,7
60a819c9455826f5,0,0,1.546875,-1.375,0.9489172630429474,0.05108273695705249,1.122869273980346,dann_matched,banglasarc3_binary+ben_sarc_binary,banglasarc3_binary,7
f387e0db7e685a99,0,0,1.5859375,-1.46875,0.9549844683997677,0.04501553160023231,1.122869273980346,dann_matched,banglasarc3_binary+ben_sarc_binary,banglasarc3_binary,7
0ccfba3f9e960460,1,1,-0.012329102,0.36914062,0.405772465853948,0.5942275341460519,1.122869273980346,dann_matched,banglasarc3_binary+ben_sarc_binary,banglasarc3_binary,7
ddc2982c4d5b19bb,0,0,1.40625,-1.2265625,0.9329437130748804,0.06705628692511957,1.122869273980346,dann_matched,banglasarc3_binary+ben_sarc_binary,banglasarc3_binary,7
c9700acd4f20666a,1,1,-0.10546875,0.4296875,0.3693150796290264,0.6306849203709737,1.122869273980346,dann_matched,banglasarc3_binary+ben_sarc_binary,banglasarc3_binary,7
d4943eed81c34c48,1,0,1.09375,-0.97265625,0.8875949114621223,0.11240508853787773,1.122869273980346,dann_matched,banglasarc3_binary+ben_sarc_binary,banglasarc3_binary,7
2e2e4b889c9df812,1,1,-0.49609375,1.1171875,0.1661335534168026,0.8338664465831974,1.122869273980346,dann_matched,banglasarc3_binary+ben_sarc_binary,banglasarc3_binary,7
5ddbd9cf7f8b9e4e,1,0,0.9609375,-1.1484375,0.8918110454379297,0.10818895456207035,1.122869273980346,dann_matched,banglasarc3_binary+ben_sarc_binary,banglasarc3_binary,7
0346c19c3d6e1abf,0,0,1.5078125,-1.2421875,0.9399133498259924,0.06008665017400762,1.122869273980346,dann_matched,banglasarc3_binary+ben_sarc_binary,banglasarc3_binary,7
c5d392cb407885e6,0,0,0.59375,0.08691406,0.6240644519544826,0.37593554804551743,1.122869273980346,dann_matched,banglasarc3_binary+ben_sarc_binary,banglasarc3_binary,7
f4997612d5ea678a,0,1,-0.7109375,1.3984375,0.10818895456207035,0.8918110454379297,1.122869273980346,dann_matched,banglasarc3_binary+ben_sarc_binary,banglasarc3_binary,7
5fb61d0d9878c215,0,1,-0.13964844,0.62109375,0.3184851509651125,0.6815148490348876,1.122869273980346,dann_matched,banglasarc3_binary+ben_sarc_binary,banglasarc3_binary,7
a3b2337ee913ed3c,1,0,0.70703125,-0.42578125,0.7563575624625937,0.24364243753740636,1.122869273980346,dann_matched,banglasarc3_binary+ben_sarc_binary,banglasarc3_binary,7
218ac0a1387a629e,0,0,0.7109375,-0.38085938,0.748719933847045,0.251280066152955,1.122869273980346,dann_matched,banglasarc3_binary+ben_sarc_binary,banglasarc3_binary,7
18e844b31049008b,0,0,1.1640625,-0.52734375,0.8444090059229068,0.15559099407709326,1.122869273980346,dann_matched,banglasarc3_binary+ben_sarc_binary,banglasarc3_binary,7
cbed70c13bc0c9f0,1,1,-0.80859375,1.46875,0.0930168046688621,0.9069831953311379,1.122869273980346,dann_matched,banglasarc3_binary+ben_sarc_binary,banglasarc3_binary,7
2ab1740ebfbd3e05,1,0,1.8203125,-1.7265625,0.9719924793940118,0.02800752060598813,1.122869273980346,dann_matched,banglasarc3_binary+ben_sarc_binary,banglasarc3_binary,7
0ac6a6a9e59b6038,1,1,-0.453125,1.0703125,0.1789558876900955,0.8210441123099046,1.122869273980346,dann_matched,banglasarc3_binary+ben_sarc_binary,banglasarc3_binary,7
08f7a8e225bd8151,1,1,0.11230469,0.25390625,0.4646586421213345,0.5353413578786655,1.122869273980346,dann_matched,banglasarc3_binary+ben_sarc_binary,banglasarc3_binary,7
b09ce16653e41187,1,1,0.13671875,0.421875,0.42919010862592216,0.5708098913740778,1.122869273980346,dann_matched,banglasarc3_binary+ben_sarc_binary,banglasarc3_binary,7
d8186fbe40131e81,1,1,-0.23828125,0.5,0.32338010134203354,0.6766198986579665,1.122869273980346,dann_matched,banglasarc3_binary+ben_sarc_binary,banglasarc3_binary,7
c89eaa10622b37e2,1,1,-0.0138549805,0.3671875,0.405875488078661,0.5941245119213391,1.122869273980346,dann_matched,banglasarc3_binary+ben_sarc_binary,banglasarc3_binary,7
0ef139aef5b0b651,1,1,-0.86328125,1.484375,0.0872522465547244,0.9127477534452755,1.122869273980346,dann_matched,banglasarc3_binary+ben_sarc_binary,banglasarc3_binary,7
2f577efec6c86515,1,1,-0.83203125,1.46875,0.09105827889318015,0.9089417211068199,1.122869273980346,dann_matched,banglasarc3_binary+ben_sarc_binary,banglasarc3_binary,7
843e76141f5386ea,1,1,-0.78515625,1.375,0.10338596660618364,0.8966140333938164,1.122869273980346,dann_matched,banglasarc3_binary+ben_sarc_binary,banglasarc3_binary,7
a6b139ef0507918c,0,1,0.20214844,0.515625,0.42226637701622904,0.5777336229837708,1.122869273980346,dann_matched,banglasarc3_binary+ben_sarc_binary,banglasarc3_binary,7
364f64d22ee2ac7a,0,0,1.2734375,-0.80859375,0.8891444050747391,0.11085559492526088,1.122869273980346,dann_matched,banglasarc3_binary+ben_sarc_binary,banglasarc3_binary,7
2ac3b1eefc9be85e,1,1,0.1328125,0.31835938,0.4537459067856514,0.5462540932143485,1.122869273980346,dann_matched,banglasarc3_binary+ben_sarc_binary,banglasarc3_binary,7
adf94921ccf02eaa,1,1,-0.95703125,1.5859375,0.07290027342462209,0.927099726575378,1.122869273980346,dann_matched,banglasarc3_binary+ben_sarc_binary,banglasarc3_binary,7
a4d173afcf1ce29e,0,0,1.5703125,-1.453125,0.953621794005189,0.046378205994811086,1.122869273980346,dann_matched,banglasarc3_binary+ben_sarc_binary,banglasarc3_binary,7
503091a9ce967b64,1,1,-0.27539062,0.69921875,0.2739627099813592,0.7260372900186408,1.122869273980346,dann_matched,banglasarc3_binary+ben_sarc_binary,banglasarc3_binary,7
4d1624fcf2e4e7d6,1,1,-0.068359375,0.6484375,0.32809872248223476,0.6719012775177652,1.122869273980346,dann_matched,banglasarc3_binary+ben_sarc_binary,banglasarc3_binary,7
7bb7f9b1cb68aac0,0,0,1.5078125,-1.5390625,0.9546474194456936,0.04535258055430642,1.122869273980346,dann_matched,banglasarc3_binary+ben_sarc_binary,banglasarc3_binary,7
9b912e15d3d8493f,0,1,-0.796875,1.5078125,0.09073548763985106,0.909264512360149,1.122869273980346,dann_matched,banglasarc3_binary+ben_sarc_binary,banglasarc3_binary,7
3827617f21fba1e3,0,0,1.6484375,-1.7109375,0.9664104943498959,0.033589505650103976,1.122869273980346,dann_matched,banglasarc3_binary+ben_sarc_binary,banglasarc3_binary,7
bbfcd270940c6f50,0,0,0.4375,0.09423828,0.5849826152010165,0.4150173847989836,1.122869273980346,dann_matched,banglasarc3_binary+ben_sarc_binary,banglasarc3_binary,7
a5f9487af8a08111,1,1,-0.90234375,1.46875,0.08540366800216245,0.9145963319978375,1.122869273980346,dann_matched,banglasarc3_binary+ben_sarc_binary,banglasarc3_binary,7
b132c35de55abf62,1,1,-0.056396484,0.578125,0.34648601308623844,0.6535139869137615,1.122869273980346,dann_matched,banglasarc3_binary+ben_sarc_binary,banglasarc3_binary,7
49e50f5f6743b9a9,0,0,1.2890625,-1.0546875,0.9124361604769414,0.08756383952305867,1.122869273980346,dann_matched,banglasarc3_binary+ben_sarc_binary,banglasarc3_binary,7
bc2fea241ae6e245,0,0,1.515625,-1.484375,0.9525741268224334,0.04742587317756679,1.122869273980346,dann_matched,banglasarc3_binary+ben_sarc_binary,banglasarc3_binary,7
1ac9669da2a3b22a,0,0,1.796875,-1.734375,0.9715639669551474,0.02843603304485266,1.122869273980346,dann_matched,banglasarc3_binary+ben_sarc_binary,banglasarc3_binary,7
c678ed32dfec8e9b,1,1,-0.17089844,0.6796875,0.29930995821013195,0.7006900417898682,1.122869273980346,dann_matched,banglasarc3_binary+ben_sarc_binary,banglasarc3_binary,7
1a46fdea53a04cce,0,1,-0.69921875,1.3203125,0.11716746932535992,0.8828325306746402,1.122869273980346,dann_matched,banglasarc3_binary+ben_sarc_binary,banglasarc3_binary,7
a27bf2e316d4219b,1,1,-0.29492188,0.7734375,0.2557152108660971,0.744284789133903,1.122869273980346,dann_matched,banglasarc3_binary+ben_sarc_binary,banglasarc3_binary,7
0cec6e06c0ba9f1e,0,0,1.90625,-1.96875,0.9796676466573412,0.020332353342658753,1.122869273980346,dann_matched,banglasarc3_binary+ben_sarc_binary,banglasarc3_binary,7
d6b2f0ee01c230dd,1,1,-0.025390625,0.50390625,0.37068089570080504,0.629319104299195,1.122869273980346,dann_matched,banglasarc3_binary+ben_sarc_binary,banglasarc3_binary,7
9eb091e9a9d4c695,0,1,-0.5625,1.25,0.14033624949008322,0.8596637505099167,1.122869273980346,dann_matched,banglasarc3_binary+ben_sarc_binary,banglasarc3_binary,7
963ae71db6ff7e4f,0,0,0.87109375,-0.20800781,0.7463239247320766,0.2536760752679234,1.122869273980346,dann_matched,banglasarc3_binary+ben_sarc_binary,banglasarc3_binary,7
9aabf8d92c3a8ef5,1,0,1.8359375,-1.7421875,0.9728307684643189,0.027169231535681047,1.122869273980346,dann_matched,banglasarc3_binary+ben_sarc_binary,banglasarc3_binary,7
1f00788c3c80def3,0,0,1.4296875,-1.2890625,0.9381240142763573,0.061875985723642724,1.122869273980346,dann_matched,banglasarc3_binary+ben_sarc_binary,banglasarc3_binary,7
b39f2b8134c7f61a,1,1,-0.21777344,0.7578125,0.27376850760759114,0.7262314923924089,1.122869273980346,dann_matched,banglasarc3_binary+ben_sarc_binary,banglasarc3_binary,7
a6a9b4365f236b0d,1,1,-0.62109375,1.2109375,0.13799647126840353,0.8620035287315965,1.122869273980346,dann_matched,banglasarc3_binary+ben_sarc_binary,banglasarc3_binary,7
672f65575c01c938,1,1,0.1640625,0.47851562,0.42202815538864985,0.5779718446113501,1.122869273980346,dann_matched,banglasarc3_binary+ben_sarc_binary,banglasarc3_binary,7
c361b64edd41d872,0,1,-0.5859375,1.203125,0.1431877021825763,0.8568122978174237,1.122869273980346,dann_matched,banglasarc3_binary+ben_sarc_binary,banglasarc3_binary,7
89c73de9b852078e,0,0,0.6171875,-0.084472656,0.6685557473506663,0.3314442526493337,1.122869273980346,dann_matched,banglasarc3_binary+ben_sarc_binary,banglasarc3_binary,7
ce8d47c1fb816aa3,0,0,1.4921875,-1.421875,0.9485372345673925,0.05146276543260743,1.122869273980346,dann_matched,banglasarc3_binary+ben_sarc_binary,banglasarc3_binary,7
456683ca31fa5e65,0,0,0.36328125,0.15625,0.5515737314522255,0.44842626854777434,1.122869273980346,dann_matched,banglasarc3_binary+ben_sarc_binary,banglasarc3_binary,7
ebd8a51d0f72f8ae,0,1,-0.6875,1.2734375,0.12336562437275558,0.8766343756272444,1.122869273980346,dann_matched,banglasarc3_binary+ben_sarc_binary,banglasarc3_binary,7
fb863821fda44d53,1,1,-0.64453125,1.1953125,0.137069773035303,0.862930226964697,1.122869273980346,dann_matched,banglasarc3_binary+ben_sarc_binary,banglasarc3_binary,7
3b470389b41a77d0,0,0,1.375,-0.7578125,0.8940517128636203,0.10594828713637978,1.122869273980346,dann_matched,banglasarc3_binary+ben_sarc_binary,banglasarc3_binary,7
7485ab52357fe573,0,0,1.421875,-1.1015625,0.9257686295391643,0.07423137046083579,1.122869273980346,dann_matched,banglasarc3_binary+ben_sarc_binary,banglasarc3_binary,7
5d08e6dbd0a02098,0,0,1.859375,-1.875,0.9766692311915195,0.02333076880848049,1.122869273980346,dann_matched,banglasarc3_binary+ben_sarc_binary,banglasarc3_binary,7
bd8e1a4992f836d9,1,1,-1.015625,1.671875,0.06371499425196533,0.9362850057480346,1.122869273980346,dann_matched,banglasarc3_binary+ben_sarc_binary,banglasarc3_binary,7
f54c8c8dd14b9ee4,1,0,0.7421875,-0.45703125,0.7683857743122923,0.23161422568770776,1.122869273980346,dann_matched,banglasarc3_binary+ben_sarc_binary,banglasarc3_binary,7
93aa7ab3e702a390,1,1,-0.33007812,0.98828125,0.21109138022574253,0.7889086197742575,1.122869273980346,dann_matched,banglasarc3_binary+ben_sarc_binary,banglasarc3_binary,7
5d4df30470964289,0,0,1.6953125,-1.6875,0.9671630439727548,0.03283695602724524,1.122869273980346,dann_matched,banglasarc3_binary+ben_sarc_binary,banglasarc3_binary,7
99413b6d85bd8b6a,1,1,-0.11035156,0.6015625,0.32917604037651443,0.6708239596234855,1.122869273980346,dann_matched,banglasarc3_binary+ben_sarc_binary,banglasarc3_binary,7
b6c18248921fce54,1,0,1.3125,-1.0234375,0.9118099551992372,0.08819004480076281,1.122869273980346,dann_matched,banglasarc3_binary+ben_sarc_binary,banglasarc3_binary,7
1cabf2a505c66110,1,1,-0.53125,1.171875,0.15405756269148546,0.8459424373085146,1.122869273980346,dann_matched,banglasarc3_binary+ben_sarc_binary,banglasarc3_binary,7
4e7d5694a62e5de3,1,1,-0.77734375,1.4140625,0.10052486952464412,0.8994751304753559,1.122869273980346,dann_matched,banglasarc3_binary+ben_sarc_binary,banglasarc3_binary,7
27bff07ea2567aff,0,1,-0.23242188,0.70703125,0.28101082202015076,0.7189891779798493,1.122869273980346,dann_matched,banglasarc3_binary+ben_sarc_binary,banglasarc3_binary,7
3d2b2afef8a71422,0,0,1.765625,-1.6484375,0.9681411443139596,0.03185885568604046,1.122869273980346,dann_matched,banglasarc3_binary+ben_sarc_binary,banglasarc3_binary,7
a6b65f2d6607df8d,0,1,0.3203125,0.328125,0.49804688493404686,0.5019531150659532,1.122869273980346,dann_matched,banglasarc3_binary+ben_sarc_binary,banglasarc3_binary,7
f2ce21fd06e6c0a1,0,0,1.6015625,-1.484375,0.956308939359532,0.04369106064046812,1.122869273980346,dann_matched,banglasarc3_binary+ben_sarc_binary,banglasarc3_binary,7
8c321d6535475133,0,0,0.24511719,0.072753906,0.5429844538464565,0.4570155461535435,1.122869273980346,dann_matched,banglasarc3_binary+ben_sarc_binary,banglasarc3_binary,7
e4400f251525d858,0,0,0.95703125,-0.27734375,0.7745833841649233,0.2254166158350767,1.122869273980346,dann_matched,banglasarc3_binary+ben_sarc_binary,banglasarc3_binary,7
a2549aea9cf0feed,0,0,1.6796875,-1.671875,0.9661559646595075,0.03384403534049258,1.122869273980346,dann_matched,banglasarc3_binary+ben_sarc_binary,banglasarc3_binary,7
208728590d99f477,0,0,0.6875,-0.19433594,0.7072025279363112,0.2927974720636887,1.122869273980346,dann_matched,banglasarc3_binary+ben_sarc_binary,banglasarc3_binary,7
d7aa541a5731f237,1,1,-0.6875,1.4296875,0.10743747660842011,0.8925625233915799,1.122869273980346,dann_matched,banglasarc3_binary+ben_sarc_binary,banglasarc3_binary,7
72d9d0c152014fd4,1,1,-0.5859375,1.2421875,0.13846179056896438,0.8615382094310357,1.122869273980346,dann_matched,banglasarc3_binary+ben_sarc_binary,banglasarc3_binary,7
8dc4677cf180080c,0,0,0.90234375,-0.55078125,0.8104789086703224,0.18952109132967757,1.122869273980346,dann_matched,banglasarc3_binary+ben_sarc_binary,banglasarc3_binary,7
326478b91e0a83b6,0,0,0.54296875,-0.026000977,0.6385254109592152,0.36147458904078483,1.122869273980346,dann_matched,banglasarc3_binary+ben_sarc_binary,banglasarc3_binary,7
38972718ea06dcda,0,0,1.2578125,-1.09375,0.9130583432721083,0.08694165672789168,1.122869273980346,dann_matched,banglasarc3_binary+ben_sarc_binary,banglasarc3_binary,7
7bb95f4327f97619,0,1,-0.27734375,0.76953125,0.2598256379609837,0.7401743620390163,1.122869273980346,dann_matched,banglasarc3_binary+ben_sarc_binary,banglasarc3_binary,7
b5430ac62bc817b3,0,1,-0.5859375,1.140625,0.15102780199255098,0.8489721980074492,1.122869273980346,dann_matched,banglasarc3_binary+ben_sarc_binary,banglasarc3_binary,7
7745aafd0a592886,0,0,0.58203125,0.020751953,0.6367484931905677,0.3632515068094324,1.122869273980346,dann_matched,banglasarc3_binary+ben_sarc_binary,banglasarc3_binary,7
6327f9fa75cf0eb5,0,0,0.98828125,-1.046875,0.8844391260585168,0.11556087394148318,1.122869273980346,dann_matched,banglasarc3_binary+ben_sarc_binary,banglasarc3_binary,7
50c0d6b40de5c934,1,1,-0.41210938,0.92578125,0.2078571585285878,0.7921428414714122,1.122869273980346,dann_matched,banglasarc3_binary+ben_sarc_binary,banglasarc3_binary,7
fa23fb1cf1fa6ce1,0,1,-0.81640625,1.4140625,0.09704755697933022,0.9029524430206697,1.122869273980346,dann_matched,banglasarc3_binary+ben_sarc_binary,banglasarc3_binary,7
5793d347d7491ffa,0,1,-0.63671875,1.1171875,0.1475551828016634,0.8524448171983366,1.122869273980346,dann_matched,banglasarc3_binary+ben_sarc_binary,banglasarc3_binary,7
7a193a03efce7c95,0,0,1.0234375,-0.6953125,0.8479677583778257,0.15203224162217424,1.122869273980346,dann_matched,banglasarc3_binary+ben_sarc_binary,banglasarc3_binary,7
04f3d847a89bddc0,0,0,1.5234375,-1.2109375,0.9390248191350352,0.06097518086496481,1.122869273980346,dann_matched,banglasarc3_binary+ben_sarc_binary,banglasarc3_binary,7
79fe03d925dd23f2,1,1,-0.87890625,1.4609375,0.08787643811186902,0.9121235618881309,1.122869273980346,dann_matched,banglasarc3_binary+ben_sarc_binary,banglasarc3_binary,7
56a90627c13f7482,0,1,-0.67578125,1.328125,0.11879340050844577,0.8812065994915543,1.122869273980346,dann_matched,banglasarc3_binary+ben_sarc_binary,banglasarc3_binary,7
34eae78ac0856b44,0,0,1.4140625,-1.03125,0.9202179865359069,0.079782013464093,1.122869273980346,dann_matched,banglasarc3_binary+ben_sarc_binary,banglasarc3_binary,7
e7de35f2d96d04ae,1,1,-0.69921875,1.4921875,0.10052486952464412,0.8994751304753559,1.122869273980346,dann_matched,banglasarc3_binary+ben_sarc_binary,banglasarc3_binary,7
7edb0fbf4e12f482,1,1,-0.390625,0.99609375,0.1999321064241851,0.800067893575815,1.122869273980346,dann_matched,banglasarc3_binary+ben_sarc_binary,banglasarc3_binary,7
05b114079ca39ab2,0,0,1.6640625,-1.5546875,0.9615338079816756,0.03846619201832428,1.122869273980346,dann_matched,banglasarc3_binary+ben_sarc_binary,banglasarc3_binary,7
012cf4a871450976,0,0,0.96875,-0.59375,0.8267117940706734,0.17328820592932656,1.122869273980346,dann_matched,banglasarc3_binary+ben_sarc_binary,banglasarc3_binary,7
974f03c115fc2171,1,0,0.2578125,0.071777344,0.5463751161421467,0.4536248838578532,1.122869273980346,dann_matched,banglasarc3_binary+ben_sarc_binary,banglasarc3_binary,7
7d320f16846e7bf9,1,0,1.15625,-1.1015625,0.9053222982086733,0.0946777017913266,1.122869273980346,dann_matched,banglasarc3_binary+ben_sarc_binary,banglasarc3_binary,7
8fd01412b63f6b5f,1,0,0.59765625,-0.546875,0.758510610284809,0.24148938971519088,1.122869273980346,dann_matched,banglasarc3_binary+ben_sarc_binary,banglasarc3_binary,7
88e6fff6830ee411,0,1,-0.51953125,1.265625,0.14366760868432768,0.8563323913156724,1.122869273980346,dann_matched,banglasarc3_binary+ben_sarc_binary,banglasarc3_binary,7
018878abd62bc2c6,0,0,1.8359375,-1.796875,0.9742394408803315,0.025760559119668493,1.122869273980346,dann_matched,banglasarc3_binary+ben_sarc_binary,banglasarc3_binary,7
f09b809925c88fc0,1,1,-0.33007812,0.9296875,0.22101424120975285,0.7789857587902472,1.122869273980346,dann_matched,banglasarc3_binary+ben_sarc_binary,banglasarc3_binary,7
bc8f433d14df5bbe,1,1,-0.69140625,1.359375,0.1139734641137174,0.8860265358862826,1.122869273980346,dann_matched,banglasarc3_binary+ben_sarc_binary,banglasarc3_binary,7
c952b7bed5795739,0,1,-0.38085938,0.91796875,0.21436230766344294,0.785637692336557,1.122869273980346,dann_matched,banglasarc3_binary+ben_sarc_binary,banglasarc3_binary,7
90c33f63e3080a0d,0,0,0.3046875,0.15332031,0.5377697093531815,0.4622302906468186,1.122869273980346,dann_matched,banglasarc3_binary+ben_sarc_binary,banglasarc3_binary,7
1ef4973752ea4564,1,1,-0.78125,1.4375,0.09807932347046003,0.90192067652954,1.122869273980346,dann_matched,banglasarc3_binary+ben_sarc_binary,banglasarc3_binary,7
3f4477d5080cdfe1,0,0,1.03125,-0.6328125,0.8407825918539462,0.15921740814605373,1.122869273980346,dann_matched,banglasarc3_binary+ben_sarc_binary,banglasarc3_binary,7
7a9c24d799805b22,0,0,0.96875,-0.59375,0.8267117940706734,0.17328820592932656,1.122869273980346,dann_matched,banglasarc3_binary+ben_sarc_binary,banglasarc3_binary,7
a53750d111a874b9,0,0,1.5625,-1.3203125,0.9469902279841446,0.05300977201585542,1.122869273980346,dann_matched,banglasarc3_binary+ben_sarc_binary,banglasarc3_binary,7
08221e16563f5ed2,1,1,0.028076172,0.40625,0.40656742291307774,0.5934325770869223,1.122869273980346,dann_matched,banglasarc3_binary+ben_sarc_binary,banglasarc3_binary,7
a911bbedbe9083b7,1,1,-0.71484375,1.3828125,0.10932483007763893,0.8906751699223611,1.122869273980346,dann_matched,banglasarc3_binary+ben_sarc_binary,banglasarc3_binary,7
79af8e8606e24621,0,0,1.1796875,-1.0546875,0.9032942067038784,0.09670579329612154,1.122869273980346,dann_matched,banglasarc3_binary+ben_sarc_binary,banglasarc3_binary,7
725ab0037339d5f4,1,1,-0.31640625,0.90234375,0.22815650216092537,0.7718434978390747,1.122869273980346,dann_matched,banglasarc3_binary+ben_sarc_binary,banglasarc3_binary,7
888be69f29549db6,1,1,-0.17480469,0.72265625,0.28957255483991107,0.7104274451600889,1.122869273980346,dann_matched,banglasarc3_binary+ben_sarc_binary,banglasarc3_binary,7
74ead3cc3b9dcc3e,0,1,-0.48632812,0.984375,0.18683576595593096,0.8131642340440691,1.122869273980346,dann_matched,banglasarc3_binary+ben_sarc_binary,banglasarc3_binary,7
70a0b9c4daba4b62,1,1,0.1171875,0.41601562,0.42584398273302004,0.57415601726698,1.122869273980346,dann_matched,banglasarc3_binary+ben_sarc_binary,banglasarc3_binary,7
772cd1347ab32158,0,0,0.53125,-0.10986328,0.6550050759787809,0.34499492402121906,1.122869273980346,dann_matched,banglasarc3_binary+ben_sarc_binary,banglasarc3_binary,7
825abf4f5714d44e,0,0,1.109375,-0.97265625,0.8891444050747391,0.11085559492526088,1.122869273980346,dann_matched,banglasarc3_binary+ben_sarc_binary,banglasarc3_binary,7
f6d2b8f0fd5630a5,1,1,-0.45703125,1.0390625,0.18300885002394832,0.8169911499760516,1.122869273980346,dann_matched,banglasarc3_binary+ben_sarc_binary,banglasarc3_binary,7
070eb74aab3e9b16,0,0,1.59375,-1.328125,0.9489172630429474,0.05108273695705249,1.122869273980346,dann_matched,banglasarc3_binary+ben_sarc_binary,banglasarc3_binary,7
ccdd5f5935aa5c08,0,1,-0.6171875,1.28125,0.13028542074923347,0.8697145792507666,1.122869273980346,dann_matched,banglasarc3_binary+ben_sarc_binary,banglasarc3_binary,7
ff8b8a0023de988a,1,1,0.041748047,0.43554688,0.4028031456313772,0.5971968543686228,1.122869273980346,dann_matched,banglasarc3_binary+ben_sarc_binary,banglasarc3_binary,7
955c6c4b3c56526f,0,1,-0.43359375,1.0078125,0.19132767714793028,0.8086723228520697,1.122869273980346,dann_matched,banglasarc3_binary+ben_sarc_binary,banglasarc3_binary,7
3c7f74408087c581,0,0,1.46875,-1.0703125,0.9268352785943768,0.07316472140562331,1.122869273980346,dann_matched,banglasarc3_binary+ben_sarc_binary,banglasarc3_binary,7
3fd3335f6927bc03,1,0,0.2734375,0.140625,0.5331544046668082,0.46684559533319187,1.122869273980346,dann_matched,banglasarc3_binary+ben_sarc_binary,banglasarc3_binary,7
6b4cf7b079c5b900,0,1,-0.6328125,1.1640625,0.1422318950098963,0.8577681049901036,1.122869273980346,dann_matched,banglasarc3_binary+ben_sarc_binary,banglasarc3_binary,7
a396d6fc294ae956,0,0,1.78125,-1.671875,0.9693241982893259,0.030675801710674105,1.122869273980346,dann_matched,banglasarc3_binary+ben_sarc_binary,banglasarc3_binary,7
acd192278c3d2499,0,0,1.203125,-1.078125,0.9073122213606241,0.09268777863937604,1.122869273980346,dann_matched,banglasarc3_binary+ben_sarc_binary,banglasarc3_binary,7
13e6f0fb32b886df,1,1,-0.3125,0.94140625,0.2220246807679208,0.7779753192320792,1.122869273980346,dann_matched,banglasarc3_binary+ben_sarc_binary,banglasarc3_binary,7
5139d41ec223ee1d,1,0,1.3125,-0.9296875,0.9039745112122062,0.09602548878779378,1.122869273980346,dann_matched,banglasarc3_binary+ben_sarc_binary,banglasarc3_binary,7
db25536a5ca06207,1,1,-0.42382812,1.0078125,0.19284318455981606,0.8071568154401839,1.122869273980346,dann_matched,banglasarc3_binary+ben_sarc_binary,banglasarc3_binary,7
9cf7c23f5c83e3c1,1,1,-0.60546875,1.2890625,0.13072868194347032,0.8692713180565296,1.122869273980346,dann_matched,banglasarc3_binary+ben_sarc_binary,banglasarc3_binary,7
dece6cbb7ae48b4c,0,1,-0.87109375,1.6015625,0.07779744860800895,0.922202551391991,1.122869273980346,dann_matched,banglasarc3_binary+ben_sarc_binary,banglasarc3_binary,7
cc32b357f5c62cf0,1,0,0.7734375,-0.3046875,0.746138993030751,0.25386100696924885,1.122869273980346,dann_matched,banglasarc3_binary+ben_sarc_binary,banglasarc3_binary,7
a82a7beb318bc95f,0,0,0.59375,-0.43164062,0.7360212969973179,0.263978703002682,1.122869273980346,dann_matched,banglasarc3_binary+ben_sarc_binary,banglasarc3_binary,7
4269510b20e3a78d,0,0,0.33203125,0.25390625,0.5195213219520929,0.480478678047907,1.122869273980346,dann_matched,banglasarc3_binary+ben_sarc_binary,banglasarc3_binary,7
af7a5887ba75ec02,1,0,0.44921875,0.025512695,0.6043697352064565,0.3956302647935436,1.122869273980346,dann_matched,banglasarc3_binary+ben_sarc_binary,banglasarc3_binary,7
ff7092e064f5e7f0,0,0,0.66015625,-0.18847656,0.700280265073975,0.2997197349260249,1.122869273980346,dann_matched,banglasarc3_binary+ben_sarc_binary,banglasarc3_binary,7
bd75e40f2d1c3973,1,1,-0.62890625,1.109375,0.1495313793312345,0.8504686206687655,1.122869273980346,dann_matched,banglasarc3_binary+ben_sarc_binary,banglasarc3_binary,7
55361b7e5b2475c1,1,1,-0.5625,1.1328125,0.15507847160659358,0.8449215283934065,1.122869273980346,dann_matched,banglasarc3_binary+ben_sarc_binary,banglasarc3_binary,7
f478ea328fe5ce48,1,1,-0.29492188,0.94140625,0.2250757753652807,0.7749242246347193,1.122869273980346,dann_matched,banglasarc3_binary+ben_sarc_binary,banglasarc3_binary,7
5a05491d31008062,0,0,0.50390625,-0.064453125,0.6383845233738494,0.3616154766261506,1.122869273980346,dann_matched,banglasarc3_binary+ben_sarc_binary,banglasarc3_binary,7
ae0fcdf8d0676f03,0,0,1.2890625,-1.046875,0.9118099551992372,0.08819004480076281,1.122869273980346,dann_matched,banglasarc3_binary+ben_sarc_binary,banglasarc3_binary,7
1473977d7b8985e5,0,0,1.140625,-1.1328125,0.9066531214804244,0.09334687851957546,1.122869273980346,dann_matched,banglasarc3_binary+ben_sarc_binary,banglasarc3_binary,7
880392a54d0ebe3e,0,0,0.89453125,-0.75,0.8381505627344117,0.16184943726558834,1.122869273980346,dann_matched,banglasarc3_binary+ben_sarc_binary,banglasarc3_binary,7
a8d6ffd7233218d9,0,1,-0.73828125,1.2421875,0.1212688777402316,0.8787311222597683,1.122869273980346,dann_matched,banglasarc3_binary+ben_sarc_binary,banglasarc3_binary,7
532a79af0df6317b,1,1,-0.9609375,1.6015625,0.07159119944455247,0.9284088005554476,1.122869273980346,dann_matched,banglasarc3_binary+ben_sarc_binary,banglasarc3_binary,7
e67ce7d008308e4f,1,0,1.0390625,-0.86328125,0.870156561979502,0.12984343802049797,1.122869273980346,dann_matched,banglasarc3_binary+ben_sarc_binary,banglasarc3_binary,7
d7578006b9f26c23,1,1,0.076171875,0.33203125,0.4363818365677061,0.5636181634322939,1.122869273980346,dann_matched,banglasarc3_binary+ben_sarc_binary,banglasarc3_binary,7
714a136f278f7f6d,1,1,0.107421875,0.36914062,0.4349412484136216,0.5650587515863784,1.122869273980346,dann_matched,banglasarc3_binary+ben_sarc_binary,banglasarc3_binary,7
cb7574a7cdfb2600,0,1,-0.7578125,1.4296875,0.10087862273005653,0.8991213772699436,1.122869273980346,dann_matched,banglasarc3_binary+ben_sarc_binary,banglasarc3_binary,7
539200a378d20681,0,1,-0.25195312,0.875,0.24472382910998208,0.755276170890018,1.122869273980346,dann_matched,banglasarc3_binary+ben_sarc_binary,banglasarc3_binary,7
9d4e9c774780337b,1,0,1.171875,-0.75390625,0.8727817323315137,0.12721826766848623,1.122869273980346,dann_matched,banglasarc3_binary+ben_sarc_binary,banglasarc3_binary,7
d19183e0c68495fe,0,1,-0.15820312,0.6484375,0.30860681976624793,0.6913931802337522,1.122869273980346,dann_matched,banglasarc3_binary+ben_sarc_binary,banglasarc3_binary,7
e727d555b9906254,0,0,1.4140625,-0.9296875,0.9124361604769414,0.08756383952305867,1.122869273980346,dann_matched,banglasarc3_binary+ben_sarc_binary,banglasarc3_binary,7
560326443dd5a61f,1,1,-0.13769531,0.53125,0.33873304318448744,0.6612669568155125,1.122869273980346,dann_matched,banglasarc3_binary+ben_sarc_binary,banglasarc3_binary,7
3a356b90dc52db7a,0,1,-0.765625,1.40625,0.10230470789265303,0.8976952921073469,1.122869273980346,dann_matched,banglasarc3_binary+ben_sarc_binary,banglasarc3_binary,7
10315d34cdace8c1,0,1,-0.3515625,1.0703125,0.19436781101874467,0.8056321889812553,1.122869273980346,dann_matched,banglasarc3_binary+ben_sarc_binary,banglasarc3_binary,7
5b040037fd3ecdae,1,1,-0.43554688,0.8984375,0.20850106658992473,0.7914989334100753,1.122869273980346,dann_matched,banglasarc3_binary+ben_sarc_binary,banglasarc3_binary,7
586f5d207285bf27,0,0,0.32421875,0.16601562,0.5394684966874882,0.4605315033125118,1.122869273980346,dann_matched,banglasarc3_binary+ben_sarc_binary,banglasarc3_binary,7
11319ec3cf94ef20,0,0,1.6875,-1.5703125,0.9629528313309248,0.037047168669075196,1.122869273980346,dann_matched,banglasarc3_binary+ben_sarc_binary,banglasarc3_binary,7
69fbdf73ddc7be78,1,1,-0.77734375,1.4140625,0.10052486952464412,0.8994751304753559,1.122869273980346,dann_matched,banglasarc3_binary+ben_sarc_binary,banglasarc3_binary,7
757ab3d1fca46e3c,1,1,-0.44921875,1.1953125,0.16184943726558834,0.8381505627344117,1.122869273980346,dann_matched,banglasarc3_binary+ben_sarc_binary,banglasarc3_binary,7
a39c5cc8dcf7f753,0,0,1.2421875,-1.0390625,0.9073122213606241,0.09268777863937604,1.122869273980346,dann_matched,banglasarc3_binary+ben_sarc_binary,banglasarc3_binary,7
ba0d8b695ca6ef05,0,1,-0.56640625,1.1953125,0.14657520915950842,0.8534247908404916,1.122869273980346,dann_matched,banglasarc3_binary+ben_sarc_binary,banglasarc3_binary,7
7e976976fd12e611,0,0,0.34765625,0.12792969,0.5547116952425464,0.44528830475745357,1.122869273980346,dann_matched,banglasarc3_binary+ben_sarc_binary,banglasarc3_binary,7
177bf85b5ddcbb0b,1,1,-0.390625,0.81640625,0.23022675852832591,0.769773241471674,1.122869273980346,dann_matched,banglasarc3_binary+ben_sarc_binary,banglasarc3_binary,7
6d78d071878ac3d1,1,1,-0.48632812,1.0703125,0.174129224074888,0.825870775925112,1.122869273980346,dann_matched,banglasarc3_binary+ben_sarc_binary,banglasarc3_binary,7
c85c38b6528754b8,1,1,-0.13867188,0.3203125,0.3872267859778932,0.6127732140221069,1.122869273980346,dann_matched,banglasarc3_binary+ben_sarc_binary,banglasarc3_binary,7
90dbb76ac473a400,1,0,0.6640625,-0.099121094,0.6820445270314575,0.31795547296854265,1.122869273980346,dann_matched,banglasarc3_binary+ben_sarc_binary,banglasarc3_binary,7
63c48593140100b8,0,0,1.5625,-1.296875,0.9458012701768145,0.05419872982318558,1.122869273980346,dann_matched,banglasarc3_binary+ben_sarc_binary,banglasarc3_binary,7
aff3807e81a949e8,0,0,1.6640625,-1.4921875,0.9591542840900507,0.040845715909949315,1.122869273980346,dann_matched,banglasarc3_binary+ben_sarc_binary,banglasarc3_binary,7
2a1a90955017061c,1,1,-0.33789062,1.046875,0.20024470996061125,0.7997552900393888,1.122869273980346,dann_matched,banglasarc3_binary+ben_sarc_binary,banglasarc3_binary,7
8ba3ce83e1b38636,0,0,1.6796875,-1.3671875,0.9546474194456936,0.04535258055430642,1.122869273980346,dann_matched,banglasarc3_binary+ben_sarc_binary,banglasarc3_binary,7
b6a150e585a90815,1,0,0.82421875,-0.34765625,0.7634837635542924,0.23651623644570763,1.122869273980346,dann_matched,banglasarc3_binary+ben_sarc_binary,banglasarc3_binary,7
e7f847b226aac07c,0,0,0.75390625,-0.640625,0.8013146462095748,0.1986853537904252,1.122869273980346,dann_matched,banglasarc3_binary+ben_sarc_binary,banglasarc3_binary,7
dddd46a1f7d0d0f0,1,1,-0.55859375,1.046875,0.16721866883101164,0.8327813311689884,1.122869273980346,dann_matched,banglasarc3_binary+ben_sarc_binary,banglasarc3_binary,7
1bffdb75712cd569,0,1,0.008544922,0.33007812,0.42030214001216415,0.5796978599878359,1.122869273980346,dann_matched,banglasarc3_binary+ben_sarc_binary,banglasarc3_binary,7
2ab62d60d1d4472e,1,1,0.23730469,0.28320312,0.48852740463204325,0.5114725953679568,1.122869273980346,dann_matched,banglasarc3_binary+ben_sarc_binary,banglasarc3_binary,7
8fc93f04e6590154,1,1,-0.40820312,0.92578125,0.20850106658992473,0.7914989334100753,1.122869273980346,dann_matched,banglasarc3_binary+ben_sarc_binary,banglasarc3_binary,7
86de20b950da2d3c,0,1,-0.82421875,1.625,0.07949569926013914,0.9205043007398609,1.122869273980346,dann_matched,banglasarc3_binary+ben_sarc_binary,banglasarc3_binary,7
5621eac1c37b8431,0,0,1.0703125,-0.6875,0.8529354795409523,0.14706452045904778,1.122869273980346,dann_matched,banglasarc3_binary+ben_sarc_binary,banglasarc3_binary,7
837aaea86232ce70,1,1,-0.44140625,0.9375,0.20118471823927994,0.79881528176072,1.122869273980346,dann_matched,banglasarc3_binary+ben_sarc_binary,banglasarc3_binary,7
f99f7e89824b6612,0,0,1.7578125,-1.78125,0.9717790128704671,0.02822098712953305,1.122869273980346,dann_matched,banglasarc3_binary+ben_sarc_binary,banglasarc3_binary,7
f398263b812de4fc,0,0,1.3359375,-0.84375,0.8984105540811842,0.10158944591881586,1.122869273980346,dann_matched,banglasarc3_binary+ben_sarc_binary,banglasarc3_binary,7
f933964e1386abbc,1,0,0.91796875,-0.42578125,0.7931059511841119,0.2068940488158881,1.122869273980346,dann_matched,banglasarc3_binary+ben_sarc_binary,banglasarc3_binary,7
29429b72289fcd40,0,1,-0.53125,1.296875,0.13846179056896438,0.8615382094310357,1.122869273980346,dann_matched,banglasarc3_binary+ben_sarc_binary,banglasarc3_binary,7
065cb8d51b12f79a,0,0,0.4765625,-0.18066406,0.6586370992817655,0.3413629007182345,1.122869273980346,dann_matched,banglasarc3_binary+ben_sarc_binary,banglasarc3_binary,7
238ed849caf48da2,0,0,0.7421875,-0.26757812,0.73297427916906,0.2670257208309401,1.122869273980346,dann_matched,banglasarc3_binary+ben_sarc_binary,banglasarc3_binary,7
e6879d34059ffd78,1,0,0.20898438,0.12695312,0.5204963202620584,0.4795036797379416,1.122869273980346,dann_matched,banglasarc3_binary+ben_sarc_binary,banglasarc3_binary,7
e1920815e63fd77c,1,1,-0.640625,1.4140625,0.11357959169117389,0.8864204083088262,1.122869273980346,dann_matched,banglasarc3_binary+ben_sarc_binary,banglasarc3_binary,7
9d6102939ae27963,1,1,-0.10253906,0.5,0.3537630113546831,0.6462369886453169,1.122869273980346,dann_matched,banglasarc3_binary+ben_sarc_binary,banglasarc3_binary,7
7cf8d62bc548f981,1,1,-0.50390625,1.171875,0.1576549093940152,0.8423450906059847,1.122869273980346,dann_matched,banglasarc3_binary+ben_sarc_binary,banglasarc3_binary,7
3dedb7824bbf60be,0,1,-0.8359375,1.515625,0.08694165672789168,0.9130583432721083,1.122869273980346,dann_matched,banglasarc3_binary+ben_sarc_binary,banglasarc3_binary,7
7168d49fd7747b74,0,0,1.6796875,-1.3671875,0.9546474194456936,0.04535258055430642,1.122869273980346,dann_matched,banglasarc3_binary+ben_sarc_binary,banglasarc3_binary,7
85cf586fc25418e3,0,1,-0.33203125,0.83984375,0.23651623644570763,0.7634837635542924,1.122869273980346,dann_matched,banglasarc3_binary+ben_sarc_binary,banglasarc3_binary,7
b4853c23f7a9f71d,0,0,0.3671875,0.23144531,0.5338835348432651,0.4661164651567348,1.122869273980346,dann_matched,banglasarc3_binary+ben_sarc_binary,banglasarc3_binary,7
b577521aba23e9a6,1,0,0.88671875,-0.765625,0.8392075633860248,0.16079243661397521,1.122869273980346,dann_matched,banglasarc3_binary+ben_sarc_binary,banglasarc3_binary,7
43913a364404a6b7,1,1,-0.03466797,0.39648438,0.3938511961188558,0.6061488038811442,1.122869273980346,dann_matched,banglasarc3_binary+ben_sarc_binary,banglasarc3_binary,7
98595080b20ded8e,0,1,-0.6640625,1.3046875,0.12252321251815919,0.8774767874818407,1.122869273980346,dann_matched,banglasarc3_binary+ben_sarc_binary,banglasarc3_binary,7
e8908d5a70ac67f7,0,0,1.4609375,-1.046875,0.9246876936763765,0.07531230632362355,1.122869273980346,dann_matched,banglasarc3_binary+ben_sarc_binary,banglasarc3_binary,7
a92f9901130b2155,0,0,0.4375,-0.07714844,0.6258955429415617,0.3741044570584383,1.122869273980346,dann_matched,banglasarc3_binary+ben_sarc_binary,banglasarc3_binary,7
7d6de967d264bd85,0,1,0.1640625,0.45507812,0.4277552434539343,0.5722447565460658,1.122869273980346,dann_matched,banglasarc3_binary+ben_sarc_binary,banglasarc3_binary,7
9837a43eab10dddf,1,1,-0.97265625,1.625,0.06928941251462155,0.9307105874853785,1.122869273980346,dann_matched,banglasarc3_binary+ben_sarc_binary,banglasarc3_binary,7
65319c5414a8306a,0,1,-0.079589844,0.61328125,0.3333946887806142,0.6666053112193858,1.122869273980346,dann_matched,banglasarc3_binary+ben_sarc_binary,banglasarc3_binary,7
fade48daf673b1f8,0,0,1.6875,-1.515625,0.9609517072737735,0.03904829272622638,1.122869273980346,dann_matched,banglasarc3_binary+ben_sarc_binary,banglasarc3_binary,7
866873fff24113c0,1,1,-0.609375,1.0859375,0.15507847160659358,0.8449215283934065,1.122869273980346,dann_matched,banglasarc3_binary+ben_sarc_binary,banglasarc3_binary,7
e3cc36cc8d198224,0,1,-0.55859375,1.265625,0.1389284260290056,0.8610715739709943,1.122869273980346,dann_matched,banglasarc3_binary+ben_sarc_binary,banglasarc3_binary,7
89c21dd6d937eaff,1,1,-0.21386719,0.7578125,0.27454583149023526,0.7254541685097647,1.122869273980346,dann_matched,banglasarc3_binary+ben_sarc_binary,banglasarc3_binary,7
4b6f29550988601b,0,0,1.8203125,-1.953125,0.9775429470705839,0.02245705292941607,1.122869273980346,dann_matched,banglasarc3_binary+ben_sarc_binary,banglasarc3_binary,7
d975dd69c2f72afd,1,1,-0.5390625,1.0625,0.16776334721819924,0.8322366527818007,1.122869273980346,dann_matched,banglasarc3_binary+ben_sarc_binary,banglasarc3_binary,7
877fb7d4cf62f178,1,1,-0.71484375,1.046875,0.14657520915950842,0.8534247908404916,1.122869273980346,dann_matched,banglasarc3_binary+ben_sarc_binary,banglasarc3_binary,7
8e7741f5f6607b4c,1,1,-0.65234375,1.328125,0.1212688777402316,0.8787311222597683,1.122869273980346,dann_matched,banglasarc3_binary+ben_sarc_binary,banglasarc3_binary,7
0892c4bec7f40ca2,1,1,-0.88671875,1.5625,0.07949569926013914,0.9205043007398609,1.122869273980346,dann_matched,banglasarc3_binary+ben_sarc_binary,banglasarc3_binary,7
a2b22017bfba6565,1,1,-0.36914062,1.0,0.20275872687493177,0.7972412731250682,1.122869273980346,dann_matched,banglasarc3_binary+ben_sarc_binary,banglasarc3_binary,7
f5daae7220a90010,0,0,1.3671875,-1.109375,0.9224823435231172,0.07751765647688268,1.122869273980346,dann_matched,banglasarc3_binary+ben_sarc_binary,banglasarc3_binary,7
0f083853e0116694,1,1,-0.53515625,1.078125,0.1661335534168026,0.8338664465831974,1.122869273980346,dann_matched,banglasarc3_binary+ben_sarc_binary,banglasarc3_binary,7
40768fb2acdaf890,0,0,0.38671875,-0.032714844,0.6033477058827573,0.3966522941172427,1.122869273980346,dann_matched,banglasarc3_binary+ben_sarc_binary,banglasarc3_binary,7
d61c45eabc68eb9b,0,0,0.31640625,0.19238281,0.5309661765522302,0.4690338234477697,1.122869273980346,dann_matched,banglasarc3_binary+ben_sarc_binary,banglasarc3_binary,7
f8966d9f2ebf8a15,1,1,-0.6875,1.1484375,0.13753246610186087,0.8624675338981391,1.122869273980346,dann_matched,banglasarc3_binary+ben_sarc_binary,banglasarc3_binary,7
3a91532d913e2c4b,0,0,1.75,-1.765625,0.9711290930537122,0.028870906946287907,1.122869273980346,dann_matched,banglasarc3_binary+ben_sarc_binary,banglasarc3_binary,7
701ed1e21508a181,0,0,0.8515625,-0.41601562,0.7803278809749313,0.21967211902506867,1.122869273980346,dann_matched,banglasarc3_binary+ben_sarc_binary,banglasarc3_binary,7
b4b9460c57fb2ff8,1,1,-0.23339844,0.68359375,0.2855711530253478,0.7144288469746523,1.122869273980346,dann_matched,banglasarc3_binary+ben_sarc_binary,banglasarc3_binary,7
f6ef35c40454d8a9,1,1,-0.7421875,1.4921875,0.09670579329612154,0.9032942067038784,1.122869273980346,dann_matched,banglasarc3_binary+ben_sarc_binary,banglasarc3_binary,7
c749254818a2beb4,1,1,-0.4375,0.90625,0.2068940488158881,0.7931059511841119,1.122869273980346,dann_matched,banglasarc3_binary+ben_sarc_binary,banglasarc3_binary,7
a8d95df3867755d7,1,0,0.7265625,-0.32617188,0.7412996284427215,0.25870037155727854,1.122869273980346,dann_matched,banglasarc3_binary+ben_sarc_binary,banglasarc3_binary,7
fb125052de8613ad,1,1,-0.63671875,1.2265625,0.13432105377342907,0.865678946226571,1.122869273980346,dann_matched,banglasarc3_binary+ben_sarc_binary,banglasarc3_binary,7
09a2cced4bee49f7,1,1,-0.3828125,0.96484375,0.20625381039683044,0.7937461896031696,1.122869273980346,dann_matched,banglasarc3_binary+ben_sarc_binary,banglasarc3_binary,7
8a83d3da7699811c,0,0,1.3671875,-0.94140625,0.9095862731761619,0.09041372682383805,1.122869273980346,dann_matched,banglasarc3_binary+ben_sarc_binary,banglasarc3_binary,7
3964424aa0d49a56,0,0,0.74609375,-0.36914062,0.7531036723496825,0.2468963276503175,1.122869273980346,dann_matched,banglasarc3_binary+ben_sarc_binary,banglasarc3_binary,7
0fa27d4578133779,1,1,-0.23925781,0.890625,0.24418272809159838,0.7558172719084016,1.122869273980346,dann_matched,banglasarc3_binary+ben_sarc_binary,banglasarc3_binary,7
2a782f9195e8bf56,0,1,-0.66796875,1.34375,0.11797800859538259,0.8820219914046175,1.122869273980346,dann_matched,banglasarc3_binary+ben_sarc_binary,banglasarc3_binary,7
ce572474de1b6dd4,1,0,0.33203125,-0.29296875,0.6513548646660542,0.34864513533394575,1.122869273980346,dann_matched,banglasarc3_binary+ben_sarc_binary,banglasarc3_binary,7
2b921d548ea4c4df,1,1,-0.9375,1.4765625,0.08210662704685086,0.9178933729531492,1.122869273980346,dann_matched,banglasarc3_binary+ben_sarc_binary,banglasarc3_binary,7
8a3dac5169c757dc,1,1,-0.47070312,1.1875,0.16000335352396436,0.8399966464760357,1.122869273980346,dann_matched,banglasarc3_binary+ben_sarc_binary,banglasarc3_binary,7
1dc83e50f7da3618,0,0,1.2734375,-1.0390625,0.9099070060380482,0.09009299396195182,1.122869273980346,dann_matched,banglasarc3_binary+ben_sarc_binary,banglasarc3_binary,7
43e4c5caf8ccf8d9,1,1,0.21972656,0.24707031,0.49316448839301424,0.5068355116069857,1.122869273980346,dann_matched,banglasarc3_binary+ben_sarc_binary,banglasarc3_binary,7
c768491a2e849a34,1,1,-0.02758789,0.47265625,0.3774832965605311,0.622516703439469,1.122869273980346,dann_matched,banglasarc3_binary+ben_sarc_binary,banglasarc3_binary,7
d9b9d06a13c83be0,0,0,1.0390625,-0.734375,0.8548846370796298,0.14511536292037017,1.122869273980346,dann_matched,banglasarc3_binary+ben_sarc_binary,banglasarc3_binary,7
6bac0560c62a5092,1,1,-0.375,0.93359375,0.21272225577472892,0.7872777442252712,1.122869273980346,dann_matched,banglasarc3_binary+ben_sarc_binary,banglasarc3_binary,7
77eefbc8cad52155,0,0,0.921875,-0.5,0.8056321889812553,0.19436781101874467,1.122869273980346,dann_matched,banglasarc3_binary+ben_sarc_binary,banglasarc3_binary,7
61341c4de44d2405,1,1,-0.43359375,0.9921875,0.19375686554382185,0.8062431344561782,1.122869273980346,dann_matched,banglasarc3_binary+ben_sarc_binary,banglasarc3_binary,7
cd6e8a914163a6ff,0,0,0.296875,0.010009766,0.5712285177894627,0.42877148221053735,1.122869273980346,dann_matched,banglasarc3_binary+ben_sarc_binary,banglasarc3_binary,7
81087120efb6f7bd,0,0,0.8671875,-0.78125,0.8386797622482537,0.16132023775174625,1.122869273980346,dann_matched,banglasarc3_binary+ben_sarc_binary,banglasarc3_binary,7
467d95865670a7c7,0,1,-0.5703125,1.1875,0.14706452045904778,0.8529354795409523,1.122869273980346,dann_matched,banglasarc3_binary+ben_sarc_binary,banglasarc3_binary,7
a061508d9f7523b5,1,0,1.6015625,-1.671875,0.9635062337709722,0.0364937662290278,1.122869273980346,dann_matched,banglasarc3_binary+ben_sarc_binary,banglasarc3_binary,7
cf0096f6a70cc1c1,1,1,-0.94921875,1.609375,0.07185126674951935,0.9281487332504805,1.122869273980346,dann_matched,banglasarc3_binary+ben_sarc_binary,banglasarc3_binary,7
2038f5084e716133,0,1,-0.18847656,0.62109375,0.30798206705738645,0.6920179329426135,1.122869273980346,dann_matched,banglasarc3_binary+ben_sarc_binary,banglasarc3_binary,7
40e021231f9b1641,0,0,1.6015625,-1.3203125,0.9489172630429474,0.05108273695705249,1.122869273980346,dann_matched,banglasarc3_binary+ben_sarc_binary,banglasarc3_binary,7
2416d3cb16cd9c24,1,1,-0.88671875,1.5234375,0.08240150306085739,0.9175984969391425,1.122869273980346,dann_matched,banglasarc3_binary+ben_sarc_binary,banglasarc3_binary,7
c8d7de7cf70fcf2b,0,1,-0.19335938,0.84375,0.26170812692029033,0.7382918730797098,1.122869273980346,dann_matched,banglasarc3_binary+ben_sarc_binary,banglasarc3_binary,7
f6314ebda0e9b467,1,1,-0.43945312,0.9921875,0.19284318455981606,0.8071568154401839,1.122869273980346,dann_matched,banglasarc3_binary+ben_sarc_binary,banglasarc3_binary,7
6062c09c444e211f,1,0,0.328125,0.083496094,0.5608540531924807,0.4391459468075193,1.122869273980346,dann_matched,banglasarc3_binary+ben_sarc_binary,banglasarc3_binary,7
4adaf7a44c6d430f,1,0,0.44921875,-0.14160156,0.6435533413299583,0.35644665867004166,1.122869273980346,dann_matched,banglasarc3_binary+ben_sarc_binary,banglasarc3_binary,7
a5bb573405980a25,1,1,-0.9140625,1.5859375,0.07585818002124356,0.9241418199787566,1.122869273980346,dann_matched,banglasarc3_binary+ben_sarc_binary,banglasarc3_binary,7
44fc54763842d3f4,1,1,-0.8125,1.4921875,0.09073548763985106,0.909264512360149,1.122869273980346,dann_matched,banglasarc3_binary+ben_sarc_binary,banglasarc3_binary,7
64ad5df98a085346,0,1,0.19042969,0.20410156,0.49658208448961205,0.5034179155103881,1.122869273980346,dann_matched,banglasarc3_binary+ben_sarc_binary,banglasarc3_binary,7
d3b2db834378679a,0,0,1.4375,-0.95703125,0.9164093322460585,0.08359066775394157,1.122869273980346,dann_matched,banglasarc3_binary+ben_sarc_binary,banglasarc3_binary,7
411964e4c9aadb31,0,0,0.21972656,0.16699219,0.5131805393956809,0.4868194606043191,1.122869273980346,dann_matched,banglasarc3_binary+ben_sarc_binary,banglasarc3_binary,7
9d3774289ff1c6b7,1,1,-0.6484375,1.2109375,0.1347759174229568,0.8652240825770433,1.122869273980346,dann_matched,banglasarc3_binary+ben_sarc_binary,banglasarc3_binary,7
7799f6cae337598c,0,1,0.16503906,0.55859375,0.4028618757287128,0.5971381242712871,1.122869273980346,dann_matched,banglasarc3_binary+ben_sarc_binary,banglasarc3_binary,7
211c6d38bfbe7b02,0,0,0.61328125,-0.4140625,0.7364006023908275,0.26359939760917256,1.122869273980346,dann_matched,banglasarc3_binary+ben_sarc_binary,banglasarc3_binary,7
3cff9f15c3baf42c,1,0,0.43164062,-0.064941406,0.6216557602953457,0.37834423970465436,1.122869273980346,dann_matched,banglasarc3_binary+ben_sarc_binary,banglasarc3_binary,7
9c18cf645a2b92f4,1,1,-0.2734375,0.59375,0.2958398615564072,0.7041601384435928,1.122869273980346,dann_matched,banglasarc3_binary+ben_sarc_binary,banglasarc3_binary,7
0b45893ebd275e93,0,0,1.6328125,-1.4765625,0.9572778024535095,0.042722197546490565,1.122869273980346,dann_matched,banglasarc3_binary+ben_sarc_binary,banglasarc3_binary,7
e5026d6cb3802c30,1,1,-0.875,1.5546875,0.08093670978361556,0.9190632902163844,1.122869273980346,dann_matched,banglasarc3_binary+ben_sarc_binary,banglasarc3_binary,7
6aaf9704fc1bdef0,0,1,-0.40429688,1.0390625,0.1910256690885144,0.8089743309114856,1.122869273980346,dann_matched,banglasarc3_binary+ben_sarc_binary,banglasarc3_binary,7
81a1f43037e1cac1,1,1,-0.828125,1.5234375,0.08694165672789168,0.9130583432721083,1.122869273980346,dann_matched,banglasarc3_binary+ben_sarc_binary,banglasarc3_binary,7
7fb0bd6317330d4d,1,0,1.0234375,-1.0234375,0.8856314738181876,0.1143685261818125,1.122869273980346,dann_matched,banglasarc3_binary+ben_sarc_binary,banglasarc3_binary,7
02520a874eae112e,1,1,-0.43164062,0.875,0.21304953207082516,0.7869504679291749,1.122869273980346,dann_matched,banglasarc3_binary+ben_sarc_binary,banglasarc3_binary,7
a5ce9ddbfc286430,0,1,-0.37890625,1.0625,0.19132767714793028,0.8086723228520697,1.122869273980346,dann_matched,banglasarc3_binary+ben_sarc_binary,banglasarc3_binary,7
f0dad52b23c7b1b2,0,0,0.98828125,-0.83203125,0.8606036203346761,0.13939637966532398,1.122869273980346,dann_matched,banglasarc3_binary+ben_sarc_binary,banglasarc3_binary,7
552cb5e4af89f7b4,1,0,0.98046875,-0.578125,0.8261514726455292,0.17384852735447087,1.122869273980346,dann_matched,banglasarc3_binary+ben_sarc_binary,banglasarc3_binary,7
5943a521e3945c92,0,0,0.40429688,-0.140625,0.6329566266709183,0.36704337332908166,1.122869273980346,dann_matched,banglasarc3_binary+ben_sarc_binary,banglasarc3_binary,7
ae9b18fb7ff57a4e,1,1,-0.55078125,1.125,0.1576549093940152,0.8423450906059847,1.122869273980346,dann_matched,banglasarc3_binary+ben_sarc_binary,banglasarc3_binary,7
ff80e0cbcd7c1782,0,0,1.2421875,-1.0078125,0.9046505351008906,0.0953494648991095,1.122869273980346,dann_matched,banglasarc3_binary+ben_sarc_binary,banglasarc3_binary,7
f1314c540d6527e9,0,0,1.7109375,-1.59375,0.9645892699236761,0.03541073007632382,1.122869273980346,dann_matched,banglasarc3_binary+ben_sarc_binary,banglasarc3_binary,7
fac42c7ed54d77d8,0,1,-0.5,1.09375,0.16885695214168314,0.8311430478583168,1.122869273980346,dann_matched,banglasarc3_binary+ben_sarc_binary,banglasarc3_binary,7
8658527a6a2a33bf,0,0,1.0546875,-0.80078125,0.8647679192064821,0.13523208079351787,1.122869273980346,dann_matched,banglasarc3_binary+ben_sarc_binary,banglasarc3_binary,7
67575dc5c930b3d1,0,1,0.055419922,0.47460938,0.3967107231428788,0.6032892768571211,1.122869273980346,dann_matched,banglasarc3_binary+ben_sarc_binary,banglasarc3_binary,7
ad380f5058befbd4,1,1,-0.12890625,0.578125,0.3302551569521561,0.6697448430478439,1.122869273980346,dann_matched,banglasarc3_binary+ben_sarc_binary,banglasarc3_binary,7
392a0ef4d44c3c73,1,1,-0.06933594,0.59765625,0.33917066715264604,0.660829332847354,1.122869273980346,dann_matched,banglasarc3_binary+ben_sarc_binary,banglasarc3_binary,7
d6bafb1cda6b4f80,1,1,-0.6953125,1.265625,0.12336562437275558,0.8766343756272444,1.122869273980346,dann_matched,banglasarc3_binary+ben_sarc_binary,banglasarc3_binary,7
809d83f7454be9cd,1,1,-0.4765625,1.078125,0.17441027833079015,0.8255897216692099,1.122869273980346,dann_matched,banglasarc3_binary+ben_sarc_binary,banglasarc3_binary,7
a7ecaf79eb5d5fb9,1,1,-0.4609375,1.0703125,0.17781086947804958,0.8221891305219503,1.122869273980346,dann_matched,banglasarc3_binary+ben_sarc_binary,banglasarc3_binary,7
16902334d4aac003,0,0,0.41210938,0.22949219,0.5455278413383466,0.4544721586616533,1.122869273980346,dann_matched,banglasarc3_binary+ben_sarc_binary,banglasarc3_binary,7
051f1b25aad139f0,1,1,0.022705078,0.3984375,0.40715659596392695,0.5928434040360732,1.122869273980346,dann_matched,banglasarc3_binary+ben_sarc_binary,banglasarc3_binary,7
74628967f465b267,0,0,0.328125,0.04321289,0.570750079315154,0.4292499206848461,1.122869273980346,dann_matched,banglasarc3_binary+ben_sarc_binary,banglasarc3_binary,7
32b5e23e297c895c,1,1,-0.62109375,1.2109375,0.13799647126840353,0.8620035287315965,1.122869273980346,dann_matched,banglasarc3_binary+ben_sarc_binary,banglasarc3_binary,7
78a8f1d91019c411,0,1,-0.23535156,0.875,0.24780535225298045,0.7521946477470195,1.122869273980346,dann_matched,banglasarc3_binary+ben_sarc_binary,banglasarc3_binary,7
6bbdac83cbe8ed55,1,1,-0.33398438,0.85546875,0.233356758197565,0.766643241802435,1.122869273980346,dann_matched,banglasarc3_binary+ben_sarc_binary,banglasarc3_binary,7
505144aeff25d610,0,0,1.1484375,-1.1328125,0.9073122213606241,0.09268777863937604,1.122869273980346,dann_matched,banglasarc3_binary+ben_sarc_binary,banglasarc3_binary,7
514e7229ecf5d2fe,1,1,-0.7421875,1.34375,0.11047115389487247,0.8895288461051276,1.122869273980346,dann_matched,banglasarc3_binary+ben_sarc_binary,banglasarc3_binary,7
97ff4666ec5e9f65,0,0,1.3671875,-1.1328125,0.9241418199787566,0.07585818002124356,1.122869273980346,dann_matched,banglasarc3_binary+ben_sarc_binary,banglasarc3_binary,7
7cb9734d271aa603,1,1,-0.51953125,1.0234375,0.17610412024315097,0.823895879756849,1.122869273980346,dann_matched,banglasarc3_binary+ben_sarc_binary,banglasarc3_binary,7
895b32d6f531e8d6,0,1,-0.50390625,1.1015625,0.16721866883101164,0.8327813311689884,1.122869273980346,dann_matched,banglasarc3_binary+ben_sarc_binary,banglasarc3_binary,7
b1a4b29882b6c492,0,0,1.234375,-1.0,0.9032942067038784,0.09670579329612154,1.122869273980346,dann_matched,banglasarc3_binary+ben_sarc_binary,banglasarc3_binary,7
0dc4897d46949237,0,0,1.4296875,-1.0,0.9190632902163844,0.08093670978361556,1.122869273980346,dann_matched,banglasarc3_binary+ben_sarc_binary,banglasarc3_binary,7
c3b7103111f141a1,1,1,-0.47460938,1.078125,0.17469169026863227,0.8253083097313677,1.122869273980346,dann_matched,banglasarc3_binary+ben_sarc_binary,banglasarc3_binary,7
ec3e49aee99d8f7a,1,1,-0.68359375,1.34375,0.1163617640229368,0.8836382359770631,1.122869273980346,dann_matched,banglasarc3_binary+ben_sarc_binary,banglasarc3_binary,7
992c3932d484ad9a,0,1,-0.703125,1.3125,0.11757213354550883,0.8824278664544911,1.122869273980346,dann_matched,banglasarc3_binary+ben_sarc_binary,banglasarc3_binary,7
c5bd12f82a343358,1,1,-0.09277344,0.59765625,0.33393749394189914,0.6660625060581008,1.122869273980346,dann_matched,banglasarc3_binary+ben_sarc_binary,banglasarc3_binary,7
3ea7fe33caac8580,0,0,1.0625,-1.078125,0.8947894632969136,0.10521053670308635,1.122869273980346,dann_matched,banglasarc3_binary+ben_sarc_binary,banglasarc3_binary,7
33a5e06ca430c8f1,0,0,0.6015625,-0.12451172,0.6739431964191891,0.3260568035808109,1.122869273980346,dann_matched,banglasarc3_binary+ben_sarc_binary,banglasarc3_binary,7
0e1ca87b75e07a22,0,1,-0.62109375,1.3046875,0.12721826766848623,0.8727817323315137,1.122869273980346,dann_matched,banglasarc3_binary+ben_sarc_binary,banglasarc3_binary,7
d8fee321b4621b14,1,1,-0.21972656,0.796875,0.26568990335810044,0.7343100966418995,1.122869273980346,dann_matched,banglasarc3_binary+ben_sarc_binary,banglasarc3_binary,7
00c1732e4277e2ff,1,1,-0.57421875,1.3359375,0.12896329929010264,0.8710367007098975,1.122869273980346,dann_matched,banglasarc3_binary+ben_sarc_binary,banglasarc3_binary,7
fbce076f3a151066,1,1,-0.46679688,1.0,0.18742996146324944,0.8125700385367505,1.122869273980346,dann_matched,banglasarc3_binary+ben_sarc_binary,banglasarc3_binary,7
dbbbd3567edaaf38,0,0,0.30664062,0.1875,0.5297499741002002,0.4702500258997997,1.122869273980346,dann_matched,banglasarc3_binary+ben_sarc_binary,banglasarc3_binary,7
4ac1dba701f4fda5,1,1,-0.7890625,1.609375,0.0832919225567441,0.916708077443256,1.122869273980346,dann_matched,banglasarc3_binary+ben_sarc_binary,banglasarc3_binary,7
a13bde6d3c5bb87a,0,0,0.82421875,-0.39453125,0.7718434978390747,0.22815650216092537,1.122869273980346,dann_matched,banglasarc3_binary+ben_sarc_binary,banglasarc3_binary,7
9f92c9c63ab16ba9,1,1,-0.7890625,1.3671875,0.10374862686637971,0.8962513731336202,1.122869273980346,dann_matched,banglasarc3_binary+ben_sarc_binary,banglasarc3_binary,7
e70632ab44b95d37,1,0,0.8515625,-0.58984375,0.8086723228520697,0.19132767714793028,1.122869273980346,dann_matched,banglasarc3_binary+ben_sarc_binary,banglasarc3_binary,7
e1e95dc7d5fd4fe7,0,1,-0.40820312,0.953125,0.2040245319606754,0.7959754680393245,1.122869273980346,dann_matched,banglasarc3_binary+ben_sarc_binary,banglasarc3_binary,7
cf43563beef479bd,1,0,0.390625,0.0072021484,0.5946983871301474,0.4053016128698525,1.122869273980346,dann_matched,banglasarc3_binary+ben_sarc_binary,banglasarc3_binary,7
9f9b2bac0fb579a1,1,1,-0.609375,1.421875,0.11596071825396677,0.8840392817460332,1.122869273980346,dann_matched,banglasarc3_binary+ben_sarc_binary,banglasarc3_binary,7
64261898e8263c33,0,1,0.037353516,0.4375,0.40127714595120456,0.5987228540487954,1.122869273980346,dann_matched,banglasarc3_binary+ben_sarc_binary,banglasarc3_binary,7
2584524d390cdfab,1,1,-0.49804688,1.046875,0.1758209177336658,0.8241790822663343,1.122869273980346,dann_matched,banglasarc3_binary+ben_sarc_binary,banglasarc3_binary,7
257a7560d1ab7c7e,0,1,-0.71875,1.140625,0.1347759174229568,0.8652240825770433,1.122869273980346,dann_matched,banglasarc3_binary+ben_sarc_binary,banglasarc3_binary,7
2f14c0092aa7ca57,1,1,-0.2734375,0.80078125,0.2546016227874352,0.7453983772125647,1.122869273980346,dann_matched,banglasarc3_binary+ben_sarc_binary,banglasarc3_binary,7
342881c8a15bad16,0,0,0.8984375,-0.45117188,0.7940657584546307,0.20593424154536946,1.122869273980346,dann_matched,banglasarc3_binary+ben_sarc_binary,banglasarc3_binary,7
43f923ef5eb8a6f5,0,0,1.25,-0.953125,0.9005297861178929,0.09947021388210707,1.122869273980346,dann_matched,banglasarc3_binary+ben_sarc_binary,banglasarc3_binary,7
ee6f09f058aef096,1,0,0.6875,-0.3515625,0.7386690743254897,0.26133092567451033,1.122869273980346,dann_matched,banglasarc3_binary+ben_sarc_binary,banglasarc3_binary,7
923b266511af9ccd,1,0,0.17773438,0.13671875,0.5102524689953922,0.4897475310046077,1.122869273980346,dann_matched,banglasarc3_binary+ben_sarc_binary,banglasarc3_binary,7
405b3d840ad271a8,0,1,0.2578125,0.34570312,0.4780414772938762,0.5219585227061239,1.122869273980346,dann_matched,banglasarc3_binary+ben_sarc_binary,banglasarc3_binary,7
dab992c0f3dc01a0,0,0,0.45117188,0.35742188,0.523420348936324,0.47657965106367595,1.122869273980346,dann_matched,banglasarc3_binary+ben_sarc_binary,banglasarc3_binary,7
667af3eb14934a3e,0,0,1.7578125,-1.7109375,0.9697854129326061,0.03021458706739398,1.122869273980346,dann_matched,banglasarc3_binary+ben_sarc_binary,banglasarc3_binary,7
b564fa9b23515ed0,1,1,-0.51171875,0.98046875,0.18359362263419612,0.8164063773658039,1.122869273980346,dann_matched,banglasarc3_binary+ben_sarc_binary,banglasarc3_binary,7
66d2aff5fc2e61bc,0,0,1.640625,-1.578125,0.9615338079816756,0.03846619201832428,1.122869273980346,dann_matched,banglasarc3_binary+ben_sarc_binary,banglasarc3_binary,7
d3a8233595cb8024,0,0,1.59375,-1.1953125,0.9420819125605256,0.05791808743947446,1.122869273980346,dann_matched,banglasarc3_binary+ben_sarc_binary,banglasarc3_binary,7
1d769f0a19572287,1,1,-0.047851562,0.51171875,0.3636468869428737,0.6363531130571263,1.122869273980346,dann_matched,banglasarc3_binary+ben_sarc_binary,banglasarc3_binary,7
3fee32aadfaf6383,0,0,1.546875,-1.2890625,0.944587205618231,0.05541279438176918,1.122869273980346,dann_matched,banglasarc3_binary+ben_sarc_binary,banglasarc3_binary,7
114b54f8ea927149,1,0,0.26757812,0.07763672,0.5473431010760916,0.45265689892390837,1.122869273980346,dann_matched,banglasarc3_binary+ben_sarc_binary,banglasarc3_binary,7
f8e88475333512af,1,0,0.375,0.12792969,0.5614552740791104,0.4385447259208895,1.122869273980346,dann_matched,banglasarc3_binary+ben_sarc_binary,banglasarc3_binary,7
7a2afdf85b0e4a57,1,1,-0.10644531,0.5703125,0.3369853089734305,0.6630146910265695,1.122869273980346,dann_matched,banglasarc3_binary+ben_sarc_binary,banglasarc3_binary,7
92c430c72628f547,0,0,0.8359375,-0.45898438,0.7849791024442563,0.21502089755574375,1.122869273980346,dann_matched,banglasarc3_binary+ben_sarc_binary,banglasarc3_binary,7
26dc21d32e9a6348,1,1,-0.72265625,1.4609375,0.10123348070699793,0.8987665192930021,1.122869273980346,dann_matched,banglasarc3_binary+ben_sarc_binary,banglasarc3_binary,7
d08da382f5aa6fd6,1,1,-0.32421875,0.78515625,0.24798742624020276,0.7520125737597972,1.122869273980346,dann_matched,banglasarc3_binary+ben_sarc_binary,banglasarc3_binary,7
ff9a012f3a431db5,1,1,-0.48242188,0.9140625,0.19837458075735578,0.8016254192426442,1.122869273980346,dann_matched,banglasarc3_binary+ben_sarc_binary,banglasarc3_binary,7
55386c020543c40f,1,1,-0.92578125,1.6640625,0.06979492650638747,0.9302050734936125,1.122869273980346,dann_matched,banglasarc3_binary+ben_sarc_binary,banglasarc3_binary,7
017099e7610a6f6c,1,0,0.359375,0.07080078,0.5716470422998096,0.4283529577001905,1.122869273980346,dann_matched,banglasarc3_binary+ben_sarc_binary,banglasarc3_binary,7
f016ba0cc1c77d81,1,0,0.29882812,-0.060058594,0.5887709133723913,0.4112290866276087,1.122869273980346,dann_matched,banglasarc3_binary+ben_sarc_binary,banglasarc3_binary,7
bbbc6d295b42948d,0,0,1.234375,-0.69921875,0.8736466603593868,0.12635333964061335,1.122869273980346,dann_matched,banglasarc3_binary+ben_sarc_binary,banglasarc3_binary,7
8a6ec5d8b3140bbc,1,1,-0.36132812,0.91015625,0.21900325745915322,0.7809967425408467,1.122869273980346,dann_matched,banglasarc3_binary+ben_sarc_binary,banglasarc3_binary,7
52f3e5cbfe71dd90,0,0,1.4765625,-1.3046875,0.941654159388319,0.05834584061168106,1.122869273980346,dann_matched,banglasarc3_binary+ben_sarc_binary,banglasarc3_binary,7
6311c3f6e9111661,1,1,-0.6328125,1.3359375,0.12252321251815919,0.8774767874818407,1.122869273980346,dann_matched,banglasarc3_binary+ben_sarc_binary,banglasarc3_binary,7
ab531d6915b77591,1,1,-0.6015625,1.203125,0.1412814160007008,0.8587185839992991,1.122869273980346,dann_matched,banglasarc3_binary+ben_sarc_binary,banglasarc3_binary,7
c8d4191a4c0034b0,0,1,-0.31054688,0.9140625,0.22712630358550323,0.7728736964144969,1.122869273980346,dann_matched,banglasarc3_binary+ben_sarc_binary,banglasarc3_binary,7
78f45826d9c886c2,1,1,-0.671875,1.3671875,0.11516222873143664,0.8848377712685633,1.122869273980346,dann_matched,banglasarc3_binary+ben_sarc_binary,banglasarc3_binary,7
f5080918cb703e26,1,1,-0.78515625,1.390625,0.10194652082730637,0.8980534791726937,1.122869273980346,dann_matched,banglasarc3_binary+ben_sarc_binary,banglasarc3_binary,7
50855678cee37752,0,0,1.4453125,-1.09375,0.9268352785943768,0.07316472140562331,1.122869273980346,dann_matched,banglasarc3_binary+ben_sarc_binary,banglasarc3_binary,7
0e861cdeb8d4ab68,1,1,-0.921875,1.59375,0.07477004290796138,0.9252299570920387,1.122869273980346,dann_matched,banglasarc3_binary+ben_sarc_binary,banglasarc3_binary,7
6aa0691388dde3ef,0,0,1.0390625,-0.57421875,0.8338664465831974,0.1661335534168026,1.122869273980346,dann_matched,banglasarc3_binary+ben_sarc_binary,banglasarc3_binary,7
ac035386ab80b4e6,1,1,-0.3125,0.67578125,0.2712516965968936,0.7287483034031065,1.122869273980346,dann_matched,banglasarc3_binary+ben_sarc_binary,banglasarc3_binary,7
e76a1038723dc5eb,1,1,-0.421875,0.859375,0.21733752104706247,0.7826624789529376,1.122869273980346,dann_matched,banglasarc3_binary+ben_sarc_binary,banglasarc3_binary,7
ff922cbca8785282,1,1,0.09667969,0.2890625,0.45205208966075977,0.5479479103392403,1.122869273980346,dann_matched,banglasarc3_binary+ben_sarc_binary,banglasarc3_binary,7
66a6d7fc7c022153,1,1,-0.3515625,0.73046875,0.2531218139565015,0.7468781860434985,1.122869273980346,dann_matched,banglasarc3_binary+ben_sarc_binary,banglasarc3_binary,7
6f920e614b465135,0,1,-0.078125,0.65234375,0.3250918718866066,0.6749081281133934,1.122869273980346,dann_matched,banglasarc3_binary+ben_sarc_binary,banglasarc3_binary,7
a3046e4436328bea,1,1,-0.77734375,1.4609375,0.09636510472498538,0.9036348952750146,1.122869273980346,dann_matched,banglasarc3_binary+ben_sarc_binary,banglasarc3_binary,7
226afc1f08fe0780,0,0,1.9296875,-1.53125,0.9695556515673754,0.030444348432624533,1.122869273980346,dann_matched,banglasarc3_binary+ben_sarc_binary,banglasarc3_binary,7
9924815a000de0cd,0,0,1.40625,-1.2265625,0.9329437130748804,0.06705628692511957,1.122869273980346,dann_matched,banglasarc3_binary+ben_sarc_binary,banglasarc3_binary,7
71c861c5ca9ae94c,0,0,1.7578125,-1.28125,0.9543079676184154,0.04569203238158463,1.122869273980346,dann_matched,banglasarc3_binary+ben_sarc_binary,banglasarc3_binary,7
9a8af6572f036955,1,0,1.3515625,-1.15625,0.9246876936763765,0.07531230632362355,1.122869273980346,dann_matched,banglasarc3_binary+ben_sarc_binary,banglasarc3_binary,7
148f42b7e3a77173,1,1,-0.62109375,1.2421875,0.13432105377342907,0.865678946226571,1.122869273980346,dann_matched,banglasarc3_binary+ben_sarc_binary,banglasarc3_binary,7
4a3ebc4e56a23695,0,1,-0.21191406,0.8125,0.2641684869137796,0.7358315130862205,1.122869273980346,dann_matched,banglasarc3_binary+ben_sarc_binary,banglasarc3_binary,7
9884f74105725ac3,0,0,1.25,-0.94921875,0.9001793324323768,0.09982066756762313,1.122869273980346,dann_matched,banglasarc3_binary+ben_sarc_binary,banglasarc3_binary,7
bc7aa60f495fb7a9,0,1,-0.7578125,1.2890625,0.1143685261818125,0.8856314738181876,1.122869273980346,dann_matched,banglasarc3_binary+ben_sarc_binary,banglasarc3_binary,7
1a19fa077638051f,0,0,1.625,-1.765625,0.9674102552339746,0.032589744766025344,1.122869273980346,dann_matched,banglasarc3_binary+ben_sarc_binary,banglasarc3_binary,7
bbac56b00ec41b2d,1,1,-0.09277344,0.58984375,0.33567742400801664,0.6643225759919834,1.122869273980346,dann_matched,banglasarc3_binary+ben_sarc_binary,banglasarc3_binary,7
1ee3ab9f5f73d8e3,0,1,0.091796875,0.58984375,0.3779997700846973,0.6220002299153026,1.122869273980346,dann_matched,banglasarc3_binary+ben_sarc_binary,banglasarc3_binary,7
0a70db745aa8febf,1,1,-0.70703125,1.5078125,0.0984254123665623,0.9015745876334377,1.122869273980346,dann_matched,banglasarc3_binary+ben_sarc_binary,banglasarc3_binary,7
a831521b5fade0b4,0,0,1.4140625,-1.3359375,0.9399133498259924,0.06008665017400762,1.122869273980346,dann_matched,banglasarc3_binary+ben_sarc_binary,banglasarc3_binary,7
aee1e0859bd82e49,0,0,1.5546875,-1.484375,0.9543079676184154,0.04569203238158463,1.122869273980346,dann_matched,banglasarc3_binary+ben_sarc_binary,banglasarc3_binary,7
14c1d9b31ee9da91,0,0,0.84375,-0.54296875,0.800067893575815,0.1999321064241851,1.122869273980346,dann_matched,banglasarc3_binary+ben_sarc_binary,banglasarc3_binary,7
0b3f384c234e0487,1,1,-0.16894531,0.5390625,0.33003919014411776,0.6699608098558822,1.122869273980346,dann_matched,banglasarc3_binary+ben_sarc_binary,banglasarc3_binary,7
ba3b5a884606387b,1,1,-0.47070312,0.84375,0.21174262924480614,0.7882573707551939,1.122869273980346,dann_matched,banglasarc3_binary+ben_sarc_binary,banglasarc3_binary,7
d93424c4b5243f73,0,0,1.609375,-1.25,0.9458012701768145,0.05419872982318558,1.122869273980346,dann_matched,banglasarc3_binary+ben_sarc_binary,banglasarc3_binary,7
b7e8e4540b6277b4,0,0,1.0859375,-0.69140625,0.8553685628570248,0.14463143714297527,1.122869273980346,dann_matched,banglasarc3_binary+ben_sarc_binary,banglasarc3_binary,7
dfa9f26844b0493f,1,1,-0.17089844,0.6328125,0.3092322734931207,0.6907677265068792,1.122869273980346,dann_matched,banglasarc3_binary+ben_sarc_binary,banglasarc3_binary,7
c63b2cd906f1ec56,1,1,-0.703125,1.4453125,0.10447732313023693,0.8955226768697631,1.122869273980346,dann_matched,banglasarc3_binary+ben_sarc_binary,banglasarc3_binary,7
30f04a8c49d82a1e,1,0,0.49609375,-0.16894531,0.6603914338601954,0.33960856613980467,1.122869273980346,dann_matched,banglasarc3_binary+ben_sarc_binary,banglasarc3_binary,7
f53841d746ae3cd5,1,0,1.3359375,-1.1328125,0.9219218348550491,0.07807816514495095,1.122869273980346,dann_matched,banglasarc3_binary+ben_sarc_binary,banglasarc3_binary,7
78b23bee083f3547,0,0,0.73828125,-0.23535156,0.7258430018896642,0.2741569981103357,1.122869273980346,dann_matched,banglasarc3_binary+ben_sarc_binary,banglasarc3_binary,7
57f53209ea014911,0,0,0.8046875,-0.48046875,0.7833262058913498,0.21667379410865026,1.122869273980346,dann_matched,banglasarc3_binary+ben_sarc_binary,banglasarc3_binary,7
6bfa33ebacfeda42,1,1,-0.91796875,1.578125,0.07613247677115975,0.9238675232288402,1.122869273980346,dann_matched,banglasarc3_binary+ben_sarc_binary,banglasarc3_binary,7
188035f94f43d5ab,0,0,1.6328125,-1.6171875,0.9626731126558706,0.037326887344129464,1.122869273980346,dann_matched,banglasarc3_binary+ben_sarc_binary,banglasarc3_binary,7
a9c618cbe59ac37d,1,1,-0.98828125,1.65625,0.06632687402359619,0.9336731259764038,1.122869273980346,dann_matched,banglasarc3_binary+ben_sarc_binary,banglasarc3_binary,7
b24787eee7829216,0,1,-0.5859375,1.2109375,0.1422318950098963,0.8577681049901036,1.122869273980346,dann_matched,banglasarc3_binary+ben_sarc_binary,banglasarc3_binary,7
7ef070492a733c38,0,0,0.32421875,0.1640625,0.5399536978762307,0.4600463021237693,1.122869273980346,dann_matched,banglasarc3_binary+ben_sarc_binary,banglasarc3_binary,7
c367988694c84530,0,0,1.265625,-1.03125,0.9086178969328287,0.09138210306717136,1.122869273980346,dann_matched,banglasarc3_binary+ben_sarc_binary,banglasarc3_binary,7
18d391b119c1644a,1,0,1.140625,-0.8359375,0.878314245362953,0.12168575463704705,1.122869273980346,dann_matched,banglasarc3_binary+ben_sarc_binary,banglasarc3_binary,7
4faab331ced87a08,0,0,0.72265625,-0.045898438,0.6832081607219911,0.316791839278009,1.122869273980346,dann_matched,banglasarc3_binary+ben_sarc_binary,banglasarc3_binary,7
977b72c19a26ad0b,0,0,1.8671875,-1.859375,0.9764905475924671,0.023509452407533014,1.122869273980346,dann_matched,banglasarc3_binary+ben_sarc_binary,banglasarc3_binary,7
6517e05a5287776b,0,0,0.2890625,0.16894531,0.5299932433208944,0.4700067566791057,1.122869273980346,dann_matched,banglasarc3_binary+ben_sarc_binary,banglasarc3_binary,7
ee6dbf89dce4e2bb,1,1,-0.66796875,1.203125,0.1334152172639784,0.8665847827360217,1.122869273980346,dann_matched,banglasarc3_binary+ben_sarc_binary,banglasarc3_binary,7
ccf32cdc3d0775ad,1,1,-0.58203125,1.2265625,0.14080816966793647,0.8591918303320635,1.122869273980346,dann_matched,banglasarc3_binary+ben_sarc_binary,banglasarc3_binary,7
4da5e414258db266,0,0,1.140625,-0.9296875,0.8879840490799963,0.11201595092000367,1.122869273980346,dann_matched,banglasarc3_binary+ben_sarc_binary,banglasarc3_binary,7
60ac14a8affe8358,1,1,-0.73046875,1.2421875,0.12210386546882639,0.8778961345311737,1.122869273980346,dann_matched,banglasarc3_binary+ben_sarc_binary,banglasarc3_binary,7
c82b770796c8cf66,1,1,-0.16503906,0.71484375,0.2932020636241563,0.7067979363758436,1.122869273980346,dann_matched,banglasarc3_binary+ben_sarc_binary,banglasarc3_binary,7
f5fd2d4cdc3bc132,1,1,-0.38867188,0.92578125,0.21174262924480614,0.7882573707551939,1.122869273980346,dann_matched,banglasarc3_binary+ben_sarc_binary,banglasarc3_binary,7
94f3c9ec4b1c85a4,1,0,0.546875,0.064453125,0.6183196019638635,0.3816803980361366,1.122869273980346,dann_matched,banglasarc3_binary+ben_sarc_binary,banglasarc3_binary,7
5a10d03482f58dbf,1,1,-0.38085938,1.03125,0.19590156572280032,0.8040984342771997,1.122869273980346,dann_matched,banglasarc3_binary+ben_sarc_binary,banglasarc3_binary,7
acbcf17308c9467e,1,1,-0.6640625,1.2109375,0.13296424019782924,0.8670357598021706,1.122869273980346,dann_matched,banglasarc3_binary+ben_sarc_binary,banglasarc3_binary,7
efc06bd7dc0335d5,1,1,-0.87890625,1.5,0.08479540782206828,0.9152045921779318,1.122869273980346,dann_matched,banglasarc3_binary+ben_sarc_binary,banglasarc3_binary,7
ed59d0f7934d3996,0,1,-0.70703125,1.359375,0.11240508853787773,0.8875949114621223,1.122869273980346,dann_matched,banglasarc3_binary+ben_sarc_binary,banglasarc3_binary,7
562d6d6d9b6ae4be,1,1,-0.43945312,1.1171875,0.174129224074888,0.825870775925112,1.122869273980346,dann_matched,banglasarc3_binary+ben_sarc_binary,banglasarc3_binary,7
f32e502d7c88ac0b,1,1,-0.703125,1.34375,0.1143685261818125,0.8856314738181876,1.122869273980346,dann_matched,banglasarc3_binary+ben_sarc_binary,banglasarc3_binary,7
8e5d3f2f373f5e29,0,0,1.296875,-0.97265625,0.9063219973254493,0.09367800267455072,1.122869273980346,dann_matched,banglasarc3_binary+ben_sarc_binary,banglasarc3_binary,7
9207c873bbd453c3,0,0,1.734375,-1.7890625,0.9713473306904065,0.028652669309593447,1.122869273980346,dann_matched,banglasarc3_binary+ben_sarc_binary,banglasarc3_binary,7
89156813be6db8c4,1,0,0.3828125,-0.07763672,0.6131207379015873,0.3868792620984127,1.122869273980346,dann_matched,banglasarc3_binary+ben_sarc_binary,banglasarc3_binary,7
8b10125a3aa18362,1,0,0.734375,-0.48828125,0.7725306622446245,0.22746933775537556,1.122869273980346,dann_matched,banglasarc3_binary+ben_sarc_binary,banglasarc3_binary,7
1ab10ab51e82c702,0,1,-0.3828125,0.8359375,0.22815650216092537,0.7718434978390747,1.122869273980346,dann_matched,banglasarc3_binary+ben_sarc_binary,banglasarc3_binary,7
0c97107ad69abd97,0,0,1.4453125,-1.15625,0.9309620718252101,0.06903792817479,1.122869273980346,dann_matched,banglasarc3_binary+ben_sarc_binary,banglasarc3_binary,7
319378441192755c,1,1,0.05834961,0.35546875,0.4262618837848404,0.5737381162151596,1.122869273980346,dann_matched,banglasarc3_binary+ben_sarc_binary,banglasarc3_binary,7
da5927d625a7e992,0,1,0.06640625,0.49414062,0.39466747146998155,0.6053325285300185,1.122869273980346,dann_matched,banglasarc3_binary+ben_sarc_binary,banglasarc3_binary,7
f948aa239ae79172,0,0,1.6640625,-1.3828125,0.9546474194456936,0.04535258055430642,1.122869273980346,dann_matched,banglasarc3_binary+ben_sarc_binary,banglasarc3_binary,7
b98ee8eae2d4d6c2,1,1,-0.65625,1.328125,0.12085323249047067,0.8791467675095294,1.122869273980346,dann_matched,banglasarc3_binary+ben_sarc_binary,banglasarc3_binary,7
2c4933c952f7fae0,1,1,-0.6953125,1.2265625,0.12765262532179067,0.8723473746782093,1.122869273980346,dann_matched,banglasarc3_binary+ben_sarc_binary,banglasarc3_binary,7
5611174ac8f322d9,0,0,1.765625,-1.734375,0.9706877692486436,0.029312230751356316,1.122869273980346,dann_matched,banglasarc3_binary+ben_sarc_binary,banglasarc3_binary,7
a68c6a0d2e4a0d44,0,0,0.296875,0.10986328,0.5466171455413312,0.4533828544586687,1.122869273980346,dann_matched,banglasarc3_binary+ben_sarc_binary,banglasarc3_binary,7
f0beee1358ba6702,1,1,-0.65625,1.34375,0.11920292202211755,0.8807970779778823,1.122869273980346,dann_matched,banglasarc3_binary+ben_sarc_binary,banglasarc3_binary,7
9dd87b3601b59c5e,1,0,0.38476562,0.14941406,0.5585677989220222,0.4414322010779778,1.122869273980346,dann_matched,banglasarc3_binary+ben_sarc_binary,banglasarc3_binary,7
059d63cf1f988857,0,1,0.025634766,0.6953125,0.3385690052171606,0.6614309947828394,1.122869273980346,dann_matched,banglasarc3_binary+ben_sarc_binary,banglasarc3_binary,7
205492061bc3b836,1,1,-0.7109375,1.34375,0.11357959169117389,0.8864204083088262,1.122869273980346,dann_matched,banglasarc3_binary+ben_sarc_binary,banglasarc3_binary,7
ba85309fe6f0de09,1,0,0.78125,-0.24121094,0.7354516829855925,0.2645483170144075,1.122869273980346,dann_matched,banglasarc3_binary+ben_sarc_binary,banglasarc3_binary,7
34cf41d51399f927,1,1,-0.86328125,1.5390625,0.08299414835226906,0.9170058516477309,1.122869273980346,dann_matched,banglasarc3_binary+ben_sarc_binary,banglasarc3_binary,7
8f9e66d0954319bd,1,1,-0.65234375,1.25,0.12984343802049797,0.870156561979502,1.122869273980346,dann_matched,banglasarc3_binary+ben_sarc_binary,banglasarc3_binary,7
7aea9964e3bab268,0,1,-0.51953125,1.1015625,0.16505408392910761,0.8349459160708924,1.122869273980346,dann_matched,banglasarc3_binary+ben_sarc_binary,banglasarc3_binary,7
34262aaf029abe9c,0,0,1.5625,-1.453125,0.9532750413739076,0.04672495862609242,1.122869273980346,dann_matched,banglasarc3_binary+ben_sarc_binary,banglasarc3_binary,7
afc98c7da489d792,0,0,1.765625,-1.65625,0.9683812327313545,0.03161876726864548,1.122869273980346,dann_matched,banglasarc3_binary+ben_sarc_binary,banglasarc3_binary,7
87ca816cf9ca3a57,0,0,1.71875,-1.859375,0.9728307684643189,0.027169231535681047,1.122869273980346,dann_matched,banglasarc3_binary+ben_sarc_binary,banglasarc3_binary,7
b8705f91611e42fd,1,1,-0.79296875,1.40625,0.09982066756762313,0.9001793324323768,1.122869273980346,dann_matched,banglasarc3_binary+ben_sarc_binary,banglasarc3_binary,7
9b4172a29427d096,1,1,-0.87890625,1.46875,0.0872522465547244,0.9127477534452755,1.122869273980346,dann_matched,banglasarc3_binary+ben_sarc_binary,banglasarc3_binary,7
277d8e87c25a04d0,0,0,0.8046875,-0.85546875,0.8402589766446108,0.15974102335538914,1.122869273980346,dann_matched,banglasarc3_binary+ben_sarc_binary,banglasarc3_binary,7
d41615dc78dfd442,0,0,1.3828125,-1.140625,0.9257686295391643,0.07423137046083579,1.122869273980346,dann_matched,banglasarc3_binary+ben_sarc_binary,banglasarc3_binary,7
3b570bff1dc82229,1,1,-0.25585938,0.66796875,0.28417852997461623,0.7158214700253839,1.122869273980346,dann_matched,banglasarc3_binary+ben_sarc_binary,banglasarc3_binary,7
a14957fec3333e4d,1,1,-0.38085938,1.0,0.20087101582277223,0.7991289841772278,1.122869273980346,dann_matched,banglasarc3_binary+ben_sarc_binary,banglasarc3_binary,7
434aefb45c633a6e,1,1,-0.49414062,1.09375,0.16968087821750133,0.8303191217824987,1.122869273980346,dann_matched,banglasarc3_binary+ben_sarc_binary,banglasarc3_binary,7
cb001950d002af6a,0,0,1.4453125,-1.234375,0.9358173563909802,0.06418264360901972,1.122869273980346,dann_matched,banglasarc3_binary+ben_sarc_binary,banglasarc3_binary,7
bde02cf99aa6475c,0,0,1.4609375,-1.3125,0.9412234441519332,0.05877655584806683,1.122869273980346,dann_matched,banglasarc3_binary+ben_sarc_binary,banglasarc3_binary,7
d59a0afee6d44b0f,1,1,-0.62109375,1.3125,0.12635333964061335,0.8736466603593868,1.122869273980346,dann_matched,banglasarc3_binary+ben_sarc_binary,banglasarc3_binary,7
53e03d54e9f7c1ed,1,1,-0.11621094,0.66015625,0.3151033679588216,0.6848966320411783,1.122869273980346,dann_matched,banglasarc3_binary+ben_sarc_binary,banglasarc3_binary,7
2922023d8f4b1469,0,0,0.99609375,-0.36132812,0.7953403653424583,0.20465963465754167,1.122869273980346,dann_matched,banglasarc3_binary+ben_sarc_binary,banglasarc3_binary,7
9a38672a43ee4277,1,1,-0.5078125,1.078125,0.16995623014518763,0.8300437698548124,1.122869273980346,dann_matched,banglasarc3_binary+ben_sarc_binary,banglasarc3_binary,7
7d708b93f7458e17,0,0,1.703125,-1.515625,0.9615338079816756,0.03846619201832428,1.122869273980346,dann_matched,banglasarc3_binary+ben_sarc_binary,banglasarc3_binary,7
123e910b36e0446d,0,0,1.859375,-1.6328125,0.9704646607088951,0.029535339291104773,1.122869273980346,dann_matched,banglasarc3_binary+ben_sarc_binary,banglasarc3_binary,7
5dc46488541a62ec,1,1,-0.84765625,1.46875,0.08977328657120891,0.910226713428791,1.122869273980346,dann_matched,banglasarc3_binary+ben_sarc_binary,banglasarc3_binary,7
e52a1f58f51e0c0a,1,1,-0.17285156,0.45898438,0.3470943611833573,0.6529056388166428,1.122869273980346,dann_matched,banglasarc3_binary+ben_sarc_binary,banglasarc3_binary,7
9b0ea3fdc41c9127,0,0,0.38671875,0.06640625,0.579400408904987,0.42059959109501305,1.122869273980346,dann_matched,banglasarc3_binary+ben_sarc_binary,banglasarc3_binary,7
6013016338f9c6dd,0,0,1.078125,-0.703125,0.8558511469672594,0.14414885303274058,1.122869273980346,dann_matched,banglasarc3_binary+ben_sarc_binary,banglasarc3_binary,7
5e41f878680dab10,0,0,1.6171875,-1.5390625,0.9591542840900507,0.040845715909949315,1.122869273980346,dann_matched,banglasarc3_binary+ben_sarc_binary,banglasarc3_binary,7
f86040734ae27c6d,1,1,-0.859375,1.5703125,0.08093670978361556,0.9190632902163844,1.122869273980346,dann_matched,banglasarc3_binary+ben_sarc_binary,banglasarc3_binary,7
d10cccce1b8473e7,0,1,-0.16210938,0.80078125,0.27629981702672846,0.7237001829732717,1.122869273980346,dann_matched,banglasarc3_binary+ben_sarc_binary,banglasarc3_binary,7
24135986932e677c,1,0,0.5546875,-0.14257812,0.6675812474744659,0.33241875252553404,1.122869273980346,dann_matched,banglasarc3_binary+ben_sarc_binary,banglasarc3_binary,7
7514b989309b1d9c,0,0,1.453125,-1.1640625,0.9319595797274409,0.06804042027255897,1.122869273980346,dann_matched,banglasarc3_binary+ben_sarc_binary,banglasarc3_binary,7
ce110dc8185ae08e,1,1,-0.3203125,0.8984375,0.22815650216092537,0.7718434978390747,1.122869273980346,dann_matched,banglasarc3_binary+ben_sarc_binary,banglasarc3_binary,7
cb27ebe4bead824c,1,0,0.51171875,-0.37890625,0.7090191337850932,0.29098086621490676,1.122869273980346,dann_matched,banglasarc3_binary+ben_sarc_binary,banglasarc3_binary,7
bc540917f9b7c71d,1,1,-0.77734375,1.375,0.10411241155799623,0.8958875884420037,1.122869273980346,dann_matched,banglasarc3_binary+ben_sarc_binary,banglasarc3_binary,7
4ffffbe307d0a83a,0,0,1.515625,-1.3671875,0.9469902279841446,0.05300977201585542,1.122869273980346,dann_matched,banglasarc3_binary+ben_sarc_binary,banglasarc3_binary,7
b4323b5c74f8fc36,0,0,1.46875,-1.1953125,0.9348724531603766,0.0651275468396235,1.122869273980346,dann_matched,banglasarc3_binary+ben_sarc_binary,banglasarc3_binary,7
ad6cc5fb265960cc,0,1,-0.47070312,1.078125,0.1752555877709867,0.8247444122290134,1.122869273980346,dann_matched,banglasarc3_binary+ben_sarc_binary,banglasarc3_binary,7
d39ddcf24d6d9189,0,1,-0.328125,0.90234375,0.22609939404771076,0.7739006059522892,1.122869273980346,dann_matched,banglasarc3_binary+ben_sarc_binary,banglasarc3_binary,7
f38d81be661a4b8f,1,1,-0.83984375,1.515625,0.0866320675642644,0.9133679324357356,1.122869273980346,dann_matched,banglasarc3_binary+ben_sarc_binary,banglasarc3_binary,7
373eddabf5c3d1f7,1,0,0.6640625,-0.39257812,0.7420480411535827,0.25795195884641725,1.122869273980346,dann_matched,banglasarc3_binary+ben_sarc_binary,banglasarc3_binary,7
c511137eaf00d6b1,1,1,-0.44335938,1.03125,0.18624302242666552,0.8137569775733345,1.122869273980346,dann_matched,banglasarc3_binary+ben_sarc_binary,banglasarc3_binary,7
3cb9b64cd0bcd1c4,1,1,-0.019042969,0.48632812,0.37627927453092824,0.6237207254690718,1.122869273980346,dann_matched,banglasarc3_binary+ben_sarc_binary,banglasarc3_binary,7
44e81fb71fafc5f6,1,1,-0.703125,1.3203125,0.11676401359822318,0.8832359864017768,1.122869273980346,dann_matched,banglasarc3_binary+ben_sarc_binary,banglasarc3_binary,7
1f6366dc8c87721e,0,1,-0.54296875,1.3125,0.13523208079351787,0.8647679192064821,1.122869273980346,dann_matched,banglasarc3_binary+ben_sarc_binary,banglasarc3_binary,7
406b7cc3a0445691,1,1,-0.7265625,1.4375,0.1030244283262171,0.896975571673783,1.122869273980346,dann_matched,banglasarc3_binary+ben_sarc_binary,banglasarc3_binary,7
35cf36bc3d8642ab,0,1,-0.62890625,1.3359375,0.12294379806223382,0.8770562019377661,1.122869273980346,dann_matched,banglasarc3_binary+ben_sarc_binary,banglasarc3_binary,7
57cd7fdd60d1667d,1,1,0.08984375,0.484375,0.4026269720689515,0.5973730279310485,1.122869273980346,dann_matched,banglasarc3_binary+ben_sarc_binary,banglasarc3_binary,7
0bb1548e56ec97e6,1,0,1.203125,-1.1328125,0.9118099551992372,0.08819004480076281,1.122869273980346,dann_matched,banglasarc3_binary+ben_sarc_binary,banglasarc3_binary,7
8e8b85d15b47827c,1,1,0.12695312,0.31445312,0.45326184801538616,0.5467381519846138,1.122869273980346,dann_matched,banglasarc3_binary+ben_sarc_binary,banglasarc3_binary,7
fae8d93fe40b415d,1,1,-0.7265625,1.296875,0.11676401359822318,0.8832359864017768,1.122869273980346,dann_matched,banglasarc3_binary+ben_sarc_binary,banglasarc3_binary,7
12e6dab580637364,1,1,-0.46484375,1.15625,0.16505408392910761,0.8349459160708924,1.122869273980346,dann_matched,banglasarc3_binary+ben_sarc_binary,banglasarc3_binary,7
c63614053bc8ae28,0,0,0.33398438,0.24902344,0.52122746695113,0.4787725330488701,1.122869273980346,dann_matched,banglasarc3_binary+ben_sarc_binary,banglasarc3_binary,7
e567c1f8bb54ed53,0,0,0.41210938,0.23242188,0.5448013956982781,0.4551986043017219,1.122869273980346,dann_matched,banglasarc3_binary+ben_sarc_binary,banglasarc3_binary,7
4689d69a0738828f,0,0,0.55859375,-0.011108398,0.6386944446150342,0.3613055553849657,1.122869273980346,dann_matched,banglasarc3_binary+ben_sarc_binary,banglasarc3_binary,7
b24c7e2e479c102f,0,0,1.8125,-1.890625,0.9759464471055739,0.024053552894426178,1.122869273980346,dann_matched,banglasarc3_binary+ben_sarc_binary,banglasarc3_binary,7
8ed4645228916f02,0,0,1.03125,-1.0,0.8840392817460332,0.11596071825396677,1.122869273980346,dann_matched,banglasarc3_binary+ben_sarc_binary,banglasarc3_binary,7
f59c42c49edda760,0,0,0.22753906,0.10205078,0.5313309662327549,0.46866903376724517,1.122869273980346,dann_matched,banglasarc3_binary+ben_sarc_binary,banglasarc3_binary,7
d760334e952c9d53,0,0,1.5078125,-1.25,0.9403530570548787,0.0596469429451214,1.122869273980346,dann_matched,banglasarc3_binary+ben_sarc_binary,banglasarc3_binary,7
98f8544b2ea323d3,0,0,1.015625,-0.67578125,0.8444090059229068,0.15559099407709326,1.122869273980346,dann_matched,banglasarc3_binary+ben_sarc_binary,banglasarc3_binary,7
ce05c3fa0cc62627,0,0,1.7421875,-1.578125,0.9651191130633208,0.034880886936679296,1.122869273980346,dann_matched,banglasarc3_binary+ben_sarc_binary,banglasarc3_binary,7
fdc64d7635cb59b2,0,0,1.5078125,-1.234375,0.9394706097974611,0.060529390202538995,1.122869273980346,dann_matched,banglasarc3_binary+ben_sarc_binary,banglasarc3_binary,7
f93ea9b921c3c0f7,1,1,0.19921875,0.36132812,0.45956117665402246,0.5404388233459775,1.122869273980346,dann_matched,banglasarc3_binary+ben_sarc_binary,banglasarc3_binary,7
2278f57caa613701,0,0,1.921875,-1.8046875,0.9764905475924671,0.023509452407533014,1.122869273980346,dann_matched,banglasarc3_binary+ben_sarc_binary,banglasarc3_binary,7
c25fe5e4766f241a,0,0,1.7109375,-1.7265625,0.9688561694652216,0.031143830534778462,1.122869273980346,dann_matched,banglasarc3_binary+ben_sarc_binary,banglasarc3_binary,7
572e4397ff6c9eb2,1,0,0.53125,0.020507812,0.6249804444212143,0.3750195555787858,1.122869273980346,dann_matched,banglasarc3_binary+ben_sarc_binary,banglasarc3_binary,7
9e94c5340c1e9e84,1,1,0.11035156,0.42773438,0.42131370858116846,0.5786862914188315,1.122869273980346,dann_matched,banglasarc3_binary+ben_sarc_binary,banglasarc3_binary,7
e0b7bf00262d60a7,0,0,1.609375,-1.3046875,0.9485372345673925,0.05146276543260743,1.122869273980346,dann_matched,banglasarc3_binary+ben_sarc_binary,banglasarc3_binary,7
7d5dcba04c7cbfc6,1,1,-0.7578125,1.484375,0.09602548878779378,0.9039745112122062,1.122869273980346,dann_matched,banglasarc3_binary+ben_sarc_binary,banglasarc3_binary,7
cd9fc03dbd82abcd,0,0,1.828125,-1.7265625,0.9722043774187549,0.027795622581245058,1.122869273980346,dann_matched,banglasarc3_binary+ben_sarc_binary,banglasarc3_binary,7
54b803aa09d54185,1,1,-0.59765625,1.28125,0.13251455444044344,0.8674854455595564,1.122869273980346,dann_matched,banglasarc3_binary+ben_sarc_binary,banglasarc3_binary,7
725ea8a5def6acac,0,0,1.7734375,-1.84375,0.9738443816461771,0.02615561835382285,1.122869273980346,dann_matched,banglasarc3_binary+ben_sarc_binary,banglasarc3_binary,7
56d6d68354837500,0,1,-0.26757812,0.8046875,0.2549724637637575,0.7450275362362425,1.122869273980346,dann_matched,banglasarc3_binary+ben_sarc_binary,banglasarc3_binary,7
da5033e533eee677,1,0,0.46484375,-0.26757812,0.675336511217513,0.324663488782487,1.122869273980346,dann_matched,banglasarc3_binary+ben_sarc_binary,banglasarc3_binary,7
ce347cf05f786fe0,1,0,0.27929688,0.17285156,0.5265862296930222,0.47341377030697784,1.122869273980346,dann_matched,banglasarc3_binary+ben_sarc_binary,banglasarc3_binary,7
ea499bace09f44ce,1,0,0.23730469,-0.10498047,0.5847455076953195,0.4152544923046805,1.122869273980346,dann_matched,banglasarc3_binary+ben_sarc_binary,banglasarc3_binary,7
2ccc2f875d7de471,1,1,-0.24902344,0.765625,0.2660711300022702,0.7339288699977298,1.122869273980346,dann_matched,banglasarc3_binary+ben_sarc_binary,banglasarc3_binary,7
22e8efc34608d82d,0,1,0.02734375,0.44140625,0.3979384110732902,0.6020615889267098,1.122869273980346,dann_matched,banglasarc3_binary+ben_sarc_binary,banglasarc3_binary,7
040a68c1b02bd862,1,0,0.546875,0.20117188,0.5855752115734776,0.4144247884265225,1.122869273980346,dann_matched,banglasarc3_binary+ben_sarc_binary,banglasarc3_binary,7
efde5d179b5fd873,1,0,0.859375,-0.34179688,0.7687331879426154,0.23126681205738467,1.122869273980346,dann_matched,banglasarc3_binary+ben_sarc_binary,banglasarc3_binary,7
0b43510285b09eba,0,0,0.5703125,-0.07470703,0.6558872494080608,0.3441127505919393,1.122869273980346,dann_matched,banglasarc3_binary+ben_sarc_binary,banglasarc3_binary,7
dd4fae9961a88873,1,1,-0.17675781,0.5625,0.3231664610482007,0.6768335389517993,1.122869273980346,dann_matched,banglasarc3_binary+ben_sarc_binary,banglasarc3_binary,7
121299f05ede0c91,1,1,-0.75390625,1.375,0.10631886977575758,0.8936811302242426,1.122869273980346,dann_matched,banglasarc3_binary+ben_sarc_binary,banglasarc3_binary,7
30a6096d2f7010ff,1,1,-0.49414062,1.1328125,0.16424818018516898,0.8357518198148309,1.122869273980346,dann_matched,banglasarc3_binary+ben_sarc_binary,banglasarc3_binary,7
a1bd9a0f27bbd51e,0,1,-0.04248047,0.48828125,0.37033924675672886,0.6296607532432711,1.122869273980346,dann_matched,banglasarc3_binary+ben_sarc_binary,banglasarc3_binary,7
477fd95f302c284c,0,1,-0.42382812,1.0703125,0.18330105547281286,0.8166989445271872,1.122869273980346,dann_matched,banglasarc3_binary+ben_sarc_binary,banglasarc3_binary,7
8c8158a78b04bd05,1,0,0.21972656,0.1484375,0.5178147215357729,0.4821852784642272,1.122869273980346,dann_matched,banglasarc3_binary+ben_sarc_binary,banglasarc3_binary,7
226eabf5281f11fa,0,0,0.734375,-0.28125,0.734119526900183,0.2658804730998169,1.122869273980346,dann_matched,banglasarc3_binary+ben_sarc_binary,banglasarc3_binary,7
d094516197c5cc27,0,0,0.82421875,-0.29101562,0.7531036723496825,0.2468963276503175,1.122869273980346,dann_matched,banglasarc3_binary+ben_sarc_binary,banglasarc3_binary,7
9d3e29981c15d1c1,0,1,-0.12792969,0.73828125,0.2960433382782308,0.7039566617217692,1.122869273980346,dann_matched,banglasarc3_binary+ben_sarc_binary,banglasarc3_binary,7
fd31f5f3ca6c7a27,1,0,1.484375,-1.109375,0.9304582554941719,0.06954174450582809,1.122869273980346,dann_matched,banglasarc3_binary+ben_sarc_binary,banglasarc3_binary,7
73b89dd260eea14b,0,0,0.84765625,-0.53515625,0.7994423202552038,0.2005576797447963,1.122869273980346,dann_matched,banglasarc3_binary+ben_sarc_binary,banglasarc3_binary,7
37f2931057293b4e,1,1,-0.26171875,0.7265625,0.2712516965968936,0.7287483034031065,1.122869273980346,dann_matched,banglasarc3_binary+ben_sarc_binary,banglasarc3_binary,7
d2fa1859fec8bc19,0,0,1.5390625,-1.2421875,0.941654159388319,0.05834584061168106,1.122869273980346,dann_matched,banglasarc3_binary+ben_sarc_binary,banglasarc3_binary,7
50dbee0e7a539695,1,0,0.41015625,0.125,0.5708098913740778,0.42919010862592216,1.122869273980346,dann_matched,banglasarc3_binary+ben_sarc_binary,banglasarc3_binary,7
d2ebc3d3ea553892,1,0,1.09375,-1.0078125,0.8910549527982959,0.108945047201704,1.122869273980346,dann_matched,banglasarc3_binary+ben_sarc_binary,banglasarc3_binary,7
e15f93ee6c7733d1,1,0,0.3828125,0.03125,0.5869964297463166,0.41300357025368334,1.122869273980346,dann_matched,banglasarc3_binary+ben_sarc_binary,banglasarc3_binary,7
25e11947840674b6,1,1,-0.28515625,1.046875,0.2088235711388737,0.7911764288611264,1.122869273980346,dann_matched,banglasarc3_binary+ben_sarc_binary,banglasarc3_binary,7
37ed4175676826d3,1,0,0.578125,-0.09326172,0.6618135991545709,0.338186400845429,1.122869273980346,dann_matched,banglasarc3_binary+ben_sarc_binary,banglasarc3_binary,7
acf59b60bc703e78,0,1,-0.4296875,1.09375,0.1789558876900955,0.8210441123099046,1.122869273980346,dann_matched,banglasarc3_binary+ben_sarc_binary,banglasarc3_binary,7
2dac047c35342cac,1,1,-0.38476562,0.9453125,0.209146442715666,0.7908535572843339,1.122869273980346,dann_matched,banglasarc3_binary+ben_sarc_binary,banglasarc3_binary,7
ea0b4a8ffa6daf5d,0,0,0.76171875,-0.31835938,0.7465087674839027,0.25349123251609723,1.122869273980346,dann_matched,banglasarc3_binary+ben_sarc_binary,banglasarc3_binary,7
52c53afde23c5737,1,1,0.04272461,0.41015625,0.4091617732134437,0.5908382267865563,1.122869273980346,dann_matched,banglasarc3_binary+ben_sarc_binary,banglasarc3_binary,7
597d374e58e24ce0,0,0,0.73828125,-0.34570312,0.7472472485194995,0.2527527514805005,1.122869273980346,dann_matched,banglasarc3_binary+ben_sarc_binary,banglasarc3_binary,7
21f6588fa41d80f2,1,0,0.4453125,-0.21484375,0.6592954869730118,0.3407045130269881,1.122869273980346,dann_matched,banglasarc3_binary+ben_sarc_binary,banglasarc3_binary,7
b4e8413b56264fde,0,0,0.78125,-0.080566406,0.7030400139151695,0.2969599860848305,1.122869273980346,dann_matched,banglasarc3_binary+ben_sarc_binary,banglasarc3_binary,7
576dad90f863a07a,0,0,1.3828125,-1.0078125,0.91610961358942,0.08389038641057993,1.122869273980346,dann_matched,banglasarc3_binary+ben_sarc_binary,banglasarc3_binary,7
acc440f1fc8bac8a,1,0,0.28320312,0.1484375,0.5336405073814309,0.46635949261856924,1.122869273980346,dann_matched,banglasarc3_binary+ben_sarc_binary,banglasarc3_binary,7
99f834500aa28da7,1,1,-0.28125,0.76171875,0.2605775779131141,0.7394224220868858,1.122869273980346,dann_matched,banglasarc3_binary+ben_sarc_binary,banglasarc3_binary,7
ab8cb0f62e0897af,0,0,0.38671875,-0.123535156,0.6248659941341522,0.3751340058658478,1.122869273980346,dann_matched,banglasarc3_binary+ben_sarc_binary,banglasarc3_binary,7
c2990dd82a44f69e,1,1,0.18066406,0.41015625,0.44287743790368633,0.5571225620963136,1.122869273980346,dann_matched,banglasarc3_binary+ben_sarc_binary,banglasarc3_binary,7
00d461014350b89e,1,0,0.22949219,-0.052246094,0.5699723351260692,0.43002766487393085,1.122869273980346,dann_matched,banglasarc3_binary+ben_sarc_binary,banglasarc3_binary,7
3e29fef3bf46bf1b,0,0,1.8046875,-1.796875,0.9734434290045008,0.02655657099549924,1.122869273980346,dann_matched,banglasarc3_binary+ben_sarc_binary,banglasarc3_binary,7
5707e3c0244d1dfb,1,0,0.83984375,-0.46289062,0.7862948141960816,0.21370518580391829,1.122869273980346,dann_matched,banglasarc3_binary+ben_sarc_binary,banglasarc3_binary,7
fd622c33ab6796bd,1,1,-0.69140625,1.375,0.11240508853787773,0.8875949114621223,1.122869273980346,dann_matched,banglasarc3_binary+ben_sarc_binary,banglasarc3_binary,7
61890d2332416b73,0,1,-0.37304688,0.84375,0.22850063225115835,0.7714993677488416,1.122869273980346,dann_matched,banglasarc3_binary+ben_sarc_binary,banglasarc3_binary,7
3b4ef2d9f41c852f,1,1,-0.49414062,1.078125,0.17189364879592386,0.828106351204076,1.122869273980346,dann_matched,banglasarc3_binary+ben_sarc_binary,banglasarc3_binary,7
e5390f71a9c29ba6,0,0,1.7421875,-1.53125,0.9635062337709722,0.0364937662290278,1.122869273980346,dann_matched,banglasarc3_binary+ben_sarc_binary,banglasarc3_binary,7
b099c317bb9c6687,1,1,-0.59765625,1.21875,0.13986565348595606,0.8601343465140441,1.122869273980346,dann_matched,banglasarc3_binary+ben_sarc_binary,banglasarc3_binary,7
912bbeda5648f283,1,1,0.10449219,0.328125,0.4443236424993339,0.555676357500666,1.122869273980346,dann_matched,banglasarc3_binary+ben_sarc_binary,banglasarc3_binary,7
c823ae44a3e23b84,0,0,1.4921875,-1.2578125,0.9399133498259924,0.06008665017400762,1.122869273980346,dann_matched,banglasarc3_binary+ben_sarc_binary,banglasarc3_binary,7
bfea9a263b223c80,1,0,0.890625,-0.671875,0.8267117940706734,0.17328820592932656,1.122869273980346,dann_matched,banglasarc3_binary+ben_sarc_binary,banglasarc3_binary,7
3cdaa503d41fc6a6,0,0,1.7421875,-1.2890625,0.9539660976007597,0.046033902399240385,1.122869273980346,dann_matched,banglasarc3_binary+ben_sarc_binary,banglasarc3_binary,7
d71f7c52c9ea87be,0,1,-0.4921875,0.98046875,0.18653921274423352,0.8134607872557665,1.122869273980346,dann_matched,banglasarc3_binary+ben_sarc_binary,banglasarc3_binary,7
def9ea9b246c55b1,0,1,-0.010253906,0.5,0.3751340058658478,0.6248659941341522,1.122869273980346,dann_matched,banglasarc3_binary+ben_sarc_binary,banglasarc3_binary,7
04b1b4f08fdd18c5,1,1,0.08300781,0.1796875,0.4758488868231692,0.5241511131768308,1.122869273980346,dann_matched,banglasarc3_binary+ben_sarc_binary,banglasarc3_binary,7
39bf383204dad4e3,0,0,1.046875,-0.6015625,0.8386797622482537,0.16132023775174625,1.122869273980346,dann_matched,banglasarc3_binary+ben_sarc_binary,banglasarc3_binary,7
1f427bfaa298bf6b,1,0,0.29101562,-0.103027344,0.5972555816787293,0.4027444183212707,1.122869273980346,dann_matched,banglasarc3_binary+ben_sarc_binary,banglasarc3_binary,7
ed3220bf0c8abb3b,1,1,-0.86328125,1.484375,0.0872522465547244,0.9127477534452755,1.122869273980346,dann_matched,banglasarc3_binary+ben_sarc_binary,banglasarc3_binary,7
855a37fc463d8e33,1,1,-0.734375,1.4375,0.10230470789265303,0.8976952921073469,1.122869273980346,dann_matched,banglasarc3_binary+ben_sarc_binary,banglasarc3_binary,7
4771a65e8a1e5abf,0,1,-0.25976562,0.984375,0.22371607247291164,0.7762839275270884,1.122869273980346,dann_matched,banglasarc3_binary+ben_sarc_binary,banglasarc3_binary,7
4f4b52f3c17a4ba1,0,0,0.73046875,-0.20410156,0.7180015822237119,0.28199841777628815,1.122869273980346,dann_matched,banglasarc3_binary+ben_sarc_binary,banglasarc3_binary,7
51e27f8269f8eaac,0,1,-0.17480469,0.62109375,0.31090356579840966,0.6890964342015904,1.122869273980346,dann_matched,banglasarc3_binary+ben_sarc_binary,banglasarc3_binary,7
8de5e108effcbaea,0,0,1.7109375,-1.671875,0.9671630439727548,0.03283695602724524,1.122869273980346,dann_matched,banglasarc3_binary+ben_sarc_binary,banglasarc3_binary,7
75e09ea10216853d,0,0,1.0859375,-0.69921875,0.8563323913156724,0.14366760868432768,1.122869273980346,dann_matched,banglasarc3_binary+ben_sarc_binary,banglasarc3_binary,7
b3ece23327e83d73,0,0,1.515625,-1.3203125,0.944587205618231,0.05541279438176918,1.122869273980346,dann_matched,banglasarc3_binary+ben_sarc_binary,banglasarc3_binary,7
237b60d67d3a977b,0,0,1.765625,-1.875,0.9744347860767304,0.025565213923269593,1.122869273980346,dann_matched,banglasarc3_binary+ben_sarc_binary,banglasarc3_binary,7
9ce912c1a315b4d4,1,1,-0.103515625,0.74609375,0.2995148064537437,0.7004851935462564,1.122869273980346,dann_matched,banglasarc3_binary+ben_sarc_binary,banglasarc3_binary,7
a034075943ae5ef1,1,1,-0.12597656,0.5625,0.3343720551482963,0.6656279448517037,1.122869273980346,dann_matched,banglasarc3_binary+ben_sarc_binary,banglasarc3_binary,7
00e1bdb06e67ed07,0,0,1.3046875,-0.96875,0.9066531214804244,0.09334687851957546,1.122869273980346,dann_matched,banglasarc3_binary+ben_sarc_binary,banglasarc3_binary,7
5e81d0127cda6083,1,0,0.17773438,0.09716797,0.5201307137926053,0.47986928620739466,1.122869273980346,dann_matched,banglasarc3_binary+ben_sarc_binary,banglasarc3_binary,7
391c2dab4f4a8ea6,1,1,-0.87109375,1.390625,0.09434341182812206,0.9056565881718779,1.122869273980346,dann_matched,banglasarc3_binary+ben_sarc_binary,banglasarc3_binary,7
76010f7452a4ee0b,0,0,0.75390625,-0.15625,0.7130321352710473,0.2869678647289528,1.122869273980346,dann_matched,banglasarc3_binary+ben_sarc_binary,banglasarc3_binary,7
501212c9f4c39f1a,0,0,1.59375,-1.328125,0.9489172630429474,0.05108273695705249,1.122869273980346,dann_matched,banglasarc3_binary+ben_sarc_binary,banglasarc3_binary,7
2d0c4e3b8cd32421,1,1,-0.26171875,0.7265625,0.2712516965968936,0.7287483034031065,1.122869273980346,dann_matched,banglasarc3_binary+ben_sarc_binary,banglasarc3_binary,7
b46fca43ca40e1a1,0,0,0.33398438,0.099121094,0.5584474000648315,0.44155259993516843,1.122869273980346,dann_matched,banglasarc3_binary+ben_sarc_binary,banglasarc3_binary,7
eb34b73284cdfb62,0,1,-0.375,1.0390625,0.19559408410649906,0.804405915893501,1.122869273980346,dann_matched,banglasarc3_binary+ben_sarc_binary,banglasarc3_binary,7
82b1b909a5385c25,0,1,0.21289062,0.21679688,0.4990234387417615,0.5009765612582384,1.122869273980346,dann_matched,banglasarc3_binary+ben_sarc_binary,banglasarc3_binary,7
afab669e2802f55a,0,0,0.71484375,-0.3046875,0.7348812825926613,0.2651187174073387,1.122869273980346,dann_matched,banglasarc3_binary+ben_sarc_binary,banglasarc3_binary,7
32655b6af6468900,1,1,0.03881836,0.50390625,0.38577953100662227,0.6142204689933778,1.122869273980346,dann_matched,banglasarc3_binary+ben_sarc_binary,banglasarc3_binary,7
63522bcc58aca5aa,1,1,-0.14941406,0.60546875,0.3197582925590573,0.6802417074409427,1.122869273980346,dann_matched,banglasarc3_binary+ben_sarc_binary,banglasarc3_binary,7
b81a6fc550996879,0,0,0.5390625,-0.11376953,0.6576483703659359,0.342351629634064,1.122869273980346,dann_matched,banglasarc3_binary+ben_sarc_binary,banglasarc3_binary,7
9e9c76d8536be656,0,0,1.59375,-1.484375,0.9559813501370537,0.04401864986294638,1.122869273980346,dann_matched,banglasarc3_binary+ben_sarc_binary,banglasarc3_binary,7
487ba6736df9dac4,1,1,-0.5234375,1.1640625,0.1561048974454574,0.8438951025545426,1.122869273980346,dann_matched,banglasarc3_binary+ben_sarc_binary,banglasarc3_binary,7
7224809745c5317e,0,0,0.84375,-0.51953125,0.7962924693012908,0.2037075306987091,1.122869273980346,dann_matched,banglasarc3_binary+ben_sarc_binary,banglasarc3_binary,7
cc351cfcab72e656,0,1,-0.39648438,0.98828125,0.20024470996061125,0.7997552900393888,1.122869273980346,dann_matched,banglasarc3_binary+ben_sarc_binary,banglasarc3_binary,7
0ac9087c2e695175,0,0,1.390625,-1.3046875,0.9367494780065266,0.06325052199347325,1.122869273980346,dann_matched,banglasarc3_binary+ben_sarc_binary,banglasarc3_binary,7
7ab4d04075a8767b,1,1,-0.59375,1.234375,0.13846179056896438,0.8615382094310357,1.122869273980346,dann_matched,banglasarc3_binary+ben_sarc_binary,banglasarc3_binary,7
005a81526dd973be,1,1,-0.69140625,1.2421875,0.12635333964061335,0.8736466603593868,1.122869273980346,dann_matched,banglasarc3_binary+ben_sarc_binary,banglasarc3_binary,7
5422984065fd2576,1,0,1.5390625,-1.5546875,0.9566342012360932,0.04336579876390677,1.122869273980346,dann_matched,banglasarc3_binary+ben_sarc_binary,banglasarc3_binary,7
73b2db9434de0a4f,1,1,-0.421875,1.140625,0.17328820592932656,0.8267117940706734,1.122869273980346,dann_matched,banglasarc3_binary+ben_sarc_binary,banglasarc3_binary,7
7b755c23081cae77,1,1,-0.34375,0.80859375,0.24006124795898495,0.7599387520410151,1.122869273980346,dann_matched,banglasarc3_binary+ben_sarc_binary,banglasarc3_binary,7
4df4505e1099e8b8,0,0,0.37890625,0.12451172,0.5632578476003665,0.43674215239963354,1.122869273980346,dann_matched,banglasarc3_binary+ben_sarc_binary,banglasarc3_binary,7
20d8bb2aacda3ef4,0,0,1.46875,-1.28125,0.9399133498259924,0.06008665017400762,1.122869273980346,dann_matched,banglasarc3_binary+ben_sarc_binary,banglasarc3_binary,7
86168cedfa8908d4,1,1,-0.76171875,1.34375,0.10856642283565619,0.8914335771643437,1.122869273980346,dann_matched,banglasarc3_binary+ben_sarc_binary,banglasarc3_binary,7
ffe0b07ccb36819b,1,1,-0.72265625,1.2734375,0.11961366366632263,0.8803863363336775,1.122869273980346,dann_matched,banglasarc3_binary+ben_sarc_binary,banglasarc3_binary,7
0f006194b45e6c5f,1,1,0.17675781,0.34960938,0.45689438056586734,0.5431056194341326,1.122869273980346,dann_matched,banglasarc3_binary+ben_sarc_binary,banglasarc3_binary,7
0032784830ddb818,0,0,0.875,-0.19140625,0.743912883406992,0.2560871165930079,1.122869273980346,dann_matched,banglasarc3_binary+ben_sarc_binary,banglasarc3_binary,7
471ce8d0863df951,0,1,-0.17578125,0.875,0.259075107596318,0.740924892403682,1.122869273980346,dann_matched,banglasarc3_binary+ben_sarc_binary,banglasarc3_binary,7
b8051eeb7d141427,1,1,-0.48828125,1.1015625,0.16940588134972326,0.8305941186502768,1.122869273980346,dann_matched,banglasarc3_binary+ben_sarc_binary,banglasarc3_binary,7
13f5d731d71ec752,0,0,1.7265625,-1.7734375,0.9706877692486436,0.029312230751356316,1.122869273980346,dann_matched,banglasarc3_binary+ben_sarc_binary,banglasarc3_binary,7
53d67a30efe6b19e,0,1,-0.27539062,0.6640625,0.28101082202015076,0.7189891779798493,1.122869273980346,dann_matched,banglasarc3_binary+ben_sarc_binary,banglasarc3_binary,7
002c1140ae3dde4e,1,0,1.3125,-0.69140625,0.8812065994915543,0.11879340050844577,1.122869273980346,dann_matched,banglasarc3_binary+ben_sarc_binary,banglasarc3_binary,7
03a3878f85634362,1,1,-0.43945312,1.171875,0.166404302529738,0.8335956974702619,1.122869273980346,dann_matched,banglasarc3_binary+ben_sarc_binary,banglasarc3_binary,7
15cf011d32f28273,1,1,-0.123046875,0.515625,0.3455468255389751,0.6544531744610249,1.122869273980346,dann_matched,banglasarc3_binary+ben_sarc_binary,banglasarc3_binary,7
39afb1a94688145e,1,1,-0.07324219,0.6015625,0.33742182713424057,0.6625781728657594,1.122869273980346,dann_matched,banglasarc3_binary+ben_sarc_binary,banglasarc3_binary,7
5f3e3a9180cef321,1,1,-0.25,0.84765625,0.25017930009106876,0.7498206999089312,1.122869273980346,dann_matched,banglasarc3_binary+ben_sarc_binary,banglasarc3_binary,7
4962ffafd1494e25,1,0,1.2109375,-0.9921875,0.9005297861178929,0.09947021388210707,1.122869273980346,dann_matched,banglasarc3_binary+ben_sarc_binary,banglasarc3_binary,7
2f76c0643b8dc919,1,1,-0.69140625,1.234375,0.12721826766848623,0.8727817323315137,1.122869273980346,dann_matched,banglasarc3_binary+ben_sarc_binary,banglasarc3_binary,7
984ddd9e97dcc313,0,0,1.4765625,-1.0,0.9224823435231172,0.07751765647688268,1.122869273980346,dann_matched,banglasarc3_binary+ben_sarc_binary,banglasarc3_binary,7
37b55e10fbcaaa62,0,1,-0.5,1.109375,0.16667540468797667,0.8333245953120233,1.122869273980346,dann_matched,banglasarc3_binary+ben_sarc_binary,banglasarc3_binary,7
73d0ee7cb4b89e64,1,1,-0.734375,1.3359375,0.11201595092000367,0.8879840490799963,1.122869273980346,dann_matched,banglasarc3_binary+ben_sarc_binary,banglasarc3_binary,7
67351714d10f07bb,1,1,-0.34960938,0.90625,0.2216875011987412,0.7783124988012587,1.122869273980346,dann_matched,banglasarc3_binary+ben_sarc_binary,banglasarc3_binary,7
a4ebfa262a40ce6d,1,1,-0.3515625,0.90625,0.22135068799782798,0.7786493120021721,1.122869273980346,dann_matched,banglasarc3_binary+ben_sarc_binary,banglasarc3_binary,7
711787e882523b00,0,0,0.43945312,0.15722656,0.5700920106599905,0.42990798934000957,1.122869273980346,dann_matched,banglasarc3_binary+ben_sarc_binary,banglasarc3_binary,7
46fef03e1665a7ca,0,1,-0.421875,1.0078125,0.19314738002256465,0.8068526199774353,1.122869273980346,dann_matched,banglasarc3_binary+ben_sarc_binary,banglasarc3_binary,7
a76dc1c36dd7c504,0,1,0.1484375,0.32617188,0.45568300754008706,0.5443169924599129,1.122869273980346,dann_matched,banglasarc3_binary+ben_sarc_binary,banglasarc3_binary,7
d7b2d256a4143a25,1,0,0.32421875,-0.20214844,0.6286354183147999,0.37136458168520015,1.122869273980346,dann_matched,banglasarc3_binary+ben_sarc_binary,banglasarc3_binary,7
1b94ccf4d275d3d1,1,0,0.68359375,-0.31445312,0.7306743976944328,0.2693256023055673,1.122869273980346,dann_matched,banglasarc3_binary+ben_sarc_binary,banglasarc3_binary,7
734ed3d8328829a9,1,1,-0.8359375,1.4609375,0.09138210306717136,0.9086178969328287,1.122869273980346,dann_matched,banglasarc3_binary+ben_sarc_binary,banglasarc3_binary,7
a6b2d326016440e6,1,1,0.12792969,0.515625,0.4042722301936606,0.5957277698063393,1.122869273980346,dann_matched,banglasarc3_binary+ben_sarc_binary,banglasarc3_binary,7
31b230e3a9af4fda,0,0,1.3203125,-0.984375,0.909264512360149,0.09073548763985106,1.122869273980346,dann_matched,banglasarc3_binary+ben_sarc_binary,banglasarc3_binary,7
2220cd6a505565f7,0,0,1.8203125,-1.6484375,0.9697854129326061,0.03021458706739398,1.122869273980346,dann_matched,banglasarc3_binary+ben_sarc_binary,banglasarc3_binary,7
ce2b334fad8c3a5d,0,0,0.42578125,0.040527344,0.595139653660142,0.404860346339858,1.122869273980346,dann_matched,banglasarc3_binary+ben_sarc_binary,banglasarc3_binary,7
722c6881b0dee379,1,1,-0.38085938,0.96875,0.20593424154536946,0.7940657584546307,1.122869273980346,dann_matched,banglasarc3_binary+ben_sarc_binary,banglasarc3_binary,7
f1e88058df9310e0,1,0,1.1328125,-0.8828125,0.8824278664544911,0.11757213354550883,1.122869273980346,dann_matched,banglasarc3_binary+ben_sarc_binary,banglasarc3_binary,7
e2b5924ce46e4127,1,1,0.15332031,0.359375,0.44866782380995457,0.5513321761900454,1.122869273980346,dann_matched,banglasarc3_binary+ben_sarc_binary,banglasarc3_binary,7
8aa47f0f19a6b655,0,0,1.7890625,-1.9921875,0.9777138144607745,0.022286185539225494,1.122869273980346,dann_matched,banglasarc3_binary+ben_sarc_binary,banglasarc3_binary,7
366e2c4f0de8d88d,0,1,-0.74609375,1.421875,0.1026640095733654,0.8973359904266346,1.122869273980346,dann_matched,banglasarc3_binary+ben_sarc_binary,banglasarc3_binary,7
49e7e0b2adafbcd1,0,0,1.390625,-0.984375,0.9149009549929797,0.08509904500702024,1.122869273980346,dann_matched,banglasarc3_binary+ben_sarc_binary,banglasarc3_binary,7
aae4075a20d3ba22,0,0,0.50390625,0.044189453,0.6129469903362762,0.3870530096637238,1.122869273980346,dann_matched,banglasarc3_binary+ben_sarc_binary,banglasarc3_binary,7
f70f4b9f132b9352,0,0,1.109375,-0.48046875,0.8305941186502768,0.16940588134972326,1.122869273980346,dann_matched,banglasarc3_binary+ben_sarc_binary,banglasarc3_binary,7
e868e8fa9c38e342,0,0,1.3828125,-1.1171875,0.9241418199787566,0.07585818002124356,1.122869273980346,dann_matched,banglasarc3_binary+ben_sarc_binary,banglasarc3_binary,7
34f804166b33a246,1,1,-0.7890625,1.453125,0.09602548878779378,0.9039745112122062,1.122869273980346,dann_matched,banglasarc3_binary+ben_sarc_binary,banglasarc3_binary,7
186dcee2e7df2920,1,1,-0.43554688,0.83203125,0.21967211902506867,0.7803278809749313,1.122869273980346,dann_matched,banglasarc3_binary+ben_sarc_binary,banglasarc3_binary,7
992528b2a23ee70a,0,0,0.97265625,-0.55859375,0.8221891305219503,0.17781086947804958,1.122869273980346,dann_matched,banglasarc3_binary+ben_sarc_binary,banglasarc3_binary,7
63b9ff3f715bfb2f,0,0,1.7421875,-1.6640625,0.9678992932829918,0.03210070671700819,1.122869273980346,dann_matched,banglasarc3_binary+ben_sarc_binary,banglasarc3_binary,7
52a86f6315459641,1,1,-0.546875,1.0234375,0.17217184695139578,0.8278281530486042,1.122869273980346,dann_matched,banglasarc3_binary+ben_sarc_binary,banglasarc3_binary,7
875e2c2018999836,0,0,1.7265625,-1.4296875,0.9591542840900507,0.040845715909949315,1.122869273980346,dann_matched,banglasarc3_binary+ben_sarc_binary,banglasarc3_binary,7
b0853ab27aae530b,0,0,0.7421875,-0.296875,0.7386690743254897,0.26133092567451033,1.122869273980346,dann_matched,banglasarc3_binary+ben_sarc_binary,banglasarc3_binary,7
2360a4258810318d,0,1,-0.021606445,0.51171875,0.3697416735057623,0.6302583264942376,1.122869273980346,dann_matched,banglasarc3_binary+ben_sarc_binary,banglasarc3_binary,7
6691a7d1596c1c0e,0,0,1.3515625,-0.9921875,0.9124361604769414,0.08756383952305867,1.122869273980346,dann_matched,banglasarc3_binary+ben_sarc_binary,banglasarc3_binary,7
c7c7d1e79083dbae,0,1,-0.16699219,0.7578125,0.283979918439187,0.716020081560813,1.122869273980346,dann_matched,banglasarc3_binary+ben_sarc_binary,banglasarc3_binary,7
07edd2171dff4faa,1,1,-0.65625,1.4921875,0.10447732313023693,0.8955226768697631,1.122869273980346,dann_matched,banglasarc3_binary+ben_sarc_binary,banglasarc3_binary,7
2652e297e664589c,1,1,-0.65234375,1.296875,0.12463857053608371,0.8753614294639163,1.122869273980346,dann_matched,banglasarc3_binary+ben_sarc_binary,banglasarc3_binary,7
ce6d32b468635b62,1,1,-0.85546875,1.46875,0.08913693827254159,0.9108630617274585,1.122869273980346,dann_matched,banglasarc3_binary+ben_sarc_binary,banglasarc3_binary,7
112e0419a2dcbd6c,0,1,-0.5546875,1.2890625,0.13660839002621938,0.8633916099737806,1.122869273980346,dann_matched,banglasarc3_binary+ben_sarc_binary,banglasarc3_binary,7
175f493bd4aa3997,1,1,-0.40429688,1.2109375,0.1658631571753889,0.8341368428246111,1.122869273980346,dann_matched,banglasarc3_binary+ben_sarc_binary,banglasarc3_binary,7
15319cb8ed77aaa8,1,1,-0.54296875,1.390625,0.12635333964061335,0.8736466603593868,1.122869273980346,dann_matched,banglasarc3_binary+ben_sarc_binary,banglasarc3_binary,7
