item_id,gold_label,pred_label,logit_0,logit_1,prob_0,prob_1,temperature,system,source,target,seed
75b57cb785399524,1,1,-0.29296875,0.37890625,0.33807712415000585,0.6619228758499942,2.09093149036981,dann_matched,banglasarc_binary+ben_sarc_binary,banglasarc3_binary,123
ea89903ebde9ec48,0,0,3.6875,-4.0625,0.9995694429186754,0.00043055708132461493,2.09093149036981,dann_matched,banglasarc_binary+ben_sarc_binary,banglasarc3_binary,123
7985dbfde1b7e765,1,0,2.09375,-2.25,0.9871787857334058,0.012821214266594244,2.09093149036981,dann_matched,banglasarc_binary+ben_sarc_binary,banglasarc3_binary,123
d0c67c93af7f80e7,0,0,1.359375,-1.5078125,0.946200356539936,0.053799643460063995,2.09093149036981,dann_matched,banglasarc_binary+ben_sarc_binary,banglasarc3_binary,123
050e2a5781c6d2a8,1,1,-1.4921875,1.671875,0.040540738463481864,0.9594592615365182,2.09093149036981,dann_matched,banglasarc_binary+ben_sarc_binary,banglasarc3_binary,123
510f4f1ce14fbaae,1,1,-0.13671875,0.17871094,0.42178997003678165,0.5782100299632185,2.09093149036981,dann_matched,banglasarc_binary+ben_sarc_binary,banglasarc3_binary,123
1e477c743f0a9075,0,0,2.265625,-2.375,0.9904406006529085,0.009559399347091532,2.09093149036981,dann_matched,banglasarc_binary+ben_sarc_binary,banglasarc3_binary,123
8bc8673823772559,1,0,0.890625,-0.875,0.8539127529517043,0.14608724704829565,2.09093149036981,dann_matched,banglasarc_binary+ben_sarc_binary,banglasarc3_binary,123
bd8f33b2d8745739,1,1,-1.8125,1.96875,0.022286185539225494,0.9777138144607745,2.09093149036981,dann_matched,banglasarc_binary+ben_sarc_binary,banglasarc3_binary,123
f38f331e6bcc6f51,0,0,3.8125,-4.1875,0.9996646498695336,0.00033535013046647816,2.09093149036981,dann_matched,banglasarc_binary+ben_sarc_binary,banglasarc3_binary,123
711571c05022201a,1,1,-1.4921875,1.734375,0.03817827426156642,0.9618217257384336,2.09093149036981,dann_matched,banglasarc_binary+ben_sarc_binary,banglasarc3_binary,123
e16f46a1ebdb3d2c,1,1,-1.09375,1.2578125,0.08694165672789168,0.9130583432721083,2.09093149036981,dann_matched,banglasarc_binary+ben_sarc_binary,banglasarc3_binary,123
96f8f1c864b37ed7,0,0,0.6953125,-0.74609375,0.8086723228520697,0.19132767714793028,2.09093149036981,dann_matched,banglasarc_binary+ben_sarc_binary,banglasarc3_binary,123
f479880c55bd2491,0,1,0.015625,0.06640625,0.4873074149509266,0.5126925850490733,2.09093149036981,dann_matched,banglasarc_binary+ben_sarc_binary,banglasarc3_binary,123
65fbbf2f8d05469a,1,0,2.6875,-2.921875,0.9963500129687901,0.003649987031209837,2.09093149036981,dann_matched,banglasarc_binary+ben_sarc_binary,banglasarc3_binary,123
8c201fa1f055e850,1,0,1.125,-1.1796875,0.909264512360149,0.09073548763985106,2.09093149036981,dann_matched,banglasarc_binary+ben_sarc_binary,banglasarc3_binary,123
eb85c00573b45dd3,1,0,1.5625,-1.6328125,0.9606574967357419,0.03934250326425821,2.09093149036981,dann_matched,banglasarc_binary+ben_sarc_binary,banglasarc3_binary,123
db73ddb0d256ba8f,1,0,1.5859375,-1.625,0.9612438064128053,0.03875619358719477,2.09093149036981,dann_matched,banglasarc_binary+ben_sarc_binary,banglasarc3_binary,123
108f2ff9574fa860,1,0,1.375,-1.4765625,0.9453993942183476,0.05460060578165237,2.09093149036981,dann_matched,banglasarc_binary+ben_sarc_binary,banglasarc3_binary,123
651cfe2be094f7d4,0,0,2.96875,-3.265625,0.9980429830598053,0.0019570169401946333,2.09093149036981,dann_matched,banglasarc_binary+ben_sarc_binary,banglasarc3_binary,123
701194ab8ff79d41,1,1,-1.8515625,2.046875,0.019870713960402048,0.980129286039598,2.09093149036981,dann_matched,banglasarc_binary+ben_sarc_binary,banglasarc3_binary,123
7d54a3089303d820,1,1,-1.84375,2.03125,0.020332353342658753,0.9796676466573412,2.09093149036981,dann_matched,banglasarc_binary+ben_sarc_binary,banglasarc3_binary,123
07a4bfe2a5a2e5ca,1,0,0.24609375,-0.22851562,0.6164741517821578,0.38352584821784214,2.09093149036981,dann_matched,banglasarc_binary+ben_sarc_binary,banglasarc3_binary,123
8e8d800bdbdaaff7,0,0,2.71875,-3.015625,0.9967775156759975,0.003222484324002434,2.09093149036981,dann_matched,banglasarc_binary+ben_sarc_binary,banglasarc3_binary,123
ce91a1211be5691e,0,0,1.28125,-1.2890625,0.9289263306198166,0.07107366938018356,2.09093149036981,dann_matched,banglasarc_binary+ben_sarc_binary,banglasarc3_binary,123
b67fe2f1724da4fc,0,0,1.6796875,-1.75,0.9686195704870232,0.031380429512976746,2.09093149036981,dann_matched,banglasarc_binary+ben_sarc_binary,banglasarc3_binary,123
c82b33bcfb8e93ad,1,1,-1.7265625,1.953125,0.024609928625961945,0.975390071374038,2.09093149036981,dann_matched,banglasarc_binary+ben_sarc_binary,banglasarc3_binary,123
94ad7e948eed42c2,1,1,-1.5,1.6640625,0.040540738463481864,0.9594592615365182,2.09093149036981,dann_matched,banglasarc_binary+ben_sarc_binary,banglasarc3_binary,123
7065829cdc40567b,1,1,-1.3125,1.4609375,0.05877655584806683,0.9412234441519332,2.09093149036981,dann_matched,banglasarc_binary+ben_sarc_binary,banglasarc3_binary,123
80cf082fa6d9ed32,0,0,1.7734375,-1.90625,0.975390071374038,0.024609928625961945,2.09093149036981,dann_matched,banglasarc_binary+ben_sarc_binary,banglasarc3_binary,123
082cc009d05d3e6a,0,0,2.5625,-2.8125,0.9953904278206259,0.004609572179374208,2.09093149036981,dann_matched,banglasarc_binary+ben_sarc_binary,banglasarc3_binary,123
91675e6a7e696d31,1,1,-1.0078125,1.15625,0.1030244283262171,0.896975571673783,2.09093149036981,dann_matched,banglasarc_binary+ben_sarc_binary,banglasarc3_binary,123
0f26e9a22c5ac1d7,0,1,-0.43945312,0.56640625,0.26779095917858514,0.7322090408214149,2.09093149036981,dann_matched,banglasarc_binary+ben_sarc_binary,banglasarc3_binary,123
9a4c63e1a0b50046,0,0,1.3203125,-1.5625,0.9469902279841446,0.05300977201585542,2.09093149036981,dann_matched,banglasarc_binary+ben_sarc_binary,banglasarc3_binary,123
dd8a11641c9c1035,1,1,-0.66796875,0.84375,0.180684214164803,0.819315785835197,2.09093149036981,dann_matched,banglasarc_binary+ben_sarc_binary,banglasarc3_binary,123
947e78373e8ee90d,1,1,-1.3203125,1.5,0.056236345704483756,0.9437636542955161,2.09093149036981,dann_matched,banglasarc_binary+ben_sarc_binary,banglasarc3_binary,123
a93bffde267df6fb,0,0,0.54296875,-0.53125,0.7453983772125647,0.2546016227874352,2.09093149036981,dann_matched,banglasarc_binary+ben_sarc_binary,banglasarc3_binary,123
2b6006a4aa890634,0,1,-1.3125,1.4921875,0.057071397225397696,0.9429286027746023,2.09093149036981,dann_matched,banglasarc_binary+ben_sarc_binary,banglasarc3_binary,123
08c0f13f45787db9,0,0,2.703125,-2.859375,0.9961755163553627,0.0038244836446372104,2.09093149036981,dann_matched,banglasarc_binary+ben_sarc_binary,banglasarc3_binary,123
ec266bb4c5478b18,1,1,-0.421875,0.53515625,0.2774729816308713,0.7225270183691288,2.09093149036981,dann_matched,banglasarc_binary+ben_sarc_binary,banglasarc3_binary,123
073d86cef983e918,1,0,2.0625,-2.25,0.9867771782476948,0.013222821752305148,2.09093149036981,dann_matched,banglasarc_binary+ben_sarc_binary,banglasarc3_binary,123
67edcfa910eb831c,1,0,0.29882812,-0.28515625,0.6419836947437564,0.3580163052562437,2.09093149036981,dann_matched,banglasarc_binary+ben_sarc_binary,banglasarc3_binary,123
04d2c1127101c192,1,0,0.06298828,0.052001953,0.5027465544056818,0.4972534455943181,2.09093149036981,dann_matched,banglasarc_binary+ben_sarc_binary,banglasarc3_binary,123
876b4804c6fc5b43,1,1,-1.96875,2.15625,0.01590639171181471,0.9840936082881853,2.09093149036981,dann_matched,banglasarc_binary+ben_sarc_binary,banglasarc3_binary,123
34dbd0864564cfc0,0,0,1.4609375,-1.5546875,0.9532750413739076,0.04672495862609242,2.09093149036981,dann_matched,banglasarc_binary+ben_sarc_binary,banglasarc3_binary,123
63a49fd32ab811fd,0,1,-0.46289062,0.546875,0.2670257208309401,0.73297427916906,2.09093149036981,dann_matched,banglasarc_binary+ben_sarc_binary,banglasarc3_binary,123
265176b36196d1b2,0,0,1.234375,-1.203125,0.9196425311777929,0.08035746882220708,2.09093149036981,dann_matched,banglasarc_binary+ben_sarc_binary,banglasarc3_binary,123
96de00b59977a347,1,1,-0.5703125,0.61328125,0.23440664578188122,0.7655933542181188,2.09093149036981,dann_matched,banglasarc_binary+ben_sarc_binary,banglasarc3_binary,123
4a51117b4af25a2c,1,1,-0.89453125,1.0234375,0.1280882483446611,0.8719117516553389,2.09093149036981,dann_matched,banglasarc_binary+ben_sarc_binary,banglasarc3_binary,123
aaa1c8bb9251740a,1,0,2.671875,-2.984375,0.9965165758069192,0.0034834241930806675,2.09093149036981,dann_matched,banglasarc_binary+ben_sarc_binary,banglasarc3_binary,123
b956c99bea48b45e,0,0,2.109375,-2.40625,0.9891815513471369,0.010818448652863185,2.09093149036981,dann_matched,banglasarc_binary+ben_sarc_binary,banglasarc3_binary,123
a7f029b1664720b2,0,0,3.34375,-3.671875,0.9991030606763281,0.0008969393236719385,2.09093149036981,dann_matched,banglasarc_binary+ben_sarc_binary,banglasarc3_binary,123
1f65da3aad7897f2,0,0,3.90625,-4.21875,0.999704042886487,0.000295957113513077,2.09093149036981,dann_matched,banglasarc_binary+ben_sarc_binary,banglasarc3_binary,123
e299df642da32c11,1,1,-1.265625,1.421875,0.06371499425196533,0.9362850057480346,2.09093149036981,dann_matched,banglasarc_binary+ben_sarc_binary,banglasarc3_binary,123
281dcf0e5128a950,1,1,-1.4296875,1.6484375,0.04401864986294638,0.9559813501370537,2.09093149036981,dann_matched,banglasarc_binary+ben_sarc_binary,banglasarc3_binary,123
4d19d4857cf11f76,1,0,3.65625,-4.0625,0.9995557816410785,0.0004442183589214343,2.09093149036981,dann_matched,banglasarc_binary+ben_sarc_binary,banglasarc3_binary,123
0a1efda3664119ed,0,0,1.515625,-1.609375,0.9579122720843811,0.04208772791561884,2.09093149036981,dann_matched,banglasarc_binary+ben_sarc_binary,banglasarc3_binary,123
222513aed35eef7e,0,1,-1.2578125,1.4140625,0.06465348835622392,0.9353465116437761,2.09093149036981,dann_matched,banglasarc_binary+ben_sarc_binary,banglasarc3_binary,123
39fe6dafd7939acc,0,0,2.28125,-2.453125,0.9912886155422945,0.008711384457705508,2.09093149036981,dann_matched,banglasarc_binary+ben_sarc_binary,banglasarc3_binary,123
a27193d4c497eccb,0,0,2.25,-2.375,0.9902915235185259,0.009708476481474066,2.09093149036981,dann_matched,banglasarc_binary+ben_sarc_binary,banglasarc3_binary,123
a6de149712c45c7c,1,1,-1.390625,1.609375,0.04742587317756679,0.9525741268224334,2.09093149036981,dann_matched,banglasarc_binary+ben_sarc_binary,banglasarc3_binary,123
73ec3e5aee767003,0,0,1.765625,-1.8359375,0.9734434290045008,0.02655657099549924,2.09093149036981,dann_matched,banglasarc_binary+ben_sarc_binary,banglasarc3_binary,123
7be88e4c070ecb7c,0,0,3.265625,-3.84375,0.999183261895333,0.0008167381046669486,2.09093149036981,dann_matched,banglasarc_binary+ben_sarc_binary,banglasarc3_binary,123
e1692847746aaeb7,0,1,-1.6484375,1.75,0.032344332381157095,0.9676556676188429,2.09093149036981,dann_matched,banglasarc_binary+ben_sarc_binary,banglasarc3_binary,123
affe88ed42c09f2b,0,0,1.7578125,-1.9921875,0.9770226300899744,0.02297736991002561,2.09093149036981,dann_matched,banglasarc_binary+ben_sarc_binary,banglasarc3_binary,123
c26d77ece62c8a34,0,0,2.65625,-2.921875,0.9962345862153261,0.0037654137846738736,2.09093149036981,dann_matched,banglasarc_binary+ben_sarc_binary,banglasarc3_binary,123
4562504c76eb98bd,1,0,1.46875,-1.6328125,0.9569571506599678,0.04304284934003218,2.09093149036981,dann_matched,banglasarc_binary+ben_sarc_binary,banglasarc3_binary,123
c31bf7af3cca52d5,0,0,3.234375,-3.453125,0.9987551566979116,0.0012448433020883743,2.09093149036981,dann_matched,banglasarc_binary+ben_sarc_binary,banglasarc3_binary,123
d60439bc7741539c,1,0,2.71875,-3.125,0.9971104189822263,0.002889581017773627,2.09093149036981,dann_matched,banglasarc_binary+ben_sarc_binary,banglasarc3_binary,123
e0c3a628a2e7801f,1,1,-1.25,1.203125,0.07921032410902437,0.9207896758909757,2.09093149036981,dann_matched,banglasarc_binary+ben_sarc_binary,banglasarc3_binary,123
0cd82b6dca6fe2e1,1,0,1.2421875,-1.2578125,0.9241418199787566,0.07585818002124356,2.09093149036981,dann_matched,banglasarc_binary+ben_sarc_binary,banglasarc3_binary,123
1d09754dbb62cc6b,1,0,0.072753906,0.036376953,0.5090932355599085,0.49090676444009157,2.09093149036981,dann_matched,banglasarc_binary+ben_sarc_binary,banglasarc3_binary,123
c311ed8c137856aa,1,0,1.625,-1.765625,0.9674102552339746,0.032589744766025344,2.09093149036981,dann_matched,banglasarc_binary+ben_sarc_binary,banglasarc3_binary,123
7071237a4ec6c93c,1,1,-1.1015625,1.2421875,0.08756383952305867,0.9124361604769414,2.09093149036981,dann_matched,banglasarc_binary+ben_sarc_binary,banglasarc3_binary,123
406cc3cc6af1c396,0,1,-1.6640625,1.859375,0.028652669309593447,0.9713473306904065,2.09093149036981,dann_matched,banglasarc_binary+ben_sarc_binary,banglasarc3_binary,123
5017f4130c84f906,1,0,1.921875,-2.046875,0.9814534354878828,0.0185465645121173,2.09093149036981,dann_matched,banglasarc_binary+ben_sarc_binary,banglasarc3_binary,123
dda9d98881ec3a10,0,0,2.640625,-2.734375,0.9953904278206259,0.004609572179374208,2.09093149036981,dann_matched,banglasarc_binary+ben_sarc_binary,banglasarc3_binary,123
44526b65a93bf812,0,0,2.125,-2.296875,0.9881308789536605,0.011869121046339474,2.09093149036981,dann_matched,banglasarc_binary+ben_sarc_binary,banglasarc3_binary,123
045171b67bd95561,0,0,2.546875,-2.828125,0.9953904278206259,0.004609572179374208,2.09093149036981,dann_matched,banglasarc_binary+ben_sarc_binary,banglasarc3_binary,123
008c34b815bb55fd,0,0,2.65625,-3.109375,0.9968763514001466,0.0031236485998533104,2.09093149036981,dann_matched,banglasarc_binary+ben_sarc_binary,banglasarc3_binary,123
aca0a6cea18374f2,0,0,1.265625,-1.3828125,0.9339146213324513,0.06608537866754877,2.09093149036981,dann_matched,banglasarc_binary+ben_sarc_binary,banglasarc3_binary,123
51e0fcfbe89577bb,1,1,-0.17675781,0.25976562,0.3925696755692437,0.6074303244307563,2.09093149036981,dann_matched,banglasarc_binary+ben_sarc_binary,banglasarc3_binary,123
0cd747c951646fc6,1,0,1.1640625,-1.28125,0.9202179865359069,0.079782013464093,2.09093149036981,dann_matched,banglasarc_binary+ben_sarc_binary,banglasarc3_binary,123
2a8dc43b96afa2e7,1,1,-0.99609375,1.15625,0.10411241155799623,0.8958875884420037,2.09093149036981,dann_matched,banglasarc_binary+ben_sarc_binary,banglasarc3_binary,123
4dacd616983d14ed,1,0,3.859375,-4.09375,0.9996485617367191,0.0003514382632807918,2.09093149036981,dann_matched,banglasarc_binary+ben_sarc_binary,banglasarc3_binary,123
8e45e4191312d057,0,0,3.03125,-3.453125,0.9984752136087741,0.001524786391225749,2.09093149036981,dann_matched,banglasarc_binary+ben_sarc_binary,banglasarc3_binary,123
a30ac9245fef57e8,0,0,2.9375,-3.296875,0.9980429830598053,0.0019570169401946333,2.09093149036981,dann_matched,banglasarc_binary+ben_sarc_binary,banglasarc3_binary,123
1ba578744dcf18f2,0,0,0.123046875,-0.16210938,0.5708098913740778,0.42919010862592216,2.09093149036981,dann_matched,banglasarc_binary+ben_sarc_binary,banglasarc3_binary,123
a61d6c2433486af9,0,1,-1.0859375,1.2265625,0.09009299396195182,0.9099070060380482,2.09093149036981,dann_matched,banglasarc_binary+ben_sarc_binary,banglasarc3_binary,123
8cb4b0e68d2b2280,0,0,1.15625,-1.203125,0.9136765234137297,0.08632347658627028,2.09093149036981,dann_matched,banglasarc_binary+ben_sarc_binary,banglasarc3_binary,123
5862ad605fad8a15,1,1,-0.32617188,0.43945312,0.31742626558767584,0.682573734412324,2.09093149036981,dann_matched,banglasarc_binary+ben_sarc_binary,banglasarc3_binary,123
cdf0634800d69305,1,0,1.0546875,-1.1328125,0.8991213772699436,0.10087862273005653,2.09093149036981,dann_matched,banglasarc_binary+ben_sarc_binary,banglasarc3_binary,123
778c43b485a168af,1,0,3.03125,-2.96875,0.9975273768433653,0.0024726231566347748,2.09093149036981,dann_matched,banglasarc_binary+ben_sarc_binary,banglasarc3_binary,123
1df9d37a3cec5465,0,0,2.296875,-2.515625,0.9919380084717284,0.008061991528271641,2.09093149036981,dann_matched,banglasarc_binary+ben_sarc_binary,banglasarc3_binary,123
47b74426cb84e137,1,1,-0.18652344,0.31835938,0.3763938777322063,0.6236061222677938,2.09093149036981,dann_matched,banglasarc_binary+ben_sarc_binary,banglasarc3_binary,123
3f468b17c098db0b,0,0,1.8359375,-1.9296875,0.9773707999669629,0.022629200033037256,2.09093149036981,dann_matched,banglasarc_binary+ben_sarc_binary,banglasarc3_binary,123
e8eed6879adc1fb9,1,0,0.13671875,-0.012939453,0.5373448738938922,0.4626551261061078,2.09093149036981,dann_matched,banglasarc_binary+ben_sarc_binary,banglasarc3_binary,123
59adf653819d9fe1,0,1,-0.140625,0.27734375,0.39700291244413005,0.60299708755587,2.09093149036981,dann_matched,banglasarc_binary+ben_sarc_binary,banglasarc3_binary,123
ab24e7278a3aa349,1,0,1.1484375,-1.2421875,0.91610961358942,0.08389038641057993,2.09093149036981,dann_matched,banglasarc_binary+ben_sarc_binary,banglasarc3_binary,123
e3d3248598f096fa,1,1,-0.71484375,0.8828125,0.16830944120734956,0.8316905587926504,2.09093149036981,dann_matched,banglasarc_binary+ben_sarc_binary,banglasarc3_binary,123
cc1dab7c4d3e2fa9,1,1,-0.40429688,0.4296875,0.30280325474349784,0.6971967452565021,2.09093149036981,dann_matched,banglasarc_binary+ben_sarc_binary,banglasarc3_binary,123
f7a48562ed437eea,0,0,2.515625,-2.796875,0.9950945942942779,0.004905405705722035,2.09093149036981,dann_matched,banglasarc_binary+ben_sarc_binary,banglasarc3_binary,123
b2ae48f6c244c3b3,1,0,1.1015625,-1.1640625,0.9059898203834277,0.09401017961657226,2.09093149036981,dann_matched,banglasarc_binary+ben_sarc_binary,banglasarc3_binary,123
6d69a5e5443ef4a0,0,1,-1.21875,1.3828125,0.06903792817479,0.9309620718252101,2.09093149036981,dann_matched,banglasarc_binary+ben_sarc_binary,banglasarc3_binary,123
17e9568c1bec66f3,1,0,3.953125,-4.1875,0.9997086299393205,0.00029137006067943023,2.09093149036981,dann_matched,banglasarc_binary+ben_sarc_binary,banglasarc3_binary,123
432511856befb10b,0,0,3.390625,-3.71875,0.999183261895333,0.0008167381046669486,2.09093149036981,dann_matched,banglasarc_binary+ben_sarc_binary,banglasarc3_binary,123
b7be99240747d7b9,0,0,3.203125,-3.453125,0.9987156918798661,0.0012843081201339697,2.09093149036981,dann_matched,banglasarc_binary+ben_sarc_binary,banglasarc3_binary,123
88421f62e8ff3b41,1,0,0.84375,-0.8671875,0.8469578427551038,0.15304215724489628,2.09093149036981,dann_matched,banglasarc_binary+ben_sarc_binary,banglasarc3_binary,123
3e2207ffcf3ee105,0,1,-1.2109375,1.3515625,0.07159119944455247,0.9284088005554476,2.09093149036981,dann_matched,banglasarc_binary+ben_sarc_binary,banglasarc3_binary,123
f95cec4307ef3024,0,0,0.63671875,-0.61328125,0.7772998611746911,0.22270013882530884,2.09093149036981,dann_matched,banglasarc_binary+ben_sarc_binary,banglasarc3_binary,123
26b12ba4953ff47f,1,1,-1.6171875,1.7421875,0.033589505650103976,0.9664104943498959,2.09093149036981,dann_matched,banglasarc_binary+ben_sarc_binary,banglasarc3_binary,123
9e6fb96648d97dc0,0,0,0.734375,-0.82421875,0.8261514726455292,0.17384852735447087,2.09093149036981,dann_matched,banglasarc_binary+ben_sarc_binary,banglasarc3_binary,123
a4b8f5a2bfe6f63a,1,1,-1.1640625,1.2578125,0.08151975597471893,0.9184802440252811,2.09093149036981,dann_matched,banglasarc_binary+ben_sarc_binary,banglasarc3_binary,123
c7e2731135ca9edc,1,1,0.01159668,0.029785156,0.49545300621198185,0.5045469937880183,2.09093149036981,dann_matched,banglasarc_binary+ben_sarc_binary,banglasarc3_binary,123
a5f5e1447f81c7c1,0,0,3.28125,-3.65625,0.9990302480322174,0.0009697519677825861,2.09093149036981,dann_matched,banglasarc_binary+ben_sarc_binary,banglasarc3_binary,123
c2122763b56ffbf5,1,0,2.78125,-2.984375,0.9968763514001466,0.0031236485998533104,2.09093149036981,dann_matched,banglasarc_binary+ben_sarc_binary,banglasarc3_binary,123
d89f0be1f7612e43,1,1,-2.15625,2.375,0.010652510839726164,0.9893474891602738,2.09093149036981,dann_matched,banglasarc_binary+ben_sarc_binary,banglasarc3_binary,123
83ff80d11d2cfe42,0,1,-1.109375,1.2578125,0.08570927928078063,0.9142907207192192,2.09093149036981,dann_matched,banglasarc_binary+ben_sarc_binary,banglasarc3_binary,123
ff19766f243a9d57,1,1,-1.8828125,2.046875,0.019271137919768803,0.9807288620802312,2.09093149036981,dann_matched,banglasarc_binary+ben_sarc_binary,banglasarc3_binary,123
e8bd3886d550c247,1,0,1.0546875,-1.1640625,0.90192067652954,0.09807932347046003,2.09093149036981,dann_matched,banglasarc_binary+ben_sarc_binary,banglasarc3_binary,123
0cb293f08063597d,1,0,3.0,-3.4375,0.9984021545059827,0.0015978454940173438,2.09093149036981,dann_matched,banglasarc_binary+ben_sarc_binary,banglasarc3_binary,123
bd4e9e3bdd01a022,1,0,1.6875,-1.8671875,0.9722043774187549,0.027795622581245058,2.09093149036981,dann_matched,banglasarc_binary+ben_sarc_binary,banglasarc3_binary,123
5b22a3f51d681541,0,0,3.453125,-3.890625,0.9993537967092804,0.000646203290719727,2.09093149036981,dann_matched,banglasarc_binary+ben_sarc_binary,banglasarc3_binary,123
5e682d52ed383d6b,0,0,0.78515625,-0.76171875,0.8244619263765707,0.17553807362342935,2.09093149036981,dann_matched,banglasarc_binary+ben_sarc_binary,banglasarc3_binary,123
baad976c4d644487,0,0,3.6875,-4.0,0.999541687099365,0.00045831290063503817,2.09093149036981,dann_matched,banglasarc_binary+ben_sarc_binary,banglasarc3_binary,123
dd9bd6b2bf6b34e5,1,0,2.125,-2.34375,0.9886682464686385,0.011331753531361453,2.09093149036981,dann_matched,banglasarc_binary+ben_sarc_binary,banglasarc3_binary,123
cdbf9e38b718e84c,0,1,-1.234375,1.4296875,0.0651275468396235,0.9348724531603766,2.09093149036981,dann_matched,banglasarc_binary+ben_sarc_binary,banglasarc3_binary,123
4d0a57f210a73977,1,0,2.125,-2.40625,0.9893474891602738,0.010652510839726164,2.09093149036981,dann_matched,banglasarc_binary+ben_sarc_binary,banglasarc3_binary,123
ab338dede5081252,0,1,-0.6796875,0.69921875,0.20118471823927994,0.79881528176072,2.09093149036981,dann_matched,banglasarc_binary+ben_sarc_binary,banglasarc3_binary,123
e36d944d14221a6c,0,0,0.16894531,-0.119140625,0.5715274743002207,0.42847252569977934,2.09093149036981,dann_matched,banglasarc_binary+ben_sarc_binary,banglasarc3_binary,123
63ea034834c6a12c,0,0,1.6953125,-1.765625,0.9695556515673754,0.030444348432624533,2.09093149036981,dann_matched,banglasarc_binary+ben_sarc_binary,banglasarc3_binary,123
1ead6e0bfd452d2b,1,1,-1.609375,1.8046875,0.03185885568604046,0.9681411443139596,2.09093149036981,dann_matched,banglasarc_binary+ben_sarc_binary,banglasarc3_binary,123
9fb91b24bd470ab7,0,0,0.50390625,-0.46875,0.7256486280413706,0.27435137195862935,2.09093149036981,dann_matched,banglasarc_binary+ben_sarc_binary,banglasarc3_binary,123
7adb5d686301eb8f,1,0,1.6328125,-1.7265625,0.9664104943498959,0.033589505650103976,2.09093149036981,dann_matched,banglasarc_binary+ben_sarc_binary,banglasarc3_binary,123
30a467ac9c6d2435,1,1,-1.03125,1.171875,0.09947021388210707,0.9005297861178929,2.09093149036981,dann_matched,banglasarc_binary+ben_sarc_binary,banglasarc3_binary,123
4e5a50b99551fa9f,0,0,1.7734375,-1.7421875,0.9711290930537122,0.028870906946287907,2.09093149036981,dann_matched,banglasarc_binary+ben_sarc_binary,banglasarc3_binary,123
2cc5b657e99479ab,1,0,1.8515625,-1.9453125,0.9780517462851323,0.02194825371486785,2.09093149036981,dann_matched,banglasarc_binary+ben_sarc_binary,banglasarc3_binary,123
60a819c9455826f5,0,0,1.78125,-1.953125,0.9766692311915195,0.02333076880848049,2.09093149036981,dann_matched,banglasarc_binary+ben_sarc_binary,banglasarc3_binary,123
f387e0db7e685a99,0,0,0.77734375,-0.77734375,0.8255897216692099,0.17441027833079015,2.09093149036981,dann_matched,banglasarc_binary+ben_sarc_binary,banglasarc3_binary,123
0ccfba3f9e960460,1,0,1.8828125,-2.03125,0.9804313244446876,0.01956867555531235,2.09093149036981,dann_matched,banglasarc_binary+ben_sarc_binary,banglasarc3_binary,123
ddc2982c4d5b19bb,0,0,2.25,-2.390625,0.9904406006529085,0.009559399347091532,2.09093149036981,dann_matched,banglasarc_binary+ben_sarc_binary,banglasarc3_binary,123
c9700acd4f20666a,1,1,-0.50390625,0.55859375,0.25683199138751883,0.7431680086124811,2.09093149036981,dann_matched,banglasarc_binary+ben_sarc_binary,banglasarc3_binary,123
d4943eed81c34c48,1,0,2.9375,-3.203125,0.9978510507163746,0.0021489492836254285,2.09093149036981,dann_matched,banglasarc_binary+ben_sarc_binary,banglasarc3_binary,123
2e2e4b889c9df812,1,1,-1.3046875,1.4453125,0.06008665017400762,0.9399133498259924,2.09093149036981,dann_matched,banglasarc_binary+ben_sarc_binary,banglasarc3_binary,123
5ddbd9cf7f8b9e4e,1,0,2.15625,-2.4375,0.9899864293768268,0.010013570623173138,2.09093149036981,dann_matched,banglasarc_binary+ben_sarc_binary,banglasarc3_binary,123
0346c19c3d6e1abf,0,0,2.1875,-2.390625,0.9898303422461273,0.010169657753872614,2.09093149036981,dann_matched,banglasarc_binary+ben_sarc_binary,banglasarc3_binary,123
c5d392cb407885e6,0,0,0.890625,-0.83984375,0.8494723686970466,0.15052763130295335,2.09093149036981,dann_matched,banglasarc_binary+ben_sarc_binary,banglasarc3_binary,123
f4997612d5ea678a,0,1,-1.7109375,1.8984375,0.02635535284611975,0.9736446471538801,2.09093149036981,dann_matched,banglasarc_binary+ben_sarc_binary,banglasarc3_binary,123
5fb61d0d9878c215,0,0,1.703125,-1.8359375,0.9717790128704671,0.02822098712953305,2.09093149036981,dann_matched,banglasarc_binary+ben_sarc_binary,banglasarc3_binary,123
a3b2337ee913ed3c,1,0,0.45507812,-0.35742188,0.6926419831347361,0.30735801686526387,2.09093149036981,dann_matched,banglasarc_binary+ben_sarc_binary,banglasarc3_binary,123
218ac0a1387a629e,0,0,3.828125,-3.953125,0.9995826842393223,0.0004173157606777201,2.09093149036981,dann_matched,banglasarc_binary+ben_sarc_binary,banglasarc3_binary,123
18e844b31049008b,0,0,1.7578125,-1.8671875,0.9740426428022031,0.02595735719779685,2.09093149036981,dann_matched,banglasarc_binary+ben_sarc_binary,banglasarc3_binary,123
cbed70c13bc0c9f0,1,1,-1.0703125,1.21875,0.09203286011100995,0.90796713988899,2.09093149036981,dann_matched,banglasarc_binary+ben_sarc_binary,banglasarc3_binary,123
2ab1740ebfbd3e05,1,0,3.15625,-3.609375,0.9988486004343227,0.0011513995656772138,2.09093149036981,dann_matched,banglasarc_binary+ben_sarc_binary,banglasarc3_binary,123
0ac6a6a9e59b6038,1,0,0.31054688,-0.296875,0.6473524728455617,0.35264752715443837,2.09093149036981,dann_matched,banglasarc_binary+ben_sarc_binary,banglasarc3_binary,123
08f7a8e225bd8151,1,0,0.1171875,-0.07910156,0.5489153099415687,0.45108469005843144,2.09093149036981,dann_matched,banglasarc_binary+ben_sarc_binary,banglasarc3_binary,123
b09ce16653e41187,1,0,0.34179688,-0.33203125,0.6623598097593023,0.33764019024069764,2.09093149036981,dann_matched,banglasarc_binary+ben_sarc_binary,banglasarc3_binary,123
d8186fbe40131e81,1,1,-0.0021362305,0.103515625,0.4736115778898331,0.526388422110167,2.09093149036981,dann_matched,banglasarc_binary+ben_sarc_binary,banglasarc3_binary,123
c89eaa10622b37e2,1,0,2.640625,-2.9375,0.9962345862153261,0.0037654137846738736,2.09093149036981,dann_matched,banglasarc_binary+ben_sarc_binary,banglasarc3_binary,123
0ef139aef5b0b651,1,1,-1.7890625,1.9453125,0.02333076880848049,0.9766692311915195,2.09093149036981,dann_matched,banglasarc_binary+ben_sarc_binary,banglasarc3_binary,123
2f577efec6c86515,1,1,-0.8671875,1.0234375,0.13117322376181567,0.8688267762381844,2.09093149036981,dann_matched,banglasarc_binary+ben_sarc_binary,banglasarc3_binary,123
843e76141f5386ea,1,1,-0.70703125,0.8515625,0.17384852735447087,0.8261514726455292,2.09093149036981,dann_matched,banglasarc_binary+ben_sarc_binary,banglasarc3_binary,123
a6b139ef0507918c,0,0,1.5,-1.53125,0.9539660976007597,0.046033902399240385,2.09093149036981,dann_matched,banglasarc_binary+ben_sarc_binary,banglasarc3_binary,123
364f64d22ee2ac7a,0,0,2.4375,-2.65625,0.9939024378074247,0.006097562192575309,2.09093149036981,dann_matched,banglasarc_binary+ben_sarc_binary,banglasarc3_binary,123
2ac3b1eefc9be85e,1,0,1.0546875,-1.15625,0.9012274112476257,0.09877258875237437,2.09093149036981,dann_matched,banglasarc_binary+ben_sarc_binary,banglasarc3_binary,123
adf94921ccf02eaa,1,1,-1.8828125,2.078125,0.01868930842674908,0.9813106915732508,2.09093149036981,dann_matched,banglasarc_binary+ben_sarc_binary,banglasarc3_binary,123
a4d173afcf1ce29e,0,0,2.859375,-3.0625,0.9973269939672114,0.0026730060327886528,2.09093149036981,dann_matched,banglasarc_binary+ben_sarc_binary,banglasarc3_binary,123
503091a9ce967b64,1,1,-1.28125,1.4453125,0.06142404005467019,0.9385759599453297,2.09093149036981,dann_matched,banglasarc_binary+ben_sarc_binary,banglasarc3_binary,123
4d1624fcf2e4e7d6,1,0,1.0859375,-1.28125,0.9142907207192192,0.08570927928078063,2.09093149036981,dann_matched,banglasarc_binary+ben_sarc_binary,banglasarc3_binary,123
7bb7f9b1cb68aac0,0,0,3.765625,-4.15625,0.9996374099337169,0.0003625900662832244,2.09093149036981,dann_matched,banglasarc_binary+ben_sarc_binary,banglasarc3_binary,123
9b912e15d3d8493f,0,1,-1.4921875,1.7109375,0.03904829272622638,0.9609517072737735,2.09093149036981,dann_matched,banglasarc_binary+ben_sarc_binary,banglasarc3_binary,123
3827617f21fba1e3,0,0,4.0625,-4.53125,0.9998147742567347,0.00018522574326531078,2.09093149036981,dann_matched,banglasarc_binary+ben_sarc_binary,banglasarc3_binary,123
bbfcd270940c6f50,0,1,-1.125,1.2578125,0.08449275397500926,0.9155072460249908,2.09093149036981,dann_matched,banglasarc_binary+ben_sarc_binary,banglasarc3_binary,123
a5f9487af8a08111,1,1,-1.6171875,1.8046875,0.03161876726864548,0.9683812327313545,2.09093149036981,dann_matched,banglasarc_binary+ben_sarc_binary,banglasarc3_binary,123
b132c35de55abf62,1,1,-0.40625,0.48242188,0.2913839818300965,0.7086160181699034,2.09093149036981,dann_matched,banglasarc_binary+ben_sarc_binary,banglasarc3_binary,123
49e50f5f6743b9a9,0,0,1.25,-1.296875,0.927363293639213,0.07263670636078697,2.09093149036981,dann_matched,banglasarc_binary+ben_sarc_binary,banglasarc3_binary,123
bc2fea241ae6e245,0,0,3.3125,-3.765625,0.9991573576912437,0.0008426423087564059,2.09093149036981,dann_matched,banglasarc_binary+ben_sarc_binary,banglasarc3_binary,123
1ac9669da2a3b22a,0,0,3.28125,-3.515625,0.9988839857401568,0.001116014259843091,2.09093149036981,dann_matched,banglasarc_binary+ben_sarc_binary,banglasarc3_binary,123
c678ed32dfec8e9b,1,0,0.40234375,-0.45117188,0.7013041046440932,0.2986958953559069,2.09093149036981,dann_matched,banglasarc_binary+ben_sarc_binary,banglasarc3_binary,123
1a46fdea53a04cce,0,1,-0.4140625,0.42773438,0.30115647636690435,0.6988435236330957,2.09093149036981,dann_matched,banglasarc_binary+ben_sarc_binary,banglasarc3_binary,123
a27bf2e316d4219b,1,1,0.006958008,0.034179688,0.49319500029292096,0.5068049997070792,2.09093149036981,dann_matched,banglasarc_binary+ben_sarc_binary,banglasarc3_binary,123
0cec6e06c0ba9f1e,0,0,3.421875,-3.90625,0.9993436271675653,0.0006563728324346652,2.09093149036981,dann_matched,banglasarc_binary+ben_sarc_binary,banglasarc3_binary,123
d6b2f0ee01c230dd,1,0,2.3125,-2.515625,0.9920620058985926,0.007937994101407319,2.09093149036981,dann_matched,banglasarc_binary+ben_sarc_binary,banglasarc3_binary,123
9eb091e9a9d4c695,0,0,0.13671875,-0.06640625,0.5506073655352404,0.44939263446475963,2.09093149036981,dann_matched,banglasarc_binary+ben_sarc_binary,banglasarc3_binary,123
963ae71db6ff7e4f,0,0,0.22070312,-0.13769531,0.5886526857281997,0.41134731427180027,2.09093149036981,dann_matched,banglasarc_binary+ben_sarc_binary,banglasarc3_binary,123
9aabf8d92c3a8ef5,1,0,3.96875,-4.21875,0.9997219690361224,0.0002780309638775155,2.09093149036981,dann_matched,banglasarc_binary+ben_sarc_binary,banglasarc3_binary,123
1f00788c3c80def3,0,0,1.15625,-1.265625,0.9184802440252811,0.08151975597471893,2.09093149036981,dann_matched,banglasarc_binary+ben_sarc_binary,banglasarc3_binary,123
b39f2b8134c7f61a,1,0,0.66015625,-0.6640625,0.7898827402935596,0.2101172597064404,2.09093149036981,dann_matched,banglasarc_binary+ben_sarc_binary,banglasarc3_binary,123
a6a9b4365f236b0d,1,1,-0.29101562,0.41796875,0.32982329501537494,0.670176704984625,2.09093149036981,dann_matched,banglasarc_binary+ben_sarc_binary,banglasarc3_binary,123
672f65575c01c938,1,1,-1.0625,1.25,0.09009299396195182,0.9099070060380482,2.09093149036981,dann_matched,banglasarc_binary+ben_sarc_binary,banglasarc3_binary,123
c361b64edd41d872,0,1,-1.8125,2.0,0.021615332762647654,0.9783846672373524,2.09093149036981,dann_matched,banglasarc_binary+ben_sarc_binary,banglasarc3_binary,123
89c73de9b852078e,0,0,0.38867188,-0.30078125,0.6658452606452885,0.3341547393547116,2.09093149036981,dann_matched,banglasarc_binary+ben_sarc_binary,banglasarc3_binary,123
ce8d47c1fb816aa3,0,0,3.46875,-3.59375,0.9991440993632549,0.0008559006367452269,2.09093149036981,dann_matched,banglasarc_binary+ben_sarc_binary,banglasarc3_binary,123
456683ca31fa5e65,0,1,-0.546875,0.55859375,0.24871661839211975,0.7512833816078802,2.09093149036981,dann_matched,banglasarc_binary+ben_sarc_binary,banglasarc3_binary,123
ebd8a51d0f72f8ae,0,1,-1.953125,2.15625,0.016152834822140957,0.983847165177859,2.09093149036981,dann_matched,banglasarc_binary+ben_sarc_binary,banglasarc3_binary,123
fb863821fda44d53,1,1,-1.3984375,1.609375,0.04707417582102406,0.9529258241789759,2.09093149036981,dann_matched,banglasarc_binary+ben_sarc_binary,banglasarc3_binary,123
3b470389b41a77d0,0,0,3.921875,-3.84375,0.9995761152580062,0.00042388474199374983,2.09093149036981,dann_matched,banglasarc_binary+ben_sarc_binary,banglasarc3_binary,123
7485ab52357fe573,0,0,2.84375,-3.046875,0.9972423776326046,0.002757622367395409,2.09093149036981,dann_matched,banglasarc_binary+ben_sarc_binary,banglasarc3_binary,123
5d08e6dbd0a02098,0,0,4.03125,-4.375,0.9997765836398173,0.0002234163601827719,2.09093149036981,dann_matched,banglasarc_binary+ben_sarc_binary,banglasarc3_binary,123
bd8e1a4992f836d9,1,1,-2.375,2.609375,0.006797531550373378,0.9932024684496267,2.09093149036981,dann_matched,banglasarc_binary+ben_sarc_binary,banglasarc3_binary,123
f54c8c8dd14b9ee4,1,0,0.734375,-0.66015625,0.8013146462095748,0.1986853537904252,2.09093149036981,dann_matched,banglasarc_binary+ben_sarc_binary,banglasarc3_binary,123
93aa7ab3e702a390,1,1,-0.1796875,0.20898438,0.40403706060119077,0.5959629393988092,2.09093149036981,dann_matched,banglasarc_binary+ben_sarc_binary,banglasarc3_binary,123
5d4df30470964289,0,0,3.703125,-4.09375,0.9995891514623653,0.0004108485376346404,2.09093149036981,dann_matched,banglasarc_binary+ben_sarc_binary,banglasarc3_binary,123
99413b6d85bd8b6a,1,1,-0.14257812,0.33984375,0.3816803980361366,0.6183196019638635,2.09093149036981,dann_matched,banglasarc_binary+ben_sarc_binary,banglasarc3_binary,123
b6c18248921fce54,1,0,2.65625,-2.96875,0.9964063974185798,0.0035936025814200896,2.09093149036981,dann_matched,banglasarc_binary+ben_sarc_binary,banglasarc3_binary,123
1cabf2a505c66110,1,0,1.7734375,-1.84375,0.9738443816461771,0.02615561835382285,2.09093149036981,dann_matched,banglasarc_binary+ben_sarc_binary,banglasarc3_binary,123
4e7d5694a62e5de3,1,1,-0.73828125,0.921875,0.15974102335538914,0.8402589766446108,2.09093149036981,dann_matched,banglasarc_binary+ben_sarc_binary,banglasarc3_binary,123
27bff07ea2567aff,0,1,-0.59375,0.6796875,0.21866937668390204,0.7813306233160979,2.09093149036981,dann_matched,banglasarc_binary+ben_sarc_binary,banglasarc3_binary,123
3d2b2afef8a71422,0,0,3.953125,-4.125,0.9996898440132873,0.0003101559867126834,2.09093149036981,dann_matched,banglasarc_binary+ben_sarc_binary,banglasarc3_binary,123
a6b65f2d6607df8d,0,1,-0.70703125,0.83984375,0.17553807362342935,0.8244619263765707,2.09093149036981,dann_matched,banglasarc_binary+ben_sarc_binary,banglasarc3_binary,123
f2ce21fd06e6c0a1,0,0,1.2734375,-1.1953125,0.9219218348550491,0.07807816514495095,2.09093149036981,dann_matched,banglasarc_binary+ben_sarc_binary,banglasarc3_binary,123
8c321d6535475133,0,0,2.578125,-2.765625,0.9952448000901669,0.004755199909833047,2.09093149036981,dann_matched,banglasarc_binary+ben_sarc_binary,banglasarc3_binary,123
e4400f251525d858,0,0,0.88671875,-0.90625,0.8572908683973974,0.1427091316026025,2.09093149036981,dann_matched,banglasarc_binary+ben_sarc_binary,banglasarc3_binary,123
a2549aea9cf0feed,0,0,4.0,-4.25,0.9997388096809043,0.0002611903190957194,2.09093149036981,dann_matched,banglasarc_binary+ben_sarc_binary,banglasarc3_binary,123
208728590d99f477,0,0,3.5,-3.953125,0.9994207083300786,0.0005792916699214215,2.09093149036981,dann_matched,banglasarc_binary+ben_sarc_binary,banglasarc3_binary,123
d7aa541a5731f237,1,1,-1.390625,1.5625,0.04958902298403175,0.9504109770159683,2.09093149036981,dann_matched,banglasarc_binary+ben_sarc_binary,banglasarc3_binary,123
72d9d0c152014fd4,1,1,-0.19628906,0.2890625,0.3809892304842437,0.6190107695157563,2.09093149036981,dann_matched,banglasarc_binary+ben_sarc_binary,banglasarc3_binary,123
8dc4677cf180080c,0,0,3.578125,-4.0,0.9994887420950092,0.0005112579049909173,2.09093149036981,dann_matched,banglasarc_binary+ben_sarc_binary,banglasarc3_binary,123
326478b91e0a83b6,0,0,0.51953125,-0.53125,0.740924892403682,0.259075107596318,2.09093149036981,dann_matched,banglasarc_binary+ben_sarc_binary,banglasarc3_binary,123
7bb95f4327f97619,0,0,1.03125,-1.0078125,0.8848377712685633,0.11516222873143664,2.09093149036981,dann_matched,banglasarc_binary+ben_sarc_binary,banglasarc3_binary,123
b5430ac62bc817b3,0,1,-1.5703125,1.7421875,0.03514484640079327,0.9648551535992067,2.09093149036981,dann_matched,banglasarc_binary+ben_sarc_binary,banglasarc3_binary,123
7745aafd0a592886,0,0,0.87890625,-0.82421875,0.8459424373085146,0.15405756269148546,2.09093149036981,dann_matched,banglasarc_binary+ben_sarc_binary,banglasarc3_binary,123
6327f9fa75cf0eb5,0,0,4.0625,-4.5625,0.9998204720306533,0.0001795279693467774,2.09093149036981,dann_matched,banglasarc_binary+ben_sarc_binary,banglasarc3_binary,123
50c0d6b40de5c934,1,0,2.578125,-2.875,0.9957353653078126,0.0042646346921872726,2.09093149036981,dann_matched,banglasarc_binary+ben_sarc_binary,banglasarc3_binary,123
5793d347d7491ffa,0,1,-1.9296875,2.171875,0.016277460912713496,0.9837225390872865,2.09093149036981,dann_matched,banglasarc_binary+ben_sarc_binary,banglasarc3_binary,123
7a193a03efce7c95,0,0,0.84375,-0.8671875,0.8469578427551038,0.15304215724489628,2.09093149036981,dann_matched,banglasarc_binary+ben_sarc_binary,banglasarc3_binary,123
79fe03d925dd23f2,1,1,-1.5,1.7265625,0.03817827426156642,0.9618217257384336,2.09093149036981,dann_matched,banglasarc_binary+ben_sarc_binary,banglasarc3_binary,123
56a90627c13f7482,0,1,-1.34375,1.53125,0.053403329799824234,0.9465966702001757,2.09093149036981,dann_matched,banglasarc_binary+ben_sarc_binary,banglasarc3_binary,123
34eae78ac0856b44,0,1,-1.0546875,1.2109375,0.09401017961657226,0.9059898203834277,2.09093149036981,dann_matched,banglasarc_binary+ben_sarc_binary,banglasarc3_binary,123
e7de35f2d96d04ae,1,1,-0.9140625,1.015625,0.126785173178859,0.8732148268211409,2.09093149036981,dann_matched,banglasarc_binary+ben_sarc_binary,banglasarc3_binary,123
7edb0fbf4e12f482,1,1,-0.46875,0.53125,0.2689414213699951,0.7310585786300049,2.09093149036981,dann_matched,banglasarc_binary+ben_sarc_binary,banglasarc3_binary,123
05b114079ca39ab2,0,0,3.9375,-4.375,0.9997546305194572,0.0002453694805426224,2.09093149036981,dann_matched,banglasarc_binary+ben_sarc_binary,banglasarc3_binary,123
012cf4a871450976,0,0,1.2265625,-1.296875,0.9257686295391643,0.07423137046083579,2.09093149036981,dann_matched,banglasarc_binary+ben_sarc_binary,banglasarc3_binary,123
974f03c115fc2171,1,0,1.5234375,-1.4296875,0.9504109770159683,0.04958902298403175,2.09093149036981,dann_matched,banglasarc_binary+ben_sarc_binary,banglasarc3_binary,123
7d320f16846e7bf9,1,0,3.765625,-4.125,0.9996259043952698,0.0003740956047302422,2.09093149036981,dann_matched,banglasarc_binary+ben_sarc_binary,banglasarc3_binary,123
8fd01412b63f6b5f,1,0,2.453125,-2.765625,0.9946150620382221,0.0053849379617779605,2.09093149036981,dann_matched,banglasarc_binary+ben_sarc_binary,banglasarc3_binary,123
88e6fff6830ee411,0,0,1.5078125,-1.578125,0.956308939359532,0.04369106064046812,2.09093149036981,dann_matched,banglasarc_binary+ben_sarc_binary,banglasarc3_binary,123
018878abd62bc2c6,0,0,3.640625,-3.671875,0.9993332976907565,0.0006667023092435894,2.09093149036981,dann_matched,banglasarc_binary+ben_sarc_binary,banglasarc3_binary,123
f09b809925c88fc0,1,0,1.15625,-1.3984375,0.9278877945870695,0.07211220541293051,2.09093149036981,dann_matched,banglasarc_binary+ben_sarc_binary,banglasarc3_binary,123
bc8f433d14df5bbe,1,0,1.7734375,-1.96875,0.9768465889071616,0.023153411092838465,2.09093149036981,dann_matched,banglasarc_binary+ben_sarc_binary,banglasarc3_binary,123
c952b7bed5795739,0,0,0.21386719,-0.09472656,0.5765419743991188,0.4234580256008813,2.09093149036981,dann_matched,banglasarc_binary+ben_sarc_binary,banglasarc3_binary,123
90c33f63e3080a0d,0,1,-1.609375,1.828125,0.031143830534778462,0.9688561694652216,2.09093149036981,dann_matched,banglasarc_binary+ben_sarc_binary,banglasarc3_binary,123
1ef4973752ea4564,1,1,-1.609375,1.765625,0.033085978388704126,0.9669140216112958,2.09093149036981,dann_matched,banglasarc_binary+ben_sarc_binary,banglasarc3_binary,123
3f4477d5080cdfe1,0,0,2.453125,-2.78125,0.994698105130598,0.00530189486940215,2.09093149036981,dann_matched,banglasarc_binary+ben_sarc_binary,banglasarc3_binary,123
7a9c24d799805b22,0,0,1.671875,-1.8515625,0.9713473306904065,0.028652669309593447,2.09093149036981,dann_matched,banglasarc_binary+ben_sarc_binary,banglasarc3_binary,123
a53750d111a874b9,0,0,1.328125,-1.421875,0.9399133498259924,0.06008665017400762,2.09093149036981,dann_matched,banglasarc_binary+ben_sarc_binary,banglasarc3_binary,123
08221e16563f5ed2,1,1,-0.29492188,0.43164062,0.3259495159352553,0.6740504840647448,2.09093149036981,dann_matched,banglasarc_binary+ben_sarc_binary,banglasarc3_binary,123
a911bbedbe9083b7,1,1,-1.1484375,1.265625,0.08210662704685086,0.9178933729531492,2.09093149036981,dann_matched,banglasarc_binary+ben_sarc_binary,banglasarc3_binary,123
79af8e8606e24621,0,0,3.453125,-3.859375,0.9993332976907565,0.0006667023092435894,2.09093149036981,dann_matched,banglasarc_binary+ben_sarc_binary,banglasarc3_binary,123
725ab0037339d5f4,1,0,0.578125,-0.50390625,0.7468781860434985,0.2531218139565015,2.09093149036981,dann_matched,banglasarc_binary+ben_sarc_binary,banglasarc3_binary,123
888be69f29549db6,1,0,1.3984375,-1.53125,0.9492946352021694,0.050705364797830506,2.09093149036981,dann_matched,banglasarc_binary+ben_sarc_binary,banglasarc3_binary,123
74ead3cc3b9dcc3e,0,0,1.40625,-1.515625,0.9489172630429474,0.05108273695705249,2.09093149036981,dann_matched,banglasarc_binary+ben_sarc_binary,banglasarc3_binary,123
70a0b9c4daba4b62,1,0,1.8046875,-1.890625,0.9757623652873698,0.024237634712630244,2.09093149036981,dann_matched,banglasarc_binary+ben_sarc_binary,banglasarc3_binary,123
772cd1347ab32158,0,1,-0.41992188,0.58984375,0.2670257208309401,0.73297427916906,2.09093149036981,dann_matched,banglasarc_binary+ben_sarc_binary,banglasarc3_binary,123
825abf4f5714d44e,0,0,2.03125,-2.1875,0.985496420308618,0.014503579691381979,2.09093149036981,dann_matched,banglasarc_binary+ben_sarc_binary,banglasarc3_binary,123
f6d2b8f0fd5630a5,1,1,-1.0390625,1.125,0.1030244283262171,0.896975571673783,2.09093149036981,dann_matched,banglasarc_binary+ben_sarc_binary,banglasarc3_binary,123
070eb74aab3e9b16,0,0,3.1875,-3.5,0.9987551566979116,0.0012448433020883743,2.09093149036981,dann_matched,banglasarc_binary+ben_sarc_binary,banglasarc3_binary,123
ff8b8a0023de988a,1,1,-0.48046875,0.5625,0.2605775779131141,0.7394224220868858,2.09093149036981,dann_matched,banglasarc_binary+ben_sarc_binary,banglasarc3_binary,123
955c6c4b3c56526f,0,1,-1.6328125,1.8125,0.030908958517211163,0.9690910414827888,2.09093149036981,dann_matched,banglasarc_binary+ben_sarc_binary,banglasarc3_binary,123
3c7f74408087c581,0,0,1.265625,-1.328125,0.9304582554941719,0.06954174450582809,2.09093149036981,dann_matched,banglasarc_binary+ben_sarc_binary,banglasarc3_binary,123
3fd3335f6927bc03,1,0,1.703125,-1.875,0.9728307684643189,0.027169231535681047,2.09093149036981,dann_matched,banglasarc_binary+ben_sarc_binary,banglasarc3_binary,123
6b4cf7b079c5b900,0,1,-1.03125,1.21875,0.0953494648991095,0.9046505351008906,2.09093149036981,dann_matched,banglasarc_binary+ben_sarc_binary,banglasarc3_binary,123
a396d6fc294ae956,0,0,2.8125,-3.046875,0.9971550903350206,0.0028449096649795012,2.09093149036981,dann_matched,banglasarc_binary+ben_sarc_binary,banglasarc3_binary,123
acd192278c3d2499,0,0,3.40625,-3.8125,0.9992678187383391,0.0007321812616608614,2.09093149036981,dann_matched,banglasarc_binary+ben_sarc_binary,banglasarc3_binary,123
13e6f0fb32b886df,1,1,-1.7109375,1.8984375,0.02635535284611975,0.9736446471538801,2.09093149036981,dann_matched,banglasarc_binary+ben_sarc_binary,banglasarc3_binary,123
5139d41ec223ee1d,1,0,1.25,-1.3515625,0.9309620718252101,0.06903792817479,2.09093149036981,dann_matched,banglasarc_binary+ben_sarc_binary,banglasarc3_binary,123
db25536a5ca06207,1,0,1.7265625,-1.78125,0.9709092429574353,0.029090757042564665,2.09093149036981,dann_matched,banglasarc_binary+ben_sarc_binary,banglasarc3_binary,123
9cf7c23f5c83e3c1,1,0,1.1640625,-1.1328125,0.9086178969328287,0.09138210306717136,2.09093149036981,dann_matched,banglasarc_binary+ben_sarc_binary,banglasarc3_binary,123
dece6cbb7ae48b4c,0,1,-1.2734375,1.4453125,0.061875985723642724,0.9381240142763573,2.09093149036981,dann_matched,banglasarc_binary+ben_sarc_binary,banglasarc3_binary,123
cc32b357f5c62cf0,1,0,1.8359375,-1.8125,0.9746286885255978,0.02537131147440214,2.09093149036981,dann_matched,banglasarc_binary+ben_sarc_binary,banglasarc3_binary,123
a82a7beb318bc95f,0,0,2.15625,-2.40625,0.9896718474806949,0.010328152519305191,2.09093149036981,dann_matched,banglasarc_binary+ben_sarc_binary,banglasarc3_binary,123
4269510b20e3a78d,0,1,-0.68359375,0.76171875,0.1907240253120337,0.8092759746879663,2.09093149036981,dann_matched,banglasarc_binary+ben_sarc_binary,banglasarc3_binary,123
af7a5887ba75ec02,1,0,0.86328125,-0.81640625,0.8428631465294143,0.1571368534705856,2.09093149036981,dann_matched,banglasarc_binary+ben_sarc_binary,banglasarc3_binary,123
ff7092e064f5e7f0,0,0,2.046875,-2.234375,0.9863631647185701,0.013636835281429876,2.09093149036981,dann_matched,banglasarc_binary+ben_sarc_binary,banglasarc3_binary,123
bd75e40f2d1c3973,1,1,-0.71484375,0.8515625,0.1727293128639838,0.8272706871360163,2.09093149036981,dann_matched,banglasarc_binary+ben_sarc_binary,banglasarc3_binary,123
55361b7e5b2475c1,1,1,-0.12597656,0.12890625,0.43662203968393154,0.5633779603160685,2.09093149036981,dann_matched,banglasarc_binary+ben_sarc_binary,banglasarc3_binary,123
f478ea328fe5ce48,1,1,-1.5546875,1.71875,0.0364937662290278,0.9635062337709722,2.09093149036981,dann_matched,banglasarc_binary+ben_sarc_binary,banglasarc3_binary,123
5a05491d31008062,0,0,2.109375,-2.3125,0.9881308789536605,0.011869121046339474,2.09093149036981,dann_matched,banglasarc_binary+ben_sarc_binary,banglasarc3_binary,123
ae0fcdf8d0676f03,0,0,2.828125,-3.03125,0.9971550903350206,0.0028449096649795012,2.09093149036981,dann_matched,banglasarc_binary+ben_sarc_binary,banglasarc3_binary,123
1473977d7b8985e5,0,0,1.3984375,-1.453125,0.9453993942183476,0.05460060578165237,2.09093149036981,dann_matched,banglasarc_binary+ben_sarc_binary,banglasarc3_binary,123
880392a54d0ebe3e,0,0,3.515625,-4.03125,0.9994725215874769,0.0005274784125231481,2.09093149036981,dann_matched,banglasarc_binary+ben_sarc_binary,banglasarc3_binary,123
a8d6ffd7233218d9,0,1,-1.6953125,1.875,0.027376488778351356,0.9726235112216486,2.09093149036981,dann_matched,banglasarc_binary+ben_sarc_binary,banglasarc3_binary,123
532a79af0df6317b,1,1,-1.453125,1.6328125,0.04369106064046812,0.956308939359532,2.09093149036981,dann_matched,banglasarc_binary+ben_sarc_binary,banglasarc3_binary,123
e67ce7d008308e4f,1,0,0.73046875,-0.73828125,0.8128673178375735,0.1871326821624266,2.09093149036981,dann_matched,banglasarc_binary+ben_sarc_binary,banglasarc3_binary,123
d7578006b9f26c23,1,0,1.5078125,-1.640625,0.9588471107825551,0.04115288921744485,2.09093149036981,dann_matched,banglasarc_binary+ben_sarc_binary,banglasarc3_binary,123
714a136f278f7f6d,1,0,1.9140625,-2.125,0.9826909042463318,0.017309095753668163,2.09093149036981,dann_matched,banglasarc_binary+ben_sarc_binary,banglasarc3_binary,123
cb7574a7cdfb2600,0,1,-1.625,1.8046875,0.031380429512976746,0.9686195704870232,2.09093149036981,dann_matched,banglasarc_binary+ben_sarc_binary,banglasarc3_binary,123
539200a378d20681,0,0,0.24902344,-0.17675781,0.6048658212215559,0.3951341787784442,2.09093149036981,dann_matched,banglasarc_binary+ben_sarc_binary,banglasarc3_binary,123
9d4e9c774780337b,1,0,3.578125,-4.0625,0.9995197027681136,0.0004802972318863163,2.09093149036981,dann_matched,banglasarc_binary+ben_sarc_binary,banglasarc3_binary,123
d19183e0c68495fe,0,0,3.78125,-4.375,0.9997131459176125,0.00028685408238746286,2.09093149036981,dann_matched,banglasarc_binary+ben_sarc_binary,banglasarc3_binary,123
e727d555b9906254,0,0,1.1640625,-1.15625,0.9105453978311193,0.08945460216888064,2.09093149036981,dann_matched,banglasarc_binary+ben_sarc_binary,banglasarc3_binary,123
560326443dd5a61f,1,1,-1.4921875,1.640625,0.04177388078830622,0.9582261192116938,2.09093149036981,dann_matched,banglasarc_binary+ben_sarc_binary,banglasarc3_binary,123
3a356b90dc52db7a,0,0,0.5390625,-0.44140625,0.7272012166848617,0.2727987833151383,2.09093149036981,dann_matched,banglasarc_binary+ben_sarc_binary,banglasarc3_binary,123
10315d34cdace8c1,0,1,-0.57421875,0.69140625,0.22000709974589314,0.7799929002541067,2.09093149036981,dann_matched,banglasarc_binary+ben_sarc_binary,banglasarc3_binary,123
5b040037fd3ecdae,1,1,-0.55859375,0.73828125,0.2146914191122419,0.785308580887758,2.09093149036981,dann_matched,banglasarc_binary+ben_sarc_binary,banglasarc3_binary,123
586f5d207285bf27,0,1,0.045410156,0.05053711,0.49871826452635276,0.5012817354736473,2.09093149036981,dann_matched,banglasarc_binary+ben_sarc_binary,banglasarc3_binary,123
11319ec3cf94ef20,0,0,3.234375,-3.671875,0.99899949559909,0.0010005044009099887,2.09093149036981,dann_matched,banglasarc_binary+ben_sarc_binary,banglasarc3_binary,123
69fbdf73ddc7be78,1,1,-2.046875,2.203125,0.014063627043245474,0.9859363729567544,2.09093149036981,dann_matched,banglasarc_binary+ben_sarc_binary,banglasarc3_binary,123
757ab3d1fca46e3c,1,1,-1.7734375,1.953125,0.023509452407533014,0.9764905475924671,2.09093149036981,dann_matched,banglasarc_binary+ben_sarc_binary,banglasarc3_binary,123
a39c5cc8dcf7f753,0,0,1.8671875,-2.0,0.9795114453152562,0.02048855468474385,2.09093149036981,dann_matched,banglasarc_binary+ben_sarc_binary,banglasarc3_binary,123
ba0d8b695ca6ef05,0,1,-0.65625,0.765625,0.19436781101874467,0.8056321889812553,2.09093149036981,dann_matched,banglasarc_binary+ben_sarc_binary,banglasarc3_binary,123
7e976976fd12e611,0,0,1.1484375,-1.25,0.916708077443256,0.0832919225567441,2.09093149036981,dann_matched,banglasarc_binary+ben_sarc_binary,banglasarc3_binary,123
177bf85b5ddcbb0b,1,1,-1.09375,1.2734375,0.08570927928078063,0.9142907207192192,2.09093149036981,dann_matched,banglasarc_binary+ben_sarc_binary,banglasarc3_binary,123
6d78d071878ac3d1,1,1,-1.5,1.671875,0.04023794262361602,0.9597620573763841,2.09093149036981,dann_matched,banglasarc_binary+ben_sarc_binary,banglasarc3_binary,123
c85c38b6528754b8,1,0,2.65625,-2.765625,0.9956005868372635,0.00439941316273649,2.09093149036981,dann_matched,banglasarc_binary+ben_sarc_binary,banglasarc3_binary,123
90dbb76ac473a400,1,0,2.15625,-2.328125,0.988841968751916,0.011158031248084033,2.09093149036981,dann_matched,banglasarc_binary+ben_sarc_binary,banglasarc3_binary,123
63c48593140100b8,0,0,1.1484375,-1.1953125,0.9124361604769414,0.08756383952305867,2.09093149036981,dann_matched,banglasarc_binary+ben_sarc_binary,banglasarc3_binary,123
aff3807e81a949e8,0,0,0.43164062,-0.33398438,0.682573734412324,0.31742626558767584,2.09093149036981,dann_matched,banglasarc_binary+ben_sarc_binary,banglasarc3_binary,123
2a1a90955017061c,1,1,-1.125,1.2890625,0.08210662704685086,0.9178933729531492,2.09093149036981,dann_matched,banglasarc_binary+ben_sarc_binary,banglasarc3_binary,123
8ba3ce83e1b38636,0,0,2.53125,-2.65625,0.994445075296309,0.005554924703691103,2.09093149036981,dann_matched,banglasarc_binary+ben_sarc_binary,banglasarc3_binary,123
b6a150e585a90815,1,0,3.125,-3.40625,0.9985449370614672,0.001455062938532843,2.09093149036981,dann_matched,banglasarc_binary+ben_sarc_binary,banglasarc3_binary,123
e7f847b226aac07c,0,0,0.94140625,-0.8984375,0.862930226964697,0.137069773035303,2.09093149036981,dann_matched,banglasarc_binary+ben_sarc_binary,banglasarc3_binary,123
dddd46a1f7d0d0f0,1,1,-0.59375,0.765625,0.20434189993684582,0.7956581000631541,2.09093149036981,dann_matched,banglasarc_binary+ben_sarc_binary,banglasarc3_binary,123
1bffdb75712cd569,0,0,1.21875,-1.21875,0.9196425311777929,0.08035746882220708,2.09093149036981,dann_matched,banglasarc_binary+ben_sarc_binary,banglasarc3_binary,123
2ab62d60d1d4472e,1,0,1.3203125,-1.421875,0.9394706097974611,0.060529390202538995,2.09093149036981,dann_matched,banglasarc_binary+ben_sarc_binary,banglasarc3_binary,123
8fc93f04e6590154,1,0,0.796875,-0.75,0.8244619263765707,0.17553807362342935,2.09093149036981,dann_matched,banglasarc_binary+ben_sarc_binary,banglasarc3_binary,123
86de20b950da2d3c,0,1,-1.421875,1.609375,0.046033902399240385,0.9539660976007597,2.09093149036981,dann_matched,banglasarc_binary+ben_sarc_binary,banglasarc3_binary,123
f99f7e89824b6612,0,0,4.03125,-4.53125,0.9998088956841223,0.00019110431587777675,2.09093149036981,dann_matched,banglasarc_binary+ben_sarc_binary,banglasarc3_binary,123
f398263b812de4fc,0,0,0.091308594,-0.028930664,0.5300236509738511,0.46997634902614893,2.09093149036981,dann_matched,banglasarc_binary+ben_sarc_binary,banglasarc3_binary,123
f933964e1386abbc,1,0,3.5625,-3.984375,0.9994725215874769,0.0005274784125231481,2.09093149036981,dann_matched,banglasarc_binary+ben_sarc_binary,banglasarc3_binary,123
29429b72289fcd40,0,0,2.03125,-2.171875,0.9852713861502774,0.014728613849722676,2.09093149036981,dann_matched,banglasarc_binary+ben_sarc_binary,banglasarc3_binary,123
065cb8d51b12f79a,0,0,3.328125,-3.765625,0.9991704108116409,0.0008295891883591028,2.09093149036981,dann_matched,banglasarc_binary+ben_sarc_binary,banglasarc3_binary,123
238ed849caf48da2,0,0,2.34375,-2.59375,0.9928785712542649,0.007121428745735101,2.09093149036981,dann_matched,banglasarc_binary+ben_sarc_binary,banglasarc3_binary,123
e6879d34059ffd78,1,0,1.5703125,-1.625,0.9606574967357419,0.03934250326425821,2.09093149036981,dann_matched,banglasarc_binary+ben_sarc_binary,banglasarc3_binary,123
e1920815e63fd77c,1,1,-1.609375,1.796875,0.03210070671700819,0.9678992932829918,2.09093149036981,dann_matched,banglasarc_binary+ben_sarc_binary,banglasarc3_binary,123
9d6102939ae27963,1,1,-1.078125,1.234375,0.09009299396195182,0.9099070060380482,2.09093149036981,dann_matched,banglasarc_binary+ben_sarc_binary,banglasarc3_binary,123
7cf8d62bc548f981,1,1,-0.40429688,0.5390625,0.28022226421698404,0.719777735783016,2.09093149036981,dann_matched,banglasarc_binary+ben_sarc_binary,banglasarc3_binary,123
3dedb7824bbf60be,0,1,-0.8046875,0.9296875,0.1500288243424251,0.849971175657575,2.09093149036981,dann_matched,banglasarc_binary+ben_sarc_binary,banglasarc3_binary,123
7168d49fd7747b74,0,0,1.3203125,-1.390625,0.9376689641180752,0.06233103588192476,2.09093149036981,dann_matched,banglasarc_binary+ben_sarc_binary,banglasarc3_binary,123
85cf586fc25418e3,0,1,-1.21875,1.3828125,0.06903792817479,0.9309620718252101,2.09093149036981,dann_matched,banglasarc_binary+ben_sarc_binary,banglasarc3_binary,123
b4853c23f7a9f71d,0,0,1.453125,-1.53125,0.9518632288833652,0.04813677111663481,2.09093149036981,dann_matched,banglasarc_binary+ben_sarc_binary,banglasarc3_binary,123
b577521aba23e9a6,1,0,3.8125,-4.34375,0.9997131459176125,0.00028685408238746286,2.09093149036981,dann_matched,banglasarc_binary+ben_sarc_binary,banglasarc3_binary,123
43913a364404a6b7,1,0,1.5078125,-1.6640625,0.9597620573763841,0.04023794262361602,2.09093149036981,dann_matched,banglasarc_binary+ben_sarc_binary,banglasarc3_binary,123
98595080b20ded8e,0,1,-0.34375,0.41992188,0.3178495938127082,0.6821504061872917,2.09093149036981,dann_matched,banglasarc_binary+ben_sarc_binary,banglasarc3_binary,123
e8908d5a70ac67f7,0,0,2.390625,-2.546875,0.9928785712542649,0.007121428745735101,2.09093149036981,dann_matched,banglasarc_binary+ben_sarc_binary,banglasarc3_binary,123
a92f9901130b2155,0,0,0.890625,-0.89453125,0.8563323913156724,0.14366760868432768,2.09093149036981,dann_matched,banglasarc_binary+ben_sarc_binary,banglasarc3_binary,123
7d6de967d264bd85,0,0,1.359375,-1.5,0.9458012701768145,0.05419872982318558,2.09093149036981,dann_matched,banglasarc_binary+ben_sarc_binary,banglasarc3_binary,123
9837a43eab10dddf,1,1,-1.0078125,1.140625,0.10447732313023693,0.8955226768697631,2.09093149036981,dann_matched,banglasarc_binary+ben_sarc_binary,banglasarc3_binary,123
65319c5414a8306a,0,0,2.25,-2.453125,0.9910145712474399,0.008985428752560176,2.09093149036981,dann_matched,banglasarc_binary+ben_sarc_binary,banglasarc3_binary,123
fade48daf673b1f8,0,0,0.48242188,-0.5,0.7275885048718822,0.2724114951281179,2.09093149036981,dann_matched,banglasarc_binary+ben_sarc_binary,banglasarc3_binary,123
866873fff24113c0,1,0,0.40625,-0.38867188,0.6888871743462827,0.31111282565371734,2.09093149036981,dann_matched,banglasarc_binary+ben_sarc_binary,banglasarc3_binary,123
e3cc36cc8d198224,0,0,0.18457031,-0.12890625,0.5777336229837708,0.42226637701622904,2.09093149036981,dann_matched,banglasarc_binary+ben_sarc_binary,banglasarc3_binary,123
89c21dd6d937eaff,1,0,3.40625,-3.859375,0.9993013243335144,0.0006986756664856787,2.09093149036981,dann_matched,banglasarc_binary+ben_sarc_binary,banglasarc3_binary,123
4b6f29550988601b,0,0,3.046875,-3.40625,0.998426887834651,0.001573112165348997,2.09093149036981,dann_matched,banglasarc_binary+ben_sarc_binary,banglasarc3_binary,123
d975dd69c2f72afd,1,1,-1.75,1.875,0.02595735719779685,0.9740426428022031,2.09093149036981,dann_matched,banglasarc_binary+ben_sarc_binary,banglasarc3_binary,123
877fb7d4cf62f178,1,0,0.86328125,-0.921875,0.8563323913156724,0.14366760868432768,2.09093149036981,dann_matched,banglasarc_binary+ben_sarc_binary,banglasarc3_binary,123
8e7741f5f6607b4c,1,1,-0.60546875,0.66015625,0.22000709974589314,0.7799929002541067,2.09093149036981,dann_matched,banglasarc_binary+ben_sarc_binary,banglasarc3_binary,123
0892c4bec7f40ca2,1,1,-1.65625,1.828125,0.029760093945964218,0.9702399060540357,2.09093149036981,dann_matched,banglasarc_binary+ben_sarc_binary,banglasarc3_binary,123
a2b22017bfba6565,1,1,-0.36914062,0.43945312,0.3081902399767429,0.6918097600232571,2.09093149036981,dann_matched,banglasarc_binary+ben_sarc_binary,banglasarc3_binary,123
f5daae7220a90010,0,0,1.0625,-1.09375,0.8962513731336202,0.10374862686637971,2.09093149036981,dann_matched,banglasarc_binary+ben_sarc_binary,banglasarc3_binary,123
0f083853e0116694,1,0,0.053466797,-0.0072021484,0.5151625858428203,0.4848374141571797,2.09093149036981,dann_matched,banglasarc_binary+ben_sarc_binary,banglasarc3_binary,123
40768fb2acdaf890,0,1,-0.38085938,0.49609375,0.2938095639024741,0.706190436097526,2.09093149036981,dann_matched,banglasarc_binary+ben_sarc_binary,banglasarc3_binary,123
d61c45eabc68eb9b,0,0,4.09375,-4.8125,0.9998644792143758,0.0001355207856240677,2.09093149036981,dann_matched,banglasarc_binary+ben_sarc_binary,banglasarc3_binary,123
f8966d9f2ebf8a15,1,1,-0.74609375,0.90234375,0.16132023775174625,0.8386797622482537,2.09093149036981,dann_matched,banglasarc_binary+ben_sarc_binary,banglasarc3_binary,123
701ed1e21508a181,0,0,2.046875,-2.1875,0.9857180660748888,0.014281933925111153,2.09093149036981,dann_matched,banglasarc_binary+ben_sarc_binary,banglasarc3_binary,123
b4b9460c57fb2ff8,1,0,2.203125,-2.484375,0.9908743626108194,0.00912563738918052,2.09093149036981,dann_matched,banglasarc_binary+ben_sarc_binary,banglasarc3_binary,123
f6ef35c40454d8a9,1,1,-1.1015625,1.328125,0.08093670978361556,0.9190632902163844,2.09093149036981,dann_matched,banglasarc_binary+ben_sarc_binary,banglasarc3_binary,123
c749254818a2beb4,1,1,-0.55859375,0.70703125,0.22000709974589314,0.7799929002541067,2.09093149036981,dann_matched,banglasarc_binary+ben_sarc_binary,banglasarc3_binary,123
a8d95df3867755d7,1,0,2.890625,-3.171875,0.9976768374773688,0.002323162522631283,2.09093149036981,dann_matched,banglasarc_binary+ben_sarc_binary,banglasarc3_binary,123
fb125052de8613ad,1,1,-1.46875,1.6484375,0.04240382863184672,0.9575961713681533,2.09093149036981,dann_matched,banglasarc_binary+ben_sarc_binary,banglasarc3_binary,123
09a2cced4bee49f7,1,0,0.38867188,-0.31054688,0.6680145362320873,0.33198546376791266,2.09093149036981,dann_matched,banglasarc_binary+ben_sarc_binary,banglasarc3_binary,123
8a83d3da7699811c,0,0,3.71875,-3.75,0.9994296842929216,0.0005703157070783359,2.09093149036981,dann_matched,banglasarc_binary+ben_sarc_binary,banglasarc3_binary,123
3964424aa0d49a56,0,0,2.03125,-2.078125,0.983847165177859,0.016152834822140957,2.09093149036981,dann_matched,banglasarc_binary+ben_sarc_binary,banglasarc3_binary,123
0fa27d4578133779,1,1,-0.07714844,0.1015625,0.45544079538153864,0.5445592046184614,2.09093149036981,dann_matched,banglasarc_binary+ben_sarc_binary,banglasarc3_binary,123
2a782f9195e8bf56,0,1,-1.1484375,1.21875,0.08570927928078063,0.9142907207192192,2.09093149036981,dann_matched,banglasarc_binary+ben_sarc_binary,banglasarc3_binary,123
ce572474de1b6dd4,1,0,2.03125,-2.3125,0.9871787857334058,0.012821214266594244,2.09093149036981,dann_matched,banglasarc_binary+ben_sarc_binary,banglasarc3_binary,123
2b921d548ea4c4df,1,1,-1.515625,1.6640625,0.0399373142069266,0.9600626857930734,2.09093149036981,dann_matched,banglasarc_binary+ben_sarc_binary,banglasarc3_binary,123
8a3dac5169c757dc,1,1,-0.9296875,1.0703125,0.11920292202211755,0.8807970779778823,2.09093149036981,dann_matched,banglasarc_binary+ben_sarc_binary,banglasarc3_binary,123
1dc83e50f7da3618,0,1,-0.34765625,0.34375,0.3337203189792143,0.6662796810207858,2.09093149036981,dann_matched,banglasarc_binary+ben_sarc_binary,banglasarc3_binary,123
43e4c5caf8ccf8d9,1,0,0.13769531,-0.060791016,0.5494593102457931,0.45054068975420686,2.09093149036981,dann_matched,banglasarc_binary+ben_sarc_binary,banglasarc3_binary,123
c768491a2e849a34,1,0,0.13085938,-0.11035156,0.5600120441649928,0.43998795583500727,2.09093149036981,dann_matched,banglasarc_binary+ben_sarc_binary,banglasarc3_binary,123
d9b9d06a13c83be0,0,0,2.90625,-3.1875,0.997748152720497,0.00225184727950302,2.09093149036981,dann_matched,banglasarc_binary+ben_sarc_binary,banglasarc3_binary,123
6bac0560c62a5092,1,1,-1.109375,1.2890625,0.0832919225567441,0.916708077443256,2.09093149036981,dann_matched,banglasarc_binary+ben_sarc_binary,banglasarc3_binary,123
77eefbc8cad52155,0,0,2.078125,-2.203125,0.9863631647185701,0.013636835281429876,2.09093149036981,dann_matched,banglasarc_binary+ben_sarc_binary,banglasarc3_binary,123
61341c4de44d2405,1,1,-1.078125,1.1796875,0.0946777017913266,0.9053222982086733,2.09093149036981,dann_matched,banglasarc_binary+ben_sarc_binary,banglasarc3_binary,123
cd6e8a914163a6ff,0,0,3.875,-4.21875,0.999694651067888,0.0003053489321118595,2.09093149036981,dann_matched,banglasarc_binary+ben_sarc_binary,banglasarc3_binary,123
81087120efb6f7bd,0,0,3.78125,-4.28125,0.9996849613059188,0.00031503869408133935,2.09093149036981,dann_matched,banglasarc_binary+ben_sarc_binary,banglasarc3_binary,123
467d95865670a7c7,0,0,0.59375,-0.59765625,0.7669924765752232,0.23300752342477682,2.09093149036981,dann_matched,banglasarc_binary+ben_sarc_binary,banglasarc3_binary,123
a061508d9f7523b5,1,0,3.921875,-4.34375,0.9997428580202044,0.00025714197979577713,2.09093149036981,dann_matched,banglasarc_binary+ben_sarc_binary,banglasarc3_binary,123
cf0096f6a70cc1c1,1,1,-1.84375,2.0625,0.01971912810734659,0.9802808718926534,2.09093149036981,dann_matched,banglasarc_binary+ben_sarc_binary,banglasarc3_binary,123
2038f5084e716133,0,0,1.34375,-1.3828125,0.9385759599453297,0.06142404005467019,2.09093149036981,dann_matched,banglasarc_binary+ben_sarc_binary,banglasarc3_binary,123
40e021231f9b1641,0,0,1.703125,-1.8359375,0.9717790128704671,0.02822098712953305,2.09093149036981,dann_matched,banglasarc_binary+ben_sarc_binary,banglasarc3_binary,123
2416d3cb16cd9c24,1,1,-1.3828125,1.5703125,0.04958902298403175,0.9504109770159683,2.09093149036981,dann_matched,banglasarc_binary+ben_sarc_binary,banglasarc3_binary,123
c8d7de7cf70fcf2b,0,0,1.78125,-1.875,0.9748211582993981,0.025178841700601855,2.09093149036981,dann_matched,banglasarc_binary+ben_sarc_binary,banglasarc3_binary,123
f6314ebda0e9b467,1,1,-0.875,0.9765625,0.13568954596860924,0.8643104540313907,2.09093149036981,dann_matched,banglasarc_binary+ben_sarc_binary,banglasarc3_binary,123
6062c09c444e211f,1,0,1.65625,-1.6328125,0.9640516782107567,0.035948321789243294,2.09093149036981,dann_matched,banglasarc_binary+ben_sarc_binary,banglasarc3_binary,123
4adaf7a44c6d430f,1,0,1.7421875,-1.859375,0.9734434290045008,0.02655657099549924,2.09093149036981,dann_matched,banglasarc_binary+ben_sarc_binary,banglasarc3_binary,123
a5bb573405980a25,1,1,-1.765625,1.953125,0.023689471299374428,0.9763105287006256,2.09093149036981,dann_matched,banglasarc_binary+ben_sarc_binary,banglasarc3_binary,123
44fc54763842d3f4,1,1,-1.6953125,1.90625,0.02655657099549924,0.9734434290045008,2.09093149036981,dann_matched,banglasarc_binary+ben_sarc_binary,banglasarc3_binary,123
64ad5df98a085346,0,0,1.8828125,-2.046875,0.9807288620802312,0.019271137919768803,2.09093149036981,dann_matched,banglasarc_binary+ben_sarc_binary,banglasarc3_binary,123
d3b2db834378679a,0,0,3.921875,-4.125,0.9996800017559261,0.00031999824407395836,2.09093149036981,dann_matched,banglasarc_binary+ben_sarc_binary,banglasarc3_binary,123
411964e4c9aadb31,0,0,3.453125,-3.890625,0.9993537967092804,0.000646203290719727,2.09093149036981,dann_matched,banglasarc_binary+ben_sarc_binary,banglasarc3_binary,123
9d3774289ff1c6b7,1,1,-1.1953125,1.3828125,0.07055959618729296,0.9294404038127071,2.09093149036981,dann_matched,banglasarc_binary+ben_sarc_binary,banglasarc3_binary,123
211c6d38bfbe7b02,0,0,2.53125,-2.78125,0.9950945942942779,0.004905405705722035,2.09093149036981,dann_matched,banglasarc_binary+ben_sarc_binary,banglasarc3_binary,123
3cff9f15c3baf42c,1,0,2.109375,-2.296875,0.9879462204837635,0.012053779516236447,2.09093149036981,dann_matched,banglasarc_binary+ben_sarc_binary,banglasarc3_binary,123
9c18cf645a2b92f4,1,1,-4.46875,4.59375,0.00011591934318633098,0.9998840806568136,2.09093149036981,dann_matched,banglasarc_binary+ben_sarc_binary,banglasarc3_binary,123
0b45893ebd275e93,0,0,4.03125,-4.5625,0.9998147742567347,0.00018522574326531078,2.09093149036981,dann_matched,banglasarc_binary+ben_sarc_binary,banglasarc3_binary,123
e5026d6cb3802c30,1,1,-1.8359375,2.03125,0.02048855468474385,0.9795114453152562,2.09093149036981,dann_matched,banglasarc_binary+ben_sarc_binary,banglasarc3_binary,123
6aaf9704fc1bdef0,0,0,1.71875,-1.7890625,0.9709092429574353,0.029090757042564665,2.09093149036981,dann_matched,banglasarc_binary+ben_sarc_binary,banglasarc3_binary,123
81a1f43037e1cac1,1,1,-1.6328125,1.8203125,0.030675801710674105,0.9693241982893259,2.09093149036981,dann_matched,banglasarc_binary+ben_sarc_binary,banglasarc3_binary,123
7fb0bd6317330d4d,1,0,1.4296875,-1.5234375,0.9504109770159683,0.04958902298403175,2.09093149036981,dann_matched,banglasarc_binary+ben_sarc_binary,banglasarc3_binary,123
02520a874eae112e,1,1,-0.81640625,0.9453125,0.14657520915950842,0.8534247908404916,2.09093149036981,dann_matched,banglasarc_binary+ben_sarc_binary,banglasarc3_binary,123
a5ce9ddbfc286430,0,0,1.4375,-1.46875,0.94815453335022,0.05184546664977983,2.09093149036981,dann_matched,banglasarc_binary+ben_sarc_binary,banglasarc3_binary,123
f0dad52b23c7b1b2,0,0,2.1875,-2.421875,0.9901401446964613,0.009859855303538789,2.09093149036981,dann_matched,banglasarc_binary+ben_sarc_binary,banglasarc3_binary,123
552cb5e4af89f7b4,1,0,3.46875,-3.859375,0.9993436271675653,0.0006563728324346652,2.09093149036981,dann_matched,banglasarc_binary+ben_sarc_binary,banglasarc3_binary,123
5943a521e3945c92,0,0,1.3828125,-1.4609375,0.9449947117065459,0.05500528829345415,2.09093149036981,dann_matched,banglasarc_binary+ben_sarc_binary,banglasarc3_binary,123
ae9b18fb7ff57a4e,1,1,-1.0078125,1.109375,0.10743747660842011,0.8925625233915799,2.09093149036981,dann_matched,banglasarc_binary+ben_sarc_binary,banglasarc3_binary,123
ff80e0cbcd7c1782,0,0,3.640625,-3.953125,0.9994966644245472,0.0005033355754528115,2.09093149036981,dann_matched,banglasarc_binary+ben_sarc_binary,banglasarc3_binary,123
f1314c540d6527e9,0,0,2.390625,-2.703125,0.9939024378074247,0.006097562192575309,2.09093149036981,dann_matched,banglasarc_binary+ben_sarc_binary,banglasarc3_binary,123
fac42c7ed54d77d8,0,1,-0.76953125,0.9609375,0.15052763130295335,0.8494723686970466,2.09093149036981,dann_matched,banglasarc_binary+ben_sarc_binary,banglasarc3_binary,123
8658527a6a2a33bf,0,0,0.546875,-0.55078125,0.7498206999089312,0.25017930009106876,2.09093149036981,dann_matched,banglasarc_binary+ben_sarc_binary,banglasarc3_binary,123
67575dc5c930b3d1,0,0,1.15625,-1.21875,0.9149009549929797,0.08509904500702024,2.09093149036981,dann_matched,banglasarc_binary+ben_sarc_binary,banglasarc3_binary,123
ad380f5058befbd4,1,1,-0.3671875,0.546875,0.2861692439575231,0.713830756042477,2.09093149036981,dann_matched,banglasarc_binary+ben_sarc_binary,banglasarc3_binary,123
392a0ef4d44c3c73,1,0,0.21191406,-0.091796875,0.5753494347494654,0.4246505652505345,2.09093149036981,dann_matched,banglasarc_binary+ben_sarc_binary,banglasarc3_binary,123
d6bafb1cda6b4f80,1,1,-0.734375,0.859375,0.16885695214168314,0.8311430478583168,2.09093149036981,dann_matched,banglasarc_binary+ben_sarc_binary,banglasarc3_binary,123
809d83f7454be9cd,1,1,-2.203125,2.28125,0.011158031248084033,0.988841968751916,2.09093149036981,dann_matched,banglasarc_binary+ben_sarc_binary,banglasarc3_binary,123
a7ecaf79eb5d5fb9,1,1,-1.0859375,1.1875,0.09334687851957546,0.9066531214804244,2.09093149036981,dann_matched,banglasarc_binary+ben_sarc_binary,banglasarc3_binary,123
16902334d4aac003,0,1,-1.0390625,1.1328125,0.10230470789265303,0.8976952921073469,2.09093149036981,dann_matched,banglasarc_binary+ben_sarc_binary,banglasarc3_binary,123
051f1b25aad139f0,1,0,1.609375,-1.6328125,0.9623913644941934,0.03760863550580657,2.09093149036981,dann_matched,banglasarc_binary+ben_sarc_binary,banglasarc3_binary,123
74628967f465b267,0,0,1.9375,-2.125,0.9830850867332734,0.01691491326672651,2.09093149036981,dann_matched,banglasarc_binary+ben_sarc_binary,banglasarc3_binary,123
32b5e23e297c895c,1,1,-1.4375,1.6171875,0.04501553160023231,0.9549844683997677,2.09093149036981,dann_matched,banglasarc_binary+ben_sarc_binary,banglasarc3_binary,123
78a8f1d91019c411,0,1,-1.5,1.671875,0.04023794262361602,0.9597620573763841,2.09093149036981,dann_matched,banglasarc_binary+ben_sarc_binary,banglasarc3_binary,123
6bbdac83cbe8ed55,1,1,-1.59375,1.765625,0.033589505650103976,0.9664104943498959,2.09093149036981,dann_matched,banglasarc_binary+ben_sarc_binary,banglasarc3_binary,123
505144aeff25d610,0,0,3.953125,-4.59375,0.9998058868132211,0.00019411318677896262,2.09093149036981,dann_matched,banglasarc_binary+ben_sarc_binary,banglasarc3_binary,123
514e7229ecf5d2fe,1,1,-0.13476562,0.26171875,0.4021572988590203,0.5978427011409797,2.09093149036981,dann_matched,banglasarc_binary+ben_sarc_binary,banglasarc3_binary,123
97ff4666ec5e9f65,0,0,3.921875,-4.4375,0.9997658641752237,0.00023413582477639403,2.09093149036981,dann_matched,banglasarc_binary+ben_sarc_binary,banglasarc3_binary,123
7cb9734d271aa603,1,0,0.071777344,0.018554688,0.5133025240932364,0.4866974759067636,2.09093149036981,dann_matched,banglasarc_binary+ben_sarc_binary,banglasarc3_binary,123
895b32d6f531e8d6,0,1,-1.140625,1.25,0.08389038641057993,0.91610961358942,2.09093149036981,dann_matched,banglasarc_binary+ben_sarc_binary,banglasarc3_binary,123
b1a4b29882b6c492,0,1,-1.015625,1.1875,0.09947021388210707,0.9005297861178929,2.09093149036981,dann_matched,banglasarc_binary+ben_sarc_binary,banglasarc3_binary,123
c3b7103111f141a1,1,0,0.28710938,-0.19433594,0.6180891061384653,0.3819108938615347,2.09093149036981,dann_matched,banglasarc_binary+ben_sarc_binary,banglasarc3_binary,123
ec3e49aee99d8f7a,1,1,-2.109375,2.296875,0.012053779516236447,0.9879462204837635,2.09093149036981,dann_matched,banglasarc_binary+ben_sarc_binary,banglasarc3_binary,123
992c3932d484ad9a,0,1,-1.3046875,1.4609375,0.05921025074128593,0.9407897492587141,2.09093149036981,dann_matched,banglasarc_binary+ben_sarc_binary,banglasarc3_binary,123
c5bd12f82a343358,1,1,-0.010803223,0.08105469,0.47705165646457187,0.5229483435354281,2.09093149036981,dann_matched,banglasarc_binary+ben_sarc_binary,banglasarc3_binary,123
33a5e06ca430c8f1,0,0,1.46875,-1.59375,0.9553191297273498,0.0446808702726502,2.09093149036981,dann_matched,banglasarc_binary+ben_sarc_binary,banglasarc3_binary,123
0e1ca87b75e07a22,0,1,-1.578125,1.75,0.03461883883917583,0.9653811611608242,2.09093149036981,dann_matched,banglasarc_binary+ben_sarc_binary,banglasarc3_binary,123
d8fee321b4621b14,1,1,-1.2421875,1.375,0.06804042027255897,0.9319595797274409,2.09093149036981,dann_matched,banglasarc_binary+ben_sarc_binary,banglasarc3_binary,123
00c1732e4277e2ff,1,1,-0.8515625,0.9765625,0.13846179056896438,0.8615382094310357,2.09093149036981,dann_matched,banglasarc_binary+ben_sarc_binary,banglasarc3_binary,123
fbce076f3a151066,1,0,1.4375,-1.78125,0.9615338079816756,0.03846619201832428,2.09093149036981,dann_matched,banglasarc_binary+ben_sarc_binary,banglasarc3_binary,123
dbbbd3567edaaf38,0,0,1.109375,-1.1640625,0.9066531214804244,0.09334687851957546,2.09093149036981,dann_matched,banglasarc_binary+ben_sarc_binary,banglasarc3_binary,123
4ac1dba701f4fda5,1,1,-1.5625,1.71875,0.036220055864974746,0.9637799441350253,2.09093149036981,dann_matched,banglasarc_binary+ben_sarc_binary,banglasarc3_binary,123
a13bde6d3c5bb87a,0,0,3.75,-4.1875,0.9996430293649623,0.00035697063503765833,2.09093149036981,dann_matched,banglasarc_binary+ben_sarc_binary,banglasarc3_binary,123
9f92c9c63ab16ba9,1,1,-1.6796875,1.7109375,0.032589744766025344,0.9674102552339746,2.09093149036981,dann_matched,banglasarc_binary+ben_sarc_binary,banglasarc3_binary,123
e70632ab44b95d37,1,0,0.703125,-0.73046875,0.8074606461386356,0.19253935386136437,2.09093149036981,dann_matched,banglasarc_binary+ben_sarc_binary,banglasarc3_binary,123
e1e95dc7d5fd4fe7,0,0,1.3984375,-1.4765625,0.9465966702001757,0.053403329799824234,2.09093149036981,dann_matched,banglasarc_binary+ben_sarc_binary,banglasarc3_binary,123
cf43563beef479bd,1,0,1.6640625,-1.875,0.9717790128704671,0.02822098712953305,2.09093149036981,dann_matched,banglasarc_binary+ben_sarc_binary,banglasarc3_binary,123
9f9b2bac0fb579a1,1,0,1.921875,-2.15625,0.983342959990771,0.01665704000922906,2.09093149036981,dann_matched,banglasarc_binary+ben_sarc_binary,banglasarc3_binary,123
64261898e8263c33,0,0,1.5390625,-1.734375,0.9635062337709722,0.0364937662290278,2.09093149036981,dann_matched,banglasarc_binary+ben_sarc_binary,banglasarc3_binary,123
2584524d390cdfab,1,0,1.203125,-1.3046875,0.9246876936763765,0.07531230632362355,2.09093149036981,dann_matched,banglasarc_binary+ben_sarc_binary,banglasarc3_binary,123
257a7560d1ab7c7e,0,1,-1.765625,2.0,0.022629200033037256,0.9773707999669629,2.09093149036981,dann_matched,banglasarc_binary+ben_sarc_binary,banglasarc3_binary,123
2f14c0092aa7ca57,1,1,-0.29492188,0.33398438,0.34775858364472695,0.652241416355273,2.09093149036981,dann_matched,banglasarc_binary+ben_sarc_binary,banglasarc3_binary,123
342881c8a15bad16,0,1,-1.4921875,1.6875,0.0399373142069266,0.9600626857930734,2.09093149036981,dann_matched,banglasarc_binary+ben_sarc_binary,banglasarc3_binary,123
43f923ef5eb8a6f5,0,0,1.28125,-1.328125,0.9314625069680097,0.06853749303199023,2.09093149036981,dann_matched,banglasarc_binary+ben_sarc_binary,banglasarc3_binary,123
ee6f09f058aef096,1,0,3.6875,-4.125,0.9995955185021579,0.00040448149784208087,2.09093149036981,dann_matched,banglasarc_binary+ben_sarc_binary,banglasarc3_binary,123
923b266511af9ccd,1,0,0.6015625,-0.59375,0.76768985390312,0.23231014609688014,2.09093149036981,dann_matched,banglasarc_binary+ben_sarc_binary,banglasarc3_binary,123
405b3d840ad271a8,0,1,-1.6484375,1.828125,0.029986506066001513,0.9700134939339985,2.09093149036981,dann_matched,banglasarc_binary+ben_sarc_binary,banglasarc3_binary,123
dab992c0f3dc01a0,0,1,-0.51953125,0.72265625,0.2240554492316947,0.7759445507683053,2.09093149036981,dann_matched,banglasarc_binary+ben_sarc_binary,banglasarc3_binary,123
667af3eb14934a3e,0,0,3.90625,-4.125,0.9996749641547633,0.00032503584523654725,2.09093149036981,dann_matched,banglasarc_binary+ben_sarc_binary,banglasarc3_binary,123
b564fa9b23515ed0,1,1,-1.4375,1.625,0.0446808702726502,0.9553191297273498,2.09093149036981,dann_matched,banglasarc_binary+ben_sarc_binary,banglasarc3_binary,123
66d2aff5fc2e61bc,0,0,2.03125,-2.203125,0.9857180660748888,0.014281933925111153,2.09093149036981,dann_matched,banglasarc_binary+ben_sarc_binary,banglasarc3_binary,123
d3a8233595cb8024,0,0,2.75,-2.953125,0.9966755631083445,0.0033244368916556374,2.09093149036981,dann_matched,banglasarc_binary+ben_sarc_binary,banglasarc3_binary,123
1d769f0a19572287,1,1,-0.94921875,1.0390625,0.12043881659461604,0.8795611834053839,2.09093149036981,dann_matched,banglasarc_binary+ben_sarc_binary,banglasarc3_binary,123
3fee32aadfaf6383,0,0,1.4375,-1.515625,0.9504109770159683,0.04958902298403175,2.09093149036981,dann_matched,banglasarc_binary+ben_sarc_binary,banglasarc3_binary,123
114b54f8ea927149,1,0,2.265625,-2.4375,0.9910145712474399,0.008985428752560176,2.09093149036981,dann_matched,banglasarc_binary+ben_sarc_binary,banglasarc3_binary,123
f8e88475333512af,1,1,-1.9140625,2.109375,0.01757688326733593,0.982423116732664,2.09093149036981,dann_matched,banglasarc_binary+ben_sarc_binary,banglasarc3_binary,123
7a2afdf85b0e4a57,1,0,1.8984375,-2.046875,0.9810219632882344,0.01897803671176563,2.09093149036981,dann_matched,banglasarc_binary+ben_sarc_binary,banglasarc3_binary,123
92c430c72628f547,0,0,3.015625,-3.25,0.9981030799255213,0.0018969200744787132,2.09093149036981,dann_matched,banglasarc_binary+ben_sarc_binary,banglasarc3_binary,123
26dc21d32e9a6348,1,1,-0.82421875,0.96875,0.1427091316026025,0.8572908683973974,2.09093149036981,dann_matched,banglasarc_binary+ben_sarc_binary,banglasarc3_binary,123
d08da382f5aa6fd6,1,0,1.9453125,-2.171875,0.9839708526340988,0.016029147365901317,2.09093149036981,dann_matched,banglasarc_binary+ben_sarc_binary,banglasarc3_binary,123
ff9a012f3a431db5,1,1,-0.4375,0.51953125,0.2774729816308713,0.7225270183691288,2.09093149036981,dann_matched,banglasarc_binary+ben_sarc_binary,banglasarc3_binary,123
55386c020543c40f,1,1,-1.8515625,2.046875,0.019870713960402048,0.980129286039598,2.09093149036981,dann_matched,banglasarc_binary+ben_sarc_binary,banglasarc3_binary,123
017099e7610a6f6c,1,0,1.65625,-1.765625,0.9683812327313545,0.03161876726864548,2.09093149036981,dann_matched,banglasarc_binary+ben_sarc_binary,banglasarc3_binary,123
f016ba0cc1c77d81,1,0,1.875,-2.046875,0.9805806518175514,0.0194193481824486,2.09093149036981,dann_matched,banglasarc_binary+ben_sarc_binary,banglasarc3_binary,123
bbbc6d295b42948d,0,0,1.078125,-1.1015625,0.8984105540811842,0.10158944591881586,2.09093149036981,dann_matched,banglasarc_binary+ben_sarc_binary,banglasarc3_binary,123
8a6ec5d8b3140bbc,1,1,-0.40625,0.48046875,0.29178742608054825,0.7082125739194518,2.09093149036981,dann_matched,banglasarc_binary+ben_sarc_binary,banglasarc3_binary,123
52f3e5cbfe71dd90,0,0,2.703125,-3.0625,0.9968763514001466,0.0031236485998533104,2.09093149036981,dann_matched,banglasarc_binary+ben_sarc_binary,banglasarc3_binary,123
6311c3f6e9111661,1,1,-1.421875,1.6171875,0.04569203238158463,0.9543079676184154,2.09093149036981,dann_matched,banglasarc_binary+ben_sarc_binary,banglasarc3_binary,123
ab531d6915b77591,1,1,-0.57421875,0.73828125,0.21206880435710532,0.7879311956428947,2.09093149036981,dann_matched,banglasarc_binary+ben_sarc_binary,banglasarc3_binary,123
c8d4191a4c0034b0,0,0,0.20117188,-0.11035156,0.5772570713228701,0.42274292867712987,2.09093149036981,dann_matched,banglasarc_binary+ben_sarc_binary,banglasarc3_binary,123
78f45826d9c886c2,1,1,-0.48632812,0.62109375,0.24835184311713518,0.7516481568828648,2.09093149036981,dann_matched,banglasarc_binary+ben_sarc_binary,banglasarc3_binary,123
f5080918cb703e26,1,1,-1.5234375,1.703125,0.03817827426156642,0.9618217257384336,2.09093149036981,dann_matched,banglasarc_binary+ben_sarc_binary,banglasarc3_binary,123
50855678cee37752,0,0,3.796875,-4.15625,0.9996485617367191,0.0003514382632807918,2.09093149036981,dann_matched,banglasarc_binary+ben_sarc_binary,banglasarc3_binary,123
0e861cdeb8d4ab68,1,1,-1.3671875,1.53125,0.052230857101425734,0.9477691428985743,2.09093149036981,dann_matched,banglasarc_binary+ben_sarc_binary,banglasarc3_binary,123
6aa0691388dde3ef,0,0,0.6640625,-0.66015625,0.7898827402935596,0.2101172597064404,2.09093149036981,dann_matched,banglasarc_binary+ben_sarc_binary,banglasarc3_binary,123
ac035386ab80b4e6,1,0,1.0703125,-1.078125,0.8955226768697631,0.10447732313023693,2.09093149036981,dann_matched,banglasarc_binary+ben_sarc_binary,banglasarc3_binary,123
e76a1038723dc5eb,1,1,-1.3203125,1.546875,0.053799643460063995,0.946200356539936,2.09093149036981,dann_matched,banglasarc_binary+ben_sarc_binary,banglasarc3_binary,123
ff922cbca8785282,1,0,2.40625,-2.703125,0.9939964042034285,0.00600359579657149,2.09093149036981,dann_matched,banglasarc_binary+ben_sarc_binary,banglasarc3_binary,123
66a6d7fc7c022153,1,0,2.921875,-3.265625,0.9979492564600826,0.002050743539917378,2.09093149036981,dann_matched,banglasarc_binary+ben_sarc_binary,banglasarc3_binary,123
6f920e614b465135,0,1,-1.3359375,1.4453125,0.05834584061168106,0.941654159388319,2.09093149036981,dann_matched,banglasarc_binary+ben_sarc_binary,banglasarc3_binary,123
a3046e4436328bea,1,1,-1.6171875,1.8203125,0.031143830534778462,0.9688561694652216,2.09093149036981,dann_matched,banglasarc_binary+ben_sarc_binary,banglasarc3_binary,123
226afc1f08fe0780,0,0,3.59375,-3.90625,0.9994472213630764,0.0005527786369235996,2.09093149036981,dann_matched,banglasarc_binary+ben_sarc_binary,banglasarc3_binary,123
9924815a000de0cd,0,0,2.671875,-2.890625,0.9961755163553627,0.0038244836446372104,2.09093149036981,dann_matched,banglasarc_binary+ben_sarc_binary,banglasarc3_binary,123
71c861c5ca9ae94c,0,0,2.546875,-2.875,0.9956005868372635,0.00439941316273649,2.09093149036981,dann_matched,banglasarc_binary+ben_sarc_binary,banglasarc3_binary,123
9a8af6572f036955,1,0,2.5625,-2.796875,0.9953181774756662,0.0046818225243337366,2.09093149036981,dann_matched,banglasarc_binary+ben_sarc_binary,banglasarc3_binary,123
148f42b7e3a77173,1,1,-0.95703125,1.0078125,0.12294379806223382,0.8770562019377661,2.09093149036981,dann_matched,banglasarc_binary+ben_sarc_binary,banglasarc3_binary,123
4a3ebc4e56a23695,0,0,1.40625,-1.5,0.94815453335022,0.05184546664977983,2.09093149036981,dann_matched,banglasarc_binary+ben_sarc_binary,banglasarc3_binary,123
9884f74105725ac3,0,0,1.140625,-1.2578125,0.916708077443256,0.0832919225567441,2.09093149036981,dann_matched,banglasarc_binary+ben_sarc_binary,banglasarc3_binary,123
bc7aa60f495fb7a9,0,1,-1.9453125,2.140625,0.01652955655765428,0.9834704434423458,2.09093149036981,dann_matched,banglasarc_binary+ben_sarc_binary,banglasarc3_binary,123
1a19fa077638051f,0,0,3.90625,-4.21875,0.999704042886487,0.000295957113513077,2.09093149036981,dann_matched,banglasarc_binary+ben_sarc_binary,banglasarc3_binary,123
bbac56b00ec41b2d,1,0,1.71875,-1.859375,0.9728307684643189,0.027169231535681047,2.09093149036981,dann_matched,banglasarc_binary+ben_sarc_binary,banglasarc3_binary,123
1ee3ab9f5f73d8e3,0,1,-1.4921875,1.703125,0.03934250326425821,0.9606574967357419,2.09093149036981,dann_matched,banglasarc_binary+ben_sarc_binary,banglasarc3_binary,123
0a70db745aa8febf,1,1,-1.8828125,2.0625,0.01897803671176563,0.9810219632882344,2.09093149036981,dann_matched,banglasarc_binary+ben_sarc_binary,banglasarc3_binary,123
a831521b5fade0b4,0,0,2.1875,-2.359375,0.9895109087400621,0.010489091259938018,2.09093149036981,dann_matched,banglasarc_binary+ben_sarc_binary,banglasarc3_binary,123
aee1e0859bd82e49,0,0,0.953125,-0.95703125,0.8710367007098975,0.12896329929010264,2.09093149036981,dann_matched,banglasarc_binary+ben_sarc_binary,banglasarc3_binary,123
14c1d9b31ee9da91,0,0,3.171875,-3.671875,0.9989350373279441,0.0010649626720559452,2.09093149036981,dann_matched,banglasarc_binary+ben_sarc_binary,banglasarc3_binary,123
0b3f384c234e0487,1,1,-1.2109375,1.40625,0.06804042027255897,0.9319595797274409,2.09093149036981,dann_matched,banglasarc_binary+ben_sarc_binary,banglasarc3_binary,123
ba3b5a884606387b,1,1,-0.048828125,0.1875,0.44119142403544503,0.5588085759645549,2.09093149036981,dann_matched,banglasarc_binary+ben_sarc_binary,banglasarc3_binary,123
d93424c4b5243f73,0,0,3.390625,-3.859375,0.9992903296008995,0.0007096703991005882,2.09093149036981,dann_matched,banglasarc_binary+ben_sarc_binary,banglasarc3_binary,123
b7e8e4540b6277b4,0,0,2.453125,-2.625,0.9938070098421449,0.006192990157855187,2.09093149036981,dann_matched,banglasarc_binary+ben_sarc_binary,banglasarc3_binary,123
dfa9f26844b0493f,1,1,-0.875,1.0625,0.12592276483513232,0.8740772351648677,2.09093149036981,dann_matched,banglasarc_binary+ben_sarc_binary,banglasarc3_binary,123
c63b2cd906f1ec56,1,1,-1.4609375,1.6015625,0.0446808702726502,0.9553191297273498,2.09093149036981,dann_matched,banglasarc_binary+ben_sarc_binary,banglasarc3_binary,123
30f04a8c49d82a1e,1,0,2.96875,-3.34375,0.9981897889737974,0.0018102110262026487,2.09093149036981,dann_matched,banglasarc_binary+ben_sarc_binary,banglasarc3_binary,123
f53841d746ae3cd5,1,0,2.953125,-3.453125,0.9983515170581486,0.001648482941851288,2.09093149036981,dann_matched,banglasarc_binary+ben_sarc_binary,banglasarc3_binary,123
78b23bee083f3547,0,1,-2.703125,2.796875,0.004070137715896127,0.995929862284104,2.09093149036981,dann_matched,banglasarc_binary+ben_sarc_binary,banglasarc3_binary,123
57f53209ea014911,0,0,3.171875,-3.484375,0.9987156918798661,0.0012843081201339697,2.09093149036981,dann_matched,banglasarc_binary+ben_sarc_binary,banglasarc3_binary,123
6bfa33ebacfeda42,1,1,-1.6875,1.8984375,0.02696349986233355,0.9730365001376665,2.09093149036981,dann_matched,banglasarc_binary+ben_sarc_binary,banglasarc3_binary,123
188035f94f43d5ab,0,0,3.21875,-3.59375,0.9989012689270753,0.0010987310729246428,2.09093149036981,dann_matched,banglasarc_binary+ben_sarc_binary,banglasarc3_binary,123
a9c618cbe59ac37d,1,1,-1.359375,1.5703125,0.050705364797830506,0.9492946352021694,2.09093149036981,dann_matched,banglasarc_binary+ben_sarc_binary,banglasarc3_binary,123
7ef070492a733c38,0,1,-0.640625,0.75390625,0.1986853537904252,0.8013146462095748,2.09093149036981,dann_matched,banglasarc_binary+ben_sarc_binary,banglasarc3_binary,123
c367988694c84530,0,1,-0.110839844,0.15234375,0.4345812720045144,0.5654187279954855,2.09093149036981,dann_matched,banglasarc_binary+ben_sarc_binary,banglasarc3_binary,123
18d391b119c1644a,1,0,3.265625,-3.59375,0.9989515307328389,0.0010484692671610088,2.09093149036981,dann_matched,banglasarc_binary+ben_sarc_binary,banglasarc3_binary,123
4faab331ced87a08,0,0,1.21875,-1.2890625,0.9246876936763765,0.07531230632362355,2.09093149036981,dann_matched,banglasarc_binary+ben_sarc_binary,banglasarc3_binary,123
977b72c19a26ad0b,0,0,3.140625,-3.484375,0.9986749775827868,0.0013250224172131609,2.09093149036981,dann_matched,banglasarc_binary+ben_sarc_binary,banglasarc3_binary,123
6517e05a5287776b,0,0,3.703125,-3.921875,0.9995121428772178,0.000487857122782266,2.09093149036981,dann_matched,banglasarc_binary+ben_sarc_binary,banglasarc3_binary,123
ee6dbf89dce4e2bb,1,1,-1.4140625,1.6015625,0.04672495862609242,0.9532750413739076,2.09093149036981,dann_matched,banglasarc_binary+ben_sarc_binary,banglasarc3_binary,123
ccf32cdc3d0775ad,1,1,-1.6875,1.9453125,0.025760559119668493,0.9742394408803315,2.09093149036981,dann_matched,banglasarc_binary+ben_sarc_binary,banglasarc3_binary,123
4da5e414258db266,0,0,2.6875,-2.890625,0.9962345862153261,0.0037654137846738736,2.09093149036981,dann_matched,banglasarc_binary+ben_sarc_binary,banglasarc3_binary,123
60ac14a8affe8358,1,1,-1.2734375,1.390625,0.0651275468396235,0.9348724531603766,2.09093149036981,dann_matched,banglasarc_binary+ben_sarc_binary,banglasarc3_binary,123
c82b770796c8cf66,1,0,0.09863281,-0.04638672,0.5361914774652468,0.4638085225347533,2.09093149036981,dann_matched,banglasarc_binary+ben_sarc_binary,banglasarc3_binary,123
f5fd2d4cdc3bc132,1,0,0.58984375,-0.515625,0.7512833816078802,0.24871661839211975,2.09093149036981,dann_matched,banglasarc_binary+ben_sarc_binary,banglasarc3_binary,123
94f3c9ec4b1c85a4,1,0,3.390625,-3.828125,0.9992678187383391,0.0007321812616608614,2.09093149036981,dann_matched,banglasarc_binary+ben_sarc_binary,banglasarc3_binary,123
5a10d03482f58dbf,1,1,-1.671875,1.8359375,0.029090757042564665,0.9709092429574353,2.09093149036981,dann_matched,banglasarc_binary+ben_sarc_binary,banglasarc3_binary,123
acbcf17308c9467e,1,1,-1.75,1.953125,0.024053552894426178,0.9759464471055739,2.09093149036981,dann_matched,banglasarc_binary+ben_sarc_binary,banglasarc3_binary,123
efc06bd7dc0335d5,1,1,-1.4375,1.4765625,0.05146276543260743,0.9485372345673925,2.09093149036981,dann_matched,banglasarc_binary+ben_sarc_binary,banglasarc3_binary,123
ed59d0f7934d3996,0,1,-1.53125,1.6875,0.03846619201832428,0.9615338079816756,2.09093149036981,dann_matched,banglasarc_binary+ben_sarc_binary,banglasarc3_binary,123
562d6d6d9b6ae4be,1,1,-0.045166016,0.033203125,0.4804177362200056,0.5195822637799944,2.09093149036981,dann_matched,banglasarc_binary+ben_sarc_binary,banglasarc3_binary,123
f32e502d7c88ac0b,1,1,-1.015625,1.1953125,0.09877258875237437,0.9012274112476257,2.09093149036981,dann_matched,banglasarc_binary+ben_sarc_binary,banglasarc3_binary,123
8e5d3f2f373f5e29,0,0,1.640625,-1.796875,0.9688561694652216,0.031143830534778462,2.09093149036981,dann_matched,banglasarc_binary+ben_sarc_binary,banglasarc3_binary,123
9207c873bbd453c3,0,0,3.609375,-3.953125,0.999480695135505,0.000519304864494927,2.09093149036981,dann_matched,banglasarc_binary+ben_sarc_binary,banglasarc3_binary,123
89156813be6db8c4,1,1,-0.29101562,0.34960938,0.3451052709578724,0.6548947290421275,2.09093149036981,dann_matched,banglasarc_binary+ben_sarc_binary,banglasarc3_binary,123
8b10125a3aa18362,1,0,1.1328125,-1.2421875,0.9149009549929797,0.08509904500702024,2.09093149036981,dann_matched,banglasarc_binary+ben_sarc_binary,banglasarc3_binary,123
1ab10ab51e82c702,0,1,-0.29882812,0.42578125,0.32637877584155367,0.6736212241584463,2.09093149036981,dann_matched,banglasarc_binary+ben_sarc_binary,banglasarc3_binary,123
0c97107ad69abd97,0,0,3.90625,-4.25,0.9997131459176125,0.00028685408238746286,2.09093149036981,dann_matched,banglasarc_binary+ben_sarc_binary,banglasarc3_binary,123
319378441192755c,1,0,0.63671875,-0.66015625,0.785308580887758,0.2146914191122419,2.09093149036981,dann_matched,banglasarc_binary+ben_sarc_binary,banglasarc3_binary,123
da5927d625a7e992,0,1,-1.515625,1.703125,0.03846619201832428,0.9615338079816756,2.09093149036981,dann_matched,banglasarc_binary+ben_sarc_binary,banglasarc3_binary,123
f948aa239ae79172,0,0,0.8125,-0.8046875,0.8344068863691763,0.16559311363082369,2.09093149036981,dann_matched,banglasarc_binary+ben_sarc_binary,banglasarc3_binary,123
b98ee8eae2d4d6c2,1,1,-1.40625,1.578125,0.04813677111663481,0.9518632288833652,2.09093149036981,dann_matched,banglasarc_binary+ben_sarc_binary,banglasarc3_binary,123
2c4933c952f7fae0,1,1,-1.3984375,1.5703125,0.048857778622174906,0.9511422213778251,2.09093149036981,dann_matched,banglasarc_binary+ben_sarc_binary,banglasarc3_binary,123
5611174ac8f322d9,0,0,3.359375,-3.671875,0.9991169541522155,0.0008830458477845482,2.09093149036981,dann_matched,banglasarc_binary+ben_sarc_binary,banglasarc3_binary,123
a68c6a0d2e4a0d44,0,0,2.34375,-2.546875,0.9925393565360598,0.007460643463940165,2.09093149036981,dann_matched,banglasarc_binary+ben_sarc_binary,banglasarc3_binary,123
f0beee1358ba6702,1,1,-0.43554688,0.5390625,0.2739627099813592,0.7260372900186408,2.09093149036981,dann_matched,banglasarc_binary+ben_sarc_binary,banglasarc3_binary,123
9dd87b3601b59c5e,1,0,2.4375,-2.75,0.994445075296309,0.005554924703691103,2.09093149036981,dann_matched,banglasarc_binary+ben_sarc_binary,banglasarc3_binary,123
059d63cf1f988857,0,1,-0.7890625,0.87890625,0.1586951851359601,0.8413048148640399,2.09093149036981,dann_matched,banglasarc_binary+ben_sarc_binary,banglasarc3_binary,123
205492061bc3b836,1,1,-1.5078125,1.640625,0.04115288921744485,0.9588471107825551,2.09093149036981,dann_matched,banglasarc_binary+ben_sarc_binary,banglasarc3_binary,123
ba85309fe6f0de09,1,1,-0.9765625,1.015625,0.1200256277543614,0.8799743722456386,2.09093149036981,dann_matched,banglasarc_binary+ben_sarc_binary,banglasarc3_binary,123
34cf41d51399f927,1,1,-1.5390625,1.734375,0.0364937662290278,0.9635062337709722,2.09093149036981,dann_matched,banglasarc_binary+ben_sarc_binary,banglasarc3_binary,123
8f9e66d0954319bd,1,1,-1.1015625,1.0859375,0.10087862273005653,0.8991213772699436,2.09093149036981,dann_matched,banglasarc_binary+ben_sarc_binary,banglasarc3_binary,123
7aea9964e3bab268,0,1,-0.40234375,0.49609375,0.2893716974101633,0.7106283025898368,2.09093149036981,dann_matched,banglasarc_binary+ben_sarc_binary,banglasarc3_binary,123
34262aaf029abe9c,0,0,2.953125,-3.203125,0.9978842965994068,0.002115703400593114,2.09093149036981,dann_matched,banglasarc_binary+ben_sarc_binary,banglasarc3_binary,123
afc98c7da489d792,0,0,3.921875,-4.09375,0.9996698472749022,0.000330152725097801,2.09093149036981,dann_matched,banglasarc_binary+ben_sarc_binary,banglasarc3_binary,123
87ca816cf9ca3a57,0,0,3.640625,-4.15625,0.9995891514623653,0.0004108485376346404,2.09093149036981,dann_matched,banglasarc_binary+ben_sarc_binary,banglasarc3_binary,123
b8705f91611e42fd,1,1,-0.16113281,0.29882812,0.38699509061235343,0.6130049093876466,2.09093149036981,dann_matched,banglasarc_binary+ben_sarc_binary,banglasarc3_binary,123
9b4172a29427d096,1,1,-1.578125,1.7421875,0.034880886936679296,0.9651191130633208,2.09093149036981,dann_matched,banglasarc_binary+ben_sarc_binary,banglasarc3_binary,123
d41615dc78dfd442,0,0,1.4609375,-1.546875,0.9529258241789759,0.04707417582102406,2.09093149036981,dann_matched,banglasarc_binary+ben_sarc_binary,banglasarc3_binary,123
3b570bff1dc82229,1,0,0.33203125,-0.28320312,0.6491339071440806,0.3508660928559194,2.09093149036981,dann_matched,banglasarc_binary+ben_sarc_binary,banglasarc3_binary,123
a14957fec3333e4d,1,1,-1.71875,1.9140625,0.025760559119668493,0.9742394408803315,2.09093149036981,dann_matched,banglasarc_binary+ben_sarc_binary,banglasarc3_binary,123
434aefb45c633a6e,1,1,-1.8125,2.0625,0.020332353342658753,0.9796676466573412,2.09093149036981,dann_matched,banglasarc_binary+ben_sarc_binary,banglasarc3_binary,123
cb001950d002af6a,0,0,3.453125,-3.796875,0.9992903296008995,0.0007096703991005882,2.09093149036981,dann_matched,banglasarc_binary+ben_sarc_binary,banglasarc3_binary,123
bde02cf99aa6475c,0,0,3.703125,-4.25,0.9996485617367191,0.0003514382632807918,2.09093149036981,dann_matched,banglasarc_binary+ben_sarc_binary,banglasarc3_binary,123
d59a0afee6d44b0f,1,0,1.703125,-1.6015625,0.9645892699236761,0.03541073007632382,2.09093149036981,dann_matched,banglasarc_binary+ben_sarc_binary,banglasarc3_binary,123
53e03d54e9f7c1ed,1,0,2.484375,-2.859375,0.9952448000901669,0.004755199909833047,2.09093149036981,dann_matched,banglasarc_binary+ben_sarc_binary,banglasarc3_binary,123
2922023d8f4b1469,0,0,0.111328125,-0.12402344,0.5585677989220222,0.4414322010779778,2.09093149036981,dann_matched,banglasarc_binary+ben_sarc_binary,banglasarc3_binary,123
9a38672a43ee4277,1,1,-0.1953125,0.3046875,0.37754066879814546,0.6224593312018546,2.09093149036981,dann_matched,banglasarc_binary+ben_sarc_binary,banglasarc3_binary,123
7d708b93f7458e17,0,0,3.78125,-4.125,0.999631702073984,0.0003682979260160596,2.09093149036981,dann_matched,banglasarc_binary+ben_sarc_binary,banglasarc3_binary,123
123e910b36e0446d,0,0,3.90625,-3.96875,0.999620015485248,0.0003799845147518645,2.09093149036981,dann_matched,banglasarc_binary+ben_sarc_binary,banglasarc3_binary,123
5dc46488541a62ec,1,1,-1.6875,1.9140625,0.02655657099549924,0.9734434290045008,2.09093149036981,dann_matched,banglasarc_binary+ben_sarc_binary,banglasarc3_binary,123
e52a1f58f51e0c0a,1,0,1.375,-1.4453125,0.9437636542955161,0.056236345704483756,2.09093149036981,dann_matched,banglasarc_binary+ben_sarc_binary,banglasarc3_binary,123
9b0ea3fdc41c9127,0,0,0.22265625,-0.25195312,0.6164741517821578,0.38352584821784214,2.09093149036981,dann_matched,banglasarc_binary+ben_sarc_binary,banglasarc3_binary,123
6013016338f9c6dd,0,0,2.921875,-3.25,0.9979170292169542,0.0020829707830458,2.09093149036981,dann_matched,banglasarc_binary+ben_sarc_binary,banglasarc3_binary,123
5e41f878680dab10,0,0,3.171875,-3.484375,0.9987156918798661,0.0012843081201339697,2.09093149036981,dann_matched,banglasarc_binary+ben_sarc_binary,banglasarc3_binary,123
f86040734ae27c6d,1,1,-1.6171875,1.703125,0.034880886936679296,0.9651191130633208,2.09093149036981,dann_matched,banglasarc_binary+ben_sarc_binary,banglasarc3_binary,123
d10cccce1b8473e7,0,1,-1.328125,1.4921875,0.056236345704483756,0.9437636542955161,2.09093149036981,dann_matched,banglasarc_binary+ben_sarc_binary,banglasarc3_binary,123
24135986932e677c,1,0,3.59375,-4.0,0.9994966644245472,0.0005033355754528115,2.09093149036981,dann_matched,banglasarc_binary+ben_sarc_binary,banglasarc3_binary,123
7514b989309b1d9c,0,0,2.765625,-3.03125,0.9969721649754317,0.0030278350245683794,2.09093149036981,dann_matched,banglasarc_binary+ben_sarc_binary,banglasarc3_binary,123
ce110dc8185ae08e,1,0,0.3984375,-0.34960938,0.6787529741649941,0.32124702583500586,2.09093149036981,dann_matched,banglasarc_binary+ben_sarc_binary,banglasarc3_binary,123
cb27ebe4bead824c,1,0,2.34375,-2.53125,0.9924227587321393,0.007577241267860811,2.09093149036981,dann_matched,banglasarc_binary+ben_sarc_binary,banglasarc3_binary,123
bc540917f9b7c71d,1,1,-1.765625,1.9375,0.024053552894426178,0.9759464471055739,2.09093149036981,dann_matched,banglasarc_binary+ben_sarc_binary,banglasarc3_binary,123
4ffffbe307d0a83a,0,0,3.015625,-3.484375,0.998498817743263,0.0015011822567369915,2.09093149036981,dann_matched,banglasarc_binary+ben_sarc_binary,banglasarc3_binary,123
b4323b5c74f8fc36,0,0,2.90625,-3.1875,0.997748152720497,0.00225184727950302,2.09093149036981,dann_matched,banglasarc_binary+ben_sarc_binary,banglasarc3_binary,123
ad6cc5fb265960cc,0,1,-1.359375,1.46875,0.05582314113461443,0.9441768588653856,2.09093149036981,dann_matched,banglasarc_binary+ben_sarc_binary,banglasarc3_binary,123
d39ddcf24d6d9189,0,1,-1.1015625,1.296875,0.0832919225567441,0.916708077443256,2.09093149036981,dann_matched,banglasarc_binary+ben_sarc_binary,banglasarc3_binary,123
f38d81be661a4b8f,1,1,-1.390625,1.484375,0.053403329799824234,0.9465966702001757,2.09093149036981,dann_matched,banglasarc_binary+ben_sarc_binary,banglasarc3_binary,123
c511137eaf00d6b1,1,1,-1.2890625,1.4765625,0.05921025074128593,0.9407897492587141,2.09093149036981,dann_matched,banglasarc_binary+ben_sarc_binary,banglasarc3_binary,123
3cb9b64cd0bcd1c4,1,1,-1.328125,1.484375,0.05665242530797383,0.9433475746920261,2.09093149036981,dann_matched,banglasarc_binary+ben_sarc_binary,banglasarc3_binary,123
44e81fb71fafc5f6,1,1,-1.7265625,1.8828125,0.02635535284611975,0.9736446471538801,2.09093149036981,dann_matched,banglasarc_binary+ben_sarc_binary,banglasarc3_binary,123
1f6366dc8c87721e,0,0,1.328125,-1.5078125,0.944587205618231,0.05541279438176918,2.09093149036981,dann_matched,banglasarc_binary+ben_sarc_binary,banglasarc3_binary,123
406b7cc3a0445691,1,1,-1.53125,1.7109375,0.03760863550580657,0.9623913644941934,2.09093149036981,dann_matched,banglasarc_binary+ben_sarc_binary,banglasarc3_binary,123
35cf36bc3d8642ab,0,0,1.1171875,-1.1015625,0.90192067652954,0.09807932347046003,2.09093149036981,dann_matched,banglasarc_binary+ben_sarc_binary,banglasarc3_binary,123
57cd7fdd60d1667d,1,1,-0.578125,0.72265625,0.2140335632231953,0.7859664367768047,2.09093149036981,dann_matched,banglasarc_binary+ben_sarc_binary,banglasarc3_binary,123
0bb1548e56ec97e6,1,0,1.734375,-1.90625,0.9744347860767304,0.025565213923269593,2.09093149036981,dann_matched,banglasarc_binary+ben_sarc_binary,banglasarc3_binary,123
8e8b85d15b47827c,1,0,2.3125,-2.59375,0.9926541734255229,0.007345826574477061,2.09093149036981,dann_matched,banglasarc_binary+ben_sarc_binary,banglasarc3_binary,123
fae8d93fe40b415d,1,0,0.640625,-0.6875,0.7905303186696747,0.20946968133032526,2.09093149036981,dann_matched,banglasarc_binary+ben_sarc_binary,banglasarc3_binary,123
12e6dab580637364,1,0,1.5859375,-1.7109375,0.9643214491222695,0.035678550877730524,2.09093149036981,dann_matched,banglasarc_binary+ben_sarc_binary,banglasarc3_binary,123
c63614053bc8ae28,0,1,-0.90234375,0.92578125,0.13846179056896438,0.8615382094310357,2.09093149036981,dann_matched,banglasarc_binary+ben_sarc_binary,banglasarc3_binary,123
e567c1f8bb54ed53,0,0,0.29882812,-0.22753906,0.6286354183147999,0.37136458168520015,2.09093149036981,dann_matched,banglasarc_binary+ben_sarc_binary,banglasarc3_binary,123
b24c7e2e479c102f,0,0,3.984375,-4.25,0.9997346976231016,0.0002653023768982879,2.09093149036981,dann_matched,banglasarc_binary+ben_sarc_binary,banglasarc3_binary,123
8ed4645228916f02,0,0,1.9375,-2.109375,0.9828232909876817,0.017176709012318405,2.09093149036981,dann_matched,banglasarc_binary+ben_sarc_binary,banglasarc3_binary,123
f59c42c49edda760,0,0,1.9375,-2.09375,0.9825575152637948,0.01744248473620534,2.09093149036981,dann_matched,banglasarc_binary+ben_sarc_binary,banglasarc3_binary,123
d760334e952c9d53,0,0,3.953125,-4.34375,0.9997507674754179,0.00024923252458203564,2.09093149036981,dann_matched,banglasarc_binary+ben_sarc_binary,banglasarc3_binary,123
98f8544b2ea323d3,0,0,2.09375,-2.328125,0.9881308789536605,0.011869121046339474,2.09093149036981,dann_matched,banglasarc_binary+ben_sarc_binary,banglasarc3_binary,123
ce05c3fa0cc62627,0,0,3.796875,-4.09375,0.9996259043952698,0.0003740956047302422,2.09093149036981,dann_matched,banglasarc_binary+ben_sarc_binary,banglasarc3_binary,123
fdc64d7635cb59b2,0,0,1.9375,-2.09375,0.9825575152637948,0.01744248473620534,2.09093149036981,dann_matched,banglasarc_binary+ben_sarc_binary,banglasarc3_binary,123
f93ea9b921c3c0f7,1,1,-1.1484375,1.2421875,0.08389038641057993,0.91610961358942,2.09093149036981,dann_matched,banglasarc_binary+ben_sarc_binary,banglasarc3_binary,123
2278f57caa613701,0,0,3.109375,-3.40625,0.9985220570197841,0.001477942980215951,2.09093149036981,dann_matched,banglasarc_binary+ben_sarc_binary,banglasarc3_binary,123
c25fe5e4766f241a,0,0,3.890625,-4.1875,0.9996898440132873,0.0003101559867126834,2.09093149036981,dann_matched,banglasarc_binary+ben_sarc_binary,banglasarc3_binary,123
572e4397ff6c9eb2,1,1,-1.2578125,1.4296875,0.06371499425196533,0.9362850057480346,2.09093149036981,dann_matched,banglasarc_binary+ben_sarc_binary,banglasarc3_binary,123
9e94c5340c1e9e84,1,0,0.98046875,-1.0625,0.8852352197343663,0.1147647802656337,2.09093149036981,dann_matched,banglasarc_binary+ben_sarc_binary,banglasarc3_binary,123
e0b7bf00262d60a7,0,0,2.4375,-2.6875,0.9940889311437562,0.005911068856243796,2.09093149036981,dann_matched,banglasarc_binary+ben_sarc_binary,banglasarc3_binary,123
7d5dcba04c7cbfc6,1,0,1.671875,-1.7421875,0.9681411443139596,0.03185885568604046,2.09093149036981,dann_matched,banglasarc_binary+ben_sarc_binary,banglasarc3_binary,123
cd9fc03dbd82abcd,0,0,3.390625,-3.78125,0.9992327075871412,0.000767292412858718,2.09093149036981,dann_matched,banglasarc_binary+ben_sarc_binary,banglasarc3_binary,123
54b803aa09d54185,1,1,-1.34375,1.4375,0.05834584061168106,0.941654159388319,2.09093149036981,dann_matched,banglasarc_binary+ben_sarc_binary,banglasarc3_binary,123
725ea8a5def6acac,0,0,4.0,-4.5625,0.9998088956841223,0.00019110431587777675,2.09093149036981,dann_matched,banglasarc_binary+ben_sarc_binary,banglasarc3_binary,123
56d6d68354837500,0,1,-0.06298828,0.15625,0.4454089166834198,0.5545910833165801,2.09093149036981,dann_matched,banglasarc_binary+ben_sarc_binary,banglasarc3_binary,123
da5033e533eee677,1,0,1.625,-1.609375,0.9621075733703927,0.037892426629607394,2.09093149036981,dann_matched,banglasarc_binary+ben_sarc_binary,banglasarc3_binary,123
ce347cf05f786fe0,1,0,0.9921875,-1.0625,0.8864204083088262,0.11357959169117389,2.09093149036981,dann_matched,banglasarc_binary+ben_sarc_binary,banglasarc3_binary,123
ea499bace09f44ce,1,0,0.83203125,-0.9140625,0.8514594320170558,0.14854056798294435,2.09093149036981,dann_matched,banglasarc_binary+ben_sarc_binary,banglasarc3_binary,123
2ccc2f875d7de471,1,1,-1.171875,1.359375,0.07369626970604846,0.9263037302939515,2.09093149036981,dann_matched,banglasarc_binary+ben_sarc_binary,banglasarc3_binary,123
22e8efc34608d82d,0,0,0.6171875,-0.625,0.7759445507683053,0.2240554492316947,2.09093149036981,dann_matched,banglasarc_binary+ben_sarc_binary,banglasarc3_binary,123
040a68c1b02bd862,1,0,0.9765625,-0.88671875,0.865678946226571,0.13432105377342907,2.09093149036981,dann_matched,banglasarc_binary+ben_sarc_binary,banglasarc3_binary,123
efde5d179b5fd873,1,0,2.984375,-3.1875,0.9979170292169542,0.0020829707830458,2.09093149036981,dann_matched,banglasarc_binary+ben_sarc_binary,banglasarc3_binary,123
0b43510285b09eba,0,0,2.953125,-3.375,0.9982178036776337,0.0017821963223663927,2.09093149036981,dann_matched,banglasarc_binary+ben_sarc_binary,banglasarc3_binary,123
dd4fae9961a88873,1,0,0.43554688,-0.42382812,0.7025300573952054,0.2974699426047947,2.09093149036981,dann_matched,banglasarc_binary+ben_sarc_binary,banglasarc3_binary,123
121299f05ede0c91,1,1,-1.515625,1.6484375,0.040540738463481864,0.9594592615365182,2.09093149036981,dann_matched,banglasarc_binary+ben_sarc_binary,banglasarc3_binary,123
30a6096d2f7010ff,1,0,0.34375,-0.2421875,0.6424324776295582,0.3575675223704418,2.09093149036981,dann_matched,banglasarc_binary+ben_sarc_binary,banglasarc3_binary,123
a1bd9a0f27bbd51e,0,0,3.46875,-3.75,0.9992678187383391,0.0007321812616608614,2.09093149036981,dann_matched,banglasarc_binary+ben_sarc_binary,banglasarc3_binary,123
477fd95f302c284c,0,0,1.8671875,-2.0625,0.9807288620802312,0.019271137919768803,2.09093149036981,dann_matched,banglasarc_binary+ben_sarc_binary,banglasarc3_binary,123
8c8158a78b04bd05,1,0,2.421875,-2.75,0.9943580914999767,0.00564190850002335,2.09093149036981,dann_matched,banglasarc_binary+ben_sarc_binary,banglasarc3_binary,123
d094516197c5cc27,0,0,1.40625,-1.421875,0.9441768588653856,0.05582314113461443,2.09093149036981,dann_matched,banglasarc_binary+ben_sarc_binary,banglasarc3_binary,123
9d3e29981c15d1c1,0,1,-0.94921875,1.0859375,0.11556087394148318,0.8844391260585168,2.09093149036981,dann_matched,banglasarc_binary+ben_sarc_binary,banglasarc3_binary,123
fd31f5f3ca6c7a27,1,0,1.234375,-1.296875,0.9263037302939515,0.07369626970604846,2.09093149036981,dann_matched,banglasarc_binary+ben_sarc_binary,banglasarc3_binary,123
d2fa1859fec8bc19,0,0,2.234375,-2.375,0.9901401446964613,0.009859855303538789,2.09093149036981,dann_matched,banglasarc_binary+ben_sarc_binary,banglasarc3_binary,123
50dbee0e7a539695,1,0,0.17480469,-0.08984375,0.5657786354194224,0.43422136458057753,2.09093149036981,dann_matched,banglasarc_binary+ben_sarc_binary,banglasarc3_binary,123
d2ebc3d3ea553892,1,0,3.40625,-3.78125,0.9992445943672705,0.0007554056327295276,2.09093149036981,dann_matched,banglasarc_binary+ben_sarc_binary,banglasarc3_binary,123
e15f93ee6c7733d1,1,0,0.56640625,-0.5390625,0.7512833816078802,0.24871661839211975,2.09093149036981,dann_matched,banglasarc_binary+ben_sarc_binary,banglasarc3_binary,123
25e11947840674b6,1,1,-0.6796875,0.7265625,0.1968262036430985,0.8031737963569016,2.09093149036981,dann_matched,banglasarc_binary+ben_sarc_binary,banglasarc3_binary,123
37ed4175676826d3,1,0,2.375,-2.65625,0.9935117304033434,0.006488269596656705,2.09093149036981,dann_matched,banglasarc_binary+ben_sarc_binary,banglasarc3_binary,123
acf59b60bc703e78,0,1,-1.2578125,1.3984375,0.06560483745906928,0.9343951625409306,2.09093149036981,dann_matched,banglasarc_binary+ben_sarc_binary,banglasarc3_binary,123
2dac047c35342cac,1,0,3.453125,-3.90625,0.9993638087890532,0.0006361912109467575,2.09093149036981,dann_matched,banglasarc_binary+ben_sarc_binary,banglasarc3_binary,123
52c53afde23c5737,1,0,1.375,-1.46875,0.9449947117065459,0.05500528829345415,2.09093149036981,dann_matched,banglasarc_binary+ben_sarc_binary,banglasarc3_binary,123
597d374e58e24ce0,0,0,2.796875,-3.1875,0.9974885364861902,0.002511463513809854,2.09093149036981,dann_matched,banglasarc_binary+ben_sarc_binary,banglasarc3_binary,123
21f6588fa41d80f2,1,0,2.40625,-2.65625,0.9937100978631075,0.0062899021368924835,2.09093149036981,dann_matched,banglasarc_binary+ben_sarc_binary,banglasarc3_binary,123
576dad90f863a07a,0,0,2.953125,-3.328125,0.9981324340221067,0.0018675659778932805,2.09093149036981,dann_matched,banglasarc_binary+ben_sarc_binary,banglasarc3_binary,123
acc440f1fc8bac8a,1,0,1.0859375,-1.015625,0.8910549527982959,0.108945047201704,2.09093149036981,dann_matched,banglasarc_binary+ben_sarc_binary,banglasarc3_binary,123
99f834500aa28da7,1,0,0.9609375,-0.9765625,0.8740772351648677,0.12592276483513232,2.09093149036981,dann_matched,banglasarc_binary+ben_sarc_binary,banglasarc3_binary,123
ab8cb0f62e0897af,0,0,3.265625,-3.6875,0.9990452682889194,0.0009547317110805592,2.09093149036981,dann_matched,banglasarc_binary+ben_sarc_binary,banglasarc3_binary,123
c2990dd82a44f69e,1,0,1.0390625,-1.0859375,0.8933094060543487,0.10669059394565118,2.09093149036981,dann_matched,banglasarc_binary+ben_sarc_binary,banglasarc3_binary,123
00d461014350b89e,1,0,3.5,-3.984375,0.99943852125386,0.0005614787461400804,2.09093149036981,dann_matched,banglasarc_binary+ben_sarc_binary,banglasarc3_binary,123
5707e3c0244d1dfb,1,0,0.93359375,-0.95703125,0.8688267762381844,0.13117322376181567,2.09093149036981,dann_matched,banglasarc_binary+ben_sarc_binary,banglasarc3_binary,123
fd622c33ab6796bd,1,1,-2.25,2.4375,0.00912563738918052,0.9908743626108194,2.09093149036981,dann_matched,banglasarc_binary+ben_sarc_binary,banglasarc3_binary,123
61890d2332416b73,0,1,-0.32617188,0.4140625,0.3229528945282806,0.6770471054717195,2.09093149036981,dann_matched,banglasarc_binary+ben_sarc_binary,banglasarc3_binary,123
3b4ef2d9f41c852f,1,1,-1.5078125,1.6875,0.03934250326425821,0.9606574967357419,2.09093149036981,dann_matched,banglasarc_binary+ben_sarc_binary,banglasarc3_binary,123
e5390f71a9c29ba6,0,0,3.9375,-4.21875,0.9997131459176125,0.00028685408238746286,2.09093149036981,dann_matched,banglasarc_binary+ben_sarc_binary,banglasarc3_binary,123
b099c317bb9c6687,1,1,-1.46875,1.640625,0.042722197546490565,0.9572778024535095,2.09093149036981,dann_matched,banglasarc_binary+ben_sarc_binary,banglasarc3_binary,123
912bbeda5648f283,1,0,2.84375,-3.15625,0.9975273768433653,0.0024726231566347748,2.09093149036981,dann_matched,banglasarc_binary+ben_sarc_binary,banglasarc3_binary,123
c823ae44a3e23b84,0,0,2.25,-2.484375,0.9912886155422945,0.008711384457705508,2.09093149036981,dann_matched,banglasarc_binary+ben_sarc_binary,banglasarc3_binary,123
bfea9a263b223c80,1,0,3.234375,-3.53125,0.9988486004343227,0.0011513995656772138,2.09093149036981,dann_matched,banglasarc_binary+ben_sarc_binary,banglasarc3_binary,123
3cdaa503d41fc6a6,0,0,3.640625,-4.15625,0.9995891514623653,0.0004108485376346404,2.09093149036981,dann_matched,banglasarc_binary+ben_sarc_binary,banglasarc3_binary,123
d71f7c52c9ea87be,0,1,-0.41992188,0.4921875,0.28656838788731553,0.7134316121126845,2.09093149036981,dann_matched,banglasarc_binary+ben_sarc_binary,banglasarc3_binary,123
def9ea9b246c55b1,0,0,3.28125,-3.609375,0.9989837559589321,0.0010162440410680167,2.09093149036981,dann_matched,banglasarc_binary+ben_sarc_binary,banglasarc3_binary,123
04b1b4f08fdd18c5,1,0,0.22460938,-0.10253906,0.5810653864312327,0.41893461356876716,2.09093149036981,dann_matched,banglasarc_binary+ben_sarc_binary,banglasarc3_binary,123
39bf383204dad4e3,0,0,1.78125,-1.78125,0.9724147177732099,0.027585282226789985,2.09093149036981,dann_matched,banglasarc_binary+ben_sarc_binary,banglasarc3_binary,123
1f427bfaa298bf6b,1,0,1.96875,-2.203125,0.984810951192016,0.015189048807983947,2.09093149036981,dann_matched,banglasarc_binary+ben_sarc_binary,banglasarc3_binary,123
ed3220bf0c8abb3b,1,1,-1.8515625,2.09375,0.01897803671176563,0.9810219632882344,2.09093149036981,dann_matched,banglasarc_binary+ben_sarc_binary,banglasarc3_binary,123
855a37fc463d8e33,1,1,-1.5390625,1.640625,0.0399373142069266,0.9600626857930734,2.09093149036981,dann_matched,banglasarc_binary+ben_sarc_binary,banglasarc3_binary,123
4771a65e8a1e5abf,0,1,-0.3828125,0.45507812,0.3019792286491274,0.6980207713508726,2.09093149036981,dann_matched,banglasarc_binary+ben_sarc_binary,banglasarc3_binary,123
4f4b52f3c17a4ba1,0,0,2.046875,-2.234375,0.9863631647185701,0.013636835281429876,2.09093149036981,dann_matched,banglasarc_binary+ben_sarc_binary,banglasarc3_binary,123
51e27f8269f8eaac,0,0,2.75,-3.25,0.9975273768433653,0.0024726231566347748,2.09093149036981,dann_matched,banglasarc_binary+ben_sarc_binary,banglasarc3_binary,123
8de5e108effcbaea,0,0,3.90625,-4.40625,0.9997546305194572,0.0002453694805426224,2.09093149036981,dann_matched,banglasarc_binary+ben_sarc_binary,banglasarc3_binary,123
75e09ea10216853d,0,0,1.3828125,-1.4296875,0.9433475746920261,0.05665242530797383,2.09093149036981,dann_matched,banglasarc_binary+ben_sarc_binary,banglasarc3_binary,123
b3ece23327e83d73,0,0,3.171875,-3.609375,0.9988664309949126,0.0011335690050875119,2.09093149036981,dann_matched,banglasarc_binary+ben_sarc_binary,banglasarc3_binary,123
237b60d67d3a977b,0,0,4.0,-4.25,0.9997388096809043,0.0002611903190957194,2.09093149036981,dann_matched,banglasarc_binary+ben_sarc_binary,banglasarc3_binary,123
9ce912c1a315b4d4,1,0,1.3515625,-1.484375,0.944587205618231,0.05541279438176918,2.09093149036981,dann_matched,banglasarc_binary+ben_sarc_binary,banglasarc3_binary,123
a034075943ae5ef1,1,0,1.5234375,-1.546875,0.9556514186046017,0.04434858139539836,2.09093149036981,dann_matched,banglasarc_binary+ben_sarc_binary,banglasarc3_binary,123
00e1bdb06e67ed07,0,0,2.59375,-2.78125,0.9953904278206259,0.004609572179374208,2.09093149036981,dann_matched,banglasarc_binary+ben_sarc_binary,banglasarc3_binary,123
5e81d0127cda6083,1,1,-0.765625,0.9296875,0.15507847160659358,0.8449215283934065,2.09093149036981,dann_matched,banglasarc_binary+ben_sarc_binary,banglasarc3_binary,123
391c2dab4f4a8ea6,1,1,-2.15625,2.328125,0.011158031248084033,0.988841968751916,2.09093149036981,dann_matched,banglasarc_binary+ben_sarc_binary,banglasarc3_binary,123
76010f7452a4ee0b,0,1,-0.48046875,0.67578125,0.23934934732271168,0.7606506526772884,2.09093149036981,dann_matched,banglasarc_binary+ben_sarc_binary,banglasarc3_binary,123
501212c9f4c39f1a,0,0,1.8984375,-2.078125,0.9815951096107584,0.018404890389241722,2.09093149036981,dann_matched,banglasarc_binary+ben_sarc_binary,banglasarc3_binary,123
2d0c4e3b8cd32421,1,0,0.43554688,-0.35546875,0.6880493633525566,0.3119506366474433,2.09093149036981,dann_matched,banglasarc_binary+ben_sarc_binary,banglasarc3_binary,123
b46fca43ca40e1a1,0,0,2.109375,-2.453125,0.9896718474806949,0.010328152519305191,2.09093149036981,dann_matched,banglasarc_binary+ben_sarc_binary,banglasarc3_binary,123
eb34b73284cdfb62,0,0,1.796875,-2.234375,0.9825575152637948,0.01744248473620534,2.09093149036981,dann_matched,banglasarc_binary+ben_sarc_binary,banglasarc3_binary,123
82b1b909a5385c25,0,0,0.359375,-0.328125,0.665410558746814,0.33458944125318596,2.09093149036981,dann_matched,banglasarc_binary+ben_sarc_binary,banglasarc3_binary,123
afab669e2802f55a,0,0,1.765625,-1.9296875,0.9757623652873698,0.024237634712630244,2.09093149036981,dann_matched,banglasarc_binary+ben_sarc_binary,banglasarc3_binary,123
32655b6af6468900,1,0,0.36914062,-0.26171875,0.6526842973205801,0.34731570267941986,2.09093149036981,dann_matched,banglasarc_binary+ben_sarc_binary,banglasarc3_binary,123
63522bcc58aca5aa,1,0,0.90234375,-0.96875,0.8665847827360217,0.1334152172639784,2.09093149036981,dann_matched,banglasarc_binary+ben_sarc_binary,banglasarc3_binary,123
b81a6fc550996879,0,1,-1.15625,1.3359375,0.07640768335044701,0.923592316649553,2.09093149036981,dann_matched,banglasarc_binary+ben_sarc_binary,banglasarc3_binary,123
9e9c76d8536be656,0,0,3.359375,-3.625,0.9990746151133504,0.0009253848866495988,2.09093149036981,dann_matched,banglasarc_binary+ben_sarc_binary,banglasarc3_binary,123
487ba6736df9dac4,1,1,-0.36914062,0.4609375,0.3036285513091451,0.6963714486908549,2.09093149036981,dann_matched,banglasarc_binary+ben_sarc_binary,banglasarc3_binary,123
7224809745c5317e,0,0,3.6875,-3.890625,0.9994887420950092,0.0005112579049909173,2.09093149036981,dann_matched,banglasarc_binary+ben_sarc_binary,banglasarc3_binary,123
cc351cfcab72e656,0,1,-1.328125,1.46875,0.05749327880038583,0.9425067211996143,2.09093149036981,dann_matched,banglasarc_binary+ben_sarc_binary,banglasarc3_binary,123
0ac9087c2e695175,0,0,3.828125,-4.34375,0.9997175919220068,0.00028240807799315707,2.09093149036981,dann_matched,banglasarc_binary+ben_sarc_binary,banglasarc3_binary,123
7ab4d04075a8767b,1,1,-1.3515625,1.484375,0.05541279438176918,0.944587205618231,2.09093149036981,dann_matched,banglasarc_binary+ben_sarc_binary,banglasarc3_binary,123
005a81526dd973be,1,1,-1.515625,1.7265625,0.03760863550580657,0.9623913644941934,2.09093149036981,dann_matched,banglasarc_binary+ben_sarc_binary,banglasarc3_binary,123
5422984065fd2576,1,0,3.765625,-4.375,0.9997086299393205,0.00029137006067943023,2.09093149036981,dann_matched,banglasarc_binary+ben_sarc_binary,banglasarc3_binary,123
73b2db9434de0a4f,1,1,-0.13867188,0.21191406,0.4132403399803083,0.5867596600196917,2.09093149036981,dann_matched,banglasarc_binary+ben_sarc_binary,banglasarc3_binary,123
7b755c23081cae77,1,0,1.640625,-1.8046875,0.9690910414827888,0.030908958517211163,2.09093149036981,dann_matched,banglasarc_binary+ben_sarc_binary,banglasarc3_binary,123
4df4505e1099e8b8,0,0,0.9375,-0.96875,0.870597268408361,0.12940273159163906,2.09093149036981,dann_matched,banglasarc_binary+ben_sarc_binary,banglasarc3_binary,123
20d8bb2aacda3ef4,0,0,3.640625,-4.09375,0.9995626655964818,0.0004373344035182828,2.09093149036981,dann_matched,banglasarc_binary+ben_sarc_binary,banglasarc3_binary,123
86168cedfa8908d4,1,1,-1.2109375,1.3359375,0.07263670636078697,0.927363293639213,2.09093149036981,dann_matched,banglasarc_binary+ben_sarc_binary,banglasarc3_binary,123
ffe0b07ccb36819b,1,1,-2.359375,2.484375,0.007815888789288626,0.9921841112107114,2.09093149036981,dann_matched,banglasarc_binary+ben_sarc_binary,banglasarc3_binary,123
0f006194b45e6c5f,1,0,1.8046875,-1.875,0.975390071374038,0.024609928625961945,2.09093149036981,dann_matched,banglasarc_binary+ben_sarc_binary,banglasarc3_binary,123
0032784830ddb818,0,0,2.484375,-2.65625,0.994180040415741,0.005819959584259008,2.09093149036981,dann_matched,banglasarc_binary+ben_sarc_binary,banglasarc3_binary,123
471ce8d0863df951,0,0,0.51953125,-0.390625,0.7130321352710473,0.2869678647289528,2.09093149036981,dann_matched,banglasarc_binary+ben_sarc_binary,banglasarc3_binary,123
b8051eeb7d141427,1,0,0.828125,-1.0234375,0.8643104540313907,0.13568954596860924,2.09093149036981,dann_matched,banglasarc_binary+ben_sarc_binary,banglasarc3_binary,123
13f5d731d71ec752,0,0,3.734375,-4.125,0.9996140339094192,0.0003859660905807735,2.09093149036981,dann_matched,banglasarc_binary+ben_sarc_binary,banglasarc3_binary,123
53d67a30efe6b19e,0,0,0.98828125,-0.98828125,0.878314245362953,0.12168575463704705,2.09093149036981,dann_matched,banglasarc_binary+ben_sarc_binary,banglasarc3_binary,123
002c1140ae3dde4e,1,0,1.2734375,-1.359375,0.9329437130748804,0.06705628692511957,2.09093149036981,dann_matched,banglasarc_binary+ben_sarc_binary,banglasarc3_binary,123
03a3878f85634362,1,1,-1.375,1.5546875,0.050705364797830506,0.9492946352021694,2.09093149036981,dann_matched,banglasarc_binary+ben_sarc_binary,banglasarc3_binary,123
15cf011d32f28273,1,0,0.390625,-0.36914062,0.6813028462770989,0.31869715372290114,2.09093149036981,dann_matched,banglasarc_binary+ben_sarc_binary,banglasarc3_binary,123
39afb1a94688145e,1,0,1.5546875,-1.640625,0.9606574967357419,0.03934250326425821,2.09093149036981,dann_matched,banglasarc_binary+ben_sarc_binary,banglasarc3_binary,123
5f3e3a9180cef321,1,1,-1.6796875,1.8671875,0.02800752060598813,0.9719924793940118,2.09093149036981,dann_matched,banglasarc_binary+ben_sarc_binary,banglasarc3_binary,123
4962ffafd1494e25,1,0,0.16699219,-0.14355469,0.5770187415004098,0.42298125849959023,2.09093149036981,dann_matched,banglasarc_binary+ben_sarc_binary,banglasarc3_binary,123
2f76c0643b8dc919,1,1,-0.8515625,0.9609375,0.14033624949008322,0.8596637505099167,2.09093149036981,dann_matched,banglasarc_binary+ben_sarc_binary,banglasarc3_binary,123
984ddd9e97dcc313,0,0,2.53125,-2.734375,0.9948603889024311,0.005139611097568844,2.09093149036981,dann_matched,banglasarc_binary+ben_sarc_binary,banglasarc3_binary,123
37b55e10fbcaaa62,0,1,-1.6015625,1.765625,0.03333682414270177,0.9666631758572982,2.09093149036981,dann_matched,banglasarc_binary+ben_sarc_binary,banglasarc3_binary,123
73d0ee7cb4b89e64,1,1,-0.703125,0.7421875,0.1907240253120337,0.8092759746879663,2.09093149036981,dann_matched,banglasarc_binary+ben_sarc_binary,banglasarc3_binary,123
67351714d10f07bb,1,1,-0.5390625,0.65625,0.23231014609688014,0.76768985390312,2.09093149036981,dann_matched,banglasarc_binary+ben_sarc_binary,banglasarc3_binary,123
a4ebfa262a40ce6d,1,1,-0.671875,0.7890625,0.1883239789098031,0.811676021090197,2.09093149036981,dann_matched,banglasarc_binary+ben_sarc_binary,banglasarc3_binary,123
711787e882523b00,0,0,1.4765625,-1.59375,0.9556514186046017,0.04434858139539836,2.09093149036981,dann_matched,banglasarc_binary+ben_sarc_binary,banglasarc3_binary,123
46fef03e1665a7ca,0,0,1.40625,-1.546875,0.9504109770159683,0.04958902298403175,2.09093149036981,dann_matched,banglasarc_binary+ben_sarc_binary,banglasarc3_binary,123
a76dc1c36dd7c504,0,0,1.6953125,-2.03125,0.9764905475924671,0.023509452407533014,2.09093149036981,dann_matched,banglasarc_binary+ben_sarc_binary,banglasarc3_binary,123
d7b2d256a4143a25,1,0,3.125,-3.5625,0.9987551566979116,0.0012448433020883743,2.09093149036981,dann_matched,banglasarc_binary+ben_sarc_binary,banglasarc3_binary,123
1b94ccf4d275d3d1,1,0,1.453125,-1.328125,0.941654159388319,0.05834584061168106,2.09093149036981,dann_matched,banglasarc_binary+ben_sarc_binary,banglasarc3_binary,123
734ed3d8328829a9,1,1,-1.6953125,1.8984375,0.026759283185443145,0.9732407168145568,2.09093149036981,dann_matched,banglasarc_binary+ben_sarc_binary,banglasarc3_binary,123
a6b2d326016440e6,1,1,-1.171875,1.28125,0.07921032410902437,0.9207896758909757,2.09093149036981,dann_matched,banglasarc_binary+ben_sarc_binary,banglasarc3_binary,123
31b230e3a9af4fda,0,0,2.734375,-3.125,0.9971550903350206,0.0028449096649795012,2.09093149036981,dann_matched,banglasarc_binary+ben_sarc_binary,banglasarc3_binary,123
2220cd6a505565f7,0,0,3.28125,-3.5625,0.9989350373279441,0.0010649626720559452,2.09093149036981,dann_matched,banglasarc_binary+ben_sarc_binary,banglasarc3_binary,123
ce2b334fad8c3a5d,0,0,3.203125,-3.625,0.9989182847472744,0.0010817152527255937,2.09093149036981,dann_matched,banglasarc_binary+ben_sarc_binary,banglasarc3_binary,123
722c6881b0dee379,1,0,2.125,-2.28125,0.9879462204837635,0.012053779516236447,2.09093149036981,dann_matched,banglasarc_binary+ben_sarc_binary,banglasarc3_binary,123
f1e88058df9310e0,1,0,3.0,-3.265625,0.9981030799255213,0.0018969200744787132,2.09093149036981,dann_matched,banglasarc_binary+ben_sarc_binary,banglasarc3_binary,123
e2b5924ce46e4127,1,0,0.44335938,-0.39453125,0.6980207713508726,0.3019792286491274,2.09093149036981,dann_matched,banglasarc_binary+ben_sarc_binary,banglasarc3_binary,123
8aa47f0f19a6b655,0,0,3.828125,-4.15625,0.9996593706722667,0.00034062932773341,2.09093149036981,dann_matched,banglasarc_binary+ben_sarc_binary,banglasarc3_binary,123
366e2c4f0de8d88d,0,1,-1.609375,1.84375,0.030675801710674105,0.9693241982893259,2.09093149036981,dann_matched,banglasarc_binary+ben_sarc_binary,banglasarc3_binary,123
49e7e0b2adafbcd1,0,0,2.078125,-2.3125,0.9877587247081928,0.012241275291807161,2.09093149036981,dann_matched,banglasarc_binary+ben_sarc_binary,banglasarc3_binary,123
aae4075a20d3ba22,0,0,0.79296875,-0.60546875,0.801935826331075,0.19806417366892506,2.09093149036981,dann_matched,banglasarc_binary+ben_sarc_binary,banglasarc3_binary,123
f70f4b9f132b9352,0,1,-0.37109375,0.5390625,0.2869678647289528,0.7130321352710473,2.09093149036981,dann_matched,banglasarc_binary+ben_sarc_binary,banglasarc3_binary,123
e868e8fa9c38e342,0,0,3.796875,-4.15625,0.9996485617367191,0.0003514382632807918,2.09093149036981,dann_matched,banglasarc_binary+ben_sarc_binary,banglasarc3_binary,123
34f804166b33a246,1,1,-1.328125,1.421875,0.06008665017400762,0.9399133498259924,2.09093149036981,dann_matched,banglasarc_binary+ben_sarc_binary,banglasarc3_binary,123
186dcee2e7df2920,1,0,0.90625,-0.87890625,0.8563323913156724,0.14366760868432768,2.09093149036981,dann_matched,banglasarc_binary+ben_sarc_binary,banglasarc3_binary,123
992528b2a23ee70a,0,0,1.7578125,-1.8203125,0.9728307684643189,0.027169231535681047,2.09093149036981,dann_matched,banglasarc_binary+ben_sarc_binary,banglasarc3_binary,123
63b9ff3f715bfb2f,0,0,2.578125,-2.734375,0.9950945942942779,0.004905405705722035,2.09093149036981,dann_matched,banglasarc_binary+ben_sarc_binary,banglasarc3_binary,123
52a86f6315459641,1,1,-1.0625,1.25,0.09009299396195182,0.9099070060380482,2.09093149036981,dann_matched,banglasarc_binary+ben_sarc_binary,banglasarc3_binary,123
875e2c2018999836,0,0,1.984375,-2.140625,0.9840936082881853,0.01590639171181471,2.09093149036981,dann_matched,banglasarc_binary+ben_sarc_binary,banglasarc3_binary,123
b0853ab27aae530b,0,0,3.203125,-3.4375,0.9986954933533843,0.0013045066466158166,2.09093149036981,dann_matched,banglasarc_binary+ben_sarc_binary,banglasarc3_binary,123
2360a4258810318d,0,1,-0.03173828,0.068359375,0.4749964594515605,0.5250035405484395,2.09093149036981,dann_matched,banglasarc_binary+ben_sarc_binary,banglasarc3_binary,123
6691a7d1596c1c0e,0,0,3.875,-4.46875,0.9997621779493597,0.00023782205064034186,2.09093149036981,dann_matched,banglasarc_binary+ben_sarc_binary,banglasarc3_binary,123
c7c7d1e79083dbae,0,1,-1.7578125,1.9296875,0.024423090054107213,0.9755769099458929,2.09093149036981,dann_matched,banglasarc_binary+ben_sarc_binary,banglasarc3_binary,123
07edd2171dff4faa,1,1,-2.09375,2.203125,0.013428254741968517,0.9865717452580314,2.09093149036981,dann_matched,banglasarc_binary+ben_sarc_binary,banglasarc3_binary,123
2652e297e664589c,1,1,-1.515625,1.71875,0.037892426629607394,0.9621075733703927,2.09093149036981,dann_matched,banglasarc_binary+ben_sarc_binary,banglasarc3_binary,123
ce6d32b468635b62,1,1,-1.6015625,1.7890625,0.032589744766025344,0.9674102552339746,2.09093149036981,dann_matched,banglasarc_binary+ben_sarc_binary,banglasarc3_binary,123
112e0419a2dcbd6c,0,0,0.35546875,-0.3203125,0.6627964666451921,0.3372035333548079,2.09093149036981,dann_matched,banglasarc_binary+ben_sarc_binary,banglasarc3_binary,123
175f493bd4aa3997,1,0,2.875,-3.046875,0.9973269939672114,0.0026730060327886528,2.09093149036981,dann_matched,banglasarc_binary+ben_sarc_binary,banglasarc3_binary,123
15319cb8ed77aaa8,1,1,-0.875,1.0859375,0.12336562437275558,0.8766343756272444,2.09093149036981,dann_matched,banglasarc_binary+ben_sarc_binary,banglasarc3_binary,123
