item_id,gold_label,pred_label,logit_0,logit_1,prob_0,prob_1,temperature,system,source,target,seed
75b57cb785399524,1,0,1.28125,-0.60546875,0.8683809516442299,0.13161904835577012,1.6233417937735843,dann_matched,banglasarc3_binary+ben_sarc_binary,banglasarc3_binary,2024
ea89903ebde9ec48,0,0,3.09375,-2.34375,0.9956684979794361,0.00433150202056399,1.6233417937735843,dann_matched,banglasarc3_binary+ben_sarc_binary,banglasarc3_binary,2024
7985dbfde1b7e765,1,0,0.578125,-0.06298828,0.6550050759787809,0.34499492402121906,1.6233417937735843,dann_matched,banglasarc3_binary+ben_sarc_binary,banglasarc3_binary,2024
d0c67c93af7f80e7,0,0,2.46875,-1.65625,0.9840936082881853,0.01590639171181471,1.6233417937735843,dann_matched,banglasarc3_binary+ben_sarc_binary,banglasarc3_binary,2024
050e2a5781c6d2a8,1,1,-1.2578125,1.3125,0.07107366938018356,0.9289263306198166,1.6233417937735843,dann_matched,banglasarc3_binary+ben_sarc_binary,banglasarc3_binary,2024
510f4f1ce14fbaae,1,1,-0.111816406,0.55078125,0.3401563257405128,0.6598436742594872,1.6233417937735843,dann_matched,banglasarc3_binary+ben_sarc_binary,banglasarc3_binary,2024
1e477c743f0a9075,0,0,2.703125,-2.0,0.9910145712474399,0.008985428752560176,1.6233417937735843,dann_matched,banglasarc3_binary+ben_sarc_binary,banglasarc3_binary,2024
8bc8673823772559,1,1,0.011962891,0.28320312,0.4326026446762383,0.5673973553237617,1.6233417937735843,dann_matched,banglasarc3_binary+ben_sarc_binary,banglasarc3_binary,2024
bd8f33b2d8745739,1,1,-1.453125,1.4453125,0.052230857101425734,0.9477691428985743,1.6233417937735843,dann_matched,banglasarc3_binary+ben_sarc_binary,banglasarc3_binary,2024
f38f331e6bcc6f51,0,0,3.28125,-2.609375,0.9972423776326046,0.002757622367395409,1.6233417937735843,dann_matched,banglasarc3_binary+ben_sarc_binary,banglasarc3_binary,2024
711571c05022201a,1,1,-1.28125,1.3125,0.06954174450582809,0.9304582554941719,1.6233417937735843,dann_matched,banglasarc3_binary+ben_sarc_binary,banglasarc3_binary,2024
e16f46a1ebdb3d2c,1,0,0.84765625,-0.18847656,0.7381031407152041,0.26189685928479595,1.6233417937735843,dann_matched,banglasarc3_binary+ben_sarc_binary,banglasarc3_binary,2024
96f8f1c864b37ed7,0,1,-1.7734375,1.671875,0.030908958517211163,0.9690910414827888,1.6233417937735843,dann_matched,banglasarc3_binary+ben_sarc_binary,banglasarc3_binary,2024
f479880c55bd2491,0,0,1.5,-0.71875,0.90192067652954,0.09807932347046003,1.6233417937735843,dann_matched,banglasarc3_binary+ben_sarc_binary,banglasarc3_binary,2024
65fbbf2f8d05469a,1,0,0.9453125,-0.35351562,0.785637692336557,0.21436230766344294,1.6233417937735843,dann_matched,banglasarc3_binary+ben_sarc_binary,banglasarc3_binary,2024
8c201fa1f055e850,1,0,1.09375,-0.49023438,0.8297680627053342,0.17023193729466576,1.6233417937735843,dann_matched,banglasarc3_binary+ben_sarc_binary,banglasarc3_binary,2024
eb85c00573b45dd3,1,1,0.01940918,0.38867188,0.4087191923801362,0.5912808076198639,1.6233417937735843,dann_matched,banglasarc3_binary+ben_sarc_binary,banglasarc3_binary,2024
db73ddb0d256ba8f,1,0,0.50390625,0.072753906,0.6061488038811442,0.3938511961188558,1.6233417937735843,dann_matched,banglasarc3_binary+ben_sarc_binary,banglasarc3_binary,2024
108f2ff9574fa860,1,1,0.17089844,0.30078125,0.4675748671671171,0.5324251328328828,1.6233417937735843,dann_matched,banglasarc3_binary+ben_sarc_binary,banglasarc3_binary,2024
651cfe2be094f7d4,0,0,2.4375,-1.7265625,0.9846936454393053,0.015306354560694808,1.6233417937735843,dann_matched,banglasarc3_binary+ben_sarc_binary,banglasarc3_binary,2024
701194ab8ff79d41,1,1,-1.5390625,1.4921875,0.046033902399240385,0.9539660976007597,1.6233417937735843,dann_matched,banglasarc3_binary+ben_sarc_binary,banglasarc3_binary,2024
7d54a3089303d820,1,1,-1.6953125,1.5390625,0.037892426629607394,0.9621075733703927,1.6233417937735843,dann_matched,banglasarc3_binary+ben_sarc_binary,banglasarc3_binary,2024
07a4bfe2a5a2e5ca,1,0,0.796875,-0.24707031,0.7396105391269793,0.2603894608730207,1.6233417937735843,dann_matched,banglasarc3_binary+ben_sarc_binary,banglasarc3_binary,2024
8e8d800bdbdaaff7,0,0,1.3359375,-0.68359375,0.8828325306746402,0.11716746932535992,1.6233417937735843,dann_matched,banglasarc3_binary+ben_sarc_binary,banglasarc3_binary,2024
c015494f033a38d6,0,1,-0.515625,0.859375,0.20181322226037882,0.7981867777396212,1.6233417937735843,dann_matched,banglasarc3_binary+ben_sarc_binary,banglasarc3_binary,2024
ce91a1211be5691e,0,0,1.0078125,-0.39648438,0.8028648524846255,0.19713514751537453,1.6233417937735843,dann_matched,banglasarc3_binary+ben_sarc_binary,banglasarc3_binary,2024
b67fe2f1724da4fc,0,0,0.9375,-0.31054688,0.7769615827831184,0.22303841721688147,1.6233417937735843,dann_matched,banglasarc3_binary+ben_sarc_binary,banglasarc3_binary,2024
c82b33bcfb8e93ad,1,1,-1.953125,1.6796875,0.025760559119668493,0.9742394408803315,1.6233417937735843,dann_matched,banglasarc3_binary+ben_sarc_binary,banglasarc3_binary,2024
94ad7e948eed42c2,1,1,-0.51171875,0.8046875,0.2114168212006529,0.7885831787993471,1.6233417937735843,dann_matched,banglasarc3_binary+ben_sarc_binary,banglasarc3_binary,2024
7065829cdc40567b,1,0,0.3046875,0.22460938,0.5200088401584225,0.4799911598415775,1.6233417937735843,dann_matched,banglasarc3_binary+ben_sarc_binary,banglasarc3_binary,2024
80cf082fa6d9ed32,0,1,-0.57421875,0.8046875,0.20118471823927994,0.79881528176072,1.6233417937735843,dann_matched,banglasarc3_binary+ben_sarc_binary,banglasarc3_binary,2024
082cc009d05d3e6a,0,0,3.078125,-2.359375,0.9956684979794361,0.00433150202056399,1.6233417937735843,dann_matched,banglasarc3_binary+ben_sarc_binary,banglasarc3_binary,2024
91675e6a7e696d31,1,1,-1.7734375,1.5859375,0.033589505650103976,0.9664104943498959,1.6233417937735843,dann_matched,banglasarc3_binary+ben_sarc_binary,banglasarc3_binary,2024
0f26e9a22c5ac1d7,0,1,-0.96484375,1.09375,0.11318690654016261,0.8868130934598374,1.6233417937735843,dann_matched,banglasarc3_binary+ben_sarc_binary,banglasarc3_binary,2024
9a4c63e1a0b50046,0,0,2.953125,-2.21875,0.9943580914999767,0.00564190850002335,1.6233417937735843,dann_matched,banglasarc3_binary+ben_sarc_binary,banglasarc3_binary,2024
dd8a11641c9c1035,1,1,-0.31054688,0.6796875,0.27086578668548367,0.7291342133145163,1.6233417937735843,dann_matched,banglasarc3_binary+ben_sarc_binary,banglasarc3_binary,2024
947e78373e8ee90d,1,1,-1.5625,1.4296875,0.047780066363570746,0.9522199336364293,1.6233417937735843,dann_matched,banglasarc3_binary+ben_sarc_binary,banglasarc3_binary,2024
a93bffde267df6fb,0,1,-0.20605469,0.5078125,0.3287448969096955,0.6712551030903045,1.6233417937735843,dann_matched,banglasarc3_binary+ben_sarc_binary,banglasarc3_binary,2024
2b6006a4aa890634,0,1,0.084472656,0.3515625,0.43362167316887806,0.5663783268311219,1.6233417937735843,dann_matched,banglasarc3_binary+ben_sarc_binary,banglasarc3_binary,2024
08c0f13f45787db9,0,0,2.203125,-1.515625,0.9763105287006256,0.023689471299374428,1.6233417937735843,dann_matched,banglasarc3_binary+ben_sarc_binary,banglasarc3_binary,2024
ec266bb4c5478b18,1,1,-0.11279297,0.55078125,0.33993717051454814,0.6600628294854518,1.6233417937735843,dann_matched,banglasarc3_binary+ben_sarc_binary,banglasarc3_binary,2024
073d86cef983e918,1,0,0.93359375,-0.34179688,0.7816641373754407,0.21833586262455928,1.6233417937735843,dann_matched,banglasarc3_binary+ben_sarc_binary,banglasarc3_binary,2024
67edcfa910eb831c,1,0,0.34765625,0.20507812,0.5355842703628432,0.4644157296371567,1.6233417937735843,dann_matched,banglasarc3_binary+ben_sarc_binary,banglasarc3_binary,2024
04d2c1127101c192,1,1,-0.38671875,0.69921875,0.2523840452764101,0.74761595472359,1.6233417937735843,dann_matched,banglasarc3_binary+ben_sarc_binary,banglasarc3_binary,2024
876b4804c6fc5b43,1,1,-0.2578125,0.6015625,0.2974699426047947,0.7025300573952054,1.6233417937735843,dann_matched,banglasarc3_binary+ben_sarc_binary,banglasarc3_binary,2024
34dbd0864564cfc0,0,0,0.96484375,-0.36523438,0.7908535572843339,0.209146442715666,1.6233417937735843,dann_matched,banglasarc3_binary+ben_sarc_binary,banglasarc3_binary,2024
63a49fd32ab811fd,0,0,1.0078125,-0.27929688,0.7836575190503932,0.21634248094960684,1.6233417937735843,dann_matched,banglasarc3_binary+ben_sarc_binary,banglasarc3_binary,2024
9f666c15fa725558,0,0,2.59375,-1.890625,0.988841968751916,0.011158031248084033,1.6233417937735843,dann_matched,banglasarc3_binary+ben_sarc_binary,banglasarc3_binary,2024
265176b36196d1b2,0,1,-0.44335938,0.79296875,0.2250757753652807,0.7749242246347193,1.6233417937735843,dann_matched,banglasarc3_binary+ben_sarc_binary,banglasarc3_binary,2024
96de00b59977a347,1,1,-1.0703125,1.0625,0.10594828713637978,0.8940517128636203,1.6233417937735843,dann_matched,banglasarc3_binary+ben_sarc_binary,banglasarc3_binary,2024
4a51117b4af25a2c,1,1,-1.0078125,1.2109375,0.09807932347046003,0.90192067652954,1.6233417937735843,dann_matched,banglasarc3_binary+ben_sarc_binary,banglasarc3_binary,2024
aaa1c8bb9251740a,1,1,0.21386719,0.234375,0.49487322655449245,0.5051267734455075,1.6233417937735843,dann_matched,banglasarc3_binary+ben_sarc_binary,banglasarc3_binary,2024
b956c99bea48b45e,0,0,2.46875,-1.734375,0.9852713861502774,0.014728613849722676,1.6233417937735843,dann_matched,banglasarc3_binary+ben_sarc_binary,banglasarc3_binary,2024
a7f029b1664720b2,0,0,3.203125,-2.484375,0.9966233876182606,0.0033766123817395013,1.6233417937735843,dann_matched,banglasarc3_binary+ben_sarc_binary,banglasarc3_binary,2024
1f65da3aad7897f2,0,0,3.0,-2.375,0.9953904278206259,0.004609572179374208,1.6233417937735843,dann_matched,banglasarc3_binary+ben_sarc_binary,banglasarc3_binary,2024
e299df642da32c11,1,0,0.24121094,0.22167969,0.5048826572854919,0.49511734271450814,1.6233417937735843,dann_matched,banglasarc3_binary+ben_sarc_binary,banglasarc3_binary,2024
281dcf0e5128a950,1,1,-1.578125,1.5546875,0.04177388078830622,0.9582261192116938,1.6233417937735843,dann_matched,banglasarc3_binary+ben_sarc_binary,banglasarc3_binary,2024
4d19d4857cf11f76,1,0,1.8046875,-1.3046875,0.9572778024535095,0.042722197546490565,1.6233417937735843,dann_matched,banglasarc3_binary+ben_sarc_binary,banglasarc3_binary,2024
0a1efda3664119ed,0,0,1.375,-0.6953125,0.8879840490799963,0.11201595092000367,1.6233417937735843,dann_matched,banglasarc3_binary+ben_sarc_binary,banglasarc3_binary,2024
222513aed35eef7e,0,0,0.9375,-0.2734375,0.7704647868335476,0.2295352131664525,1.6233417937735843,dann_matched,banglasarc3_binary+ben_sarc_binary,banglasarc3_binary,2024
39fe6dafd7939acc,0,0,2.375,-1.625,0.9820137900379085,0.017986209962091555,1.6233417937735843,dann_matched,banglasarc3_binary+ben_sarc_binary,banglasarc3_binary,2024
a27193d4c497eccb,0,0,1.4375,-0.7890625,0.9026096017480523,0.09739039825194779,1.6233417937735843,dann_matched,banglasarc3_binary+ben_sarc_binary,banglasarc3_binary,2024
a6de149712c45c7c,1,0,0.7265625,-0.30273438,0.7367795576803814,0.26322044231961855,1.6233417937735843,dann_matched,banglasarc3_binary+ben_sarc_binary,banglasarc3_binary,2024
73ec3e5aee767003,0,0,2.578125,-1.921875,0.9890130573694068,0.01098694263059318,1.6233417937735843,dann_matched,banglasarc3_binary+ben_sarc_binary,banglasarc3_binary,2024
7be88e4c070ecb7c,0,0,0.69921875,-0.17480469,0.7055822014264149,0.2944177985735851,1.6233417937735843,dann_matched,banglasarc3_binary+ben_sarc_binary,banglasarc3_binary,2024
e1692847746aaeb7,0,1,-0.77734375,0.95703125,0.1500288243424251,0.849971175657575,1.6233417937735843,dann_matched,banglasarc3_binary+ben_sarc_binary,banglasarc3_binary,2024
affe88ed42c09f2b,0,1,0.029052734,0.35351562,0.4195884939160213,0.5804115060839786,1.6233417937735843,dann_matched,banglasarc3_binary+ben_sarc_binary,banglasarc3_binary,2024
c26d77ece62c8a34,0,0,1.65625,-1.0390625,0.9367494780065266,0.06325052199347325,1.6233417937735843,dann_matched,banglasarc3_binary+ben_sarc_binary,banglasarc3_binary,2024
4562504c76eb98bd,1,1,-1.0234375,1.0703125,0.10970577387797074,0.8902942261220291,1.6233417937735843,dann_matched,banglasarc3_binary+ben_sarc_binary,banglasarc3_binary,2024
c31bf7af3cca52d5,0,0,2.046875,-1.2578125,0.9645892699236761,0.03541073007632382,1.6233417937735843,dann_matched,banglasarc3_binary+ben_sarc_binary,banglasarc3_binary,2024
d60439bc7741539c,1,0,0.40820312,0.140625,0.5664982418472789,0.433501758152721,1.6233417937735843,dann_matched,banglasarc3_binary+ben_sarc_binary,banglasarc3_binary,2024
f10b478fd6e0b177,0,0,2.8125,-2.078125,0.9925393565360598,0.007460643463940165,1.6233417937735843,dann_matched,banglasarc3_binary+ben_sarc_binary,banglasarc3_binary,2024
3fbae9ce8772e658,0,0,1.6484375,-0.9765625,0.9324533088603709,0.0675466911396291,1.6233417937735843,dann_matched,banglasarc3_binary+ben_sarc_binary,banglasarc3_binary,2024
d823840f4b1ff927,0,0,1.546875,-1.0078125,0.9278877945870695,0.07211220541293051,1.6233417937735843,dann_matched,banglasarc3_binary+ben_sarc_binary,banglasarc3_binary,2024
e0c3a628a2e7801f,1,1,-1.6875,1.546875,0.037892426629607394,0.9621075733703927,1.6233417937735843,dann_matched,banglasarc3_binary+ben_sarc_binary,banglasarc3_binary,2024
eff887513d13438d,1,0,2.515625,-1.921875,0.9883127420043056,0.011687257995694434,1.6233417937735843,dann_matched,banglasarc3_binary+ben_sarc_binary,banglasarc3_binary,2024
0cd82b6dca6fe2e1,1,0,0.25390625,0.19921875,0.5136684686198906,0.4863315313801095,1.6233417937735843,dann_matched,banglasarc3_binary+ben_sarc_binary,banglasarc3_binary,2024
1d09754dbb62cc6b,1,1,-0.096191406,0.40039062,0.37834423970465436,0.6216557602953457,1.6233417937735843,dann_matched,banglasarc3_binary+ben_sarc_binary,banglasarc3_binary,2024
c311ed8c137856aa,1,0,2.640625,-1.9453125,0.989908684514805,0.010091315485195006,1.6233417937735843,dann_matched,banglasarc3_binary+ben_sarc_binary,banglasarc3_binary,2024
7071237a4ec6c93c,1,1,-1.4765625,1.3125,0.05791808743947446,0.9420819125605256,1.6233417937735843,dann_matched,banglasarc3_binary+ben_sarc_binary,banglasarc3_binary,2024
406cc3cc6af1c396,0,1,-0.86328125,1.046875,0.12896329929010264,0.8710367007098975,1.6233417937735843,dann_matched,banglasarc3_binary+ben_sarc_binary,banglasarc3_binary,2024
5017f4130c84f906,1,0,0.94921875,-0.38085938,0.7908535572843339,0.209146442715666,1.6233417937735843,dann_matched,banglasarc3_binary+ben_sarc_binary,banglasarc3_binary,2024
dda9d98881ec3a10,0,0,1.953125,-1.234375,0.96036116089903,0.039638839100970026,1.6233417937735843,dann_matched,banglasarc3_binary+ben_sarc_binary,banglasarc3_binary,2024
44526b65a93bf812,0,0,2.34375,-1.5546875,0.980129286039598,0.019870713960402048,1.6233417937735843,dann_matched,banglasarc3_binary+ben_sarc_binary,banglasarc3_binary,2024
045171b67bd95561,0,0,2.0625,-1.328125,0.9674102552339746,0.032589744766025344,1.6233417937735843,dann_matched,banglasarc3_binary+ben_sarc_binary,banglasarc3_binary,2024
008c34b815bb55fd,0,0,2.5,-1.734375,0.9857180660748888,0.014281933925111153,1.6233417937735843,dann_matched,banglasarc3_binary+ben_sarc_binary,banglasarc3_binary,2024
aca0a6cea18374f2,0,0,1.3828125,-0.6640625,0.8856314738181876,0.1143685261818125,1.6233417937735843,dann_matched,banglasarc3_binary+ben_sarc_binary,banglasarc3_binary,2024
51e0fcfbe89577bb,1,0,1.34375,-0.578125,0.8723473746782093,0.12765262532179067,1.6233417937735843,dann_matched,banglasarc3_binary+ben_sarc_binary,banglasarc3_binary,2024
0cd747c951646fc6,1,1,-0.53515625,0.83203125,0.2030746281894702,0.7969253718105298,1.6233417937735843,dann_matched,banglasarc3_binary+ben_sarc_binary,banglasarc3_binary,2024
2a8dc43b96afa2e7,1,1,-1.109375,1.265625,0.08509904500702024,0.9149009549929797,1.6233417937735843,dann_matched,banglasarc3_binary+ben_sarc_binary,banglasarc3_binary,2024
4dacd616983d14ed,1,0,1.0703125,-0.578125,0.8386797622482537,0.16132023775174625,1.6233417937735843,dann_matched,banglasarc3_binary+ben_sarc_binary,banglasarc3_binary,2024
8e45e4191312d057,0,0,2.8125,-2.03125,0.9921841112107114,0.007815888789288626,1.6233417937735843,dann_matched,banglasarc3_binary+ben_sarc_binary,banglasarc3_binary,2024
a30ac9245fef57e8,0,1,-0.24902344,0.671875,0.2847748668392201,0.71522513316078,1.6233417937735843,dann_matched,banglasarc3_binary+ben_sarc_binary,banglasarc3_binary,2024
1ba578744dcf18f2,0,0,0.578125,-0.24121094,0.6940953598917166,0.30590464010828344,1.6233417937735843,dann_matched,banglasarc3_binary+ben_sarc_binary,banglasarc3_binary,2024
b1a866c6cbb06b7b,0,0,0.53515625,-0.099121094,0.6534587032366339,0.3465412967633661,1.6233417937735843,dann_matched,banglasarc3_binary+ben_sarc_binary,banglasarc3_binary,2024
a61d6c2433486af9,0,1,-0.3125,0.6796875,0.2704802220302491,0.7295197779697509,1.6233417937735843,dann_matched,banglasarc3_binary+ben_sarc_binary,banglasarc3_binary,2024
8cb4b0e68d2b2280,0,0,2.0625,-1.2734375,0.965641310666991,0.03435868933300902,1.6233417937735843,dann_matched,banglasarc3_binary+ben_sarc_binary,banglasarc3_binary,2024
5862ad605fad8a15,1,1,-0.84765625,1.1015625,0.12463857053608371,0.8753614294639163,1.6233417937735843,dann_matched,banglasarc3_binary+ben_sarc_binary,banglasarc3_binary,2024
cdf0634800d69305,1,0,1.78125,-1.0625,0.9449947117065459,0.05500528829345415,1.6233417937735843,dann_matched,banglasarc3_binary+ben_sarc_binary,banglasarc3_binary,2024
778c43b485a168af,1,0,1.3359375,-0.74609375,0.8891444050747391,0.11085559492526088,1.6233417937735843,dann_matched,banglasarc3_binary+ben_sarc_binary,banglasarc3_binary,2024
1df9d37a3cec5465,0,0,2.5,-1.6640625,0.9846936454393053,0.015306354560694808,1.6233417937735843,dann_matched,banglasarc3_binary+ben_sarc_binary,banglasarc3_binary,2024
47b74426cb84e137,1,1,-1.21875,1.2734375,0.07640768335044701,0.923592316649553,1.6233417937735843,dann_matched,banglasarc3_binary+ben_sarc_binary,banglasarc3_binary,2024
3f468b17c098db0b,0,1,-0.27539062,0.70703125,0.2724114951281179,0.7275885048718822,1.6233417937735843,dann_matched,banglasarc3_binary+ben_sarc_binary,banglasarc3_binary,2024
e8eed6879adc1fb9,1,1,0.0002746582,0.40820312,0.3994089398129203,0.6005910601870796,1.6233417937735843,dann_matched,banglasarc3_binary+ben_sarc_binary,banglasarc3_binary,2024
59adf653819d9fe1,0,0,0.29101562,0.08544922,0.5512113894698217,0.44878861053017816,1.6233417937735843,dann_matched,banglasarc3_binary+ben_sarc_binary,banglasarc3_binary,2024
ab24e7278a3aa349,1,0,0.2734375,0.26757812,0.5014648395590628,0.4985351604409372,1.6233417937735843,dann_matched,banglasarc3_binary+ben_sarc_binary,banglasarc3_binary,2024
e3d3248598f096fa,1,1,-1.6953125,1.5546875,0.037326887344129464,0.9626731126558706,1.6233417937735843,dann_matched,banglasarc3_binary+ben_sarc_binary,banglasarc3_binary,2024
cc1dab7c4d3e2fa9,1,0,0.41992188,-0.203125,0.6509111951655322,0.34908880483446786,1.6233417937735843,dann_matched,banglasarc3_binary+ben_sarc_binary,banglasarc3_binary,2024
f7a48562ed437eea,0,0,2.859375,-2.1875,0.9936116790902788,0.0063883209097212856,1.6233417937735843,dann_matched,banglasarc3_binary+ben_sarc_binary,banglasarc3_binary,2024
b2ae48f6c244c3b3,1,0,1.3671875,-0.671875,0.8848377712685633,0.11516222873143664,1.6233417937735843,dann_matched,banglasarc3_binary+ben_sarc_binary,banglasarc3_binary,2024
6d69a5e5443ef4a0,0,1,-0.107910156,0.49414062,0.3538746476163824,0.6461253523836177,1.6233417937735843,dann_matched,banglasarc3_binary+ben_sarc_binary,banglasarc3_binary,2024
17e9568c1bec66f3,1,0,3.015625,-2.28125,0.9950177302695786,0.004982269730421259,1.6233417937735843,dann_matched,banglasarc3_binary+ben_sarc_binary,banglasarc3_binary,2024
432511856befb10b,0,0,2.734375,-1.96875,0.9910145712474399,0.008985428752560176,1.6233417937735843,dann_matched,banglasarc3_binary+ben_sarc_binary,banglasarc3_binary,2024
b7be99240747d7b9,0,0,1.9765625,-1.375,0.9661559646595075,0.03384403534049258,1.6233417937735843,dann_matched,banglasarc3_binary+ben_sarc_binary,banglasarc3_binary,2024
88421f62e8ff3b41,1,0,0.8359375,-0.30664062,0.7581526713451106,0.24184732865488942,1.6233417937735843,dann_matched,banglasarc3_binary+ben_sarc_binary,banglasarc3_binary,2024
3e2207ffcf3ee105,0,0,0.359375,0.13671875,0.5554352309883238,0.4445647690116762,1.6233417937735843,dann_matched,banglasarc3_binary+ben_sarc_binary,banglasarc3_binary,2024
51b018644cef2e50,0,0,1.9765625,-1.2890625,0.9632305339244013,0.036769466075598736,1.6233417937735843,dann_matched,banglasarc3_binary+ben_sarc_binary,banglasarc3_binary,2024
f95cec4307ef3024,0,0,2.203125,-1.375,0.9728307684643189,0.027169231535681047,1.6233417937735843,dann_matched,banglasarc3_binary+ben_sarc_binary,banglasarc3_binary,2024
26b12ba4953ff47f,1,1,-0.25390625,0.625,0.2934044820389496,0.7065955179610504,1.6233417937735843,dann_matched,banglasarc3_binary+ben_sarc_binary,banglasarc3_binary,2024
9e6fb96648d97dc0,0,0,1.8671875,-1.0703125,0.9496693674025232,0.05033063259747688,1.6233417937735843,dann_matched,banglasarc3_binary+ben_sarc_binary,banglasarc3_binary,2024
a4b8f5a2bfe6f63a,1,1,-1.8359375,1.6328125,0.03021458706739398,0.9697854129326061,1.6233417937735843,dann_matched,banglasarc3_binary+ben_sarc_binary,banglasarc3_binary,2024
c7e2731135ca9edc,1,1,-0.40234375,0.7734375,0.2358115863944671,0.7641884136055329,1.6233417937735843,dann_matched,banglasarc3_binary+ben_sarc_binary,banglasarc3_binary,2024
a5f5e1447f81c7c1,0,0,1.828125,-1.1484375,0.9515039967560431,0.048496003243956885,1.6233417937735843,dann_matched,banglasarc3_binary+ben_sarc_binary,banglasarc3_binary,2024
c2122763b56ffbf5,1,0,2.8125,-2.03125,0.9921841112107114,0.007815888789288626,1.6233417937735843,dann_matched,banglasarc3_binary+ben_sarc_binary,banglasarc3_binary,2024
d89f0be1f7612e43,1,1,-1.953125,1.8359375,0.022116588802079524,0.9778834111979205,1.6233417937735843,dann_matched,banglasarc3_binary+ben_sarc_binary,banglasarc3_binary,2024
83ff80d11d2cfe42,0,1,-0.64453125,0.92578125,0.17217184695139578,0.8278281530486042,1.6233417937735843,dann_matched,banglasarc3_binary+ben_sarc_binary,banglasarc3_binary,2024
ff19766f243a9d57,1,1,-1.8828125,1.7109375,0.026759283185443145,0.9732407168145568,1.6233417937735843,dann_matched,banglasarc3_binary+ben_sarc_binary,banglasarc3_binary,2024
e8bd3886d550c247,1,1,-1.390625,1.296875,0.06371499425196533,0.9362850057480346,1.6233417937735843,dann_matched,banglasarc3_binary+ben_sarc_binary,banglasarc3_binary,2024
0cb293f08063597d,1,0,1.609375,-1.203125,0.9433475746920261,0.05665242530797383,1.6233417937735843,dann_matched,banglasarc3_binary+ben_sarc_binary,banglasarc3_binary,2024
bd4e9e3bdd01a022,1,1,-0.359375,0.6171875,0.27357439102480946,0.7264256089751905,1.6233417937735843,dann_matched,banglasarc3_binary+ben_sarc_binary,banglasarc3_binary,2024
5b22a3f51d681541,0,0,2.65625,-2.390625,0.9936116790902788,0.0063883209097212856,1.6233417937735843,dann_matched,banglasarc3_binary+ben_sarc_binary,banglasarc3_binary,2024
5e682d52ed383d6b,0,0,1.7109375,-1.0078125,0.9381240142763573,0.061875985723642724,1.6233417937735843,dann_matched,banglasarc3_binary+ben_sarc_binary,banglasarc3_binary,2024
baad976c4d644487,0,0,2.984375,-2.265625,0.9947798743064417,0.005220125693558397,1.6233417937735843,dann_matched,banglasarc3_binary+ben_sarc_binary,banglasarc3_binary,2024
dd9bd6b2bf6b34e5,1,1,0.12597656,0.36914062,0.4395067652119536,0.5604932347880464,1.6233417937735843,dann_matched,banglasarc3_binary+ben_sarc_binary,banglasarc3_binary,2024
cdbf9e38b718e84c,0,1,-0.5625,0.859375,0.19436781101874467,0.8056321889812553,1.6233417937735843,dann_matched,banglasarc3_binary+ben_sarc_binary,banglasarc3_binary,2024
4d0a57f210a73977,1,0,0.87890625,-0.20214844,0.746693521262313,0.2533064787376871,1.6233417937735843,dann_matched,banglasarc3_binary+ben_sarc_binary,banglasarc3_binary,2024
ab338dede5081252,0,0,1.84375,-1.171875,0.9532750413739076,0.04672495862609242,1.6233417937735843,dann_matched,banglasarc3_binary+ben_sarc_binary,banglasarc3_binary,2024
ab718a592e29dca9,0,0,2.875,-2.1875,0.9937100978631075,0.0062899021368924835,1.6233417937735843,dann_matched,banglasarc3_binary+ben_sarc_binary,banglasarc3_binary,2024
e36d944d14221a6c,0,0,1.96875,-1.1875,0.9591542840900507,0.040845715909949315,1.6233417937735843,dann_matched,banglasarc3_binary+ben_sarc_binary,banglasarc3_binary,2024
63ea034834c6a12c,0,0,2.75,-2.015625,0.991554373058874,0.008445626941126032,1.6233417937735843,dann_matched,banglasarc3_binary+ben_sarc_binary,banglasarc3_binary,2024
1ead6e0bfd452d2b,1,1,-1.1015625,1.2109375,0.09009299396195182,0.9099070060380482,1.6233417937735843,dann_matched,banglasarc3_binary+ben_sarc_binary,banglasarc3_binary,2024
9fb91b24bd470ab7,0,0,0.921875,-0.21679688,0.7574357102110338,0.24256428978896624,1.6233417937735843,dann_matched,banglasarc3_binary+ben_sarc_binary,banglasarc3_binary,2024
7adb5d686301eb8f,1,0,2.21875,-1.5,0.9763105287006256,0.023689471299374428,1.6233417937735843,dann_matched,banglasarc3_binary+ben_sarc_binary,banglasarc3_binary,2024
30a467ac9c6d2435,1,1,-1.4765625,1.25,0.06142404005467019,0.9385759599453297,1.6233417937735843,dann_matched,banglasarc3_binary+ben_sarc_binary,banglasarc3_binary,2024
4e5a50b99551fa9f,0,0,0.859375,-0.3671875,0.7732163651347154,0.22678363486528474,1.6233417937735843,dann_matched,banglasarc3_binary+ben_sarc_binary,banglasarc3_binary,2024
2cc5b657e99479ab,1,1,-1.03125,1.0078125,0.11516222873143664,0.8848377712685633,1.6233417937735843,dann_matched,banglasarc3_binary+ben_sarc_binary,banglasarc3_binary,2024
60a819c9455826f5,0,0,2.3125,-1.5546875,0.9795114453152562,0.02048855468474385,1.6233417937735843,dann_matched,banglasarc3_binary+ben_sarc_binary,banglasarc3_binary,2024
f387e0db7e685a99,0,0,2.046875,-1.3125,0.9664104943498959,0.033589505650103976,1.6233417937735843,dann_matched,banglasarc3_binary+ben_sarc_binary,banglasarc3_binary,2024
0ccfba3f9e960460,1,0,1.3828125,-0.68359375,0.8875949114621223,0.11240508853787773,1.6233417937735843,dann_matched,banglasarc3_binary+ben_sarc_binary,banglasarc3_binary,2024
ddc2982c4d5b19bb,0,0,2.078125,-1.3515625,0.9686195704870232,0.031380429512976746,1.6233417937735843,dann_matched,banglasarc3_binary+ben_sarc_binary,banglasarc3_binary,2024
c9700acd4f20666a,1,1,-0.73046875,0.87109375,0.16776334721819924,0.8322366527818007,1.6233417937735843,dann_matched,banglasarc3_binary+ben_sarc_binary,banglasarc3_binary,2024
d4943eed81c34c48,1,0,2.484375,-1.640625,0.9840936082881853,0.01590639171181471,1.6233417937735843,dann_matched,banglasarc3_binary+ben_sarc_binary,banglasarc3_binary,2024
2e2e4b889c9df812,1,1,-0.6796875,0.9609375,0.16238003666671086,0.8376199633332891,1.6233417937735843,dann_matched,banglasarc3_binary+ben_sarc_binary,banglasarc3_binary,2024
5ddbd9cf7f8b9e4e,1,0,0.94140625,-0.328125,0.780662495082397,0.21933750491760287,1.6233417937735843,dann_matched,banglasarc3_binary+ben_sarc_binary,banglasarc3_binary,2024
0346c19c3d6e1abf,0,0,2.4375,-1.7265625,0.9846936454393053,0.015306354560694808,1.6233417937735843,dann_matched,banglasarc3_binary+ben_sarc_binary,banglasarc3_binary,2024
c5d392cb407885e6,0,1,0.024658203,0.421875,0.40198121763331945,0.5980187823666805,1.6233417937735843,dann_matched,banglasarc3_binary+ben_sarc_binary,banglasarc3_binary,2024
f4997612d5ea678a,0,1,-1.3125,1.3046875,0.06804042027255897,0.9319595797274409,1.6233417937735843,dann_matched,banglasarc3_binary+ben_sarc_binary,banglasarc3_binary,2024
5fb61d0d9878c215,0,0,0.37695312,0.038085938,0.5839153230184654,0.4160846769815347,1.6233417937735843,dann_matched,banglasarc3_binary+ben_sarc_binary,banglasarc3_binary,2024
a3b2337ee913ed3c,1,0,2.1875,-1.46875,0.9748211582993981,0.025178841700601855,1.6233417937735843,dann_matched,banglasarc3_binary+ben_sarc_binary,banglasarc3_binary,2024
218ac0a1387a629e,0,0,1.234375,-0.7578125,0.8799743722456386,0.1200256277543614,1.6233417937735843,dann_matched,banglasarc3_binary+ben_sarc_binary,banglasarc3_binary,2024
18e844b31049008b,0,0,2.5625,-1.8125,0.9875683491468141,0.012431650853185818,1.6233417937735843,dann_matched,banglasarc3_binary+ben_sarc_binary,banglasarc3_binary,2024
cbed70c13bc0c9f0,1,1,-1.484375,1.390625,0.053403329799824234,0.9465966702001757,1.6233417937735843,dann_matched,banglasarc3_binary+ben_sarc_binary,banglasarc3_binary,2024
2ab1740ebfbd3e05,1,0,2.75,-2.0,0.991422514586288,0.008577485413711986,1.6233417937735843,dann_matched,banglasarc3_binary+ben_sarc_binary,banglasarc3_binary,2024
0ac6a6a9e59b6038,1,1,-0.859375,1.078125,0.12592276483513232,0.8740772351648677,1.6233417937735843,dann_matched,banglasarc3_binary+ben_sarc_binary,banglasarc3_binary,2024
08f7a8e225bd8151,1,1,-0.59375,0.7890625,0.2005576797447963,0.7994423202552038,1.6233417937735843,dann_matched,banglasarc3_binary+ben_sarc_binary,banglasarc3_binary,2024
b09ce16653e41187,1,1,-0.12988281,0.52734375,0.3413629007182345,0.6586370992817655,1.6233417937735843,dann_matched,banglasarc3_binary+ben_sarc_binary,banglasarc3_binary,2024
d8186fbe40131e81,1,1,-1.421875,1.46875,0.05261895334771377,0.9473810466522863,1.6233417937735843,dann_matched,banglasarc3_binary+ben_sarc_binary,banglasarc3_binary,2024
c89eaa10622b37e2,1,0,1.109375,-0.66015625,0.8543993677396563,0.14560063226034367,1.6233417937735843,dann_matched,banglasarc3_binary+ben_sarc_binary,banglasarc3_binary,2024
0ef139aef5b0b651,1,1,-2.484375,2.09375,0.010169657753872614,0.9898303422461273,1.6233417937735843,dann_matched,banglasarc3_binary+ben_sarc_binary,banglasarc3_binary,2024
2f577efec6c86515,1,1,-1.8046875,1.6796875,0.029760093945964218,0.9702399060540357,1.6233417937735843,dann_matched,banglasarc3_binary+ben_sarc_binary,banglasarc3_binary,2024
843e76141f5386ea,1,1,-1.984375,1.8125,0.02194825371486785,0.9780517462851323,1.6233417937735843,dann_matched,banglasarc3_binary+ben_sarc_binary,banglasarc3_binary,2024
a6b139ef0507918c,0,0,1.4375,-0.83203125,0.9063219973254493,0.09367800267455072,1.6233417937735843,dann_matched,banglasarc3_binary+ben_sarc_binary,banglasarc3_binary,2024
364f64d22ee2ac7a,0,0,2.9375,-2.328125,0.9948603889024311,0.005139611097568844,1.6233417937735843,dann_matched,banglasarc3_binary+ben_sarc_binary,banglasarc3_binary,2024
2ac3b1eefc9be85e,1,0,1.390625,-0.703125,0.8902942261220291,0.10970577387797074,1.6233417937735843,dann_matched,banglasarc3_binary+ben_sarc_binary,banglasarc3_binary,2024
adf94921ccf02eaa,1,1,-1.8515625,1.703125,0.027795622581245058,0.9722043774187549,1.6233417937735843,dann_matched,banglasarc3_binary+ben_sarc_binary,banglasarc3_binary,2024
a4d173afcf1ce29e,0,0,2.0625,-1.3046875,0.9666631758572982,0.03333682414270177,1.6233417937735843,dann_matched,banglasarc3_binary+ben_sarc_binary,banglasarc3_binary,2024
503091a9ce967b64,1,1,-0.96484375,1.0546875,0.11716746932535992,0.8828325306746402,1.6233417937735843,dann_matched,banglasarc3_binary+ben_sarc_binary,banglasarc3_binary,2024
4d1624fcf2e4e7d6,1,1,-0.58203125,0.78515625,0.2030746281894702,0.7969253718105298,1.6233417937735843,dann_matched,banglasarc3_binary+ben_sarc_binary,banglasarc3_binary,2024
7bb7f9b1cb68aac0,0,0,2.984375,-2.390625,0.9953904278206259,0.004609572179374208,1.6233417937735843,dann_matched,banglasarc3_binary+ben_sarc_binary,banglasarc3_binary,2024
9b912e15d3d8493f,0,1,-0.000869751,0.47460938,0.383320230556534,0.616679769443466,1.6233417937735843,dann_matched,banglasarc3_binary+ben_sarc_binary,banglasarc3_binary,2024
3827617f21fba1e3,0,0,3.234375,-2.640625,0.9971990730328789,0.002800926967120973,1.6233417937735843,dann_matched,banglasarc3_binary+ben_sarc_binary,banglasarc3_binary,2024
bbfcd270940c6f50,0,0,0.2109375,0.20800781,0.5007324213511315,0.4992675786488685,1.6233417937735843,dann_matched,banglasarc3_binary+ben_sarc_binary,banglasarc3_binary,2024
a5f9487af8a08111,1,1,-1.0546875,1.1953125,0.0953494648991095,0.9046505351008906,1.6233417937735843,dann_matched,banglasarc3_binary+ben_sarc_binary,banglasarc3_binary,2024
b132c35de55abf62,1,1,-0.625,0.81640625,0.19132767714793028,0.8086723228520697,1.6233417937735843,dann_matched,banglasarc3_binary+ben_sarc_binary,banglasarc3_binary,2024
49e50f5f6743b9a9,0,0,2.0625,-1.3671875,0.9686195704870232,0.031380429512976746,1.6233417937735843,dann_matched,banglasarc3_binary+ben_sarc_binary,banglasarc3_binary,2024
bc2fea241ae6e245,0,0,2.671875,-2.0625,0.9912886155422945,0.008711384457705508,1.6233417937735843,dann_matched,banglasarc3_binary+ben_sarc_binary,banglasarc3_binary,2024
1ac9669da2a3b22a,0,0,2.84375,-2.109375,0.992988204618503,0.007011795381497108,1.6233417937735843,dann_matched,banglasarc3_binary+ben_sarc_binary,banglasarc3_binary,2024
c678ed32dfec8e9b,1,1,-2.140625,1.6484375,0.022116588802079524,0.9778834111979205,1.6233417937735843,dann_matched,banglasarc3_binary+ben_sarc_binary,banglasarc3_binary,2024
1a46fdea53a04cce,0,1,-0.64453125,0.890625,0.17724051706725022,0.8227594829327498,1.6233417937735843,dann_matched,banglasarc3_binary+ben_sarc_binary,banglasarc3_binary,2024
a27bf2e316d4219b,1,1,-1.234375,1.265625,0.07585818002124356,0.9241418199787566,1.6233417937735843,dann_matched,banglasarc3_binary+ben_sarc_binary,banglasarc3_binary,2024
0cec6e06c0ba9f1e,0,0,2.921875,-2.25,0.9943580914999767,0.00564190850002335,1.6233417937735843,dann_matched,banglasarc3_binary+ben_sarc_binary,banglasarc3_binary,2024
d6b2f0ee01c230dd,1,1,0.022216797,0.44921875,0.39484246425332026,0.6051575357466797,1.6233417937735843,dann_matched,banglasarc3_binary+ben_sarc_binary,banglasarc3_binary,2024
9eb091e9a9d4c695,0,0,0.7578125,-0.083984375,0.6988435236330957,0.30115647636690435,1.6233417937735843,dann_matched,banglasarc3_binary+ben_sarc_binary,banglasarc3_binary,2024
963ae71db6ff7e4f,0,0,2.0,-1.21875,0.9615338079816756,0.03846619201832428,1.6233417937735843,dann_matched,banglasarc3_binary+ben_sarc_binary,banglasarc3_binary,2024
9aabf8d92c3a8ef5,1,0,2.171875,-1.4296875,0.9734434290045008,0.02655657099549924,1.6233417937735843,dann_matched,banglasarc3_binary+ben_sarc_binary,banglasarc3_binary,2024
1f00788c3c80def3,0,0,2.640625,-1.875,0.9891815513471369,0.010818448652863185,1.6233417937735843,dann_matched,banglasarc3_binary+ben_sarc_binary,banglasarc3_binary,2024
b39f2b8134c7f61a,1,1,-0.13867188,0.5078125,0.34378221211773596,0.656217787882264,1.6233417937735843,dann_matched,banglasarc3_binary+ben_sarc_binary,banglasarc3_binary,2024
a6a9b4365f236b0d,1,1,-0.65234375,0.90234375,0.17441027833079015,0.8255897216692099,1.6233417937735843,dann_matched,banglasarc3_binary+ben_sarc_binary,banglasarc3_binary,2024
672f65575c01c938,1,1,-1.0234375,1.1484375,0.10230470789265303,0.8976952921073469,1.6233417937735843,dann_matched,banglasarc3_binary+ben_sarc_binary,banglasarc3_binary,2024
c361b64edd41d872,0,1,-1.59375,1.53125,0.04208772791561884,0.9579122720843811,1.6233417937735843,dann_matched,banglasarc3_binary+ben_sarc_binary,banglasarc3_binary,2024
89c73de9b852078e,0,0,1.140625,-0.44335938,0.8297680627053342,0.17023193729466576,1.6233417937735843,dann_matched,banglasarc3_binary+ben_sarc_binary,banglasarc3_binary,2024
ce8d47c1fb816aa3,0,0,2.6875,-2.171875,0.9923043528216078,0.007695647178392188,1.6233417937735843,dann_matched,banglasarc3_binary+ben_sarc_binary,banglasarc3_binary,2024
456683ca31fa5e65,0,0,1.0390625,-0.40234375,0.8086723228520697,0.19132767714793028,1.6233417937735843,dann_matched,banglasarc3_binary+ben_sarc_binary,banglasarc3_binary,2024
ebd8a51d0f72f8ae,0,1,-1.015625,1.1484375,0.1030244283262171,0.896975571673783,1.6233417937735843,dann_matched,banglasarc3_binary+ben_sarc_binary,banglasarc3_binary,2024
fb863821fda44d53,1,1,-1.2890625,1.21875,0.07531230632362355,0.9246876936763765,1.6233417937735843,dann_matched,banglasarc3_binary+ben_sarc_binary,banglasarc3_binary,2024
3b470389b41a77d0,0,0,2.296875,-1.453125,0.9770226300899744,0.02297736991002561,1.6233417937735843,dann_matched,banglasarc3_binary+ben_sarc_binary,banglasarc3_binary,2024
7485ab52357fe573,0,0,2.71875,-1.96875,0.9908743626108194,0.00912563738918052,1.6233417937735843,dann_matched,banglasarc3_binary+ben_sarc_binary,banglasarc3_binary,2024
5d08e6dbd0a02098,0,0,3.375,-2.8125,0.9979492564600826,0.002050743539917378,1.6233417937735843,dann_matched,banglasarc3_binary+ben_sarc_binary,banglasarc3_binary,2024
bd8e1a4992f836d9,1,1,-1.8125,1.6640625,0.029986506066001513,0.9700134939339985,1.6233417937735843,dann_matched,banglasarc3_binary+ben_sarc_binary,banglasarc3_binary,2024
f54c8c8dd14b9ee4,1,0,0.7890625,-0.12060547,0.7129322140836937,0.2870677859163063,1.6233417937735843,dann_matched,banglasarc3_binary+ben_sarc_binary,banglasarc3_binary,2024
93aa7ab3e702a390,1,1,-0.609375,0.890625,0.18242552380635632,0.8175744761936437,1.6233417937735843,dann_matched,banglasarc3_binary+ben_sarc_binary,banglasarc3_binary,2024
5d4df30470964289,0,0,2.90625,-2.15625,0.9937100978631075,0.0062899021368924835,1.6233417937735843,dann_matched,banglasarc3_binary+ben_sarc_binary,banglasarc3_binary,2024
99413b6d85bd8b6a,1,1,-0.546875,0.80859375,0.20497773615175374,0.7950222638482464,1.6233417937735843,dann_matched,banglasarc3_binary+ben_sarc_binary,banglasarc3_binary,2024
b6c18248921fce54,1,0,2.53125,-1.8203125,0.9872772918000768,0.012722708199923246,1.6233417937735843,dann_matched,banglasarc3_binary+ben_sarc_binary,banglasarc3_binary,2024
1cabf2a505c66110,1,1,-1.03125,1.2109375,0.09602548878779378,0.9039745112122062,1.6233417937735843,dann_matched,banglasarc3_binary+ben_sarc_binary,banglasarc3_binary,2024
4e7d5694a62e5de3,1,1,-1.0859375,1.1953125,0.09268777863937604,0.9073122213606241,1.6233417937735843,dann_matched,banglasarc3_binary+ben_sarc_binary,banglasarc3_binary,2024
27bff07ea2567aff,0,0,0.57421875,0.0036621094,0.6388916071445168,0.36110839285548313,1.6233417937735843,dann_matched,banglasarc3_binary+ben_sarc_binary,banglasarc3_binary,2024
3d2b2afef8a71422,0,0,3.09375,-2.421875,0.9959927110540886,0.004007288945911384,1.6233417937735843,dann_matched,banglasarc3_binary+ben_sarc_binary,banglasarc3_binary,2024
a6b65f2d6607df8d,0,1,-0.20507812,0.55859375,0.3178495938127082,0.6821504061872917,1.6233417937735843,dann_matched,banglasarc3_binary+ben_sarc_binary,banglasarc3_binary,2024
f2ce21fd06e6c0a1,0,0,2.921875,-2.25,0.9943580914999767,0.00564190850002335,1.6233417937735843,dann_matched,banglasarc3_binary+ben_sarc_binary,banglasarc3_binary,2024
8c321d6535475133,0,0,0.44726562,-0.061523438,0.6245225595762177,0.3754774404237822,1.6233417937735843,dann_matched,banglasarc3_binary+ben_sarc_binary,banglasarc3_binary,2024
e4400f251525d858,0,0,1.6875,-0.890625,0.9294404038127071,0.07055959618729296,1.6233417937735843,dann_matched,banglasarc3_binary+ben_sarc_binary,banglasarc3_binary,2024
a2549aea9cf0feed,0,0,2.5625,-1.8046875,0.9874720680072551,0.012527931992744795,1.6233417937735843,dann_matched,banglasarc3_binary+ben_sarc_binary,banglasarc3_binary,2024
208728590d99f477,0,1,-0.5078125,0.7265625,0.2254166158350767,0.7745833841649233,1.6233417937735843,dann_matched,banglasarc3_binary+ben_sarc_binary,banglasarc3_binary,2024
d7aa541a5731f237,1,1,-1.828125,1.765625,0.026759283185443145,0.9732407168145568,1.6233417937735843,dann_matched,banglasarc3_binary+ben_sarc_binary,banglasarc3_binary,2024
72d9d0c152014fd4,1,1,-0.60546875,0.93359375,0.17667160102063317,0.8233283989793668,1.6233417937735843,dann_matched,banglasarc3_binary+ben_sarc_binary,banglasarc3_binary,2024
8dc4677cf180080c,0,0,2.296875,-1.640625,0.9808759632491112,0.019124036750888904,1.6233417937735843,dann_matched,banglasarc3_binary+ben_sarc_binary,banglasarc3_binary,2024
326478b91e0a83b6,0,0,1.4453125,-0.78515625,0.9029524430206697,0.09704755697933022,1.6233417937735843,dann_matched,banglasarc3_binary+ben_sarc_binary,banglasarc3_binary,2024
38972718ea06dcda,0,0,3.1875,-2.578125,0.9968763514001466,0.0031236485998533104,1.6233417937735843,dann_matched,banglasarc3_binary+ben_sarc_binary,banglasarc3_binary,2024
7bb95f4327f97619,0,0,0.53515625,0.09375,0.6085940609116138,0.3914059390883863,1.6233417937735843,dann_matched,banglasarc3_binary+ben_sarc_binary,banglasarc3_binary,2024
b5430ac62bc817b3,0,1,-0.90625,1.1015625,0.1183850968071675,0.8816149031928324,1.6233417937735843,dann_matched,banglasarc3_binary+ben_sarc_binary,banglasarc3_binary,2024
7745aafd0a592886,0,0,1.2890625,-0.61328125,0.870156561979502,0.12984343802049797,1.6233417937735843,dann_matched,banglasarc3_binary+ben_sarc_binary,banglasarc3_binary,2024
6327f9fa75cf0eb5,0,0,2.75,-2.15625,0.9926541734255229,0.007345826574477061,1.6233417937735843,dann_matched,banglasarc3_binary+ben_sarc_binary,banglasarc3_binary,2024
50c0d6b40de5c934,1,1,-0.23242188,0.53125,0.3178495938127082,0.6821504061872917,1.6233417937735843,dann_matched,banglasarc3_binary+ben_sarc_binary,banglasarc3_binary,2024
fa23fb1cf1fa6ce1,0,1,-1.3828125,1.3203125,0.06278920859705135,0.9372107914029487,1.6233417937735843,dann_matched,banglasarc3_binary+ben_sarc_binary,banglasarc3_binary,2024
5793d347d7491ffa,0,1,-0.5546875,0.8359375,0.19930799790404563,0.8006920020959544,1.6233417937735843,dann_matched,banglasarc3_binary+ben_sarc_binary,banglasarc3_binary,2024
7a193a03efce7c95,0,0,1.578125,-0.87890625,0.9210741144349998,0.07892588556500027,1.6233417937735843,dann_matched,banglasarc3_binary+ben_sarc_binary,banglasarc3_binary,2024
04f3d847a89bddc0,0,0,1.53125,-1.0234375,0.9278877945870695,0.07211220541293051,1.6233417937735843,dann_matched,banglasarc3_binary+ben_sarc_binary,banglasarc3_binary,2024
79fe03d925dd23f2,1,1,-1.5,1.4609375,0.04922211319719861,0.9507778868028013,1.6233417937735843,dann_matched,banglasarc3_binary+ben_sarc_binary,banglasarc3_binary,2024
56a90627c13f7482,0,1,-1.5078125,1.4296875,0.05033063259747688,0.9496693674025232,1.6233417937735843,dann_matched,banglasarc3_binary+ben_sarc_binary,banglasarc3_binary,2024
34eae78ac0856b44,0,0,2.1875,-1.453125,0.9744347860767304,0.025565213923269593,1.6233417937735843,dann_matched,banglasarc3_binary+ben_sarc_binary,banglasarc3_binary,2024
e7de35f2d96d04ae,1,1,-1.203125,1.234375,0.08035746882220708,0.9196425311777929,1.6233417937735843,dann_matched,banglasarc3_binary+ben_sarc_binary,banglasarc3_binary,2024
7edb0fbf4e12f482,1,1,-1.5390625,1.5078125,0.04535258055430642,0.9546474194456936,1.6233417937735843,dann_matched,banglasarc3_binary+ben_sarc_binary,banglasarc3_binary,2024
05b114079ca39ab2,0,0,3.28125,-2.625,0.9972850145309949,0.0027149854690051763,1.6233417937735843,dann_matched,banglasarc3_binary+ben_sarc_binary,banglasarc3_binary,2024
012cf4a871450976,0,0,1.7890625,-1.03125,0.9437636542955161,0.056236345704483756,1.6233417937735843,dann_matched,banglasarc3_binary+ben_sarc_binary,banglasarc3_binary,2024
974f03c115fc2171,1,0,0.32421875,0.088378906,0.5586881908931833,0.4413118091068167,1.6233417937735843,dann_matched,banglasarc3_binary+ben_sarc_binary,banglasarc3_binary,2024
7d320f16846e7bf9,1,0,2.40625,-1.8125,0.985496420308618,0.014503579691381979,1.6233417937735843,dann_matched,banglasarc3_binary+ben_sarc_binary,banglasarc3_binary,2024
8fd01412b63f6b5f,1,0,1.09375,-0.48242188,0.8286616786847617,0.17133832131523824,1.6233417937735843,dann_matched,banglasarc3_binary+ben_sarc_binary,banglasarc3_binary,2024
88e6fff6830ee411,0,1,-1.2265625,1.265625,0.07640768335044701,0.923592316649553,1.6233417937735843,dann_matched,banglasarc3_binary+ben_sarc_binary,banglasarc3_binary,2024
018878abd62bc2c6,0,0,3.125,-2.34375,0.9958012047285281,0.0041987952714718675,1.6233417937735843,dann_matched,banglasarc3_binary+ben_sarc_binary,banglasarc3_binary,2024
f09b809925c88fc0,1,1,-1.0703125,1.0390625,0.10818895456207035,0.8918110454379297,1.6233417937735843,dann_matched,banglasarc3_binary+ben_sarc_binary,banglasarc3_binary,2024
bc8f433d14df5bbe,1,1,-1.96875,1.7578125,0.023509452407533014,0.9764905475924671,1.6233417937735843,dann_matched,banglasarc3_binary+ben_sarc_binary,banglasarc3_binary,2024
c952b7bed5795739,0,0,1.6171875,-0.83984375,0.9210741144349998,0.07892588556500027,1.6233417937735843,dann_matched,banglasarc3_binary+ben_sarc_binary,banglasarc3_binary,2024
90c33f63e3080a0d,0,0,1.5078125,-0.78125,0.90796713988899,0.09203286011100995,1.6233417937735843,dann_matched,banglasarc3_binary+ben_sarc_binary,banglasarc3_binary,2024
1ef4973752ea4564,1,1,-1.84375,1.5546875,0.032344332381157095,0.9676556676188429,1.6233417937735843,dann_matched,banglasarc3_binary+ben_sarc_binary,banglasarc3_binary,2024
3f4477d5080cdfe1,0,0,2.0,-1.234375,0.9621075733703927,0.037892426629607394,1.6233417937735843,dann_matched,banglasarc3_binary+ben_sarc_binary,banglasarc3_binary,2024
7a9c24d799805b22,0,0,2.5,-1.71875,0.985496420308618,0.014503579691381979,1.6233417937735843,dann_matched,banglasarc3_binary+ben_sarc_binary,banglasarc3_binary,2024
a53750d111a874b9,0,0,2.546875,-1.8515625,0.9878528299001947,0.012147170099805133,1.6233417937735843,dann_matched,banglasarc3_binary+ben_sarc_binary,banglasarc3_binary,2024
08221e16563f5ed2,1,1,-0.6640625,0.8671875,0.17781086947804958,0.8221891305219503,1.6233417937735843,dann_matched,banglasarc3_binary+ben_sarc_binary,banglasarc3_binary,2024
a911bbedbe9083b7,1,1,-1.21875,1.296875,0.07477004290796138,0.9252299570920387,1.6233417937735843,dann_matched,banglasarc3_binary+ben_sarc_binary,banglasarc3_binary,2024
79af8e8606e24621,0,0,2.671875,-2.046875,0.9911526449170697,0.008847355082930386,1.6233417937735843,dann_matched,banglasarc3_binary+ben_sarc_binary,banglasarc3_binary,2024
725ab0037339d5f4,1,1,-0.7109375,0.90625,0.16559311363082369,0.8344068863691763,1.6233417937735843,dann_matched,banglasarc3_binary+ben_sarc_binary,banglasarc3_binary,2024
888be69f29549db6,1,0,1.546875,-0.7734375,0.9105453978311193,0.08945460216888064,1.6233417937735843,dann_matched,banglasarc3_binary+ben_sarc_binary,banglasarc3_binary,2024
74ead3cc3b9dcc3e,0,1,0.25390625,0.34179688,0.4780414772938762,0.5219585227061239,1.6233417937735843,dann_matched,banglasarc3_binary+ben_sarc_binary,banglasarc3_binary,2024
70a0b9c4daba4b62,1,1,-2.421875,2.140625,0.010328152519305191,0.9896718474806949,1.6233417937735843,dann_matched,banglasarc3_binary+ben_sarc_binary,banglasarc3_binary,2024
772cd1347ab32158,0,0,0.703125,-0.06542969,0.6832081607219911,0.316791839278009,1.6233417937735843,dann_matched,banglasarc3_binary+ben_sarc_binary,banglasarc3_binary,2024
825abf4f5714d44e,0,0,1.9453125,-1.2578125,0.9609517072737735,0.03904829272622638,1.6233417937735843,dann_matched,banglasarc3_binary+ben_sarc_binary,banglasarc3_binary,2024
f6d2b8f0fd5630a5,1,1,-0.78515625,0.9765625,0.14657520915950842,0.8534247908404916,1.6233417937735843,dann_matched,banglasarc3_binary+ben_sarc_binary,banglasarc3_binary,2024
070eb74aab3e9b16,0,0,3.0625,-2.328125,0.9954615682752046,0.0045384317247953825,1.6233417937735843,dann_matched,banglasarc3_binary+ben_sarc_binary,banglasarc3_binary,2024
ccdd5f5935aa5c08,0,1,-1.3515625,1.328125,0.06418264360901972,0.9358173563909802,1.6233417937735843,dann_matched,banglasarc3_binary+ben_sarc_binary,banglasarc3_binary,2024
ff8b8a0023de988a,1,1,0.032714844,0.3984375,0.40957498152636423,0.5904250184736357,1.6233417937735843,dann_matched,banglasarc3_binary+ben_sarc_binary,banglasarc3_binary,2024
955c6c4b3c56526f,0,1,-0.44335938,0.75390625,0.23196200373110962,0.7680379962688904,1.6233417937735843,dann_matched,banglasarc3_binary+ben_sarc_binary,banglasarc3_binary,2024
3c7f74408087c581,0,0,1.2890625,-0.58984375,0.8674854455595564,0.13251455444044344,1.6233417937735843,dann_matched,banglasarc3_binary+ben_sarc_binary,banglasarc3_binary,2024
3fd3335f6927bc03,1,1,-0.35546875,0.58203125,0.28140560742914383,0.7185943925708561,1.6233417937735843,dann_matched,banglasarc3_binary+ben_sarc_binary,banglasarc3_binary,2024
6b4cf7b079c5b900,0,1,-0.28320312,0.67578125,0.2770815859935903,0.7229184140064098,1.6233417937735843,dann_matched,banglasarc3_binary+ben_sarc_binary,banglasarc3_binary,2024
a396d6fc294ae956,0,0,3.15625,-2.484375,0.9964619139429115,0.0035380860570885376,1.6233417937735843,dann_matched,banglasarc3_binary+ben_sarc_binary,banglasarc3_binary,2024
acd192278c3d2499,0,0,1.640625,-0.9140625,0.9278877945870695,0.07211220541293051,1.6233417937735843,dann_matched,banglasarc3_binary+ben_sarc_binary,banglasarc3_binary,2024
13e6f0fb32b886df,1,1,-0.578125,0.86328125,0.19132767714793028,0.8086723228520697,1.6233417937735843,dann_matched,banglasarc3_binary+ben_sarc_binary,banglasarc3_binary,2024
5139d41ec223ee1d,1,0,2.3125,-1.5546875,0.9795114453152562,0.02048855468474385,1.6233417937735843,dann_matched,banglasarc3_binary+ben_sarc_binary,banglasarc3_binary,2024
db25536a5ca06207,1,1,-0.41015625,0.69921875,0.24798742624020276,0.7520125737597972,1.6233417937735843,dann_matched,banglasarc3_binary+ben_sarc_binary,banglasarc3_binary,2024
9cf7c23f5c83e3c1,1,1,-1.3515625,1.28125,0.06705628692511957,0.9329437130748804,1.6233417937735843,dann_matched,banglasarc3_binary+ben_sarc_binary,banglasarc3_binary,2024
dece6cbb7ae48b4c,0,1,-2.359375,1.9765625,0.012920473039078976,0.9870795269609209,1.6233417937735843,dann_matched,banglasarc3_binary+ben_sarc_binary,banglasarc3_binary,2024
cc32b357f5c62cf0,1,0,2.203125,-1.4921875,0.9757623652873698,0.024237634712630244,1.6233417937735843,dann_matched,banglasarc3_binary+ben_sarc_binary,banglasarc3_binary,2024
a82a7beb318bc95f,0,0,1.6015625,-0.9140625,0.9252299570920387,0.07477004290796138,1.6233417937735843,dann_matched,banglasarc3_binary+ben_sarc_binary,banglasarc3_binary,2024
4269510b20e3a78d,0,1,-0.27148438,0.609375,0.2929997269500959,0.7070002730499041,1.6233417937735843,dann_matched,banglasarc3_binary+ben_sarc_binary,banglasarc3_binary,2024
af7a5887ba75ec02,1,1,-0.49609375,0.671875,0.2372223384883484,0.7627776615116516,1.6233417937735843,dann_matched,banglasarc3_binary+ben_sarc_binary,banglasarc3_binary,2024
ff7092e064f5e7f0,0,0,2.15625,-1.34375,0.9706877692486436,0.029312230751356316,1.6233417937735843,dann_matched,banglasarc3_binary+ben_sarc_binary,banglasarc3_binary,2024
bd75e40f2d1c3973,1,1,-1.2890625,1.2734375,0.07159119944455247,0.9284088005554476,1.6233417937735843,dann_matched,banglasarc3_binary+ben_sarc_binary,banglasarc3_binary,2024
55361b7e5b2475c1,1,1,-1.59375,1.5625,0.040845715909949315,0.9591542840900507,1.6233417937735843,dann_matched,banglasarc3_binary+ben_sarc_binary,banglasarc3_binary,2024
f478ea328fe5ce48,1,1,-0.27148438,0.6640625,0.2818007300830946,0.7181992699169054,1.6233417937735843,dann_matched,banglasarc3_binary+ben_sarc_binary,banglasarc3_binary,2024
5a05491d31008062,0,0,2.1875,-1.4921875,0.975390071374038,0.024609928625961945,1.6233417937735843,dann_matched,banglasarc3_binary+ben_sarc_binary,banglasarc3_binary,2024
ae0fcdf8d0676f03,0,0,2.71875,-2.09375,0.9919380084717284,0.008061991528271641,1.6233417937735843,dann_matched,banglasarc3_binary+ben_sarc_binary,banglasarc3_binary,2024
1473977d7b8985e5,0,0,2.078125,-1.3203125,0.9676556676188429,0.032344332381157095,1.6233417937735843,dann_matched,banglasarc3_binary+ben_sarc_binary,banglasarc3_binary,2024
880392a54d0ebe3e,0,0,2.640625,-1.84375,0.988841968751916,0.011158031248084033,1.6233417937735843,dann_matched,banglasarc3_binary+ben_sarc_binary,banglasarc3_binary,2024
a8d6ffd7233218d9,0,1,-0.66015625,0.83984375,0.18242552380635632,0.8175744761936437,1.6233417937735843,dann_matched,banglasarc3_binary+ben_sarc_binary,banglasarc3_binary,2024
532a79af0df6317b,1,1,-0.6796875,0.8984375,0.17106119167858438,0.8289388083214156,1.6233417937735843,dann_matched,banglasarc3_binary+ben_sarc_binary,banglasarc3_binary,2024
e67ce7d008308e4f,1,0,1.1015625,-0.8515625,0.8757869916479466,0.1242130083520534,1.6233417937735843,dann_matched,banglasarc3_binary+ben_sarc_binary,banglasarc3_binary,2024
d7578006b9f26c23,1,1,-0.46679688,0.79296875,0.22101424120975285,0.7789857587902472,1.6233417937735843,dann_matched,banglasarc3_binary+ben_sarc_binary,banglasarc3_binary,2024
714a136f278f7f6d,1,1,-0.5625,0.828125,0.19930799790404563,0.8006920020959544,1.6233417937735843,dann_matched,banglasarc3_binary+ben_sarc_binary,banglasarc3_binary,2024
cb7574a7cdfb2600,0,1,-0.8359375,1.0,0.13753246610186087,0.8624675338981391,1.6233417937735843,dann_matched,banglasarc3_binary+ben_sarc_binary,banglasarc3_binary,2024
539200a378d20681,0,0,0.89453125,-0.30664062,0.7687331879426154,0.23126681205738467,1.6233417937735843,dann_matched,banglasarc3_binary+ben_sarc_binary,banglasarc3_binary,2024
9d4e9c774780337b,1,0,1.625,-0.953125,0.9294404038127071,0.07055959618729296,1.6233417937735843,dann_matched,banglasarc3_binary+ben_sarc_binary,banglasarc3_binary,2024
d19183e0c68495fe,0,0,1.1875,-0.6640625,0.8643104540313907,0.13568954596860924,1.6233417937735843,dann_matched,banglasarc3_binary+ben_sarc_binary,banglasarc3_binary,2024
e727d555b9906254,0,0,1.453125,-0.828125,0.9073122213606241,0.09268777863937604,1.6233417937735843,dann_matched,banglasarc3_binary+ben_sarc_binary,banglasarc3_binary,2024
560326443dd5a61f,1,0,0.95703125,-0.4453125,0.8025555428951934,0.19744445710480676,1.6233417937735843,dann_matched,banglasarc3_binary+ben_sarc_binary,banglasarc3_binary,2024
3a356b90dc52db7a,0,1,-0.9765625,1.1171875,0.10970577387797074,0.8902942261220291,1.6233417937735843,dann_matched,banglasarc3_binary+ben_sarc_binary,banglasarc3_binary,2024
10315d34cdace8c1,0,0,0.3828125,0.15722656,0.5561585317565847,0.4438414682434153,1.6233417937735843,dann_matched,banglasarc3_binary+ben_sarc_binary,banglasarc3_binary,2024
5b040037fd3ecdae,1,1,-1.8515625,1.6796875,0.02843603304485266,0.9715639669551474,1.6233417937735843,dann_matched,banglasarc3_binary+ben_sarc_binary,banglasarc3_binary,2024
586f5d207285bf27,0,0,0.73828125,-0.19042969,0.7168136894935327,0.28318631050646725,1.6233417937735843,dann_matched,banglasarc3_binary+ben_sarc_binary,banglasarc3_binary,2024
11319ec3cf94ef20,0,0,2.9375,-2.171875,0.9939964042034285,0.00600359579657149,1.6233417937735843,dann_matched,banglasarc3_binary+ben_sarc_binary,banglasarc3_binary,2024
69fbdf73ddc7be78,1,1,-0.67578125,0.91796875,0.16885695214168314,0.8311430478583168,1.6233417937735843,dann_matched,banglasarc3_binary+ben_sarc_binary,banglasarc3_binary,2024
757ab3d1fca46e3c,1,1,-1.6171875,1.390625,0.04707417582102406,0.9529258241789759,1.6233417937735843,dann_matched,banglasarc3_binary+ben_sarc_binary,banglasarc3_binary,2024
a39c5cc8dcf7f753,0,0,2.59375,-1.8984375,0.9889278398167658,0.011072160183234295,1.6233417937735843,dann_matched,banglasarc3_binary+ben_sarc_binary,banglasarc3_binary,2024
ba0d8b695ca6ef05,0,1,-0.2421875,0.6875,0.28298811828270554,0.7170118817172945,1.6233417937735843,dann_matched,banglasarc3_binary+ben_sarc_binary,banglasarc3_binary,2024
7e976976fd12e611,0,0,1.453125,-0.72265625,0.8980534791726937,0.10194652082730637,1.6233417937735843,dann_matched,banglasarc3_binary+ben_sarc_binary,banglasarc3_binary,2024
177bf85b5ddcbb0b,1,0,0.51171875,0.064453125,0.6099889154581032,0.3900110845418967,1.6233417937735843,dann_matched,banglasarc3_binary+ben_sarc_binary,banglasarc3_binary,2024
6d78d071878ac3d1,1,1,-1.15625,1.1640625,0.08945460216888064,0.9105453978311193,1.6233417937735843,dann_matched,banglasarc3_binary+ben_sarc_binary,banglasarc3_binary,2024
c85c38b6528754b8,1,0,1.15625,-0.35351562,0.8190264698879778,0.18097353011202233,1.6233417937735843,dann_matched,banglasarc3_binary+ben_sarc_binary,banglasarc3_binary,2024
90dbb76ac473a400,1,1,-0.5546875,0.82421875,0.20118471823927994,0.79881528176072,1.6233417937735843,dann_matched,banglasarc3_binary+ben_sarc_binary,banglasarc3_binary,2024
63c48593140100b8,0,0,2.578125,-1.796875,0.9875683491468141,0.012431650853185818,1.6233417937735843,dann_matched,banglasarc3_binary+ben_sarc_binary,banglasarc3_binary,2024
aff3807e81a949e8,0,0,2.5625,-1.7578125,0.986878728873449,0.013121271126550956,1.6233417937735843,dann_matched,banglasarc3_binary+ben_sarc_binary,banglasarc3_binary,2024
2a1a90955017061c,1,1,-1.3828125,1.34375,0.06142404005467019,0.9385759599453297,1.6233417937735843,dann_matched,banglasarc3_binary+ben_sarc_binary,banglasarc3_binary,2024
8ba3ce83e1b38636,0,0,2.90625,-2.09375,0.9933071490757153,0.006692850924284856,1.6233417937735843,dann_matched,banglasarc3_binary+ben_sarc_binary,banglasarc3_binary,2024
b6a150e585a90815,1,0,1.9921875,-1.3125,0.9645892699236761,0.03541073007632382,1.6233417937735843,dann_matched,banglasarc3_binary+ben_sarc_binary,banglasarc3_binary,2024
e7f847b226aac07c,0,0,2.5,-1.859375,0.9873750507184357,0.012624949281564409,1.6233417937735843,dann_matched,banglasarc3_binary+ben_sarc_binary,banglasarc3_binary,2024
dddd46a1f7d0d0f0,1,1,-0.515625,0.875,0.19930799790404563,0.8006920020959544,1.6233417937735843,dann_matched,banglasarc3_binary+ben_sarc_binary,banglasarc3_binary,2024
1bffdb75712cd569,0,0,0.44140625,0.16210938,0.5693738350552698,0.4306261649447302,1.6233417937735843,dann_matched,banglasarc3_binary+ben_sarc_binary,banglasarc3_binary,2024
2ab62d60d1d4472e,1,0,0.2734375,0.16699219,0.5265862296930222,0.47341377030697784,1.6233417937735843,dann_matched,banglasarc3_binary+ben_sarc_binary,banglasarc3_binary,2024
8fc93f04e6590154,1,0,0.3203125,0.14257812,0.5443169924599129,0.45568300754008706,1.6233417937735843,dann_matched,banglasarc3_binary+ben_sarc_binary,banglasarc3_binary,2024
86de20b950da2d3c,0,1,-1.96875,1.8359375,0.021781171331499802,0.9782188286685003,1.6233417937735843,dann_matched,banglasarc3_binary+ben_sarc_binary,banglasarc3_binary,2024
5621eac1c37b8431,0,0,2.453125,-1.96875,0.9881308789536605,0.011869121046339474,1.6233417937735843,dann_matched,banglasarc3_binary+ben_sarc_binary,banglasarc3_binary,2024
837aaea86232ce70,1,1,-1.0234375,1.0625,0.11047115389487247,0.8895288461051276,1.6233417937735843,dann_matched,banglasarc3_binary+ben_sarc_binary,banglasarc3_binary,2024
f99f7e89824b6612,0,0,3.328125,-2.796875,0.9978172835546547,0.0021827164453451808,1.6233417937735843,dann_matched,banglasarc3_binary+ben_sarc_binary,banglasarc3_binary,2024
f398263b812de4fc,0,0,2.0625,-1.3828125,0.9690910414827888,0.030908958517211163,1.6233417937735843,dann_matched,banglasarc3_binary+ben_sarc_binary,banglasarc3_binary,2024
f933964e1386abbc,1,0,2.40625,-1.7265625,0.9842154389261902,0.015784561073809773,1.6233417937735843,dann_matched,banglasarc3_binary+ben_sarc_binary,banglasarc3_binary,2024
29429b72289fcd40,0,1,-0.06201172,0.45898438,0.3726193431682749,0.6273806568317251,1.6233417937735843,dann_matched,banglasarc3_binary+ben_sarc_binary,banglasarc3_binary,2024
065cb8d51b12f79a,0,1,-1.0546875,1.1484375,0.09947021388210707,0.9005297861178929,1.6233417937735843,dann_matched,banglasarc3_binary+ben_sarc_binary,banglasarc3_binary,2024
238ed849caf48da2,0,0,2.46875,-1.78125,0.9859363729567544,0.014063627043245474,1.6233417937735843,dann_matched,banglasarc3_binary+ben_sarc_binary,banglasarc3_binary,2024
e6879d34059ffd78,1,0,0.6484375,-0.13574219,0.6865802324109352,0.3134197675890647,1.6233417937735843,dann_matched,banglasarc3_binary+ben_sarc_binary,banglasarc3_binary,2024
e1920815e63fd77c,1,1,-1.9765625,1.7734375,0.02297736991002561,0.9770226300899744,1.6233417937735843,dann_matched,banglasarc3_binary+ben_sarc_binary,banglasarc3_binary,2024
9d6102939ae27963,1,1,0.15527344,0.31445312,0.4602888933099986,0.5397111066900013,1.6233417937735843,dann_matched,banglasarc3_binary+ben_sarc_binary,banglasarc3_binary,2024
7cf8d62bc548f981,1,1,-0.27929688,0.5625,0.30115647636690435,0.6988435236330957,1.6233417937735843,dann_matched,banglasarc3_binary+ben_sarc_binary,banglasarc3_binary,2024
3dedb7824bbf60be,0,1,-0.044677734,0.49414062,0.36846250477773507,0.6315374952222649,1.6233417937735843,dann_matched,banglasarc3_binary+ben_sarc_binary,banglasarc3_binary,2024
7168d49fd7747b74,0,0,2.125,-1.3671875,0.9704646607088951,0.029535339291104773,1.6233417937735843,dann_matched,banglasarc3_binary+ben_sarc_binary,banglasarc3_binary,2024
85cf586fc25418e3,0,0,0.53515625,0.055664062,0.6176279550742637,0.3823720449257363,1.6233417937735843,dann_matched,banglasarc3_binary+ben_sarc_binary,banglasarc3_binary,2024
b4853c23f7a9f71d,0,0,1.5390625,-0.8046875,0.9124361604769414,0.08756383952305867,1.6233417937735843,dann_matched,banglasarc3_binary+ben_sarc_binary,banglasarc3_binary,2024
b577521aba23e9a6,1,0,1.4921875,-0.859375,0.9130583432721083,0.08694165672789168,1.6233417937735843,dann_matched,banglasarc3_binary+ben_sarc_binary,banglasarc3_binary,2024
43913a364404a6b7,1,0,0.671875,-0.088378906,0.6814088570454407,0.31859114295455926,1.6233417937735843,dann_matched,banglasarc3_binary+ben_sarc_binary,banglasarc3_binary,2024
98595080b20ded8e,0,1,-0.24414062,0.6796875,0.28417852997461623,0.7158214700253839,1.6233417937735843,dann_matched,banglasarc3_binary+ben_sarc_binary,banglasarc3_binary,2024
e8908d5a70ac67f7,0,0,1.8515625,-1.109375,0.9507778868028013,0.04922211319719861,1.6233417937735843,dann_matched,banglasarc3_binary+ben_sarc_binary,banglasarc3_binary,2024
a92f9901130b2155,0,0,0.40234375,0.16601562,0.5588085759645549,0.44119142403544503,1.6233417937735843,dann_matched,banglasarc3_binary+ben_sarc_binary,banglasarc3_binary,2024
7d6de967d264bd85,0,0,1.2109375,-0.49804688,0.8467045066006443,0.1532954933993558,1.6233417937735843,dann_matched,banglasarc3_binary+ben_sarc_binary,banglasarc3_binary,2024
9837a43eab10dddf,1,1,-1.84375,1.7890625,0.025760559119668493,0.9742394408803315,1.6233417937735843,dann_matched,banglasarc3_binary+ben_sarc_binary,banglasarc3_binary,2024
65319c5414a8306a,0,1,0.23730469,0.2578125,0.49487322655449245,0.5051267734455075,1.6233417937735843,dann_matched,banglasarc3_binary+ben_sarc_binary,banglasarc3_binary,2024
fade48daf673b1f8,0,0,2.1875,-1.4921875,0.975390071374038,0.024609928625961945,1.6233417937735843,dann_matched,banglasarc3_binary+ben_sarc_binary,banglasarc3_binary,2024
866873fff24113c0,1,1,-0.23828125,0.62109375,0.2974699426047947,0.7025300573952054,1.6233417937735843,dann_matched,banglasarc3_binary+ben_sarc_binary,banglasarc3_binary,2024
e3cc36cc8d198224,0,1,-0.64453125,0.83984375,0.184767510648,0.8152324893520001,1.6233417937735843,dann_matched,banglasarc3_binary+ben_sarc_binary,banglasarc3_binary,2024
89c21dd6d937eaff,1,1,-0.84765625,1.015625,0.13432105377342907,0.865678946226571,1.6233417937735843,dann_matched,banglasarc3_binary+ben_sarc_binary,banglasarc3_binary,2024
4b6f29550988601b,0,0,2.75,-1.9375,0.9908743626108194,0.00912563738918052,1.6233417937735843,dann_matched,banglasarc3_binary+ben_sarc_binary,banglasarc3_binary,2024
d975dd69c2f72afd,1,1,-1.609375,1.5703125,0.0399373142069266,0.9600626857930734,1.6233417937735843,dann_matched,banglasarc3_binary+ben_sarc_binary,banglasarc3_binary,2024
877fb7d4cf62f178,1,1,-1.2578125,1.2734375,0.07369626970604846,0.9263037302939515,1.6233417937735843,dann_matched,banglasarc3_binary+ben_sarc_binary,banglasarc3_binary,2024
8e7741f5f6607b4c,1,1,-1.15625,1.1796875,0.08819004480076281,0.9118099551992372,1.6233417937735843,dann_matched,banglasarc3_binary+ben_sarc_binary,banglasarc3_binary,2024
0892c4bec7f40ca2,1,1,-2.03125,1.765625,0.02194825371486785,0.9780517462851323,1.6233417937735843,dann_matched,banglasarc3_binary+ben_sarc_binary,banglasarc3_binary,2024
a2b22017bfba6565,1,1,-0.64453125,0.90234375,0.17553807362342935,0.8244619263765707,1.6233417937735843,dann_matched,banglasarc3_binary+ben_sarc_binary,banglasarc3_binary,2024
f5daae7220a90010,0,0,1.875,-1.21875,0.9566342012360932,0.04336579876390677,1.6233417937735843,dann_matched,banglasarc3_binary+ben_sarc_binary,banglasarc3_binary,2024
0f083853e0116694,1,1,-1.1875,1.2734375,0.07864238118410145,0.9213576188158985,1.6233417937735843,dann_matched,banglasarc3_binary+ben_sarc_binary,banglasarc3_binary,2024
40768fb2acdaf890,0,0,1.03125,-0.37109375,0.8025555428951934,0.19744445710480676,1.6233417937735843,dann_matched,banglasarc3_binary+ben_sarc_binary,banglasarc3_binary,2024
d61c45eabc68eb9b,0,1,-1.515625,1.375,0.05261895334771377,0.9473810466522863,1.6233417937735843,dann_matched,banglasarc3_binary+ben_sarc_binary,banglasarc3_binary,2024
f8966d9f2ebf8a15,1,1,-2.21875,1.8359375,0.01704531725343583,0.9829546827465642,1.6233417937735843,dann_matched,banglasarc3_binary+ben_sarc_binary,banglasarc3_binary,2024
3a91532d913e2c4b,0,0,2.953125,-2.203125,0.994269753485008,0.005730246514992079,1.6233417937735843,dann_matched,banglasarc3_binary+ben_sarc_binary,banglasarc3_binary,2024
701ed1e21508a181,0,0,1.2734375,-0.578125,0.8643104540313907,0.13568954596860924,1.6233417937735843,dann_matched,banglasarc3_binary+ben_sarc_binary,banglasarc3_binary,2024
b4b9460c57fb2ff8,1,1,-1.1875,1.234375,0.08151975597471893,0.9184802440252811,1.6233417937735843,dann_matched,banglasarc3_binary+ben_sarc_binary,banglasarc3_binary,2024
f6ef35c40454d8a9,1,0,0.80078125,-0.21679688,0.7345005791918268,0.26549942080817324,1.6233417937735843,dann_matched,banglasarc3_binary+ben_sarc_binary,banglasarc3_binary,2024
c749254818a2beb4,1,1,-0.7265625,0.890625,0.16559311363082369,0.8344068863691763,1.6233417937735843,dann_matched,banglasarc3_binary+ben_sarc_binary,banglasarc3_binary,2024
a8d95df3867755d7,1,0,0.6640625,-0.16210938,0.6955448850245266,0.30445511497547334,1.6233417937735843,dann_matched,banglasarc3_binary+ben_sarc_binary,banglasarc3_binary,2024
fb125052de8613ad,1,1,-1.390625,1.4375,0.05582314113461443,0.9441768588653856,1.6233417937735843,dann_matched,banglasarc3_binary+ben_sarc_binary,banglasarc3_binary,2024
09a2cced4bee49f7,1,1,-1.4453125,1.296875,0.060529390202538995,0.9394706097974611,1.6233417937735843,dann_matched,banglasarc3_binary+ben_sarc_binary,banglasarc3_binary,2024
8a83d3da7699811c,0,0,1.9765625,-1.234375,0.9612438064128053,0.03875619358719477,1.6233417937735843,dann_matched,banglasarc3_binary+ben_sarc_binary,banglasarc3_binary,2024
3964424aa0d49a56,0,0,0.96484375,-0.33007812,0.7849791024442563,0.21502089755574375,1.6233417937735843,dann_matched,banglasarc3_binary+ben_sarc_binary,banglasarc3_binary,2024
0fa27d4578133779,1,0,1.484375,-0.76171875,0.904313056994317,0.09568694300568312,1.6233417937735843,dann_matched,banglasarc3_binary+ben_sarc_binary,banglasarc3_binary,2024
2a782f9195e8bf56,0,1,-0.6796875,0.89453125,0.17161580696895154,0.8283841930310485,1.6233417937735843,dann_matched,banglasarc3_binary+ben_sarc_binary,banglasarc3_binary,2024
ce572474de1b6dd4,1,1,0.23730469,0.23925781,0.4995117189052204,0.5004882810947796,1.6233417937735843,dann_matched,banglasarc3_binary+ben_sarc_binary,banglasarc3_binary,2024
2b921d548ea4c4df,1,1,-1.5703125,1.484375,0.04501553160023231,0.9549844683997677,1.6233417937735843,dann_matched,banglasarc3_binary+ben_sarc_binary,banglasarc3_binary,2024
8a3dac5169c757dc,1,1,-0.91015625,1.1328125,0.1147647802656337,0.8852352197343663,1.6233417937735843,dann_matched,banglasarc3_binary+ben_sarc_binary,banglasarc3_binary,2024
1dc83e50f7da3618,0,0,0.7734375,-0.11279297,0.7081116615507117,0.29188833844928835,1.6233417937735843,dann_matched,banglasarc3_binary+ben_sarc_binary,banglasarc3_binary,2024
43e4c5caf8ccf8d9,1,0,0.296875,0.18945312,0.5268296737167726,0.47317032628322736,1.6233417937735843,dann_matched,banglasarc3_binary+ben_sarc_binary,banglasarc3_binary,2024
c768491a2e849a34,1,1,-1.359375,1.3046875,0.0651275468396235,0.9348724531603766,1.6233417937735843,dann_matched,banglasarc3_binary+ben_sarc_binary,banglasarc3_binary,2024
d9b9d06a13c83be0,0,0,1.25,-0.55859375,0.8591918303320635,0.14080816966793647,1.6233417937735843,dann_matched,banglasarc3_binary+ben_sarc_binary,banglasarc3_binary,2024
6bac0560c62a5092,1,1,0.087890625,0.34960938,0.4349412484136216,0.5650587515863784,1.6233417937735843,dann_matched,banglasarc3_binary+ben_sarc_binary,banglasarc3_binary,2024
77eefbc8cad52155,0,0,2.28125,-1.5703125,0.9791955100493928,0.020804489950607352,1.6233417937735843,dann_matched,banglasarc3_binary+ben_sarc_binary,banglasarc3_binary,2024
61341c4de44d2405,1,0,0.47070312,0.14550781,0.580589865192874,0.4194101348071259,1.6233417937735843,dann_matched,banglasarc3_binary+ben_sarc_binary,banglasarc3_binary,2024
cd6e8a914163a6ff,0,1,0.24707031,0.265625,0.4953614612025339,0.5046385387974661,1.6233417937735843,dann_matched,banglasarc3_binary+ben_sarc_binary,banglasarc3_binary,2024
81087120efb6f7bd,0,0,2.546875,-1.7265625,0.9862576795040977,0.01374232049590237,1.6233417937735843,dann_matched,banglasarc3_binary+ben_sarc_binary,banglasarc3_binary,2024
467d95865670a7c7,0,0,0.546875,0.029907227,0.626438457404408,0.37356154259559204,1.6233417937735843,dann_matched,banglasarc3_binary+ben_sarc_binary,banglasarc3_binary,2024
a061508d9f7523b5,1,0,2.609375,-1.78125,0.9877587247081928,0.012241275291807161,1.6233417937735843,dann_matched,banglasarc3_binary+ben_sarc_binary,banglasarc3_binary,2024
cf0096f6a70cc1c1,1,1,-2.140625,1.859375,0.017986209962091555,0.9820137900379085,1.6233417937735843,dann_matched,banglasarc3_binary+ben_sarc_binary,banglasarc3_binary,2024
2038f5084e716133,0,1,-0.22753906,0.5546875,0.3138402093753312,0.6861597906246689,1.6233417937735843,dann_matched,banglasarc3_binary+ben_sarc_binary,banglasarc3_binary,2024
40e021231f9b1641,0,0,2.625,-1.8671875,0.9889278398167658,0.011072160183234295,1.6233417937735843,dann_matched,banglasarc3_binary+ben_sarc_binary,banglasarc3_binary,2024
2416d3cb16cd9c24,1,1,-1.65625,1.5859375,0.03760863550580657,0.9623913644941934,1.6233417937735843,dann_matched,banglasarc3_binary+ben_sarc_binary,banglasarc3_binary,2024
c8d7de7cf70fcf2b,0,1,-0.14453125,0.546875,0.3337203189792143,0.6662796810207858,1.6233417937735843,dann_matched,banglasarc3_binary+ben_sarc_binary,banglasarc3_binary,2024
f6314ebda0e9b467,1,1,-0.70703125,0.8671875,0.17161580696895154,0.8283841930310485,1.6233417937735843,dann_matched,banglasarc3_binary+ben_sarc_binary,banglasarc3_binary,2024
6062c09c444e211f,1,0,1.625,-1.0078125,0.9329437130748804,0.06705628692511957,1.6233417937735843,dann_matched,banglasarc3_binary+ben_sarc_binary,banglasarc3_binary,2024
4adaf7a44c6d430f,1,0,0.6484375,-0.22363281,0.7051763042826238,0.2948236957173762,1.6233417937735843,dann_matched,banglasarc3_binary+ben_sarc_binary,banglasarc3_binary,2024
a5bb573405980a25,1,1,-0.58203125,0.83203125,0.19559408410649906,0.804405915893501,1.6233417937735843,dann_matched,banglasarc3_binary+ben_sarc_binary,banglasarc3_binary,2024
44fc54763842d3f4,1,1,-1.8828125,1.734375,0.02615561835382285,0.9738443816461771,1.6233417937735843,dann_matched,banglasarc3_binary+ben_sarc_binary,banglasarc3_binary,2024
64ad5df98a085346,0,1,-0.39257812,0.7109375,0.24908175189735485,0.7509182481026451,1.6233417937735843,dann_matched,banglasarc3_binary+ben_sarc_binary,banglasarc3_binary,2024
d3b2db834378679a,0,0,2.109375,-1.3671875,0.9700134939339985,0.029986506066001513,1.6233417937735843,dann_matched,banglasarc3_binary+ben_sarc_binary,banglasarc3_binary,2024
411964e4c9aadb31,0,0,1.2421875,-0.6484375,0.8688267762381844,0.13117322376181567,1.6233417937735843,dann_matched,banglasarc3_binary+ben_sarc_binary,banglasarc3_binary,2024
9d3774289ff1c6b7,1,1,-0.45507812,0.72265625,0.23545980614330655,0.7645401938566934,1.6233417937735843,dann_matched,banglasarc3_binary+ben_sarc_binary,banglasarc3_binary,2024
7799f6cae337598c,0,0,1.140625,-0.625,0.8539127529517043,0.14608724704829565,1.6233417937735843,dann_matched,banglasarc3_binary+ben_sarc_binary,banglasarc3_binary,2024
211c6d38bfbe7b02,0,0,0.39453125,0.06738281,0.5810653864312327,0.41893461356876716,1.6233417937735843,dann_matched,banglasarc3_binary+ben_sarc_binary,banglasarc3_binary,2024
3cff9f15c3baf42c,1,1,0.26171875,0.29101562,0.49267630507398813,0.5073236949260119,1.6233417937735843,dann_matched,banglasarc3_binary+ben_sarc_binary,banglasarc3_binary,2024
9c18cf645a2b92f4,1,1,-0.8515625,1.03125,0.13206615786963916,0.8679338421303608,1.6233417937735843,dann_matched,banglasarc3_binary+ben_sarc_binary,banglasarc3_binary,2024
0b45893ebd275e93,0,0,2.90625,-2.40625,0.9950945942942779,0.004905405705722035,1.6233417937735843,dann_matched,banglasarc3_binary+ben_sarc_binary,banglasarc3_binary,2024
e5026d6cb3802c30,1,1,-1.1640625,1.296875,0.07864238118410145,0.9213576188158985,1.6233417937735843,dann_matched,banglasarc3_binary+ben_sarc_binary,banglasarc3_binary,2024
6aaf9704fc1bdef0,0,1,-0.5546875,0.7578125,0.21206880435710532,0.7879311956428947,1.6233417937735843,dann_matched,banglasarc3_binary+ben_sarc_binary,banglasarc3_binary,2024
81a1f43037e1cac1,1,1,-1.4296875,1.3515625,0.05834584061168106,0.941654159388319,1.6233417937735843,dann_matched,banglasarc3_binary+ben_sarc_binary,banglasarc3_binary,2024
7fb0bd6317330d4d,1,0,0.43164062,0.14160156,0.5720056960513743,0.42799430394862575,1.6233417937735843,dann_matched,banglasarc3_binary+ben_sarc_binary,banglasarc3_binary,2024
02520a874eae112e,1,1,-1.0546875,1.1171875,0.10230470789265303,0.8976952921073469,1.6233417937735843,dann_matched,banglasarc3_binary+ben_sarc_binary,banglasarc3_binary,2024
a5ce9ddbfc286430,0,1,-0.56640625,0.85546875,0.19436781101874467,0.8056321889812553,1.6233417937735843,dann_matched,banglasarc3_binary+ben_sarc_binary,banglasarc3_binary,2024
f0dad52b23c7b1b2,0,0,2.921875,-2.203125,0.9940889311437562,0.005911068856243796,1.6233417937735843,dann_matched,banglasarc3_binary+ben_sarc_binary,banglasarc3_binary,2024
552cb5e4af89f7b4,1,1,-1.015625,1.078125,0.10970577387797074,0.8902942261220291,1.6233417937735843,dann_matched,banglasarc3_binary+ben_sarc_binary,banglasarc3_binary,2024
5943a521e3945c92,0,0,2.0,-1.265625,0.9632305339244013,0.036769466075598736,1.6233417937735843,dann_matched,banglasarc3_binary+ben_sarc_binary,banglasarc3_binary,2024
ae9b18fb7ff57a4e,1,1,-0.22753906,0.58984375,0.3063194984008921,0.693680501599108,1.6233417937735843,dann_matched,banglasarc3_binary+ben_sarc_binary,banglasarc3_binary,2024
ff80e0cbcd7c1782,0,0,2.421875,-1.6953125,0.9839708526340988,0.016029147365901317,1.6233417937735843,dann_matched,banglasarc3_binary+ben_sarc_binary,banglasarc3_binary,2024
f1314c540d6527e9,0,0,2.8125,-2.09375,0.9926541734255229,0.007345826574477061,1.6233417937735843,dann_matched,banglasarc3_binary+ben_sarc_binary,banglasarc3_binary,2024
fac42c7ed54d77d8,0,1,-1.3828125,1.5,0.05300977201585542,0.9469902279841446,1.6233417937735843,dann_matched,banglasarc3_binary+ben_sarc_binary,banglasarc3_binary,2024
8658527a6a2a33bf,0,0,1.8828125,-1.140625,0.953621794005189,0.046378205994811086,1.6233417937735843,dann_matched,banglasarc3_binary+ben_sarc_binary,banglasarc3_binary,2024
67575dc5c930b3d1,0,0,1.3984375,-0.64453125,0.8852352197343663,0.1147647802656337,1.6233417937735843,dann_matched,banglasarc3_binary+ben_sarc_binary,banglasarc3_binary,2024
ad380f5058befbd4,1,1,-1.3515625,1.25,0.06903792817479,0.9309620718252101,1.6233417937735843,dann_matched,banglasarc3_binary+ben_sarc_binary,banglasarc3_binary,2024
392a0ef4d44c3c73,1,0,0.53125,0.0053710938,0.6285214204687661,0.3714785795312338,1.6233417937735843,dann_matched,banglasarc3_binary+ben_sarc_binary,banglasarc3_binary,2024
d6bafb1cda6b4f80,1,1,-1.75,1.703125,0.030675801710674105,0.9693241982893259,1.6233417937735843,dann_matched,banglasarc3_binary+ben_sarc_binary,banglasarc3_binary,2024
809d83f7454be9cd,1,1,-0.9140625,1.09375,0.1183850968071675,0.8816149031928324,1.6233417937735843,dann_matched,banglasarc3_binary+ben_sarc_binary,banglasarc3_binary,2024
a7ecaf79eb5d5fb9,1,1,-0.84375,1.125,0.12252321251815919,0.8774767874818407,1.6233417937735843,dann_matched,banglasarc3_binary+ben_sarc_binary,banglasarc3_binary,2024
16902334d4aac003,0,0,0.875,-0.19628906,0.7448419825671565,0.2551580174328434,1.6233417937735843,dann_matched,banglasarc3_binary+ben_sarc_binary,banglasarc3_binary,2024
051f1b25aad139f0,1,0,0.70703125,-0.2890625,0.7302898704283038,0.2697101295716962,1.6233417937735843,dann_matched,banglasarc3_binary+ben_sarc_binary,banglasarc3_binary,2024
74628967f465b267,0,0,1.1171875,-0.49804688,0.8341368428246111,0.1658631571753889,1.6233417937735843,dann_matched,banglasarc3_binary+ben_sarc_binary,banglasarc3_binary,2024
32b5e23e297c895c,1,1,-0.98828125,1.125,0.1078126399606749,0.8921873600393251,1.6233417937735843,dann_matched,banglasarc3_binary+ben_sarc_binary,banglasarc3_binary,2024
78a8f1d91019c411,0,1,-0.67578125,0.89453125,0.17217184695139578,0.8278281530486042,1.6233417937735843,dann_matched,banglasarc3_binary+ben_sarc_binary,banglasarc3_binary,2024
6bbdac83cbe8ed55,1,0,0.62890625,0.05810547,0.6389479307034645,0.36105206929653555,1.6233417937735843,dann_matched,banglasarc3_binary+ben_sarc_binary,banglasarc3_binary,2024
505144aeff25d610,0,0,3.265625,-2.578125,0.9971104189822263,0.002889581017773627,1.6233417937735843,dann_matched,banglasarc3_binary+ben_sarc_binary,banglasarc3_binary,2024
514e7229ecf5d2fe,1,1,-0.33398438,0.79296875,0.24472382910998208,0.755276170890018,1.6233417937735843,dann_matched,banglasarc3_binary+ben_sarc_binary,banglasarc3_binary,2024
97ff4666ec5e9f65,0,0,1.765625,-1.1875,0.9504109770159683,0.04958902298403175,1.6233417937735843,dann_matched,banglasarc3_binary+ben_sarc_binary,banglasarc3_binary,2024
7cb9734d271aa603,1,1,0.17773438,0.2109375,0.49169998126390513,0.5083000187360949,1.6233417937735843,dann_matched,banglasarc3_binary+ben_sarc_binary,banglasarc3_binary,2024
895b32d6f531e8d6,0,1,-1.8046875,1.609375,0.03185885568604046,0.9681411443139596,1.6233417937735843,dann_matched,banglasarc3_binary+ben_sarc_binary,banglasarc3_binary,2024
b1a4b29882b6c492,0,1,0.23632812,0.31640625,0.4799911598415775,0.5200088401584225,1.6233417937735843,dann_matched,banglasarc3_binary+ben_sarc_binary,banglasarc3_binary,2024
0dc4897d46949237,0,0,2.109375,-1.8046875,0.9804313244446876,0.01956867555531235,1.6233417937735843,dann_matched,banglasarc3_binary+ben_sarc_binary,banglasarc3_binary,2024
c3b7103111f141a1,1,1,-1.109375,1.21875,0.08882029240011771,0.9111797075998822,1.6233417937735843,dann_matched,banglasarc3_binary+ben_sarc_binary,banglasarc3_binary,2024
ec3e49aee99d8f7a,1,1,-0.765625,1.0390625,0.1412814160007008,0.8587185839992991,1.6233417937735843,dann_matched,banglasarc3_binary+ben_sarc_binary,banglasarc3_binary,2024
992c3932d484ad9a,0,1,-0.8046875,0.9609375,0.14608724704829565,0.8539127529517043,1.6233417937735843,dann_matched,banglasarc3_binary+ben_sarc_binary,banglasarc3_binary,2024
c5bd12f82a343358,1,1,-0.484375,0.765625,0.22270013882530884,0.7772998611746911,1.6233417937735843,dann_matched,banglasarc3_binary+ben_sarc_binary,banglasarc3_binary,2024
3ea7fe33caac8580,0,0,3.046875,-2.5625,0.9963500129687901,0.003649987031209837,1.6233417937735843,dann_matched,banglasarc3_binary+ben_sarc_binary,banglasarc3_binary,2024
33a5e06ca430c8f1,0,0,1.3515625,-0.6953125,0.8856314738181876,0.1143685261818125,1.6233417937735843,dann_matched,banglasarc3_binary+ben_sarc_binary,banglasarc3_binary,2024
0e1ca87b75e07a22,0,1,-1.390625,1.3984375,0.05791808743947446,0.9420819125605256,1.6233417937735843,dann_matched,banglasarc3_binary+ben_sarc_binary,banglasarc3_binary,2024
d8fee321b4621b14,1,0,0.3046875,0.20898438,0.5239075364321438,0.47609246356785623,1.6233417937735843,dann_matched,banglasarc3_binary+ben_sarc_binary,banglasarc3_binary,2024
00c1732e4277e2ff,1,1,-1.21875,1.3203125,0.07316472140562331,0.9268352785943768,1.6233417937735843,dann_matched,banglasarc3_binary+ben_sarc_binary,banglasarc3_binary,2024
fbce076f3a151066,1,1,-1.3828125,1.296875,0.06418264360901972,0.9358173563909802,1.6233417937735843,dann_matched,banglasarc3_binary+ben_sarc_binary,banglasarc3_binary,2024
dbbbd3567edaaf38,0,0,0.8046875,-0.21386719,0.7346909745190238,0.2653090254809762,1.6233417937735843,dann_matched,banglasarc3_binary+ben_sarc_binary,banglasarc3_binary,2024
4ac1dba701f4fda5,1,1,-0.8515625,1.046875,0.13028542074923347,0.8697145792507666,1.6233417937735843,dann_matched,banglasarc3_binary+ben_sarc_binary,banglasarc3_binary,2024
a13bde6d3c5bb87a,0,0,1.875,-1.1796875,0.9549844683997677,0.04501553160023231,1.6233417937735843,dann_matched,banglasarc3_binary+ben_sarc_binary,banglasarc3_binary,2024
9f92c9c63ab16ba9,1,1,-1.3203125,1.3515625,0.06465348835622392,0.9353465116437761,1.6233417937735843,dann_matched,banglasarc3_binary+ben_sarc_binary,banglasarc3_binary,2024
e70632ab44b95d37,1,1,-0.21386719,0.49609375,0.3296074716331437,0.6703925283668563,1.6233417937735843,dann_matched,banglasarc3_binary+ben_sarc_binary,banglasarc3_binary,2024
e1e95dc7d5fd4fe7,0,1,-0.040283203,0.37695312,0.397178261308638,0.602821738691362,1.6233417937735843,dann_matched,banglasarc3_binary+ben_sarc_binary,banglasarc3_binary,2024
cf43563beef479bd,1,0,1.015625,-0.3828125,0.801935826331075,0.19806417366892506,1.6233417937735843,dann_matched,banglasarc3_binary+ben_sarc_binary,banglasarc3_binary,2024
9f9b2bac0fb579a1,1,1,-0.57421875,0.6953125,0.21933750491760287,0.780662495082397,1.6233417937735843,dann_matched,banglasarc3_binary+ben_sarc_binary,banglasarc3_binary,2024
64261898e8263c33,0,0,2.125,-1.421875,0.9719924793940118,0.02800752060598813,1.6233417937735843,dann_matched,banglasarc3_binary+ben_sarc_binary,banglasarc3_binary,2024
2584524d390cdfab,1,1,-1.7734375,1.5390625,0.03514484640079327,0.9648551535992067,1.6233417937735843,dann_matched,banglasarc3_binary+ben_sarc_binary,banglasarc3_binary,2024
257a7560d1ab7c7e,0,1,-0.9296875,1.125,0.11357959169117389,0.8864204083088262,1.6233417937735843,dann_matched,banglasarc3_binary+ben_sarc_binary,banglasarc3_binary,2024
2f14c0092aa7ca57,1,1,-1.2421875,1.2890625,0.07369626970604846,0.9263037302939515,1.6233417937735843,dann_matched,banglasarc3_binary+ben_sarc_binary,banglasarc3_binary,2024
342881c8a15bad16,0,0,1.0703125,-0.41796875,0.8158201574546557,0.1841798425453443,1.6233417937735843,dann_matched,banglasarc3_binary+ben_sarc_binary,banglasarc3_binary,2024
43f923ef5eb8a6f5,0,0,1.921875,-1.1953125,0.9575961713681533,0.04240382863184672,1.6233417937735843,dann_matched,banglasarc3_binary+ben_sarc_binary,banglasarc3_binary,2024
ee6f09f058aef096,1,0,0.76953125,-0.17675781,0.7203682664974054,0.27963173350259457,1.6233417937735843,dann_matched,banglasarc3_binary+ben_sarc_binary,banglasarc3_binary,2024
923b266511af9ccd,1,1,-1.4609375,1.453125,0.05146276543260743,0.9485372345673925,1.6233417937735843,dann_matched,banglasarc3_binary+ben_sarc_binary,banglasarc3_binary,2024
405b3d840ad271a8,0,0,1.0859375,-0.50390625,0.8305941186502768,0.16940588134972326,1.6233417937735843,dann_matched,banglasarc3_binary+ben_sarc_binary,banglasarc3_binary,2024
dab992c0f3dc01a0,0,0,0.99609375,-0.33789062,0.7914989334100753,0.20850106658992473,1.6233417937735843,dann_matched,banglasarc3_binary+ben_sarc_binary,banglasarc3_binary,2024
667af3eb14934a3e,0,0,3.28125,-2.578125,0.9971550903350206,0.0028449096649795012,1.6233417937735843,dann_matched,banglasarc3_binary+ben_sarc_binary,banglasarc3_binary,2024
b564fa9b23515ed0,1,1,-1.6796875,1.546875,0.03817827426156642,0.9618217257384336,1.6233417937735843,dann_matched,banglasarc3_binary+ben_sarc_binary,banglasarc3_binary,2024
66d2aff5fc2e61bc,0,0,2.859375,-2.171875,0.9935117304033434,0.006488269596656705,1.6233417937735843,dann_matched,banglasarc3_binary+ben_sarc_binary,banglasarc3_binary,2024
d3a8233595cb8024,0,0,2.75,-2.046875,0.9918120900983038,0.008187909901696235,1.6233417937735843,dann_matched,banglasarc3_binary+ben_sarc_binary,banglasarc3_binary,2024
1d769f0a19572287,1,1,-1.1015625,1.1640625,0.09401017961657226,0.9059898203834277,1.6233417937735843,dann_matched,banglasarc3_binary+ben_sarc_binary,banglasarc3_binary,2024
3fee32aadfaf6383,0,0,2.59375,-1.8359375,0.9882221573114803,0.011777842688519623,1.6233417937735843,dann_matched,banglasarc3_binary+ben_sarc_binary,banglasarc3_binary,2024
114b54f8ea927149,1,1,0.048095703,0.24804688,0.45017808848708,0.5498219115129199,1.6233417937735843,dann_matched,banglasarc3_binary+ben_sarc_binary,banglasarc3_binary,2024
f8e88475333512af,1,1,-0.41015625,0.6484375,0.25757828260159127,0.7424217173984088,1.6233417937735843,dann_matched,banglasarc3_binary+ben_sarc_binary,banglasarc3_binary,2024
7a2afdf85b0e4a57,1,1,-0.33984375,0.6796875,0.2651187174073387,0.7348812825926613,1.6233417937735843,dann_matched,banglasarc3_binary+ben_sarc_binary,banglasarc3_binary,2024
92c430c72628f547,0,0,2.0,-1.2890625,0.9640516782107567,0.035948321789243294,1.6233417937735843,dann_matched,banglasarc3_binary+ben_sarc_binary,banglasarc3_binary,2024
26dc21d32e9a6348,1,1,-0.78125,1.0078125,0.1431877021825763,0.8568122978174237,1.6233417937735843,dann_matched,banglasarc3_binary+ben_sarc_binary,banglasarc3_binary,2024
d08da382f5aa6fd6,1,1,-0.66015625,0.83203125,0.18359362263419612,0.8164063773658039,1.6233417937735843,dann_matched,banglasarc3_binary+ben_sarc_binary,banglasarc3_binary,2024
ff9a012f3a431db5,1,0,0.78125,-0.14453125,0.7162186093168913,0.2837813906831087,1.6233417937735843,dann_matched,banglasarc3_binary+ben_sarc_binary,banglasarc3_binary,2024
55386c020543c40f,1,1,-1.453125,1.5234375,0.048496003243956885,0.9515039967560431,1.6233417937735843,dann_matched,banglasarc3_binary+ben_sarc_binary,banglasarc3_binary,2024
017099e7610a6f6c,1,1,0.10839844,0.38085938,0.4323030385075928,0.5676969614924072,1.6233417937735843,dann_matched,banglasarc3_binary+ben_sarc_binary,banglasarc3_binary,2024
f016ba0cc1c77d81,1,0,1.2265625,-0.73046875,0.8762113062841353,0.12378869371586462,1.6233417937735843,dann_matched,banglasarc3_binary+ben_sarc_binary,banglasarc3_binary,2024
bbbc6d295b42948d,0,0,1.46875,-0.86328125,0.9114953379300658,0.08850466206993421,1.6233417937735843,dann_matched,banglasarc3_binary+ben_sarc_binary,banglasarc3_binary,2024
8a6ec5d8b3140bbc,1,1,-0.66796875,0.85546875,0.1789558876900955,0.8210441123099046,1.6233417937735843,dann_matched,banglasarc3_binary+ben_sarc_binary,banglasarc3_binary,2024
52f3e5cbfe71dd90,0,0,2.484375,-1.7578125,0.9858276338086983,0.014172366191301682,1.6233417937735843,dann_matched,banglasarc3_binary+ben_sarc_binary,banglasarc3_binary,2024
6311c3f6e9111661,1,1,-0.60546875,0.8515625,0.18892180778557252,0.8110781922144276,1.6233417937735843,dann_matched,banglasarc3_binary+ben_sarc_binary,banglasarc3_binary,2024
ab531d6915b77591,1,1,-0.60546875,0.90625,0.180684214164803,0.819315785835197,1.6233417937735843,dann_matched,banglasarc3_binary+ben_sarc_binary,banglasarc3_binary,2024
c8d4191a4c0034b0,0,1,-0.8125,0.95703125,0.14560063226034367,0.8543993677396563,1.6233417937735843,dann_matched,banglasarc3_binary+ben_sarc_binary,banglasarc3_binary,2024
78f45826d9c886c2,1,1,-1.0859375,1.1796875,0.09401017961657226,0.9059898203834277,1.6233417937735843,dann_matched,banglasarc3_binary+ben_sarc_binary,banglasarc3_binary,2024
f5080918cb703e26,1,1,-0.90234375,1.0234375,0.12721826766848623,0.8727817323315137,1.6233417937735843,dann_matched,banglasarc3_binary+ben_sarc_binary,banglasarc3_binary,2024
50855678cee37752,0,0,1.71875,-1.0703125,0.9420819125605256,0.05791808743947446,1.6233417937735843,dann_matched,banglasarc3_binary+ben_sarc_binary,banglasarc3_binary,2024
0e861cdeb8d4ab68,1,1,-2.03125,1.8828125,0.01956867555531235,0.9804313244446876,1.6233417937735843,dann_matched,banglasarc3_binary+ben_sarc_binary,banglasarc3_binary,2024
6aa0691388dde3ef,0,0,2.421875,-1.6953125,0.9839708526340988,0.016029147365901317,1.6233417937735843,dann_matched,banglasarc3_binary+ben_sarc_binary,banglasarc3_binary,2024
ac035386ab80b4e6,1,1,-1.2890625,1.28125,0.07107366938018356,0.9289263306198166,1.6233417937735843,dann_matched,banglasarc3_binary+ben_sarc_binary,banglasarc3_binary,2024
e76a1038723dc5eb,1,1,-0.6953125,0.89453125,0.16940588134972326,0.8305941186502768,1.6233417937735843,dann_matched,banglasarc3_binary+ben_sarc_binary,banglasarc3_binary,2024
ff922cbca8785282,1,0,0.87890625,-0.3203125,0.7683857743122923,0.23161422568770776,1.6233417937735843,dann_matched,banglasarc3_binary+ben_sarc_binary,banglasarc3_binary,2024
66a6d7fc7c022153,1,0,1.2265625,-0.6484375,0.8670357598021706,0.13296424019782924,1.6233417937735843,dann_matched,banglasarc3_binary+ben_sarc_binary,banglasarc3_binary,2024
6f920e614b465135,0,1,-0.390625,0.625,0.2658804730998169,0.734119526900183,1.6233417937735843,dann_matched,banglasarc3_binary+ben_sarc_binary,banglasarc3_binary,2024
a3046e4436328bea,1,1,-1.875,1.703125,0.027169231535681047,0.9728307684643189,1.6233417937735843,dann_matched,banglasarc3_binary+ben_sarc_binary,banglasarc3_binary,2024
226afc1f08fe0780,0,0,2.4375,-1.7421875,0.9849273716910543,0.01507262830894569,1.6233417937735843,dann_matched,banglasarc3_binary+ben_sarc_binary,banglasarc3_binary,2024
9924815a000de0cd,0,0,1.8515625,-1.203125,0.9549844683997677,0.04501553160023231,1.6233417937735843,dann_matched,banglasarc3_binary+ben_sarc_binary,banglasarc3_binary,2024
71c861c5ca9ae94c,0,0,2.53125,-1.8046875,0.9870795269609209,0.012920473039078976,1.6233417937735843,dann_matched,banglasarc3_binary+ben_sarc_binary,banglasarc3_binary,2024
9a8af6572f036955,1,0,1.59375,-0.859375,0.9207896758909757,0.07921032410902437,1.6233417937735843,dann_matched,banglasarc3_binary+ben_sarc_binary,banglasarc3_binary,2024
148f42b7e3a77173,1,1,-1.484375,1.2890625,0.05877655584806683,0.9412234441519332,1.6233417937735843,dann_matched,banglasarc3_binary+ben_sarc_binary,banglasarc3_binary,2024
4a3ebc4e56a23695,0,1,-1.5546875,1.3359375,0.05261895334771377,0.9473810466522863,1.6233417937735843,dann_matched,banglasarc3_binary+ben_sarc_binary,banglasarc3_binary,2024
9884f74105725ac3,0,0,1.890625,-1.1484375,0.9543079676184154,0.04569203238158463,1.6233417937735843,dann_matched,banglasarc3_binary+ben_sarc_binary,banglasarc3_binary,2024
bc7aa60f495fb7a9,0,1,-1.3203125,1.4140625,0.06097518086496481,0.9390248191350352,1.6233417937735843,dann_matched,banglasarc3_binary+ben_sarc_binary,banglasarc3_binary,2024
1a19fa077638051f,0,0,3.21875,-2.53125,0.9968273171575148,0.0031726828424851893,1.6233417937735843,dann_matched,banglasarc3_binary+ben_sarc_binary,banglasarc3_binary,2024
bbac56b00ec41b2d,1,0,0.765625,-0.19921875,0.7240905557040317,0.27590944429596825,1.6233417937735843,dann_matched,banglasarc3_binary+ben_sarc_binary,banglasarc3_binary,2024
1ee3ab9f5f73d8e3,0,1,-0.421875,0.7578125,0.2351083892199931,0.7648916107800069,1.6233417937735843,dann_matched,banglasarc3_binary+ben_sarc_binary,banglasarc3_binary,2024
0a70db745aa8febf,1,1,-1.3125,1.34375,0.06560483745906928,0.9343951625409306,1.6233417937735843,dann_matched,banglasarc3_binary+ben_sarc_binary,banglasarc3_binary,2024
a831521b5fade0b4,0,0,2.265625,-1.515625,0.9777138144607745,0.022286185539225494,1.6233417937735843,dann_matched,banglasarc3_binary+ben_sarc_binary,banglasarc3_binary,2024
aee1e0859bd82e49,0,0,2.46875,-1.6796875,0.9844563520692292,0.015543647930770626,1.6233417937735843,dann_matched,banglasarc3_binary+ben_sarc_binary,banglasarc3_binary,2024
14c1d9b31ee9da91,0,0,1.078125,-0.609375,0.8438951025545426,0.1561048974454574,1.6233417937735843,dann_matched,banglasarc3_binary+ben_sarc_binary,banglasarc3_binary,2024
0b3f384c234e0487,1,1,-1.109375,1.21875,0.08882029240011771,0.9111797075998822,1.6233417937735843,dann_matched,banglasarc3_binary+ben_sarc_binary,banglasarc3_binary,2024
ba3b5a884606387b,1,1,0.012451172,0.421875,0.3990502844020601,0.60094971559794,1.6233417937735843,dann_matched,banglasarc3_binary+ben_sarc_binary,banglasarc3_binary,2024
d93424c4b5243f73,0,0,2.515625,-1.9609375,0.988755439279336,0.01124456072066409,1.6233417937735843,dann_matched,banglasarc3_binary+ben_sarc_binary,banglasarc3_binary,2024
b7e8e4540b6277b4,0,0,2.6875,-2.078125,0.991554373058874,0.008445626941126032,1.6233417937735843,dann_matched,banglasarc3_binary+ben_sarc_binary,banglasarc3_binary,2024
dfa9f26844b0493f,1,1,-0.9609375,1.0703125,0.11596071825396677,0.8840392817460332,1.6233417937735843,dann_matched,banglasarc3_binary+ben_sarc_binary,banglasarc3_binary,2024
c63b2cd906f1ec56,1,1,-1.984375,1.7421875,0.023509452407533014,0.9764905475924671,1.6233417937735843,dann_matched,banglasarc3_binary+ben_sarc_binary,banglasarc3_binary,2024
30f04a8c49d82a1e,1,0,1.2578125,-0.5390625,0.8577681049901036,0.1422318950098963,1.6233417937735843,dann_matched,banglasarc3_binary+ben_sarc_binary,banglasarc3_binary,2024
f53841d746ae3cd5,1,0,2.828125,-2.125,0.992988204618503,0.007011795381497108,1.6233417937735843,dann_matched,banglasarc3_binary+ben_sarc_binary,banglasarc3_binary,2024
78b23bee083f3547,0,0,1.65625,-0.9140625,0.9289263306198166,0.07107366938018356,1.6233417937735843,dann_matched,banglasarc3_binary+ben_sarc_binary,banglasarc3_binary,2024
57f53209ea014911,0,0,2.765625,-2.046875,0.9919380084717284,0.008061991528271641,1.6233417937735843,dann_matched,banglasarc3_binary+ben_sarc_binary,banglasarc3_binary,2024
6bfa33ebacfeda42,1,1,-2.03125,1.7890625,0.021450729175489416,0.9785492708245106,1.6233417937735843,dann_matched,banglasarc3_binary+ben_sarc_binary,banglasarc3_binary,2024
188035f94f43d5ab,0,0,3.25,-2.640625,0.9972423776326046,0.002757622367395409,1.6233417937735843,dann_matched,banglasarc3_binary+ben_sarc_binary,banglasarc3_binary,2024
a9c618cbe59ac37d,1,1,-1.84375,1.6640625,0.029090757042564665,0.9709092429574353,1.6233417937735843,dann_matched,banglasarc3_binary+ben_sarc_binary,banglasarc3_binary,2024
b24787eee7829216,0,1,0.17675781,0.32226562,0.46368709393253776,0.5363129060674623,1.6233417937735843,dann_matched,banglasarc3_binary+ben_sarc_binary,banglasarc3_binary,2024
7ef070492a733c38,0,0,1.015625,-0.40625,0.8056321889812553,0.19436781101874467,1.6233417937735843,dann_matched,banglasarc3_binary+ben_sarc_binary,banglasarc3_binary,2024
c367988694c84530,0,0,2.15625,-1.46875,0.9740426428022031,0.02595735719779685,1.6233417937735843,dann_matched,banglasarc3_binary+ben_sarc_binary,banglasarc3_binary,2024
18d391b119c1644a,1,0,2.375,-1.671875,0.9828232909876817,0.017176709012318405,1.6233417937735843,dann_matched,banglasarc3_binary+ben_sarc_binary,banglasarc3_binary,2024
4faab331ced87a08,0,0,1.0703125,-0.390625,0.811676021090197,0.1883239789098031,1.6233417937735843,dann_matched,banglasarc3_binary+ben_sarc_binary,banglasarc3_binary,2024
977b72c19a26ad0b,0,0,3.046875,-2.25,0.9950177302695786,0.004982269730421259,1.6233417937735843,dann_matched,banglasarc3_binary+ben_sarc_binary,banglasarc3_binary,2024
6517e05a5287776b,0,0,1.46875,-0.7421875,0.9012274112476257,0.09877258875237437,1.6233417937735843,dann_matched,banglasarc3_binary+ben_sarc_binary,banglasarc3_binary,2024
ee6dbf89dce4e2bb,1,1,-1.5625,1.578125,0.04146227271140963,0.9585377272885904,1.6233417937735843,dann_matched,banglasarc3_binary+ben_sarc_binary,banglasarc3_binary,2024
ccf32cdc3d0775ad,1,1,-1.421875,1.3828125,0.057071397225397696,0.9429286027746023,1.6233417937735843,dann_matched,banglasarc3_binary+ben_sarc_binary,banglasarc3_binary,2024
4da5e414258db266,0,0,1.7109375,-1.0390625,0.9399133498259924,0.06008665017400762,1.6233417937735843,dann_matched,banglasarc3_binary+ben_sarc_binary,banglasarc3_binary,2024
60ac14a8affe8358,1,1,-1.015625,1.2109375,0.09739039825194779,0.9026096017480523,1.6233417937735843,dann_matched,banglasarc3_binary+ben_sarc_binary,banglasarc3_binary,2024
c82b770796c8cf66,1,1,-1.21875,1.2109375,0.08093670978361556,0.9190632902163844,1.6233417937735843,dann_matched,banglasarc3_binary+ben_sarc_binary,banglasarc3_binary,2024
f5fd2d4cdc3bc132,1,1,-1.7265625,1.578125,0.03541073007632382,0.9645892699236761,1.6233417937735843,dann_matched,banglasarc3_binary+ben_sarc_binary,banglasarc3_binary,2024
94f3c9ec4b1c85a4,1,0,0.6796875,-0.23925781,0.7148271571222505,0.2851728428777495,1.6233417937735843,dann_matched,banglasarc3_binary+ben_sarc_binary,banglasarc3_binary,2024
5a10d03482f58dbf,1,1,-0.875,1.0859375,0.12336562437275558,0.8766343756272444,1.6233417937735843,dann_matched,banglasarc3_binary+ben_sarc_binary,banglasarc3_binary,2024
acbcf17308c9467e,1,1,-1.6640625,1.5703125,0.037892426629607394,0.9621075733703927,1.6233417937735843,dann_matched,banglasarc3_binary+ben_sarc_binary,banglasarc3_binary,2024
efc06bd7dc0335d5,1,1,-1.296875,1.2890625,0.07004896087717674,0.9299510391228232,1.6233417937735843,dann_matched,banglasarc3_binary+ben_sarc_binary,banglasarc3_binary,2024
ed59d0f7934d3996,0,1,-0.64453125,0.8359375,0.18535662781502407,0.8146433721849758,1.6233417937735843,dann_matched,banglasarc3_binary+ben_sarc_binary,banglasarc3_binary,2024
562d6d6d9b6ae4be,1,1,-0.625,0.84375,0.1871326821624266,0.8128673178375735,1.6233417937735843,dann_matched,banglasarc3_binary+ben_sarc_binary,banglasarc3_binary,2024
f32e502d7c88ac0b,1,1,-1.7734375,1.5625,0.03435868933300902,0.965641310666991,1.6233417937735843,dann_matched,banglasarc3_binary+ben_sarc_binary,banglasarc3_binary,2024
8e5d3f2f373f5e29,0,0,1.6875,-1.0234375,0.9376689641180752,0.06233103588192476,1.6233417937735843,dann_matched,banglasarc3_binary+ben_sarc_binary,banglasarc3_binary,2024
9207c873bbd453c3,0,0,2.796875,-2.0,0.9918120900983038,0.008187909901696235,1.6233417937735843,dann_matched,banglasarc3_binary+ben_sarc_binary,banglasarc3_binary,2024
89156813be6db8c4,1,1,-1.125,1.2421875,0.08570927928078063,0.9142907207192192,1.6233417937735843,dann_matched,banglasarc3_binary+ben_sarc_binary,banglasarc3_binary,2024
8b10125a3aa18362,1,0,1.5859375,-0.90234375,0.9233161978167049,0.07668380218329518,1.6233417937735843,dann_matched,banglasarc3_binary+ben_sarc_binary,banglasarc3_binary,2024
1ab10ab51e82c702,0,0,1.2578125,-0.6171875,0.8670357598021706,0.13296424019782924,1.6233417937735843,dann_matched,banglasarc3_binary+ben_sarc_binary,banglasarc3_binary,2024
0c97107ad69abd97,0,0,2.8125,-2.09375,0.9926541734255229,0.007345826574477061,1.6233417937735843,dann_matched,banglasarc3_binary+ben_sarc_binary,banglasarc3_binary,2024
319378441192755c,1,1,0.2421875,0.24316406,0.49975585939440254,0.5002441406055974,1.6233417937735843,dann_matched,banglasarc3_binary+ben_sarc_binary,banglasarc3_binary,2024
da5927d625a7e992,0,1,0.19726562,0.3046875,0.47317032628322736,0.5268296737167726,1.6233417937735843,dann_matched,banglasarc3_binary+ben_sarc_binary,banglasarc3_binary,2024
f948aa239ae79172,0,0,2.046875,-1.296875,0.9658995742876885,0.03410042571231151,1.6233417937735843,dann_matched,banglasarc3_binary+ben_sarc_binary,banglasarc3_binary,2024
b98ee8eae2d4d6c2,1,1,-1.9140625,1.59375,0.029090757042564665,0.9709092429574353,1.6233417937735843,dann_matched,banglasarc3_binary+ben_sarc_binary,banglasarc3_binary,2024
2c4933c952f7fae0,1,1,-1.2109375,1.1875,0.0832919225567441,0.916708077443256,1.6233417937735843,dann_matched,banglasarc3_binary+ben_sarc_binary,banglasarc3_binary,2024
5611174ac8f322d9,0,0,3.453125,-2.75,0.9979809860995514,0.0020190139004485808,1.6233417937735843,dann_matched,banglasarc3_binary+ben_sarc_binary,banglasarc3_binary,2024
a68c6a0d2e4a0d44,0,0,0.9453125,-0.296875,0.7759445507683053,0.2240554492316947,1.6233417937735843,dann_matched,banglasarc3_binary+ben_sarc_binary,banglasarc3_binary,2024
f0beee1358ba6702,1,1,-1.2265625,1.234375,0.07864238118410145,0.9213576188158985,1.6233417937735843,dann_matched,banglasarc3_binary+ben_sarc_binary,banglasarc3_binary,2024
9dd87b3601b59c5e,1,0,0.73046875,-0.13476562,0.7037531039282713,0.2962468960717286,1.6233417937735843,dann_matched,banglasarc3_binary+ben_sarc_binary,banglasarc3_binary,2024
059d63cf1f988857,0,0,1.234375,-0.58984375,0.8610715739709943,0.1389284260290056,1.6233417937735843,dann_matched,banglasarc3_binary+ben_sarc_binary,banglasarc3_binary,2024
205492061bc3b836,1,1,-1.6171875,1.5546875,0.04023794262361602,0.9597620573763841,1.6233417937735843,dann_matched,banglasarc3_binary+ben_sarc_binary,banglasarc3_binary,2024
ba85309fe6f0de09,1,0,1.8125,-1.0859375,0.9477691428985743,0.052230857101425734,1.6233417937735843,dann_matched,banglasarc3_binary+ben_sarc_binary,banglasarc3_binary,2024
34cf41d51399f927,1,1,-2.0625,1.9765625,0.017309095753668163,0.9826909042463318,1.6233417937735843,dann_matched,banglasarc3_binary+ben_sarc_binary,banglasarc3_binary,2024
8f9e66d0954319bd,1,1,0.0015869141,0.30078125,0.4257544462671865,0.5742455537328136,1.6233417937735843,dann_matched,banglasarc3_binary+ben_sarc_binary,banglasarc3_binary,2024
7aea9964e3bab268,0,0,0.859375,-0.21777344,0.7459539724039508,0.2540460275960493,1.6233417937735843,dann_matched,banglasarc3_binary+ben_sarc_binary,banglasarc3_binary,2024
34262aaf029abe9c,0,0,2.71875,-2.0,0.9911526449170697,0.008847355082930386,1.6233417937735843,dann_matched,banglasarc3_binary+ben_sarc_binary,banglasarc3_binary,2024
afc98c7da489d792,0,0,3.078125,-2.390625,0.9958012047285281,0.0041987952714718675,1.6233417937735843,dann_matched,banglasarc3_binary+ben_sarc_binary,banglasarc3_binary,2024
87ca816cf9ca3a57,0,0,3.234375,-2.59375,0.9970650482552862,0.002934951744713737,1.6233417937735843,dann_matched,banglasarc3_binary+ben_sarc_binary,banglasarc3_binary,2024
b8705f91611e42fd,1,1,-1.5078125,1.4375,0.0499585240665846,0.9500414759334155,1.6233417937735843,dann_matched,banglasarc3_binary+ben_sarc_binary,banglasarc3_binary,2024
9b4172a29427d096,1,1,-1.671875,1.5625,0.037892426629607394,0.9621075733703927,1.6233417937735843,dann_matched,banglasarc3_binary+ben_sarc_binary,banglasarc3_binary,2024
277d8e87c25a04d0,0,0,2.421875,-1.703125,0.9840936082881853,0.01590639171181471,1.6233417937735843,dann_matched,banglasarc3_binary+ben_sarc_binary,banglasarc3_binary,2024
d41615dc78dfd442,0,0,1.4765625,-0.76171875,0.9036348952750146,0.09636510472498538,1.6233417937735843,dann_matched,banglasarc3_binary+ben_sarc_binary,banglasarc3_binary,2024
3b570bff1dc82229,1,1,-0.31445312,0.6015625,0.2857704332839452,0.7142295667160549,1.6233417937735843,dann_matched,banglasarc3_binary+ben_sarc_binary,banglasarc3_binary,2024
a14957fec3333e4d,1,1,-0.83984375,1.078125,0.1280882483446611,0.8719117516553389,1.6233417937735843,dann_matched,banglasarc3_binary+ben_sarc_binary,banglasarc3_binary,2024
434aefb45c633a6e,1,1,-1.6484375,1.4296875,0.04401864986294638,0.9559813501370537,1.6233417937735843,dann_matched,banglasarc3_binary+ben_sarc_binary,banglasarc3_binary,2024
cb001950d002af6a,0,0,2.671875,-1.9375,0.9901401446964613,0.009859855303538789,1.6233417937735843,dann_matched,banglasarc3_binary+ben_sarc_binary,banglasarc3_binary,2024
bde02cf99aa6475c,0,0,2.328125,-1.7734375,0.9837225390872865,0.016277460912713496,1.6233417937735843,dann_matched,banglasarc3_binary+ben_sarc_binary,banglasarc3_binary,2024
d59a0afee6d44b0f,1,0,0.546875,0.067871094,0.617512634163885,0.382487365836115,1.6233417937735843,dann_matched,banglasarc3_binary+ben_sarc_binary,banglasarc3_binary,2024
53e03d54e9f7c1ed,1,1,-0.6484375,0.77734375,0.19375686554382185,0.8062431344561782,1.6233417937735843,dann_matched,banglasarc3_binary+ben_sarc_binary,banglasarc3_binary,2024
2922023d8f4b1469,0,0,1.2109375,-0.47460938,0.8436376325170074,0.15636236748299265,1.6233417937735843,dann_matched,banglasarc3_binary+ben_sarc_binary,banglasarc3_binary,2024
9a38672a43ee4277,1,1,-1.046875,1.125,0.10230470789265303,0.8976952921073469,1.6233417937735843,dann_matched,banglasarc3_binary+ben_sarc_binary,banglasarc3_binary,2024
7d708b93f7458e17,0,0,3.328125,-2.703125,0.997603269129871,0.0023967308701289603,1.6233417937735843,dann_matched,banglasarc3_binary+ben_sarc_binary,banglasarc3_binary,2024
123e910b36e0446d,0,0,3.34375,-2.6875,0.997603269129871,0.0023967308701289603,1.6233417937735843,dann_matched,banglasarc3_binary+ben_sarc_binary,banglasarc3_binary,2024
5dc46488541a62ec,1,1,-1.2578125,1.265625,0.07423137046083579,0.9257686295391643,1.6233417937735843,dann_matched,banglasarc3_binary+ben_sarc_binary,banglasarc3_binary,2024
e52a1f58f51e0c0a,1,0,0.3359375,0.16992188,0.5414088434996145,0.4585911565003855,1.6233417937735843,dann_matched,banglasarc3_binary+ben_sarc_binary,banglasarc3_binary,2024
9b0ea3fdc41c9127,0,0,1.53125,-0.8203125,0.9130583432721083,0.08694165672789168,1.6233417937735843,dann_matched,banglasarc3_binary+ben_sarc_binary,banglasarc3_binary,2024
6013016338f9c6dd,0,0,1.078125,-0.44921875,0.8216173406683573,0.1783826593316426,1.6233417937735843,dann_matched,banglasarc3_binary+ben_sarc_binary,banglasarc3_binary,2024
5e41f878680dab10,0,0,3.09375,-2.453125,0.9961155234512341,0.003884476548765805,1.6233417937735843,dann_matched,banglasarc3_binary+ben_sarc_binary,banglasarc3_binary,2024
f86040734ae27c6d,1,1,-1.921875,1.8046875,0.023509452407533014,0.9764905475924671,1.6233417937735843,dann_matched,banglasarc3_binary+ben_sarc_binary,banglasarc3_binary,2024
d10cccce1b8473e7,0,1,-0.6328125,0.86328125,0.18300885002394832,0.8169911499760516,1.6233417937735843,dann_matched,banglasarc3_binary+ben_sarc_binary,banglasarc3_binary,2024
24135986932e677c,1,0,1.65625,-1.0625,0.9381240142763573,0.061875985723642724,1.6233417937735843,dann_matched,banglasarc3_binary+ben_sarc_binary,banglasarc3_binary,2024
7514b989309b1d9c,0,0,1.7890625,-0.9765625,0.9407897492587141,0.05921025074128593,1.6233417937735843,dann_matched,banglasarc3_binary+ben_sarc_binary,banglasarc3_binary,2024
ce110dc8185ae08e,1,0,0.640625,-0.21386719,0.7015086314690147,0.29849136853098535,1.6233417937735843,dann_matched,banglasarc3_binary+ben_sarc_binary,banglasarc3_binary,2024
cb27ebe4bead824c,1,0,1.8359375,-1.1484375,0.9518632288833652,0.04813677111663481,1.6233417937735843,dann_matched,banglasarc3_binary+ben_sarc_binary,banglasarc3_binary,2024
bc540917f9b7c71d,1,1,-0.8125,1.0390625,0.13568954596860924,0.8643104540313907,1.6233417937735843,dann_matched,banglasarc3_binary+ben_sarc_binary,banglasarc3_binary,2024
4ffffbe307d0a83a,0,0,2.78125,-2.15625,0.9928785712542649,0.007121428745735101,1.6233417937735843,dann_matched,banglasarc3_binary+ben_sarc_binary,banglasarc3_binary,2024
b4323b5c74f8fc36,0,0,2.28125,-1.5078125,0.9778834111979205,0.022116588802079524,1.6233417937735843,dann_matched,banglasarc3_binary+ben_sarc_binary,banglasarc3_binary,2024
ad6cc5fb265960cc,0,1,-0.890625,1.0546875,0.12506538251690355,0.8749346174830964,1.6233417937735843,dann_matched,banglasarc3_binary+ben_sarc_binary,banglasarc3_binary,2024
d39ddcf24d6d9189,0,1,-0.5625,0.77734375,0.20753575498928697,0.792464245010713,1.6233417937735843,dann_matched,banglasarc3_binary+ben_sarc_binary,banglasarc3_binary,2024
f38d81be661a4b8f,1,1,-1.890625,1.640625,0.02843603304485266,0.9715639669551474,1.6233417937735843,dann_matched,banglasarc3_binary+ben_sarc_binary,banglasarc3_binary,2024
373eddabf5c3d1f7,1,0,2.578125,-1.875,0.9884918509356967,0.011508149064303403,1.6233417937735843,dann_matched,banglasarc3_binary+ben_sarc_binary,banglasarc3_binary,2024
c511137eaf00d6b1,1,1,-1.328125,1.3359375,0.0651275468396235,0.9348724531603766,1.6233417937735843,dann_matched,banglasarc3_binary+ben_sarc_binary,banglasarc3_binary,2024
3cb9b64cd0bcd1c4,1,1,-0.41210938,0.64453125,0.25795195884641725,0.7420480411535827,1.6233417937735843,dann_matched,banglasarc3_binary+ben_sarc_binary,banglasarc3_binary,2024
44e81fb71fafc5f6,1,1,-1.6640625,1.609375,0.0364937662290278,0.9635062337709722,1.6233417937735843,dann_matched,banglasarc3_binary+ben_sarc_binary,banglasarc3_binary,2024
1f6366dc8c87721e,0,0,0.57421875,0.013671875,0.6365790671593003,0.3634209328406997,1.6233417937735843,dann_matched,banglasarc3_binary+ben_sarc_binary,banglasarc3_binary,2024
406b7cc3a0445691,1,1,-1.59375,1.5234375,0.04240382863184672,0.9575961713681533,1.6233417937735843,dann_matched,banglasarc3_binary+ben_sarc_binary,banglasarc3_binary,2024
35cf36bc3d8642ab,0,1,-0.640625,0.94140625,0.17050799982688053,0.8294920001731195,1.6233417937735843,dann_matched,banglasarc3_binary+ben_sarc_binary,banglasarc3_binary,2024
57cd7fdd60d1667d,1,1,-0.5703125,0.75,0.2107663063197709,0.7892336936802291,1.6233417937735843,dann_matched,banglasarc3_binary+ben_sarc_binary,banglasarc3_binary,2024
0bb1548e56ec97e6,1,0,1.390625,-0.703125,0.8902942261220291,0.10970577387797074,1.6233417937735843,dann_matched,banglasarc3_binary+ben_sarc_binary,banglasarc3_binary,2024
8e8b85d15b47827c,1,1,-1.0859375,1.1640625,0.0953494648991095,0.9046505351008906,1.6233417937735843,dann_matched,banglasarc3_binary+ben_sarc_binary,banglasarc3_binary,2024
fae8d93fe40b415d,1,1,-0.012084961,0.44726562,0.38713989422966844,0.6128601057703317,1.6233417937735843,dann_matched,banglasarc3_binary+ben_sarc_binary,banglasarc3_binary,2024
12e6dab580637364,1,1,-1.6015625,1.4296875,0.046033902399240385,0.9539660976007597,1.6233417937735843,dann_matched,banglasarc3_binary+ben_sarc_binary,banglasarc3_binary,2024
c63614053bc8ae28,0,0,0.44726562,0.100097656,0.5859306506696685,0.41406934933033146,1.6233417937735843,dann_matched,banglasarc3_binary+ben_sarc_binary,banglasarc3_binary,2024
e567c1f8bb54ed53,0,0,0.53515625,0.05126953,0.6186652458112596,0.38133475418874035,1.6233417937735843,dann_matched,banglasarc3_binary+ben_sarc_binary,banglasarc3_binary,2024
4689d69a0738828f,0,0,1.9609375,-1.421875,0.9671630439727548,0.03283695602724524,1.6233417937735843,dann_matched,banglasarc3_binary+ben_sarc_binary,banglasarc3_binary,2024
b24c7e2e479c102f,0,0,3.296875,-2.59375,0.9972423776326046,0.002757622367395409,1.6233417937735843,dann_matched,banglasarc3_binary+ben_sarc_binary,banglasarc3_binary,2024
8ed4645228916f02,0,0,3.09375,-2.296875,0.9954615682752046,0.0045384317247953825,1.6233417937735843,dann_matched,banglasarc3_binary+ben_sarc_binary,banglasarc3_binary,2024
f59c42c49edda760,0,0,0.4375,0.08544922,0.5871147995308118,0.41288520046918814,1.6233417937735843,dann_matched,banglasarc3_binary+ben_sarc_binary,banglasarc3_binary,2024
d760334e952c9d53,0,0,3.1875,-2.640625,0.9970650482552862,0.002934951744713737,1.6233417937735843,dann_matched,banglasarc3_binary+ben_sarc_binary,banglasarc3_binary,2024
98f8544b2ea323d3,0,0,1.859375,-1.140625,0.9525741268224334,0.04742587317756679,1.6233417937735843,dann_matched,banglasarc3_binary+ben_sarc_binary,banglasarc3_binary,2024
ce05c3fa0cc62627,0,0,3.125,-2.421875,0.9961155234512341,0.003884476548765805,1.6233417937735843,dann_matched,banglasarc3_binary+ben_sarc_binary,banglasarc3_binary,2024
fdc64d7635cb59b2,0,0,2.671875,-1.8984375,0.9897513980768414,0.01024860192315863,1.6233417937735843,dann_matched,banglasarc3_binary+ben_sarc_binary,banglasarc3_binary,2024
f93ea9b921c3c0f7,1,1,-0.6015625,0.77734375,0.20118471823927994,0.79881528176072,1.6233417937735843,dann_matched,banglasarc3_binary+ben_sarc_binary,banglasarc3_binary,2024
2278f57caa613701,0,0,3.0,-2.25,0.9947798743064417,0.005220125693558397,1.6233417937735843,dann_matched,banglasarc3_binary+ben_sarc_binary,banglasarc3_binary,2024
c25fe5e4766f241a,0,0,2.328125,-1.5859375,0.9804313244446876,0.01956867555531235,1.6233417937735843,dann_matched,banglasarc3_binary+ben_sarc_binary,banglasarc3_binary,2024
572e4397ff6c9eb2,1,0,1.6640625,-0.8828125,0.927363293639213,0.07263670636078697,1.6233417937735843,dann_matched,banglasarc3_binary+ben_sarc_binary,banglasarc3_binary,2024
9e94c5340c1e9e84,1,1,-0.5078125,0.86328125,0.20244319214007214,0.7975568078599278,1.6233417937735843,dann_matched,banglasarc3_binary+ben_sarc_binary,banglasarc3_binary,2024
e0b7bf00262d60a7,0,0,2.59375,-1.8125,0.9879462204837635,0.012053779516236447,1.6233417937735843,dann_matched,banglasarc3_binary+ben_sarc_binary,banglasarc3_binary,2024
7d5dcba04c7cbfc6,1,1,-1.453125,1.4140625,0.053799643460063995,0.946200356539936,1.6233417937735843,dann_matched,banglasarc3_binary+ben_sarc_binary,banglasarc3_binary,2024
cd9fc03dbd82abcd,0,0,2.5625,-1.9296875,0.9889278398167658,0.011072160183234295,1.6233417937735843,dann_matched,banglasarc3_binary+ben_sarc_binary,banglasarc3_binary,2024
54b803aa09d54185,1,1,-0.88671875,0.9453125,0.13799647126840353,0.8620035287315965,1.6233417937735843,dann_matched,banglasarc3_binary+ben_sarc_binary,banglasarc3_binary,2024
725ea8a5def6acac,0,0,2.9375,-2.234375,0.9943580914999767,0.00564190850002335,1.6233417937735843,dann_matched,banglasarc3_binary+ben_sarc_binary,banglasarc3_binary,2024
56d6d68354837500,0,0,1.40625,-0.76953125,0.8980534791726937,0.10194652082730637,1.6233417937735843,dann_matched,banglasarc3_binary+ben_sarc_binary,banglasarc3_binary,2024
da5033e533eee677,1,1,-0.86328125,0.890625,0.1475551828016634,0.8524448171983366,1.6233417937735843,dann_matched,banglasarc3_binary+ben_sarc_binary,banglasarc3_binary,2024
ce347cf05f786fe0,1,0,0.28320312,0.11425781,0.5421361531082018,0.4578638468917982,1.6233417937735843,dann_matched,banglasarc3_binary+ben_sarc_binary,banglasarc3_binary,2024
ea499bace09f44ce,1,0,1.125,-0.48242188,0.8330531399355948,0.16694686006440518,1.6233417937735843,dann_matched,banglasarc3_binary+ben_sarc_binary,banglasarc3_binary,2024
2ccc2f875d7de471,1,1,-1.5625,1.3984375,0.04922211319719861,0.9507778868028013,1.6233417937735843,dann_matched,banglasarc3_binary+ben_sarc_binary,banglasarc3_binary,2024
22e8efc34608d82d,0,0,1.0546875,-0.40234375,0.8110781922144276,0.18892180778557252,1.6233417937735843,dann_matched,banglasarc3_binary+ben_sarc_binary,banglasarc3_binary,2024
040a68c1b02bd862,1,1,0.11425781,0.28515625,0.4573790733777195,0.5426209266222806,1.6233417937735843,dann_matched,banglasarc3_binary+ben_sarc_binary,banglasarc3_binary,2024
efde5d179b5fd873,1,1,-0.83203125,0.66015625,0.18359362263419612,0.8164063773658039,1.6233417937735843,dann_matched,banglasarc3_binary+ben_sarc_binary,banglasarc3_binary,2024
0b43510285b09eba,0,0,2.515625,-1.7421875,0.9860442896017267,0.013955710398273338,1.6233417937735843,dann_matched,banglasarc3_binary+ben_sarc_binary,banglasarc3_binary,2024
dd4fae9961a88873,1,1,-0.15625,0.5,0.341582499438317,0.658417500561683,1.6233417937735843,dann_matched,banglasarc3_binary+ben_sarc_binary,banglasarc3_binary,2024
121299f05ede0c91,1,1,-1.4453125,1.40625,0.05460060578165237,0.9453993942183476,1.6233417937735843,dann_matched,banglasarc3_binary+ben_sarc_binary,banglasarc3_binary,2024
30a6096d2f7010ff,1,1,-0.625,0.921875,0.17553807362342935,0.8244619263765707,1.6233417937735843,dann_matched,banglasarc3_binary+ben_sarc_binary,banglasarc3_binary,2024
a1bd9a0f27bbd51e,0,1,-0.29296875,0.57421875,0.2958398615564072,0.7041601384435928,1.6233417937735843,dann_matched,banglasarc3_binary+ben_sarc_binary,banglasarc3_binary,2024
477fd95f302c284c,0,1,-0.010375977,0.5078125,0.37327592592749653,0.6267240740725034,1.6233417937735843,dann_matched,banglasarc3_binary+ben_sarc_binary,banglasarc3_binary,2024
8c8158a78b04bd05,1,1,-1.15625,1.171875,0.08882029240011771,0.9111797075998822,1.6233417937735843,dann_matched,banglasarc3_binary+ben_sarc_binary,banglasarc3_binary,2024
226eabf5281f11fa,0,0,1.578125,-0.90234375,0.9227612136829397,0.07723878631706028,1.6233417937735843,dann_matched,banglasarc3_binary+ben_sarc_binary,banglasarc3_binary,2024
d094516197c5cc27,0,0,1.4765625,-0.79296875,0.9063219973254493,0.09367800267455072,1.6233417937735843,dann_matched,banglasarc3_binary+ben_sarc_binary,banglasarc3_binary,2024
9d3e29981c15d1c1,0,0,1.0078125,-0.34960938,0.7953403653424583,0.20465963465754167,1.6233417937735843,dann_matched,banglasarc3_binary+ben_sarc_binary,banglasarc3_binary,2024
fd31f5f3ca6c7a27,1,0,1.28125,-0.578125,0.8652240825770433,0.1347759174229568,1.6233417937735843,dann_matched,banglasarc3_binary+ben_sarc_binary,banglasarc3_binary,2024
73b89dd260eea14b,0,0,2.46875,-1.78125,0.9859363729567544,0.014063627043245474,1.6233417937735843,dann_matched,banglasarc3_binary+ben_sarc_binary,banglasarc3_binary,2024
37f2931057293b4e,1,1,-0.61328125,0.81640625,0.19314738002256465,0.8068526199774353,1.6233417937735843,dann_matched,banglasarc3_binary+ben_sarc_binary,banglasarc3_binary,2024
d2fa1859fec8bc19,0,0,2.75,-2.015625,0.991554373058874,0.008445626941126032,1.6233417937735843,dann_matched,banglasarc3_binary+ben_sarc_binary,banglasarc3_binary,2024
50dbee0e7a539695,1,0,1.75,-1.03125,0.941654159388319,0.05834584061168106,1.6233417937735843,dann_matched,banglasarc3_binary+ben_sarc_binary,banglasarc3_binary,2024
d2ebc3d3ea553892,1,1,-0.3515625,0.51953125,0.29502676635499137,0.7049732336450086,1.6233417937735843,dann_matched,banglasarc3_binary+ben_sarc_binary,banglasarc3_binary,2024
e15f93ee6c7733d1,1,1,-0.055908203,0.4609375,0.3735901091151361,0.6264098908848638,1.6233417937735843,dann_matched,banglasarc3_binary+ben_sarc_binary,banglasarc3_binary,2024
25e11947840674b6,1,1,-1.3359375,1.296875,0.06705628692511957,0.9329437130748804,1.6233417937735843,dann_matched,banglasarc3_binary+ben_sarc_binary,banglasarc3_binary,2024
37ed4175676826d3,1,1,-0.046142578,0.390625,0.39251145963417255,0.6074885403658274,1.6233417937735843,dann_matched,banglasarc3_binary+ben_sarc_binary,banglasarc3_binary,2024
acf59b60bc703e78,0,1,-0.29101562,0.66015625,0.278649209526883,0.721350790473117,1.6233417937735843,dann_matched,banglasarc3_binary+ben_sarc_binary,banglasarc3_binary,2024
2dac047c35342cac,1,1,-0.03857422,0.34960938,0.40415463989451705,0.595845360105483,1.6233417937735843,dann_matched,banglasarc3_binary+ben_sarc_binary,banglasarc3_binary,2024
ea0b4a8ffa6daf5d,0,0,2.375,-1.8828125,0.9860442896017267,0.013955710398273338,1.6233417937735843,dann_matched,banglasarc3_binary+ben_sarc_binary,banglasarc3_binary,2024
52c53afde23c5737,1,1,0.24902344,0.26171875,0.49682621450172326,0.5031737854982766,1.6233417937735843,dann_matched,banglasarc3_binary+ben_sarc_binary,banglasarc3_binary,2024
597d374e58e24ce0,0,0,2.34375,-1.625,0.9814534354878828,0.0185465645121173,1.6233417937735843,dann_matched,banglasarc3_binary+ben_sarc_binary,banglasarc3_binary,2024
21f6588fa41d80f2,1,1,-0.44726562,0.6875,0.24328269433676913,0.7567173056632309,1.6233417937735843,dann_matched,banglasarc3_binary+ben_sarc_binary,banglasarc3_binary,2024
b4e8413b56264fde,0,0,0.5546875,-0.056640625,0.6482437057879583,0.35175629421204174,1.6233417937735843,dann_matched,banglasarc3_binary+ben_sarc_binary,banglasarc3_binary,2024
576dad90f863a07a,0,0,2.203125,-1.3984375,0.9734434290045008,0.02655657099549924,1.6233417937735843,dann_matched,banglasarc3_binary+ben_sarc_binary,banglasarc3_binary,2024
acc440f1fc8bac8a,1,0,1.078125,-0.80859375,0.8683809516442299,0.13161904835577012,1.6233417937735843,dann_matched,banglasarc3_binary+ben_sarc_binary,banglasarc3_binary,2024
99f834500aa28da7,1,1,-0.63671875,0.85546875,0.18359362263419612,0.8164063773658039,1.6233417937735843,dann_matched,banglasarc3_binary+ben_sarc_binary,banglasarc3_binary,2024
ab8cb0f62e0897af,0,0,1.359375,-0.8359375,0.8998277813740775,0.10017221862592252,1.6233417937735843,dann_matched,banglasarc3_binary+ben_sarc_binary,banglasarc3_binary,2024
c2990dd82a44f69e,1,0,0.97265625,-0.33789062,0.7876046534649508,0.21239534653504913,1.6233417937735843,dann_matched,banglasarc3_binary+ben_sarc_binary,banglasarc3_binary,2024
00d461014350b89e,1,0,0.32617188,0.15527344,0.5426209266222806,0.4573790733777195,1.6233417937735843,dann_matched,banglasarc3_binary+ben_sarc_binary,banglasarc3_binary,2024
3e29fef3bf46bf1b,0,0,2.828125,-2.0625,0.9925393565360598,0.007460643463940165,1.6233417937735843,dann_matched,banglasarc3_binary+ben_sarc_binary,banglasarc3_binary,2024
5707e3c0244d1dfb,1,0,1.0625,-0.47851562,0.8236123187076703,0.17638768129232973,1.6233417937735843,dann_matched,banglasarc3_binary+ben_sarc_binary,banglasarc3_binary,2024
fd622c33ab6796bd,1,1,-1.4609375,1.3125,0.05877655584806683,0.9412234441519332,1.6233417937735843,dann_matched,banglasarc3_binary+ben_sarc_binary,banglasarc3_binary,2024
61890d2332416b73,0,0,0.37890625,0.04296875,0.583203356837953,0.41679664316204695,1.6233417937735843,dann_matched,banglasarc3_binary+ben_sarc_binary,banglasarc3_binary,2024
3b4ef2d9f41c852f,1,1,-0.5234375,0.8046875,0.20946968133032526,0.7905303186696747,1.6233417937735843,dann_matched,banglasarc3_binary+ben_sarc_binary,banglasarc3_binary,2024
e5390f71a9c29ba6,0,0,2.546875,-1.8203125,0.9874720680072551,0.012527931992744795,1.6233417937735843,dann_matched,banglasarc3_binary+ben_sarc_binary,banglasarc3_binary,2024
b099c317bb9c6687,1,1,-2.15625,1.8125,0.0185465645121173,0.9814534354878828,1.6233417937735843,dann_matched,banglasarc3_binary+ben_sarc_binary,banglasarc3_binary,2024
912bbeda5648f283,1,0,2.25,-1.53125,0.9777138144607745,0.022286185539225494,1.6233417937735843,dann_matched,banglasarc3_binary+ben_sarc_binary,banglasarc3_binary,2024
c823ae44a3e23b84,0,0,2.15625,-1.515625,0.9752018398044143,0.02479816019558566,1.6233417937735843,dann_matched,banglasarc3_binary+ben_sarc_binary,banglasarc3_binary,2024
bfea9a263b223c80,1,0,1.0390625,-0.42382812,0.8119743902597265,0.18802560974027355,1.6233417937735843,dann_matched,banglasarc3_binary+ben_sarc_binary,banglasarc3_binary,2024
3cdaa503d41fc6a6,0,0,3.015625,-2.421875,0.9956684979794361,0.00433150202056399,1.6233417937735843,dann_matched,banglasarc3_binary+ben_sarc_binary,banglasarc3_binary,2024
d71f7c52c9ea87be,0,1,-0.86328125,1.125,0.12043881659461604,0.8795611834053839,1.6233417937735843,dann_matched,banglasarc3_binary+ben_sarc_binary,banglasarc3_binary,2024
def9ea9b246c55b1,0,0,1.546875,-0.9375,0.9230391643039738,0.07696083569602613,1.6233417937735843,dann_matched,banglasarc3_binary+ben_sarc_binary,banglasarc3_binary,2024
04b1b4f08fdd18c5,1,1,-1.3125,1.3046875,0.06804042027255897,0.9319595797274409,1.6233417937735843,dann_matched,banglasarc3_binary+ben_sarc_binary,banglasarc3_binary,2024
39bf383204dad4e3,0,0,2.734375,-2.0625,0.9918120900983038,0.008187909901696235,1.6233417937735843,dann_matched,banglasarc3_binary+ben_sarc_binary,banglasarc3_binary,2024
1f427bfaa298bf6b,1,0,1.1328125,-0.5703125,0.8459424373085146,0.15405756269148546,1.6233417937735843,dann_matched,banglasarc3_binary+ben_sarc_binary,banglasarc3_binary,2024
ed3220bf0c8abb3b,1,1,-1.09375,1.203125,0.09138210306717136,0.9086178969328287,1.6233417937735843,dann_matched,banglasarc3_binary+ben_sarc_binary,banglasarc3_binary,2024
855a37fc463d8e33,1,1,-1.9921875,1.71875,0.023870834952430912,0.976129165047569,1.6233417937735843,dann_matched,banglasarc3_binary+ben_sarc_binary,banglasarc3_binary,2024
4771a65e8a1e5abf,0,0,0.33789062,0.19238281,0.5363129060674623,0.46368709393253776,1.6233417937735843,dann_matched,banglasarc3_binary+ben_sarc_binary,banglasarc3_binary,2024
4f4b52f3c17a4ba1,0,0,1.7421875,-0.94921875,0.9365176378735215,0.06348236212647843,1.6233417937735843,dann_matched,banglasarc3_binary+ben_sarc_binary,banglasarc3_binary,2024
51e27f8269f8eaac,0,1,-0.98046875,1.046875,0.1163617640229368,0.8836382359770631,1.6233417937735843,dann_matched,banglasarc3_binary+ben_sarc_binary,banglasarc3_binary,2024
8de5e108effcbaea,0,0,2.9375,-2.140625,0.9938070098421449,0.006192990157855187,1.6233417937735843,dann_matched,banglasarc3_binary+ben_sarc_binary,banglasarc3_binary,2024
75e09ea10216853d,0,0,2.125,-1.3671875,0.9704646607088951,0.029535339291104773,1.6233417937735843,dann_matched,banglasarc3_binary+ben_sarc_binary,banglasarc3_binary,2024
b3ece23327e83d73,0,0,2.828125,-2.125,0.992988204618503,0.007011795381497108,1.6233417937735843,dann_matched,banglasarc3_binary+ben_sarc_binary,banglasarc3_binary,2024
237b60d67d3a977b,0,0,3.1875,-2.515625,0.9966755631083445,0.0033244368916556374,1.6233417937735843,dann_matched,banglasarc3_binary+ben_sarc_binary,banglasarc3_binary,2024
9ce912c1a315b4d4,1,1,0.053710938,0.51171875,0.3874585323823134,0.6125414676176866,1.6233417937735843,dann_matched,banglasarc3_binary+ben_sarc_binary,banglasarc3_binary,2024
a034075943ae5ef1,1,1,-0.20605469,0.49023438,0.3326355033372793,0.6673644966627208,1.6233417937735843,dann_matched,banglasarc3_binary+ben_sarc_binary,banglasarc3_binary,2024
00e1bdb06e67ed07,0,0,3.15625,-2.484375,0.9964619139429115,0.0035380860570885376,1.6233417937735843,dann_matched,banglasarc3_binary+ben_sarc_binary,banglasarc3_binary,2024
5e81d0127cda6083,1,1,-1.5546875,1.4375,0.047780066363570746,0.9522199336364293,1.6233417937735843,dann_matched,banglasarc3_binary+ben_sarc_binary,banglasarc3_binary,2024
391c2dab4f4a8ea6,1,1,-2.03125,1.6796875,0.023870834952430912,0.976129165047569,1.6233417937735843,dann_matched,banglasarc3_binary+ben_sarc_binary,banglasarc3_binary,2024
76010f7452a4ee0b,0,0,1.0390625,-0.4140625,0.8104789086703224,0.18952109132967757,1.6233417937735843,dann_matched,banglasarc3_binary+ben_sarc_binary,banglasarc3_binary,2024
501212c9f4c39f1a,0,0,3.015625,-2.375,0.9954615682752046,0.0045384317247953825,1.6233417937735843,dann_matched,banglasarc3_binary+ben_sarc_binary,banglasarc3_binary,2024
2d0c4e3b8cd32421,1,1,-0.60546875,0.80859375,0.19559408410649906,0.804405915893501,1.6233417937735843,dann_matched,banglasarc3_binary+ben_sarc_binary,banglasarc3_binary,2024
b46fca43ca40e1a1,0,0,0.703125,-0.05810547,0.6816208222377966,0.31837917776220337,1.6233417937735843,dann_matched,banglasarc3_binary+ben_sarc_binary,banglasarc3_binary,2024
eb34b73284cdfb62,0,1,-1.296875,1.421875,0.061875985723642724,0.9381240142763573,1.6233417937735843,dann_matched,banglasarc3_binary+ben_sarc_binary,banglasarc3_binary,2024
82b1b909a5385c25,0,0,0.83984375,-0.22753906,0.7440988805974809,0.25590111940251914,1.6233417937735843,dann_matched,banglasarc3_binary+ben_sarc_binary,banglasarc3_binary,2024
afab669e2802f55a,0,0,2.15625,-1.3203125,0.9700134939339985,0.029986506066001513,1.6233417937735843,dann_matched,banglasarc3_binary+ben_sarc_binary,banglasarc3_binary,2024
32655b6af6468900,1,1,-0.40429688,0.61328125,0.26549942080817324,0.7345005791918268,1.6233417937735843,dann_matched,banglasarc3_binary+ben_sarc_binary,banglasarc3_binary,2024
63522bcc58aca5aa,1,0,1.140625,-0.515625,0.8397339676722393,0.16026603232776068,1.6233417937735843,dann_matched,banglasarc3_binary+ben_sarc_binary,banglasarc3_binary,2024
b81a6fc550996879,0,0,0.27539062,0.17285156,0.5256123283346986,0.4743876716653013,1.6233417937735843,dann_matched,banglasarc3_binary+ben_sarc_binary,banglasarc3_binary,2024
9e9c76d8536be656,0,0,2.8125,-2.109375,0.992767236196521,0.007232763803479049,1.6233417937735843,dann_matched,banglasarc3_binary+ben_sarc_binary,banglasarc3_binary,2024
487ba6736df9dac4,1,1,-1.765625,1.5390625,0.03541073007632382,0.9645892699236761,1.6233417937735843,dann_matched,banglasarc3_binary+ben_sarc_binary,banglasarc3_binary,2024
7224809745c5317e,0,0,0.9453125,-0.31445312,0.7789857587902472,0.22101424120975285,1.6233417937735843,dann_matched,banglasarc3_binary+ben_sarc_binary,banglasarc3_binary,2024
cc351cfcab72e656,0,1,-0.49609375,0.83984375,0.20817892905742005,0.79182107094258,1.6233417937735843,dann_matched,banglasarc3_binary+ben_sarc_binary,banglasarc3_binary,2024
0ac9087c2e695175,0,0,2.734375,-2.046875,0.9916842215225259,0.008315778477474129,1.6233417937735843,dann_matched,banglasarc3_binary+ben_sarc_binary,banglasarc3_binary,2024
7ab4d04075a8767b,1,1,-1.2109375,1.3046875,0.07477004290796138,0.9252299570920387,1.6233417937735843,dann_matched,banglasarc3_binary+ben_sarc_binary,banglasarc3_binary,2024
005a81526dd973be,1,1,-1.015625,1.1484375,0.1030244283262171,0.896975571673783,1.6233417937735843,dann_matched,banglasarc3_binary+ben_sarc_binary,banglasarc3_binary,2024
5422984065fd2576,1,0,2.421875,-1.6953125,0.9839708526340988,0.016029147365901317,1.6233417937735843,dann_matched,banglasarc3_binary+ben_sarc_binary,banglasarc3_binary,2024
73b2db9434de0a4f,1,1,-1.2578125,1.2734375,0.07369626970604846,0.9263037302939515,1.6233417937735843,dann_matched,banglasarc3_binary+ben_sarc_binary,banglasarc3_binary,2024
7b755c23081cae77,1,1,-0.49804688,0.7109375,0.22988080342588704,0.7701191965741129,1.6233417937735843,dann_matched,banglasarc3_binary+ben_sarc_binary,banglasarc3_binary,2024
4df4505e1099e8b8,0,0,1.4453125,-0.84765625,0.9082930373547222,0.09170696264527785,1.6233417937735843,dann_matched,banglasarc3_binary+ben_sarc_binary,banglasarc3_binary,2024
20d8bb2aacda3ef4,0,0,3.25,-2.59375,0.9971104189822263,0.002889581017773627,1.6233417937735843,dann_matched,banglasarc3_binary+ben_sarc_binary,banglasarc3_binary,2024
86168cedfa8908d4,1,1,-1.765625,1.6171875,0.03283695602724524,0.9671630439727548,1.6233417937735843,dann_matched,banglasarc3_binary+ben_sarc_binary,banglasarc3_binary,2024
ffe0b07ccb36819b,1,1,-1.9140625,1.8046875,0.023689471299374428,0.9763105287006256,1.6233417937735843,dann_matched,banglasarc3_binary+ben_sarc_binary,banglasarc3_binary,2024
0f006194b45e6c5f,1,1,0.13476562,0.27148438,0.46587345377762773,0.5341265462223723,1.6233417937735843,dann_matched,banglasarc3_binary+ben_sarc_binary,banglasarc3_binary,2024
0032784830ddb818,0,0,1.875,-1.2578125,0.9582261192116938,0.04177388078830622,1.6233417937735843,dann_matched,banglasarc3_binary+ben_sarc_binary,banglasarc3_binary,2024
471ce8d0863df951,0,1,-0.328125,0.66796875,0.2697101295716962,0.7302898704283038,1.6233417937735843,dann_matched,banglasarc3_binary+ben_sarc_binary,banglasarc3_binary,2024
b8051eeb7d141427,1,1,-0.984375,1.1171875,0.108945047201704,0.8910549527982959,1.6233417937735843,dann_matched,banglasarc3_binary+ben_sarc_binary,banglasarc3_binary,2024
13f5d731d71ec752,0,0,2.96875,-2.21875,0.994445075296309,0.005554924703691103,1.6233417937735843,dann_matched,banglasarc3_binary+ben_sarc_binary,banglasarc3_binary,2024
53d67a30efe6b19e,0,1,-0.2890625,0.67578125,0.27590944429596825,0.7240905557040317,1.6233417937735843,dann_matched,banglasarc3_binary+ben_sarc_binary,banglasarc3_binary,2024
002c1140ae3dde4e,1,0,0.41015625,0.15039062,0.5645786763641139,0.43542132363588604,1.6233417937735843,dann_matched,banglasarc3_binary+ben_sarc_binary,banglasarc3_binary,2024
03a3878f85634362,1,1,-1.3125,1.265625,0.07055959618729296,0.9294404038127071,1.6233417937735843,dann_matched,banglasarc3_binary+ben_sarc_binary,banglasarc3_binary,2024
15cf011d32f28273,1,1,-1.28125,1.296875,0.07055959618729296,0.9294404038127071,1.6233417937735843,dann_matched,banglasarc3_binary+ben_sarc_binary,banglasarc3_binary,2024
39afb1a94688145e,1,1,-0.061523438,0.45117188,0.3745618942207717,0.6254381057792283,1.6233417937735843,dann_matched,banglasarc3_binary+ben_sarc_binary,banglasarc3_binary,2024
5f3e3a9180cef321,1,1,0.022216797,0.45898438,0.39251145963417255,0.6074885403658274,1.6233417937735843,dann_matched,banglasarc3_binary+ben_sarc_binary,banglasarc3_binary,2024
4962ffafd1494e25,1,0,1.703125,-0.96875,0.9353465116437761,0.06465348835622392,1.6233417937735843,dann_matched,banglasarc3_binary+ben_sarc_binary,banglasarc3_binary,2024
2f76c0643b8dc919,1,1,-1.1484375,1.1953125,0.08756383952305867,0.9124361604769414,1.6233417937735843,dann_matched,banglasarc3_binary+ben_sarc_binary,banglasarc3_binary,2024
984ddd9e97dcc313,0,0,1.546875,-0.83203125,0.9152045921779318,0.08479540782206828,1.6233417937735843,dann_matched,banglasarc3_binary+ben_sarc_binary,banglasarc3_binary,2024
37b55e10fbcaaa62,0,1,-0.73828125,0.96875,0.15354917288301603,0.8464508271169839,1.6233417937735843,dann_matched,banglasarc3_binary+ben_sarc_binary,banglasarc3_binary,2024
73d0ee7cb4b89e64,1,1,-1.25,1.2421875,0.07640768335044701,0.923592316649553,1.6233417937735843,dann_matched,banglasarc3_binary+ben_sarc_binary,banglasarc3_binary,2024
67351714d10f07bb,1,1,-0.9765625,1.0859375,0.11279540628289324,0.8872045937171068,1.6233417937735843,dann_matched,banglasarc3_binary+ben_sarc_binary,banglasarc3_binary,2024
a4ebfa262a40ce6d,1,1,-0.90234375,1.0625,0.12294379806223382,0.8770562019377661,1.6233417937735843,dann_matched,banglasarc3_binary+ben_sarc_binary,banglasarc3_binary,2024
711787e882523b00,0,0,1.34375,-0.640625,0.8791467675095294,0.12085323249047067,1.6233417937735843,dann_matched,banglasarc3_binary+ben_sarc_binary,banglasarc3_binary,2024
46fef03e1665a7ca,0,0,0.69140625,-0.048828125,0.6770471054717195,0.3229528945282806,1.6233417937735843,dann_matched,banglasarc3_binary+ben_sarc_binary,banglasarc3_binary,2024
a76dc1c36dd7c504,0,0,1.1953125,-0.58203125,0.8553685628570248,0.14463143714297527,1.6233417937735843,dann_matched,banglasarc3_binary+ben_sarc_binary,banglasarc3_binary,2024
d7b2d256a4143a25,1,0,1.6171875,-0.93359375,0.9276259821794456,0.07237401782055448,1.6233417937735843,dann_matched,banglasarc3_binary+ben_sarc_binary,banglasarc3_binary,2024
1b94ccf4d275d3d1,1,1,0.16699219,0.17578125,0.49780274851935236,0.5021972514806476,1.6233417937735843,dann_matched,banglasarc3_binary+ben_sarc_binary,banglasarc3_binary,2024
734ed3d8328829a9,1,1,-1.59375,1.5625,0.040845715909949315,0.9591542840900507,1.6233417937735843,dann_matched,banglasarc3_binary+ben_sarc_binary,banglasarc3_binary,2024
a6b2d326016440e6,1,1,-0.40625,0.671875,0.25386100696924885,0.746138993030751,1.6233417937735843,dann_matched,banglasarc3_binary+ben_sarc_binary,banglasarc3_binary,2024
31b230e3a9af4fda,0,0,1.78125,-1.1015625,0.9469902279841446,0.05300977201585542,1.6233417937735843,dann_matched,banglasarc3_binary+ben_sarc_binary,banglasarc3_binary,2024
2220cd6a505565f7,0,0,3.15625,-2.75,0.9972850145309949,0.0027149854690051763,1.6233417937735843,dann_matched,banglasarc3_binary+ben_sarc_binary,banglasarc3_binary,2024
ce2b334fad8c3a5d,0,0,0.28125,0.27148438,0.5024413868476314,0.4975586131523686,1.6233417937735843,dann_matched,banglasarc3_binary+ben_sarc_binary,banglasarc3_binary,2024
722c6881b0dee379,1,1,-1.125,1.203125,0.08882029240011771,0.9111797075998822,1.6233417937735843,dann_matched,banglasarc3_binary+ben_sarc_binary,banglasarc3_binary,2024
f1e88058df9310e0,1,0,2.71875,-2.078125,0.9918120900983038,0.008187909901696235,1.6233417937735843,dann_matched,banglasarc3_binary+ben_sarc_binary,banglasarc3_binary,2024
e2b5924ce46e4127,1,1,-1.0390625,1.0703125,0.10818895456207035,0.8918110454379297,1.6233417937735843,dann_matched,banglasarc3_binary+ben_sarc_binary,banglasarc3_binary,2024
8aa47f0f19a6b655,0,0,3.140625,-2.40625,0.9961155234512341,0.003884476548765805,1.6233417937735843,dann_matched,banglasarc3_binary+ben_sarc_binary,banglasarc3_binary,2024
366e2c4f0de8d88d,0,1,-1.3125,1.3046875,0.06804042027255897,0.9319595797274409,1.6233417937735843,dann_matched,banglasarc3_binary+ben_sarc_binary,banglasarc3_binary,2024
49e7e0b2adafbcd1,0,0,2.34375,-1.6484375,0.9818752792555313,0.018124720744468643,1.6233417937735843,dann_matched,banglasarc3_binary+ben_sarc_binary,banglasarc3_binary,2024
aae4075a20d3ba22,0,0,1.484375,-0.6953125,0.8984105540811842,0.10158944591881586,1.6233417937735843,dann_matched,banglasarc3_binary+ben_sarc_binary,banglasarc3_binary,2024
f70f4b9f132b9352,0,0,0.828125,-0.27148438,0.7501869070811205,0.24981309291887951,1.6233417937735843,dann_matched,banglasarc3_binary+ben_sarc_binary,banglasarc3_binary,2024
e868e8fa9c38e342,0,0,2.375,-1.578125,0.9811668701095654,0.018833129890434692,1.6233417937735843,dann_matched,banglasarc3_binary+ben_sarc_binary,banglasarc3_binary,2024
34f804166b33a246,1,1,-1.28125,1.3203125,0.06903792817479,0.9309620718252101,1.6233417937735843,dann_matched,banglasarc3_binary+ben_sarc_binary,banglasarc3_binary,2024
186dcee2e7df2920,1,1,-1.15625,1.21875,0.08509904500702024,0.9149009549929797,1.6233417937735843,dann_matched,banglasarc3_binary+ben_sarc_binary,banglasarc3_binary,2024
992528b2a23ee70a,0,0,1.953125,-1.3046875,0.9629528313309248,0.037047168669075196,1.6233417937735843,dann_matched,banglasarc3_binary+ben_sarc_binary,banglasarc3_binary,2024
63b9ff3f715bfb2f,0,0,2.75,-2.109375,0.9923043528216078,0.007695647178392188,1.6233417937735843,dann_matched,banglasarc3_binary+ben_sarc_binary,banglasarc3_binary,2024
52a86f6315459641,1,1,-0.95703125,1.0078125,0.12294379806223382,0.8770562019377661,1.6233417937735843,dann_matched,banglasarc3_binary+ben_sarc_binary,banglasarc3_binary,2024
875e2c2018999836,0,0,2.78125,-2.109375,0.9925393565360598,0.007460643463940165,1.6233417937735843,dann_matched,banglasarc3_binary+ben_sarc_binary,banglasarc3_binary,2024
b0853ab27aae530b,0,0,2.65625,-1.8203125,0.988755439279336,0.01124456072066409,1.6233417937735843,dann_matched,banglasarc3_binary+ben_sarc_binary,banglasarc3_binary,2024
2360a4258810318d,0,1,-0.012451172,0.40039062,0.3982309077224409,0.6017690922775591,1.6233417937735843,dann_matched,banglasarc3_binary+ben_sarc_binary,banglasarc3_binary,2024
6691a7d1596c1c0e,0,0,2.78125,-2.046875,0.9920620058985926,0.007937994101407319,1.6233417937735843,dann_matched,banglasarc3_binary+ben_sarc_binary,banglasarc3_binary,2024
c7c7d1e79083dbae,0,1,0.008666992,0.45507812,0.39021438941213255,0.6097856105878675,1.6233417937735843,dann_matched,banglasarc3_binary+ben_sarc_binary,banglasarc3_binary,2024
07edd2171dff4faa,1,1,-0.99609375,1.109375,0.10856642283565619,0.8914335771643437,1.6233417937735843,dann_matched,banglasarc3_binary+ben_sarc_binary,banglasarc3_binary,2024
2652e297e664589c,1,1,-0.8125,0.97265625,0.14366760868432768,0.8563323913156724,1.6233417937735843,dann_matched,banglasarc3_binary+ben_sarc_binary,banglasarc3_binary,2024
ce6d32b468635b62,1,1,-2.15625,1.8046875,0.01868930842674908,0.9813106915732508,1.6233417937735843,dann_matched,banglasarc3_binary+ben_sarc_binary,banglasarc3_binary,2024
112e0419a2dcbd6c,0,1,0.091796875,0.36914062,0.4311051110763438,0.5688948889236563,1.6233417937735843,dann_matched,banglasarc3_binary+ben_sarc_binary,banglasarc3_binary,2024
175f493bd4aa3997,1,0,1.0703125,-0.46679688,0.8230441204335245,0.1769558795664754,1.6233417937735843,dann_matched,banglasarc3_binary+ben_sarc_binary,banglasarc3_binary,2024
15319cb8ed77aaa8,1,1,-0.65625,0.88671875,0.17610412024315097,0.823895879756849,1.6233417937735843,dann_matched,banglasarc3_binary+ben_sarc_binary,banglasarc3_binary,2024
