item_id,gold_label,pred_label,logit_0,logit_1,prob_0,prob_1,temperature,system,source,target,seed
75b57cb785399524,1,0,1.09375,-1.34375,0.9196425311777929,0.08035746882220708,2.032943863978997,dann_matched,banglasarc3_binary+banglasarc_binary,banglasarc3_binary,1
ea89903ebde9ec48,0,0,2.8125,-2.96875,0.9969246301499518,0.0030753698500482337,2.032943863978997,dann_matched,banglasarc3_binary+banglasarc_binary,banglasarc3_binary,1
7985dbfde1b7e765,1,0,0.796875,-1.0390625,0.8624675338981391,0.13753246610186087,2.032943863978997,dann_matched,banglasarc3_binary+banglasarc_binary,banglasarc3_binary,1
d0c67c93af7f80e7,0,0,2.703125,-2.875,0.9962345862153261,0.0037654137846738736,2.032943863978997,dann_matched,banglasarc3_binary+banglasarc_binary,banglasarc3_binary,1
050e2a5781c6d2a8,1,1,-1.75,1.4921875,0.03760863550580657,0.9623913644941934,2.032943863978997,dann_matched,banglasarc3_binary+banglasarc_binary,banglasarc3_binary,1
510f4f1ce14fbaae,1,0,0.98828125,-1.2265625,0.9015745876334377,0.0984254123665623,2.032943863978997,dann_matched,banglasarc3_binary+banglasarc_binary,banglasarc3_binary,1
1e477c743f0a9075,0,0,2.484375,-2.734375,0.9946150620382221,0.0053849379617779605,2.032943863978997,dann_matched,banglasarc3_binary+banglasarc_binary,banglasarc3_binary,1
8bc8673823772559,1,1,-0.5703125,0.18261719,0.32018327196675855,0.6798167280332414,2.032943863978997,dann_matched,banglasarc3_binary+banglasarc_binary,banglasarc3_binary,1
bd8f33b2d8745739,1,1,-1.9609375,1.8359375,0.02194825371486785,0.9780517462851323,2.032943863978997,dann_matched,banglasarc3_binary+banglasarc_binary,banglasarc3_binary,1
f38f331e6bcc6f51,0,0,2.390625,-2.78125,0.9943580914999767,0.00564190850002335,2.032943863978997,dann_matched,banglasarc3_binary+banglasarc_binary,banglasarc3_binary,1
711571c05022201a,1,0,0.7265625,-0.9453125,0.8418256472515684,0.1581743527484317,2.032943863978997,dann_matched,banglasarc3_binary+banglasarc_binary,banglasarc3_binary,1
e16f46a1ebdb3d2c,1,1,-0.26757812,-0.029785156,0.44083031035761705,0.559169689642383,2.032943863978997,dann_matched,banglasarc3_binary+banglasarc_binary,banglasarc3_binary,1
96f8f1c864b37ed7,0,1,-2.140625,1.984375,0.01590639171181471,0.9840936082881853,2.032943863978997,dann_matched,banglasarc3_binary+banglasarc_binary,banglasarc3_binary,1
f479880c55bd2491,0,0,2.3125,-2.5625,0.9924227587321393,0.007577241267860811,2.032943863978997,dann_matched,banglasarc3_binary+banglasarc_binary,banglasarc3_binary,1
65fbbf2f8d05469a,1,1,-1.703125,1.3359375,0.04569203238158463,0.9543079676184154,2.032943863978997,dann_matched,banglasarc3_binary+banglasarc_binary,banglasarc3_binary,1
8c201fa1f055e850,1,0,0.25390625,-0.42773438,0.664104769484346,0.33589523051565395,2.032943863978997,dann_matched,banglasarc3_binary+banglasarc_binary,banglasarc3_binary,1
eb85c00573b45dd3,1,1,-1.0078125,0.7265625,0.1500288243424251,0.849971175657575,2.032943863978997,dann_matched,banglasarc3_binary+banglasarc_binary,banglasarc3_binary,1
db73ddb0d256ba8f,1,0,0.03149414,-0.18164062,0.5530828961822499,0.44691710381775,2.032943863978997,dann_matched,banglasarc3_binary+banglasarc_binary,banglasarc3_binary,1
108f2ff9574fa860,1,0,0.96484375,-1.1953125,0.8966140333938164,0.10338596660618364,2.032943863978997,dann_matched,banglasarc3_binary+banglasarc_binary,banglasarc3_binary,1
651cfe2be094f7d4,0,0,2.171875,-2.453125,0.9902915235185259,0.009708476481474066,2.032943863978997,dann_matched,banglasarc3_binary+banglasarc_binary,banglasarc3_binary,1
701194ab8ff79d41,1,1,-2.21875,2.09375,0.013222821752305148,0.9867771782476948,2.032943863978997,dann_matched,banglasarc3_binary+banglasarc_binary,banglasarc3_binary,1
7d54a3089303d820,1,1,-2.046875,1.9140625,0.01868930842674908,0.9813106915732508,2.032943863978997,dann_matched,banglasarc3_binary+banglasarc_binary,banglasarc3_binary,1
07a4bfe2a5a2e5ca,1,1,-0.21875,-0.029785156,0.4528988618793441,0.547101138120656,2.032943863978997,dann_matched,banglasarc3_binary+banglasarc_binary,banglasarc3_binary,1
8e8d800bdbdaaff7,0,0,2.859375,-3.15625,0.9975656179914948,0.002434382008505326,2.032943863978997,dann_matched,banglasarc3_binary+banglasarc_binary,banglasarc3_binary,1
c015494f033a38d6,0,0,2.71875,-2.9375,0.9965165758069192,0.0034834241930806675,2.032943863978997,dann_matched,banglasarc3_binary+banglasarc_binary,banglasarc3_binary,1
ce91a1211be5691e,0,0,1.2890625,-1.546875,0.944587205618231,0.05541279438176918,2.032943863978997,dann_matched,banglasarc3_binary+banglasarc_binary,banglasarc3_binary,1
b67fe2f1724da4fc,0,0,2.125,-2.3125,0.9883127420043056,0.011687257995694434,2.032943863978997,dann_matched,banglasarc3_binary+banglasarc_binary,banglasarc3_binary,1
c82b33bcfb8e93ad,1,1,-2.5,2.375,0.007577241267860811,0.9924227587321393,2.032943863978997,dann_matched,banglasarc3_binary+banglasarc_binary,banglasarc3_binary,1
94ad7e948eed42c2,1,1,-1.34375,1.21875,0.07159119944455247,0.9284088005554476,2.032943863978997,dann_matched,banglasarc3_binary+banglasarc_binary,banglasarc3_binary,1
7065829cdc40567b,1,0,0.4375,-0.60546875,0.7394224220868858,0.2605775779131141,2.032943863978997,dann_matched,banglasarc3_binary+banglasarc_binary,banglasarc3_binary,1
80cf082fa6d9ed32,0,0,1.453125,-1.765625,0.9615338079816756,0.03846619201832428,2.032943863978997,dann_matched,banglasarc3_binary+banglasarc_binary,banglasarc3_binary,1
082cc009d05d3e6a,0,0,2.796875,-3.0,0.9969721649754317,0.0030278350245683794,2.032943863978997,dann_matched,banglasarc3_binary+banglasarc_binary,banglasarc3_binary,1
91675e6a7e696d31,1,1,-1.8828125,1.7109375,0.026759283185443145,0.9732407168145568,2.032943863978997,dann_matched,banglasarc3_binary+banglasarc_binary,banglasarc3_binary,1
0f26e9a22c5ac1d7,0,1,-1.4296875,1.296875,0.06142404005467019,0.9385759599453297,2.032943863978997,dann_matched,banglasarc3_binary+banglasarc_binary,banglasarc3_binary,1
9a4c63e1a0b50046,0,0,2.65625,-2.984375,0.9964619139429115,0.0035380860570885376,2.032943863978997,dann_matched,banglasarc3_binary+banglasarc_binary,banglasarc3_binary,1
dd8a11641c9c1035,1,1,-0.62109375,0.34179688,0.27629981702672846,0.7237001829732717,2.032943863978997,dann_matched,banglasarc3_binary+banglasarc_binary,banglasarc3_binary,1
947e78373e8ee90d,1,1,-2.375,2.21875,0.010013570623173138,0.9899864293768268,2.032943863978997,dann_matched,banglasarc3_binary+banglasarc_binary,banglasarc3_binary,1
a93bffde267df6fb,0,1,-1.5859375,1.40625,0.047780066363570746,0.9522199336364293,2.032943863978997,dann_matched,banglasarc3_binary+banglasarc_binary,banglasarc3_binary,1
2b6006a4aa890634,0,1,-1.546875,1.2890625,0.05541279438176918,0.944587205618231,2.032943863978997,dann_matched,banglasarc3_binary+banglasarc_binary,banglasarc3_binary,1
08c0f13f45787db9,0,0,2.546875,-2.734375,0.9949396679680339,0.00506033203196621,2.032943863978997,dann_matched,banglasarc3_binary+banglasarc_binary,banglasarc3_binary,1
ec266bb4c5478b18,1,1,-2.078125,1.8359375,0.01956867555531235,0.9804313244446876,2.032943863978997,dann_matched,banglasarc3_binary+banglasarc_binary,banglasarc3_binary,1
073d86cef983e918,1,1,-0.9765625,0.7890625,0.14608724704829565,0.8539127529517043,2.032943863978997,dann_matched,banglasarc3_binary+banglasarc_binary,banglasarc3_binary,1
67edcfa910eb831c,1,0,1.0390625,-1.2421875,0.9073122213606241,0.09268777863937604,2.032943863978997,dann_matched,banglasarc3_binary+banglasarc_binary,banglasarc3_binary,1
04d2c1127101c192,1,1,-1.859375,1.609375,0.03021458706739398,0.9697854129326061,2.032943863978997,dann_matched,banglasarc3_binary+banglasarc_binary,banglasarc3_binary,1
876b4804c6fc5b43,1,1,-2.125,1.9296875,0.01704531725343583,0.9829546827465642,2.032943863978997,dann_matched,banglasarc3_binary+banglasarc_binary,banglasarc3_binary,1
34dbd0864564cfc0,0,0,1.859375,-2.15625,0.9822877012965885,0.017712298703411445,2.032943863978997,dann_matched,banglasarc3_binary+banglasarc_binary,banglasarc3_binary,1
63a49fd32ab811fd,0,0,2.28125,-2.421875,0.9910145712474399,0.008985428752560176,2.032943863978997,dann_matched,banglasarc3_binary+banglasarc_binary,banglasarc3_binary,1
9f666c15fa725558,0,0,2.71875,-2.953125,0.9965703960759055,0.0034296039240944865,2.032943863978997,dann_matched,banglasarc3_binary+banglasarc_binary,banglasarc3_binary,1
265176b36196d1b2,0,1,-1.7890625,1.5625,0.03384403534049258,0.9661559646595075,2.032943863978997,dann_matched,banglasarc3_binary+banglasarc_binary,banglasarc3_binary,1
96de00b59977a347,1,1,-1.625,1.40625,0.046033902399240385,0.9539660976007597,2.032943863978997,dann_matched,banglasarc3_binary+banglasarc_binary,banglasarc3_binary,1
4a51117b4af25a2c,1,1,-1.4375,1.234375,0.06465348835622392,0.9353465116437761,2.032943863978997,dann_matched,banglasarc3_binary+banglasarc_binary,banglasarc3_binary,1
aaa1c8bb9251740a,1,1,-0.5546875,0.17285156,0.3257349953550519,0.6742650046449481,2.032943863978997,dann_matched,banglasarc3_binary+banglasarc_binary,banglasarc3_binary,1
b956c99bea48b45e,0,0,2.203125,-2.546875,0.991422514586288,0.008577485413711986,2.032943863978997,dann_matched,banglasarc3_binary+banglasarc_binary,banglasarc3_binary,1
a7f029b1664720b2,0,0,2.484375,-2.703125,0.994445075296309,0.005554924703691103,2.032943863978997,dann_matched,banglasarc3_binary+banglasarc_binary,banglasarc3_binary,1
1f65da3aad7897f2,0,0,2.484375,-2.8125,0.9950177302695786,0.004982269730421259,2.032943863978997,dann_matched,banglasarc3_binary+banglasarc_binary,banglasarc3_binary,1
e299df642da32c11,1,0,1.734375,-2.015625,0.9770226300899744,0.02297736991002561,2.032943863978997,dann_matched,banglasarc3_binary+banglasarc_binary,banglasarc3_binary,1
281dcf0e5128a950,1,0,0.734375,-0.96875,0.8459424373085146,0.15405756269148546,2.032943863978997,dann_matched,banglasarc3_binary+banglasarc_binary,banglasarc3_binary,1
4d19d4857cf11f76,1,1,-0.87890625,0.640625,0.17953055559881986,0.8204694444011801,2.032943863978997,dann_matched,banglasarc3_binary+banglasarc_binary,banglasarc3_binary,1
0a1efda3664119ed,0,0,1.125,-1.3671875,0.923592316649553,0.07640768335044701,2.032943863978997,dann_matched,banglasarc3_binary+banglasarc_binary,banglasarc3_binary,1
222513aed35eef7e,0,0,2.21875,-2.46875,0.9908743626108194,0.00912563738918052,2.032943863978997,dann_matched,banglasarc3_binary+banglasarc_binary,banglasarc3_binary,1
39fe6dafd7939acc,0,0,2.40625,-2.515625,0.992767236196521,0.007232763803479049,2.032943863978997,dann_matched,banglasarc3_binary+banglasarc_binary,banglasarc3_binary,1
a27193d4c497eccb,0,0,1.375,-1.5859375,0.9507778868028013,0.04922211319719861,2.032943863978997,dann_matched,banglasarc3_binary+banglasarc_binary,banglasarc3_binary,1
a6de149712c45c7c,1,1,-1.8125,1.5,0.03514484640079327,0.9648551535992067,2.032943863978997,dann_matched,banglasarc3_binary+banglasarc_binary,banglasarc3_binary,1
73ec3e5aee767003,0,0,2.46875,-2.65625,0.9940889311437562,0.005911068856243796,2.032943863978997,dann_matched,banglasarc3_binary+banglasarc_binary,banglasarc3_binary,1
7be88e4c070ecb7c,0,1,-1.6875,1.5546875,0.03760863550580657,0.9623913644941934,2.032943863978997,dann_matched,banglasarc3_binary+banglasarc_binary,banglasarc3_binary,1
e1692847746aaeb7,0,1,-1.8125,1.6875,0.029312230751356316,0.9706877692486436,2.032943863978997,dann_matched,banglasarc3_binary+banglasarc_binary,banglasarc3_binary,1
affe88ed42c09f2b,0,1,-0.16308594,-0.050048828,0.47177077423825553,0.5282292257617446,2.032943863978997,dann_matched,banglasarc3_binary+banglasarc_binary,banglasarc3_binary,1
c26d77ece62c8a34,0,0,2.90625,-2.984375,0.9972423776326046,0.002757622367395409,2.032943863978997,dann_matched,banglasarc3_binary+banglasarc_binary,banglasarc3_binary,1
4562504c76eb98bd,1,0,2.40625,-2.6875,0.9939024378074247,0.006097562192575309,2.032943863978997,dann_matched,banglasarc3_binary+banglasarc_binary,banglasarc3_binary,1
c31bf7af3cca52d5,0,0,1.7578125,-2.03125,0.9778834111979205,0.022116588802079524,2.032943863978997,dann_matched,banglasarc3_binary+banglasarc_binary,banglasarc3_binary,1
d60439bc7741539c,1,0,1.8671875,-2.21875,0.9834704434423458,0.01652955655765428,2.032943863978997,dann_matched,banglasarc3_binary+banglasarc_binary,banglasarc3_binary,1
f10b478fd6e0b177,0,0,2.390625,-2.546875,0.9928785712542649,0.007121428745735101,2.032943863978997,dann_matched,banglasarc3_binary+banglasarc_binary,banglasarc3_binary,1
3fbae9ce8772e658,0,0,2.4375,-2.65625,0.9939024378074247,0.006097562192575309,2.032943863978997,dann_matched,banglasarc3_binary+banglasarc_binary,banglasarc3_binary,1
d823840f4b1ff927,0,0,2.6875,-2.9375,0.9964063974185798,0.0035936025814200896,2.032943863978997,dann_matched,banglasarc3_binary+banglasarc_binary,banglasarc3_binary,1
e0c3a628a2e7801f,1,0,2.375,-2.703125,0.9938070098421449,0.006192990157855187,2.032943863978997,dann_matched,banglasarc3_binary+banglasarc_binary,banglasarc3_binary,1
eff887513d13438d,1,0,3.0,-3.203125,0.9979809860995514,0.0020190139004485808,2.032943863978997,dann_matched,banglasarc3_binary+banglasarc_binary,banglasarc3_binary,1
0cd82b6dca6fe2e1,1,0,-0.033935547,-0.23535156,0.5501844598576836,0.44981554014231645,2.032943863978997,dann_matched,banglasarc3_binary+banglasarc_binary,banglasarc3_binary,1
1d09754dbb62cc6b,1,1,-2.09375,1.953125,0.017176709012318405,0.9828232909876817,2.032943863978997,dann_matched,banglasarc3_binary+banglasarc_binary,banglasarc3_binary,1
c311ed8c137856aa,1,0,0.62890625,-0.9921875,0.8349459160708924,0.16505408392910761,2.032943863978997,dann_matched,banglasarc3_binary+banglasarc_binary,banglasarc3_binary,1
7071237a4ec6c93c,1,1,-1.3125,1.078125,0.08389038641057993,0.91610961358942,2.032943863978997,dann_matched,banglasarc3_binary+banglasarc_binary,banglasarc3_binary,1
406cc3cc6af1c396,0,1,-2.140625,2.0,0.015663648711668327,0.9843363512883317,2.032943863978997,dann_matched,banglasarc3_binary+banglasarc_binary,banglasarc3_binary,1
5017f4130c84f906,1,1,-1.25,1.03125,0.09268777863937604,0.9073122213606241,2.032943863978997,dann_matched,banglasarc3_binary+banglasarc_binary,banglasarc3_binary,1
dda9d98881ec3a10,0,0,2.171875,-2.5,0.9907319866190857,0.009268013380914325,2.032943863978997,dann_matched,banglasarc3_binary+banglasarc_binary,banglasarc3_binary,1
44526b65a93bf812,0,0,1.9921875,-2.171875,0.9846936454393053,0.015306354560694808,2.032943863978997,dann_matched,banglasarc3_binary+banglasarc_binary,banglasarc3_binary,1
045171b67bd95561,0,0,2.609375,-2.828125,0.9956684979794361,0.00433150202056399,2.032943863978997,dann_matched,banglasarc3_binary+banglasarc_binary,banglasarc3_binary,1
008c34b815bb55fd,0,0,2.59375,-2.90625,0.995929862284104,0.004070137715896127,2.032943863978997,dann_matched,banglasarc3_binary+banglasarc_binary,banglasarc3_binary,1
aca0a6cea18374f2,0,0,2.625,-2.984375,0.9963500129687901,0.003649987031209837,2.032943863978997,dann_matched,banglasarc3_binary+banglasarc_binary,banglasarc3_binary,1
51e0fcfbe89577bb,1,1,-0.23632812,0.030029297,0.43380156026410666,0.5661984397358933,2.032943863978997,dann_matched,banglasarc3_binary+banglasarc_binary,banglasarc3_binary,1
0cd747c951646fc6,1,1,-1.1640625,0.9609375,0.10669059394565118,0.8933094060543487,2.032943863978997,dann_matched,banglasarc3_binary+banglasarc_binary,banglasarc3_binary,1
2a8dc43b96afa2e7,1,1,-0.9765625,0.75390625,0.15052763130295335,0.8494723686970466,2.032943863978997,dann_matched,banglasarc3_binary+banglasarc_binary,banglasarc3_binary,1
4dacd616983d14ed,1,0,2.46875,-2.734375,0.9945307254013009,0.005469274598698993,2.032943863978997,dann_matched,banglasarc3_binary+banglasarc_binary,banglasarc3_binary,1
8e45e4191312d057,0,0,2.421875,-2.46875,0.9925393565360598,0.007460643463940165,2.032943863978997,dann_matched,banglasarc3_binary+banglasarc_binary,banglasarc3_binary,1
a30ac9245fef57e8,0,0,0.26171875,-0.5625,0.6951311290900456,0.3048688709099544,2.032943863978997,dann_matched,banglasarc3_binary+banglasarc_binary,banglasarc3_binary,1
1ba578744dcf18f2,0,0,1.96875,-2.1875,0.9845754479181588,0.015424552081841137,2.032943863978997,dann_matched,banglasarc3_binary+banglasarc_binary,banglasarc3_binary,1
b1a866c6cbb06b7b,0,0,2.875,-3.15625,0.997603269129871,0.0023967308701289603,2.032943863978997,dann_matched,banglasarc3_binary+banglasarc_binary,banglasarc3_binary,1
a61d6c2433486af9,0,1,-0.7109375,0.48828125,0.23161422568770776,0.7683857743122923,2.032943863978997,dann_matched,banglasarc3_binary+banglasarc_binary,banglasarc3_binary,1
8cb4b0e68d2b2280,0,0,2.234375,-2.453125,0.9908743626108194,0.00912563738918052,2.032943863978997,dann_matched,banglasarc3_binary+banglasarc_binary,banglasarc3_binary,1
5862ad605fad8a15,1,0,0.44921875,-0.71875,0.7627776615116516,0.2372223384883484,2.032943863978997,dann_matched,banglasarc3_binary+banglasarc_binary,banglasarc3_binary,1
cdf0634800d69305,1,0,0.9921875,-1.1640625,0.8962513731336202,0.10374862686637971,2.032943863978997,dann_matched,banglasarc3_binary+banglasarc_binary,banglasarc3_binary,1
778c43b485a168af,1,0,1.328125,-1.640625,0.9511422213778251,0.048857778622174906,2.032943863978997,dann_matched,banglasarc3_binary+banglasarc_binary,banglasarc3_binary,1
1df9d37a3cec5465,0,0,2.4375,-2.546875,0.9932024684496267,0.006797531550373378,2.032943863978997,dann_matched,banglasarc3_binary+banglasarc_binary,banglasarc3_binary,1
47b74426cb84e137,1,0,1.2421875,-1.5078125,0.9399133498259924,0.06008665017400762,2.032943863978997,dann_matched,banglasarc3_binary+banglasarc_binary,banglasarc3_binary,1
3f468b17c098db0b,0,0,1.375,-1.7109375,0.956308939359532,0.04369106064046812,2.032943863978997,dann_matched,banglasarc3_binary+banglasarc_binary,banglasarc3_binary,1
e8eed6879adc1fb9,1,1,-0.18066406,-0.07421875,0.47341377030697784,0.5265862296930222,2.032943863978997,dann_matched,banglasarc3_binary+banglasarc_binary,banglasarc3_binary,1
59adf653819d9fe1,0,0,1.09375,-1.296875,0.91610961358942,0.08389038641057993,2.032943863978997,dann_matched,banglasarc3_binary+banglasarc_binary,banglasarc3_binary,1
ab24e7278a3aa349,1,0,1.8828125,-2.09375,0.9815951096107584,0.018404890389241722,2.032943863978997,dann_matched,banglasarc3_binary+banglasarc_binary,banglasarc3_binary,1
e3d3248598f096fa,1,1,-1.890625,1.640625,0.02843603304485266,0.9715639669551474,2.032943863978997,dann_matched,banglasarc3_binary+banglasarc_binary,banglasarc3_binary,1
cc1dab7c4d3e2fa9,1,0,1.8515625,-1.859375,0.976129165047569,0.023870834952430912,2.032943863978997,dann_matched,banglasarc3_binary+banglasarc_binary,banglasarc3_binary,1
f7a48562ed437eea,0,0,2.453125,-2.625,0.9938070098421449,0.006192990157855187,2.032943863978997,dann_matched,banglasarc3_binary+banglasarc_binary,banglasarc3_binary,1
b2ae48f6c244c3b3,1,1,-0.875,0.40039062,0.21833586262455928,0.7816641373754407,2.032943863978997,dann_matched,banglasarc3_binary+banglasarc_binary,banglasarc3_binary,1
6d69a5e5443ef4a0,0,0,1.078125,-1.4296875,0.9246876936763765,0.07531230632362355,2.032943863978997,dann_matched,banglasarc3_binary+banglasarc_binary,banglasarc3_binary,1
17e9568c1bec66f3,1,0,2.796875,-2.9375,0.9967775156759975,0.003222484324002434,2.032943863978997,dann_matched,banglasarc3_binary+banglasarc_binary,banglasarc3_binary,1
432511856befb10b,0,0,2.578125,-2.71875,0.9950177302695786,0.004982269730421259,2.032943863978997,dann_matched,banglasarc3_binary+banglasarc_binary,banglasarc3_binary,1
b7be99240747d7b9,0,0,1.546875,-1.78125,0.9653811611608242,0.03461883883917583,2.032943863978997,dann_matched,banglasarc3_binary+banglasarc_binary,banglasarc3_binary,1
88421f62e8ff3b41,1,0,1.953125,-2.25,0.9852713861502774,0.014728613849722676,2.032943863978997,dann_matched,banglasarc3_binary+banglasarc_binary,banglasarc3_binary,1
3e2207ffcf3ee105,0,0,0.36132812,-0.66015625,0.7352616368564966,0.2647383631435034,2.032943863978997,dann_matched,banglasarc3_binary+banglasarc_binary,banglasarc3_binary,1
51b018644cef2e50,0,0,2.265625,-2.515625,0.9916842215225259,0.008315778477474129,2.032943863978997,dann_matched,banglasarc3_binary+banglasarc_binary,banglasarc3_binary,1
f95cec4307ef3024,0,0,2.375,-2.609375,0.9932024684496267,0.006797531550373378,2.032943863978997,dann_matched,banglasarc3_binary+banglasarc_binary,banglasarc3_binary,1
26b12ba4953ff47f,1,1,-1.2734375,1.0625,0.08819004480076281,0.9118099551992372,2.032943863978997,dann_matched,banglasarc3_binary+banglasarc_binary,banglasarc3_binary,1
9e6fb96648d97dc0,0,0,1.46875,-1.78125,0.9626731126558706,0.037326887344129464,2.032943863978997,dann_matched,banglasarc3_binary+banglasarc_binary,banglasarc3_binary,1
a4b8f5a2bfe6f63a,1,1,-2.390625,2.21875,0.009859855303538789,0.9901401446964613,2.032943863978997,dann_matched,banglasarc3_binary+banglasarc_binary,banglasarc3_binary,1
c7e2731135ca9edc,1,1,-2.15625,2.015625,0.015189048807983947,0.984810951192016,2.032943863978997,dann_matched,banglasarc3_binary+banglasarc_binary,banglasarc3_binary,1
a5f5e1447f81c7c1,0,0,2.046875,-2.265625,0.9867771782476948,0.013222821752305148,2.032943863978997,dann_matched,banglasarc3_binary+banglasarc_binary,banglasarc3_binary,1
c2122763b56ffbf5,1,0,1.96875,-2.296875,0.9861513897844354,0.013848610215564576,2.032943863978997,dann_matched,banglasarc3_binary+banglasarc_binary,banglasarc3_binary,1
d89f0be1f7612e43,1,1,-1.2578125,0.97265625,0.09704755697933022,0.9029524430206697,2.032943863978997,dann_matched,banglasarc3_binary+banglasarc_binary,banglasarc3_binary,1
83ff80d11d2cfe42,0,0,0.25976562,-0.5234375,0.6863700497784223,0.3136299502215776,2.032943863978997,dann_matched,banglasarc3_binary+banglasarc_binary,banglasarc3_binary,1
ff19766f243a9d57,1,1,-2.765625,2.609375,0.004609572179374208,0.9953904278206259,2.032943863978997,dann_matched,banglasarc3_binary+banglasarc_binary,banglasarc3_binary,1
e8bd3886d550c247,1,1,-1.6328125,1.40625,0.04569203238158463,0.9543079676184154,2.032943863978997,dann_matched,banglasarc3_binary+banglasarc_binary,banglasarc3_binary,1
0cb293f08063597d,1,0,2.515625,-2.65625,0.9943580914999767,0.00564190850002335,2.032943863978997,dann_matched,banglasarc3_binary+banglasarc_binary,banglasarc3_binary,1
bd4e9e3bdd01a022,1,0,2.21875,-2.265625,0.988841968751916,0.011158031248084033,2.032943863978997,dann_matched,banglasarc3_binary+banglasarc_binary,banglasarc3_binary,1
5b22a3f51d681541,0,0,2.4375,-2.78125,0.9946150620382221,0.0053849379617779605,2.032943863978997,dann_matched,banglasarc3_binary+banglasarc_binary,banglasarc3_binary,1
5e682d52ed383d6b,0,0,2.046875,-2.28125,0.9869795098861571,0.013020490113842825,2.032943863978997,dann_matched,banglasarc3_binary+banglasarc_binary,banglasarc3_binary,1
baad976c4d644487,0,0,2.3125,-2.515625,0.9920620058985926,0.007937994101407319,2.032943863978997,dann_matched,banglasarc3_binary+banglasarc_binary,banglasarc3_binary,1
dd9bd6b2bf6b34e5,1,1,-1.8671875,1.71875,0.02696349986233355,0.9730365001376665,2.032943863978997,dann_matched,banglasarc3_binary+banglasarc_binary,banglasarc3_binary,1
cdbf9e38b718e84c,0,0,2.546875,-2.71875,0.9948603889024311,0.005139611097568844,2.032943863978997,dann_matched,banglasarc3_binary+banglasarc_binary,banglasarc3_binary,1
4d0a57f210a73977,1,0,2.328125,-2.515625,0.9921841112107114,0.007815888789288626,2.032943863978997,dann_matched,banglasarc3_binary+banglasarc_binary,banglasarc3_binary,1
ab338dede5081252,0,0,2.296875,-2.5625,0.9923043528216078,0.007695647178392188,2.032943863978997,dann_matched,banglasarc3_binary+banglasarc_binary,banglasarc3_binary,1
ab718a592e29dca9,0,0,3.0625,-3.234375,0.9981613347123114,0.0018386652876885773,2.032943863978997,dann_matched,banglasarc3_binary+banglasarc_binary,banglasarc3_binary,1
e36d944d14221a6c,0,0,2.515625,-2.734375,0.9947798743064417,0.005220125693558397,2.032943863978997,dann_matched,banglasarc3_binary+banglasarc_binary,banglasarc3_binary,1
63ea034834c6a12c,0,0,2.546875,-2.71875,0.9948603889024311,0.005139611097568844,2.032943863978997,dann_matched,banglasarc3_binary+banglasarc_binary,banglasarc3_binary,1
1ead6e0bfd452d2b,1,1,-2.0,1.7890625,0.022116588802079524,0.9778834111979205,2.032943863978997,dann_matched,banglasarc3_binary+banglasarc_binary,banglasarc3_binary,1
9fb91b24bd470ab7,0,0,0.8515625,-1.015625,0.8661325122464822,0.13386748775351784,2.032943863978997,dann_matched,banglasarc3_binary+banglasarc_binary,banglasarc3_binary,1
7adb5d686301eb8f,1,0,2.390625,-2.59375,0.9932024684496267,0.006797531550373378,2.032943863978997,dann_matched,banglasarc3_binary+banglasarc_binary,banglasarc3_binary,1
30a467ac9c6d2435,1,1,-2.59375,2.421875,0.006589771663080563,0.9934102283369194,2.032943863978997,dann_matched,banglasarc3_binary+banglasarc_binary,banglasarc3_binary,1
4e5a50b99551fa9f,0,0,1.9609375,-2.234375,0.9851575827657517,0.014842417234248268,2.032943863978997,dann_matched,banglasarc3_binary+banglasarc_binary,banglasarc3_binary,1
2cc5b657e99479ab,1,1,-1.8671875,1.5859375,0.030675801710674105,0.9693241982893259,2.032943863978997,dann_matched,banglasarc3_binary+banglasarc_binary,banglasarc3_binary,1
60a819c9455826f5,0,0,2.4375,-2.625,0.9937100978631075,0.0062899021368924835,2.032943863978997,dann_matched,banglasarc3_binary+banglasarc_binary,banglasarc3_binary,1
f387e0db7e685a99,0,0,2.171875,-2.40625,0.9898303422461273,0.010169657753872614,2.032943863978997,dann_matched,banglasarc3_binary+banglasarc_binary,banglasarc3_binary,1
0ccfba3f9e960460,1,1,-0.16894531,-0.072265625,0.4758488868231692,0.5241511131768308,2.032943863978997,dann_matched,banglasarc3_binary+banglasarc_binary,banglasarc3_binary,1
ddc2982c4d5b19bb,0,0,2.0625,-2.328125,0.9877587247081928,0.012241275291807161,2.032943863978997,dann_matched,banglasarc3_binary+banglasarc_binary,banglasarc3_binary,1
c9700acd4f20666a,1,1,-1.3828125,1.0859375,0.07807816514495095,0.9219218348550491,2.032943863978997,dann_matched,banglasarc3_binary+banglasarc_binary,banglasarc3_binary,1
d4943eed81c34c48,1,0,2.09375,-2.34375,0.9883127420043056,0.011687257995694434,2.032943863978997,dann_matched,banglasarc3_binary+banglasarc_binary,banglasarc3_binary,1
2e2e4b889c9df812,1,1,-0.21972656,-0.009399414,0.4476111998177913,0.5523888001822088,2.032943863978997,dann_matched,banglasarc3_binary+banglasarc_binary,banglasarc3_binary,1
5ddbd9cf7f8b9e4e,1,0,0.26171875,-0.62109375,0.7074047009882609,0.292595299011739,2.032943863978997,dann_matched,banglasarc3_binary+banglasarc_binary,banglasarc3_binary,1
0346c19c3d6e1abf,0,0,2.484375,-2.6875,0.9943580914999767,0.00564190850002335,2.032943863978997,dann_matched,banglasarc3_binary+banglasarc_binary,banglasarc3_binary,1
c5d392cb407885e6,0,0,1.1171875,-1.4296875,0.927363293639213,0.07263670636078697,2.032943863978997,dann_matched,banglasarc3_binary+banglasarc_binary,banglasarc3_binary,1
f4997612d5ea678a,0,0,0.18261719,-0.5,0.6643225759919834,0.33567742400801664,2.032943863978997,dann_matched,banglasarc3_binary+banglasarc_binary,banglasarc3_binary,1
5fb61d0d9878c215,0,0,1.171875,-1.4140625,0.9299510391228232,0.07004896087717674,2.032943863978997,dann_matched,banglasarc3_binary+banglasarc_binary,banglasarc3_binary,1
a3b2337ee913ed3c,1,0,1.3828125,-1.671875,0.9549844683997677,0.04501553160023231,2.032943863978997,dann_matched,banglasarc3_binary+banglasarc_binary,banglasarc3_binary,1
218ac0a1387a629e,0,0,1.515625,-1.75,0.9632305339244013,0.036769466075598736,2.032943863978997,dann_matched,banglasarc3_binary+banglasarc_binary,banglasarc3_binary,1
18e844b31049008b,0,0,2.4375,-2.59375,0.9935117304033434,0.006488269596656705,2.032943863978997,dann_matched,banglasarc3_binary+banglasarc_binary,banglasarc3_binary,1
cbed70c13bc0c9f0,1,0,1.5546875,-1.8984375,0.9693241982893259,0.030675801710674105,2.032943863978997,dann_matched,banglasarc3_binary+banglasarc_binary,banglasarc3_binary,1
2ab1740ebfbd3e05,1,0,2.46875,-2.59375,0.9937100978631075,0.0062899021368924835,2.032943863978997,dann_matched,banglasarc3_binary+banglasarc_binary,banglasarc3_binary,1
0ac6a6a9e59b6038,1,1,-2.109375,2.0,0.016152834822140957,0.983847165177859,2.032943863978997,dann_matched,banglasarc3_binary+banglasarc_binary,banglasarc3_binary,1
08f7a8e225bd8151,1,1,-1.25,0.95703125,0.09912085510042459,0.9008791448995754,2.032943863978997,dann_matched,banglasarc3_binary+banglasarc_binary,banglasarc3_binary,1
b09ce16653e41187,1,0,0.0146484375,-0.27148438,0.5710491189132763,0.4289508810867238,2.032943863978997,dann_matched,banglasarc3_binary+banglasarc_binary,banglasarc3_binary,1
d8186fbe40131e81,1,1,-1.6953125,1.4609375,0.040845715909949315,0.9591542840900507,2.032943863978997,dann_matched,banglasarc3_binary+banglasarc_binary,banglasarc3_binary,1
c89eaa10622b37e2,1,1,-1.4375,1.1875,0.0675466911396291,0.9324533088603709,2.032943863978997,dann_matched,banglasarc3_binary+banglasarc_binary,banglasarc3_binary,1
0ef139aef5b0b651,1,1,-2.515625,2.421875,0.007121428745735101,0.9928785712542649,2.032943863978997,dann_matched,banglasarc3_binary+banglasarc_binary,banglasarc3_binary,1
2f577efec6c86515,1,1,-2.0,1.84375,0.0209642408181275,0.9790357591818724,2.032943863978997,dann_matched,banglasarc3_binary+banglasarc_binary,banglasarc3_binary,1
843e76141f5386ea,1,1,-1.4296875,1.171875,0.06903792817479,0.9309620718252101,2.032943863978997,dann_matched,banglasarc3_binary+banglasarc_binary,banglasarc3_binary,1
a6b139ef0507918c,0,0,0.55078125,-0.9453125,0.8169911499760516,0.18300885002394832,2.032943863978997,dann_matched,banglasarc3_binary+banglasarc_binary,banglasarc3_binary,1
364f64d22ee2ac7a,0,0,2.6875,-2.921875,0.9963500129687901,0.003649987031209837,2.032943863978997,dann_matched,banglasarc3_binary+banglasarc_binary,banglasarc3_binary,1
2ac3b1eefc9be85e,1,1,-1.0390625,0.8515625,0.13117322376181567,0.8688267762381844,2.032943863978997,dann_matched,banglasarc3_binary+banglasarc_binary,banglasarc3_binary,1
adf94921ccf02eaa,1,1,-2.453125,2.234375,0.00912563738918052,0.9908743626108194,2.032943863978997,dann_matched,banglasarc3_binary+banglasarc_binary,banglasarc3_binary,1
a4d173afcf1ce29e,0,0,1.8984375,-2.109375,0.982151261550011,0.017848738449988986,2.032943863978997,dann_matched,banglasarc3_binary+banglasarc_binary,banglasarc3_binary,1
503091a9ce967b64,1,1,-1.65625,1.453125,0.042722197546490565,0.9572778024535095,2.032943863978997,dann_matched,banglasarc3_binary+banglasarc_binary,banglasarc3_binary,1
4d1624fcf2e4e7d6,1,0,0.78125,-0.9609375,0.8509647055213694,0.14903529447863062,2.032943863978997,dann_matched,banglasarc3_binary+banglasarc_binary,banglasarc3_binary,1
7bb7f9b1cb68aac0,0,0,2.9375,-3.203125,0.9978510507163746,0.0021489492836254285,2.032943863978997,dann_matched,banglasarc3_binary+banglasarc_binary,banglasarc3_binary,1
9b912e15d3d8493f,0,0,1.8203125,-2.109375,0.9807288620802312,0.019271137919768803,2.032943863978997,dann_matched,banglasarc3_binary+banglasarc_binary,banglasarc3_binary,1
3827617f21fba1e3,0,0,2.796875,-3.015625,0.9970189672701452,0.0029810327298548972,2.032943863978997,dann_matched,banglasarc3_binary+banglasarc_binary,banglasarc3_binary,1
bbfcd270940c6f50,0,0,-0.07470703,-0.13964844,0.5162296480721722,0.48377035192782775,2.032943863978997,dann_matched,banglasarc3_binary+banglasarc_binary,banglasarc3_binary,1
a5f9487af8a08111,1,1,-2.015625,1.75,0.022629200033037256,0.9773707999669629,2.032943863978997,dann_matched,banglasarc3_binary+banglasarc_binary,banglasarc3_binary,1
b132c35de55abf62,1,1,-0.50390625,0.28320312,0.31278967940241514,0.6872103205975849,2.032943863978997,dann_matched,banglasarc3_binary+banglasarc_binary,banglasarc3_binary,1
49e50f5f6743b9a9,0,0,0.084472656,-0.25,0.5828472433792979,0.41715275662070206,2.032943863978997,dann_matched,banglasarc3_binary+banglasarc_binary,banglasarc3_binary,1
bc2fea241ae6e245,0,0,2.1875,-2.65625,0.9921841112107114,0.007815888789288626,2.032943863978997,dann_matched,banglasarc3_binary+banglasarc_binary,banglasarc3_binary,1
1ac9669da2a3b22a,0,0,2.046875,-2.359375,0.9879462204837635,0.012053779516236447,2.032943863978997,dann_matched,banglasarc3_binary+banglasarc_binary,banglasarc3_binary,1
c678ed32dfec8e9b,1,1,-1.3203125,0.8671875,0.10087862273005653,0.8991213772699436,2.032943863978997,dann_matched,banglasarc3_binary+banglasarc_binary,banglasarc3_binary,1
1a46fdea53a04cce,0,1,-0.80078125,0.43945312,0.22439519200468586,0.7756048079953142,2.032943863978997,dann_matched,banglasarc3_binary+banglasarc_binary,banglasarc3_binary,1
a27bf2e316d4219b,1,1,-1.6640625,1.5,0.040540738463481864,0.9594592615365182,2.032943863978997,dann_matched,banglasarc3_binary+banglasarc_binary,banglasarc3_binary,1
0cec6e06c0ba9f1e,0,0,3.0625,-3.34375,0.9983515170581486,0.001648482941851288,2.032943863978997,dann_matched,banglasarc3_binary+banglasarc_binary,banglasarc3_binary,1
d6b2f0ee01c230dd,1,0,2.625,-2.875,0.995929862284104,0.004070137715896127,2.032943863978997,dann_matched,banglasarc3_binary+banglasarc_binary,banglasarc3_binary,1
9eb091e9a9d4c695,0,0,0.6328125,-0.96875,0.8322366527818007,0.16776334721819924,2.032943863978997,dann_matched,banglasarc3_binary+banglasarc_binary,banglasarc3_binary,1
963ae71db6ff7e4f,0,0,2.09375,-2.34375,0.9883127420043056,0.011687257995694434,2.032943863978997,dann_matched,banglasarc3_binary+banglasarc_binary,banglasarc3_binary,1
9aabf8d92c3a8ef5,1,0,0.66796875,-0.875,0.823895879756849,0.17610412024315097,2.032943863978997,dann_matched,banglasarc3_binary+banglasarc_binary,banglasarc3_binary,1
1f00788c3c80def3,0,0,2.5625,-2.75,0.9950945942942779,0.004905405705722035,2.032943863978997,dann_matched,banglasarc3_binary+banglasarc_binary,banglasarc3_binary,1
b39f2b8134c7f61a,1,0,0.73046875,-1.0234375,0.8524448171983366,0.1475551828016634,2.032943863978997,dann_matched,banglasarc3_binary+banglasarc_binary,banglasarc3_binary,1
a6a9b4365f236b0d,1,0,1.75,-1.8984375,0.9746286885255978,0.02537131147440214,2.032943863978997,dann_matched,banglasarc3_binary+banglasarc_binary,banglasarc3_binary,1
672f65575c01c938,1,0,0.8359375,-1.0625,0.8697145792507666,0.13028542074923347,2.032943863978997,dann_matched,banglasarc3_binary+banglasarc_binary,banglasarc3_binary,1
c361b64edd41d872,0,1,-2.078125,1.90625,0.01826427835185701,0.9817357216481429,2.032943863978997,dann_matched,banglasarc3_binary+banglasarc_binary,banglasarc3_binary,1
89c73de9b852078e,0,0,1.671875,-1.8984375,0.9726235112216486,0.027376488778351356,2.032943863978997,dann_matched,banglasarc3_binary+banglasarc_binary,banglasarc3_binary,1
ce8d47c1fb816aa3,0,0,2.359375,-2.515625,0.9924227587321393,0.007577241267860811,2.032943863978997,dann_matched,banglasarc3_binary+banglasarc_binary,banglasarc3_binary,1
456683ca31fa5e65,0,0,0.890625,-1.1953125,0.8895288461051276,0.11047115389487247,2.032943863978997,dann_matched,banglasarc3_binary+banglasarc_binary,banglasarc3_binary,1
ebd8a51d0f72f8ae,0,1,-2.1875,1.9375,0.01590639171181471,0.9840936082881853,2.032943863978997,dann_matched,banglasarc3_binary+banglasarc_binary,banglasarc3_binary,1
fb863821fda44d53,1,1,-0.19824219,-0.14648438,0.4870634346953705,0.5129365653046294,2.032943863978997,dann_matched,banglasarc3_binary+banglasarc_binary,banglasarc3_binary,1
3b470389b41a77d0,0,0,2.5625,-2.796875,0.9953181774756662,0.0046818225243337366,2.032943863978997,dann_matched,banglasarc3_binary+banglasarc_binary,banglasarc3_binary,1
7485ab52357fe573,0,0,2.75,-3.0,0.9968273171575148,0.0031726828424851893,2.032943863978997,dann_matched,banglasarc3_binary+banglasarc_binary,banglasarc3_binary,1
5d08e6dbd0a02098,0,0,2.90625,-3.203125,0.9977829869770526,0.0022170130229473865,2.032943863978997,dann_matched,banglasarc3_binary+banglasarc_binary,banglasarc3_binary,1
bd8e1a4992f836d9,1,1,-1.0234375,0.80859375,0.13799647126840353,0.8620035287315965,2.032943863978997,dann_matched,banglasarc3_binary+banglasarc_binary,banglasarc3_binary,1
f54c8c8dd14b9ee4,1,0,1.7109375,-1.9140625,0.9740426428022031,0.02595735719779685,2.032943863978997,dann_matched,banglasarc3_binary+banglasarc_binary,banglasarc3_binary,1
93aa7ab3e702a390,1,1,-1.1484375,1.0,0.10447732313023693,0.8955226768697631,2.032943863978997,dann_matched,banglasarc3_binary+banglasarc_binary,banglasarc3_binary,1
5d4df30470964289,0,0,2.484375,-2.828125,0.9950945942942779,0.004905405705722035,2.032943863978997,dann_matched,banglasarc3_binary+banglasarc_binary,banglasarc3_binary,1
99413b6d85bd8b6a,1,1,-2.234375,2.0625,0.013428254741968517,0.9865717452580314,2.032943863978997,dann_matched,banglasarc3_binary+banglasarc_binary,banglasarc3_binary,1
b6c18248921fce54,1,0,1.8671875,-2.09375,0.9813106915732508,0.01868930842674908,2.032943863978997,dann_matched,banglasarc3_binary+banglasarc_binary,banglasarc3_binary,1
1cabf2a505c66110,1,1,-0.7578125,0.4375,0.23231014609688014,0.76768985390312,2.032943863978997,dann_matched,banglasarc3_binary+banglasarc_binary,banglasarc3_binary,1
4e7d5694a62e5de3,1,1,-1.7734375,1.5,0.0364937662290278,0.9635062337709722,2.032943863978997,dann_matched,banglasarc3_binary+banglasarc_binary,banglasarc3_binary,1
27bff07ea2567aff,0,1,-0.5859375,0.41015625,0.2697101295716962,0.7302898704283038,2.032943863978997,dann_matched,banglasarc3_binary+banglasarc_binary,banglasarc3_binary,1
3d2b2afef8a71422,0,0,2.65625,-2.921875,0.9962345862153261,0.0037654137846738736,2.032943863978997,dann_matched,banglasarc3_binary+banglasarc_binary,banglasarc3_binary,1
a6b65f2d6607df8d,0,0,0.69140625,-0.95703125,0.8386797622482537,0.16132023775174625,2.032943863978997,dann_matched,banglasarc3_binary+banglasarc_binary,banglasarc3_binary,1
f2ce21fd06e6c0a1,0,0,1.6484375,-1.8515625,0.9706877692486436,0.029312230751356316,2.032943863978997,dann_matched,banglasarc3_binary+banglasarc_binary,banglasarc3_binary,1
8c321d6535475133,0,1,-2.28125,1.984375,0.013848610215564576,0.9861513897844354,2.032943863978997,dann_matched,banglasarc3_binary+banglasarc_binary,banglasarc3_binary,1
e4400f251525d858,0,0,2.25,-2.453125,0.9910145712474399,0.008985428752560176,2.032943863978997,dann_matched,banglasarc3_binary+banglasarc_binary,banglasarc3_binary,1
a2549aea9cf0feed,0,0,2.703125,-3.03125,0.9967775156759975,0.003222484324002434,2.032943863978997,dann_matched,banglasarc3_binary+banglasarc_binary,banglasarc3_binary,1
208728590d99f477,0,0,1.9765625,-2.40625,0.9876638995791303,0.012336100420869755,2.032943863978997,dann_matched,banglasarc3_binary+banglasarc_binary,banglasarc3_binary,1
d7aa541a5731f237,1,1,-0.36328125,0.13671875,0.37754066879814546,0.6224593312018546,2.032943863978997,dann_matched,banglasarc3_binary+banglasarc_binary,banglasarc3_binary,1
72d9d0c152014fd4,1,1,-1.0703125,0.71875,0.1431877021825763,0.8568122978174237,2.032943863978997,dann_matched,banglasarc3_binary+banglasarc_binary,banglasarc3_binary,1
8dc4677cf180080c,0,0,2.9375,-3.21875,0.9978842965994068,0.002115703400593114,2.032943863978997,dann_matched,banglasarc3_binary+banglasarc_binary,banglasarc3_binary,1
326478b91e0a83b6,0,0,2.296875,-2.578125,0.9924227587321393,0.007577241267860811,2.032943863978997,dann_matched,banglasarc3_binary+banglasarc_binary,banglasarc3_binary,1
38972718ea06dcda,0,0,2.9375,-3.265625,0.9979809860995514,0.0020190139004485808,2.032943863978997,dann_matched,banglasarc3_binary+banglasarc_binary,banglasarc3_binary,1
7bb95f4327f97619,0,0,2.15625,-2.359375,0.9891815513471369,0.010818448652863185,2.032943863978997,dann_matched,banglasarc3_binary+banglasarc_binary,banglasarc3_binary,1
b5430ac62bc817b3,0,0,0.39257812,-0.70703125,0.7501869070811205,0.24981309291887951,2.032943863978997,dann_matched,banglasarc3_binary+banglasarc_binary,banglasarc3_binary,1
7745aafd0a592886,0,0,2.328125,-2.5,0.9920620058985926,0.007937994101407319,2.032943863978997,dann_matched,banglasarc3_binary+banglasarc_binary,banglasarc3_binary,1
6327f9fa75cf0eb5,0,0,2.578125,-2.796875,0.9953904278206259,0.004609572179374208,2.032943863978997,dann_matched,banglasarc3_binary+banglasarc_binary,banglasarc3_binary,1
50c0d6b40de5c934,1,0,1.5546875,-1.875,0.9686195704870232,0.031380429512976746,2.032943863978997,dann_matched,banglasarc3_binary+banglasarc_binary,banglasarc3_binary,1
fa23fb1cf1fa6ce1,0,0,0.34179688,-0.53125,0.7053792935590418,0.29462070644095817,2.032943863978997,dann_matched,banglasarc3_binary+banglasarc_binary,banglasarc3_binary,1
5793d347d7491ffa,0,0,0.69921875,-0.828125,0.8216173406683573,0.1783826593316426,2.032943863978997,dann_matched,banglasarc3_binary+banglasarc_binary,banglasarc3_binary,1
7a193a03efce7c95,0,0,1.0859375,-1.328125,0.9178933729531492,0.08210662704685086,2.032943863978997,dann_matched,banglasarc3_binary+banglasarc_binary,banglasarc3_binary,1
04f3d847a89bddc0,0,0,2.84375,-3.296875,0.9978510507163746,0.0021489492836254285,2.032943863978997,dann_matched,banglasarc3_binary+banglasarc_binary,banglasarc3_binary,1
79fe03d925dd23f2,1,1,-1.421875,1.2265625,0.06608537866754877,0.9339146213324513,2.032943863978997,dann_matched,banglasarc3_binary+banglasarc_binary,banglasarc3_binary,1
56a90627c13f7482,0,1,-2.03125,1.8984375,0.019271137919768803,0.9807288620802312,2.032943863978997,dann_matched,banglasarc3_binary+banglasarc_binary,banglasarc3_binary,1
34eae78ac0856b44,0,0,1.828125,-2.09375,0.9805806518175514,0.0194193481824486,2.032943863978997,dann_matched,banglasarc3_binary+banglasarc_binary,banglasarc3_binary,1
e7de35f2d96d04ae,1,1,-2.34375,2.125,0.011331753531361453,0.9886682464686385,2.032943863978997,dann_matched,banglasarc3_binary+banglasarc_binary,banglasarc3_binary,1
7edb0fbf4e12f482,1,1,-1.1328125,0.90625,0.11516222873143664,0.8848377712685633,2.032943863978997,dann_matched,banglasarc3_binary+banglasarc_binary,banglasarc3_binary,1
05b114079ca39ab2,0,0,2.078125,-2.359375,0.9883127420043056,0.011687257995694434,2.032943863978997,dann_matched,banglasarc3_binary+banglasarc_binary,banglasarc3_binary,1
012cf4a871450976,0,0,1.8203125,-2.15625,0.9815951096107584,0.018404890389241722,2.032943863978997,dann_matched,banglasarc3_binary+banglasarc_binary,banglasarc3_binary,1
974f03c115fc2171,1,0,1.34375,-1.71875,0.9553191297273498,0.0446808702726502,2.032943863978997,dann_matched,banglasarc3_binary+banglasarc_binary,banglasarc3_binary,1
7d320f16846e7bf9,1,0,1.890625,-2.078125,0.9814534354878828,0.0185465645121173,2.032943863978997,dann_matched,banglasarc3_binary+banglasarc_binary,banglasarc3_binary,1
8fd01412b63f6b5f,1,0,1.4921875,-1.703125,0.9606574967357419,0.03934250326425821,2.032943863978997,dann_matched,banglasarc3_binary+banglasarc_binary,banglasarc3_binary,1
88e6fff6830ee411,0,0,0.41210938,-0.66796875,0.7465087674839027,0.25349123251609723,2.032943863978997,dann_matched,banglasarc3_binary+banglasarc_binary,banglasarc3_binary,1
018878abd62bc2c6,0,0,2.328125,-2.53125,0.9923043528216078,0.007695647178392188,2.032943863978997,dann_matched,banglasarc3_binary+banglasarc_binary,banglasarc3_binary,1
f09b809925c88fc0,1,1,-1.609375,1.296875,0.05184546664977983,0.94815453335022,2.032943863978997,dann_matched,banglasarc3_binary+banglasarc_binary,banglasarc3_binary,1
bc8f433d14df5bbe,1,1,-1.8046875,1.578125,0.03283695602724524,0.9671630439727548,2.032943863978997,dann_matched,banglasarc3_binary+banglasarc_binary,banglasarc3_binary,1
c952b7bed5795739,0,0,1.7421875,-1.953125,0.9757623652873698,0.024237634712630244,2.032943863978997,dann_matched,banglasarc3_binary+banglasarc_binary,banglasarc3_binary,1
90c33f63e3080a0d,0,0,2.578125,-2.78125,0.9953181774756662,0.0046818225243337366,2.032943863978997,dann_matched,banglasarc3_binary+banglasarc_binary,banglasarc3_binary,1
1ef4973752ea4564,1,1,-0.6484375,0.39257812,0.2609540759298918,0.7390459240701083,2.032943863978997,dann_matched,banglasarc3_binary+banglasarc_binary,banglasarc3_binary,1
3f4477d5080cdfe1,0,0,2.765625,-2.9375,0.9966755631083445,0.0033244368916556374,2.032943863978997,dann_matched,banglasarc3_binary+banglasarc_binary,banglasarc3_binary,1
7a9c24d799805b22,0,0,1.640625,-1.953125,0.9732407168145568,0.026759283185443145,2.032943863978997,dann_matched,banglasarc3_binary+banglasarc_binary,banglasarc3_binary,1
a53750d111a874b9,0,0,2.640625,-2.796875,0.9956684979794361,0.00433150202056399,2.032943863978997,dann_matched,banglasarc3_binary+banglasarc_binary,banglasarc3_binary,1
08221e16563f5ed2,1,1,-0.875,0.6015625,0.1859471949014217,0.8140528050985784,2.032943863978997,dann_matched,banglasarc3_binary+banglasarc_binary,banglasarc3_binary,1
a911bbedbe9083b7,1,0,0.21386719,-0.40429688,0.649800878179946,0.3501991218200541,2.032943863978997,dann_matched,banglasarc3_binary+banglasarc_binary,banglasarc3_binary,1
79af8e8606e24621,0,0,3.015625,-3.203125,0.998012225787616,0.001987774212383911,2.032943863978997,dann_matched,banglasarc3_binary+banglasarc_binary,banglasarc3_binary,1
725ab0037339d5f4,1,0,0.22558594,-0.40625,0.6529056388166428,0.3470943611833573,2.032943863978997,dann_matched,banglasarc3_binary+banglasarc_binary,banglasarc3_binary,1
888be69f29549db6,1,0,0.80078125,-1.15625,0.8762113062841353,0.12378869371586462,2.032943863978997,dann_matched,banglasarc3_binary+banglasarc_binary,banglasarc3_binary,1
74ead3cc3b9dcc3e,0,1,-0.30273438,0.047607422,0.41329953868544705,0.5867004613145529,2.032943863978997,dann_matched,banglasarc3_binary+banglasarc_binary,banglasarc3_binary,1
70a0b9c4daba4b62,1,1,-1.6484375,1.578125,0.03817827426156642,0.9618217257384336,2.032943863978997,dann_matched,banglasarc3_binary+banglasarc_binary,banglasarc3_binary,1
772cd1347ab32158,0,0,2.390625,-2.578125,0.993096161928778,0.006903838071221877,2.032943863978997,dann_matched,banglasarc3_binary+banglasarc_binary,banglasarc3_binary,1
825abf4f5714d44e,0,0,2.578125,-2.71875,0.9950177302695786,0.004982269730421259,2.032943863978997,dann_matched,banglasarc3_binary+banglasarc_binary,banglasarc3_binary,1
f6d2b8f0fd5630a5,1,0,-0.12011719,-0.17578125,0.5139124235208892,0.4860875764791109,2.032943863978997,dann_matched,banglasarc3_binary+banglasarc_binary,banglasarc3_binary,1
070eb74aab3e9b16,0,0,2.75,-3.0,0.9968273171575148,0.0031726828424851893,2.032943863978997,dann_matched,banglasarc3_binary+banglasarc_binary,banglasarc3_binary,1
ccdd5f5935aa5c08,0,0,2.890625,-3.109375,0.9975273768433653,0.0024726231566347748,2.032943863978997,dann_matched,banglasarc3_binary+banglasarc_binary,banglasarc3_binary,1
ff8b8a0023de988a,1,0,1.625,-1.6640625,0.9640516782107567,0.035948321789243294,2.032943863978997,dann_matched,banglasarc3_binary+banglasarc_binary,banglasarc3_binary,1
955c6c4b3c56526f,0,1,-1.3671875,1.1484375,0.07477004290796138,0.9252299570920387,2.032943863978997,dann_matched,banglasarc3_binary+banglasarc_binary,banglasarc3_binary,1
3c7f74408087c581,0,0,0.8828125,-1.21875,0.8910549527982959,0.108945047201704,2.032943863978997,dann_matched,banglasarc3_binary+banglasarc_binary,banglasarc3_binary,1
3fd3335f6927bc03,1,1,-1.390625,1.171875,0.07159119944455247,0.9284088005554476,2.032943863978997,dann_matched,banglasarc3_binary+banglasarc_binary,banglasarc3_binary,1
6b4cf7b079c5b900,0,0,0.3203125,-0.67578125,0.7302898704283038,0.2697101295716962,2.032943863978997,dann_matched,banglasarc3_binary+banglasarc_binary,banglasarc3_binary,1
a396d6fc294ae956,0,0,2.609375,-2.828125,0.9956684979794361,0.00433150202056399,2.032943863978997,dann_matched,banglasarc3_binary+banglasarc_binary,banglasarc3_binary,1
acd192278c3d2499,0,0,1.78125,-2.078125,0.9793540692607815,0.020645930739218447,2.032943863978997,dann_matched,banglasarc3_binary+banglasarc_binary,banglasarc3_binary,1
13e6f0fb32b886df,1,1,-1.7265625,1.3671875,0.04336579876390677,0.9566342012360932,2.032943863978997,dann_matched,banglasarc3_binary+banglasarc_binary,banglasarc3_binary,1
5139d41ec223ee1d,1,0,1.3046875,-1.578125,0.9469902279841446,0.05300977201585542,2.032943863978997,dann_matched,banglasarc3_binary+banglasarc_binary,banglasarc3_binary,1
db25536a5ca06207,1,1,-2.234375,2.09375,0.013020490113842825,0.9869795098861571,2.032943863978997,dann_matched,banglasarc3_binary+banglasarc_binary,banglasarc3_binary,1
9cf7c23f5c83e3c1,1,1,-1.1953125,1.0234375,0.09807932347046003,0.90192067652954,2.032943863978997,dann_matched,banglasarc3_binary+banglasarc_binary,banglasarc3_binary,1
dece6cbb7ae48b4c,0,1,-2.3125,2.140625,0.011508149064303403,0.9884918509356967,2.032943863978997,dann_matched,banglasarc3_binary+banglasarc_binary,banglasarc3_binary,1
cc32b357f5c62cf0,1,0,1.9921875,-2.296875,0.9864678513445929,0.013532148655407106,2.032943863978997,dann_matched,banglasarc3_binary+banglasarc_binary,banglasarc3_binary,1
a82a7beb318bc95f,0,0,1.2734375,-1.546875,0.9437636542955161,0.056236345704483756,2.032943863978997,dann_matched,banglasarc3_binary+banglasarc_binary,banglasarc3_binary,1
4269510b20e3a78d,0,0,0.33789062,-0.50390625,0.6988435236330957,0.30115647636690435,2.032943863978997,dann_matched,banglasarc3_binary+banglasarc_binary,banglasarc3_binary,1
af7a5887ba75ec02,1,1,-0.89453125,0.65234375,0.17553807362342935,0.8244619263765707,2.032943863978997,dann_matched,banglasarc3_binary+banglasarc_binary,banglasarc3_binary,1
ff7092e064f5e7f0,0,0,2.296875,-2.546875,0.9921841112107114,0.007815888789288626,2.032943863978997,dann_matched,banglasarc3_binary+banglasarc_binary,banglasarc3_binary,1
bd75e40f2d1c3973,1,1,-2.4375,2.328125,0.008445626941126032,0.991554373058874,2.032943863978997,dann_matched,banglasarc3_binary+banglasarc_binary,banglasarc3_binary,1
55361b7e5b2475c1,1,1,-2.125,1.890625,0.017712298703411445,0.9822877012965885,2.032943863978997,dann_matched,banglasarc3_binary+banglasarc_binary,banglasarc3_binary,1
f478ea328fe5ce48,1,0,0.083496094,-0.3046875,0.595845360105483,0.40415463989451705,2.032943863978997,dann_matched,banglasarc3_binary+banglasarc_binary,banglasarc3_binary,1
5a05491d31008062,0,0,0.64453125,-0.9453125,0.8305941186502768,0.16940588134972326,2.032943863978997,dann_matched,banglasarc3_binary+banglasarc_binary,banglasarc3_binary,1
ae0fcdf8d0676f03,0,0,2.515625,-2.65625,0.9943580914999767,0.00564190850002335,2.032943863978997,dann_matched,banglasarc3_binary+banglasarc_binary,banglasarc3_binary,1
1473977d7b8985e5,0,0,1.3046875,-1.546875,0.9453993942183476,0.05460060578165237,2.032943863978997,dann_matched,banglasarc3_binary+banglasarc_binary,banglasarc3_binary,1
880392a54d0ebe3e,0,0,2.625,-2.8125,0.9956684979794361,0.00433150202056399,2.032943863978997,dann_matched,banglasarc3_binary+banglasarc_binary,banglasarc3_binary,1
a8d6ffd7233218d9,0,0,1.6875,-1.8984375,0.9730365001376665,0.02696349986233355,2.032943863978997,dann_matched,banglasarc3_binary+banglasarc_binary,banglasarc3_binary,1
532a79af0df6317b,1,1,-2.296875,2.203125,0.01098694263059318,0.9890130573694068,2.032943863978997,dann_matched,banglasarc3_binary+banglasarc_binary,banglasarc3_binary,1
e67ce7d008308e4f,1,0,1.0234375,-1.3515625,0.9149009549929797,0.08509904500702024,2.032943863978997,dann_matched,banglasarc3_binary+banglasarc_binary,banglasarc3_binary,1
d7578006b9f26c23,1,1,-1.7734375,1.3984375,0.04023794262361602,0.9597620573763841,2.032943863978997,dann_matched,banglasarc3_binary+banglasarc_binary,banglasarc3_binary,1
714a136f278f7f6d,1,1,-2.484375,2.34375,0.007937994101407319,0.9920620058985926,2.032943863978997,dann_matched,banglasarc3_binary+banglasarc_binary,banglasarc3_binary,1
cb7574a7cdfb2600,0,1,-2.203125,1.9921875,0.014842417234248268,0.9851575827657517,2.032943863978997,dann_matched,banglasarc3_binary+banglasarc_binary,banglasarc3_binary,1
539200a378d20681,0,0,1.84375,-2.078125,0.9805806518175514,0.0194193481824486,2.032943863978997,dann_matched,banglasarc3_binary+banglasarc_binary,banglasarc3_binary,1
9d4e9c774780337b,1,0,1.109375,-1.40625,0.9252299570920387,0.07477004290796138,2.032943863978997,dann_matched,banglasarc3_binary+banglasarc_binary,banglasarc3_binary,1
d19183e0c68495fe,0,0,2.75,-3.046875,0.9969721649754317,0.0030278350245683794,2.032943863978997,dann_matched,banglasarc3_binary+banglasarc_binary,banglasarc3_binary,1
e727d555b9906254,0,0,1.3359375,-1.5,0.944587205618231,0.05541279438176918,2.032943863978997,dann_matched,banglasarc3_binary+banglasarc_binary,banglasarc3_binary,1
560326443dd5a61f,1,1,-1.7265625,1.46875,0.03934250326425821,0.9606574967357419,2.032943863978997,dann_matched,banglasarc3_binary+banglasarc_binary,banglasarc3_binary,1
3a356b90dc52db7a,0,1,-0.515625,0.25976562,0.3153141611162926,0.6846858388837074,2.032943863978997,dann_matched,banglasarc3_binary+banglasarc_binary,banglasarc3_binary,1
10315d34cdace8c1,0,0,0.2578125,-0.6171875,0.7057850278370112,0.29421497216298875,2.032943863978997,dann_matched,banglasarc3_binary+banglasarc_binary,banglasarc3_binary,1
5b040037fd3ecdae,1,1,-1.5859375,1.4140625,0.04742587317756679,0.9525741268224334,2.032943863978997,dann_matched,banglasarc3_binary+banglasarc_binary,banglasarc3_binary,1
586f5d207285bf27,0,0,0.29296875,-0.5859375,0.7065955179610504,0.2934044820389496,2.032943863978997,dann_matched,banglasarc3_binary+banglasarc_binary,banglasarc3_binary,1
11319ec3cf94ef20,0,0,2.65625,-2.875,0.9960545931933981,0.003945406806602023,2.032943863978997,dann_matched,banglasarc3_binary+banglasarc_binary,banglasarc3_binary,1
69fbdf73ddc7be78,1,0,0.140625,-0.29296875,0.6067314954360127,0.39326850456398726,2.032943863978997,dann_matched,banglasarc3_binary+banglasarc_binary,banglasarc3_binary,1
757ab3d1fca46e3c,1,1,-1.59375,1.4375,0.046033902399240385,0.9539660976007597,2.032943863978997,dann_matched,banglasarc3_binary+banglasarc_binary,banglasarc3_binary,1
a39c5cc8dcf7f753,0,0,2.296875,-2.484375,0.9916842215225259,0.008315778477474129,2.032943863978997,dann_matched,banglasarc3_binary+banglasarc_binary,banglasarc3_binary,1
ba0d8b695ca6ef05,0,1,-0.25585938,0.036865234,0.4273369688147659,0.5726630311852342,2.032943863978997,dann_matched,banglasarc3_binary+banglasarc_binary,banglasarc3_binary,1
7e976976fd12e611,0,0,1.6484375,-1.859375,0.9709092429574353,0.029090757042564665,2.032943863978997,dann_matched,banglasarc3_binary+banglasarc_binary,banglasarc3_binary,1
177bf85b5ddcbb0b,1,0,1.8828125,-2.140625,0.982423116732664,0.01757688326733593,2.032943863978997,dann_matched,banglasarc3_binary+banglasarc_binary,banglasarc3_binary,1
6d78d071878ac3d1,1,1,-0.46484375,0.27734375,0.3225259830643727,0.6774740169356273,2.032943863978997,dann_matched,banglasarc3_binary+banglasarc_binary,banglasarc3_binary,1
c85c38b6528754b8,1,0,0.6640625,-0.84375,0.8187367931713698,0.1812632068286302,2.032943863978997,dann_matched,banglasarc3_binary+banglasarc_binary,banglasarc3_binary,1
90dbb76ac473a400,1,1,-2.375,2.125,0.01098694263059318,0.9890130573694068,2.032943863978997,dann_matched,banglasarc3_binary+banglasarc_binary,banglasarc3_binary,1
63c48593140100b8,0,0,2.296875,-2.484375,0.9916842215225259,0.008315778477474129,2.032943863978997,dann_matched,banglasarc3_binary+banglasarc_binary,banglasarc3_binary,1
aff3807e81a949e8,0,0,2.625,-2.828125,0.9957353653078126,0.0042646346921872726,2.032943863978997,dann_matched,banglasarc3_binary+banglasarc_binary,banglasarc3_binary,1
2a1a90955017061c,1,1,-1.8984375,1.671875,0.027376488778351356,0.9726235112216486,2.032943863978997,dann_matched,banglasarc3_binary+banglasarc_binary,banglasarc3_binary,1
8ba3ce83e1b38636,0,0,2.640625,-2.78125,0.9956005868372635,0.00439941316273649,2.032943863978997,dann_matched,banglasarc3_binary+banglasarc_binary,banglasarc3_binary,1
b6a150e585a90815,1,0,2.109375,-2.375,0.988841968751916,0.011158031248084033,2.032943863978997,dann_matched,banglasarc3_binary+banglasarc_binary,banglasarc3_binary,1
e7f847b226aac07c,0,0,2.03125,-2.25,0.9863631647185701,0.013636835281429876,2.032943863978997,dann_matched,banglasarc3_binary+banglasarc_binary,banglasarc3_binary,1
dddd46a1f7d0d0f0,1,1,-2.390625,2.234375,0.009708476481474066,0.9902915235185259,2.032943863978997,dann_matched,banglasarc3_binary+banglasarc_binary,banglasarc3_binary,1
1bffdb75712cd569,0,0,1.0390625,-1.25,0.90796713988899,0.09203286011100995,2.032943863978997,dann_matched,banglasarc3_binary+banglasarc_binary,banglasarc3_binary,1
2ab62d60d1d4472e,1,1,-1.1328125,0.921875,0.11357959169117389,0.8864204083088262,2.032943863978997,dann_matched,banglasarc3_binary+banglasarc_binary,banglasarc3_binary,1
8fc93f04e6590154,1,0,0.98828125,-1.3515625,0.9121235618881309,0.08787643811186902,2.032943863978997,dann_matched,banglasarc3_binary+banglasarc_binary,banglasarc3_binary,1
86de20b950da2d3c,0,1,-1.828125,1.6171875,0.030908958517211163,0.9690910414827888,2.032943863978997,dann_matched,banglasarc3_binary+banglasarc_binary,banglasarc3_binary,1
5621eac1c37b8431,0,0,1.234375,-1.6484375,0.9469902279841446,0.05300977201585542,2.032943863978997,dann_matched,banglasarc3_binary+banglasarc_binary,banglasarc3_binary,1
837aaea86232ce70,1,0,2.546875,-2.8125,0.9953181774756662,0.0046818225243337366,2.032943863978997,dann_matched,banglasarc3_binary+banglasarc_binary,banglasarc3_binary,1
f99f7e89824b6612,0,0,2.859375,-3.046875,0.9972850145309949,0.0027149854690051763,2.032943863978997,dann_matched,banglasarc3_binary+banglasarc_binary,banglasarc3_binary,1
f398263b812de4fc,0,0,2.53125,-2.734375,0.9948603889024311,0.005139611097568844,2.032943863978997,dann_matched,banglasarc3_binary+banglasarc_binary,banglasarc3_binary,1
f933964e1386abbc,1,0,2.03125,-2.15625,0.98504291340685,0.01495708659314999,2.032943863978997,dann_matched,banglasarc3_binary+banglasarc_binary,banglasarc3_binary,1
29429b72289fcd40,0,0,1.203125,-1.765625,0.9511422213778251,0.048857778622174906,2.032943863978997,dann_matched,banglasarc3_binary+banglasarc_binary,banglasarc3_binary,1
065cb8d51b12f79a,0,1,-0.9765625,0.85546875,0.13799647126840353,0.8620035287315965,2.032943863978997,dann_matched,banglasarc3_binary+banglasarc_binary,banglasarc3_binary,1
238ed849caf48da2,0,0,2.40625,-2.578125,0.9932024684496267,0.006797531550373378,2.032943863978997,dann_matched,banglasarc3_binary+banglasarc_binary,banglasarc3_binary,1
e6879d34059ffd78,1,1,-2.171875,2.0,0.015189048807983947,0.984810951192016,2.032943863978997,dann_matched,banglasarc3_binary+banglasarc_binary,banglasarc3_binary,1
e1920815e63fd77c,1,1,-2.296875,2.1875,0.011158031248084033,0.988841968751916,2.032943863978997,dann_matched,banglasarc3_binary+banglasarc_binary,banglasarc3_binary,1
9d6102939ae27963,1,1,-1.1640625,0.9375,0.108945047201704,0.8910549527982959,2.032943863978997,dann_matched,banglasarc3_binary+banglasarc_binary,banglasarc3_binary,1
7cf8d62bc548f981,1,1,-0.63671875,0.38671875,0.2643583582610753,0.7356416417389247,2.032943863978997,dann_matched,banglasarc3_binary+banglasarc_binary,banglasarc3_binary,1
3dedb7824bbf60be,0,0,0.7265625,-0.9921875,0.8479677583778257,0.15203224162217424,2.032943863978997,dann_matched,banglasarc3_binary+banglasarc_binary,banglasarc3_binary,1
7168d49fd7747b74,0,0,2.578125,-2.71875,0.9950177302695786,0.004982269730421259,2.032943863978997,dann_matched,banglasarc3_binary+banglasarc_binary,banglasarc3_binary,1
85cf586fc25418e3,0,1,-1.109375,0.94921875,0.11318690654016261,0.8868130934598374,2.032943863978997,dann_matched,banglasarc3_binary+banglasarc_binary,banglasarc3_binary,1
b4853c23f7a9f71d,0,0,1.671875,-1.8828125,0.9722043774187549,0.027795622581245058,2.032943863978997,dann_matched,banglasarc3_binary+banglasarc_binary,banglasarc3_binary,1
b577521aba23e9a6,1,0,2.609375,-2.953125,0.9961755163553627,0.0038244836446372104,2.032943863978997,dann_matched,banglasarc3_binary+banglasarc_binary,banglasarc3_binary,1
43913a364404a6b7,1,0,1.046875,-1.296875,0.9124361604769414,0.08756383952305867,2.032943863978997,dann_matched,banglasarc3_binary+banglasarc_binary,banglasarc3_binary,1
98595080b20ded8e,0,1,-0.14941406,-0.14746094,0.4995117189052204,0.5004882810947796,2.032943863978997,dann_matched,banglasarc3_binary+banglasarc_binary,banglasarc3_binary,1
e8908d5a70ac67f7,0,0,1.9140625,-2.171875,0.9834704434423458,0.01652955655765428,2.032943863978997,dann_matched,banglasarc3_binary+banglasarc_binary,banglasarc3_binary,1
a92f9901130b2155,0,0,0.78515625,-1.0390625,0.8610715739709943,0.1389284260290056,2.032943863978997,dann_matched,banglasarc3_binary+banglasarc_binary,banglasarc3_binary,1
7d6de967d264bd85,0,0,1.2265625,-1.5703125,0.9425067211996143,0.05749327880038583,2.032943863978997,dann_matched,banglasarc3_binary+banglasarc_binary,banglasarc3_binary,1
9837a43eab10dddf,1,1,-2.578125,2.453125,0.006488269596656705,0.9935117304033434,2.032943863978997,dann_matched,banglasarc3_binary+banglasarc_binary,banglasarc3_binary,1
65319c5414a8306a,0,0,2.1875,-2.46875,0.9905874104123901,0.009412589587609823,2.032943863978997,dann_matched,banglasarc3_binary+banglasarc_binary,banglasarc3_binary,1
fade48daf673b1f8,0,0,2.265625,-2.5,0.991554373058874,0.008445626941126032,2.032943863978997,dann_matched,banglasarc3_binary+banglasarc_binary,banglasarc3_binary,1
866873fff24113c0,1,0,0.73046875,-1.0,0.8494723686970466,0.15052763130295335,2.032943863978997,dann_matched,banglasarc3_binary+banglasarc_binary,banglasarc3_binary,1
e3cc36cc8d198224,0,1,-2.03125,1.765625,0.02194825371486785,0.9780517462851323,2.032943863978997,dann_matched,banglasarc3_binary+banglasarc_binary,banglasarc3_binary,1
89c21dd6d937eaff,1,0,1.4453125,-1.8515625,0.9643214491222695,0.035678550877730524,2.032943863978997,dann_matched,banglasarc3_binary+banglasarc_binary,banglasarc3_binary,1
4b6f29550988601b,0,0,2.6875,-2.859375,0.9961155234512341,0.003884476548765805,2.032943863978997,dann_matched,banglasarc3_binary+banglasarc_binary,banglasarc3_binary,1
d975dd69c2f72afd,1,1,-2.546875,2.359375,0.007345826574477061,0.9926541734255229,2.032943863978997,dann_matched,banglasarc3_binary+banglasarc_binary,banglasarc3_binary,1
877fb7d4cf62f178,1,1,-2.0,1.9140625,0.01956867555531235,0.9804313244446876,2.032943863978997,dann_matched,banglasarc3_binary+banglasarc_binary,banglasarc3_binary,1
8e7741f5f6607b4c,1,1,-1.671875,1.421875,0.04336579876390677,0.9566342012360932,2.032943863978997,dann_matched,banglasarc3_binary+banglasarc_binary,banglasarc3_binary,1
0892c4bec7f40ca2,1,1,-2.140625,1.9921875,0.015784561073809773,0.9842154389261902,2.032943863978997,dann_matched,banglasarc3_binary+banglasarc_binary,banglasarc3_binary,1
a2b22017bfba6565,1,1,-0.35742188,0.091796875,0.3895465312857314,0.6104534687142686,2.032943863978997,dann_matched,banglasarc3_binary+banglasarc_binary,banglasarc3_binary,1
f5daae7220a90010,0,0,1.65625,-1.8203125,0.9700134939339985,0.029986506066001513,2.032943863978997,dann_matched,banglasarc3_binary+banglasarc_binary,banglasarc3_binary,1
0f083853e0116694,1,1,-1.3984375,1.1640625,0.07159119944455247,0.9284088005554476,2.032943863978997,dann_matched,banglasarc3_binary+banglasarc_binary,banglasarc3_binary,1
40768fb2acdaf890,0,0,0.64453125,-0.88671875,0.8221891305219503,0.17781086947804958,2.032943863978997,dann_matched,banglasarc3_binary+banglasarc_binary,banglasarc3_binary,1
d61c45eabc68eb9b,0,0,0.2578125,-0.53125,0.6876299957148544,0.31237000428514555,2.032943863978997,dann_matched,banglasarc3_binary+banglasarc_binary,banglasarc3_binary,1
f8966d9f2ebf8a15,1,1,-1.0625,0.78515625,0.1361483150237161,0.863851684976284,2.032943863978997,dann_matched,banglasarc3_binary+banglasarc_binary,banglasarc3_binary,1
3a91532d913e2c4b,0,0,2.640625,-2.78125,0.9956005868372635,0.00439941316273649,2.032943863978997,dann_matched,banglasarc3_binary+banglasarc_binary,banglasarc3_binary,1
701ed1e21508a181,0,0,1.5078125,-1.875,0.9671630439727548,0.03283695602724524,2.032943863978997,dann_matched,banglasarc3_binary+banglasarc_binary,banglasarc3_binary,1
b4b9460c57fb2ff8,1,1,-0.7109375,0.49023438,0.23126681205738467,0.7687331879426154,2.032943863978997,dann_matched,banglasarc3_binary+banglasarc_binary,banglasarc3_binary,1
f6ef35c40454d8a9,1,1,-1.609375,1.421875,0.046033902399240385,0.9539660976007597,2.032943863978997,dann_matched,banglasarc3_binary+banglasarc_binary,banglasarc3_binary,1
c749254818a2beb4,1,0,1.109375,-1.421875,0.9263037302939515,0.07369626970604846,2.032943863978997,dann_matched,banglasarc3_binary+banglasarc_binary,banglasarc3_binary,1
a8d95df3867755d7,1,0,0.21972656,-0.5078125,0.6742650046449481,0.3257349953550519,2.032943863978997,dann_matched,banglasarc3_binary+banglasarc_binary,banglasarc3_binary,1
fb125052de8613ad,1,1,-2.046875,1.84375,0.020023441289455244,0.9799765587105447,2.032943863978997,dann_matched,banglasarc3_binary+banglasarc_binary,banglasarc3_binary,1
09a2cced4bee49f7,1,1,-1.7265625,1.546875,0.0364937662290278,0.9635062337709722,2.032943863978997,dann_matched,banglasarc3_binary+banglasarc_binary,banglasarc3_binary,1
8a83d3da7699811c,0,0,0.734375,-1.046875,0.8558511469672594,0.14414885303274058,2.032943863978997,dann_matched,banglasarc3_binary+banglasarc_binary,banglasarc3_binary,1
3964424aa0d49a56,0,0,0.32421875,-0.55859375,0.7074047009882609,0.292595299011739,2.032943863978997,dann_matched,banglasarc3_binary+banglasarc_binary,banglasarc3_binary,1
0fa27d4578133779,1,0,2.265625,-2.484375,0.991422514586288,0.008577485413711986,2.032943863978997,dann_matched,banglasarc3_binary+banglasarc_binary,banglasarc3_binary,1
2a782f9195e8bf56,0,0,0.9921875,-1.375,0.9142907207192192,0.08570927928078063,2.032943863978997,dann_matched,banglasarc3_binary+banglasarc_binary,banglasarc3_binary,1
ce572474de1b6dd4,1,0,0.73828125,-0.91796875,0.8397339676722393,0.16026603232776068,2.032943863978997,dann_matched,banglasarc3_binary+banglasarc_binary,banglasarc3_binary,1
2b921d548ea4c4df,1,0,0.76953125,-1.109375,0.8674854455595564,0.13251455444044344,2.032943863978997,dann_matched,banglasarc3_binary+banglasarc_binary,banglasarc3_binary,1
8a3dac5169c757dc,1,1,-2.046875,1.859375,0.01971912810734659,0.9802808718926534,2.032943863978997,dann_matched,banglasarc3_binary+banglasarc_binary,banglasarc3_binary,1
1dc83e50f7da3618,0,0,1.203125,-1.484375,0.9362850057480346,0.06371499425196533,2.032943863978997,dann_matched,banglasarc3_binary+banglasarc_binary,banglasarc3_binary,1
43e4c5caf8ccf8d9,1,1,-0.32617188,0.09277344,0.39676915511541155,0.6032308448845886,2.032943863978997,dann_matched,banglasarc3_binary+banglasarc_binary,banglasarc3_binary,1
c768491a2e849a34,1,0,0.08691406,-0.234375,0.5796383743943843,0.4203616256056157,2.032943863978997,dann_matched,banglasarc3_binary+banglasarc_binary,banglasarc3_binary,1
d9b9d06a13c83be0,0,0,2.25,-2.546875,0.9918120900983038,0.008187909901696235,2.032943863978997,dann_matched,banglasarc3_binary+banglasarc_binary,banglasarc3_binary,1
6bac0560c62a5092,1,1,-2.0,1.875,0.020332353342658753,0.9796676466573412,2.032943863978997,dann_matched,banglasarc3_binary+banglasarc_binary,banglasarc3_binary,1
77eefbc8cad52155,0,0,1.7890625,-2.0625,0.9791955100493928,0.020804489950607352,2.032943863978997,dann_matched,banglasarc3_binary+banglasarc_binary,banglasarc3_binary,1
61341c4de44d2405,1,1,-0.20507812,0.012756348,0.4457557117404466,0.5542442882595535,2.032943863978997,dann_matched,banglasarc3_binary+banglasarc_binary,banglasarc3_binary,1
cd6e8a914163a6ff,0,0,0.44921875,-0.7578125,0.769773241471674,0.23022675852832591,2.032943863978997,dann_matched,banglasarc3_binary+banglasarc_binary,banglasarc3_binary,1
81087120efb6f7bd,0,0,2.421875,-2.71875,0.994180040415741,0.005819959584259008,2.032943863978997,dann_matched,banglasarc3_binary+banglasarc_binary,banglasarc3_binary,1
467d95865670a7c7,0,0,1.1875,-1.4765625,0.9348724531603766,0.0651275468396235,2.032943863978997,dann_matched,banglasarc3_binary+banglasarc_binary,banglasarc3_binary,1
a061508d9f7523b5,1,0,2.25,-2.46875,0.9911526449170697,0.008847355082930386,2.032943863978997,dann_matched,banglasarc3_binary+banglasarc_binary,banglasarc3_binary,1
cf0096f6a70cc1c1,1,1,-1.15625,0.90625,0.11279540628289324,0.8872045937171068,2.032943863978997,dann_matched,banglasarc3_binary+banglasarc_binary,banglasarc3_binary,1
2038f5084e716133,0,1,-1.7734375,1.5859375,0.033589505650103976,0.9664104943498959,2.032943863978997,dann_matched,banglasarc3_binary+banglasarc_binary,banglasarc3_binary,1
40e021231f9b1641,0,0,2.453125,-2.65625,0.9939964042034285,0.00600359579657149,2.032943863978997,dann_matched,banglasarc3_binary+banglasarc_binary,banglasarc3_binary,1
2416d3cb16cd9c24,1,1,-0.45117188,0.10546875,0.36432511001163725,0.6356748899883626,2.032943863978997,dann_matched,banglasarc3_binary+banglasarc_binary,banglasarc3_binary,1
c8d7de7cf70fcf2b,0,1,-0.22851562,-0.10449219,0.4690338234477697,0.5309661765522302,2.032943863978997,dann_matched,banglasarc3_binary+banglasarc_binary,banglasarc3_binary,1
f6314ebda0e9b467,1,0,1.0,-1.25,0.9046505351008906,0.0953494648991095,2.032943863978997,dann_matched,banglasarc3_binary+banglasarc_binary,banglasarc3_binary,1
6062c09c444e211f,1,0,2.140625,-2.421875,0.9896718474806949,0.010328152519305191,2.032943863978997,dann_matched,banglasarc3_binary+banglasarc_binary,banglasarc3_binary,1
4adaf7a44c6d430f,1,0,2.078125,-2.484375,0.9896718474806949,0.010328152519305191,2.032943863978997,dann_matched,banglasarc3_binary+banglasarc_binary,banglasarc3_binary,1
a5bb573405980a25,1,1,-0.6953125,0.51953125,0.22884512750015074,0.7711548724998493,2.032943863978997,dann_matched,banglasarc3_binary+banglasarc_binary,banglasarc3_binary,1
44fc54763842d3f4,1,1,-2.40625,2.328125,0.008711384457705508,0.9912886155422945,2.032943863978997,dann_matched,banglasarc3_binary+banglasarc_binary,banglasarc3_binary,1
64ad5df98a085346,0,1,-0.5546875,0.18164062,0.3238076029965582,0.6761923970034418,2.032943863978997,dann_matched,banglasarc3_binary+banglasarc_binary,banglasarc3_binary,1
d3b2db834378679a,0,0,0.86328125,-1.1953125,0.8868130934598374,0.11318690654016261,2.032943863978997,dann_matched,banglasarc3_binary+banglasarc_binary,banglasarc3_binary,1
411964e4c9aadb31,0,1,-2.171875,2.046875,0.014503579691381979,0.985496420308618,2.032943863978997,dann_matched,banglasarc3_binary+banglasarc_binary,banglasarc3_binary,1
9d3774289ff1c6b7,1,0,2.359375,-2.65625,0.9934102283369194,0.006589771663080563,2.032943863978997,dann_matched,banglasarc3_binary+banglasarc_binary,banglasarc3_binary,1
7799f6cae337598c,0,0,2.78125,-3.03125,0.9970189672701452,0.0029810327298548972,2.032943863978997,dann_matched,banglasarc3_binary+banglasarc_binary,banglasarc3_binary,1
211c6d38bfbe7b02,0,0,1.09375,-1.1875,0.9073122213606241,0.09268777863937604,2.032943863978997,dann_matched,banglasarc3_binary+banglasarc_binary,banglasarc3_binary,1
3cff9f15c3baf42c,1,0,1.4296875,-1.6953125,0.9579122720843811,0.04208772791561884,2.032943863978997,dann_matched,banglasarc3_binary+banglasarc_binary,banglasarc3_binary,1
9c18cf645a2b92f4,1,1,-2.875,2.59375,0.0041987952714718675,0.9958012047285281,2.032943863978997,dann_matched,banglasarc3_binary+banglasarc_binary,banglasarc3_binary,1
0b45893ebd275e93,0,0,2.84375,-3.09375,0.9973683260251155,0.00263167397488458,2.032943863978997,dann_matched,banglasarc3_binary+banglasarc_binary,banglasarc3_binary,1
e5026d6cb3802c30,1,1,-0.6953125,0.40820312,0.24908175189735485,0.7509182481026451,2.032943863978997,dann_matched,banglasarc3_binary+banglasarc_binary,banglasarc3_binary,1
6aaf9704fc1bdef0,0,1,-1.734375,1.5546875,0.035948321789243294,0.9640516782107567,2.032943863978997,dann_matched,banglasarc3_binary+banglasarc_binary,banglasarc3_binary,1
81a1f43037e1cac1,1,1,-1.2890625,1.0234375,0.09009299396195182,0.9099070060380482,2.032943863978997,dann_matched,banglasarc3_binary+banglasarc_binary,banglasarc3_binary,1
7fb0bd6317330d4d,1,1,-2.734375,2.65625,0.0045384317247953825,0.9954615682752046,2.032943863978997,dann_matched,banglasarc3_binary+banglasarc_binary,banglasarc3_binary,1
02520a874eae112e,1,1,-1.640625,1.4609375,0.04304284934003218,0.9569571506599678,2.032943863978997,dann_matched,banglasarc3_binary+banglasarc_binary,banglasarc3_binary,1
a5ce9ddbfc286430,0,0,2.4375,-2.765625,0.9945307254013009,0.005469274598698993,2.032943863978997,dann_matched,banglasarc3_binary+banglasarc_binary,banglasarc3_binary,1
f0dad52b23c7b1b2,0,0,2.28125,-2.5,0.9916842215225259,0.008315778477474129,2.032943863978997,dann_matched,banglasarc3_binary+banglasarc_binary,banglasarc3_binary,1
552cb5e4af89f7b4,1,1,-2.484375,2.359375,0.007815888789288626,0.9921841112107114,2.032943863978997,dann_matched,banglasarc3_binary+banglasarc_binary,banglasarc3_binary,1
5943a521e3945c92,0,0,0.91015625,-1.09375,0.8812065994915543,0.11879340050844577,2.032943863978997,dann_matched,banglasarc3_binary+banglasarc_binary,banglasarc3_binary,1
ae9b18fb7ff57a4e,1,0,1.375,-1.703125,0.9559813501370537,0.04401864986294638,2.032943863978997,dann_matched,banglasarc3_binary+banglasarc_binary,banglasarc3_binary,1
ff80e0cbcd7c1782,0,0,2.5625,-2.875,0.9956684979794361,0.00433150202056399,2.032943863978997,dann_matched,banglasarc3_binary+banglasarc_binary,banglasarc3_binary,1
f1314c540d6527e9,0,0,2.421875,-2.59375,0.9934102283369194,0.006589771663080563,2.032943863978997,dann_matched,banglasarc3_binary+banglasarc_binary,banglasarc3_binary,1
fac42c7ed54d77d8,0,1,-0.58984375,0.038330078,0.3479247319618611,0.652075268038139,2.032943863978997,dann_matched,banglasarc3_binary+banglasarc_binary,banglasarc3_binary,1
8658527a6a2a33bf,0,0,2.3125,-2.53125,0.9921841112107114,0.007815888789288626,2.032943863978997,dann_matched,banglasarc3_binary+banglasarc_binary,banglasarc3_binary,1
67575dc5c930b3d1,0,0,2.1875,-2.390625,0.9898303422461273,0.010169657753872614,2.032943863978997,dann_matched,banglasarc3_binary+banglasarc_binary,banglasarc3_binary,1
ad380f5058befbd4,1,1,-1.71875,1.515625,0.037892426629607394,0.9621075733703927,2.032943863978997,dann_matched,banglasarc3_binary+banglasarc_binary,banglasarc3_binary,1
392a0ef4d44c3c73,1,0,0.27734375,-0.69140625,0.7248702761768248,0.2751297238231752,2.032943863978997,dann_matched,banglasarc3_binary+banglasarc_binary,banglasarc3_binary,1
d6bafb1cda6b4f80,1,1,-1.9375,1.8125,0.02297736991002561,0.9770226300899744,2.032943863978997,dann_matched,banglasarc3_binary+banglasarc_binary,banglasarc3_binary,1
809d83f7454be9cd,1,1,-1.1171875,0.8515625,0.12252321251815919,0.8774767874818407,2.032943863978997,dann_matched,banglasarc3_binary+banglasarc_binary,banglasarc3_binary,1
a7ecaf79eb5d5fb9,1,1,-1.5234375,1.3984375,0.05108273695705249,0.9489172630429474,2.032943863978997,dann_matched,banglasarc3_binary+banglasarc_binary,banglasarc3_binary,1
16902334d4aac003,0,0,1.6328125,-1.9375,0.9726235112216486,0.027376488778351356,2.032943863978997,dann_matched,banglasarc3_binary+banglasarc_binary,banglasarc3_binary,1
051f1b25aad139f0,1,0,0.90234375,-1.1796875,0.8891444050747391,0.11085559492526088,2.032943863978997,dann_matched,banglasarc3_binary+banglasarc_binary,banglasarc3_binary,1
74628967f465b267,0,1,-1.9453125,1.7578125,0.024053552894426178,0.9759464471055739,2.032943863978997,dann_matched,banglasarc3_binary+banglasarc_binary,banglasarc3_binary,1
32b5e23e297c895c,1,1,-0.6796875,0.44140625,0.24580846052125757,0.7541915394787425,2.032943863978997,dann_matched,banglasarc3_binary+banglasarc_binary,banglasarc3_binary,1
78a8f1d91019c411,0,1,-0.68359375,0.4921875,0.2358115863944671,0.7641884136055329,2.032943863978997,dann_matched,banglasarc3_binary+banglasarc_binary,banglasarc3_binary,1
6bbdac83cbe8ed55,1,1,-0.33007812,0.20898438,0.3684056955947133,0.6315943044052867,2.032943863978997,dann_matched,banglasarc3_binary+banglasarc_binary,banglasarc3_binary,1
505144aeff25d610,0,0,2.9375,-3.3125,0.9980732653366725,0.0019267346633274755,2.032943863978997,dann_matched,banglasarc3_binary+banglasarc_binary,banglasarc3_binary,1
514e7229ecf5d2fe,1,1,-0.89453125,0.6328125,0.1783826593316426,0.8216173406683573,2.032943863978997,dann_matched,banglasarc3_binary+banglasarc_binary,banglasarc3_binary,1
97ff4666ec5e9f65,0,0,1.203125,-1.6015625,0.9429286027746023,0.057071397225397696,2.032943863978997,dann_matched,banglasarc3_binary+banglasarc_binary,banglasarc3_binary,1
7cb9734d271aa603,1,1,-0.7578125,0.49023438,0.22303841721688147,0.7769615827831184,2.032943863978997,dann_matched,banglasarc3_binary+banglasarc_binary,banglasarc3_binary,1
895b32d6f531e8d6,0,1,-2.015625,1.90625,0.0194193481824486,0.9805806518175514,2.032943863978997,dann_matched,banglasarc3_binary+banglasarc_binary,banglasarc3_binary,1
b1a4b29882b6c492,0,0,1.40625,-1.671875,0.9559813501370537,0.04401864986294638,2.032943863978997,dann_matched,banglasarc3_binary+banglasarc_binary,banglasarc3_binary,1
0dc4897d46949237,0,0,2.484375,-2.671875,0.994269753485008,0.005730246514992079,2.032943863978997,dann_matched,banglasarc3_binary+banglasarc_binary,banglasarc3_binary,1
c3b7103111f141a1,1,1,-1.5234375,1.2421875,0.05921025074128593,0.9407897492587141,2.032943863978997,dann_matched,banglasarc3_binary+banglasarc_binary,banglasarc3_binary,1
ec3e49aee99d8f7a,1,1,-2.296875,2.125,0.011869121046339474,0.9881308789536605,2.032943863978997,dann_matched,banglasarc3_binary+banglasarc_binary,banglasarc3_binary,1
992c3932d484ad9a,0,0,0.91796875,-1.1171875,0.8844391260585168,0.11556087394148318,2.032943863978997,dann_matched,banglasarc3_binary+banglasarc_binary,banglasarc3_binary,1
c5bd12f82a343358,1,0,0.14355469,-0.34375,0.6194712803673881,0.38052871963261187,2.032943863978997,dann_matched,banglasarc3_binary+banglasarc_binary,banglasarc3_binary,1
3ea7fe33caac8580,0,0,2.203125,-2.25,0.9884918509356967,0.011508149064303403,2.032943863978997,dann_matched,banglasarc3_binary+banglasarc_binary,banglasarc3_binary,1
33a5e06ca430c8f1,0,0,1.8125,-1.9921875,0.9782188286685003,0.021781171331499802,2.032943863978997,dann_matched,banglasarc3_binary+banglasarc_binary,banglasarc3_binary,1
0e1ca87b75e07a22,0,0,1.859375,-2.15625,0.9822877012965885,0.017712298703411445,2.032943863978997,dann_matched,banglasarc3_binary+banglasarc_binary,banglasarc3_binary,1
d8fee321b4621b14,1,1,-1.4765625,1.2109375,0.06371499425196533,0.9362850057480346,2.032943863978997,dann_matched,banglasarc3_binary+banglasarc_binary,banglasarc3_binary,1
00c1732e4277e2ff,1,1,-0.81640625,0.59375,0.19620941280870197,0.8037905871912979,2.032943863978997,dann_matched,banglasarc3_binary+banglasarc_binary,banglasarc3_binary,1
fbce076f3a151066,1,1,-1.78125,1.5234375,0.03541073007632382,0.9645892699236761,2.032943863978997,dann_matched,banglasarc3_binary+banglasarc_binary,banglasarc3_binary,1
dbbbd3567edaaf38,0,0,1.921875,-2.125,0.9828232909876817,0.017176709012318405,2.032943863978997,dann_matched,banglasarc3_binary+banglasarc_binary,banglasarc3_binary,1
4ac1dba701f4fda5,1,1,-2.453125,2.21875,0.009268013380914325,0.9907319866190857,2.032943863978997,dann_matched,banglasarc3_binary+banglasarc_binary,banglasarc3_binary,1
a13bde6d3c5bb87a,0,0,1.421875,-1.734375,0.9591542840900507,0.040845715909949315,2.032943863978997,dann_matched,banglasarc3_binary+banglasarc_binary,banglasarc3_binary,1
9f92c9c63ab16ba9,1,1,-2.34375,2.125,0.011331753531361453,0.9886682464686385,2.032943863978997,dann_matched,banglasarc3_binary+banglasarc_binary,banglasarc3_binary,1
e70632ab44b95d37,1,1,-1.296875,1.0703125,0.08570927928078063,0.9142907207192192,2.032943863978997,dann_matched,banglasarc3_binary+banglasarc_binary,banglasarc3_binary,1
e1e95dc7d5fd4fe7,0,0,2.109375,-2.3125,0.9881308789536605,0.011869121046339474,2.032943863978997,dann_matched,banglasarc3_binary+banglasarc_binary,banglasarc3_binary,1
cf43563beef479bd,1,0,1.609375,-1.78125,0.9674102552339746,0.032589744766025344,2.032943863978997,dann_matched,banglasarc3_binary+banglasarc_binary,banglasarc3_binary,1
9f9b2bac0fb579a1,1,1,-1.3984375,1.1875,0.07004896087717674,0.9299510391228232,2.032943863978997,dann_matched,banglasarc3_binary+banglasarc_binary,banglasarc3_binary,1
64261898e8263c33,0,0,1.4375,-1.6796875,0.9575961713681533,0.04240382863184672,2.032943863978997,dann_matched,banglasarc3_binary+banglasarc_binary,banglasarc3_binary,1
2584524d390cdfab,1,0,0.25976562,-0.5078125,0.6829967608364195,0.3170032391635806,2.032943863978997,dann_matched,banglasarc3_binary+banglasarc_binary,banglasarc3_binary,1
257a7560d1ab7c7e,0,1,-1.75,1.515625,0.036769466075598736,0.9632305339244013,2.032943863978997,dann_matched,banglasarc3_binary+banglasarc_binary,banglasarc3_binary,1
2f14c0092aa7ca57,1,1,-0.45117188,0.15429688,0.3530935289036874,0.6469064710963125,2.032943863978997,dann_matched,banglasarc3_binary+banglasarc_binary,banglasarc3_binary,1
342881c8a15bad16,0,1,-0.51953125,0.32226562,0.30115647636690435,0.6988435236330957,2.032943863978997,dann_matched,banglasarc3_binary+banglasarc_binary,banglasarc3_binary,1
43f923ef5eb8a6f5,0,0,2.375,-2.5,0.9924227587321393,0.007577241267860811,2.032943863978997,dann_matched,banglasarc3_binary+banglasarc_binary,banglasarc3_binary,1
ee6f09f058aef096,1,0,0.40234375,-0.73828125,0.7577943712746406,0.24220562872535945,2.032943863978997,dann_matched,banglasarc3_binary+banglasarc_binary,banglasarc3_binary,1
923b266511af9ccd,1,1,-2.0625,1.984375,0.017176709012318405,0.9828232909876817,2.032943863978997,dann_matched,banglasarc3_binary+banglasarc_binary,banglasarc3_binary,1
405b3d840ad271a8,0,1,-0.17871094,-0.1015625,0.48072245115037204,0.519277548849628,2.032943863978997,dann_matched,banglasarc3_binary+banglasarc_binary,banglasarc3_binary,1
dab992c0f3dc01a0,0,0,2.3125,-2.484375,0.9918120900983038,0.008187909901696235,2.032943863978997,dann_matched,banglasarc3_binary+banglasarc_binary,banglasarc3_binary,1
667af3eb14934a3e,0,0,2.875,-3.15625,0.997603269129871,0.0023967308701289603,2.032943863978997,dann_matched,banglasarc3_binary+banglasarc_binary,banglasarc3_binary,1
b564fa9b23515ed0,1,1,-2.0,1.828125,0.021287351793451054,0.9787126482065489,2.032943863978997,dann_matched,banglasarc3_binary+banglasarc_binary,banglasarc3_binary,1
66d2aff5fc2e61bc,0,0,2.65625,-2.90625,0.9961755163553627,0.0038244836446372104,2.032943863978997,dann_matched,banglasarc3_binary+banglasarc_binary,banglasarc3_binary,1
d3a8233595cb8024,0,0,2.015625,-2.171875,0.98504291340685,0.01495708659314999,2.032943863978997,dann_matched,banglasarc3_binary+banglasarc_binary,banglasarc3_binary,1
1d769f0a19572287,1,1,-2.078125,1.8828125,0.01868930842674908,0.9813106915732508,2.032943863978997,dann_matched,banglasarc3_binary+banglasarc_binary,banglasarc3_binary,1
3fee32aadfaf6383,0,0,2.453125,-2.578125,0.9935117304033434,0.006488269596656705,2.032943863978997,dann_matched,banglasarc3_binary+banglasarc_binary,banglasarc3_binary,1
114b54f8ea927149,1,1,-0.14941406,0.06591797,0.44637404241276735,0.5536259575872325,2.032943863978997,dann_matched,banglasarc3_binary+banglasarc_binary,banglasarc3_binary,1
f8e88475333512af,1,1,-1.140625,0.86328125,0.11879340050844577,0.8812065994915543,2.032943863978997,dann_matched,banglasarc3_binary+banglasarc_binary,banglasarc3_binary,1
7a2afdf85b0e4a57,1,1,-1.4375,1.25,0.06371499425196533,0.9362850057480346,2.032943863978997,dann_matched,banglasarc3_binary+banglasarc_binary,banglasarc3_binary,1
92c430c72628f547,0,0,1.59375,-1.8828125,0.9700134939339985,0.029986506066001513,2.032943863978997,dann_matched,banglasarc3_binary+banglasarc_binary,banglasarc3_binary,1
26dc21d32e9a6348,1,0,1.2578125,-1.59375,0.9453993942183476,0.05460060578165237,2.032943863978997,dann_matched,banglasarc3_binary+banglasarc_binary,banglasarc3_binary,1
d08da382f5aa6fd6,1,0,2.21875,-2.5,0.9911526449170697,0.008847355082930386,2.032943863978997,dann_matched,banglasarc3_binary+banglasarc_binary,banglasarc3_binary,1
ff9a012f3a431db5,1,1,-0.9453125,0.6015625,0.17553807362342935,0.8244619263765707,2.032943863978997,dann_matched,banglasarc3_binary+banglasarc_binary,banglasarc3_binary,1
55386c020543c40f,1,1,-2.40625,2.265625,0.009268013380914325,0.9907319866190857,2.032943863978997,dann_matched,banglasarc3_binary+banglasarc_binary,banglasarc3_binary,1
017099e7610a6f6c,1,0,1.9765625,-2.421875,0.9878528299001947,0.012147170099805133,2.032943863978997,dann_matched,banglasarc3_binary+banglasarc_binary,banglasarc3_binary,1
f016ba0cc1c77d81,1,1,-1.3828125,1.140625,0.07423137046083579,0.9257686295391643,2.032943863978997,dann_matched,banglasarc3_binary+banglasarc_binary,banglasarc3_binary,1
bbbc6d295b42948d,0,1,-0.20019531,-0.020751953,0.45525915008937995,0.5447408499106201,2.032943863978997,dann_matched,banglasarc3_binary+banglasarc_binary,banglasarc3_binary,1
8a6ec5d8b3140bbc,1,1,-0.90234375,0.671875,0.17161580696895154,0.8283841930310485,2.032943863978997,dann_matched,banglasarc3_binary+banglasarc_binary,banglasarc3_binary,1
52f3e5cbfe71dd90,0,0,2.625,-2.921875,0.9961155234512341,0.003884476548765805,2.032943863978997,dann_matched,banglasarc3_binary+banglasarc_binary,banglasarc3_binary,1
6311c3f6e9111661,1,0,1.046875,-1.359375,0.9173026573249612,0.08269734267503885,2.032943863978997,dann_matched,banglasarc3_binary+banglasarc_binary,banglasarc3_binary,1
ab531d6915b77591,1,0,1.65625,-1.984375,0.9744347860767304,0.025565213923269593,2.032943863978997,dann_matched,banglasarc3_binary+banglasarc_binary,banglasarc3_binary,1
c8d4191a4c0034b0,0,1,-1.9765625,1.78125,0.02280263596800613,0.9771973640319939,2.032943863978997,dann_matched,banglasarc3_binary+banglasarc_binary,banglasarc3_binary,1
78f45826d9c886c2,1,1,-1.1328125,0.9453125,0.11124120650754304,0.888758793492457,2.032943863978997,dann_matched,banglasarc3_binary+banglasarc_binary,banglasarc3_binary,1
f5080918cb703e26,1,1,-2.109375,1.921875,0.01744248473620534,0.9825575152637948,2.032943863978997,dann_matched,banglasarc3_binary+banglasarc_binary,banglasarc3_binary,1
50855678cee37752,0,1,-0.79296875,0.59765625,0.19930799790404563,0.8006920020959544,2.032943863978997,dann_matched,banglasarc3_binary+banglasarc_binary,banglasarc3_binary,1
0e861cdeb8d4ab68,1,1,-1.4453125,1.1640625,0.06853749303199023,0.9314625069680097,2.032943863978997,dann_matched,banglasarc3_binary+banglasarc_binary,banglasarc3_binary,1
6aa0691388dde3ef,0,0,2.328125,-2.46875,0.9918120900983038,0.008187909901696235,2.032943863978997,dann_matched,banglasarc3_binary+banglasarc_binary,banglasarc3_binary,1
ac035386ab80b4e6,1,1,-0.93359375,0.609375,0.17610412024315097,0.823895879756849,2.032943863978997,dann_matched,banglasarc3_binary+banglasarc_binary,banglasarc3_binary,1
e76a1038723dc5eb,1,1,-1.2421875,0.99609375,0.09636510472498538,0.9036348952750146,2.032943863978997,dann_matched,banglasarc3_binary+banglasarc_binary,banglasarc3_binary,1
ff922cbca8785282,1,0,1.1640625,-1.4296875,0.9304582554941719,0.06954174450582809,2.032943863978997,dann_matched,banglasarc3_binary+banglasarc_binary,banglasarc3_binary,1
66a6d7fc7c022153,1,1,-0.59765625,0.33398438,0.2825919858349107,0.7174080141650894,2.032943863978997,dann_matched,banglasarc3_binary+banglasarc_binary,banglasarc3_binary,1
6f920e614b465135,0,1,-0.55078125,0.20507812,0.31954591499038565,0.6804540850096145,2.032943863978997,dann_matched,banglasarc3_binary+banglasarc_binary,banglasarc3_binary,1
a3046e4436328bea,1,1,-1.5546875,1.28125,0.05541279438176918,0.944587205618231,2.032943863978997,dann_matched,banglasarc3_binary+banglasarc_binary,banglasarc3_binary,1
226afc1f08fe0780,0,0,2.1875,-2.234375,0.9881308789536605,0.011869121046339474,2.032943863978997,dann_matched,banglasarc3_binary+banglasarc_binary,banglasarc3_binary,1
9924815a000de0cd,0,0,2.28125,-2.5,0.9916842215225259,0.008315778477474129,2.032943863978997,dann_matched,banglasarc3_binary+banglasarc_binary,banglasarc3_binary,1
71c861c5ca9ae94c,0,0,2.6875,-2.828125,0.9959927110540886,0.004007288945911384,2.032943863978997,dann_matched,banglasarc3_binary+banglasarc_binary,banglasarc3_binary,1
9a8af6572f036955,1,0,2.015625,-2.265625,0.9863631647185701,0.013636835281429876,2.032943863978997,dann_matched,banglasarc3_binary+banglasarc_binary,banglasarc3_binary,1
148f42b7e3a77173,1,0,0.15820312,-0.42578125,0.6419836947437564,0.3580163052562437,2.032943863978997,dann_matched,banglasarc3_binary+banglasarc_binary,banglasarc3_binary,1
4a3ebc4e56a23695,0,1,-0.33398438,0.1328125,0.3853746599920419,0.6146253400079582,2.032943863978997,dann_matched,banglasarc3_binary+banglasarc_binary,banglasarc3_binary,1
9884f74105725ac3,0,0,2.1875,-2.46875,0.9905874104123901,0.009412589587609823,2.032943863978997,dann_matched,banglasarc3_binary+banglasarc_binary,banglasarc3_binary,1
bc7aa60f495fb7a9,0,1,-1.0703125,0.94140625,0.11797800859538259,0.8820219914046175,2.032943863978997,dann_matched,banglasarc3_binary+banglasarc_binary,banglasarc3_binary,1
1a19fa077638051f,0,0,2.9375,-3.15625,0.997748152720497,0.00225184727950302,2.032943863978997,dann_matched,banglasarc3_binary+banglasarc_binary,banglasarc3_binary,1
bbac56b00ec41b2d,1,0,1.6953125,-2.0625,0.9771973640319939,0.02280263596800613,2.032943863978997,dann_matched,banglasarc3_binary+banglasarc_binary,banglasarc3_binary,1
1ee3ab9f5f73d8e3,0,1,-0.38476562,0.12011719,0.3763938777322063,0.6236061222677938,2.032943863978997,dann_matched,banglasarc3_binary+banglasarc_binary,banglasarc3_binary,1
0a70db745aa8febf,1,1,-1.6796875,1.546875,0.03817827426156642,0.9618217257384336,2.032943863978997,dann_matched,banglasarc3_binary+banglasarc_binary,banglasarc3_binary,1
a831521b5fade0b4,0,0,2.421875,-2.625,0.9936116790902788,0.0063883209097212856,2.032943863978997,dann_matched,banglasarc3_binary+banglasarc_binary,banglasarc3_binary,1
aee1e0859bd82e49,0,0,2.6875,-2.890625,0.9962345862153261,0.0037654137846738736,2.032943863978997,dann_matched,banglasarc3_binary+banglasarc_binary,banglasarc3_binary,1
14c1d9b31ee9da91,0,0,2.203125,-2.375,0.9898303422461273,0.010169657753872614,2.032943863978997,dann_matched,banglasarc3_binary+banglasarc_binary,banglasarc3_binary,1
0b3f384c234e0487,1,1,-2.15625,2.015625,0.015189048807983947,0.984810951192016,2.032943863978997,dann_matched,banglasarc3_binary+banglasarc_binary,banglasarc3_binary,1
ba3b5a884606387b,1,1,-1.5703125,1.3671875,0.05033063259747688,0.9496693674025232,2.032943863978997,dann_matched,banglasarc3_binary+banglasarc_binary,banglasarc3_binary,1
d93424c4b5243f73,0,0,2.8125,-3.015625,0.9970650482552862,0.002934951744713737,2.032943863978997,dann_matched,banglasarc3_binary+banglasarc_binary,banglasarc3_binary,1
b7e8e4540b6277b4,0,0,2.609375,-2.890625,0.995929862284104,0.004070137715896127,2.032943863978997,dann_matched,banglasarc3_binary+banglasarc_binary,banglasarc3_binary,1
dfa9f26844b0493f,1,1,-1.578125,1.2890625,0.053799643460063995,0.946200356539936,2.032943863978997,dann_matched,banglasarc3_binary+banglasarc_binary,banglasarc3_binary,1
c63b2cd906f1ec56,1,1,-1.140625,0.81640625,0.12378869371586462,0.8762113062841353,2.032943863978997,dann_matched,banglasarc3_binary+banglasarc_binary,banglasarc3_binary,1
30f04a8c49d82a1e,1,1,-0.81640625,0.578125,0.1986853537904252,0.8013146462095748,2.032943863978997,dann_matched,banglasarc3_binary+banglasarc_binary,banglasarc3_binary,1
f53841d746ae3cd5,1,0,2.25,-2.609375,0.9923043528216078,0.007695647178392188,2.032943863978997,dann_matched,banglasarc3_binary+banglasarc_binary,banglasarc3_binary,1
78b23bee083f3547,0,0,0.265625,-0.68359375,0.72095803519905,0.27904196480094995,2.032943863978997,dann_matched,banglasarc3_binary+banglasarc_binary,banglasarc3_binary,1
57f53209ea014911,0,0,2.3125,-2.65625,0.993096161928778,0.006903838071221877,2.032943863978997,dann_matched,banglasarc3_binary+banglasarc_binary,banglasarc3_binary,1
6bfa33ebacfeda42,1,1,-1.1328125,0.875,0.1183850968071675,0.8816149031928324,2.032943863978997,dann_matched,banglasarc3_binary+banglasarc_binary,banglasarc3_binary,1
188035f94f43d5ab,0,0,2.40625,-2.5625,0.993096161928778,0.006903838071221877,2.032943863978997,dann_matched,banglasarc3_binary+banglasarc_binary,banglasarc3_binary,1
a9c618cbe59ac37d,1,1,-2.09375,1.9453125,0.017309095753668163,0.9826909042463318,2.032943863978997,dann_matched,banglasarc3_binary+banglasarc_binary,banglasarc3_binary,1
b24787eee7829216,0,0,2.390625,-2.640625,0.9935117304033434,0.006488269596656705,2.032943863978997,dann_matched,banglasarc3_binary+banglasarc_binary,banglasarc3_binary,1
7ef070492a733c38,0,0,2.28125,-2.5,0.9916842215225259,0.008315778477474129,2.032943863978997,dann_matched,banglasarc3_binary+banglasarc_binary,banglasarc3_binary,1
c367988694c84530,0,0,0.78125,-0.9921875,0.8548846370796298,0.14511536292037017,2.032943863978997,dann_matched,banglasarc3_binary+banglasarc_binary,banglasarc3_binary,1
18d391b119c1644a,1,0,2.3125,-2.640625,0.992988204618503,0.007011795381497108,2.032943863978997,dann_matched,banglasarc3_binary+banglasarc_binary,banglasarc3_binary,1
4faab331ced87a08,0,0,1.375,-1.6796875,0.9549844683997677,0.04501553160023231,2.032943863978997,dann_matched,banglasarc3_binary+banglasarc_binary,banglasarc3_binary,1
977b72c19a26ad0b,0,0,2.4375,-2.671875,0.9939964042034285,0.00600359579657149,2.032943863978997,dann_matched,banglasarc3_binary+banglasarc_binary,banglasarc3_binary,1
6517e05a5287776b,0,0,1.1875,-1.484375,0.9353465116437761,0.06465348835622392,2.032943863978997,dann_matched,banglasarc3_binary+banglasarc_binary,banglasarc3_binary,1
ee6dbf89dce4e2bb,1,1,-1.9765625,1.84375,0.021450729175489416,0.9785492708245106,2.032943863978997,dann_matched,banglasarc3_binary+banglasarc_binary,banglasarc3_binary,1
ccf32cdc3d0775ad,1,1,-1.734375,1.515625,0.037326887344129464,0.9626731126558706,2.032943863978997,dann_matched,banglasarc3_binary+banglasarc_binary,banglasarc3_binary,1
4da5e414258db266,0,0,1.3046875,-1.625,0.9492946352021694,0.050705364797830506,2.032943863978997,dann_matched,banglasarc3_binary+banglasarc_binary,banglasarc3_binary,1
60ac14a8affe8358,1,0,2.203125,-2.390625,0.9899864293768268,0.010013570623173138,2.032943863978997,dann_matched,banglasarc3_binary+banglasarc_binary,banglasarc3_binary,1
c82b770796c8cf66,1,1,-2.421875,2.328125,0.008577485413711986,0.991422514586288,2.032943863978997,dann_matched,banglasarc3_binary+banglasarc_binary,banglasarc3_binary,1
f5fd2d4cdc3bc132,1,1,-2.53125,2.40625,0.007121428745735101,0.9928785712542649,2.032943863978997,dann_matched,banglasarc3_binary+banglasarc_binary,banglasarc3_binary,1
94f3c9ec4b1c85a4,1,0,3.109375,-3.390625,0.998498817743263,0.0015011822567369915,2.032943863978997,dann_matched,banglasarc3_binary+banglasarc_binary,banglasarc3_binary,1
5a10d03482f58dbf,1,0,1.4921875,-1.6875,0.9600626857930734,0.0399373142069266,2.032943863978997,dann_matched,banglasarc3_binary+banglasarc_binary,banglasarc3_binary,1
acbcf17308c9467e,1,1,-1.4765625,1.328125,0.057071397225397696,0.9429286027746023,2.032943863978997,dann_matched,banglasarc3_binary+banglasarc_binary,banglasarc3_binary,1
efc06bd7dc0335d5,1,1,-1.328125,1.15625,0.07696083569602613,0.9230391643039738,2.032943863978997,dann_matched,banglasarc3_binary+banglasarc_binary,banglasarc3_binary,1
ed59d0f7934d3996,0,1,-1.1328125,0.8984375,0.11596071825396677,0.8840392817460332,2.032943863978997,dann_matched,banglasarc3_binary+banglasarc_binary,banglasarc3_binary,1
562d6d6d9b6ae4be,1,1,-2.1875,2.046875,0.014281933925111153,0.9857180660748888,2.032943863978997,dann_matched,banglasarc3_binary+banglasarc_binary,banglasarc3_binary,1
f32e502d7c88ac0b,1,1,-2.21875,2.046875,0.013848610215564576,0.9861513897844354,2.032943863978997,dann_matched,banglasarc3_binary+banglasarc_binary,banglasarc3_binary,1
8e5d3f2f373f5e29,0,0,1.484375,-1.78125,0.9632305339244013,0.036769466075598736,2.032943863978997,dann_matched,banglasarc3_binary+banglasarc_binary,banglasarc3_binary,1
9207c873bbd453c3,0,0,2.53125,-2.78125,0.9950945942942779,0.004905405705722035,2.032943863978997,dann_matched,banglasarc3_binary+banglasarc_binary,banglasarc3_binary,1
89156813be6db8c4,1,1,-1.640625,1.5234375,0.040540738463481864,0.9594592615365182,2.032943863978997,dann_matched,banglasarc3_binary+banglasarc_binary,banglasarc3_binary,1
8b10125a3aa18362,1,0,0.20800781,-0.49804688,0.6695288046278388,0.33047119537216113,2.032943863978997,dann_matched,banglasarc3_binary+banglasarc_binary,banglasarc3_binary,1
1ab10ab51e82c702,0,1,-0.6171875,0.39648438,0.2662618740342962,0.7337381259657038,2.032943863978997,dann_matched,banglasarc3_binary+banglasarc_binary,banglasarc3_binary,1
0c97107ad69abd97,0,0,2.25,-2.59375,0.9921841112107114,0.007815888789288626,2.032943863978997,dann_matched,banglasarc3_binary+banglasarc_binary,banglasarc3_binary,1
319378441192755c,1,1,-0.734375,0.5859375,0.2107663063197709,0.7892336936802291,2.032943863978997,dann_matched,banglasarc3_binary+banglasarc_binary,banglasarc3_binary,1
da5927d625a7e992,0,0,1.171875,-1.484375,0.9343951625409306,0.06560483745906928,2.032943863978997,dann_matched,banglasarc3_binary+banglasarc_binary,banglasarc3_binary,1
f948aa239ae79172,0,0,2.328125,-2.5625,0.9925393565360598,0.007460643463940165,2.032943863978997,dann_matched,banglasarc3_binary+banglasarc_binary,banglasarc3_binary,1
b98ee8eae2d4d6c2,1,1,-1.4921875,1.265625,0.0596469429451214,0.9403530570548787,2.032943863978997,dann_matched,banglasarc3_binary+banglasarc_binary,banglasarc3_binary,1
2c4933c952f7fae0,1,1,-2.015625,1.828125,0.0209642408181275,0.9790357591818724,2.032943863978997,dann_matched,banglasarc3_binary+banglasarc_binary,banglasarc3_binary,1
5611174ac8f322d9,0,0,2.703125,-2.890625,0.9962927471256138,0.0037072528743862213,2.032943863978997,dann_matched,banglasarc3_binary+banglasarc_binary,banglasarc3_binary,1
a68c6a0d2e4a0d44,0,1,-0.703125,0.49804688,0.23126681205738467,0.7687331879426154,2.032943863978997,dann_matched,banglasarc3_binary+banglasarc_binary,banglasarc3_binary,1
f0beee1358ba6702,1,1,-1.125,0.8984375,0.11676401359822318,0.8832359864017768,2.032943863978997,dann_matched,banglasarc3_binary+banglasarc_binary,banglasarc3_binary,1
9dd87b3601b59c5e,1,0,0.91796875,-1.140625,0.8868130934598374,0.11318690654016261,2.032943863978997,dann_matched,banglasarc3_binary+banglasarc_binary,banglasarc3_binary,1
059d63cf1f988857,0,0,0.3125,-0.56640625,0.7065955179610504,0.2934044820389496,2.032943863978997,dann_matched,banglasarc3_binary+banglasarc_binary,banglasarc3_binary,1
205492061bc3b836,1,1,-2.140625,1.984375,0.01590639171181471,0.9840936082881853,2.032943863978997,dann_matched,banglasarc3_binary+banglasarc_binary,banglasarc3_binary,1
ba85309fe6f0de09,1,0,0.064453125,-0.3671875,0.6062653664073742,0.39373463359262584,2.032943863978997,dann_matched,banglasarc3_binary+banglasarc_binary,banglasarc3_binary,1
34cf41d51399f927,1,1,-1.453125,1.203125,0.06560483745906928,0.9343951625409306,2.032943863978997,dann_matched,banglasarc3_binary+banglasarc_binary,banglasarc3_binary,1
8f9e66d0954319bd,1,1,-1.625,1.4453125,0.04434858139539836,0.9556514186046017,2.032943863978997,dann_matched,banglasarc3_binary+banglasarc_binary,banglasarc3_binary,1
7aea9964e3bab268,0,1,-0.71875,0.61328125,0.2088235711388737,0.7911764288611264,2.032943863978997,dann_matched,banglasarc3_binary+banglasarc_binary,banglasarc3_binary,1
34262aaf029abe9c,0,0,2.46875,-2.765625,0.994698105130598,0.00530189486940215,2.032943863978997,dann_matched,banglasarc3_binary+banglasarc_binary,banglasarc3_binary,1
afc98c7da489d792,0,0,2.859375,-3.125,0.9974885364861902,0.002511463513809854,2.032943863978997,dann_matched,banglasarc3_binary+banglasarc_binary,banglasarc3_binary,1
87ca816cf9ca3a57,0,0,2.5625,-2.75,0.9950945942942779,0.004905405705722035,2.032943863978997,dann_matched,banglasarc3_binary+banglasarc_binary,banglasarc3_binary,1
b8705f91611e42fd,1,1,-1.546875,1.328125,0.053403329799824234,0.9465966702001757,2.032943863978997,dann_matched,banglasarc3_binary+banglasarc_binary,banglasarc3_binary,1
9b4172a29427d096,1,1,-2.59375,2.484375,0.006192990157855187,0.9938070098421449,2.032943863978997,dann_matched,banglasarc3_binary+banglasarc_binary,banglasarc3_binary,1
277d8e87c25a04d0,0,0,3.125,-3.421875,0.9985674634052898,0.001432536594710079,2.032943863978997,dann_matched,banglasarc3_binary+banglasarc_binary,banglasarc3_binary,1
d41615dc78dfd442,0,0,2.078125,-2.21875,0.9865717452580314,0.013428254741968517,2.032943863978997,dann_matched,banglasarc3_binary+banglasarc_binary,banglasarc3_binary,1
3b570bff1dc82229,1,1,-1.7265625,1.5625,0.035948321789243294,0.9640516782107567,2.032943863978997,dann_matched,banglasarc3_binary+banglasarc_binary,banglasarc3_binary,1
a14957fec3333e4d,1,1,-2.328125,2.265625,0.010013570623173138,0.9899864293768268,2.032943863978997,dann_matched,banglasarc3_binary+banglasarc_binary,banglasarc3_binary,1
434aefb45c633a6e,1,0,0.20410156,-0.41796875,0.6506892622697594,0.34931073773024063,2.032943863978997,dann_matched,banglasarc3_binary+banglasarc_binary,banglasarc3_binary,1
cb001950d002af6a,0,0,2.328125,-2.65625,0.9932024684496267,0.006797531550373378,2.032943863978997,dann_matched,banglasarc3_binary+banglasarc_binary,banglasarc3_binary,1
bde02cf99aa6475c,0,0,1.7890625,-2.015625,0.9782188286685003,0.021781171331499802,2.032943863978997,dann_matched,banglasarc3_binary+banglasarc_binary,banglasarc3_binary,1
d59a0afee6d44b0f,1,1,-1.640625,1.359375,0.04742587317756679,0.9525741268224334,2.032943863978997,dann_matched,banglasarc3_binary+banglasarc_binary,banglasarc3_binary,1
53e03d54e9f7c1ed,1,1,-1.59375,1.5546875,0.04115288921744485,0.9588471107825551,2.032943863978997,dann_matched,banglasarc3_binary+banglasarc_binary,banglasarc3_binary,1
2922023d8f4b1469,0,0,2.5625,-2.75,0.9950945942942779,0.004905405705722035,2.032943863978997,dann_matched,banglasarc3_binary+banglasarc_binary,banglasarc3_binary,1
9a38672a43ee4277,1,1,-1.6484375,1.4453125,0.04336579876390677,0.9566342012360932,2.032943863978997,dann_matched,banglasarc3_binary+banglasarc_binary,banglasarc3_binary,1
7d708b93f7458e17,0,0,2.390625,-2.78125,0.9943580914999767,0.00564190850002335,2.032943863978997,dann_matched,banglasarc3_binary+banglasarc_binary,banglasarc3_binary,1
123e910b36e0446d,0,0,2.453125,-2.578125,0.9935117304033434,0.006488269596656705,2.032943863978997,dann_matched,banglasarc3_binary+banglasarc_binary,banglasarc3_binary,1
5dc46488541a62ec,1,1,-2.125,1.859375,0.01826427835185701,0.9817357216481429,2.032943863978997,dann_matched,banglasarc3_binary+banglasarc_binary,banglasarc3_binary,1
e52a1f58f51e0c0a,1,1,-1.71875,1.3203125,0.04569203238158463,0.9543079676184154,2.032943863978997,dann_matched,banglasarc3_binary+banglasarc_binary,banglasarc3_binary,1
9b0ea3fdc41c9127,0,0,1.296875,-1.5859375,0.9469902279841446,0.05300977201585542,2.032943863978997,dann_matched,banglasarc3_binary+banglasarc_binary,banglasarc3_binary,1
6013016338f9c6dd,0,0,1.8203125,-2.125,0.9810219632882344,0.01897803671176563,2.032943863978997,dann_matched,banglasarc3_binary+banglasarc_binary,banglasarc3_binary,1
5e41f878680dab10,0,0,2.859375,-3.015625,0.9971990730328789,0.002800926967120973,2.032943863978997,dann_matched,banglasarc3_binary+banglasarc_binary,banglasarc3_binary,1
f86040734ae27c6d,1,1,-1.5703125,1.328125,0.052230857101425734,0.9477691428985743,2.032943863978997,dann_matched,banglasarc3_binary+banglasarc_binary,banglasarc3_binary,1
d10cccce1b8473e7,0,1,-2.359375,2.25,0.009859855303538789,0.9901401446964613,2.032943863978997,dann_matched,banglasarc3_binary+banglasarc_binary,banglasarc3_binary,1
24135986932e677c,1,0,1.6796875,-1.7890625,0.9697854129326061,0.03021458706739398,2.032943863978997,dann_matched,banglasarc3_binary+banglasarc_binary,banglasarc3_binary,1
7514b989309b1d9c,0,0,2.5625,-2.796875,0.9953181774756662,0.0046818225243337366,2.032943863978997,dann_matched,banglasarc3_binary+banglasarc_binary,banglasarc3_binary,1
ce110dc8185ae08e,1,0,1.40625,-1.8203125,0.9618217257384336,0.03817827426156642,2.032943863978997,dann_matched,banglasarc3_binary+banglasarc_binary,banglasarc3_binary,1
cb27ebe4bead824c,1,1,-0.34570312,0.05834961,0.4003390175215477,0.5996609824784523,2.032943863978997,dann_matched,banglasarc3_binary+banglasarc_binary,banglasarc3_binary,1
bc540917f9b7c71d,1,1,-1.7421875,1.5390625,0.036220055864974746,0.9637799441350253,2.032943863978997,dann_matched,banglasarc3_binary+banglasarc_binary,banglasarc3_binary,1
4ffffbe307d0a83a,0,0,2.546875,-2.84375,0.9954615682752046,0.0045384317247953825,2.032943863978997,dann_matched,banglasarc3_binary+banglasarc_binary,banglasarc3_binary,1
b4323b5c74f8fc36,0,0,2.375,-2.609375,0.9932024684496267,0.006797531550373378,2.032943863978997,dann_matched,banglasarc3_binary+banglasarc_binary,banglasarc3_binary,1
ad6cc5fb265960cc,0,0,0.26953125,-0.546875,0.6934729546809425,0.3065270453190574,2.032943863978997,dann_matched,banglasarc3_binary+banglasarc_binary,banglasarc3_binary,1
d39ddcf24d6d9189,0,1,-1.5859375,1.3984375,0.04813677111663481,0.9518632288833652,2.032943863978997,dann_matched,banglasarc3_binary+banglasarc_binary,banglasarc3_binary,1
f38d81be661a4b8f,1,1,-2.0,1.8671875,0.02048855468474385,0.9795114453152562,2.032943863978997,dann_matched,banglasarc3_binary+banglasarc_binary,banglasarc3_binary,1
373eddabf5c3d1f7,1,0,2.015625,-2.203125,0.985496420308618,0.014503579691381979,2.032943863978997,dann_matched,banglasarc3_binary+banglasarc_binary,banglasarc3_binary,1
c511137eaf00d6b1,1,1,-2.578125,2.40625,0.006797531550373378,0.9932024684496267,2.032943863978997,dann_matched,banglasarc3_binary+banglasarc_binary,banglasarc3_binary,1
3cb9b64cd0bcd1c4,1,0,0.0014343262,-0.27734375,0.5692466276109207,0.4307533723890793,2.032943863978997,dann_matched,banglasarc3_binary+banglasarc_binary,banglasarc3_binary,1
44e81fb71fafc5f6,1,1,-1.015625,0.88671875,0.12984343802049797,0.870156561979502,2.032943863978997,dann_matched,banglasarc3_binary+banglasarc_binary,banglasarc3_binary,1
1f6366dc8c87721e,0,0,1.0,-1.328125,0.9111797075998822,0.08882029240011771,2.032943863978997,dann_matched,banglasarc3_binary+banglasarc_binary,banglasarc3_binary,1
406b7cc3a0445691,1,1,-1.7421875,1.6015625,0.03410042571231151,0.9658995742876885,2.032943863978997,dann_matched,banglasarc3_binary+banglasarc_binary,banglasarc3_binary,1
35cf36bc3d8642ab,0,0,-0.013183594,-0.3359375,0.5799952531998211,0.42000474680017874,2.032943863978997,dann_matched,banglasarc3_binary+banglasarc_binary,banglasarc3_binary,1
57cd7fdd60d1667d,1,1,-1.296875,0.98828125,0.09235979794788486,0.9076402020521152,2.032943863978997,dann_matched,banglasarc3_binary+banglasarc_binary,banglasarc3_binary,1
0bb1548e56ec97e6,1,0,1.7265625,-2.125,0.9791955100493928,0.020804489950607352,2.032943863978997,dann_matched,banglasarc3_binary+banglasarc_binary,banglasarc3_binary,1
8e8b85d15b47827c,1,0,0.19726562,-0.47070312,0.6610481792447818,0.33895182075521824,2.032943863978997,dann_matched,banglasarc3_binary+banglasarc_binary,banglasarc3_binary,1
fae8d93fe40b415d,1,0,0.26953125,-0.49804688,0.6829967608364195,0.3170032391635806,2.032943863978997,dann_matched,banglasarc3_binary+banglasarc_binary,banglasarc3_binary,1
12e6dab580637364,1,1,-0.47460938,0.44726562,0.28457600421652673,0.7154239957834733,2.032943863978997,dann_matched,banglasarc3_binary+banglasarc_binary,banglasarc3_binary,1
c63614053bc8ae28,0,0,1.0859375,-1.3515625,0.9196425311777929,0.08035746882220708,2.032943863978997,dann_matched,banglasarc3_binary+banglasarc_binary,banglasarc3_binary,1
e567c1f8bb54ed53,0,0,2.125,-2.390625,0.9891815513471369,0.010818448652863185,2.032943863978997,dann_matched,banglasarc3_binary+banglasarc_binary,banglasarc3_binary,1
4689d69a0738828f,0,0,3.125,-3.375,0.998498817743263,0.0015011822567369915,2.032943863978997,dann_matched,banglasarc3_binary+banglasarc_binary,banglasarc3_binary,1
b24c7e2e479c102f,0,0,2.84375,-3.15625,0.9975273768433653,0.0024726231566347748,2.032943863978997,dann_matched,banglasarc3_binary+banglasarc_binary,banglasarc3_binary,1
8ed4645228916f02,0,0,1.90625,-2.265625,0.984810951192016,0.015189048807983947,2.032943863978997,dann_matched,banglasarc3_binary+banglasarc_binary,banglasarc3_binary,1
f59c42c49edda760,0,0,2.375,-2.65625,0.9935117304033434,0.006488269596656705,2.032943863978997,dann_matched,banglasarc3_binary+banglasarc_binary,banglasarc3_binary,1
d760334e952c9d53,0,0,2.578125,-2.59375,0.9943580914999767,0.00564190850002335,2.032943863978997,dann_matched,banglasarc3_binary+banglasarc_binary,banglasarc3_binary,1
98f8544b2ea323d3,0,0,1.6796875,-1.9765625,0.9748211582993981,0.025178841700601855,2.032943863978997,dann_matched,banglasarc3_binary+banglasarc_binary,banglasarc3_binary,1
ce05c3fa0cc62627,0,0,2.71875,-2.875,0.9962927471256138,0.0037072528743862213,2.032943863978997,dann_matched,banglasarc3_binary+banglasarc_binary,banglasarc3_binary,1
fdc64d7635cb59b2,0,0,2.078125,-2.28125,0.9873750507184357,0.012624949281564409,2.032943863978997,dann_matched,banglasarc3_binary+banglasarc_binary,banglasarc3_binary,1
f93ea9b921c3c0f7,1,1,-0.62890625,0.36523438,0.27009500290248817,0.7299049970975119,2.032943863978997,dann_matched,banglasarc3_binary+banglasarc_binary,banglasarc3_binary,1
2278f57caa613701,0,0,2.8125,-2.984375,0.9969721649754317,0.0030278350245683794,2.032943863978997,dann_matched,banglasarc3_binary+banglasarc_binary,banglasarc3_binary,1
c25fe5e4766f241a,0,0,2.171875,-2.53125,0.9910145712474399,0.008985428752560176,2.032943863978997,dann_matched,banglasarc3_binary+banglasarc_binary,banglasarc3_binary,1
572e4397ff6c9eb2,1,0,2.515625,-2.703125,0.9946150620382221,0.0053849379617779605,2.032943863978997,dann_matched,banglasarc3_binary+banglasarc_binary,banglasarc3_binary,1
9e94c5340c1e9e84,1,1,-0.2578125,0.048828125,0.4239349352730316,0.5760650647269683,2.032943863978997,dann_matched,banglasarc3_binary+banglasarc_binary,banglasarc3_binary,1
e0b7bf00262d60a7,0,0,2.125,-2.390625,0.9891815513471369,0.010818448652863185,2.032943863978997,dann_matched,banglasarc3_binary+banglasarc_binary,banglasarc3_binary,1
7d5dcba04c7cbfc6,1,1,-2.5,2.46875,0.006903838071221877,0.993096161928778,2.032943863978997,dann_matched,banglasarc3_binary+banglasarc_binary,banglasarc3_binary,1
cd9fc03dbd82abcd,0,0,2.953125,-3.21875,0.9979170292169542,0.0020829707830458,2.032943863978997,dann_matched,banglasarc3_binary+banglasarc_binary,banglasarc3_binary,1
54b803aa09d54185,1,1,-1.4453125,1.3203125,0.05921025074128593,0.9407897492587141,2.032943863978997,dann_matched,banglasarc3_binary+banglasarc_binary,banglasarc3_binary,1
725ea8a5def6acac,0,0,2.78125,-3.015625,0.9969721649754317,0.0030278350245683794,2.032943863978997,dann_matched,banglasarc3_binary+banglasarc_binary,banglasarc3_binary,1
56d6d68354837500,0,0,1.1640625,-1.5,0.9348724531603766,0.0651275468396235,2.032943863978997,dann_matched,banglasarc3_binary+banglasarc_binary,banglasarc3_binary,1
da5033e533eee677,1,1,-1.34375,1.1640625,0.07531230632362355,0.9246876936763765,2.032943863978997,dann_matched,banglasarc3_binary+banglasarc_binary,banglasarc3_binary,1
ce347cf05f786fe0,1,0,1.71875,-2.09375,0.9783846672373524,0.021615332762647654,2.032943863978997,dann_matched,banglasarc3_binary+banglasarc_binary,banglasarc3_binary,1
ea499bace09f44ce,1,0,-0.15039062,-0.15625,0.5014648395590628,0.4985351604409372,2.032943863978997,dann_matched,banglasarc3_binary+banglasarc_binary,banglasarc3_binary,1
2ccc2f875d7de471,1,1,-1.140625,0.92578125,0.11240508853787773,0.8875949114621223,2.032943863978997,dann_matched,banglasarc3_binary+banglasarc_binary,banglasarc3_binary,1
22e8efc34608d82d,0,0,1.375,-1.6171875,0.9522199336364293,0.047780066363570746,2.032943863978997,dann_matched,banglasarc3_binary+banglasarc_binary,banglasarc3_binary,1
040a68c1b02bd862,1,1,-0.9453125,0.83984375,0.14366760868432768,0.8563323913156724,2.032943863978997,dann_matched,banglasarc3_binary+banglasarc_binary,banglasarc3_binary,1
efde5d179b5fd873,1,1,-1.390625,1.0859375,0.07751765647688268,0.9224823435231172,2.032943863978997,dann_matched,banglasarc3_binary+banglasarc_binary,banglasarc3_binary,1
0b43510285b09eba,0,0,2.234375,-2.484375,0.9911526449170697,0.008847355082930386,2.032943863978997,dann_matched,banglasarc3_binary+banglasarc_binary,banglasarc3_binary,1
dd4fae9961a88873,1,1,-1.5,1.3203125,0.056236345704483756,0.9437636542955161,2.032943863978997,dann_matched,banglasarc3_binary+banglasarc_binary,banglasarc3_binary,1
121299f05ede0c91,1,1,-1.71875,1.5078125,0.03817827426156642,0.9618217257384336,2.032943863978997,dann_matched,banglasarc3_binary+banglasarc_binary,banglasarc3_binary,1
30a6096d2f7010ff,1,1,-1.3671875,1.140625,0.07531230632362355,0.9246876936763765,2.032943863978997,dann_matched,banglasarc3_binary+banglasarc_binary,banglasarc3_binary,1
a1bd9a0f27bbd51e,0,1,-1.9375,1.8515625,0.022116588802079524,0.9778834111979205,2.032943863978997,dann_matched,banglasarc3_binary+banglasarc_binary,banglasarc3_binary,1
477fd95f302c284c,0,0,2.5625,-2.734375,0.9950177302695786,0.004982269730421259,2.032943863978997,dann_matched,banglasarc3_binary+banglasarc_binary,banglasarc3_binary,1
8c8158a78b04bd05,1,1,-1.640625,1.4375,0.04401864986294638,0.9559813501370537,2.032943863978997,dann_matched,banglasarc3_binary+banglasarc_binary,banglasarc3_binary,1
226eabf5281f11fa,0,0,2.46875,-2.65625,0.9940889311437562,0.005911068856243796,2.032943863978997,dann_matched,banglasarc3_binary+banglasarc_binary,banglasarc3_binary,1
d094516197c5cc27,0,0,1.890625,-2.0625,0.9811668701095654,0.018833129890434692,2.032943863978997,dann_matched,banglasarc3_binary+banglasarc_binary,banglasarc3_binary,1
9d3e29981c15d1c1,0,0,1.296875,-1.7109375,0.9529258241789759,0.04707417582102406,2.032943863978997,dann_matched,banglasarc3_binary+banglasarc_binary,banglasarc3_binary,1
fd31f5f3ca6c7a27,1,0,1.9609375,-2.203125,0.9846936454393053,0.015306354560694808,2.032943863978997,dann_matched,banglasarc3_binary+banglasarc_binary,banglasarc3_binary,1
73b89dd260eea14b,0,0,2.875,-3.265625,0.9978510507163746,0.0021489492836254285,2.032943863978997,dann_matched,banglasarc3_binary+banglasarc_binary,banglasarc3_binary,1
37f2931057293b4e,1,0,1.515625,-1.640625,0.9591542840900507,0.040845715909949315,2.032943863978997,dann_matched,banglasarc3_binary+banglasarc_binary,banglasarc3_binary,1
d2fa1859fec8bc19,0,0,2.34375,-2.5,0.9921841112107114,0.007815888789288626,2.032943863978997,dann_matched,banglasarc3_binary+banglasarc_binary,banglasarc3_binary,1
50dbee0e7a539695,1,0,1.1484375,-1.3203125,0.9219218348550491,0.07807816514495095,2.032943863978997,dann_matched,banglasarc3_binary+banglasarc_binary,banglasarc3_binary,1
d2ebc3d3ea553892,1,0,2.015625,-2.203125,0.985496420308618,0.014503579691381979,2.032943863978997,dann_matched,banglasarc3_binary+banglasarc_binary,banglasarc3_binary,1
e15f93ee6c7733d1,1,1,-0.65234375,0.48242188,0.24328269433676913,0.7567173056632309,2.032943863978997,dann_matched,banglasarc3_binary+banglasarc_binary,banglasarc3_binary,1
25e11947840674b6,1,1,-1.921875,1.640625,0.027585282226789985,0.9724147177732099,2.032943863978997,dann_matched,banglasarc3_binary+banglasarc_binary,banglasarc3_binary,1
37ed4175676826d3,1,0,1.984375,-2.25,0.9857180660748888,0.014281933925111153,2.032943863978997,dann_matched,banglasarc3_binary+banglasarc_binary,banglasarc3_binary,1
acf59b60bc703e78,0,1,-0.85546875,0.6875,0.17610412024315097,0.823895879756849,2.032943863978997,dann_matched,banglasarc3_binary+banglasarc_binary,banglasarc3_binary,1
2dac047c35342cac,1,0,1.28125,-1.5234375,0.9429286027746023,0.057071397225397696,2.032943863978997,dann_matched,banglasarc3_binary+banglasarc_binary,banglasarc3_binary,1
ea0b4a8ffa6daf5d,0,0,0.484375,-0.85546875,0.792464245010713,0.20753575498928697,2.032943863978997,dann_matched,banglasarc3_binary+banglasarc_binary,banglasarc3_binary,1
52c53afde23c5737,1,1,-1.75,1.6328125,0.03283695602724524,0.9671630439727548,2.032943863978997,dann_matched,banglasarc3_binary+banglasarc_binary,banglasarc3_binary,1
597d374e58e24ce0,0,0,2.21875,-2.328125,0.9895109087400621,0.010489091259938018,2.032943863978997,dann_matched,banglasarc3_binary+banglasarc_binary,banglasarc3_binary,1
21f6588fa41d80f2,1,1,-1.5390625,1.4375,0.048496003243956885,0.9515039967560431,2.032943863978997,dann_matched,banglasarc3_binary+banglasarc_binary,banglasarc3_binary,1
b4e8413b56264fde,0,0,2.328125,-2.625,0.992988204618503,0.007011795381497108,2.032943863978997,dann_matched,banglasarc3_binary+banglasarc_binary,banglasarc3_binary,1
576dad90f863a07a,0,0,2.734375,-2.921875,0.9965165758069192,0.0034834241930806675,2.032943863978997,dann_matched,banglasarc3_binary+banglasarc_binary,banglasarc3_binary,1
acc440f1fc8bac8a,1,0,1.6953125,-1.7578125,0.9693241982893259,0.030675801710674105,2.032943863978997,dann_matched,banglasarc3_binary+banglasarc_binary,banglasarc3_binary,1
99f834500aa28da7,1,1,-2.140625,1.9609375,0.016277460912713496,0.9837225390872865,2.032943863978997,dann_matched,banglasarc3_binary+banglasarc_binary,banglasarc3_binary,1
ab8cb0f62e0897af,0,0,1.5,-1.765625,0.9632305339244013,0.036769466075598736,2.032943863978997,dann_matched,banglasarc3_binary+banglasarc_binary,banglasarc3_binary,1
c2990dd82a44f69e,1,1,-0.87890625,0.6953125,0.17161580696895154,0.8283841930310485,2.032943863978997,dann_matched,banglasarc3_binary+banglasarc_binary,banglasarc3_binary,1
00d461014350b89e,1,1,-0.48632812,0.2265625,0.32896043263598285,0.6710395673640173,2.032943863978997,dann_matched,banglasarc3_binary+banglasarc_binary,banglasarc3_binary,1
3e29fef3bf46bf1b,0,0,2.609375,-2.921875,0.9960545931933981,0.003945406806602023,2.032943863978997,dann_matched,banglasarc3_binary+banglasarc_binary,banglasarc3_binary,1
5707e3c0244d1dfb,1,1,-0.73828125,0.51171875,0.22270013882530884,0.7772998611746911,2.032943863978997,dann_matched,banglasarc3_binary+banglasarc_binary,banglasarc3_binary,1
fd622c33ab6796bd,1,1,-2.046875,1.984375,0.01744248473620534,0.9825575152637948,2.032943863978997,dann_matched,banglasarc3_binary+banglasarc_binary,banglasarc3_binary,1
61890d2332416b73,0,1,-1.53125,1.3359375,0.053799643460063995,0.946200356539936,2.032943863978997,dann_matched,banglasarc3_binary+banglasarc_binary,banglasarc3_binary,1
3b4ef2d9f41c852f,1,0,0.5703125,-0.875,0.8092759746879663,0.1907240253120337,2.032943863978997,dann_matched,banglasarc3_binary+banglasarc_binary,banglasarc3_binary,1
e5390f71a9c29ba6,0,0,2.40625,-2.609375,0.9934102283369194,0.006589771663080563,2.032943863978997,dann_matched,banglasarc3_binary+banglasarc_binary,banglasarc3_binary,1
b099c317bb9c6687,1,1,-2.203125,2.09375,0.013428254741968517,0.9865717452580314,2.032943863978997,dann_matched,banglasarc3_binary+banglasarc_binary,banglasarc3_binary,1
912bbeda5648f283,1,0,1.4609375,-1.875,0.965641310666991,0.03435868933300902,2.032943863978997,dann_matched,banglasarc3_binary+banglasarc_binary,banglasarc3_binary,1
c823ae44a3e23b84,0,0,1.5,-1.8203125,0.9651191130633208,0.034880886936679296,2.032943863978997,dann_matched,banglasarc3_binary+banglasarc_binary,banglasarc3_binary,1
bfea9a263b223c80,1,0,-0.029541016,-0.06225586,0.5081779815692813,0.4918220184307186,2.032943863978997,dann_matched,banglasarc3_binary+banglasarc_binary,banglasarc3_binary,1
3cdaa503d41fc6a6,0,0,2.59375,-2.90625,0.995929862284104,0.004070137715896127,2.032943863978997,dann_matched,banglasarc3_binary+banglasarc_binary,banglasarc3_binary,1
d71f7c52c9ea87be,0,1,-0.72265625,0.5,0.22746933775537556,0.7725306622446245,2.032943863978997,dann_matched,banglasarc3_binary+banglasarc_binary,banglasarc3_binary,1
def9ea9b246c55b1,0,0,2.125,-2.46875,0.9899864293768268,0.010013570623173138,2.032943863978997,dann_matched,banglasarc3_binary+banglasarc_binary,banglasarc3_binary,1
04b1b4f08fdd18c5,1,1,-1.3828125,1.109375,0.07640768335044701,0.923592316649553,2.032943863978997,dann_matched,banglasarc3_binary+banglasarc_binary,banglasarc3_binary,1
39bf383204dad4e3,0,0,2.515625,-2.75,0.9948603889024311,0.005139611097568844,2.032943863978997,dann_matched,banglasarc3_binary+banglasarc_binary,banglasarc3_binary,1
1f427bfaa298bf6b,1,0,1.234375,-1.5859375,0.9437636542955161,0.056236345704483756,2.032943863978997,dann_matched,banglasarc3_binary+banglasarc_binary,banglasarc3_binary,1
ed3220bf0c8abb3b,1,1,-1.0078125,0.81640625,0.1389284260290056,0.8610715739709943,2.032943863978997,dann_matched,banglasarc3_binary+banglasarc_binary,banglasarc3_binary,1
855a37fc463d8e33,1,1,-2.21875,2.09375,0.013222821752305148,0.9867771782476948,2.032943863978997,dann_matched,banglasarc3_binary+banglasarc_binary,banglasarc3_binary,1
4771a65e8a1e5abf,0,1,-0.15332031,-0.12792969,0.4936526847472992,0.5063473152527007,2.032943863978997,dann_matched,banglasarc3_binary+banglasarc_binary,banglasarc3_binary,1
4f4b52f3c17a4ba1,0,0,2.78125,-3.0,0.9969246301499518,0.0030753698500482337,2.032943863978997,dann_matched,banglasarc3_binary+banglasarc_binary,banglasarc3_binary,1
51e27f8269f8eaac,0,0,2.390625,-2.734375,0.9940889311437562,0.005911068856243796,2.032943863978997,dann_matched,banglasarc3_binary+banglasarc_binary,banglasarc3_binary,1
8de5e108effcbaea,0,0,2.734375,-2.90625,0.9964619139429115,0.0035380860570885376,2.032943863978997,dann_matched,banglasarc3_binary+banglasarc_binary,banglasarc3_binary,1
75e09ea10216853d,0,0,2.0625,-2.3125,0.9875683491468141,0.012431650853185818,2.032943863978997,dann_matched,banglasarc3_binary+banglasarc_binary,banglasarc3_binary,1
b3ece23327e83d73,0,0,2.6875,-2.984375,0.9965703960759055,0.0034296039240944865,2.032943863978997,dann_matched,banglasarc3_binary+banglasarc_binary,banglasarc3_binary,1
237b60d67d3a977b,0,0,2.3125,-2.453125,0.991554373058874,0.008445626941126032,2.032943863978997,dann_matched,banglasarc3_binary+banglasarc_binary,banglasarc3_binary,1
9ce912c1a315b4d4,1,1,-0.22167969,-0.052490234,0.457803245820052,0.542196754179948,2.032943863978997,dann_matched,banglasarc3_binary+banglasarc_binary,banglasarc3_binary,1
a034075943ae5ef1,1,0,-0.12451172,-0.15429688,0.5074457386099552,0.49255426139004477,2.032943863978997,dann_matched,banglasarc3_binary+banglasarc_binary,banglasarc3_binary,1
00e1bdb06e67ed07,0,0,2.328125,-2.515625,0.9921841112107114,0.007815888789288626,2.032943863978997,dann_matched,banglasarc3_binary+banglasarc_binary,banglasarc3_binary,1
5e81d0127cda6083,1,0,0.53125,-0.9140625,0.8092759746879663,0.1907240253120337,2.032943863978997,dann_matched,banglasarc3_binary+banglasarc_binary,banglasarc3_binary,1
391c2dab4f4a8ea6,1,1,-1.953125,1.6484375,0.02655657099549924,0.9734434290045008,2.032943863978997,dann_matched,banglasarc3_binary+banglasarc_binary,banglasarc3_binary,1
76010f7452a4ee0b,0,0,2.25,-2.4375,0.9908743626108194,0.00912563738918052,2.032943863978997,dann_matched,banglasarc3_binary+banglasarc_binary,banglasarc3_binary,1
501212c9f4c39f1a,0,0,2.515625,-2.796875,0.9950945942942779,0.004905405705722035,2.032943863978997,dann_matched,banglasarc3_binary+banglasarc_binary,banglasarc3_binary,1
2d0c4e3b8cd32421,1,1,-2.171875,2.0,0.015189048807983947,0.984810951192016,2.032943863978997,dann_matched,banglasarc3_binary+banglasarc_binary,banglasarc3_binary,1
b46fca43ca40e1a1,0,0,-0.09814453,-0.11816406,0.5050047156637741,0.4949952843362259,2.032943863978997,dann_matched,banglasarc3_binary+banglasarc_binary,banglasarc3_binary,1
eb34b73284cdfb62,0,0,2.8125,-3.0,0.9970189672701452,0.0029810327298548972,2.032943863978997,dann_matched,banglasarc3_binary+banglasarc_binary,banglasarc3_binary,1
82b1b909a5385c25,0,0,0.91796875,-1.1640625,0.8891444050747391,0.11085559492526088,2.032943863978997,dann_matched,banglasarc3_binary+banglasarc_binary,banglasarc3_binary,1
afab669e2802f55a,0,0,2.546875,-2.75,0.9950177302695786,0.004982269730421259,2.032943863978997,dann_matched,banglasarc3_binary+banglasarc_binary,banglasarc3_binary,1
32655b6af6468900,1,1,-1.015625,0.66796875,0.156620183363451,0.843379816636549,2.032943863978997,dann_matched,banglasarc3_binary+banglasarc_binary,banglasarc3_binary,1
63522bcc58aca5aa,1,0,0.609375,-0.78125,0.8006920020959544,0.19930799790404563,2.032943863978997,dann_matched,banglasarc3_binary+banglasarc_binary,banglasarc3_binary,1
b81a6fc550996879,0,0,0.083984375,-0.51953125,0.6464602133340664,0.35353978666593344,2.032943863978997,dann_matched,banglasarc3_binary+banglasarc_binary,banglasarc3_binary,1
9e9c76d8536be656,0,0,2.6875,-2.84375,0.9960545931933981,0.003945406806602023,2.032943863978997,dann_matched,banglasarc3_binary+banglasarc_binary,banglasarc3_binary,1
487ba6736df9dac4,1,0,1.671875,-1.9453125,0.9738443816461771,0.02615561835382285,2.032943863978997,dann_matched,banglasarc3_binary+banglasarc_binary,banglasarc3_binary,1
7224809745c5317e,0,0,2.015625,-2.234375,0.9859363729567544,0.014063627043245474,2.032943863978997,dann_matched,banglasarc3_binary+banglasarc_binary,banglasarc3_binary,1
cc351cfcab72e656,0,1,-0.390625,0.12597656,0.37364724479893485,0.626352755201065,2.032943863978997,dann_matched,banglasarc3_binary+banglasarc_binary,banglasarc3_binary,1
0ac9087c2e695175,0,0,2.859375,-3.0625,0.9973269939672114,0.0026730060327886528,2.032943863978997,dann_matched,banglasarc3_binary+banglasarc_binary,banglasarc3_binary,1
7ab4d04075a8767b,1,0,-0.056640625,-0.24121094,0.5460120309726187,0.4539879690273812,2.032943863978997,dann_matched,banglasarc3_binary+banglasarc_binary,banglasarc3_binary,1
005a81526dd973be,1,1,-1.703125,1.453125,0.040845715909949315,0.9591542840900507,2.032943863978997,dann_matched,banglasarc3_binary+banglasarc_binary,banglasarc3_binary,1
5422984065fd2576,1,0,2.40625,-2.890625,0.9950177302695786,0.004982269730421259,2.032943863978997,dann_matched,banglasarc3_binary+banglasarc_binary,banglasarc3_binary,1
73b2db9434de0a4f,1,1,-2.1875,1.921875,0.016152834822140957,0.983847165177859,2.032943863978997,dann_matched,banglasarc3_binary+banglasarc_binary,banglasarc3_binary,1
7b755c23081cae77,1,1,-1.484375,1.390625,0.053403329799824234,0.9465966702001757,2.032943863978997,dann_matched,banglasarc3_binary+banglasarc_binary,banglasarc3_binary,1
4df4505e1099e8b8,0,0,0.51171875,-0.76953125,0.7826624789529376,0.21733752104706247,2.032943863978997,dann_matched,banglasarc3_binary+banglasarc_binary,banglasarc3_binary,1
20d8bb2aacda3ef4,0,0,2.8125,-3.03125,0.9971104189822263,0.002889581017773627,2.032943863978997,dann_matched,banglasarc3_binary+banglasarc_binary,banglasarc3_binary,1
86168cedfa8908d4,1,1,-1.3828125,1.3515625,0.06097518086496481,0.9390248191350352,2.032943863978997,dann_matched,banglasarc3_binary+banglasarc_binary,banglasarc3_binary,1
ffe0b07ccb36819b,1,1,-2.625,2.421875,0.0063883209097212856,0.9936116790902788,2.032943863978997,dann_matched,banglasarc3_binary+banglasarc_binary,banglasarc3_binary,1
0f006194b45e6c5f,1,1,-1.40625,1.0859375,0.07640768335044701,0.923592316649553,2.032943863978997,dann_matched,banglasarc3_binary+banglasarc_binary,banglasarc3_binary,1
0032784830ddb818,0,0,1.9296875,-2.0625,0.9818752792555313,0.018124720744468643,2.032943863978997,dann_matched,banglasarc3_binary+banglasarc_binary,banglasarc3_binary,1
471ce8d0863df951,0,0,0.34570312,-0.6015625,0.7205649407848504,0.2794350592151495,2.032943863978997,dann_matched,banglasarc3_binary+banglasarc_binary,banglasarc3_binary,1
b8051eeb7d141427,1,1,-1.890625,1.546875,0.031143830534778462,0.9688561694652216,2.032943863978997,dann_matched,banglasarc3_binary+banglasarc_binary,banglasarc3_binary,1
13f5d731d71ec752,0,0,2.609375,-2.78125,0.9954615682752046,0.0045384317247953825,2.032943863978997,dann_matched,banglasarc3_binary+banglasarc_binary,banglasarc3_binary,1
53d67a30efe6b19e,0,0,0.53515625,-0.89453125,0.8068526199774353,0.19314738002256465,2.032943863978997,dann_matched,banglasarc3_binary+banglasarc_binary,banglasarc3_binary,1
002c1140ae3dde4e,1,1,-0.59765625,0.34960938,0.2794350592151495,0.7205649407848504,2.032943863978997,dann_matched,banglasarc3_binary+banglasarc_binary,banglasarc3_binary,1
03a3878f85634362,1,1,-2.5,2.296875,0.008187909901696235,0.9918120900983038,2.032943863978997,dann_matched,banglasarc3_binary+banglasarc_binary,banglasarc3_binary,1
15cf011d32f28273,1,1,-2.1875,2.109375,0.013428254741968517,0.9865717452580314,2.032943863978997,dann_matched,banglasarc3_binary+banglasarc_binary,banglasarc3_binary,1
39afb1a94688145e,1,0,1.390625,-1.5859375,0.9515039967560431,0.048496003243956885,2.032943863978997,dann_matched,banglasarc3_binary+banglasarc_binary,banglasarc3_binary,1
5f3e3a9180cef321,1,1,-0.64453125,0.49414062,0.24256428978896624,0.7574357102110338,2.032943863978997,dann_matched,banglasarc3_binary+banglasarc_binary,banglasarc3_binary,1
4962ffafd1494e25,1,0,2.21875,-2.515625,0.9912886155422945,0.008711384457705508,2.032943863978997,dann_matched,banglasarc3_binary+banglasarc_binary,banglasarc3_binary,1
2f76c0643b8dc919,1,1,-1.875,1.6796875,0.027795622581245058,0.9722043774187549,2.032943863978997,dann_matched,banglasarc3_binary+banglasarc_binary,banglasarc3_binary,1
984ddd9e97dcc313,0,0,1.859375,-2.09375,0.9811668701095654,0.018833129890434692,2.032943863978997,dann_matched,banglasarc3_binary+banglasarc_binary,banglasarc3_binary,1
37b55e10fbcaaa62,0,1,-0.109375,-0.1015625,0.49804688493404686,0.5019531150659532,2.032943863978997,dann_matched,banglasarc3_binary+banglasarc_binary,banglasarc3_binary,1
73d0ee7cb4b89e64,1,1,-1.421875,1.171875,0.06954174450582809,0.9304582554941719,2.032943863978997,dann_matched,banglasarc3_binary+banglasarc_binary,banglasarc3_binary,1
67351714d10f07bb,1,1,-0.21875,0.08105469,0.42560522964640357,0.5743947703535965,2.032943863978997,dann_matched,banglasarc3_binary+banglasarc_binary,banglasarc3_binary,1
a4ebfa262a40ce6d,1,1,-2.140625,1.890625,0.01744248473620534,0.9825575152637948,2.032943863978997,dann_matched,banglasarc3_binary+banglasarc_binary,banglasarc3_binary,1
711787e882523b00,0,0,1.5703125,-1.796875,0.9666631758572982,0.03333682414270177,2.032943863978997,dann_matched,banglasarc3_binary+banglasarc_binary,banglasarc3_binary,1
46fef03e1665a7ca,0,0,0.90625,-1.2265625,0.8940517128636203,0.10594828713637978,2.032943863978997,dann_matched,banglasarc3_binary+banglasarc_binary,banglasarc3_binary,1
a76dc1c36dd7c504,0,0,2.390625,-2.734375,0.9940889311437562,0.005911068856243796,2.032943863978997,dann_matched,banglasarc3_binary+banglasarc_binary,banglasarc3_binary,1
d7b2d256a4143a25,1,0,1.9375,-2.203125,0.9843363512883317,0.015663648711668327,2.032943863978997,dann_matched,banglasarc3_binary+banglasarc_binary,banglasarc3_binary,1
1b94ccf4d275d3d1,1,0,0.33398438,-0.58203125,0.7142295667160549,0.2857704332839452,2.032943863978997,dann_matched,banglasarc3_binary+banglasarc_binary,banglasarc3_binary,1
734ed3d8328829a9,1,1,-0.38085938,0.12109375,0.37708178707321444,0.6229182129267856,2.032943863978997,dann_matched,banglasarc3_binary+banglasarc_binary,banglasarc3_binary,1
a6b2d326016440e6,1,1,-0.12011719,-0.05102539,0.48273391879186633,0.5172660812081337,2.032943863978997,dann_matched,banglasarc3_binary+banglasarc_binary,banglasarc3_binary,1
31b230e3a9af4fda,0,0,1.96875,-2.15625,0.9840936082881853,0.01590639171181471,2.032943863978997,dann_matched,banglasarc3_binary+banglasarc_binary,banglasarc3_binary,1
2220cd6a505565f7,0,0,2.546875,-2.953125,0.995929862284104,0.004070137715896127,2.032943863978997,dann_matched,banglasarc3_binary+banglasarc_binary,banglasarc3_binary,1
ce2b334fad8c3a5d,0,0,0.18359375,-0.5234375,0.6697448430478439,0.3302551569521561,2.032943863978997,dann_matched,banglasarc3_binary+banglasarc_binary,banglasarc3_binary,1
722c6881b0dee379,1,1,-1.40625,1.2265625,0.06705628692511957,0.9329437130748804,2.032943863978997,dann_matched,banglasarc3_binary+banglasarc_binary,banglasarc3_binary,1
f1e88058df9310e0,1,0,1.8515625,-2.03125,0.97982268167713,0.02017731832286999,2.032943863978997,dann_matched,banglasarc3_binary+banglasarc_binary,banglasarc3_binary,1
e2b5924ce46e4127,1,0,1.34375,-1.5078125,0.9453993942183476,0.05460060578165237,2.032943863978997,dann_matched,banglasarc3_binary+banglasarc_binary,banglasarc3_binary,1
8aa47f0f19a6b655,0,0,2.765625,-2.984375,0.9968273171575148,0.0031726828424851893,2.032943863978997,dann_matched,banglasarc3_binary+banglasarc_binary,banglasarc3_binary,1
366e2c4f0de8d88d,0,1,-2.171875,2.0625,0.014281933925111153,0.9857180660748888,2.032943863978997,dann_matched,banglasarc3_binary+banglasarc_binary,banglasarc3_binary,1
49e7e0b2adafbcd1,0,0,2.5625,-2.703125,0.9948603889024311,0.005139611097568844,2.032943863978997,dann_matched,banglasarc3_binary+banglasarc_binary,banglasarc3_binary,1
aae4075a20d3ba22,0,0,2.328125,-2.546875,0.9924227587321393,0.007577241267860811,2.032943863978997,dann_matched,banglasarc3_binary+banglasarc_binary,banglasarc3_binary,1
f70f4b9f132b9352,0,0,1.96875,-2.1875,0.9845754479181588,0.015424552081841137,2.032943863978997,dann_matched,banglasarc3_binary+banglasarc_binary,banglasarc3_binary,1
e868e8fa9c38e342,0,0,2.671875,-2.921875,0.9962927471256138,0.0037072528743862213,2.032943863978997,dann_matched,banglasarc3_binary+banglasarc_binary,banglasarc3_binary,1
34f804166b33a246,1,1,-0.51171875,0.01574707,0.3711081389041366,0.6288918610958635,2.032943863978997,dann_matched,banglasarc3_binary+banglasarc_binary,banglasarc3_binary,1
186dcee2e7df2920,1,1,-1.8515625,1.609375,0.030444348432624533,0.9695556515673754,2.032943863978997,dann_matched,banglasarc3_binary+banglasarc_binary,banglasarc3_binary,1
992528b2a23ee70a,0,0,2.34375,-2.65625,0.9933071490757153,0.006692850924284856,2.032943863978997,dann_matched,banglasarc3_binary+banglasarc_binary,banglasarc3_binary,1
63b9ff3f715bfb2f,0,0,2.609375,-2.90625,0.9959927110540886,0.004007288945911384,2.032943863978997,dann_matched,banglasarc3_binary+banglasarc_binary,banglasarc3_binary,1
52a86f6315459641,1,1,-2.03125,1.734375,0.022629200033037256,0.9773707999669629,2.032943863978997,dann_matched,banglasarc3_binary+banglasarc_binary,banglasarc3_binary,1
875e2c2018999836,0,0,1.84375,-2.046875,0.9799765587105447,0.020023441289455244,2.032943863978997,dann_matched,banglasarc3_binary+banglasarc_binary,banglasarc3_binary,1
b0853ab27aae530b,0,0,1.390625,-1.6640625,0.9549844683997677,0.04501553160023231,2.032943863978997,dann_matched,banglasarc3_binary+banglasarc_binary,banglasarc3_binary,1
2360a4258810318d,0,1,-1.0078125,0.8671875,0.13296424019782924,0.8670357598021706,2.032943863978997,dann_matched,banglasarc3_binary+banglasarc_binary,banglasarc3_binary,1
6691a7d1596c1c0e,0,0,2.75,-3.078125,0.9970650482552862,0.002934951744713737,2.032943863978997,dann_matched,banglasarc3_binary+banglasarc_binary,banglasarc3_binary,1
c7c7d1e79083dbae,0,1,-0.53515625,0.23925781,0.3155250303236283,0.6844749696763718,2.032943863978997,dann_matched,banglasarc3_binary+banglasarc_binary,banglasarc3_binary,1
07edd2171dff4faa,1,1,-2.4375,2.234375,0.009268013380914325,0.9907319866190857,2.032943863978997,dann_matched,banglasarc3_binary+banglasarc_binary,banglasarc3_binary,1
2652e297e664589c,1,1,-1.5859375,1.296875,0.05300977201585542,0.9469902279841446,2.032943863978997,dann_matched,banglasarc3_binary+banglasarc_binary,banglasarc3_binary,1
ce6d32b468635b62,1,1,-2.5,2.4375,0.007121428745735101,0.9928785712542649,2.032943863978997,dann_matched,banglasarc3_binary+banglasarc_binary,banglasarc3_binary,1
112e0419a2dcbd6c,0,0,0.38671875,-0.6796875,0.743912883406992,0.2560871165930079,2.032943863978997,dann_matched,banglasarc3_binary+banglasarc_binary,banglasarc3_binary,1
175f493bd4aa3997,1,0,2.09375,-2.359375,0.9884918509356967,0.011508149064303403,2.032943863978997,dann_matched,banglasarc3_binary+banglasarc_binary,banglasarc3_binary,1
15319cb8ed77aaa8,1,1,-2.046875,1.828125,0.020332353342658753,0.9796676466573412,2.032943863978997,dann_matched,banglasarc3_binary+banglasarc_binary,banglasarc3_binary,1
