item_id,gold_label,pred_label,logit_0,logit_1,prob_0,prob_1,temperature,system,source,target,seed
75b57cb785399524,1,0,0.6171875,-0.515625,0.7563575624625937,0.24364243753740636,1.9020349700725094,dann_matched,banglasarc_binary+ben_sarc_binary,banglasarc3_binary,42
ea89903ebde9ec48,0,0,3.4375,-3.546875,0.9990746151133504,0.0009253848866495988,1.9020349700725094,dann_matched,banglasarc_binary+ben_sarc_binary,banglasarc3_binary,42
7985dbfde1b7e765,1,0,1.6875,-1.7265625,0.9681411443139596,0.03185885568604046,1.9020349700725094,dann_matched,banglasarc_binary+ben_sarc_binary,banglasarc3_binary,42
d0c67c93af7f80e7,0,0,1.59375,-1.59375,0.96036116089903,0.039638839100970026,1.9020349700725094,dann_matched,banglasarc_binary+ben_sarc_binary,banglasarc3_binary,42
050e2a5781c6d2a8,1,1,-1.34375,1.71875,0.0446808702726502,0.9553191297273498,1.9020349700725094,dann_matched,banglasarc_binary+ben_sarc_binary,banglasarc3_binary,42
510f4f1ce14fbaae,1,0,0.59375,-0.40820312,0.7314424129709252,0.2685575870290748,1.9020349700725094,dann_matched,banglasarc_binary+ben_sarc_binary,banglasarc3_binary,42
1e477c743f0a9075,0,0,2.28125,-2.328125,0.9901401446964613,0.009859855303538789,1.9020349700725094,dann_matched,banglasarc_binary+ben_sarc_binary,banglasarc3_binary,42
8bc8673823772559,1,1,-0.14160156,0.3828125,0.37182065887778626,0.6281793411222137,1.9020349700725094,dann_matched,banglasarc_binary+ben_sarc_binary,banglasarc3_binary,42
bd8f33b2d8745739,1,1,-0.96875,1.2734375,0.09602548878779378,0.9039745112122062,1.9020349700725094,dann_matched,banglasarc_binary+ben_sarc_binary,banglasarc3_binary,42
f38f331e6bcc6f51,0,0,3.0625,-3.03125,0.997748152720497,0.00225184727950302,1.9020349700725094,dann_matched,banglasarc_binary+ben_sarc_binary,banglasarc3_binary,42
711571c05022201a,1,1,-1.3125,1.734375,0.04535258055430642,0.9546474194456936,1.9020349700725094,dann_matched,banglasarc_binary+ben_sarc_binary,banglasarc3_binary,42
e16f46a1ebdb3d2c,1,1,-0.34179688,0.58984375,0.2825919858349107,0.7174080141650894,1.9020349700725094,dann_matched,banglasarc_binary+ben_sarc_binary,banglasarc3_binary,42
96f8f1c864b37ed7,0,1,-0.33007812,0.55078125,0.2929997269500959,0.7070002730499041,1.9020349700725094,dann_matched,banglasarc_binary+ben_sarc_binary,banglasarc3_binary,42
f479880c55bd2491,0,0,1.046875,-0.9375,0.8791467675095294,0.12085323249047067,1.9020349700725094,dann_matched,banglasarc_binary+ben_sarc_binary,banglasarc3_binary,42
65fbbf2f8d05469a,1,0,2.078125,-2.28125,0.9873750507184357,0.012624949281564409,1.9020349700725094,dann_matched,banglasarc_binary+ben_sarc_binary,banglasarc3_binary,42
8c201fa1f055e850,1,0,1.9453125,-2.046875,0.9818752792555313,0.018124720744468643,1.9020349700725094,dann_matched,banglasarc_binary+ben_sarc_binary,banglasarc3_binary,42
eb85c00573b45dd3,1,0,1.7265625,-1.71875,0.9690910414827888,0.030908958517211163,1.9020349700725094,dann_matched,banglasarc_binary+ben_sarc_binary,banglasarc3_binary,42
db73ddb0d256ba8f,1,0,1.53125,-1.46875,0.9525741268224334,0.04742587317756679,1.9020349700725094,dann_matched,banglasarc_binary+ben_sarc_binary,banglasarc3_binary,42
108f2ff9574fa860,1,0,0.30859375,-0.18847656,0.6217705971609453,0.37822940283905465,1.9020349700725094,dann_matched,banglasarc_binary+ben_sarc_binary,banglasarc3_binary,42
651cfe2be094f7d4,0,0,2.53125,-2.734375,0.9948603889024311,0.005139611097568844,1.9020349700725094,dann_matched,banglasarc_binary+ben_sarc_binary,banglasarc3_binary,42
701194ab8ff79d41,1,1,-1.3828125,1.765625,0.04115288921744485,0.9588471107825551,1.9020349700725094,dann_matched,banglasarc_binary+ben_sarc_binary,banglasarc3_binary,42
7d54a3089303d820,1,1,-1.0703125,1.4453125,0.07477004290796138,0.9252299570920387,1.9020349700725094,dann_matched,banglasarc_binary+ben_sarc_binary,banglasarc3_binary,42
07a4bfe2a5a2e5ca,1,0,1.1796875,-1.1640625,0.9124361604769414,0.08756383952305867,1.9020349700725094,dann_matched,banglasarc_binary+ben_sarc_binary,banglasarc3_binary,42
8e8d800bdbdaaff7,0,0,2.28125,-2.265625,0.9895109087400621,0.010489091259938018,1.9020349700725094,dann_matched,banglasarc_binary+ben_sarc_binary,banglasarc3_binary,42
ce91a1211be5691e,0,0,0.86328125,-0.7734375,0.8370879625470882,0.16291203745291188,1.9020349700725094,dann_matched,banglasarc_binary+ben_sarc_binary,banglasarc3_binary,42
b67fe2f1724da4fc,0,0,1.03125,-0.90234375,0.8736466603593868,0.12635333964061335,1.9020349700725094,dann_matched,banglasarc_binary+ben_sarc_binary,banglasarc3_binary,42
c82b33bcfb8e93ad,1,1,-1.5078125,1.953125,0.030444348432624533,0.9695556515673754,1.9020349700725094,dann_matched,banglasarc_binary+ben_sarc_binary,banglasarc3_binary,42
94ad7e948eed42c2,1,1,-0.6171875,0.8671875,0.184767510648,0.8152324893520001,1.9020349700725094,dann_matched,banglasarc_binary+ben_sarc_binary,banglasarc3_binary,42
7065829cdc40567b,1,1,-0.76953125,1.1015625,0.1334152172639784,0.8665847827360217,1.9020349700725094,dann_matched,banglasarc_binary+ben_sarc_binary,banglasarc3_binary,42
80cf082fa6d9ed32,0,0,2.59375,-2.640625,0.994698105130598,0.00530189486940215,1.9020349700725094,dann_matched,banglasarc_binary+ben_sarc_binary,banglasarc3_binary,42
082cc009d05d3e6a,0,0,2.4375,-2.546875,0.9932024684496267,0.006797531550373378,1.9020349700725094,dann_matched,banglasarc_binary+ben_sarc_binary,banglasarc3_binary,42
91675e6a7e696d31,1,1,-1.359375,1.75,0.042722197546490565,0.9572778024535095,1.9020349700725094,dann_matched,banglasarc_binary+ben_sarc_binary,banglasarc3_binary,42
0f26e9a22c5ac1d7,0,0,0.3359375,-0.18164062,0.6265812767716958,0.3734187232283041,1.9020349700725094,dann_matched,banglasarc_binary+ben_sarc_binary,banglasarc3_binary,42
9a4c63e1a0b50046,0,0,2.109375,-2.125,0.9857180660748888,0.014281933925111153,1.9020349700725094,dann_matched,banglasarc_binary+ben_sarc_binary,banglasarc3_binary,42
dd8a11641c9c1035,1,1,-0.30273438,0.48828125,0.3119506366474433,0.6880493633525566,1.9020349700725094,dann_matched,banglasarc_binary+ben_sarc_binary,banglasarc3_binary,42
947e78373e8ee90d,1,1,-0.65625,0.9609375,0.16559311363082369,0.8344068863691763,1.9020349700725094,dann_matched,banglasarc_binary+ben_sarc_binary,banglasarc3_binary,42
a93bffde267df6fb,0,0,0.6875,-0.63671875,0.7898827402935596,0.2101172597064404,1.9020349700725094,dann_matched,banglasarc_binary+ben_sarc_binary,banglasarc3_binary,42
2b6006a4aa890634,0,1,-0.84765625,1.1171875,0.12294379806223382,0.8770562019377661,1.9020349700725094,dann_matched,banglasarc_binary+ben_sarc_binary,banglasarc3_binary,42
08c0f13f45787db9,0,0,2.1875,-2.34375,0.9893474891602738,0.010652510839726164,1.9020349700725094,dann_matched,banglasarc_binary+ben_sarc_binary,banglasarc3_binary,42
ec266bb4c5478b18,1,0,0.30664062,-0.20898438,0.6261241772283034,0.37387582277169656,1.9020349700725094,dann_matched,banglasarc_binary+ben_sarc_binary,banglasarc3_binary,42
073d86cef983e918,1,0,1.859375,-1.8984375,0.9771973640319939,0.02280263596800613,1.9020349700725094,dann_matched,banglasarc_binary+ben_sarc_binary,banglasarc3_binary,42
67edcfa910eb831c,1,0,1.21875,-1.140625,0.9136765234137297,0.08632347658627028,1.9020349700725094,dann_matched,banglasarc_binary+ben_sarc_binary,banglasarc3_binary,42
04d2c1127101c192,1,0,1.265625,-1.1484375,0.9178933729531492,0.08210662704685086,1.9020349700725094,dann_matched,banglasarc_binary+ben_sarc_binary,banglasarc3_binary,42
876b4804c6fc5b43,1,1,-1.5859375,1.9921875,0.027169231535681047,0.9728307684643189,1.9020349700725094,dann_matched,banglasarc_binary+ben_sarc_binary,banglasarc3_binary,42
34dbd0864564cfc0,0,0,1.0234375,-1.0234375,0.8856314738181876,0.1143685261818125,1.9020349700725094,dann_matched,banglasarc_binary+ben_sarc_binary,banglasarc3_binary,42
63a49fd32ab811fd,0,0,0.31835938,-0.05029297,0.5911332970781531,0.4088667029218469,1.9020349700725094,dann_matched,banglasarc_binary+ben_sarc_binary,banglasarc3_binary,42
265176b36196d1b2,0,0,0.76171875,-0.625,0.800067893575815,0.1999321064241851,1.9020349700725094,dann_matched,banglasarc_binary+ben_sarc_binary,banglasarc3_binary,42
96de00b59977a347,1,0,0.8984375,-0.74609375,0.8381505627344117,0.16184943726558834,1.9020349700725094,dann_matched,banglasarc_binary+ben_sarc_binary,banglasarc3_binary,42
4a51117b4af25a2c,1,1,-1.109375,1.453125,0.07159119944455247,0.9284088005554476,1.9020349700725094,dann_matched,banglasarc_binary+ben_sarc_binary,banglasarc3_binary,42
aaa1c8bb9251740a,1,0,1.3828125,-1.3203125,0.9372107914029487,0.06278920859705135,1.9020349700725094,dann_matched,banglasarc_binary+ben_sarc_binary,banglasarc3_binary,42
b956c99bea48b45e,0,0,1.890625,-1.9765625,0.9795114453152562,0.02048855468474385,1.9020349700725094,dann_matched,banglasarc_binary+ben_sarc_binary,banglasarc3_binary,42
a7f029b1664720b2,0,0,2.84375,-3.0,0.9971104189822263,0.002889581017773627,1.9020349700725094,dann_matched,banglasarc_binary+ben_sarc_binary,banglasarc3_binary,42
1f65da3aad7897f2,0,0,3.375,-3.515625,0.9989837559589321,0.0010162440410680167,1.9020349700725094,dann_matched,banglasarc_binary+ben_sarc_binary,banglasarc3_binary,42
e299df642da32c11,1,1,-0.73046875,1.03125,0.14657520915950842,0.8534247908404916,1.9020349700725094,dann_matched,banglasarc_binary+ben_sarc_binary,banglasarc3_binary,42
281dcf0e5128a950,1,1,-1.125,1.4609375,0.07004896087717674,0.9299510391228232,1.9020349700725094,dann_matched,banglasarc_binary+ben_sarc_binary,banglasarc3_binary,42
4d19d4857cf11f76,1,0,3.25,-3.5,0.9988304897349445,0.0011695102650555148,1.9020349700725094,dann_matched,banglasarc_binary+ben_sarc_binary,banglasarc3_binary,42
0a1efda3664119ed,0,0,1.4609375,-1.5,0.9507778868028013,0.04922211319719861,1.9020349700725094,dann_matched,banglasarc_binary+ben_sarc_binary,banglasarc3_binary,42
222513aed35eef7e,0,1,-0.6015625,0.85546875,0.18892180778557252,0.8110781922144276,1.9020349700725094,dann_matched,banglasarc_binary+ben_sarc_binary,banglasarc3_binary,42
39fe6dafd7939acc,0,0,2.078125,-2.1875,0.9861513897844354,0.013848610215564576,1.9020349700725094,dann_matched,banglasarc_binary+ben_sarc_binary,banglasarc3_binary,42
a27193d4c497eccb,0,0,1.59375,-1.71875,0.9648551535992067,0.03514484640079327,1.9020349700725094,dann_matched,banglasarc_binary+ben_sarc_binary,banglasarc3_binary,42
a6de149712c45c7c,1,1,-0.24902344,0.6171875,0.2960433382782308,0.7039566617217692,1.9020349700725094,dann_matched,banglasarc_binary+ben_sarc_binary,banglasarc3_binary,42
73ec3e5aee767003,0,0,1.40625,-1.4453125,0.9453993942183476,0.05460060578165237,1.9020349700725094,dann_matched,banglasarc_binary+ben_sarc_binary,banglasarc3_binary,42
7be88e4c070ecb7c,0,0,2.875,-3.0,0.9971990730328789,0.002800926967120973,1.9020349700725094,dann_matched,banglasarc_binary+ben_sarc_binary,banglasarc3_binary,42
e1692847746aaeb7,0,0,0.26953125,-0.09863281,0.5910152768276961,0.4089847231723039,1.9020349700725094,dann_matched,banglasarc_binary+ben_sarc_binary,banglasarc3_binary,42
affe88ed42c09f2b,0,0,0.97265625,-0.90625,0.8674854455595564,0.13251455444044344,1.9020349700725094,dann_matched,banglasarc_binary+ben_sarc_binary,banglasarc3_binary,42
c26d77ece62c8a34,0,0,1.5546875,-1.5703125,0.9579122720843811,0.04208772791561884,1.9020349700725094,dann_matched,banglasarc_binary+ben_sarc_binary,banglasarc3_binary,42
4562504c76eb98bd,1,0,2.078125,-2.15625,0.9857180660748888,0.014281933925111153,1.9020349700725094,dann_matched,banglasarc_binary+ben_sarc_binary,banglasarc3_binary,42
c31bf7af3cca52d5,0,0,2.484375,-2.671875,0.994269753485008,0.005730246514992079,1.9020349700725094,dann_matched,banglasarc_binary+ben_sarc_binary,banglasarc3_binary,42
d60439bc7741539c,1,0,2.734375,-2.90625,0.9964619139429115,0.0035380860570885376,1.9020349700725094,dann_matched,banglasarc_binary+ben_sarc_binary,banglasarc3_binary,42
e0c3a628a2e7801f,1,0,0.85546875,-0.828125,0.843379816636549,0.156620183363451,1.9020349700725094,dann_matched,banglasarc_binary+ben_sarc_binary,banglasarc3_binary,42
0cd82b6dca6fe2e1,1,0,2.0,-2.046875,0.9828232909876817,0.017176709012318405,1.9020349700725094,dann_matched,banglasarc_binary+ben_sarc_binary,banglasarc3_binary,42
1d09754dbb62cc6b,1,0,0.78125,-0.6796875,0.811676021090197,0.1883239789098031,1.9020349700725094,dann_matched,banglasarc_binary+ben_sarc_binary,banglasarc3_binary,42
c311ed8c137856aa,1,0,2.03125,-2.125,0.9845754479181588,0.015424552081841137,1.9020349700725094,dann_matched,banglasarc_binary+ben_sarc_binary,banglasarc3_binary,42
7071237a4ec6c93c,1,1,-0.75,1.046875,0.1422318950098963,0.8577681049901036,1.9020349700725094,dann_matched,banglasarc_binary+ben_sarc_binary,banglasarc3_binary,42
406cc3cc6af1c396,0,1,-1.1953125,1.5703125,0.05921025074128593,0.9407897492587141,1.9020349700725094,dann_matched,banglasarc_binary+ben_sarc_binary,banglasarc3_binary,42
5017f4130c84f906,1,0,1.578125,-1.578125,0.9591542840900507,0.040845715909949315,1.9020349700725094,dann_matched,banglasarc_binary+ben_sarc_binary,banglasarc3_binary,42
dda9d98881ec3a10,0,0,1.8984375,-2.015625,0.9804313244446876,0.01956867555531235,1.9020349700725094,dann_matched,banglasarc_binary+ben_sarc_binary,banglasarc3_binary,42
44526b65a93bf812,0,0,2.15625,-2.265625,0.9881308789536605,0.011869121046339474,1.9020349700725094,dann_matched,banglasarc_binary+ben_sarc_binary,banglasarc3_binary,42
045171b67bd95561,0,0,2.359375,-2.296875,0.9905874104123901,0.009412589587609823,1.9020349700725094,dann_matched,banglasarc_binary+ben_sarc_binary,banglasarc3_binary,42
008c34b815bb55fd,0,0,2.203125,-2.265625,0.9886682464686385,0.011331753531361453,1.9020349700725094,dann_matched,banglasarc_binary+ben_sarc_binary,banglasarc3_binary,42
aca0a6cea18374f2,0,0,1.109375,-1.03125,0.8947894632969136,0.10521053670308635,1.9020349700725094,dann_matched,banglasarc_binary+ben_sarc_binary,banglasarc3_binary,42
51e0fcfbe89577bb,1,0,0.35742188,-0.19726562,0.6352224414795979,0.3647775585204021,1.9020349700725094,dann_matched,banglasarc_binary+ben_sarc_binary,banglasarc3_binary,42
0cd747c951646fc6,1,0,0.96875,-0.93359375,0.870156561979502,0.12984343802049797,1.9020349700725094,dann_matched,banglasarc_binary+ben_sarc_binary,banglasarc3_binary,42
2a8dc43b96afa2e7,1,1,-0.74609375,0.98828125,0.1500288243424251,0.849971175657575,1.9020349700725094,dann_matched,banglasarc_binary+ben_sarc_binary,banglasarc3_binary,42
4dacd616983d14ed,1,0,2.484375,-2.53125,0.9934102283369194,0.006589771663080563,1.9020349700725094,dann_matched,banglasarc_binary+ben_sarc_binary,banglasarc3_binary,42
8e45e4191312d057,0,0,2.59375,-2.59375,0.994445075296309,0.005554924703691103,1.9020349700725094,dann_matched,banglasarc_binary+ben_sarc_binary,banglasarc3_binary,42
a30ac9245fef57e8,0,0,1.9296875,-1.90625,0.9788748081040518,0.02112519189594821,1.9020349700725094,dann_matched,banglasarc_binary+ben_sarc_binary,banglasarc3_binary,42
1ba578744dcf18f2,0,0,1.1796875,-1.0625,0.9039745112122062,0.09602548878779378,1.9020349700725094,dann_matched,banglasarc_binary+ben_sarc_binary,banglasarc3_binary,42
a61d6c2433486af9,0,0,1.3515625,-1.2265625,0.9294404038127071,0.07055959618729296,1.9020349700725094,dann_matched,banglasarc_binary+ben_sarc_binary,banglasarc3_binary,42
8cb4b0e68d2b2280,0,0,1.2421875,-1.1875,0.9190632902163844,0.08093670978361556,1.9020349700725094,dann_matched,banglasarc_binary+ben_sarc_binary,banglasarc3_binary,42
5862ad605fad8a15,1,1,-0.86328125,1.1875,0.1139734641137174,0.8860265358862826,1.9020349700725094,dann_matched,banglasarc_binary+ben_sarc_binary,banglasarc3_binary,42
cdf0634800d69305,1,0,1.4609375,-1.5234375,0.9518632288833652,0.04813677111663481,1.9020349700725094,dann_matched,banglasarc_binary+ben_sarc_binary,banglasarc3_binary,42
778c43b485a168af,1,0,3.328125,-3.625,0.9990452682889194,0.0009547317110805592,1.9020349700725094,dann_matched,banglasarc_binary+ben_sarc_binary,banglasarc3_binary,42
1df9d37a3cec5465,0,0,2.03125,-2.046875,0.983342959990771,0.01665704000922906,1.9020349700725094,dann_matched,banglasarc_binary+ben_sarc_binary,banglasarc3_binary,42
47b74426cb84e137,1,0,0.40429688,-0.23339844,0.6542322972011442,0.34576770279885577,1.9020349700725094,dann_matched,banglasarc_binary+ben_sarc_binary,banglasarc3_binary,42
3f468b17c098db0b,0,0,1.3984375,-1.3828125,0.941654159388319,0.05834584061168106,1.9020349700725094,dann_matched,banglasarc_binary+ben_sarc_binary,banglasarc3_binary,42
e8eed6879adc1fb9,1,0,0.63671875,-0.6484375,0.7833262058913498,0.21667379410865026,1.9020349700725094,dann_matched,banglasarc_binary+ben_sarc_binary,banglasarc3_binary,42
59adf653819d9fe1,0,1,-0.20214844,0.38867188,0.35644665867004166,0.6435533413299583,1.9020349700725094,dann_matched,banglasarc_binary+ben_sarc_binary,banglasarc3_binary,42
ab24e7278a3aa349,1,0,1.7890625,-1.6875,0.9700134939339985,0.029986506066001513,1.9020349700725094,dann_matched,banglasarc_binary+ben_sarc_binary,banglasarc3_binary,42
e3d3248598f096fa,1,1,-0.8828125,1.1953125,0.11124120650754304,0.888758793492457,1.9020349700725094,dann_matched,banglasarc_binary+ben_sarc_binary,banglasarc3_binary,42
cc1dab7c4d3e2fa9,1,1,-0.111328125,0.296875,0.3993430562286849,0.6006569437713151,1.9020349700725094,dann_matched,banglasarc_binary+ben_sarc_binary,banglasarc3_binary,42
f7a48562ed437eea,0,0,2.78125,-2.890625,0.9965703960759055,0.0034296039240944865,1.9020349700725094,dann_matched,banglasarc_binary+ben_sarc_binary,banglasarc3_binary,42
b2ae48f6c244c3b3,1,0,2.375,-2.359375,0.9912886155422945,0.008711384457705508,1.9020349700725094,dann_matched,banglasarc_binary+ben_sarc_binary,banglasarc3_binary,42
6d69a5e5443ef4a0,0,1,-1.1171875,1.5546875,0.06465348835622392,0.9353465116437761,1.9020349700725094,dann_matched,banglasarc_binary+ben_sarc_binary,banglasarc3_binary,42
17e9568c1bec66f3,1,0,3.328125,-3.34375,0.9987355780553607,0.0012644219446392272,1.9020349700725094,dann_matched,banglasarc_binary+ben_sarc_binary,banglasarc3_binary,42
432511856befb10b,0,0,2.734375,-2.890625,0.9964063974185798,0.0035936025814200896,1.9020349700725094,dann_matched,banglasarc_binary+ben_sarc_binary,banglasarc3_binary,42
b7be99240747d7b9,0,0,2.25,-2.4375,0.9908743626108194,0.00912563738918052,1.9020349700725094,dann_matched,banglasarc_binary+ben_sarc_binary,banglasarc3_binary,42
88421f62e8ff3b41,1,0,1.8671875,-1.9140625,0.9777138144607745,0.022286185539225494,1.9020349700725094,dann_matched,banglasarc_binary+ben_sarc_binary,banglasarc3_binary,42
3e2207ffcf3ee105,0,1,-0.37695312,0.6484375,0.263978703002682,0.7360212969973179,1.9020349700725094,dann_matched,banglasarc_binary+ben_sarc_binary,banglasarc3_binary,42
f95cec4307ef3024,0,0,1.8984375,-1.984375,0.97982268167713,0.02017731832286999,1.9020349700725094,dann_matched,banglasarc_binary+ben_sarc_binary,banglasarc3_binary,42
26b12ba4953ff47f,1,1,-1.140625,1.5078125,0.06608537866754877,0.9339146213324513,1.9020349700725094,dann_matched,banglasarc_binary+ben_sarc_binary,banglasarc3_binary,42
9e6fb96648d97dc0,0,0,1.3671875,-1.3046875,0.9353465116437761,0.06465348835622392,1.9020349700725094,dann_matched,banglasarc_binary+ben_sarc_binary,banglasarc3_binary,42
a4b8f5a2bfe6f63a,1,1,-0.08886719,0.25976562,0.4137139997046381,0.5862860002953619,1.9020349700725094,dann_matched,banglasarc_binary+ben_sarc_binary,banglasarc3_binary,42
c7e2731135ca9edc,1,0,0.9609375,-1.0234375,0.8791467675095294,0.12085323249047067,1.9020349700725094,dann_matched,banglasarc_binary+ben_sarc_binary,banglasarc3_binary,42
a5f5e1447f81c7c1,0,0,3.15625,-3.3125,0.998451238905712,0.00154876109428798,1.9020349700725094,dann_matched,banglasarc_binary+ben_sarc_binary,banglasarc3_binary,42
c2122763b56ffbf5,1,0,2.71875,-2.859375,0.9962345862153261,0.0037654137846738736,1.9020349700725094,dann_matched,banglasarc_binary+ben_sarc_binary,banglasarc3_binary,42
d89f0be1f7612e43,1,1,-1.640625,2.046875,0.024423090054107213,0.9755769099458929,1.9020349700725094,dann_matched,banglasarc_binary+ben_sarc_binary,banglasarc3_binary,42
83ff80d11d2cfe42,0,1,-0.703125,0.99609375,0.15456732837004417,0.8454326716299558,1.9020349700725094,dann_matched,banglasarc_binary+ben_sarc_binary,banglasarc3_binary,42
ff19766f243a9d57,1,1,-1.15625,1.4453125,0.06903792817479,0.9309620718252101,1.9020349700725094,dann_matched,banglasarc_binary+ben_sarc_binary,banglasarc3_binary,42
e8bd3886d550c247,1,0,0.55859375,-0.32421875,0.7074047009882609,0.292595299011739,1.9020349700725094,dann_matched,banglasarc_binary+ben_sarc_binary,banglasarc3_binary,42
0cb293f08063597d,1,0,2.921875,-2.890625,0.9970189672701452,0.0029810327298548972,1.9020349700725094,dann_matched,banglasarc_binary+ben_sarc_binary,banglasarc3_binary,42
bd4e9e3bdd01a022,1,0,2.765625,-3.046875,0.9970189672701452,0.0029810327298548972,1.9020349700725094,dann_matched,banglasarc_binary+ben_sarc_binary,banglasarc3_binary,42
5b22a3f51d681541,0,0,2.453125,-2.46875,0.992767236196521,0.007232763803479049,1.9020349700725094,dann_matched,banglasarc_binary+ben_sarc_binary,banglasarc3_binary,42
5e682d52ed383d6b,0,0,0.71484375,-0.59765625,0.7879311956428947,0.21206880435710532,1.9020349700725094,dann_matched,banglasarc_binary+ben_sarc_binary,banglasarc3_binary,42
baad976c4d644487,0,0,3.140625,-3.234375,0.9982992775885648,0.001700722411435288,1.9020349700725094,dann_matched,banglasarc_binary+ben_sarc_binary,banglasarc3_binary,42
dd9bd6b2bf6b34e5,1,0,1.6015625,-1.6484375,0.9626731126558706,0.037326887344129464,1.9020349700725094,dann_matched,banglasarc_binary+ben_sarc_binary,banglasarc3_binary,42
cdbf9e38b718e84c,0,1,-1.0234375,1.3828125,0.08269734267503885,0.9173026573249612,1.9020349700725094,dann_matched,banglasarc_binary+ben_sarc_binary,banglasarc3_binary,42
4d0a57f210a73977,1,0,1.6328125,-1.59375,0.9618217257384336,0.03817827426156642,1.9020349700725094,dann_matched,banglasarc_binary+ben_sarc_binary,banglasarc3_binary,42
ab338dede5081252,0,1,-0.19726562,0.46875,0.33938958230485144,0.6606104176951485,1.9020349700725094,dann_matched,banglasarc_binary+ben_sarc_binary,banglasarc3_binary,42
e36d944d14221a6c,0,0,0.7578125,-0.68359375,0.8086723228520697,0.19132767714793028,1.9020349700725094,dann_matched,banglasarc_binary+ben_sarc_binary,banglasarc3_binary,42
63ea034834c6a12c,0,0,1.8359375,-1.875,0.976129165047569,0.023870834952430912,1.9020349700725094,dann_matched,banglasarc_binary+ben_sarc_binary,banglasarc3_binary,42
1ead6e0bfd452d2b,1,1,-1.0078125,1.4375,0.079782013464093,0.9202179865359069,1.9020349700725094,dann_matched,banglasarc_binary+ben_sarc_binary,banglasarc3_binary,42
9fb91b24bd470ab7,0,0,0.859375,-0.83203125,0.8444090059229068,0.15559099407709326,1.9020349700725094,dann_matched,banglasarc_binary+ben_sarc_binary,banglasarc3_binary,42
7adb5d686301eb8f,1,0,1.2578125,-1.203125,0.9213576188158985,0.07864238118410145,1.9020349700725094,dann_matched,banglasarc_binary+ben_sarc_binary,banglasarc3_binary,42
30a467ac9c6d2435,1,1,-0.61328125,0.88671875,0.18242552380635632,0.8175744761936437,1.9020349700725094,dann_matched,banglasarc_binary+ben_sarc_binary,banglasarc3_binary,42
4e5a50b99551fa9f,0,0,2.625,-2.671875,0.9950177302695786,0.004982269730421259,1.9020349700725094,dann_matched,banglasarc_binary+ben_sarc_binary,banglasarc3_binary,42
2cc5b657e99479ab,1,0,1.9765625,-2.078125,0.9829546827465642,0.01704531725343583,1.9020349700725094,dann_matched,banglasarc_binary+ben_sarc_binary,banglasarc3_binary,42
60a819c9455826f5,0,0,1.703125,-1.6953125,0.9676556676188429,0.032344332381157095,1.9020349700725094,dann_matched,banglasarc_binary+ben_sarc_binary,banglasarc3_binary,42
f387e0db7e685a99,0,0,1.796875,-1.8125,0.9736446471538801,0.02635535284611975,1.9020349700725094,dann_matched,banglasarc_binary+ben_sarc_binary,banglasarc3_binary,42
0ccfba3f9e960460,1,0,2.0625,-2.15625,0.985496420308618,0.014503579691381979,1.9020349700725094,dann_matched,banglasarc_binary+ben_sarc_binary,banglasarc3_binary,42
ddc2982c4d5b19bb,0,0,1.90625,-1.875,0.9777138144607745,0.022286185539225494,1.9020349700725094,dann_matched,banglasarc_binary+ben_sarc_binary,banglasarc3_binary,42
c9700acd4f20666a,1,0,0.25976562,-0.059814453,0.5792219105624486,0.42077808943755146,1.9020349700725094,dann_matched,banglasarc_binary+ben_sarc_binary,banglasarc3_binary,42
d4943eed81c34c48,1,0,2.3125,-2.453125,0.991554373058874,0.008445626941126032,1.9020349700725094,dann_matched,banglasarc_binary+ben_sarc_binary,banglasarc3_binary,42
2e2e4b889c9df812,1,1,-0.33007812,0.609375,0.28101082202015076,0.7189891779798493,1.9020349700725094,dann_matched,banglasarc_binary+ben_sarc_binary,banglasarc3_binary,42
5ddbd9cf7f8b9e4e,1,0,3.09375,-3.1875,0.9981324340221067,0.0018675659778932805,1.9020349700725094,dann_matched,banglasarc_binary+ben_sarc_binary,banglasarc3_binary,42
0346c19c3d6e1abf,0,0,2.203125,-2.34375,0.9895109087400621,0.010489091259938018,1.9020349700725094,dann_matched,banglasarc_binary+ben_sarc_binary,banglasarc3_binary,42
c5d392cb407885e6,0,0,0.86328125,-0.95703125,0.8606036203346761,0.13939637966532398,1.9020349700725094,dann_matched,banglasarc_binary+ben_sarc_binary,banglasarc3_binary,42
f4997612d5ea678a,0,1,-1.3203125,1.7578125,0.04401864986294638,0.9559813501370537,1.9020349700725094,dann_matched,banglasarc_binary+ben_sarc_binary,banglasarc3_binary,42
5fb61d0d9878c215,0,0,0.9921875,-0.890625,0.8679338421303608,0.13206615786963916,1.9020349700725094,dann_matched,banglasarc_binary+ben_sarc_binary,banglasarc3_binary,42
a3b2337ee913ed3c,1,0,1.390625,-1.390625,0.941654159388319,0.05834584061168106,1.9020349700725094,dann_matched,banglasarc_binary+ben_sarc_binary,banglasarc3_binary,42
218ac0a1387a629e,0,0,3.359375,-3.484375,0.9989350373279441,0.0010649626720559452,1.9020349700725094,dann_matched,banglasarc_binary+ben_sarc_binary,banglasarc3_binary,42
18e844b31049008b,0,0,1.3828125,-1.34375,0.9385759599453297,0.06142404005467019,1.9020349700725094,dann_matched,banglasarc_binary+ben_sarc_binary,banglasarc3_binary,42
cbed70c13bc0c9f0,1,1,-1.0390625,1.4140625,0.07921032410902437,0.9207896758909757,1.9020349700725094,dann_matched,banglasarc_binary+ben_sarc_binary,banglasarc3_binary,42
2ab1740ebfbd3e05,1,0,2.8125,-2.84375,0.9965165758069192,0.0034834241930806675,1.9020349700725094,dann_matched,banglasarc_binary+ben_sarc_binary,banglasarc3_binary,42
0ac6a6a9e59b6038,1,0,1.0078125,-0.9921875,0.8807970779778823,0.11920292202211755,1.9020349700725094,dann_matched,banglasarc_binary+ben_sarc_binary,banglasarc3_binary,42
08f7a8e225bd8151,1,0,1.421875,-1.421875,0.9449947117065459,0.05500528829345415,1.9020349700725094,dann_matched,banglasarc_binary+ben_sarc_binary,banglasarc3_binary,42
b09ce16653e41187,1,0,0.875,-0.65625,0.8221891305219503,0.17781086947804958,1.9020349700725094,dann_matched,banglasarc_binary+ben_sarc_binary,banglasarc3_binary,42
d8186fbe40131e81,1,1,-0.22851562,0.48632812,0.3285294332643027,0.6714705667356973,1.9020349700725094,dann_matched,banglasarc_binary+ben_sarc_binary,banglasarc3_binary,42
c89eaa10622b37e2,1,0,2.203125,-2.28125,0.988841968751916,0.011158031248084033,1.9020349700725094,dann_matched,banglasarc_binary+ben_sarc_binary,banglasarc3_binary,42
0ef139aef5b0b651,1,1,-1.5,1.9375,0.031143830534778462,0.9688561694652216,1.9020349700725094,dann_matched,banglasarc_binary+ben_sarc_binary,banglasarc3_binary,42
2f577efec6c86515,1,1,-0.60546875,0.8515625,0.18892180778557252,0.8110781922144276,1.9020349700725094,dann_matched,banglasarc_binary+ben_sarc_binary,banglasarc3_binary,42
843e76141f5386ea,1,1,-1.234375,1.5546875,0.05791808743947446,0.9420819125605256,1.9020349700725094,dann_matched,banglasarc_binary+ben_sarc_binary,banglasarc3_binary,42
a6b139ef0507918c,0,0,1.125,-1.0625,0.8991213772699436,0.10087862273005653,1.9020349700725094,dann_matched,banglasarc_binary+ben_sarc_binary,banglasarc3_binary,42
364f64d22ee2ac7a,0,0,2.234375,-2.328125,0.9896718474806949,0.010328152519305191,1.9020349700725094,dann_matched,banglasarc_binary+ben_sarc_binary,banglasarc3_binary,42
2ac3b1eefc9be85e,1,0,1.28125,-1.2421875,0.9257686295391643,0.07423137046083579,1.9020349700725094,dann_matched,banglasarc_binary+ben_sarc_binary,banglasarc3_binary,42
adf94921ccf02eaa,1,1,-1.5546875,1.921875,0.029986506066001513,0.9700134939339985,1.9020349700725094,dann_matched,banglasarc_binary+ben_sarc_binary,banglasarc3_binary,42
a4d173afcf1ce29e,0,0,2.40625,-2.421875,0.9920620058985926,0.007937994101407319,1.9020349700725094,dann_matched,banglasarc_binary+ben_sarc_binary,banglasarc3_binary,42
503091a9ce967b64,1,1,-0.6953125,1.0078125,0.15405756269148546,0.8459424373085146,1.9020349700725094,dann_matched,banglasarc_binary+ben_sarc_binary,banglasarc3_binary,42
4d1624fcf2e4e7d6,1,0,0.90234375,-0.84375,0.8514594320170558,0.14854056798294435,1.9020349700725094,dann_matched,banglasarc_binary+ben_sarc_binary,banglasarc3_binary,42
7bb7f9b1cb68aac0,0,0,3.1875,-3.359375,0.9985674634052898,0.001432536594710079,1.9020349700725094,dann_matched,banglasarc_binary+ben_sarc_binary,banglasarc3_binary,42
9b912e15d3d8493f,0,1,-1.21875,1.6015625,0.056236345704483756,0.9437636542955161,1.9020349700725094,dann_matched,banglasarc_binary+ben_sarc_binary,banglasarc3_binary,42
3827617f21fba1e3,0,0,3.4375,-3.6875,0.9991959140643708,0.0008040859356292355,1.9020349700725094,dann_matched,banglasarc_binary+ben_sarc_binary,banglasarc3_binary,42
bbfcd270940c6f50,0,0,1.2265625,-1.1484375,0.9149009549929797,0.08509904500702024,1.9020349700725094,dann_matched,banglasarc_binary+ben_sarc_binary,banglasarc3_binary,42
a5f9487af8a08111,1,1,-1.3984375,1.8125,0.03875619358719477,0.9612438064128053,1.9020349700725094,dann_matched,banglasarc_binary+ben_sarc_binary,banglasarc3_binary,42
b132c35de55abf62,1,0,1.2734375,-1.2109375,0.9230391643039738,0.07696083569602613,1.9020349700725094,dann_matched,banglasarc_binary+ben_sarc_binary,banglasarc3_binary,42
49e50f5f6743b9a9,0,0,0.44726562,-0.29296875,0.6770471054717195,0.3229528945282806,1.9020349700725094,dann_matched,banglasarc_binary+ben_sarc_binary,banglasarc3_binary,42
bc2fea241ae6e245,0,0,3.53125,-3.609375,0.9992083703927161,0.0007916296072837431,1.9020349700725094,dann_matched,banglasarc_binary+ben_sarc_binary,banglasarc3_binary,42
1ac9669da2a3b22a,0,0,2.96875,-3.046875,0.9975656179914948,0.002434382008505326,1.9020349700725094,dann_matched,banglasarc_binary+ben_sarc_binary,banglasarc3_binary,42
c678ed32dfec8e9b,1,0,0.24902344,-0.106933594,0.5880613942228418,0.4119386057771583,1.9020349700725094,dann_matched,banglasarc_binary+ben_sarc_binary,banglasarc3_binary,42
1a46fdea53a04cce,0,1,-0.92578125,1.328125,0.09501305198790386,0.9049869480120961,1.9020349700725094,dann_matched,banglasarc_binary+ben_sarc_binary,banglasarc3_binary,42
a27bf2e316d4219b,1,0,0.20019531,-0.014770508,0.5535354562052255,0.4464645437947745,1.9020349700725094,dann_matched,banglasarc_binary+ben_sarc_binary,banglasarc3_binary,42
0cec6e06c0ba9f1e,0,0,3.328125,-3.359375,0.9987551566979116,0.0012448433020883743,1.9020349700725094,dann_matched,banglasarc_binary+ben_sarc_binary,banglasarc3_binary,42
d6b2f0ee01c230dd,1,0,2.3125,-2.484375,0.9918120900983038,0.008187909901696235,1.9020349700725094,dann_matched,banglasarc_binary+ben_sarc_binary,banglasarc3_binary,42
9eb091e9a9d4c695,0,0,0.21582031,-0.09863281,0.5779718446113501,0.42202815538864985,1.9020349700725094,dann_matched,banglasarc_binary+ben_sarc_binary,banglasarc3_binary,42
963ae71db6ff7e4f,0,0,1.09375,-0.9609375,0.8864204083088262,0.11357959169117389,1.9020349700725094,dann_matched,banglasarc_binary+ben_sarc_binary,banglasarc3_binary,42
9aabf8d92c3a8ef5,1,0,3.203125,-3.296875,0.998498817743263,0.0015011822567369915,1.9020349700725094,dann_matched,banglasarc_binary+ben_sarc_binary,banglasarc3_binary,42
1f00788c3c80def3,0,0,1.625,-1.6484375,0.9635062337709722,0.0364937662290278,1.9020349700725094,dann_matched,banglasarc_binary+ben_sarc_binary,banglasarc3_binary,42
b39f2b8134c7f61a,1,0,1.078125,-1.09375,0.8976952921073469,0.10230470789265303,1.9020349700725094,dann_matched,banglasarc_binary+ben_sarc_binary,banglasarc3_binary,42
a6a9b4365f236b0d,1,1,-0.9375,1.28125,0.09807932347046003,0.90192067652954,1.9020349700725094,dann_matched,banglasarc_binary+ben_sarc_binary,banglasarc3_binary,42
672f65575c01c938,1,1,-0.921875,1.2421875,0.1030244283262171,0.896975571673783,1.9020349700725094,dann_matched,banglasarc_binary+ben_sarc_binary,banglasarc3_binary,42
c361b64edd41d872,0,1,-1.203125,1.5859375,0.05791808743947446,0.9420819125605256,1.9020349700725094,dann_matched,banglasarc_binary+ben_sarc_binary,banglasarc3_binary,42
89c73de9b852078e,0,0,0.5,-0.36132812,0.7029380630124772,0.2970619369875227,1.9020349700725094,dann_matched,banglasarc_binary+ben_sarc_binary,banglasarc3_binary,42
ce8d47c1fb816aa3,0,0,2.59375,-2.53125,0.9940889311437562,0.005911068856243796,1.9020349700725094,dann_matched,banglasarc_binary+ben_sarc_binary,banglasarc3_binary,42
456683ca31fa5e65,0,0,0.6953125,-0.61328125,0.7872777442252712,0.21272225577472892,1.9020349700725094,dann_matched,banglasarc_binary+ben_sarc_binary,banglasarc3_binary,42
ebd8a51d0f72f8ae,0,1,-1.015625,1.421875,0.08035746882220708,0.9196425311777929,1.9020349700725094,dann_matched,banglasarc_binary+ben_sarc_binary,banglasarc3_binary,42
fb863821fda44d53,1,1,-1.296875,1.6328125,0.050705364797830506,0.9492946352021694,1.9020349700725094,dann_matched,banglasarc_binary+ben_sarc_binary,banglasarc3_binary,42
3b470389b41a77d0,0,0,3.28125,-3.390625,0.9987355780553607,0.0012644219446392272,1.9020349700725094,dann_matched,banglasarc_binary+ben_sarc_binary,banglasarc3_binary,42
7485ab52357fe573,0,0,2.8125,-2.984375,0.9969721649754317,0.0030278350245683794,1.9020349700725094,dann_matched,banglasarc_binary+ben_sarc_binary,banglasarc3_binary,42
5d08e6dbd0a02098,0,0,3.265625,-3.546875,0.9989012689270753,0.0010987310729246428,1.9020349700725094,dann_matched,banglasarc_binary+ben_sarc_binary,banglasarc3_binary,42
bd8e1a4992f836d9,1,1,-2.140625,2.546875,0.00912563738918052,0.9908743626108194,1.9020349700725094,dann_matched,banglasarc_binary+ben_sarc_binary,banglasarc3_binary,42
f54c8c8dd14b9ee4,1,0,1.171875,-1.125,0.9086178969328287,0.09138210306717136,1.9020349700725094,dann_matched,banglasarc_binary+ben_sarc_binary,banglasarc3_binary,42
93aa7ab3e702a390,1,0,0.4140625,-0.28515625,0.6680145362320873,0.33198546376791266,1.9020349700725094,dann_matched,banglasarc_binary+ben_sarc_binary,banglasarc3_binary,42
5d4df30470964289,0,0,3.25,-3.5,0.9988304897349445,0.0011695102650555148,1.9020349700725094,dann_matched,banglasarc_binary+ben_sarc_binary,banglasarc3_binary,42
99413b6d85bd8b6a,1,0,0.8203125,-0.74609375,0.8272706871360163,0.1727293128639838,1.9020349700725094,dann_matched,banglasarc_binary+ben_sarc_binary,banglasarc3_binary,42
b6c18248921fce54,1,0,2.328125,-2.421875,0.991422514586288,0.008577485413711986,1.9020349700725094,dann_matched,banglasarc_binary+ben_sarc_binary,banglasarc3_binary,42
1cabf2a505c66110,1,0,0.83984375,-0.796875,0.8370879625470882,0.16291203745291188,1.9020349700725094,dann_matched,banglasarc_binary+ben_sarc_binary,banglasarc3_binary,42
4e7d5694a62e5de3,1,1,-0.27539062,0.5546875,0.3036285513091451,0.6963714486908549,1.9020349700725094,dann_matched,banglasarc_binary+ben_sarc_binary,banglasarc3_binary,42
27bff07ea2567aff,0,1,-0.41210938,0.6640625,0.25423113712419204,0.7457688628758079,1.9020349700725094,dann_matched,banglasarc_binary+ben_sarc_binary,banglasarc3_binary,42
3d2b2afef8a71422,0,0,3.4375,-3.5625,0.9990889488055994,0.0009110511944006454,1.9020349700725094,dann_matched,banglasarc_binary+ben_sarc_binary,banglasarc3_binary,42
a6b65f2d6607df8d,0,1,-1.1171875,1.4609375,0.07055959618729296,0.9294404038127071,1.9020349700725094,dann_matched,banglasarc_binary+ben_sarc_binary,banglasarc3_binary,42
f2ce21fd06e6c0a1,0,0,1.9609375,-1.9140625,0.9796676466573412,0.020332353342658753,1.9020349700725094,dann_matched,banglasarc_binary+ben_sarc_binary,banglasarc3_binary,42
8c321d6535475133,0,0,2.015625,-2.0625,0.983342959990771,0.01665704000922906,1.9020349700725094,dann_matched,banglasarc_binary+ben_sarc_binary,banglasarc3_binary,42
e4400f251525d858,0,0,0.47460938,-0.34765625,0.6947170576578352,0.30528294234216474,1.9020349700725094,dann_matched,banglasarc_binary+ben_sarc_binary,banglasarc3_binary,42
a2549aea9cf0feed,0,0,3.421875,-3.453125,0.9989677689632452,0.0010322310367548194,1.9020349700725094,dann_matched,banglasarc_binary+ben_sarc_binary,banglasarc3_binary,42
208728590d99f477,0,0,2.765625,-2.765625,0.9960545931933981,0.003945406806602023,1.9020349700725094,dann_matched,banglasarc_binary+ben_sarc_binary,banglasarc3_binary,42
d7aa541a5731f237,1,1,-0.9921875,1.3125,0.09073548763985106,0.909264512360149,1.9020349700725094,dann_matched,banglasarc_binary+ben_sarc_binary,banglasarc3_binary,42
72d9d0c152014fd4,1,1,-0.80078125,1.1484375,0.12463857053608371,0.8753614294639163,1.9020349700725094,dann_matched,banglasarc_binary+ben_sarc_binary,banglasarc3_binary,42
8dc4677cf180080c,0,0,3.21875,-3.375,0.9986329743543437,0.0013670256456563563,1.9020349700725094,dann_matched,banglasarc_binary+ben_sarc_binary,banglasarc3_binary,42
326478b91e0a83b6,0,0,0.953125,-0.84375,0.8577681049901036,0.1422318950098963,1.9020349700725094,dann_matched,banglasarc_binary+ben_sarc_binary,banglasarc3_binary,42
7bb95f4327f97619,0,0,0.73828125,-0.57421875,0.7879311956428947,0.21206880435710532,1.9020349700725094,dann_matched,banglasarc_binary+ben_sarc_binary,banglasarc3_binary,42
b5430ac62bc817b3,0,1,-1.15625,1.484375,0.06656918897050168,0.9334308110294983,1.9020349700725094,dann_matched,banglasarc_binary+ben_sarc_binary,banglasarc3_binary,42
7745aafd0a592886,0,0,0.32617188,-0.20507812,0.6297746074044134,0.3702253925955866,1.9020349700725094,dann_matched,banglasarc_binary+ben_sarc_binary,banglasarc3_binary,42
6327f9fa75cf0eb5,0,0,3.328125,-3.4375,0.9988486004343227,0.0011513995656772138,1.9020349700725094,dann_matched,banglasarc_binary+ben_sarc_binary,banglasarc3_binary,42
50c0d6b40de5c934,1,0,1.75,-1.765625,0.9711290930537122,0.028870906946287907,1.9020349700725094,dann_matched,banglasarc_binary+ben_sarc_binary,banglasarc3_binary,42
5793d347d7491ffa,0,1,-1.609375,2.046875,0.025178841700601855,0.9748211582993981,1.9020349700725094,dann_matched,banglasarc_binary+ben_sarc_binary,banglasarc3_binary,42
7a193a03efce7c95,0,0,0.6171875,-0.48828125,0.7512833816078802,0.24871661839211975,1.9020349700725094,dann_matched,banglasarc_binary+ben_sarc_binary,banglasarc3_binary,42
79fe03d925dd23f2,1,1,-1.234375,1.625,0.05419872982318558,0.9458012701768145,1.9020349700725094,dann_matched,banglasarc_binary+ben_sarc_binary,banglasarc3_binary,42
56a90627c13f7482,0,1,-0.69140625,1.0078125,0.15456732837004417,0.8454326716299558,1.9020349700725094,dann_matched,banglasarc_binary+ben_sarc_binary,banglasarc3_binary,42
34eae78ac0856b44,0,0,0.64453125,-0.55078125,0.76768985390312,0.23231014609688014,1.9020349700725094,dann_matched,banglasarc_binary+ben_sarc_binary,banglasarc3_binary,42
e7de35f2d96d04ae,1,1,-0.44140625,0.66796875,0.24798742624020276,0.7520125737597972,1.9020349700725094,dann_matched,banglasarc_binary+ben_sarc_binary,banglasarc3_binary,42
7edb0fbf4e12f482,1,0,2.0,-2.125,0.9840936082881853,0.01590639171181471,1.9020349700725094,dann_matched,banglasarc_binary+ben_sarc_binary,banglasarc3_binary,42
05b114079ca39ab2,0,0,3.375,-3.421875,0.9988839857401568,0.001116014259843091,1.9020349700725094,dann_matched,banglasarc_binary+ben_sarc_binary,banglasarc3_binary,42
012cf4a871450976,0,0,0.9609375,-0.86328125,0.8610715739709943,0.1389284260290056,1.9020349700725094,dann_matched,banglasarc_binary+ben_sarc_binary,banglasarc3_binary,42
974f03c115fc2171,1,0,2.40625,-2.390625,0.9918120900983038,0.008187909901696235,1.9020349700725094,dann_matched,banglasarc_binary+ben_sarc_binary,banglasarc3_binary,42
7d320f16846e7bf9,1,0,3.296875,-3.421875,0.9987934102877537,0.0012065897122463891,1.9020349700725094,dann_matched,banglasarc_binary+ben_sarc_binary,banglasarc3_binary,42
8fd01412b63f6b5f,1,0,2.234375,-2.265625,0.9890130573694068,0.01098694263059318,1.9020349700725094,dann_matched,banglasarc_binary+ben_sarc_binary,banglasarc3_binary,42
88e6fff6830ee411,0,0,1.015625,-0.80078125,0.8601343465140441,0.13986565348595606,1.9020349700725094,dann_matched,banglasarc_binary+ben_sarc_binary,banglasarc3_binary,42
018878abd62bc2c6,0,0,2.953125,-3.03125,0.9974885364861902,0.002511463513809854,1.9020349700725094,dann_matched,banglasarc_binary+ben_sarc_binary,banglasarc3_binary,42
f09b809925c88fc0,1,1,-0.05126953,0.27929688,0.4181028141779312,0.5818971858220687,1.9020349700725094,dann_matched,banglasarc_binary+ben_sarc_binary,banglasarc3_binary,42
bc8f433d14df5bbe,1,0,1.046875,-0.90234375,0.8753614294639163,0.12463857053608371,1.9020349700725094,dann_matched,banglasarc_binary+ben_sarc_binary,banglasarc3_binary,42
c952b7bed5795739,0,0,1.140625,-1.0234375,0.896975571673783,0.1030244283262171,1.9020349700725094,dann_matched,banglasarc_binary+ben_sarc_binary,banglasarc3_binary,42
90c33f63e3080a0d,0,1,-0.10253906,0.26367188,0.4094569089509176,0.5905430910490824,1.9020349700725094,dann_matched,banglasarc_binary+ben_sarc_binary,banglasarc3_binary,42
1ef4973752ea4564,1,1,-1.1015625,1.46875,0.07107366938018356,0.9289263306198166,1.9020349700725094,dann_matched,banglasarc_binary+ben_sarc_binary,banglasarc3_binary,42
3f4477d5080cdfe1,0,0,1.953125,-1.9140625,0.9795114453152562,0.02048855468474385,1.9020349700725094,dann_matched,banglasarc_binary+ben_sarc_binary,banglasarc3_binary,42
7a9c24d799805b22,0,0,2.15625,-2.1875,0.9871787857334058,0.012821214266594244,1.9020349700725094,dann_matched,banglasarc_binary+ben_sarc_binary,banglasarc3_binary,42
a53750d111a874b9,0,0,2.15625,-2.171875,0.9869795098861571,0.013020490113842825,1.9020349700725094,dann_matched,banglasarc_binary+ben_sarc_binary,banglasarc3_binary,42
08221e16563f5ed2,1,1,-0.515625,0.85546875,0.20244319214007214,0.7975568078599278,1.9020349700725094,dann_matched,banglasarc_binary+ben_sarc_binary,banglasarc3_binary,42
a911bbedbe9083b7,1,1,-0.96875,1.328125,0.09138210306717136,0.9086178969328287,1.9020349700725094,dann_matched,banglasarc_binary+ben_sarc_binary,banglasarc3_binary,42
79af8e8606e24621,0,0,3.09375,-3.3125,0.9983515170581486,0.001648482941851288,1.9020349700725094,dann_matched,banglasarc_binary+ben_sarc_binary,banglasarc3_binary,42
725ab0037339d5f4,1,0,0.87109375,-0.8125,0.843379816636549,0.156620183363451,1.9020349700725094,dann_matched,banglasarc_binary+ben_sarc_binary,banglasarc3_binary,42
888be69f29549db6,1,0,2.03125,-2.203125,0.9857180660748888,0.014281933925111153,1.9020349700725094,dann_matched,banglasarc_binary+ben_sarc_binary,banglasarc3_binary,42
74ead3cc3b9dcc3e,0,0,1.7421875,-1.71875,0.9695556515673754,0.030444348432624533,1.9020349700725094,dann_matched,banglasarc_binary+ben_sarc_binary,banglasarc3_binary,42
70a0b9c4daba4b62,1,0,1.6484375,-1.65625,0.9645892699236761,0.03541073007632382,1.9020349700725094,dann_matched,banglasarc_binary+ben_sarc_binary,banglasarc3_binary,42
772cd1347ab32158,0,0,0.20703125,-0.08544922,0.572603284011383,0.42739671598861706,1.9020349700725094,dann_matched,banglasarc_binary+ben_sarc_binary,banglasarc3_binary,42
825abf4f5714d44e,0,0,1.6484375,-1.6171875,0.9632305339244013,0.036769466075598736,1.9020349700725094,dann_matched,banglasarc_binary+ben_sarc_binary,banglasarc3_binary,42
f6d2b8f0fd5630a5,1,1,-0.38671875,0.62109375,0.26740816618822555,0.7325918338117745,1.9020349700725094,dann_matched,banglasarc_binary+ben_sarc_binary,banglasarc3_binary,42
070eb74aab3e9b16,0,0,2.984375,-3.25,0.9980429830598053,0.0019570169401946333,1.9020349700725094,dann_matched,banglasarc_binary+ben_sarc_binary,banglasarc3_binary,42
ff8b8a0023de988a,1,0,1.640625,-1.671875,0.9648551535992067,0.03514484640079327,1.9020349700725094,dann_matched,banglasarc_binary+ben_sarc_binary,banglasarc3_binary,42
955c6c4b3c56526f,0,1,-1.125,1.4921875,0.06804042027255897,0.9319595797274409,1.9020349700725094,dann_matched,banglasarc_binary+ben_sarc_binary,banglasarc3_binary,42
3c7f74408087c581,0,0,1.2890625,-1.25,0.9268352785943768,0.07316472140562331,1.9020349700725094,dann_matched,banglasarc_binary+ben_sarc_binary,banglasarc3_binary,42
3fd3335f6927bc03,1,0,1.6171875,-1.4609375,0.9559813501370537,0.04401864986294638,1.9020349700725094,dann_matched,banglasarc_binary+ben_sarc_binary,banglasarc3_binary,42
6b4cf7b079c5b900,0,1,0.01928711,0.18554688,0.4585305405832928,0.5414694594167072,1.9020349700725094,dann_matched,banglasarc_binary+ben_sarc_binary,banglasarc3_binary,42
a396d6fc294ae956,0,0,2.75,-2.796875,0.9961155234512341,0.003884476548765805,1.9020349700725094,dann_matched,banglasarc_binary+ben_sarc_binary,banglasarc3_binary,42
acd192278c3d2499,0,0,2.328125,-2.46875,0.9918120900983038,0.008187909901696235,1.9020349700725094,dann_matched,banglasarc_binary+ben_sarc_binary,banglasarc3_binary,42
13e6f0fb32b886df,1,1,-1.34375,1.6640625,0.04707417582102406,0.9529258241789759,1.9020349700725094,dann_matched,banglasarc_binary+ben_sarc_binary,banglasarc3_binary,42
5139d41ec223ee1d,1,0,1.390625,-1.421875,0.9433475746920261,0.05665242530797383,1.9020349700725094,dann_matched,banglasarc_binary+ben_sarc_binary,banglasarc3_binary,42
db25536a5ca06207,1,0,1.109375,-1.1328125,0.9039745112122062,0.09602548878779378,1.9020349700725094,dann_matched,banglasarc_binary+ben_sarc_binary,banglasarc3_binary,42
9cf7c23f5c83e3c1,1,0,0.6640625,-0.53515625,0.7683857743122923,0.23161422568770776,1.9020349700725094,dann_matched,banglasarc_binary+ben_sarc_binary,banglasarc3_binary,42
dece6cbb7ae48b4c,0,1,-1.359375,1.765625,0.04208772791561884,0.9579122720843811,1.9020349700725094,dann_matched,banglasarc_binary+ben_sarc_binary,banglasarc3_binary,42
cc32b357f5c62cf0,1,0,1.421875,-1.375,0.9425067211996143,0.05749327880038583,1.9020349700725094,dann_matched,banglasarc_binary+ben_sarc_binary,banglasarc3_binary,42
a82a7beb318bc95f,0,0,1.875,-2.03125,0.9802808718926534,0.01971912810734659,1.9020349700725094,dann_matched,banglasarc_binary+ben_sarc_binary,banglasarc3_binary,42
4269510b20e3a78d,0,1,-0.3125,0.53125,0.3007455789412415,0.6992544210587585,1.9020349700725094,dann_matched,banglasarc_binary+ben_sarc_binary,banglasarc3_binary,42
af7a5887ba75ec02,1,0,1.15625,-1.0625,0.90192067652954,0.09807932347046003,1.9020349700725094,dann_matched,banglasarc_binary+ben_sarc_binary,banglasarc3_binary,42
ff7092e064f5e7f0,0,0,1.7890625,-1.765625,0.9722043774187549,0.027795622581245058,1.9020349700725094,dann_matched,banglasarc_binary+ben_sarc_binary,banglasarc3_binary,42
bd75e40f2d1c3973,1,1,-0.62890625,0.890625,0.17953055559881986,0.8204694444011801,1.9020349700725094,dann_matched,banglasarc_binary+ben_sarc_binary,banglasarc3_binary,42
55361b7e5b2475c1,1,1,-0.37304688,0.6484375,0.2647383631435034,0.7352616368564966,1.9020349700725094,dann_matched,banglasarc_binary+ben_sarc_binary,banglasarc3_binary,42
f478ea328fe5ce48,1,1,-0.828125,1.09375,0.12765262532179067,0.8723473746782093,1.9020349700725094,dann_matched,banglasarc_binary+ben_sarc_binary,banglasarc3_binary,42
5a05491d31008062,0,0,2.359375,-2.328125,0.9908743626108194,0.00912563738918052,1.9020349700725094,dann_matched,banglasarc_binary+ben_sarc_binary,banglasarc3_binary,42
ae0fcdf8d0676f03,0,0,2.1875,-2.296875,0.988841968751916,0.011158031248084033,1.9020349700725094,dann_matched,banglasarc_binary+ben_sarc_binary,banglasarc3_binary,42
1473977d7b8985e5,0,0,1.7265625,-1.8203125,0.9719924793940118,0.02800752060598813,1.9020349700725094,dann_matched,banglasarc_binary+ben_sarc_binary,banglasarc3_binary,42
880392a54d0ebe3e,0,0,3.40625,-3.53125,0.9990302480322174,0.0009697519677825861,1.9020349700725094,dann_matched,banglasarc_binary+ben_sarc_binary,banglasarc3_binary,42
a8d6ffd7233218d9,0,1,-1.3359375,1.6953125,0.046033902399240385,0.9539660976007597,1.9020349700725094,dann_matched,banglasarc_binary+ben_sarc_binary,banglasarc3_binary,42
532a79af0df6317b,1,1,-1.0625,1.4140625,0.07751765647688268,0.9224823435231172,1.9020349700725094,dann_matched,banglasarc_binary+ben_sarc_binary,banglasarc3_binary,42
e67ce7d008308e4f,1,0,1.5859375,-1.5703125,0.9591542840900507,0.040845715909949315,1.9020349700725094,dann_matched,banglasarc_binary+ben_sarc_binary,banglasarc3_binary,42
d7578006b9f26c23,1,0,1.515625,-1.4921875,0.9529258241789759,0.04707417582102406,1.9020349700725094,dann_matched,banglasarc_binary+ben_sarc_binary,banglasarc3_binary,42
714a136f278f7f6d,1,0,1.765625,-1.7734375,0.9717790128704671,0.02822098712953305,1.9020349700725094,dann_matched,banglasarc_binary+ben_sarc_binary,banglasarc3_binary,42
cb7574a7cdfb2600,0,1,-1.15625,1.5390625,0.06325052199347325,0.9367494780065266,1.9020349700725094,dann_matched,banglasarc_binary+ben_sarc_binary,banglasarc3_binary,42
539200a378d20681,0,0,0.33398438,-0.10058594,0.6069644871365678,0.39303551286343213,1.9020349700725094,dann_matched,banglasarc_binary+ben_sarc_binary,banglasarc3_binary,42
9d4e9c774780337b,1,0,3.140625,-3.375,0.9985220570197841,0.001477942980215951,1.9020349700725094,dann_matched,banglasarc_binary+ben_sarc_binary,banglasarc3_binary,42
d19183e0c68495fe,0,0,3.03125,-3.171875,0.9979809860995514,0.0020190139004485808,1.9020349700725094,dann_matched,banglasarc_binary+ben_sarc_binary,banglasarc3_binary,42
e727d555b9906254,0,0,1.3125,-1.3203125,0.9329437130748804,0.06705628692511957,1.9020349700725094,dann_matched,banglasarc_binary+ben_sarc_binary,banglasarc3_binary,42
560326443dd5a61f,1,1,-0.58203125,0.8359375,0.1949802170214588,0.8050197829785412,1.9020349700725094,dann_matched,banglasarc_binary+ben_sarc_binary,banglasarc3_binary,42
3a356b90dc52db7a,0,0,1.0546875,-1.09375,0.8955226768697631,0.10447732313023693,1.9020349700725094,dann_matched,banglasarc_binary+ben_sarc_binary,banglasarc3_binary,42
10315d34cdace8c1,0,1,-0.16210938,0.3359375,0.3779997700846973,0.6220002299153026,1.9020349700725094,dann_matched,banglasarc_binary+ben_sarc_binary,banglasarc3_binary,42
5b040037fd3ecdae,1,1,-0.6875,1.078125,0.14608724704829565,0.8539127529517043,1.9020349700725094,dann_matched,banglasarc_binary+ben_sarc_binary,banglasarc3_binary,42
586f5d207285bf27,0,0,0.91796875,-0.8359375,0.8524448171983366,0.1475551828016634,1.9020349700725094,dann_matched,banglasarc_binary+ben_sarc_binary,banglasarc3_binary,42
11319ec3cf94ef20,0,0,2.5625,-2.65625,0.9946150620382221,0.0053849379617779605,1.9020349700725094,dann_matched,banglasarc_binary+ben_sarc_binary,banglasarc3_binary,42
69fbdf73ddc7be78,1,1,-1.421875,1.828125,0.037326887344129464,0.9626731126558706,1.9020349700725094,dann_matched,banglasarc_binary+ben_sarc_binary,banglasarc3_binary,42
757ab3d1fca46e3c,1,1,-1.4453125,1.8359375,0.036220055864974746,0.9637799441350253,1.9020349700725094,dann_matched,banglasarc_binary+ben_sarc_binary,banglasarc3_binary,42
a39c5cc8dcf7f753,0,0,1.7265625,-1.7421875,0.9697854129326061,0.03021458706739398,1.9020349700725094,dann_matched,banglasarc_binary+ben_sarc_binary,banglasarc3_binary,42
ba0d8b695ca6ef05,0,1,-0.56640625,0.80078125,0.2030746281894702,0.7969253718105298,1.9020349700725094,dann_matched,banglasarc_binary+ben_sarc_binary,banglasarc3_binary,42
7e976976fd12e611,0,0,1.4765625,-1.484375,0.9507778868028013,0.04922211319719861,1.9020349700725094,dann_matched,banglasarc_binary+ben_sarc_binary,banglasarc3_binary,42
177bf85b5ddcbb0b,1,1,-0.796875,1.0859375,0.13206615786963916,0.8679338421303608,1.9020349700725094,dann_matched,banglasarc_binary+ben_sarc_binary,banglasarc3_binary,42
6d78d071878ac3d1,1,1,-1.0625,1.3984375,0.07864238118410145,0.9213576188158985,1.9020349700725094,dann_matched,banglasarc_binary+ben_sarc_binary,banglasarc3_binary,42
c85c38b6528754b8,1,0,1.9453125,-2.0,0.9810219632882344,0.01897803671176563,1.9020349700725094,dann_matched,banglasarc_binary+ben_sarc_binary,banglasarc3_binary,42
90dbb76ac473a400,1,0,1.8203125,-1.8203125,0.9744347860767304,0.025565213923269593,1.9020349700725094,dann_matched,banglasarc_binary+ben_sarc_binary,banglasarc3_binary,42
63c48593140100b8,0,0,0.95703125,-0.88671875,0.8633916099737806,0.13660839002621938,1.9020349700725094,dann_matched,banglasarc_binary+ben_sarc_binary,banglasarc3_binary,42
aff3807e81a949e8,0,0,1.484375,-1.3984375,0.9469902279841446,0.05300977201585542,1.9020349700725094,dann_matched,banglasarc_binary+ben_sarc_binary,banglasarc3_binary,42
2a1a90955017061c,1,1,-0.80859375,1.0859375,0.13072868194347032,0.8692713180565296,1.9020349700725094,dann_matched,banglasarc_binary+ben_sarc_binary,banglasarc3_binary,42
8ba3ce83e1b38636,0,0,1.7578125,-1.7890625,0.9719924793940118,0.02800752060598813,1.9020349700725094,dann_matched,banglasarc_binary+ben_sarc_binary,banglasarc3_binary,42
b6a150e585a90815,1,0,3.296875,-3.484375,0.9988664309949126,0.0011335690050875119,1.9020349700725094,dann_matched,banglasarc_binary+ben_sarc_binary,banglasarc3_binary,42
e7f847b226aac07c,0,0,1.2421875,-1.1328125,0.9149009549929797,0.08509904500702024,1.9020349700725094,dann_matched,banglasarc_binary+ben_sarc_binary,banglasarc3_binary,42
dddd46a1f7d0d0f0,1,0,1.2109375,-1.234375,0.9202179865359069,0.079782013464093,1.9020349700725094,dann_matched,banglasarc_binary+ben_sarc_binary,banglasarc3_binary,42
1bffdb75712cd569,0,0,1.765625,-1.7265625,0.9704646607088951,0.029535339291104773,1.9020349700725094,dann_matched,banglasarc_binary+ben_sarc_binary,banglasarc3_binary,42
2ab62d60d1d4472e,1,0,0.9765625,-0.95703125,0.8736466603593868,0.12635333964061335,1.9020349700725094,dann_matched,banglasarc_binary+ben_sarc_binary,banglasarc3_binary,42
8fc93f04e6590154,1,0,0.3203125,-0.18652344,0.6240644519544826,0.37593554804551743,1.9020349700725094,dann_matched,banglasarc_binary+ben_sarc_binary,banglasarc3_binary,42
86de20b950da2d3c,0,1,-0.88671875,1.1953125,0.11085559492526088,0.8891444050747391,1.9020349700725094,dann_matched,banglasarc_binary+ben_sarc_binary,banglasarc3_binary,42
f99f7e89824b6612,0,0,2.96875,-2.890625,0.9971550903350206,0.0028449096649795012,1.9020349700725094,dann_matched,banglasarc_binary+ben_sarc_binary,banglasarc3_binary,42
f398263b812de4fc,0,1,0.016479492,0.17089844,0.46147179269786737,0.5385282073021326,1.9020349700725094,dann_matched,banglasarc_binary+ben_sarc_binary,banglasarc3_binary,42
f933964e1386abbc,1,0,3.515625,-3.53125,0.9991306326071938,0.0008693673928062171,1.9020349700725094,dann_matched,banglasarc_binary+ben_sarc_binary,banglasarc3_binary,42
29429b72289fcd40,0,1,0.05908203,0.11425781,0.4862095531082608,0.5137904468917392,1.9020349700725094,dann_matched,banglasarc_binary+ben_sarc_binary,banglasarc3_binary,42
065cb8d51b12f79a,0,0,2.65625,-2.703125,0.9953181774756662,0.0046818225243337366,1.9020349700725094,dann_matched,banglasarc_binary+ben_sarc_binary,banglasarc3_binary,42
238ed849caf48da2,0,0,1.8671875,-1.9140625,0.9777138144607745,0.022286185539225494,1.9020349700725094,dann_matched,banglasarc_binary+ben_sarc_binary,banglasarc3_binary,42
e6879d34059ffd78,1,0,3.09375,-3.203125,0.9981613347123114,0.0018386652876885773,1.9020349700725094,dann_matched,banglasarc_binary+ben_sarc_binary,banglasarc3_binary,42
e1920815e63fd77c,1,1,-0.8359375,1.046875,0.13206615786963916,0.8679338421303608,1.9020349700725094,dann_matched,banglasarc_binary+ben_sarc_binary,banglasarc3_binary,42
9d6102939ae27963,1,1,-0.46289062,0.64453125,0.24835184311713518,0.7516481568828648,1.9020349700725094,dann_matched,banglasarc_binary+ben_sarc_binary,banglasarc3_binary,42
7cf8d62bc548f981,1,0,0.66796875,-0.61328125,0.7826624789529376,0.21733752104706247,1.9020349700725094,dann_matched,banglasarc_binary+ben_sarc_binary,banglasarc3_binary,42
3dedb7824bbf60be,0,1,-0.111816406,0.36914062,0.3820261617180773,0.6179738382819228,1.9020349700725094,dann_matched,banglasarc_binary+ben_sarc_binary,banglasarc3_binary,42
7168d49fd7747b74,0,0,0.9609375,-0.86328125,0.8610715739709943,0.1389284260290056,1.9020349700725094,dann_matched,banglasarc_binary+ben_sarc_binary,banglasarc3_binary,42
85cf586fc25418e3,0,1,-0.10449219,0.30664062,0.39864052509533293,0.6013594749046671,1.9020349700725094,dann_matched,banglasarc_binary+ben_sarc_binary,banglasarc3_binary,42
b4853c23f7a9f71d,0,1,-0.5859375,0.86328125,0.19012183026908458,0.8098781697309154,1.9020349700725094,dann_matched,banglasarc_binary+ben_sarc_binary,banglasarc3_binary,42
b577521aba23e9a6,1,0,3.15625,-3.21875,0.9982992775885648,0.001700722411435288,1.9020349700725094,dann_matched,banglasarc_binary+ben_sarc_binary,banglasarc3_binary,42
43913a364404a6b7,1,0,0.79296875,-0.70703125,0.8175744761936437,0.18242552380635632,1.9020349700725094,dann_matched,banglasarc_binary+ben_sarc_binary,banglasarc3_binary,42
98595080b20ded8e,0,1,-0.625,0.8984375,0.1789558876900955,0.8210441123099046,1.9020349700725094,dann_matched,banglasarc_binary+ben_sarc_binary,banglasarc3_binary,42
e8908d5a70ac67f7,0,0,1.3515625,-1.34375,0.9367494780065266,0.06325052199347325,1.9020349700725094,dann_matched,banglasarc_binary+ben_sarc_binary,banglasarc3_binary,42
a92f9901130b2155,0,1,0.051757812,0.18847656,0.46587345377762773,0.5341265462223723,1.9020349700725094,dann_matched,banglasarc_binary+ben_sarc_binary,banglasarc3_binary,42
7d6de967d264bd85,0,0,0.60546875,-0.53125,0.7570766882935809,0.24292331170641918,1.9020349700725094,dann_matched,banglasarc_binary+ben_sarc_binary,banglasarc3_binary,42
9837a43eab10dddf,1,1,-0.55859375,0.86328125,0.19436781101874467,0.8056321889812553,1.9020349700725094,dann_matched,banglasarc_binary+ben_sarc_binary,banglasarc3_binary,42
65319c5414a8306a,0,0,1.3828125,-1.421875,0.9429286027746023,0.057071397225397696,1.9020349700725094,dann_matched,banglasarc_binary+ben_sarc_binary,banglasarc3_binary,42
fade48daf673b1f8,0,0,1.2109375,-1.15625,0.9142907207192192,0.08570927928078063,1.9020349700725094,dann_matched,banglasarc_binary+ben_sarc_binary,banglasarc3_binary,42
866873fff24113c0,1,1,0.10839844,0.16113281,0.4868194606043191,0.5131805393956809,1.9020349700725094,dann_matched,banglasarc_binary+ben_sarc_binary,banglasarc3_binary,42
e3cc36cc8d198224,0,1,-0.061035156,0.21386719,0.43170397492180074,0.5682960250781992,1.9020349700725094,dann_matched,banglasarc_binary+ben_sarc_binary,banglasarc3_binary,42
89c21dd6d937eaff,1,0,3.078125,-3.125,0.9979809860995514,0.0020190139004485808,1.9020349700725094,dann_matched,banglasarc_binary+ben_sarc_binary,banglasarc3_binary,42
4b6f29550988601b,0,0,2.8125,-2.90625,0.9967269350293284,0.0032730649706716308,1.9020349700725094,dann_matched,banglasarc_binary+ben_sarc_binary,banglasarc3_binary,42
d975dd69c2f72afd,1,1,-0.90625,1.2421875,0.10447732313023693,0.8955226768697631,1.9020349700725094,dann_matched,banglasarc_binary+ben_sarc_binary,banglasarc3_binary,42
877fb7d4cf62f178,1,0,1.015625,-0.88671875,0.870156561979502,0.12984343802049797,1.9020349700725094,dann_matched,banglasarc_binary+ben_sarc_binary,banglasarc3_binary,42
8e7741f5f6607b4c,1,1,-1.28125,1.53125,0.05665242530797383,0.9433475746920261,1.9020349700725094,dann_matched,banglasarc_binary+ben_sarc_binary,banglasarc3_binary,42
0892c4bec7f40ca2,1,1,-1.4296875,1.8359375,0.036769466075598736,0.9632305339244013,1.9020349700725094,dann_matched,banglasarc_binary+ben_sarc_binary,banglasarc3_binary,42
a2b22017bfba6565,1,0,0.92578125,-0.87109375,0.8577681049901036,0.1422318950098963,1.9020349700725094,dann_matched,banglasarc_binary+ben_sarc_binary,banglasarc3_binary,42
f5daae7220a90010,0,0,1.3359375,-1.34375,0.9358173563909802,0.06418264360901972,1.9020349700725094,dann_matched,banglasarc_binary+ben_sarc_binary,banglasarc3_binary,42
0f083853e0116694,1,1,0.103027344,0.12402344,0.4947511693838538,0.5052488306161462,1.9020349700725094,dann_matched,banglasarc_binary+ben_sarc_binary,banglasarc3_binary,42
40768fb2acdaf890,0,0,0.47460938,-0.25195312,0.6740504840647448,0.3259495159352553,1.9020349700725094,dann_matched,banglasarc_binary+ben_sarc_binary,banglasarc3_binary,42
d61c45eabc68eb9b,0,0,1.4765625,-1.5625,0.9543079676184154,0.04569203238158463,1.9020349700725094,dann_matched,banglasarc_binary+ben_sarc_binary,banglasarc3_binary,42
f8966d9f2ebf8a15,1,1,-1.0390625,1.4140625,0.07921032410902437,0.9207896758909757,1.9020349700725094,dann_matched,banglasarc_binary+ben_sarc_binary,banglasarc3_binary,42
701ed1e21508a181,0,0,1.171875,-1.1328125,0.909264512360149,0.09073548763985106,1.9020349700725094,dann_matched,banglasarc_binary+ben_sarc_binary,banglasarc3_binary,42
b4b9460c57fb2ff8,1,0,1.578125,-1.640625,0.9615338079816756,0.03846619201832428,1.9020349700725094,dann_matched,banglasarc_binary+ben_sarc_binary,banglasarc3_binary,42
f6ef35c40454d8a9,1,1,-0.89453125,1.21875,0.1078126399606749,0.8921873600393251,1.9020349700725094,dann_matched,banglasarc_binary+ben_sarc_binary,banglasarc3_binary,42
c749254818a2beb4,1,1,-0.19824219,0.41992188,0.3501991218200541,0.649800878179946,1.9020349700725094,dann_matched,banglasarc_binary+ben_sarc_binary,banglasarc3_binary,42
a8d95df3867755d7,1,0,2.203125,-2.359375,0.9896718474806949,0.010328152519305191,1.9020349700725094,dann_matched,banglasarc_binary+ben_sarc_binary,banglasarc3_binary,42
fb125052de8613ad,1,1,-1.171875,1.4921875,0.0651275468396235,0.9348724531603766,1.9020349700725094,dann_matched,banglasarc_binary+ben_sarc_binary,banglasarc3_binary,42
09a2cced4bee49f7,1,0,0.5390625,-0.45117188,0.7291342133145163,0.27086578668548367,1.9020349700725094,dann_matched,banglasarc_binary+ben_sarc_binary,banglasarc3_binary,42
8a83d3da7699811c,0,0,3.3125,-3.390625,0.998774432551617,0.0012255674483830526,1.9020349700725094,dann_matched,banglasarc_binary+ben_sarc_binary,banglasarc3_binary,42
3964424aa0d49a56,0,0,2.140625,-2.15625,0.9865717452580314,0.013428254741968517,1.9020349700725094,dann_matched,banglasarc_binary+ben_sarc_binary,banglasarc3_binary,42
0fa27d4578133779,1,0,1.109375,-1.171875,0.9073122213606241,0.09268777863937604,1.9020349700725094,dann_matched,banglasarc_binary+ben_sarc_binary,banglasarc3_binary,42
2a782f9195e8bf56,0,1,-0.32226562,0.6015625,0.28417852997461623,0.7158214700253839,1.9020349700725094,dann_matched,banglasarc_binary+ben_sarc_binary,banglasarc3_binary,42
ce572474de1b6dd4,1,0,0.96484375,-0.86328125,0.8615382094310357,0.13846179056896438,1.9020349700725094,dann_matched,banglasarc_binary+ben_sarc_binary,banglasarc3_binary,42
2b921d548ea4c4df,1,1,-1.1015625,1.4296875,0.07369626970604846,0.9263037302939515,1.9020349700725094,dann_matched,banglasarc_binary+ben_sarc_binary,banglasarc3_binary,42
8a3dac5169c757dc,1,1,-0.6875,0.99609375,0.156620183363451,0.843379816636549,1.9020349700725094,dann_matched,banglasarc_binary+ben_sarc_binary,banglasarc3_binary,42
1dc83e50f7da3618,0,1,0.068359375,0.12695312,0.4853557520132364,0.5146442479867636,1.9020349700725094,dann_matched,banglasarc_binary+ben_sarc_binary,banglasarc3_binary,42
43e4c5caf8ccf8d9,1,0,0.16308594,-0.018188477,0.54519491095552,0.4548050890444801,1.9020349700725094,dann_matched,banglasarc_binary+ben_sarc_binary,banglasarc3_binary,42
c768491a2e849a34,1,1,-0.13085938,0.34765625,0.3826026999812996,0.6173973000187004,1.9020349700725094,dann_matched,banglasarc_binary+ben_sarc_binary,banglasarc3_binary,42
d9b9d06a13c83be0,0,0,2.046875,-2.125,0.984810951192016,0.015189048807983947,1.9020349700725094,dann_matched,banglasarc_binary+ben_sarc_binary,banglasarc3_binary,42
6bac0560c62a5092,1,1,-0.328125,0.515625,0.3007455789412415,0.6992544210587585,1.9020349700725094,dann_matched,banglasarc_binary+ben_sarc_binary,banglasarc3_binary,42
77eefbc8cad52155,0,0,1.8359375,-1.8203125,0.9748211582993981,0.025178841700601855,1.9020349700725094,dann_matched,banglasarc_binary+ben_sarc_binary,banglasarc3_binary,42
61341c4de44d2405,1,1,-0.36328125,0.6484375,0.2666436233618524,0.7333563766381476,1.9020349700725094,dann_matched,banglasarc_binary+ben_sarc_binary,banglasarc3_binary,42
cd6e8a914163a6ff,0,0,2.734375,-3.0625,0.9969721649754317,0.0030278350245683794,1.9020349700725094,dann_matched,banglasarc_binary+ben_sarc_binary,banglasarc3_binary,42
81087120efb6f7bd,0,0,3.390625,-3.578125,0.9990600561193372,0.0009399438806628558,1.9020349700725094,dann_matched,banglasarc_binary+ben_sarc_binary,banglasarc3_binary,42
467d95865670a7c7,0,1,-0.5390625,0.87890625,0.1949802170214588,0.8050197829785412,1.9020349700725094,dann_matched,banglasarc_binary+ben_sarc_binary,banglasarc3_binary,42
a061508d9f7523b5,1,0,3.359375,-3.515625,0.9989677689632452,0.0010322310367548194,1.9020349700725094,dann_matched,banglasarc_binary+ben_sarc_binary,banglasarc3_binary,42
cf0096f6a70cc1c1,1,1,-1.46875,1.8984375,0.03333682414270177,0.9666631758572982,1.9020349700725094,dann_matched,banglasarc_binary+ben_sarc_binary,banglasarc3_binary,42
2038f5084e716133,0,0,1.03125,-1.046875,0.888758793492457,0.11124120650754304,1.9020349700725094,dann_matched,banglasarc_binary+ben_sarc_binary,banglasarc3_binary,42
40e021231f9b1641,0,0,1.8984375,-2.03125,0.9807288620802312,0.019271137919768803,1.9020349700725094,dann_matched,banglasarc_binary+ben_sarc_binary,banglasarc3_binary,42
2416d3cb16cd9c24,1,1,-1.3125,1.6875,0.04742587317756679,0.9525741268224334,1.9020349700725094,dann_matched,banglasarc_binary+ben_sarc_binary,banglasarc3_binary,42
c8d7de7cf70fcf2b,0,0,0.79296875,-0.69140625,0.8152324893520001,0.184767510648,1.9020349700725094,dann_matched,banglasarc_binary+ben_sarc_binary,banglasarc3_binary,42
f6314ebda0e9b467,1,1,-0.64453125,0.96484375,0.16667540468797667,0.8333245953120233,1.9020349700725094,dann_matched,banglasarc_binary+ben_sarc_binary,banglasarc3_binary,42
6062c09c444e211f,1,0,1.6640625,-1.5625,0.9618217257384336,0.03817827426156642,1.9020349700725094,dann_matched,banglasarc_binary+ben_sarc_binary,banglasarc3_binary,42
4adaf7a44c6d430f,1,0,0.35546875,-0.29296875,0.6566582705381819,0.3433417294618182,1.9020349700725094,dann_matched,banglasarc_binary+ben_sarc_binary,banglasarc3_binary,42
a5bb573405980a25,1,1,-1.390625,1.7890625,0.0399373142069266,0.9600626857930734,1.9020349700725094,dann_matched,banglasarc_binary+ben_sarc_binary,banglasarc3_binary,42
44fc54763842d3f4,1,1,-1.2109375,1.609375,0.056236345704483756,0.9437636542955161,1.9020349700725094,dann_matched,banglasarc_binary+ben_sarc_binary,banglasarc3_binary,42
64ad5df98a085346,0,0,1.4765625,-1.3828125,0.9458012701768145,0.05419872982318558,1.9020349700725094,dann_matched,banglasarc_binary+ben_sarc_binary,banglasarc3_binary,42
d3b2db834378679a,0,0,3.375,-3.625,0.9990889488055994,0.0009110511944006454,1.9020349700725094,dann_matched,banglasarc_binary+ben_sarc_binary,banglasarc3_binary,42
411964e4c9aadb31,0,0,3.34375,-3.375,0.9987934102877537,0.0012065897122463891,1.9020349700725094,dann_matched,banglasarc_binary+ben_sarc_binary,banglasarc3_binary,42
9d3774289ff1c6b7,1,1,-0.8515625,1.1640625,0.11757213354550883,0.8824278664544911,1.9020349700725094,dann_matched,banglasarc_binary+ben_sarc_binary,banglasarc3_binary,42
211c6d38bfbe7b02,0,0,2.203125,-2.390625,0.9899864293768268,0.010013570623173138,1.9020349700725094,dann_matched,banglasarc_binary+ben_sarc_binary,banglasarc3_binary,42
3cff9f15c3baf42c,1,0,1.78125,-1.734375,0.9711290930537122,0.028870906946287907,1.9020349700725094,dann_matched,banglasarc_binary+ben_sarc_binary,banglasarc3_binary,42
9c18cf645a2b92f4,1,1,-2.578125,2.796875,0.004609572179374208,0.9953904278206259,1.9020349700725094,dann_matched,banglasarc_binary+ben_sarc_binary,banglasarc3_binary,42
0b45893ebd275e93,0,0,2.859375,-2.875,0.9967775156759975,0.003222484324002434,1.9020349700725094,dann_matched,banglasarc_binary+ben_sarc_binary,banglasarc3_binary,42
e5026d6cb3802c30,1,1,-0.76953125,1.09375,0.13432105377342907,0.865678946226571,1.9020349700725094,dann_matched,banglasarc_binary+ben_sarc_binary,banglasarc3_binary,42
6aaf9704fc1bdef0,0,0,0.2578125,-0.15820312,0.6025294319093685,0.39747056809063147,1.9020349700725094,dann_matched,banglasarc_binary+ben_sarc_binary,banglasarc3_binary,42
81a1f43037e1cac1,1,1,-1.4296875,1.8515625,0.036220055864974746,0.9637799441350253,1.9020349700725094,dann_matched,banglasarc_binary+ben_sarc_binary,banglasarc3_binary,42
7fb0bd6317330d4d,1,0,1.9765625,-1.9765625,0.9811668701095654,0.018833129890434692,1.9020349700725094,dann_matched,banglasarc_binary+ben_sarc_binary,banglasarc3_binary,42
02520a874eae112e,1,1,0.020629883,0.14941406,0.4678483799954481,0.5321516200045519,1.9020349700725094,dann_matched,banglasarc_binary+ben_sarc_binary,banglasarc3_binary,42
a5ce9ddbfc286430,0,0,0.8984375,-0.79296875,0.8444090059229068,0.15559099407709326,1.9020349700725094,dann_matched,banglasarc_binary+ben_sarc_binary,banglasarc3_binary,42
f0dad52b23c7b1b2,0,0,1.9140625,-1.890625,0.9782188286685003,0.021781171331499802,1.9020349700725094,dann_matched,banglasarc_binary+ben_sarc_binary,banglasarc3_binary,42
552cb5e4af89f7b4,1,0,2.84375,-3.125,0.9974490875787134,0.002550912421286719,1.9020349700725094,dann_matched,banglasarc_binary+ben_sarc_binary,banglasarc3_binary,42
5943a521e3945c92,0,0,1.6640625,-1.671875,0.965641310666991,0.03435868933300902,1.9020349700725094,dann_matched,banglasarc_binary+ben_sarc_binary,banglasarc3_binary,42
ae9b18fb7ff57a4e,1,1,-0.61328125,0.8828125,0.18300885002394832,0.8169911499760516,1.9020349700725094,dann_matched,banglasarc_binary+ben_sarc_binary,banglasarc3_binary,42
ff80e0cbcd7c1782,0,0,3.3125,-3.328125,0.9986954933533843,0.0013045066466158166,1.9020349700725094,dann_matched,banglasarc_binary+ben_sarc_binary,banglasarc3_binary,42
f1314c540d6527e9,0,0,1.984375,-1.921875,0.9802808718926534,0.01971912810734659,1.9020349700725094,dann_matched,banglasarc_binary+ben_sarc_binary,banglasarc3_binary,42
fac42c7ed54d77d8,0,0,0.09033203,0.07373047,0.5041502953028811,0.4958497046971188,1.9020349700725094,dann_matched,banglasarc_binary+ben_sarc_binary,banglasarc3_binary,42
8658527a6a2a33bf,0,0,0.48632812,-0.3828125,0.7045668484781581,0.29543315152184185,1.9020349700725094,dann_matched,banglasarc_binary+ben_sarc_binary,banglasarc3_binary,42
67575dc5c930b3d1,0,0,1.546875,-1.6015625,0.9588471107825551,0.04115288921744485,1.9020349700725094,dann_matched,banglasarc_binary+ben_sarc_binary,banglasarc3_binary,42
ad380f5058befbd4,1,0,0.69140625,-0.609375,0.7859664367768047,0.2140335632231953,1.9020349700725094,dann_matched,banglasarc_binary+ben_sarc_binary,banglasarc3_binary,42
392a0ef4d44c3c73,1,0,1.703125,-1.7890625,0.9704646607088951,0.029535339291104773,1.9020349700725094,dann_matched,banglasarc_binary+ben_sarc_binary,banglasarc3_binary,42
d6bafb1cda6b4f80,1,1,-0.22070312,0.51953125,0.3229528945282806,0.6770471054717195,1.9020349700725094,dann_matched,banglasarc_binary+ben_sarc_binary,banglasarc3_binary,42
809d83f7454be9cd,1,1,-1.1171875,1.3515625,0.07807816514495095,0.9219218348550491,1.9020349700725094,dann_matched,banglasarc_binary+ben_sarc_binary,banglasarc3_binary,42
a7ecaf79eb5d5fb9,1,1,-0.609375,0.86328125,0.18653921274423352,0.8134607872557665,1.9020349700725094,dann_matched,banglasarc_binary+ben_sarc_binary,banglasarc3_binary,42
16902334d4aac003,0,1,-0.43554688,0.69921875,0.24328269433676913,0.7567173056632309,1.9020349700725094,dann_matched,banglasarc_binary+ben_sarc_binary,banglasarc3_binary,42
051f1b25aad139f0,1,0,0.94921875,-0.83203125,0.8558511469672594,0.14414885303274058,1.9020349700725094,dann_matched,banglasarc_binary+ben_sarc_binary,banglasarc3_binary,42
74628967f465b267,0,0,1.609375,-1.6484375,0.9629528313309248,0.037047168669075196,1.9020349700725094,dann_matched,banglasarc_binary+ben_sarc_binary,banglasarc3_binary,42
32b5e23e297c895c,1,1,-0.16113281,0.37304688,0.3695425709989149,0.630457429001085,1.9020349700725094,dann_matched,banglasarc_binary+ben_sarc_binary,banglasarc3_binary,42
78a8f1d91019c411,0,1,-0.84765625,1.171875,0.11716746932535992,0.8828325306746402,1.9020349700725094,dann_matched,banglasarc_binary+ben_sarc_binary,banglasarc3_binary,42
6bbdac83cbe8ed55,1,1,-0.26171875,0.578125,0.3015676930738543,0.6984323069261458,1.9020349700725094,dann_matched,banglasarc_binary+ben_sarc_binary,banglasarc3_binary,42
505144aeff25d610,0,0,3.140625,-3.34375,0.9984752136087741,0.001524786391225749,1.9020349700725094,dann_matched,banglasarc_binary+ben_sarc_binary,banglasarc3_binary,42
514e7229ecf5d2fe,1,1,-0.8671875,1.171875,0.11516222873143664,0.8848377712685633,1.9020349700725094,dann_matched,banglasarc_binary+ben_sarc_binary,banglasarc3_binary,42
97ff4666ec5e9f65,0,0,2.96875,-2.984375,0.9974090206355707,0.002590979364429334,1.9020349700725094,dann_matched,banglasarc_binary+ben_sarc_binary,banglasarc3_binary,42
7cb9734d271aa603,1,1,-0.47851562,0.77734375,0.2216875011987412,0.7783124988012587,1.9020349700725094,dann_matched,banglasarc_binary+ben_sarc_binary,banglasarc3_binary,42
895b32d6f531e8d6,0,1,-1.296875,1.6875,0.04813677111663481,0.9518632288833652,1.9020349700725094,dann_matched,banglasarc_binary+ben_sarc_binary,banglasarc3_binary,42
b1a4b29882b6c492,0,1,-0.68359375,1.0390625,0.15152933817982858,0.8484706618201715,1.9020349700725094,dann_matched,banglasarc_binary+ben_sarc_binary,banglasarc3_binary,42
c3b7103111f141a1,1,1,-0.9375,1.234375,0.10230470789265303,0.8976952921073469,1.9020349700725094,dann_matched,banglasarc_binary+ben_sarc_binary,banglasarc3_binary,42
ec3e49aee99d8f7a,1,1,-1.40625,1.7734375,0.0399373142069266,0.9600626857930734,1.9020349700725094,dann_matched,banglasarc_binary+ben_sarc_binary,banglasarc3_binary,42
992c3932d484ad9a,0,1,-0.61328125,0.89453125,0.1812632068286302,0.8187367931713698,1.9020349700725094,dann_matched,banglasarc_binary+ben_sarc_binary,banglasarc3_binary,42
c5bd12f82a343358,1,1,-0.5625,0.8515625,0.19559408410649906,0.804405915893501,1.9020349700725094,dann_matched,banglasarc_binary+ben_sarc_binary,banglasarc3_binary,42
33a5e06ca430c8f1,0,0,0.70703125,-0.61328125,0.7892336936802291,0.2107663063197709,1.9020349700725094,dann_matched,banglasarc_binary+ben_sarc_binary,banglasarc3_binary,42
0e1ca87b75e07a22,0,1,-1.1171875,1.4921875,0.06853749303199023,0.9314625069680097,1.9020349700725094,dann_matched,banglasarc_binary+ben_sarc_binary,banglasarc3_binary,42
d8fee321b4621b14,1,1,-1.1953125,1.5390625,0.06097518086496481,0.9390248191350352,1.9020349700725094,dann_matched,banglasarc_binary+ben_sarc_binary,banglasarc3_binary,42
00c1732e4277e2ff,1,1,-1.1328125,1.5234375,0.06560483745906928,0.9343951625409306,1.9020349700725094,dann_matched,banglasarc_binary+ben_sarc_binary,banglasarc3_binary,42
fbce076f3a151066,1,0,0.45507812,-0.24023438,0.6671476749870737,0.33285232501292616,1.9020349700725094,dann_matched,banglasarc_binary+ben_sarc_binary,banglasarc3_binary,42
dbbbd3567edaaf38,0,0,1.09375,-1.1328125,0.9026096017480523,0.09739039825194779,1.9020349700725094,dann_matched,banglasarc_binary+ben_sarc_binary,banglasarc3_binary,42
4ac1dba701f4fda5,1,1,-1.5,1.9296875,0.031380429512976746,0.9686195704870232,1.9020349700725094,dann_matched,banglasarc_binary+ben_sarc_binary,banglasarc3_binary,42
a13bde6d3c5bb87a,0,0,3.375,-3.40625,0.9988664309949126,0.0011335690050875119,1.9020349700725094,dann_matched,banglasarc_binary+ben_sarc_binary,banglasarc3_binary,42
9f92c9c63ab16ba9,1,1,-0.94140625,1.2734375,0.0984254123665623,0.9015745876334377,1.9020349700725094,dann_matched,banglasarc_binary+ben_sarc_binary,banglasarc3_binary,42
e70632ab44b95d37,1,0,1.8203125,-1.6328125,0.9693241982893259,0.030675801710674105,1.9020349700725094,dann_matched,banglasarc_binary+ben_sarc_binary,banglasarc3_binary,42
e1e95dc7d5fd4fe7,0,0,1.2890625,-1.1875,0.9224823435231172,0.07751765647688268,1.9020349700725094,dann_matched,banglasarc_binary+ben_sarc_binary,banglasarc3_binary,42
cf43563beef479bd,1,0,1.65625,-1.671875,0.9653811611608242,0.03461883883917583,1.9020349700725094,dann_matched,banglasarc_binary+ben_sarc_binary,banglasarc3_binary,42
9f9b2bac0fb579a1,1,0,2.28125,-2.203125,0.988841968751916,0.011158031248084033,1.9020349700725094,dann_matched,banglasarc_binary+ben_sarc_binary,banglasarc3_binary,42
64261898e8263c33,0,0,1.71875,-1.7421875,0.9695556515673754,0.030444348432624533,1.9020349700725094,dann_matched,banglasarc_binary+ben_sarc_binary,banglasarc3_binary,42
2584524d390cdfab,1,0,3.0625,-3.234375,0.9981613347123114,0.0018386652876885773,1.9020349700725094,dann_matched,banglasarc_binary+ben_sarc_binary,banglasarc3_binary,42
257a7560d1ab7c7e,0,1,-1.046875,1.34375,0.08389038641057993,0.91610961358942,1.9020349700725094,dann_matched,banglasarc_binary+ben_sarc_binary,banglasarc3_binary,42
2f14c0092aa7ca57,1,0,0.8671875,-0.7578125,0.8354835371034369,0.1645164628965632,1.9020349700725094,dann_matched,banglasarc_binary+ben_sarc_binary,banglasarc3_binary,42
342881c8a15bad16,0,1,-0.578125,0.828125,0.1968262036430985,0.8031737963569016,1.9020349700725094,dann_matched,banglasarc_binary+ben_sarc_binary,banglasarc3_binary,42
43f923ef5eb8a6f5,0,0,1.4140625,-1.4296875,0.9449947117065459,0.05500528829345415,1.9020349700725094,dann_matched,banglasarc_binary+ben_sarc_binary,banglasarc3_binary,42
ee6f09f058aef096,1,0,2.640625,-2.8125,0.9957353653078126,0.0042646346921872726,1.9020349700725094,dann_matched,banglasarc_binary+ben_sarc_binary,banglasarc3_binary,42
923b266511af9ccd,1,0,2.265625,-2.265625,0.9893474891602738,0.010652510839726164,1.9020349700725094,dann_matched,banglasarc_binary+ben_sarc_binary,banglasarc3_binary,42
405b3d840ad271a8,0,1,-0.875,1.2109375,0.11047115389487247,0.8895288461051276,1.9020349700725094,dann_matched,banglasarc_binary+ben_sarc_binary,banglasarc3_binary,42
dab992c0f3dc01a0,0,1,-0.16210938,0.41796875,0.35891461730183344,0.6410853826981666,1.9020349700725094,dann_matched,banglasarc_binary+ben_sarc_binary,banglasarc3_binary,42
667af3eb14934a3e,0,0,3.4375,-3.625,0.9991440993632549,0.0008559006367452269,1.9020349700725094,dann_matched,banglasarc_binary+ben_sarc_binary,banglasarc3_binary,42
b564fa9b23515ed0,1,1,-1.1875,1.5625,0.06008665017400762,0.9399133498259924,1.9020349700725094,dann_matched,banglasarc_binary+ben_sarc_binary,banglasarc3_binary,42
66d2aff5fc2e61bc,0,0,1.875,-1.9375,0.9783846672373524,0.021615332762647654,1.9020349700725094,dann_matched,banglasarc_binary+ben_sarc_binary,banglasarc3_binary,42
d3a8233595cb8024,0,0,2.46875,-2.5,0.993096161928778,0.006903838071221877,1.9020349700725094,dann_matched,banglasarc_binary+ben_sarc_binary,banglasarc3_binary,42
1d769f0a19572287,1,1,-0.390625,0.69140625,0.2531218139565015,0.7468781860434985,1.9020349700725094,dann_matched,banglasarc_binary+ben_sarc_binary,banglasarc3_binary,42
3fee32aadfaf6383,0,0,1.4296875,-1.5078125,0.9496693674025232,0.05033063259747688,1.9020349700725094,dann_matched,banglasarc_binary+ben_sarc_binary,banglasarc3_binary,42
114b54f8ea927149,1,0,1.3046875,-1.1953125,0.9241418199787566,0.07585818002124356,1.9020349700725094,dann_matched,banglasarc_binary+ben_sarc_binary,banglasarc3_binary,42
f8e88475333512af,1,1,-1.21875,1.53125,0.06008665017400762,0.9399133498259924,1.9020349700725094,dann_matched,banglasarc_binary+ben_sarc_binary,banglasarc3_binary,42
7a2afdf85b0e4a57,1,0,1.5859375,-1.640625,0.9618217257384336,0.03817827426156642,1.9020349700725094,dann_matched,banglasarc_binary+ben_sarc_binary,banglasarc3_binary,42
92c430c72628f547,0,0,2.90625,-3.125,0.997603269129871,0.0023967308701289603,1.9020349700725094,dann_matched,banglasarc_binary+ben_sarc_binary,banglasarc3_binary,42
26dc21d32e9a6348,1,1,-0.49609375,0.7421875,0.2247353007352621,0.775264699264738,1.9020349700725094,dann_matched,banglasarc_binary+ben_sarc_binary,banglasarc3_binary,42
d08da382f5aa6fd6,1,1,-0.078125,0.33203125,0.3988746559246018,0.6011253440753982,1.9020349700725094,dann_matched,banglasarc_binary+ben_sarc_binary,banglasarc3_binary,42
ff9a012f3a431db5,1,0,0.34375,-0.19726562,0.6320486463511595,0.36795135364884046,1.9020349700725094,dann_matched,banglasarc_binary+ben_sarc_binary,banglasarc3_binary,42
55386c020543c40f,1,1,-1.65625,2.109375,0.022629200033037256,0.9773707999669629,1.9020349700725094,dann_matched,banglasarc_binary+ben_sarc_binary,banglasarc3_binary,42
017099e7610a6f6c,1,0,2.609375,-2.671875,0.9949396679680339,0.00506033203196621,1.9020349700725094,dann_matched,banglasarc_binary+ben_sarc_binary,banglasarc3_binary,42
f016ba0cc1c77d81,1,0,1.8046875,-1.8125,0.9738443816461771,0.02615561835382285,1.9020349700725094,dann_matched,banglasarc_binary+ben_sarc_binary,banglasarc3_binary,42
bbbc6d295b42948d,0,0,0.45507812,-0.32421875,0.6855285546217205,0.31447144537827953,1.9020349700725094,dann_matched,banglasarc_binary+ben_sarc_binary,banglasarc3_binary,42
8a6ec5d8b3140bbc,1,0,1.015625,-0.97265625,0.8795611834053839,0.12043881659461604,1.9020349700725094,dann_matched,banglasarc_binary+ben_sarc_binary,banglasarc3_binary,42
52f3e5cbfe71dd90,0,0,2.84375,-3.03125,0.9971990730328789,0.002800926967120973,1.9020349700725094,dann_matched,banglasarc_binary+ben_sarc_binary,banglasarc3_binary,42
6311c3f6e9111661,1,1,-0.96484375,1.3125,0.0930168046688621,0.9069831953311379,1.9020349700725094,dann_matched,banglasarc_binary+ben_sarc_binary,banglasarc3_binary,42
ab531d6915b77591,1,1,-0.578125,0.8359375,0.19559408410649906,0.804405915893501,1.9020349700725094,dann_matched,banglasarc_binary+ben_sarc_binary,banglasarc3_binary,42
c8d4191a4c0034b0,0,0,0.859375,-0.6875,0.8244619263765707,0.17553807362342935,1.9020349700725094,dann_matched,banglasarc_binary+ben_sarc_binary,banglasarc3_binary,42
78f45826d9c886c2,1,1,-0.54296875,0.77734375,0.2107663063197709,0.7892336936802291,1.9020349700725094,dann_matched,banglasarc_binary+ben_sarc_binary,banglasarc3_binary,42
f5080918cb703e26,1,1,-1.1015625,1.4765625,0.07055959618729296,0.9294404038127071,1.9020349700725094,dann_matched,banglasarc_binary+ben_sarc_binary,banglasarc3_binary,42
50855678cee37752,0,0,2.875,-2.984375,0.9971550903350206,0.0028449096649795012,1.9020349700725094,dann_matched,banglasarc_binary+ben_sarc_binary,banglasarc3_binary,42
0e861cdeb8d4ab68,1,1,-1.21875,1.546875,0.05921025074128593,0.9407897492587141,1.9020349700725094,dann_matched,banglasarc_binary+ben_sarc_binary,banglasarc3_binary,42
6aa0691388dde3ef,0,0,0.23144531,-0.08886719,0.579400408904987,0.42059959109501305,1.9020349700725094,dann_matched,banglasarc_binary+ben_sarc_binary,banglasarc3_binary,42
ac035386ab80b4e6,1,0,0.7890625,-0.765625,0.8255897216692099,0.17441027833079015,1.9020349700725094,dann_matched,banglasarc_binary+ben_sarc_binary,banglasarc3_binary,42
e76a1038723dc5eb,1,0,0.28710938,-0.16992188,0.6123096702680609,0.3876903297319391,1.9020349700725094,dann_matched,banglasarc_binary+ben_sarc_binary,banglasarc3_binary,42
ff922cbca8785282,1,0,2.171875,-2.265625,0.9883127420043056,0.011687257995694434,1.9020349700725094,dann_matched,banglasarc_binary+ben_sarc_binary,banglasarc3_binary,42
66a6d7fc7c022153,1,0,2.671875,-2.96875,0.9964619139429115,0.0035380860570885376,1.9020349700725094,dann_matched,banglasarc_binary+ben_sarc_binary,banglasarc3_binary,42
6f920e614b465135,0,1,-0.14160156,0.38671875,0.3709087336056053,0.6290912663943946,1.9020349700725094,dann_matched,banglasarc_binary+ben_sarc_binary,banglasarc3_binary,42
a3046e4436328bea,1,1,-0.98046875,1.2578125,0.09636510472498538,0.9036348952750146,1.9020349700725094,dann_matched,banglasarc_binary+ben_sarc_binary,banglasarc3_binary,42
226afc1f08fe0780,0,0,3.53125,-3.578125,0.999183261895333,0.0008167381046669486,1.9020349700725094,dann_matched,banglasarc_binary+ben_sarc_binary,banglasarc3_binary,42
9924815a000de0cd,0,0,2.6875,-2.84375,0.9960545931933981,0.003945406806602023,1.9020349700725094,dann_matched,banglasarc_binary+ben_sarc_binary,banglasarc3_binary,42
71c861c5ca9ae94c,0,0,2.71875,-2.921875,0.9964619139429115,0.0035380860570885376,1.9020349700725094,dann_matched,banglasarc_binary+ben_sarc_binary,banglasarc3_binary,42
9a8af6572f036955,1,0,2.8125,-2.953125,0.9968763514001466,0.0031236485998533104,1.9020349700725094,dann_matched,banglasarc_binary+ben_sarc_binary,banglasarc3_binary,42
148f42b7e3a77173,1,1,-0.76171875,1.0859375,0.1361483150237161,0.863851684976284,1.9020349700725094,dann_matched,banglasarc_binary+ben_sarc_binary,banglasarc3_binary,42
4a3ebc4e56a23695,0,0,1.2421875,-1.2578125,0.9241418199787566,0.07585818002124356,1.9020349700725094,dann_matched,banglasarc_binary+ben_sarc_binary,banglasarc3_binary,42
9884f74105725ac3,0,0,1.6015625,-1.5625,0.9594592615365182,0.040540738463481864,1.9020349700725094,dann_matched,banglasarc_binary+ben_sarc_binary,banglasarc3_binary,42
bc7aa60f495fb7a9,0,1,-1.4375,1.859375,0.035678550877730524,0.9643214491222695,1.9020349700725094,dann_matched,banglasarc_binary+ben_sarc_binary,banglasarc3_binary,42
1a19fa077638051f,0,0,3.09375,-3.015625,0.9977829869770526,0.0022170130229473865,1.9020349700725094,dann_matched,banglasarc_binary+ben_sarc_binary,banglasarc3_binary,42
bbac56b00ec41b2d,1,0,1.234375,-1.234375,0.9219218348550491,0.07807816514495095,1.9020349700725094,dann_matched,banglasarc_binary+ben_sarc_binary,banglasarc3_binary,42
1ee3ab9f5f73d8e3,0,1,-0.39257812,0.67578125,0.2557152108660971,0.744284789133903,1.9020349700725094,dann_matched,banglasarc_binary+ben_sarc_binary,banglasarc3_binary,42
0a70db745aa8febf,1,1,-1.3125,1.6953125,0.04707417582102406,0.9529258241789759,1.9020349700725094,dann_matched,banglasarc_binary+ben_sarc_binary,banglasarc3_binary,42
a831521b5fade0b4,0,0,1.6484375,-1.65625,0.9645892699236761,0.03541073007632382,1.9020349700725094,dann_matched,banglasarc_binary+ben_sarc_binary,banglasarc3_binary,42
aee1e0859bd82e49,0,0,1.703125,-1.7109375,0.9681411443139596,0.03185885568604046,1.9020349700725094,dann_matched,banglasarc_binary+ben_sarc_binary,banglasarc3_binary,42
14c1d9b31ee9da91,0,0,3.09375,-2.921875,0.9975656179914948,0.002434382008505326,1.9020349700725094,dann_matched,banglasarc_binary+ben_sarc_binary,banglasarc3_binary,42
0b3f384c234e0487,1,0,0.16210938,0.0099487305,0.5379669357831609,0.4620330642168391,1.9020349700725094,dann_matched,banglasarc_binary+ben_sarc_binary,banglasarc3_binary,42
ba3b5a884606387b,1,1,-0.27734375,0.49414062,0.31615809364983244,0.6838419063501675,1.9020349700725094,dann_matched,banglasarc_binary+ben_sarc_binary,banglasarc3_binary,42
d93424c4b5243f73,0,0,2.6875,-2.671875,0.9953181774756662,0.0046818225243337366,1.9020349700725094,dann_matched,banglasarc_binary+ben_sarc_binary,banglasarc3_binary,42
b7e8e4540b6277b4,0,0,1.71875,-1.6640625,0.9671630439727548,0.03283695602724524,1.9020349700725094,dann_matched,banglasarc_binary+ben_sarc_binary,banglasarc3_binary,42
dfa9f26844b0493f,1,1,-0.00793457,0.27148438,0.43059623511143447,0.5694037648885655,1.9020349700725094,dann_matched,banglasarc_binary+ben_sarc_binary,banglasarc3_binary,42
c63b2cd906f1ec56,1,1,-1.3046875,1.6640625,0.048857778622174906,0.9511422213778251,1.9020349700725094,dann_matched,banglasarc_binary+ben_sarc_binary,banglasarc3_binary,42
30f04a8c49d82a1e,1,0,2.3125,-2.34375,0.9905874104123901,0.009412589587609823,1.9020349700725094,dann_matched,banglasarc_binary+ben_sarc_binary,banglasarc3_binary,42
f53841d746ae3cd5,1,0,3.125,-3.15625,0.9981324340221067,0.0018675659778932805,1.9020349700725094,dann_matched,banglasarc_binary+ben_sarc_binary,banglasarc3_binary,42
78b23bee083f3547,0,0,0.13085938,0.006164551,0.5311333759540441,0.4688666240459559,1.9020349700725094,dann_matched,banglasarc_binary+ben_sarc_binary,banglasarc3_binary,42
57f53209ea014911,0,0,2.34375,-2.609375,0.992988204618503,0.007011795381497108,1.9020349700725094,dann_matched,banglasarc_binary+ben_sarc_binary,banglasarc3_binary,42
6bfa33ebacfeda42,1,1,-1.3046875,1.6796875,0.04813677111663481,0.9518632288833652,1.9020349700725094,dann_matched,banglasarc_binary+ben_sarc_binary,banglasarc3_binary,42
188035f94f43d5ab,0,0,3.3125,-3.328125,0.9986954933533843,0.0013045066466158166,1.9020349700725094,dann_matched,banglasarc_binary+ben_sarc_binary,banglasarc3_binary,42
a9c618cbe59ac37d,1,1,-1.375,1.7734375,0.04115288921744485,0.9588471107825551,1.9020349700725094,dann_matched,banglasarc_binary+ben_sarc_binary,banglasarc3_binary,42
7ef070492a733c38,0,1,-0.27929688,0.53515625,0.306942374426787,0.693057625573213,1.9020349700725094,dann_matched,banglasarc_binary+ben_sarc_binary,banglasarc3_binary,42
c367988694c84530,0,0,0.80078125,-0.734375,0.8227594829327498,0.17724051706725022,1.9020349700725094,dann_matched,banglasarc_binary+ben_sarc_binary,banglasarc3_binary,42
18d391b119c1644a,1,0,3.328125,-3.40625,0.9988120945058837,0.001187905494116342,1.9020349700725094,dann_matched,banglasarc_binary+ben_sarc_binary,banglasarc3_binary,42
4faab331ced87a08,0,0,0.921875,-0.90625,0.8615382094310357,0.13846179056896438,1.9020349700725094,dann_matched,banglasarc_binary+ben_sarc_binary,banglasarc3_binary,42
977b72c19a26ad0b,0,0,3.109375,-3.234375,0.9982453855899006,0.001754614410099487,1.9020349700725094,dann_matched,banglasarc_binary+ben_sarc_binary,banglasarc3_binary,42
6517e05a5287776b,0,0,1.7734375,-1.765625,0.9717790128704671,0.02822098712953305,1.9020349700725094,dann_matched,banglasarc_binary+ben_sarc_binary,banglasarc3_binary,42
ee6dbf89dce4e2bb,1,1,-0.92578125,1.2890625,0.0984254123665623,0.9015745876334377,1.9020349700725094,dann_matched,banglasarc_binary+ben_sarc_binary,banglasarc3_binary,42
ccf32cdc3d0775ad,1,1,-0.78515625,1.0546875,0.137069773035303,0.862930226964697,1.9020349700725094,dann_matched,banglasarc_binary+ben_sarc_binary,banglasarc3_binary,42
4da5e414258db266,0,0,2.265625,-2.40625,0.9907319866190857,0.009268013380914325,1.9020349700725094,dann_matched,banglasarc_binary+ben_sarc_binary,banglasarc3_binary,42
60ac14a8affe8358,1,1,-0.85546875,1.21875,0.11162799104060678,0.8883720089593933,1.9020349700725094,dann_matched,banglasarc_binary+ben_sarc_binary,banglasarc3_binary,42
c82b770796c8cf66,1,0,0.75390625,-0.66796875,0.8056321889812553,0.19436781101874467,1.9020349700725094,dann_matched,banglasarc_binary+ben_sarc_binary,banglasarc3_binary,42
f5fd2d4cdc3bc132,1,0,1.6484375,-1.5859375,0.9621075733703927,0.037892426629607394,1.9020349700725094,dann_matched,banglasarc_binary+ben_sarc_binary,banglasarc3_binary,42
94f3c9ec4b1c85a4,1,0,2.390625,-2.4375,0.9920620058985926,0.007937994101407319,1.9020349700725094,dann_matched,banglasarc_binary+ben_sarc_binary,banglasarc3_binary,42
5a10d03482f58dbf,1,1,-0.4375,0.8125,0.22270013882530884,0.7772998611746911,1.9020349700725094,dann_matched,banglasarc_binary+ben_sarc_binary,banglasarc3_binary,42
acbcf17308c9467e,1,1,-1.359375,1.7265625,0.04369106064046812,0.956308939359532,1.9020349700725094,dann_matched,banglasarc_binary+ben_sarc_binary,banglasarc3_binary,42
efc06bd7dc0335d5,1,1,-0.91015625,1.28125,0.10052486952464412,0.8994751304753559,1.9020349700725094,dann_matched,banglasarc_binary+ben_sarc_binary,banglasarc3_binary,42
ed59d0f7934d3996,0,1,-0.9765625,1.375,0.08694165672789168,0.9130583432721083,1.9020349700725094,dann_matched,banglasarc_binary+ben_sarc_binary,banglasarc3_binary,42
562d6d6d9b6ae4be,1,1,-0.63671875,0.875,0.180684214164803,0.819315785835197,1.9020349700725094,dann_matched,banglasarc_binary+ben_sarc_binary,banglasarc3_binary,42
f32e502d7c88ac0b,1,1,-0.97265625,1.3203125,0.09170696264527785,0.9082930373547222,1.9020349700725094,dann_matched,banglasarc_binary+ben_sarc_binary,banglasarc3_binary,42
8e5d3f2f373f5e29,0,0,1.03125,-0.890625,0.8723473746782093,0.12765262532179067,1.9020349700725094,dann_matched,banglasarc_binary+ben_sarc_binary,banglasarc3_binary,42
9207c873bbd453c3,0,0,3.46875,-3.59375,0.9991440993632549,0.0008559006367452269,1.9020349700725094,dann_matched,banglasarc_binary+ben_sarc_binary,banglasarc3_binary,42
89156813be6db8c4,1,1,-1.21875,1.6640625,0.05300977201585542,0.9469902279841446,1.9020349700725094,dann_matched,banglasarc_binary+ben_sarc_binary,banglasarc3_binary,42
8b10125a3aa18362,1,0,1.359375,-1.3203125,0.9358173563909802,0.06418264360901972,1.9020349700725094,dann_matched,banglasarc_binary+ben_sarc_binary,banglasarc3_binary,42
1ab10ab51e82c702,0,0,0.734375,-0.73828125,0.8134607872557665,0.18653921274423352,1.9020349700725094,dann_matched,banglasarc_binary+ben_sarc_binary,banglasarc3_binary,42
0c97107ad69abd97,0,0,2.78125,-3.15625,0.9973683260251155,0.00263167397488458,1.9020349700725094,dann_matched,banglasarc_binary+ben_sarc_binary,banglasarc3_binary,42
319378441192755c,1,0,1.5546875,-1.5078125,0.9553191297273498,0.0446808702726502,1.9020349700725094,dann_matched,banglasarc_binary+ben_sarc_binary,banglasarc3_binary,42
da5927d625a7e992,0,1,-1.1953125,1.59375,0.05791808743947446,0.9420819125605256,1.9020349700725094,dann_matched,banglasarc_binary+ben_sarc_binary,banglasarc3_binary,42
f948aa239ae79172,0,0,1.2109375,-1.1640625,0.9149009549929797,0.08509904500702024,1.9020349700725094,dann_matched,banglasarc_binary+ben_sarc_binary,banglasarc3_binary,42
b98ee8eae2d4d6c2,1,1,-1.359375,1.71875,0.04401864986294638,0.9559813501370537,1.9020349700725094,dann_matched,banglasarc_binary+ben_sarc_binary,banglasarc3_binary,42
2c4933c952f7fae0,1,1,-1.0078125,1.3515625,0.08632347658627028,0.9136765234137297,1.9020349700725094,dann_matched,banglasarc_binary+ben_sarc_binary,banglasarc3_binary,42
5611174ac8f322d9,0,0,3.28125,-3.515625,0.9988839857401568,0.001116014259843091,1.9020349700725094,dann_matched,banglasarc_binary+ben_sarc_binary,banglasarc3_binary,42
a68c6a0d2e4a0d44,0,0,1.921875,-1.9375,0.9793540692607815,0.020645930739218447,1.9020349700725094,dann_matched,banglasarc_binary+ben_sarc_binary,banglasarc3_binary,42
f0beee1358ba6702,1,1,-0.51171875,0.796875,0.21272225577472892,0.7872777442252712,1.9020349700725094,dann_matched,banglasarc_binary+ben_sarc_binary,banglasarc3_binary,42
9dd87b3601b59c5e,1,0,2.03125,-2.140625,0.984810951192016,0.015189048807983947,1.9020349700725094,dann_matched,banglasarc_binary+ben_sarc_binary,banglasarc3_binary,42
059d63cf1f988857,0,1,-0.47070312,0.71484375,0.2340563194755587,0.7659436805244414,1.9020349700725094,dann_matched,banglasarc_binary+ben_sarc_binary,banglasarc3_binary,42
205492061bc3b836,1,1,-1.1171875,1.4453125,0.07159119944455247,0.9284088005554476,1.9020349700725094,dann_matched,banglasarc_binary+ben_sarc_binary,banglasarc3_binary,42
ba85309fe6f0de09,1,1,-0.39257812,0.67578125,0.2557152108660971,0.744284789133903,1.9020349700725094,dann_matched,banglasarc_binary+ben_sarc_binary,banglasarc3_binary,42
34cf41d51399f927,1,1,-1.3671875,1.75,0.04240382863184672,0.9575961713681533,1.9020349700725094,dann_matched,banglasarc_binary+ben_sarc_binary,banglasarc3_binary,42
8f9e66d0954319bd,1,1,-0.31054688,0.546875,0.29787827113642107,0.7021217288635788,1.9020349700725094,dann_matched,banglasarc_binary+ben_sarc_binary,banglasarc3_binary,42
7aea9964e3bab268,0,1,-0.16601562,0.38476562,0.3656831720195924,0.6343168279804076,1.9020349700725094,dann_matched,banglasarc_binary+ben_sarc_binary,banglasarc3_binary,42
34262aaf029abe9c,0,0,2.84375,-3.03125,0.9971990730328789,0.002800926967120973,1.9020349700725094,dann_matched,banglasarc_binary+ben_sarc_binary,banglasarc3_binary,42
afc98c7da489d792,0,0,3.40625,-3.578125,0.9990746151133504,0.0009253848866495988,1.9020349700725094,dann_matched,banglasarc_binary+ben_sarc_binary,banglasarc3_binary,42
87ca816cf9ca3a57,0,0,3.359375,-3.390625,0.9988304897349445,0.0011695102650555148,1.9020349700725094,dann_matched,banglasarc_binary+ben_sarc_binary,banglasarc3_binary,42
b8705f91611e42fd,1,0,0.62890625,-0.52734375,0.7606506526772884,0.23934934732271168,1.9020349700725094,dann_matched,banglasarc_binary+ben_sarc_binary,banglasarc3_binary,42
9b4172a29427d096,1,1,-1.4765625,1.9296875,0.03210070671700819,0.9678992932829918,1.9020349700725094,dann_matched,banglasarc_binary+ben_sarc_binary,banglasarc3_binary,42
d41615dc78dfd442,0,0,1.6484375,-1.6328125,0.9637799441350253,0.036220055864974746,1.9020349700725094,dann_matched,banglasarc_binary+ben_sarc_binary,banglasarc3_binary,42
3b570bff1dc82229,1,0,0.12011719,0.032714844,0.5218366865275762,0.4781633134724238,1.9020349700725094,dann_matched,banglasarc_binary+ben_sarc_binary,banglasarc3_binary,42
a14957fec3333e4d,1,1,-1.1484375,1.484375,0.06705628692511957,0.9329437130748804,1.9020349700725094,dann_matched,banglasarc_binary+ben_sarc_binary,banglasarc3_binary,42
434aefb45c633a6e,1,1,-0.80078125,1.0625,0.13432105377342907,0.865678946226571,1.9020349700725094,dann_matched,banglasarc_binary+ben_sarc_binary,banglasarc3_binary,42
cb001950d002af6a,0,0,2.875,-3.03125,0.9972850145309949,0.0027149854690051763,1.9020349700725094,dann_matched,banglasarc_binary+ben_sarc_binary,banglasarc3_binary,42
bde02cf99aa6475c,0,0,3.3125,-3.390625,0.998774432551617,0.0012255674483830526,1.9020349700725094,dann_matched,banglasarc_binary+ben_sarc_binary,banglasarc3_binary,42
d59a0afee6d44b0f,1,0,0.40429688,-0.25390625,0.6588566299723456,0.34114337002765444,1.9020349700725094,dann_matched,banglasarc_binary+ben_sarc_binary,banglasarc3_binary,42
53e03d54e9f7c1ed,1,0,2.25,-2.265625,0.9891815513471369,0.010818448652863185,1.9020349700725094,dann_matched,banglasarc_binary+ben_sarc_binary,banglasarc3_binary,42
2922023d8f4b1469,0,1,-0.053710938,0.26367188,0.42131370858116846,0.5786862914188315,1.9020349700725094,dann_matched,banglasarc_binary+ben_sarc_binary,banglasarc3_binary,42
9a38672a43ee4277,1,1,-0.39257812,0.6484375,0.2609540759298918,0.7390459240701083,1.9020349700725094,dann_matched,banglasarc_binary+ben_sarc_binary,banglasarc3_binary,42
7d708b93f7458e17,0,0,3.125,-3.15625,0.9981324340221067,0.0018675659778932805,1.9020349700725094,dann_matched,banglasarc_binary+ben_sarc_binary,banglasarc3_binary,42
123e910b36e0446d,0,0,3.5,-3.5625,0.9991440993632549,0.0008559006367452269,1.9020349700725094,dann_matched,banglasarc_binary+ben_sarc_binary,banglasarc3_binary,42
5dc46488541a62ec,1,1,-0.9765625,1.328125,0.09073548763985106,0.909264512360149,1.9020349700725094,dann_matched,banglasarc_binary+ben_sarc_binary,banglasarc3_binary,42
e52a1f58f51e0c0a,1,0,1.359375,-1.328125,0.9362850057480346,0.06371499425196533,1.9020349700725094,dann_matched,banglasarc_binary+ben_sarc_binary,banglasarc3_binary,42
9b0ea3fdc41c9127,0,0,1.3046875,-1.21875,0.9257686295391643,0.07423137046083579,1.9020349700725094,dann_matched,banglasarc_binary+ben_sarc_binary,banglasarc3_binary,42
6013016338f9c6dd,0,0,2.375,-2.4375,0.9919380084717284,0.008061991528271641,1.9020349700725094,dann_matched,banglasarc_binary+ben_sarc_binary,banglasarc3_binary,42
5e41f878680dab10,0,0,2.984375,-3.078125,0.9976768374773688,0.002323162522631283,1.9020349700725094,dann_matched,banglasarc_binary+ben_sarc_binary,banglasarc3_binary,42
f86040734ae27c6d,1,1,-0.64453125,0.91015625,0.17441027833079015,0.8255897216692099,1.9020349700725094,dann_matched,banglasarc_binary+ben_sarc_binary,banglasarc3_binary,42
d10cccce1b8473e7,0,1,-1.1328125,1.5,0.06705628692511957,0.9329437130748804,1.9020349700725094,dann_matched,banglasarc_binary+ben_sarc_binary,banglasarc3_binary,42
24135986932e677c,1,0,3.359375,-3.578125,0.9990302480322174,0.0009697519677825861,1.9020349700725094,dann_matched,banglasarc_binary+ben_sarc_binary,banglasarc3_binary,42
7514b989309b1d9c,0,0,2.203125,-2.3125,0.9891815513471369,0.010818448652863185,1.9020349700725094,dann_matched,banglasarc_binary+ben_sarc_binary,banglasarc3_binary,42
ce110dc8185ae08e,1,0,0.7265625,-0.62109375,0.7937461896031696,0.20625381039683044,1.9020349700725094,dann_matched,banglasarc_binary+ben_sarc_binary,banglasarc3_binary,42
cb27ebe4bead824c,1,0,2.0,-1.984375,0.9817357216481429,0.01826427835185701,1.9020349700725094,dann_matched,banglasarc_binary+ben_sarc_binary,banglasarc3_binary,42
bc540917f9b7c71d,1,1,-1.1015625,1.4453125,0.07263670636078697,0.927363293639213,1.9020349700725094,dann_matched,banglasarc_binary+ben_sarc_binary,banglasarc3_binary,42
4ffffbe307d0a83a,0,0,2.96875,-3.046875,0.9975656179914948,0.002434382008505326,1.9020349700725094,dann_matched,banglasarc_binary+ben_sarc_binary,banglasarc3_binary,42
b4323b5c74f8fc36,0,0,2.203125,-2.359375,0.9896718474806949,0.010328152519305191,1.9020349700725094,dann_matched,banglasarc_binary+ben_sarc_binary,banglasarc3_binary,42
ad6cc5fb265960cc,0,1,-1.0078125,1.25,0.0946777017913266,0.9053222982086733,1.9020349700725094,dann_matched,banglasarc_binary+ben_sarc_binary,banglasarc3_binary,42
d39ddcf24d6d9189,0,1,-0.45898438,0.68359375,0.24184732865488942,0.7581526713451106,1.9020349700725094,dann_matched,banglasarc_binary+ben_sarc_binary,banglasarc3_binary,42
f38d81be661a4b8f,1,1,-0.63671875,0.9375,0.17161580696895154,0.8283841930310485,1.9020349700725094,dann_matched,banglasarc_binary+ben_sarc_binary,banglasarc3_binary,42
c511137eaf00d6b1,1,1,-0.6875,1.015625,0.15405756269148546,0.8459424373085146,1.9020349700725094,dann_matched,banglasarc_binary+ben_sarc_binary,banglasarc3_binary,42
3cb9b64cd0bcd1c4,1,1,-0.96484375,1.3046875,0.09367800267455072,0.9063219973254493,1.9020349700725094,dann_matched,banglasarc_binary+ben_sarc_binary,banglasarc3_binary,42
44e81fb71fafc5f6,1,1,-1.125,1.46875,0.06954174450582809,0.9304582554941719,1.9020349700725094,dann_matched,banglasarc_binary+ben_sarc_binary,banglasarc3_binary,42
1f6366dc8c87721e,0,0,1.578125,-1.5078125,0.956308939359532,0.04369106064046812,1.9020349700725094,dann_matched,banglasarc_binary+ben_sarc_binary,banglasarc3_binary,42
406b7cc3a0445691,1,1,-1.109375,1.5078125,0.06804042027255897,0.9319595797274409,1.9020349700725094,dann_matched,banglasarc_binary+ben_sarc_binary,banglasarc3_binary,42
35cf36bc3d8642ab,0,1,-0.041503906,0.22460938,0.43386152650801,0.56613847349199,1.9020349700725094,dann_matched,banglasarc_binary+ben_sarc_binary,banglasarc3_binary,42
57cd7fdd60d1667d,1,1,-0.24902344,0.5234375,0.3159469966500125,0.6840530033499874,1.9020349700725094,dann_matched,banglasarc_binary+ben_sarc_binary,banglasarc3_binary,42
0bb1548e56ec97e6,1,0,1.9453125,-2.125,0.9832145101099363,0.016785489890063697,1.9020349700725094,dann_matched,banglasarc_binary+ben_sarc_binary,banglasarc3_binary,42
8e8b85d15b47827c,1,0,1.796875,-1.765625,0.9724147177732099,0.027585282226789985,1.9020349700725094,dann_matched,banglasarc_binary+ben_sarc_binary,banglasarc3_binary,42
fae8d93fe40b415d,1,1,-0.40820312,0.63671875,0.26020143184909333,0.7397985681509067,1.9020349700725094,dann_matched,banglasarc_binary+ben_sarc_binary,banglasarc3_binary,42
12e6dab580637364,1,0,0.671875,-0.5390625,0.7704647868335476,0.2295352131664525,1.9020349700725094,dann_matched,banglasarc_binary+ben_sarc_binary,banglasarc3_binary,42
c63614053bc8ae28,0,0,0.080566406,0.047607422,0.5082390002754255,0.49176099972457454,1.9020349700725094,dann_matched,banglasarc_binary+ben_sarc_binary,banglasarc3_binary,42
e567c1f8bb54ed53,0,0,0.328125,-0.17773438,0.6238353148247107,0.37616468517528934,1.9020349700725094,dann_matched,banglasarc_binary+ben_sarc_binary,banglasarc3_binary,42
b24c7e2e479c102f,0,0,3.484375,-3.578125,0.9991440993632549,0.0008559006367452269,1.9020349700725094,dann_matched,banglasarc_binary+ben_sarc_binary,banglasarc3_binary,42
8ed4645228916f02,0,0,2.484375,-2.5625,0.9936116790902788,0.0063883209097212856,1.9020349700725094,dann_matched,banglasarc_binary+ben_sarc_binary,banglasarc3_binary,42
f59c42c49edda760,0,0,1.71875,-1.7265625,0.9690910414827888,0.030908958517211163,1.9020349700725094,dann_matched,banglasarc_binary+ben_sarc_binary,banglasarc3_binary,42
d760334e952c9d53,0,0,2.9375,-2.921875,0.9971550903350206,0.0028449096649795012,1.9020349700725094,dann_matched,banglasarc_binary+ben_sarc_binary,banglasarc3_binary,42
98f8544b2ea323d3,0,0,1.734375,-1.734375,0.9697854129326061,0.03021458706739398,1.9020349700725094,dann_matched,banglasarc_binary+ben_sarc_binary,banglasarc3_binary,42
ce05c3fa0cc62627,0,0,3.40625,-3.515625,0.9990149917032549,0.0009850082967450694,1.9020349700725094,dann_matched,banglasarc_binary+ben_sarc_binary,banglasarc3_binary,42
fdc64d7635cb59b2,0,0,1.8828125,-1.8828125,0.9773707999669629,0.022629200033037256,1.9020349700725094,dann_matched,banglasarc_binary+ben_sarc_binary,banglasarc3_binary,42
f93ea9b921c3c0f7,1,0,0.2734375,-0.09326172,0.5906611531848972,0.4093388468151028,1.9020349700725094,dann_matched,banglasarc_binary+ben_sarc_binary,banglasarc3_binary,42
2278f57caa613701,0,0,2.40625,-2.484375,0.9925393565360598,0.007460643463940165,1.9020349700725094,dann_matched,banglasarc_binary+ben_sarc_binary,banglasarc3_binary,42
c25fe5e4766f241a,0,0,2.921875,-2.90625,0.9970650482552862,0.002934951744713737,1.9020349700725094,dann_matched,banglasarc_binary+ben_sarc_binary,banglasarc3_binary,42
572e4397ff6c9eb2,1,1,-0.59375,0.87109375,0.1877276039567854,0.8122723960432147,1.9020349700725094,dann_matched,banglasarc_binary+ben_sarc_binary,banglasarc3_binary,42
9e94c5340c1e9e84,1,0,0.69921875,-0.6640625,0.7962924693012908,0.2037075306987091,1.9020349700725094,dann_matched,banglasarc_binary+ben_sarc_binary,banglasarc3_binary,42
e0b7bf00262d60a7,0,0,1.9140625,-1.9609375,0.9796676466573412,0.020332353342658753,1.9020349700725094,dann_matched,banglasarc_binary+ben_sarc_binary,banglasarc3_binary,42
7d5dcba04c7cbfc6,1,0,1.625,-1.625,0.9626731126558706,0.037326887344129464,1.9020349700725094,dann_matched,banglasarc_binary+ben_sarc_binary,banglasarc3_binary,42
cd9fc03dbd82abcd,0,0,2.6875,-2.609375,0.9950177302695786,0.004982269730421259,1.9020349700725094,dann_matched,banglasarc_binary+ben_sarc_binary,banglasarc3_binary,42
54b803aa09d54185,1,1,-1.359375,1.7734375,0.04177388078830622,0.9582261192116938,1.9020349700725094,dann_matched,banglasarc_binary+ben_sarc_binary,banglasarc3_binary,42
725ea8a5def6acac,0,0,3.375,-3.46875,0.9989350373279441,0.0010649626720559452,1.9020349700725094,dann_matched,banglasarc_binary+ben_sarc_binary,banglasarc3_binary,42
56d6d68354837500,0,0,0.58203125,-0.45117188,0.7375364170002107,0.26246358299978934,1.9020349700725094,dann_matched,banglasarc_binary+ben_sarc_binary,banglasarc3_binary,42
da5033e533eee677,1,0,1.4296875,-1.5078125,0.9496693674025232,0.05033063259747688,1.9020349700725094,dann_matched,banglasarc_binary+ben_sarc_binary,banglasarc3_binary,42
ce347cf05f786fe0,1,0,1.25,-1.28125,0.9263037302939515,0.07369626970604846,1.9020349700725094,dann_matched,banglasarc_binary+ben_sarc_binary,banglasarc3_binary,42
ea499bace09f44ce,1,0,1.4375,-1.390625,0.9441768588653856,0.05582314113461443,1.9020349700725094,dann_matched,banglasarc_binary+ben_sarc_binary,banglasarc3_binary,42
2ccc2f875d7de471,1,1,-1.171875,1.5546875,0.06142404005467019,0.9385759599453297,1.9020349700725094,dann_matched,banglasarc_binary+ben_sarc_binary,banglasarc3_binary,42
22e8efc34608d82d,0,0,0.69921875,-0.6171875,0.7885831787993471,0.2114168212006529,1.9020349700725094,dann_matched,banglasarc_binary+ben_sarc_binary,banglasarc3_binary,42
040a68c1b02bd862,1,0,1.53125,-1.4921875,0.953621794005189,0.046378205994811086,1.9020349700725094,dann_matched,banglasarc_binary+ben_sarc_binary,banglasarc3_binary,42
efde5d179b5fd873,1,0,2.984375,-3.21875,0.9979809860995514,0.0020190139004485808,1.9020349700725094,dann_matched,banglasarc_binary+ben_sarc_binary,banglasarc3_binary,42
0b43510285b09eba,0,0,2.09375,-2.140625,0.9857180660748888,0.014281933925111153,1.9020349700725094,dann_matched,banglasarc_binary+ben_sarc_binary,banglasarc3_binary,42
dd4fae9961a88873,1,0,1.2421875,-1.2890625,0.9263037302939515,0.07369626970604846,1.9020349700725094,dann_matched,banglasarc_binary+ben_sarc_binary,banglasarc3_binary,42
121299f05ede0c91,1,1,-1.0390625,1.4296875,0.07807816514495095,0.9219218348550491,1.9020349700725094,dann_matched,banglasarc_binary+ben_sarc_binary,banglasarc3_binary,42
30a6096d2f7010ff,1,0,0.6796875,-0.578125,0.7786493120021721,0.22135068799782798,1.9020349700725094,dann_matched,banglasarc_binary+ben_sarc_binary,banglasarc3_binary,42
a1bd9a0f27bbd51e,0,0,2.21875,-2.25,0.9886682464686385,0.011331753531361453,1.9020349700725094,dann_matched,banglasarc_binary+ben_sarc_binary,banglasarc3_binary,42
477fd95f302c284c,0,0,1.5390625,-1.546875,0.956308939359532,0.04369106064046812,1.9020349700725094,dann_matched,banglasarc_binary+ben_sarc_binary,banglasarc3_binary,42
8c8158a78b04bd05,1,0,2.109375,-2.09375,0.9852713861502774,0.014728613849722676,1.9020349700725094,dann_matched,banglasarc_binary+ben_sarc_binary,banglasarc3_binary,42
d094516197c5cc27,0,0,1.3046875,-1.34375,0.9339146213324513,0.06608537866754877,1.9020349700725094,dann_matched,banglasarc_binary+ben_sarc_binary,banglasarc3_binary,42
9d3e29981c15d1c1,0,1,-0.31445312,0.49414062,0.3081902399767429,0.6918097600232571,1.9020349700725094,dann_matched,banglasarc_binary+ben_sarc_binary,banglasarc3_binary,42
fd31f5f3ca6c7a27,1,0,1.25,-1.171875,0.9184802440252811,0.08151975597471893,1.9020349700725094,dann_matched,banglasarc_binary+ben_sarc_binary,banglasarc3_binary,42
d2fa1859fec8bc19,0,0,1.984375,-2.046875,0.9825575152637948,0.01744248473620534,1.9020349700725094,dann_matched,banglasarc_binary+ben_sarc_binary,banglasarc3_binary,42
50dbee0e7a539695,1,0,0.7578125,-0.66015625,0.8050197829785412,0.1949802170214588,1.9020349700725094,dann_matched,banglasarc_binary+ben_sarc_binary,banglasarc3_binary,42
d2ebc3d3ea553892,1,0,3.09375,-3.234375,0.9982178036776337,0.0017821963223663927,1.9020349700725094,dann_matched,banglasarc_binary+ben_sarc_binary,banglasarc3_binary,42
e15f93ee6c7733d1,1,0,1.8125,-1.7890625,0.9734434290045008,0.02655657099549924,1.9020349700725094,dann_matched,banglasarc_binary+ben_sarc_binary,banglasarc3_binary,42
25e11947840674b6,1,1,-1.015625,1.3125,0.08882029240011771,0.9111797075998822,1.9020349700725094,dann_matched,banglasarc_binary+ben_sarc_binary,banglasarc3_binary,42
37ed4175676826d3,1,0,1.4921875,-1.421875,0.9485372345673925,0.05146276543260743,1.9020349700725094,dann_matched,banglasarc_binary+ben_sarc_binary,banglasarc3_binary,42
acf59b60bc703e78,0,1,-0.73046875,1.03125,0.14657520915950842,0.8534247908404916,1.9020349700725094,dann_matched,banglasarc_binary+ben_sarc_binary,banglasarc3_binary,42
2dac047c35342cac,1,0,1.3515625,-1.2578125,0.9314625069680097,0.06853749303199023,1.9020349700725094,dann_matched,banglasarc_binary+ben_sarc_binary,banglasarc3_binary,42
52c53afde23c5737,1,0,0.94921875,-0.90234375,0.8643104540313907,0.13568954596860924,1.9020349700725094,dann_matched,banglasarc_binary+ben_sarc_binary,banglasarc3_binary,42
597d374e58e24ce0,0,0,2.25,-2.359375,0.9901401446964613,0.009859855303538789,1.9020349700725094,dann_matched,banglasarc_binary+ben_sarc_binary,banglasarc3_binary,42
21f6588fa41d80f2,1,0,1.6796875,-1.671875,0.9661559646595075,0.03384403534049258,1.9020349700725094,dann_matched,banglasarc_binary+ben_sarc_binary,banglasarc3_binary,42
576dad90f863a07a,0,0,2.265625,-2.40625,0.9907319866190857,0.009268013380914325,1.9020349700725094,dann_matched,banglasarc_binary+ben_sarc_binary,banglasarc3_binary,42
acc440f1fc8bac8a,1,0,0.875,-0.77734375,0.8392075633860248,0.16079243661397521,1.9020349700725094,dann_matched,banglasarc_binary+ben_sarc_binary,banglasarc3_binary,42
99f834500aa28da7,1,0,0.171875,0.030517578,0.5352806271331835,0.4647193728668166,1.9020349700725094,dann_matched,banglasarc_binary+ben_sarc_binary,banglasarc3_binary,42
ab8cb0f62e0897af,0,0,3.203125,-3.1875,0.99832560069629,0.001674399303710119,1.9020349700725094,dann_matched,banglasarc_binary+ben_sarc_binary,banglasarc3_binary,42
c2990dd82a44f69e,1,0,0.19140625,0.0012207031,0.5474035883236248,0.45259641167637515,1.9020349700725094,dann_matched,banglasarc_binary+ben_sarc_binary,banglasarc3_binary,42
00d461014350b89e,1,0,3.25,-3.296875,0.9985674634052898,0.001432536594710079,1.9020349700725094,dann_matched,banglasarc_binary+ben_sarc_binary,banglasarc3_binary,42
5707e3c0244d1dfb,1,0,1.8515625,-1.859375,0.976129165047569,0.023870834952430912,1.9020349700725094,dann_matched,banglasarc_binary+ben_sarc_binary,banglasarc3_binary,42
fd622c33ab6796bd,1,1,-1.203125,1.515625,0.061875985723642724,0.9381240142763573,1.9020349700725094,dann_matched,banglasarc_binary+ben_sarc_binary,banglasarc3_binary,42
61890d2332416b73,0,0,0.11279297,0.1015625,0.5028075876790135,0.4971924123209866,1.9020349700725094,dann_matched,banglasarc_binary+ben_sarc_binary,banglasarc3_binary,42
3b4ef2d9f41c852f,1,1,-0.71484375,0.984375,0.15456732837004417,0.8454326716299558,1.9020349700725094,dann_matched,banglasarc_binary+ben_sarc_binary,banglasarc3_binary,42
e5390f71a9c29ba6,0,0,3.359375,-3.484375,0.9989350373279441,0.0010649626720559452,1.9020349700725094,dann_matched,banglasarc_binary+ben_sarc_binary,banglasarc3_binary,42
b099c317bb9c6687,1,1,-1.09375,1.4453125,0.07316472140562331,0.9268352785943768,1.9020349700725094,dann_matched,banglasarc_binary+ben_sarc_binary,banglasarc3_binary,42
912bbeda5648f283,1,0,2.78125,-2.84375,0.9964063974185798,0.0035936025814200896,1.9020349700725094,dann_matched,banglasarc_binary+ben_sarc_binary,banglasarc3_binary,42
c823ae44a3e23b84,0,0,1.8359375,-1.84375,0.975390071374038,0.024609928625961945,1.9020349700725094,dann_matched,banglasarc_binary+ben_sarc_binary,banglasarc3_binary,42
bfea9a263b223c80,1,0,2.546875,-2.578125,0.9940889311437562,0.005911068856243796,1.9020349700725094,dann_matched,banglasarc_binary+ben_sarc_binary,banglasarc3_binary,42
3cdaa503d41fc6a6,0,0,2.828125,-2.953125,0.9969246301499518,0.0030753698500482337,1.9020349700725094,dann_matched,banglasarc_binary+ben_sarc_binary,banglasarc3_binary,42
d71f7c52c9ea87be,0,0,0.56640625,-0.45507812,0.7352616368564966,0.2647383631435034,1.9020349700725094,dann_matched,banglasarc_binary+ben_sarc_binary,banglasarc3_binary,42
def9ea9b246c55b1,0,0,2.609375,-2.765625,0.9953904278206259,0.004609572179374208,1.9020349700725094,dann_matched,banglasarc_binary+ben_sarc_binary,banglasarc3_binary,42
04b1b4f08fdd18c5,1,0,0.41601562,-0.23828125,0.6579780993256591,0.34202190067434085,1.9020349700725094,dann_matched,banglasarc_binary+ben_sarc_binary,banglasarc3_binary,42
39bf383204dad4e3,0,0,1.9453125,-2.0625,0.982151261550011,0.017848738449988986,1.9020349700725094,dann_matched,banglasarc_binary+ben_sarc_binary,banglasarc3_binary,42
1f427bfaa298bf6b,1,0,2.828125,-2.875,0.9966755631083445,0.0033244368916556374,1.9020349700725094,dann_matched,banglasarc_binary+ben_sarc_binary,banglasarc3_binary,42
ed3220bf0c8abb3b,1,1,-1.2109375,1.5859375,0.05749327880038583,0.9425067211996143,1.9020349700725094,dann_matched,banglasarc_binary+ben_sarc_binary,banglasarc3_binary,42
855a37fc463d8e33,1,1,-0.84765625,1.1484375,0.11961366366632263,0.8803863363336775,1.9020349700725094,dann_matched,banglasarc_binary+ben_sarc_binary,banglasarc3_binary,42
4771a65e8a1e5abf,0,0,0.34765625,-0.25,0.6451199102918683,0.3548800897081317,1.9020349700725094,dann_matched,banglasarc_binary+ben_sarc_binary,banglasarc3_binary,42
4f4b52f3c17a4ba1,0,0,0.87109375,-0.8125,0.843379816636549,0.156620183363451,1.9020349700725094,dann_matched,banglasarc_binary+ben_sarc_binary,banglasarc3_binary,42
51e27f8269f8eaac,0,0,2.234375,-2.34375,0.9898303422461273,0.010169657753872614,1.9020349700725094,dann_matched,banglasarc_binary+ben_sarc_binary,banglasarc3_binary,42
8de5e108effcbaea,0,0,3.21875,-3.265625,0.9984752136087741,0.001524786391225749,1.9020349700725094,dann_matched,banglasarc_binary+ben_sarc_binary,banglasarc3_binary,42
75e09ea10216853d,0,0,1.3828125,-1.3359375,0.9381240142763573,0.061875985723642724,1.9020349700725094,dann_matched,banglasarc_binary+ben_sarc_binary,banglasarc3_binary,42
b3ece23327e83d73,0,0,2.796875,-2.9375,0.9967775156759975,0.003222484324002434,1.9020349700725094,dann_matched,banglasarc_binary+ben_sarc_binary,banglasarc3_binary,42
237b60d67d3a977b,0,0,3.546875,-3.609375,0.9992206339069791,0.0007793660930208433,1.9020349700725094,dann_matched,banglasarc_binary+ben_sarc_binary,banglasarc3_binary,42
9ce912c1a315b4d4,1,0,0.6796875,-0.61328125,0.7846492570213327,0.2153507429786673,1.9020349700725094,dann_matched,banglasarc_binary+ben_sarc_binary,banglasarc3_binary,42
a034075943ae5ef1,1,0,1.671875,-1.734375,0.9678992932829918,0.03210070671700819,1.9020349700725094,dann_matched,banglasarc_binary+ben_sarc_binary,banglasarc3_binary,42
00e1bdb06e67ed07,0,0,2.40625,-2.5625,0.993096161928778,0.006903838071221877,1.9020349700725094,dann_matched,banglasarc_binary+ben_sarc_binary,banglasarc3_binary,42
5e81d0127cda6083,1,1,-0.70703125,0.97265625,0.1571368534705856,0.8428631465294143,1.9020349700725094,dann_matched,banglasarc_binary+ben_sarc_binary,banglasarc3_binary,42
391c2dab4f4a8ea6,1,1,-1.3984375,1.796875,0.03934250326425821,0.9606574967357419,1.9020349700725094,dann_matched,banglasarc_binary+ben_sarc_binary,banglasarc3_binary,42
76010f7452a4ee0b,0,1,0.014465332,0.17871094,0.4590306584426144,0.5409693415573856,1.9020349700725094,dann_matched,banglasarc_binary+ben_sarc_binary,banglasarc3_binary,42
501212c9f4c39f1a,0,0,1.90625,-1.9375,0.9790357591818724,0.0209642408181275,1.9020349700725094,dann_matched,banglasarc_binary+ben_sarc_binary,banglasarc3_binary,42
2d0c4e3b8cd32421,1,0,1.015625,-0.84765625,0.865678946226571,0.13432105377342907,1.9020349700725094,dann_matched,banglasarc_binary+ben_sarc_binary,banglasarc3_binary,42
b46fca43ca40e1a1,0,0,2.078125,-2.015625,0.983596967483837,0.016403032516163058,1.9020349700725094,dann_matched,banglasarc_binary+ben_sarc_binary,banglasarc3_binary,42
eb34b73284cdfb62,0,0,1.6171875,-1.421875,0.9543079676184154,0.04569203238158463,1.9020349700725094,dann_matched,banglasarc_binary+ben_sarc_binary,banglasarc3_binary,42
82b1b909a5385c25,0,0,0.41796875,-0.32421875,0.6774740169356273,0.3225259830643727,1.9020349700725094,dann_matched,banglasarc_binary+ben_sarc_binary,banglasarc3_binary,42
afab669e2802f55a,0,0,1.40625,-1.3828125,0.9420819125605256,0.05791808743947446,1.9020349700725094,dann_matched,banglasarc_binary+ben_sarc_binary,banglasarc3_binary,42
32655b6af6468900,1,0,0.3828125,-0.20800781,0.6435533413299583,0.35644665867004166,1.9020349700725094,dann_matched,banglasarc_binary+ben_sarc_binary,banglasarc3_binary,42
63522bcc58aca5aa,1,0,1.1875,-1.1640625,0.9130583432721083,0.08694165672789168,1.9020349700725094,dann_matched,banglasarc_binary+ben_sarc_binary,banglasarc3_binary,42
b81a6fc550996879,0,1,-1.0390625,1.3984375,0.08035746882220708,0.9196425311777929,1.9020349700725094,dann_matched,banglasarc_binary+ben_sarc_binary,banglasarc3_binary,42
9e9c76d8536be656,0,0,2.984375,-3.328125,0.9981897889737974,0.0018102110262026487,1.9020349700725094,dann_matched,banglasarc_binary+ben_sarc_binary,banglasarc3_binary,42
487ba6736df9dac4,1,1,-0.4609375,0.6875,0.24077459577038227,0.7592254042296177,1.9020349700725094,dann_matched,banglasarc_binary+ben_sarc_binary,banglasarc3_binary,42
7224809745c5317e,0,0,2.96875,-2.96875,0.9973683260251155,0.00263167397488458,1.9020349700725094,dann_matched,banglasarc_binary+ben_sarc_binary,banglasarc3_binary,42
cc351cfcab72e656,0,1,-0.17578125,0.37109375,0.3665897363221599,0.6334102636778401,1.9020349700725094,dann_matched,banglasarc_binary+ben_sarc_binary,banglasarc3_binary,42
0ac9087c2e695175,0,0,3.28125,-3.359375,0.9986954933533843,0.0013045066466158166,1.9020349700725094,dann_matched,banglasarc_binary+ben_sarc_binary,banglasarc3_binary,42
7ab4d04075a8767b,1,1,-1.109375,1.46875,0.07055959618729296,0.9294404038127071,1.9020349700725094,dann_matched,banglasarc_binary+ben_sarc_binary,banglasarc3_binary,42
005a81526dd973be,1,1,-1.2734375,1.640625,0.05146276543260743,0.9485372345673925,1.9020349700725094,dann_matched,banglasarc_binary+ben_sarc_binary,banglasarc3_binary,42
5422984065fd2576,1,0,3.34375,-3.359375,0.998774432551617,0.0012255674483830526,1.9020349700725094,dann_matched,banglasarc_binary+ben_sarc_binary,banglasarc3_binary,42
73b2db9434de0a4f,1,0,0.51953125,-0.45117188,0.725259623330965,0.27474037666903506,1.9020349700725094,dann_matched,banglasarc_binary+ben_sarc_binary,banglasarc3_binary,42
7b755c23081cae77,1,0,0.3984375,-0.31445312,0.6710395673640173,0.32896043263598285,1.9020349700725094,dann_matched,banglasarc_binary+ben_sarc_binary,banglasarc3_binary,42
4df4505e1099e8b8,0,0,1.46875,-1.265625,0.9390248191350352,0.06097518086496481,1.9020349700725094,dann_matched,banglasarc_binary+ben_sarc_binary,banglasarc3_binary,42
20d8bb2aacda3ef4,0,0,2.96875,-3.1875,0.9978842965994068,0.002115703400593114,1.9020349700725094,dann_matched,banglasarc_binary+ben_sarc_binary,banglasarc3_binary,42
86168cedfa8908d4,1,1,-0.86328125,1.2265625,0.11008788101422484,0.8899121189857752,1.9020349700725094,dann_matched,banglasarc_binary+ben_sarc_binary,banglasarc3_binary,42
ffe0b07ccb36819b,1,1,-1.3359375,1.625,0.04922211319719861,0.9507778868028013,1.9020349700725094,dann_matched,banglasarc_binary+ben_sarc_binary,banglasarc3_binary,42
0f006194b45e6c5f,1,0,2.140625,-2.28125,0.9881308789536605,0.011869121046339474,1.9020349700725094,dann_matched,banglasarc_binary+ben_sarc_binary,banglasarc3_binary,42
0032784830ddb818,0,0,1.5703125,-1.609375,0.9600626857930734,0.0399373142069266,1.9020349700725094,dann_matched,banglasarc_binary+ben_sarc_binary,banglasarc3_binary,42
471ce8d0863df951,0,1,-0.140625,0.40625,0.3665897363221599,0.6334102636778401,1.9020349700725094,dann_matched,banglasarc_binary+ben_sarc_binary,banglasarc3_binary,42
b8051eeb7d141427,1,1,-0.18261719,0.453125,0.34620965688120114,0.6537903431187989,1.9020349700725094,dann_matched,banglasarc_binary+ben_sarc_binary,banglasarc3_binary,42
13f5d731d71ec752,0,0,3.5,-3.71875,0.9992678187383391,0.0007321812616608614,1.9020349700725094,dann_matched,banglasarc_binary+ben_sarc_binary,banglasarc3_binary,42
53d67a30efe6b19e,0,0,1.2890625,-1.3046875,0.9304582554941719,0.06954174450582809,1.9020349700725094,dann_matched,banglasarc_binary+ben_sarc_binary,banglasarc3_binary,42
002c1140ae3dde4e,1,0,1.78125,-1.765625,0.9719924793940118,0.02800752060598813,1.9020349700725094,dann_matched,banglasarc_binary+ben_sarc_binary,banglasarc3_binary,42
03a3878f85634362,1,1,-0.76953125,1.140625,0.12896329929010264,0.8710367007098975,1.9020349700725094,dann_matched,banglasarc_binary+ben_sarc_binary,banglasarc3_binary,42
15cf011d32f28273,1,0,0.27929688,-0.16503906,0.6092917114943286,0.3907082885056713,1.9020349700725094,dann_matched,banglasarc_binary+ben_sarc_binary,banglasarc3_binary,42
39afb1a94688145e,1,0,1.0625,-1.015625,0.888758793492457,0.11124120650754304,1.9020349700725094,dann_matched,banglasarc_binary+ben_sarc_binary,banglasarc3_binary,42
5f3e3a9180cef321,1,1,-1.078125,1.4140625,0.07640768335044701,0.923592316649553,1.9020349700725094,dann_matched,banglasarc_binary+ben_sarc_binary,banglasarc3_binary,42
4962ffafd1494e25,1,0,3.125,-3.171875,0.9981613347123114,0.0018386652876885773,1.9020349700725094,dann_matched,banglasarc_binary+ben_sarc_binary,banglasarc3_binary,42
2f76c0643b8dc919,1,1,-0.76953125,1.1171875,0.13161904835577012,0.8683809516442299,1.9020349700725094,dann_matched,banglasarc_binary+ben_sarc_binary,banglasarc3_binary,42
984ddd9e97dcc313,0,0,1.46875,-1.53125,0.9525741268224334,0.04742587317756679,1.9020349700725094,dann_matched,banglasarc_binary+ben_sarc_binary,banglasarc3_binary,42
37b55e10fbcaaa62,0,1,-0.75390625,1.0703125,0.1389284260290056,0.8610715739709943,1.9020349700725094,dann_matched,banglasarc_binary+ben_sarc_binary,banglasarc3_binary,42
73d0ee7cb4b89e64,1,1,0.0390625,0.14355469,0.4739006961637378,0.5260993038362621,1.9020349700725094,dann_matched,banglasarc_binary+ben_sarc_binary,banglasarc3_binary,42
67351714d10f07bb,1,1,-0.59765625,0.87890625,0.1859471949014217,0.8140528050985784,1.9020349700725094,dann_matched,banglasarc_binary+ben_sarc_binary,banglasarc3_binary,42
a4ebfa262a40ce6d,1,1,-0.75,1.0625,0.14033624949008322,0.8596637505099167,1.9020349700725094,dann_matched,banglasarc_binary+ben_sarc_binary,banglasarc3_binary,42
711787e882523b00,0,0,0.84765625,-0.828125,0.8423450906059847,0.1576549093940152,1.9020349700725094,dann_matched,banglasarc_binary+ben_sarc_binary,banglasarc3_binary,42
46fef03e1665a7ca,0,0,1.578125,-1.4140625,0.9522199336364293,0.047780066363570746,1.9020349700725094,dann_matched,banglasarc_binary+ben_sarc_binary,banglasarc3_binary,42
a76dc1c36dd7c504,0,0,1.6328125,-1.5625,0.9606574967357419,0.03934250326425821,1.9020349700725094,dann_matched,banglasarc_binary+ben_sarc_binary,banglasarc3_binary,42
d7b2d256a4143a25,1,0,2.625,-2.6875,0.9950945942942779,0.004905405705722035,1.9020349700725094,dann_matched,banglasarc_binary+ben_sarc_binary,banglasarc3_binary,42
1b94ccf4d275d3d1,1,0,2.140625,-2.125,0.9861513897844354,0.013848610215564576,1.9020349700725094,dann_matched,banglasarc_binary+ben_sarc_binary,banglasarc3_binary,42
734ed3d8328829a9,1,1,-1.375,1.7890625,0.040540738463481864,0.9594592615365182,1.9020349700725094,dann_matched,banglasarc_binary+ben_sarc_binary,banglasarc3_binary,42
a6b2d326016440e6,1,1,-0.021240234,0.21875,0.44028875731897693,0.559711242681023,1.9020349700725094,dann_matched,banglasarc_binary+ben_sarc_binary,banglasarc3_binary,42
31b230e3a9af4fda,0,0,2.53125,-2.421875,0.992988204618503,0.007011795381497108,1.9020349700725094,dann_matched,banglasarc_binary+ben_sarc_binary,banglasarc3_binary,42
2220cd6a505565f7,0,0,0.875,-1.140625,0.8824278664544911,0.11757213354550883,1.9020349700725094,dann_matched,banglasarc_binary+ben_sarc_binary,banglasarc3_binary,42
ce2b334fad8c3a5d,0,0,1.53125,-1.484375,0.9532750413739076,0.04672495862609242,1.9020349700725094,dann_matched,banglasarc_binary+ben_sarc_binary,banglasarc3_binary,42
722c6881b0dee379,1,0,1.5859375,-1.6484375,0.9621075733703927,0.037892426629607394,1.9020349700725094,dann_matched,banglasarc_binary+ben_sarc_binary,banglasarc3_binary,42
f1e88058df9310e0,1,0,2.0625,-2.21875,0.9863631647185701,0.013636835281429876,1.9020349700725094,dann_matched,banglasarc_binary+ben_sarc_binary,banglasarc3_binary,42
e2b5924ce46e4127,1,0,0.55078125,-0.46289062,0.7337381259657038,0.2662618740342962,1.9020349700725094,dann_matched,banglasarc_binary+ben_sarc_binary,banglasarc3_binary,42
8aa47f0f19a6b655,0,0,3.015625,-2.953125,0.9974490875787134,0.002550912421286719,1.9020349700725094,dann_matched,banglasarc_binary+ben_sarc_binary,banglasarc3_binary,42
366e2c4f0de8d88d,0,1,-1.28125,1.6640625,0.0499585240665846,0.9500414759334155,1.9020349700725094,dann_matched,banglasarc_binary+ben_sarc_binary,banglasarc3_binary,42
49e7e0b2adafbcd1,0,0,2.484375,-2.53125,0.9934102283369194,0.006589771663080563,1.9020349700725094,dann_matched,banglasarc_binary+ben_sarc_binary,banglasarc3_binary,42
aae4075a20d3ba22,0,0,0.77734375,-0.7265625,0.8181563569443524,0.1818436430556475,1.9020349700725094,dann_matched,banglasarc_binary+ben_sarc_binary,banglasarc3_binary,42
f70f4b9f132b9352,0,0,0.3046875,-0.15039062,0.6118459231083436,0.38815407689165626,1.9020349700725094,dann_matched,banglasarc_binary+ben_sarc_binary,banglasarc3_binary,42
e868e8fa9c38e342,0,0,3.015625,-3.28125,0.9981613347123114,0.0018386652876885773,1.9020349700725094,dann_matched,banglasarc_binary+ben_sarc_binary,banglasarc3_binary,42
34f804166b33a246,1,1,0.052246094,0.17871094,0.46842585922440144,0.5315741407755985,1.9020349700725094,dann_matched,banglasarc_binary+ben_sarc_binary,banglasarc3_binary,42
186dcee2e7df2920,1,0,0.796875,-0.69140625,0.8158201574546557,0.1841798425453443,1.9020349700725094,dann_matched,banglasarc_binary+ben_sarc_binary,banglasarc3_binary,42
992528b2a23ee70a,0,0,1.2734375,-1.1640625,0.9196425311777929,0.08035746882220708,1.9020349700725094,dann_matched,banglasarc_binary+ben_sarc_binary,banglasarc3_binary,42
63b9ff3f715bfb2f,0,0,2.609375,-2.640625,0.9947798743064417,0.005220125693558397,1.9020349700725094,dann_matched,banglasarc_binary+ben_sarc_binary,banglasarc3_binary,42
52a86f6315459641,1,1,-0.59765625,0.8046875,0.19744445710480676,0.8025555428951934,1.9020349700725094,dann_matched,banglasarc_binary+ben_sarc_binary,banglasarc3_binary,42
875e2c2018999836,0,0,1.875,-1.9453125,0.9785492708245106,0.021450729175489416,1.9020349700725094,dann_matched,banglasarc_binary+ben_sarc_binary,banglasarc3_binary,42
b0853ab27aae530b,0,0,3.015625,-3.09375,0.9977829869770526,0.0022170130229473865,1.9020349700725094,dann_matched,banglasarc_binary+ben_sarc_binary,banglasarc3_binary,42
2360a4258810318d,0,1,0.08154297,0.10058594,0.49523940167479297,0.504760598325207,1.9020349700725094,dann_matched,banglasarc_binary+ben_sarc_binary,banglasarc3_binary,42
6691a7d1596c1c0e,0,0,3.328125,-3.359375,0.9987551566979116,0.0012448433020883743,1.9020349700725094,dann_matched,banglasarc_binary+ben_sarc_binary,banglasarc3_binary,42
c7c7d1e79083dbae,0,1,-0.46875,0.74609375,0.22884512750015074,0.7711548724998493,1.9020349700725094,dann_matched,banglasarc_binary+ben_sarc_binary,banglasarc3_binary,42
07edd2171dff4faa,1,1,-0.34375,0.49414062,0.3019792286491274,0.6980207713508726,1.9020349700725094,dann_matched,banglasarc_binary+ben_sarc_binary,banglasarc3_binary,42
2652e297e664589c,1,1,-0.6484375,0.98046875,0.16398024910404715,0.8360197508959527,1.9020349700725094,dann_matched,banglasarc_binary+ben_sarc_binary,banglasarc3_binary,42
ce6d32b468635b62,1,1,-0.87109375,1.1796875,0.1139734641137174,0.8860265358862826,1.9020349700725094,dann_matched,banglasarc_binary+ben_sarc_binary,banglasarc3_binary,42
112e0419a2dcbd6c,0,1,-0.76171875,1.0390625,0.14175599046041915,0.8582440095395809,1.9020349700725094,dann_matched,banglasarc_binary+ben_sarc_binary,banglasarc3_binary,42
175f493bd4aa3997,1,0,2.75,-2.890625,0.9964619139429115,0.0035380860570885376,1.9020349700725094,dann_matched,banglasarc_binary+ben_sarc_binary,banglasarc3_binary,42
15319cb8ed77aaa8,1,1,-0.68359375,1.0234375,0.15354917288301603,0.8464508271169839,1.9020349700725094,dann_matched,banglasarc_binary+ben_sarc_binary,banglasarc3_binary,42
