item_id,gold_label,pred_label,logit_0,logit_1,prob_0,prob_1,temperature,system,source,target,seed
75b57cb785399524,1,1,-0.040039062,0.33984375,0.4061551615768198,0.5938448384231803,0.8002438179317114,dann_matched,banglasarc_binary+ben_sarc_binary,banglasarc3_binary,7
ea89903ebde9ec48,0,0,1.8125,-1.703125,0.9711290930537122,0.028870906946287907,0.8002438179317114,dann_matched,banglasarc_binary+ben_sarc_binary,banglasarc3_binary,7
7985dbfde1b7e765,1,0,0.40625,-0.22167969,0.6520198770383038,0.34798012296169634,0.8002438179317114,dann_matched,banglasarc_binary+ben_sarc_binary,banglasarc3_binary,7
d0c67c93af7f80e7,0,0,0.9453125,-0.671875,0.8344068863691763,0.16559311363082369,0.8002438179317114,dann_matched,banglasarc_binary+ben_sarc_binary,banglasarc3_binary,7
050e2a5781c6d2a8,1,1,-0.890625,0.95703125,0.1361483150237161,0.863851684976284,0.8002438179317114,dann_matched,banglasarc_binary+ben_sarc_binary,banglasarc3_binary,7
510f4f1ce14fbaae,1,0,0.359375,-0.18554688,0.6329566266709183,0.36704337332908166,0.8002438179317114,dann_matched,banglasarc_binary+ben_sarc_binary,banglasarc3_binary,7
1e477c743f0a9075,0,0,0.92578125,-0.69140625,0.8344068863691763,0.16559311363082369,0.8002438179317114,dann_matched,banglasarc_binary+ben_sarc_binary,banglasarc3_binary,7
8bc8673823772559,1,0,0.20800781,0.00793457,0.5498521259015292,0.45014787409847073,0.8002438179317114,dann_matched,banglasarc_binary+ben_sarc_binary,banglasarc3_binary,7
bd8f33b2d8745739,1,1,-0.58203125,0.6953125,0.21800271531236584,0.7819972846876342,0.8002438179317114,dann_matched,banglasarc_binary+ben_sarc_binary,banglasarc3_binary,7
f38f331e6bcc6f51,0,0,1.8359375,-2.078125,0.9804313244446876,0.01956867555531235,0.8002438179317114,dann_matched,banglasarc_binary+ben_sarc_binary,banglasarc3_binary,7
711571c05022201a,1,1,-1.03125,1.0859375,0.10743747660842011,0.8925625233915799,0.8002438179317114,dann_matched,banglasarc_binary+ben_sarc_binary,banglasarc3_binary,7
e16f46a1ebdb3d2c,1,1,-0.25,0.47851562,0.3255205477769307,0.6744794522230694,0.8002438179317114,dann_matched,banglasarc_binary+ben_sarc_binary,banglasarc3_binary,7
96f8f1c864b37ed7,0,1,-0.03955078,0.3359375,0.407215527988482,0.592784472011518,0.8002438179317114,dann_matched,banglasarc_binary+ben_sarc_binary,banglasarc3_binary,7
f479880c55bd2491,0,1,0.029541016,0.23632812,0.44848665508667934,0.5515133449133207,0.8002438179317114,dann_matched,banglasarc_binary+ben_sarc_binary,banglasarc3_binary,7
65fbbf2f8d05469a,1,0,0.6484375,-0.55859375,0.769773241471674,0.23022675852832591,0.8002438179317114,dann_matched,banglasarc_binary+ben_sarc_binary,banglasarc3_binary,7
8c201fa1f055e850,1,0,1.15625,-1.0703125,0.9026096017480523,0.09739039825194779,0.8002438179317114,dann_matched,banglasarc_binary+ben_sarc_binary,banglasarc3_binary,7
eb85c00573b45dd3,1,0,0.421875,-0.083984375,0.6238353148247107,0.37616468517528934,0.8002438179317114,dann_matched,banglasarc_binary+ben_sarc_binary,banglasarc3_binary,7
db73ddb0d256ba8f,1,0,0.54296875,-0.22167969,0.6823621079946426,0.3176378920053574,0.8002438179317114,dann_matched,banglasarc_binary+ben_sarc_binary,banglasarc3_binary,7
108f2ff9574fa860,1,1,0.046875,0.12109375,0.481453825066335,0.5185461749336651,0.8002438179317114,dann_matched,banglasarc_binary+ben_sarc_binary,banglasarc3_binary,7
651cfe2be094f7d4,0,0,0.9375,-0.6484375,0.8300437698548124,0.16995623014518763,0.8002438179317114,dann_matched,banglasarc_binary+ben_sarc_binary,banglasarc3_binary,7
701194ab8ff79d41,1,1,-0.765625,0.875,0.16238003666671086,0.8376199633332891,0.8002438179317114,dann_matched,banglasarc_binary+ben_sarc_binary,banglasarc3_binary,7
7d54a3089303d820,1,1,-0.81640625,0.8671875,0.156620183363451,0.843379816636549,0.8002438179317114,dann_matched,banglasarc_binary+ben_sarc_binary,banglasarc3_binary,7
07a4bfe2a5a2e5ca,1,0,0.18847656,0.09082031,0.5243946784322399,0.4756053215677601,0.8002438179317114,dann_matched,banglasarc_binary+ben_sarc_binary,banglasarc3_binary,7
8e8d800bdbdaaff7,0,0,0.71484375,-0.4609375,0.7641884136055329,0.2358115863944671,0.8002438179317114,dann_matched,banglasarc_binary+ben_sarc_binary,banglasarc3_binary,7
ce91a1211be5691e,0,1,0.028808594,0.26367188,0.44155259993516843,0.5584474000648315,0.8002438179317114,dann_matched,banglasarc_binary+ben_sarc_binary,banglasarc3_binary,7
b67fe2f1724da4fc,0,0,0.18066406,0.044433594,0.5340050425503021,0.4659949574496979,0.8002438179317114,dann_matched,banglasarc_binary+ben_sarc_binary,banglasarc3_binary,7
c82b33bcfb8e93ad,1,1,-0.91796875,0.984375,0.12984343802049797,0.870156561979502,0.8002438179317114,dann_matched,banglasarc_binary+ben_sarc_binary,banglasarc3_binary,7
94ad7e948eed42c2,1,1,-0.359375,0.58203125,0.28061637417656055,0.7193836258234395,0.8002438179317114,dann_matched,banglasarc_binary+ben_sarc_binary,banglasarc3_binary,7
7065829cdc40567b,1,1,-0.65625,0.81640625,0.18653921274423352,0.8134607872557665,0.8002438179317114,dann_matched,banglasarc_binary+ben_sarc_binary,banglasarc3_binary,7
80cf082fa6d9ed32,0,0,0.40625,-0.13378906,0.6318215046223804,0.3681784953776196,0.8002438179317114,dann_matched,banglasarc_binary+ben_sarc_binary,banglasarc3_binary,7
082cc009d05d3e6a,0,0,0.78515625,-0.67578125,0.811676021090197,0.1883239789098031,0.8002438179317114,dann_matched,banglasarc_binary+ben_sarc_binary,banglasarc3_binary,7
91675e6a7e696d31,1,1,-1.0,1.078125,0.11124120650754304,0.888758793492457,0.8002438179317114,dann_matched,banglasarc_binary+ben_sarc_binary,banglasarc3_binary,7
0f26e9a22c5ac1d7,0,1,-0.4453125,0.625,0.2553436598562066,0.7446563401437933,0.8002438179317114,dann_matched,banglasarc_binary+ben_sarc_binary,banglasarc3_binary,7
9a4c63e1a0b50046,0,0,0.921875,-0.6953125,0.8344068863691763,0.16559311363082369,0.8002438179317114,dann_matched,banglasarc_binary+ben_sarc_binary,banglasarc3_binary,7
dd8a11641c9c1035,1,0,0.46484375,-0.30664062,0.6838419063501675,0.31615809364983244,0.8002438179317114,dann_matched,banglasarc_binary+ben_sarc_binary,banglasarc3_binary,7
947e78373e8ee90d,1,1,-0.41015625,0.48046875,0.29098086621490676,0.7090191337850932,0.8002438179317114,dann_matched,banglasarc_binary+ben_sarc_binary,banglasarc3_binary,7
a93bffde267df6fb,0,1,-0.1015625,0.25,0.41300357025368334,0.5869964297463166,0.8002438179317114,dann_matched,banglasarc_binary+ben_sarc_binary,banglasarc3_binary,7
2b6006a4aa890634,0,1,-0.34765625,0.59375,0.28061637417656055,0.7193836258234395,0.8002438179317114,dann_matched,banglasarc_binary+ben_sarc_binary,banglasarc3_binary,7
08c0f13f45787db9,0,0,0.83984375,-0.6640625,0.8181563569443524,0.1818436430556475,0.8002438179317114,dann_matched,banglasarc_binary+ben_sarc_binary,banglasarc3_binary,7
ec266bb4c5478b18,1,1,-0.66015625,0.8203125,0.18535662781502407,0.8146433721849758,0.8002438179317114,dann_matched,banglasarc_binary+ben_sarc_binary,banglasarc3_binary,7
073d86cef983e918,1,0,0.79296875,-0.5,0.7846492570213327,0.2153507429786673,0.8002438179317114,dann_matched,banglasarc_binary+ben_sarc_binary,banglasarc3_binary,7
67edcfa910eb831c,1,1,0.072753906,0.25,0.4558041214886501,0.54419587851135,0.8002438179317114,dann_matched,banglasarc_binary+ben_sarc_binary,banglasarc3_binary,7
04d2c1127101c192,1,0,0.33984375,-0.115234375,0.6118459231083436,0.38815407689165626,0.8002438179317114,dann_matched,banglasarc_binary+ben_sarc_binary,banglasarc3_binary,7
876b4804c6fc5b43,1,1,-0.734375,0.78515625,0.17953055559881986,0.8204694444011801,0.8002438179317114,dann_matched,banglasarc_binary+ben_sarc_binary,banglasarc3_binary,7
34dbd0864564cfc0,0,0,0.25390625,-0.07910156,0.5824910434755434,0.4175089565244567,0.8002438179317114,dann_matched,banglasarc_binary+ben_sarc_binary,banglasarc3_binary,7
63a49fd32ab811fd,0,1,-0.390625,0.62890625,0.2651187174073387,0.7348812825926613,0.8002438179317114,dann_matched,banglasarc_binary+ben_sarc_binary,banglasarc3_binary,7
265176b36196d1b2,0,0,0.16113281,0.0056152344,0.538801223085939,0.46119877691406097,0.8002438179317114,dann_matched,banglasarc_binary+ben_sarc_binary,banglasarc3_binary,7
96de00b59977a347,1,0,0.1328125,0.04345703,0.5223240155083446,0.47767598449165527,0.8002438179317114,dann_matched,banglasarc_binary+ben_sarc_binary,banglasarc3_binary,7
4a51117b4af25a2c,1,1,-0.83984375,0.953125,0.1427091316026025,0.8572908683973974,0.8002438179317114,dann_matched,banglasarc_binary+ben_sarc_binary,banglasarc3_binary,7
aaa1c8bb9251740a,1,0,0.49609375,-0.31835938,0.693057625573213,0.306942374426787,0.8002438179317114,dann_matched,banglasarc_binary+ben_sarc_binary,banglasarc3_binary,7
b956c99bea48b45e,0,0,0.78515625,-0.66796875,0.8104789086703224,0.18952109132967757,0.8002438179317114,dann_matched,banglasarc_binary+ben_sarc_binary,banglasarc3_binary,7
a7f029b1664720b2,0,0,1.140625,-0.90234375,0.8852352197343663,0.1147647802656337,0.8002438179317114,dann_matched,banglasarc_binary+ben_sarc_binary,banglasarc3_binary,7
1f65da3aad7897f2,0,0,1.890625,-2.09375,0.9817357216481429,0.01826427835185701,0.8002438179317114,dann_matched,banglasarc_binary+ben_sarc_binary,banglasarc3_binary,7
e299df642da32c11,1,1,-0.20800781,0.43945312,0.34356193714317157,0.6564380628568284,0.8002438179317114,dann_matched,banglasarc_binary+ben_sarc_binary,banglasarc3_binary,7
281dcf0e5128a950,1,1,-0.73046875,0.9140625,0.16184943726558834,0.8381505627344117,0.8002438179317114,dann_matched,banglasarc_binary+ben_sarc_binary,banglasarc3_binary,7
4d19d4857cf11f76,1,0,1.1796875,-1.03125,0.9012274112476257,0.09877258875237437,0.8002438179317114,dann_matched,banglasarc_binary+ben_sarc_binary,banglasarc3_binary,7
0a1efda3664119ed,0,1,0.059570312,0.17382812,0.47146658174222256,0.5285334182577774,0.8002438179317114,dann_matched,banglasarc_binary+ben_sarc_binary,banglasarc3_binary,7
222513aed35eef7e,0,1,-0.28125,0.421875,0.3311197396289915,0.6688802603710086,0.8002438179317114,dann_matched,banglasarc_binary+ben_sarc_binary,banglasarc3_binary,7
39fe6dafd7939acc,0,0,1.3125,-1.0390625,0.9130583432721083,0.08694165672789168,0.8002438179317114,dann_matched,banglasarc_binary+ben_sarc_binary,banglasarc3_binary,7
a27193d4c497eccb,0,0,0.8359375,-0.4921875,0.7905303186696747,0.20946968133032526,0.8002438179317114,dann_matched,banglasarc_binary+ben_sarc_binary,banglasarc3_binary,7
a6de149712c45c7c,1,1,-0.421875,0.51953125,0.28061637417656055,0.7193836258234395,0.8002438179317114,dann_matched,banglasarc_binary+ben_sarc_binary,banglasarc3_binary,7
73ec3e5aee767003,0,0,0.6171875,-0.24316406,0.7027341005928283,0.29726589940717174,0.8002438179317114,dann_matched,banglasarc_binary+ben_sarc_binary,banglasarc3_binary,7
7be88e4c070ecb7c,0,0,1.109375,-0.87890625,0.8795611834053839,0.12043881659461604,0.8002438179317114,dann_matched,banglasarc_binary+ben_sarc_binary,banglasarc3_binary,7
e1692847746aaeb7,0,1,-0.17089844,0.41210938,0.3582407901052149,0.6417592098947851,0.8002438179317114,dann_matched,banglasarc_binary+ben_sarc_binary,banglasarc3_binary,7
affe88ed42c09f2b,0,0,0.1875,0.014587402,0.5431207647742601,0.45687923522574003,0.8002438179317114,dann_matched,banglasarc_binary+ben_sarc_binary,banglasarc3_binary,7
c26d77ece62c8a34,0,1,-0.020019531,0.25195312,0.4324228750452383,0.5675771249547618,0.8002438179317114,dann_matched,banglasarc_binary+ben_sarc_binary,banglasarc3_binary,7
4562504c76eb98bd,1,0,0.67578125,-0.34179688,0.7345005791918268,0.26549942080817324,0.8002438179317114,dann_matched,banglasarc_binary+ben_sarc_binary,banglasarc3_binary,7
c31bf7af3cca52d5,0,0,1.375,-1.3125,0.9362850057480346,0.06371499425196533,0.8002438179317114,dann_matched,banglasarc_binary+ben_sarc_binary,banglasarc3_binary,7
d60439bc7741539c,1,0,0.6015625,-0.29882812,0.7110297695673703,0.2889702304326297,0.8002438179317114,dann_matched,banglasarc_binary+ben_sarc_binary,banglasarc3_binary,7
e0c3a628a2e7801f,1,1,-0.1484375,0.29296875,0.3914059390883863,0.6085940609116138,0.8002438179317114,dann_matched,banglasarc_binary+ben_sarc_binary,banglasarc3_binary,7
0cd82b6dca6fe2e1,1,0,0.18847656,0.045410156,0.5357057202813268,0.46429427971867326,0.8002438179317114,dann_matched,banglasarc_binary+ben_sarc_binary,banglasarc3_binary,7
1d09754dbb62cc6b,1,0,0.47265625,-0.38867188,0.7029380630124772,0.2970619369875227,0.8002438179317114,dann_matched,banglasarc_binary+ben_sarc_binary,banglasarc3_binary,7
c311ed8c137856aa,1,0,0.83203125,-0.640625,0.8134607872557665,0.18653921274423352,0.8002438179317114,dann_matched,banglasarc_binary+ben_sarc_binary,banglasarc3_binary,7
7071237a4ec6c93c,1,1,-0.037597656,0.20898438,0.43866495572223285,0.5613350442777671,0.8002438179317114,dann_matched,banglasarc_binary+ben_sarc_binary,banglasarc3_binary,7
406cc3cc6af1c396,0,1,-0.875,0.96875,0.13660839002621938,0.8633916099737806,0.8002438179317114,dann_matched,banglasarc_binary+ben_sarc_binary,banglasarc3_binary,7
5017f4130c84f906,1,0,0.21289062,0.09765625,0.5287767570087083,0.4712232429912917,0.8002438179317114,dann_matched,banglasarc_binary+ben_sarc_binary,banglasarc3_binary,7
dda9d98881ec3a10,0,0,0.8515625,-0.5234375,0.7981867777396212,0.20181322226037882,0.8002438179317114,dann_matched,banglasarc_binary+ben_sarc_binary,banglasarc3_binary,7
44526b65a93bf812,0,0,1.078125,-0.84765625,0.8727817323315137,0.12721826766848623,0.8002438179317114,dann_matched,banglasarc_binary+ben_sarc_binary,banglasarc3_binary,7
045171b67bd95561,0,0,1.0703125,-0.9296875,0.8807970779778823,0.11920292202211755,0.8002438179317114,dann_matched,banglasarc_binary+ben_sarc_binary,banglasarc3_binary,7
008c34b815bb55fd,0,1,-0.02734375,0.37304688,0.401218491652773,0.598781508347227,0.8002438179317114,dann_matched,banglasarc_binary+ben_sarc_binary,banglasarc3_binary,7
aca0a6cea18374f2,0,0,0.37109375,-0.27148438,0.6553360165381895,0.3446639834618105,0.8002438179317114,dann_matched,banglasarc_binary+ben_sarc_binary,banglasarc3_binary,7
51e0fcfbe89577bb,1,1,-0.38671875,0.49023438,0.2938095639024741,0.706190436097526,0.8002438179317114,dann_matched,banglasarc_binary+ben_sarc_binary,banglasarc3_binary,7
0cd747c951646fc6,1,0,0.44921875,-0.20898438,0.6588566299723456,0.34114337002765444,0.8002438179317114,dann_matched,banglasarc_binary+ben_sarc_binary,banglasarc3_binary,7
2a8dc43b96afa2e7,1,1,-0.140625,0.24707031,0.4042722301936606,0.5957277698063393,0.8002438179317114,dann_matched,banglasarc_binary+ben_sarc_binary,banglasarc3_binary,7
4dacd616983d14ed,1,0,1.1171875,-0.90234375,0.8828325306746402,0.11716746932535992,0.8002438179317114,dann_matched,banglasarc_binary+ben_sarc_binary,banglasarc3_binary,7
8e45e4191312d057,0,0,1.046875,-0.80859375,0.8647679192064821,0.13523208079351787,0.8002438179317114,dann_matched,banglasarc_binary+ben_sarc_binary,banglasarc3_binary,7
a30ac9245fef57e8,0,1,-0.19433594,0.37304688,0.3618409462617462,0.6381590537382538,0.8002438179317114,dann_matched,banglasarc_binary+ben_sarc_binary,banglasarc3_binary,7
1ba578744dcf18f2,0,1,0.103515625,0.19433594,0.47731051559275106,0.5226894844072489,0.8002438179317114,dann_matched,banglasarc_binary+ben_sarc_binary,banglasarc3_binary,7
a61d6c2433486af9,0,0,0.64453125,-0.3203125,0.7240905557040317,0.27590944429596825,0.8002438179317114,dann_matched,banglasarc_binary+ben_sarc_binary,banglasarc3_binary,7
8cb4b0e68d2b2280,0,0,0.4140625,-0.13867188,0.6347697539187426,0.36523024608125737,0.8002438179317114,dann_matched,banglasarc_binary+ben_sarc_binary,banglasarc3_binary,7
5862ad605fad8a15,1,1,-0.3984375,0.56640625,0.27590944429596825,0.7240905557040317,0.8002438179317114,dann_matched,banglasarc_binary+ben_sarc_binary,banglasarc3_binary,7
cdf0634800d69305,1,0,0.26953125,-0.23730469,0.6240644519544826,0.37593554804551743,0.8002438179317114,dann_matched,banglasarc_binary+ben_sarc_binary,banglasarc3_binary,7
778c43b485a168af,1,0,1.5859375,-1.625,0.9612438064128053,0.03875619358719477,0.8002438179317114,dann_matched,banglasarc_binary+ben_sarc_binary,banglasarc3_binary,7
1df9d37a3cec5465,0,0,0.8828125,-0.6171875,0.8175744761936437,0.18242552380635632,0.8002438179317114,dann_matched,banglasarc_binary+ben_sarc_binary,banglasarc3_binary,7
47b74426cb84e137,1,0,0.47265625,-0.24121094,0.6712551030903045,0.3287448969096955,0.8002438179317114,dann_matched,banglasarc_binary+ben_sarc_binary,banglasarc3_binary,7
3f468b17c098db0b,0,1,0.125,0.13964844,0.49633795610721343,0.5036620438927866,0.8002438179317114,dann_matched,banglasarc_binary+ben_sarc_binary,banglasarc3_binary,7
e8eed6879adc1fb9,1,1,-0.3203125,0.43945312,0.31869715372290114,0.6813028462770989,0.8002438179317114,dann_matched,banglasarc_binary+ben_sarc_binary,banglasarc3_binary,7
59adf653819d9fe1,0,0,0.53125,-0.36328125,0.7098243776453041,0.29017562235469585,0.8002438179317114,dann_matched,banglasarc_binary+ben_sarc_binary,banglasarc3_binary,7
ab24e7278a3aa349,1,1,-0.14257812,0.33203125,0.38352584821784214,0.6164741517821578,0.8002438179317114,dann_matched,banglasarc_binary+ben_sarc_binary,banglasarc3_binary,7
e3d3248598f096fa,1,1,-0.26171875,0.54296875,0.3090237111195067,0.6909762888804932,0.8002438179317114,dann_matched,banglasarc_binary+ben_sarc_binary,banglasarc3_binary,7
cc1dab7c4d3e2fa9,1,1,-0.4296875,0.625,0.2583259885691872,0.7416740114308128,0.8002438179317114,dann_matched,banglasarc_binary+ben_sarc_binary,banglasarc3_binary,7
f7a48562ed437eea,0,0,1.28125,-1.1640625,0.9202179865359069,0.079782013464093,0.8002438179317114,dann_matched,banglasarc_binary+ben_sarc_binary,banglasarc3_binary,7
b2ae48f6c244c3b3,1,0,0.46484375,-0.3515625,0.6934729546809425,0.3065270453190574,0.8002438179317114,dann_matched,banglasarc_binary+ben_sarc_binary,banglasarc3_binary,7
6d69a5e5443ef4a0,0,1,-0.7265625,0.87109375,0.16830944120734956,0.8316905587926504,0.8002438179317114,dann_matched,banglasarc_binary+ben_sarc_binary,banglasarc3_binary,7
17e9568c1bec66f3,1,0,1.6015625,-1.515625,0.9575961713681533,0.04240382863184672,0.8002438179317114,dann_matched,banglasarc_binary+ben_sarc_binary,banglasarc3_binary,7
432511856befb10b,0,0,1.4765625,-1.359375,0.944587205618231,0.05541279438176918,0.8002438179317114,dann_matched,banglasarc_binary+ben_sarc_binary,banglasarc3_binary,7
b7be99240747d7b9,0,1,0.22558594,0.265625,0.489991571404057,0.510008428595943,0.8002438179317114,dann_matched,banglasarc_binary+ben_sarc_binary,banglasarc3_binary,7
88421f62e8ff3b41,1,0,1.1796875,-1.046875,0.9026096017480523,0.09739039825194779,0.8002438179317114,dann_matched,banglasarc_binary+ben_sarc_binary,banglasarc3_binary,7
3e2207ffcf3ee105,0,1,-0.2578125,0.5703125,0.30404167496654744,0.6959583250334526,0.8002438179317114,dann_matched,banglasarc_binary+ben_sarc_binary,banglasarc3_binary,7
f95cec4307ef3024,0,0,0.3671875,-0.06542969,0.6064984551609598,0.39350154483904015,0.8002438179317114,dann_matched,banglasarc_binary+ben_sarc_binary,banglasarc3_binary,7
26b12ba4953ff47f,1,1,-0.6171875,0.6796875,0.2146914191122419,0.785308580887758,0.8002438179317114,dann_matched,banglasarc_binary+ben_sarc_binary,banglasarc3_binary,7
9e6fb96648d97dc0,0,1,-0.19921875,0.41796875,0.3504213805831077,0.6495786194168923,0.8002438179317114,dann_matched,banglasarc_binary+ben_sarc_binary,banglasarc3_binary,7
a4b8f5a2bfe6f63a,1,1,-0.24414062,0.44335938,0.33458944125318596,0.665410558746814,0.8002438179317114,dann_matched,banglasarc_binary+ben_sarc_binary,banglasarc3_binary,7
c7e2731135ca9edc,1,0,0.24511719,-0.0013427734,0.5613049857016341,0.4386950142983659,0.8002438179317114,dann_matched,banglasarc_binary+ben_sarc_binary,banglasarc3_binary,7
a5f5e1447f81c7c1,0,0,1.3515625,-1.3984375,0.9399133498259924,0.06008665017400762,0.8002438179317114,dann_matched,banglasarc_binary+ben_sarc_binary,banglasarc3_binary,7
c2122763b56ffbf5,1,0,1.1484375,-1.1171875,0.9059898203834277,0.09401017961657226,0.8002438179317114,dann_matched,banglasarc_binary+ben_sarc_binary,banglasarc3_binary,7
d89f0be1f7612e43,1,1,-0.96484375,0.9296875,0.13072868194347032,0.8692713180565296,0.8002438179317114,dann_matched,banglasarc_binary+ben_sarc_binary,banglasarc3_binary,7
83ff80d11d2cfe42,0,1,-0.46875,0.5703125,0.26133092567451033,0.7386690743254897,0.8002438179317114,dann_matched,banglasarc_binary+ben_sarc_binary,banglasarc3_binary,7
ff19766f243a9d57,1,1,-0.953125,1.015625,0.12252321251815919,0.8774767874818407,0.8002438179317114,dann_matched,banglasarc_binary+ben_sarc_binary,banglasarc3_binary,7
e8bd3886d550c247,1,0,0.27734375,-0.13378906,0.6013594749046671,0.39864052509533293,0.8002438179317114,dann_matched,banglasarc_binary+ben_sarc_binary,banglasarc3_binary,7
0cb293f08063597d,1,0,1.2890625,-1.0234375,0.9099070060380482,0.09009299396195182,0.8002438179317114,dann_matched,banglasarc_binary+ben_sarc_binary,banglasarc3_binary,7
bd4e9e3bdd01a022,1,0,0.5390625,-0.50390625,0.7394224220868858,0.2605775779131141,0.8002438179317114,dann_matched,banglasarc_binary+ben_sarc_binary,banglasarc3_binary,7
5b22a3f51d681541,0,0,1.8046875,-1.734375,0.9717790128704671,0.02822098712953305,0.8002438179317114,dann_matched,banglasarc_binary+ben_sarc_binary,banglasarc3_binary,7
5e682d52ed383d6b,0,1,0.06738281,0.19921875,0.4670886703572909,0.5329113296427092,0.8002438179317114,dann_matched,banglasarc_binary+ben_sarc_binary,banglasarc3_binary,7
baad976c4d644487,0,0,0.99609375,-0.75390625,0.8519528019683106,0.1480471980316895,0.8002438179317114,dann_matched,banglasarc_binary+ben_sarc_binary,banglasarc3_binary,7
dd9bd6b2bf6b34e5,1,1,-0.19824219,0.3359375,0.3695425709989149,0.630457429001085,0.8002438179317114,dann_matched,banglasarc_binary+ben_sarc_binary,banglasarc3_binary,7
cdbf9e38b718e84c,0,1,-0.20996094,0.33984375,0.36590972416905576,0.6340902758309441,0.8002438179317114,dann_matched,banglasarc_binary+ben_sarc_binary,banglasarc3_binary,7
4d0a57f210a73977,1,0,0.35546875,-0.055419922,0.6013009465384413,0.3986990534615587,0.8002438179317114,dann_matched,banglasarc_binary+ben_sarc_binary,banglasarc3_binary,7
ab338dede5081252,0,1,0.046875,0.16699219,0.4700067566791057,0.5299932433208944,0.8002438179317114,dann_matched,banglasarc_binary+ben_sarc_binary,banglasarc3_binary,7
e36d944d14221a6c,0,0,0.91015625,-0.7265625,0.8370879625470882,0.16291203745291188,0.8002438179317114,dann_matched,banglasarc_binary+ben_sarc_binary,banglasarc3_binary,7
63ea034834c6a12c,0,0,0.61328125,-0.17773438,0.6880493633525566,0.3119506366474433,0.8002438179317114,dann_matched,banglasarc_binary+ben_sarc_binary,banglasarc3_binary,7
1ead6e0bfd452d2b,1,1,-0.80078125,0.8359375,0.16291203745291188,0.8370879625470882,0.8002438179317114,dann_matched,banglasarc_binary+ben_sarc_binary,banglasarc3_binary,7
9fb91b24bd470ab7,0,1,-0.10644531,0.41992188,0.37136458168520015,0.6286354183147999,0.8002438179317114,dann_matched,banglasarc_binary+ben_sarc_binary,banglasarc3_binary,7
7adb5d686301eb8f,1,1,0.13867188,0.203125,0.48389229459025357,0.5161077054097464,0.8002438179317114,dann_matched,banglasarc_binary+ben_sarc_binary,banglasarc3_binary,7
30a467ac9c6d2435,1,1,-0.46484375,0.6015625,0.2560871165930079,0.743912883406992,0.8002438179317114,dann_matched,banglasarc_binary+ben_sarc_binary,banglasarc3_binary,7
4e5a50b99551fa9f,0,0,0.6796875,-0.484375,0.7620701083888303,0.23792989161116973,0.8002438179317114,dann_matched,banglasarc_binary+ben_sarc_binary,banglasarc3_binary,7
2cc5b657e99479ab,1,0,0.55859375,-0.41210938,0.725259623330965,0.27474037666903506,0.8002438179317114,dann_matched,banglasarc_binary+ben_sarc_binary,banglasarc3_binary,7
60a819c9455826f5,0,0,0.6953125,-0.39453125,0.7483522975713798,0.25164770242862033,0.8002438179317114,dann_matched,banglasarc_binary+ben_sarc_binary,banglasarc3_binary,7
f387e0db7e685a99,0,0,0.71484375,-0.54296875,0.7786493120021721,0.22135068799782798,0.8002438179317114,dann_matched,banglasarc_binary+ben_sarc_binary,banglasarc3_binary,7
0ccfba3f9e960460,1,0,0.53125,-0.23535156,0.6827852853797427,0.31721471462025735,0.8002438179317114,dann_matched,banglasarc_binary+ben_sarc_binary,banglasarc3_binary,7
ddc2982c4d5b19bb,0,0,0.45703125,-0.16601562,0.6509111951655322,0.34908880483446786,0.8002438179317114,dann_matched,banglasarc_binary+ben_sarc_binary,banglasarc3_binary,7
c9700acd4f20666a,1,0,0.13769531,0.030273438,0.5268296737167726,0.47317032628322736,0.8002438179317114,dann_matched,banglasarc_binary+ben_sarc_binary,banglasarc3_binary,7
d4943eed81c34c48,1,0,0.98828125,-0.94140625,0.8732148268211409,0.126785173178859,0.8002438179317114,dann_matched,banglasarc_binary+ben_sarc_binary,banglasarc3_binary,7
2e2e4b889c9df812,1,1,-0.4609375,0.62890625,0.25164770242862033,0.7483522975713798,0.8002438179317114,dann_matched,banglasarc_binary+ben_sarc_binary,banglasarc3_binary,7
5ddbd9cf7f8b9e4e,1,0,1.28125,-1.296875,0.9294404038127071,0.07055959618729296,0.8002438179317114,dann_matched,banglasarc_binary+ben_sarc_binary,banglasarc3_binary,7
0346c19c3d6e1abf,0,0,1.0703125,-0.75390625,0.8610715739709943,0.1389284260290056,0.8002438179317114,dann_matched,banglasarc_binary+ben_sarc_binary,banglasarc3_binary,7
c5d392cb407885e6,0,0,0.47265625,-0.18066406,0.657758296956317,0.34224170304368307,0.8002438179317114,dann_matched,banglasarc_binary+ben_sarc_binary,banglasarc3_binary,7
f4997612d5ea678a,0,1,-0.72265625,0.8671875,0.16940588134972326,0.8305941186502768,0.8002438179317114,dann_matched,banglasarc_binary+ben_sarc_binary,banglasarc3_binary,7
5fb61d0d9878c215,0,1,-0.047851562,0.1328125,0.45495643441335604,0.545043565586644,0.8002438179317114,dann_matched,banglasarc_binary+ben_sarc_binary,banglasarc3_binary,7
a3b2337ee913ed3c,1,0,0.123046875,-0.0234375,0.536555750339639,0.463444249660361,0.8002438179317114,dann_matched,banglasarc_binary+ben_sarc_binary,banglasarc3_binary,7
218ac0a1387a629e,0,0,0.88671875,-0.87109375,0.8529354795409523,0.14706452045904778,0.8002438179317114,dann_matched,banglasarc_binary+ben_sarc_binary,banglasarc3_binary,7
18e844b31049008b,0,0,0.32421875,0.017211914,0.5761544961114635,0.4238455038885365,0.8002438179317114,dann_matched,banglasarc_binary+ben_sarc_binary,banglasarc3_binary,7
cbed70c13bc0c9f0,1,1,-0.56640625,0.6875,0.2220246807679208,0.7779753192320792,0.8002438179317114,dann_matched,banglasarc_binary+ben_sarc_binary,banglasarc3_binary,7
2ab1740ebfbd3e05,1,0,0.95703125,-0.77734375,0.849971175657575,0.1500288243424251,0.8002438179317114,dann_matched,banglasarc_binary+ben_sarc_binary,banglasarc3_binary,7
0ac6a6a9e59b6038,1,0,0.37109375,-0.16503906,0.6309123536824726,0.3690876463175275,0.8002438179317114,dann_matched,banglasarc_binary+ben_sarc_binary,banglasarc3_binary,7
08f7a8e225bd8151,1,0,0.18554688,-0.099609375,0.5708098913740778,0.42919010862592216,0.8002438179317114,dann_matched,banglasarc_binary+ben_sarc_binary,banglasarc3_binary,7
b09ce16653e41187,1,0,0.4375,-0.12890625,0.6379335232532979,0.36206647674670206,0.8002438179317114,dann_matched,banglasarc_binary+ben_sarc_binary,banglasarc3_binary,7
d8186fbe40131e81,1,1,0.09472656,0.15722656,0.48438008427698437,0.5156199157230156,0.8002438179317114,dann_matched,banglasarc_binary+ben_sarc_binary,banglasarc3_binary,7
c89eaa10622b37e2,1,0,0.5546875,-0.27148438,0.6955448850245266,0.30445511497547334,0.8002438179317114,dann_matched,banglasarc_binary+ben_sarc_binary,banglasarc3_binary,7
0ef139aef5b0b651,1,1,-0.83203125,0.9375,0.14560063226034367,0.8543993677396563,0.8002438179317114,dann_matched,banglasarc_binary+ben_sarc_binary,banglasarc3_binary,7
2f577efec6c86515,1,1,-0.6640625,0.8125,0.1859471949014217,0.8140528050985784,0.8002438179317114,dann_matched,banglasarc_binary+ben_sarc_binary,banglasarc3_binary,7
843e76141f5386ea,1,1,-0.71875,0.859375,0.17106119167858438,0.8289388083214156,0.8002438179317114,dann_matched,banglasarc_binary+ben_sarc_binary,banglasarc3_binary,7
a6b139ef0507918c,0,0,0.17480469,0.05444336,0.5300540584039208,0.4699459415960793,0.8002438179317114,dann_matched,banglasarc_binary+ben_sarc_binary,banglasarc3_binary,7
364f64d22ee2ac7a,0,0,0.59375,-0.375,0.7248702761768248,0.2751297238231752,0.8002438179317114,dann_matched,banglasarc_binary+ben_sarc_binary,banglasarc3_binary,7
2ac3b1eefc9be85e,1,0,0.20996094,-0.09472656,0.575588013330038,0.4244119866699621,0.8002438179317114,dann_matched,banglasarc_binary+ben_sarc_binary,banglasarc3_binary,7
adf94921ccf02eaa,1,1,-0.81640625,0.921875,0.1495313793312345,0.8504686206687655,0.8002438179317114,dann_matched,banglasarc_binary+ben_sarc_binary,banglasarc3_binary,7
a4d173afcf1ce29e,0,0,0.609375,-0.30664062,0.7142295667160549,0.2857704332839452,0.8002438179317114,dann_matched,banglasarc_binary+ben_sarc_binary,banglasarc3_binary,7
503091a9ce967b64,1,1,-0.45703125,0.52734375,0.2720245510940225,0.7279754489059775,0.8002438179317114,dann_matched,banglasarc_binary+ben_sarc_binary,banglasarc3_binary,7
4d1624fcf2e4e7d6,1,1,-0.296875,0.49023438,0.31278967940241514,0.6872103205975849,0.8002438179317114,dann_matched,banglasarc_binary+ben_sarc_binary,banglasarc3_binary,7
7bb7f9b1cb68aac0,0,0,1.609375,-1.625,0.9621075733703927,0.037892426629607394,0.8002438179317114,dann_matched,banglasarc_binary+ben_sarc_binary,banglasarc3_binary,7
9b912e15d3d8493f,0,1,-0.88671875,0.953125,0.137069773035303,0.862930226964697,0.8002438179317114,dann_matched,banglasarc_binary+ben_sarc_binary,banglasarc3_binary,7
3827617f21fba1e3,0,0,1.7890625,-1.921875,0.976129165047569,0.023870834952430912,0.8002438179317114,dann_matched,banglasarc_binary+ben_sarc_binary,banglasarc3_binary,7
bbfcd270940c6f50,0,0,0.3359375,-0.21679688,0.6347697539187426,0.36523024608125737,0.8002438179317114,dann_matched,banglasarc_binary+ben_sarc_binary,banglasarc3_binary,7
a5f9487af8a08111,1,1,-0.80859375,0.8984375,0.15354917288301603,0.8464508271169839,0.8002438179317114,dann_matched,banglasarc_binary+ben_sarc_binary,banglasarc3_binary,7
b132c35de55abf62,1,0,0.11425781,0.057373047,0.5142173578117549,0.4857826421882451,0.8002438179317114,dann_matched,banglasarc_binary+ben_sarc_binary,banglasarc3_binary,7
49e50f5f6743b9a9,0,0,0.390625,-0.06738281,0.6125414676176866,0.3874585323823134,0.8002438179317114,dann_matched,banglasarc_binary+ben_sarc_binary,banglasarc3_binary,7
bc2fea241ae6e245,0,0,1.6015625,-1.5859375,0.96036116089903,0.039638839100970026,0.8002438179317114,dann_matched,banglasarc_binary+ben_sarc_binary,banglasarc3_binary,7
1ac9669da2a3b22a,0,0,1.265625,-1.1953125,0.9213576188158985,0.07864238118410145,0.8002438179317114,dann_matched,banglasarc_binary+ben_sarc_binary,banglasarc3_binary,7
c678ed32dfec8e9b,1,1,-0.28125,0.50390625,0.3132096615361948,0.6867903384638052,0.8002438179317114,dann_matched,banglasarc_binary+ben_sarc_binary,banglasarc3_binary,7
1a46fdea53a04cce,0,1,-0.3828125,0.46679688,0.2995148064537437,0.7004851935462564,0.8002438179317114,dann_matched,banglasarc_binary+ben_sarc_binary,banglasarc3_binary,7
a27bf2e316d4219b,1,0,0.2890625,-0.0010986328,0.5720355804541556,0.42796441954584435,0.8002438179317114,dann_matched,banglasarc_binary+ben_sarc_binary,banglasarc3_binary,7
0cec6e06c0ba9f1e,0,0,1.734375,-1.7109375,0.9690910414827888,0.030908958517211163,0.8002438179317114,dann_matched,banglasarc_binary+ben_sarc_binary,banglasarc3_binary,7
d6b2f0ee01c230dd,1,0,0.33203125,-0.21875,0.6343168279804076,0.3656831720195924,0.8002438179317114,dann_matched,banglasarc_binary+ben_sarc_binary,banglasarc3_binary,7
9eb091e9a9d4c695,0,1,-0.4296875,0.59375,0.2643583582610753,0.7356416417389247,0.8002438179317114,dann_matched,banglasarc_binary+ben_sarc_binary,banglasarc3_binary,7
963ae71db6ff7e4f,0,1,-0.03466797,0.25976562,0.42691879804535043,0.5730812019546495,0.8002438179317114,dann_matched,banglasarc_binary+ben_sarc_binary,banglasarc3_binary,7
9aabf8d92c3a8ef5,1,0,1.9140625,-1.8828125,0.9780517462851323,0.02194825371486785,0.8002438179317114,dann_matched,banglasarc_binary+ben_sarc_binary,banglasarc3_binary,7
1f00788c3c80def3,0,0,0.31640625,-0.057373047,0.5923718731686682,0.40762812683133176,0.8002438179317114,dann_matched,banglasarc_binary+ben_sarc_binary,banglasarc3_binary,7
b39f2b8134c7f61a,1,1,0.005126953,0.33984375,0.4170933983649918,0.5829066016350082,0.8002438179317114,dann_matched,banglasarc_binary+ben_sarc_binary,banglasarc3_binary,7
a6a9b4365f236b0d,1,1,-0.66796875,0.8984375,0.1727293128639838,0.8272706871360163,0.8002438179317114,dann_matched,banglasarc_binary+ben_sarc_binary,banglasarc3_binary,7
672f65575c01c938,1,1,-0.55859375,0.73828125,0.2146914191122419,0.785308580887758,0.8002438179317114,dann_matched,banglasarc_binary+ben_sarc_binary,banglasarc3_binary,7
c361b64edd41d872,0,1,-0.61328125,0.8046875,0.1949802170214588,0.8050197829785412,0.8002438179317114,dann_matched,banglasarc_binary+ben_sarc_binary,banglasarc3_binary,7
89c73de9b852078e,0,0,0.18652344,0.024780273,0.5403478681298229,0.459652131870177,0.8002438179317114,dann_matched,banglasarc_binary+ben_sarc_binary,banglasarc3_binary,7
ce8d47c1fb816aa3,0,0,1.8828125,-1.8515625,0.9766692311915195,0.02333076880848049,0.8002438179317114,dann_matched,banglasarc_binary+ben_sarc_binary,banglasarc3_binary,7
456683ca31fa5e65,0,1,0.078125,0.27539062,0.45084289763125884,0.5491571023687412,0.8002438179317114,dann_matched,banglasarc_binary+ben_sarc_binary,banglasarc3_binary,7
ebd8a51d0f72f8ae,0,1,-0.8515625,0.9765625,0.13846179056896438,0.8615382094310357,0.8002438179317114,dann_matched,banglasarc_binary+ben_sarc_binary,banglasarc3_binary,7
fb863821fda44d53,1,1,-0.8046875,0.90625,0.15304215724489628,0.8469578427551038,0.8002438179317114,dann_matched,banglasarc_binary+ben_sarc_binary,banglasarc3_binary,7
3b470389b41a77d0,0,0,0.83984375,-0.52734375,0.7969253718105298,0.2030746281894702,0.8002438179317114,dann_matched,banglasarc_binary+ben_sarc_binary,banglasarc3_binary,7
7485ab52357fe573,0,0,1.4609375,-1.453125,0.9485372345673925,0.05146276543260743,0.8002438179317114,dann_matched,banglasarc_binary+ben_sarc_binary,banglasarc3_binary,7
5d08e6dbd0a02098,0,0,1.546875,-1.5,0.9546474194456936,0.04535258055430642,0.8002438179317114,dann_matched,banglasarc_binary+ben_sarc_binary,banglasarc3_binary,7
bd8e1a4992f836d9,1,1,-1.2109375,1.28125,0.07640768335044701,0.923592316649553,0.8002438179317114,dann_matched,banglasarc_binary+ben_sarc_binary,banglasarc3_binary,7
f54c8c8dd14b9ee4,1,0,0.71875,-0.6953125,0.804405915893501,0.19559408410649906,0.8002438179317114,dann_matched,banglasarc_binary+ben_sarc_binary,banglasarc3_binary,7
93aa7ab3e702a390,1,1,-0.061523438,0.27539062,0.41655928238774886,0.583440717612251,0.8002438179317114,dann_matched,banglasarc_binary+ben_sarc_binary,banglasarc3_binary,7
5d4df30470964289,0,0,1.5859375,-1.65625,0.9623913644941934,0.03760863550580657,0.8002438179317114,dann_matched,banglasarc_binary+ben_sarc_binary,banglasarc3_binary,7
99413b6d85bd8b6a,1,0,0.59765625,-0.390625,0.7287483034031065,0.2712516965968936,0.8002438179317114,dann_matched,banglasarc_binary+ben_sarc_binary,banglasarc3_binary,7
b6c18248921fce54,1,0,0.47265625,-0.25585938,0.6744794522230694,0.3255205477769307,0.8002438179317114,dann_matched,banglasarc_binary+ben_sarc_binary,banglasarc3_binary,7
1cabf2a505c66110,1,1,0.027832031,0.24414062,0.4461327227877301,0.55386727721227,0.8002438179317114,dann_matched,banglasarc_binary+ben_sarc_binary,banglasarc3_binary,7
4e7d5694a62e5de3,1,1,-0.7421875,0.83203125,0.17161580696895154,0.8283841930310485,0.8002438179317114,dann_matched,banglasarc_binary+ben_sarc_binary,banglasarc3_binary,7
27bff07ea2567aff,0,1,-0.296875,0.4609375,0.3191213844321178,0.6808786155678822,0.8002438179317114,dann_matched,banglasarc_binary+ben_sarc_binary,banglasarc3_binary,7
3d2b2afef8a71422,0,0,0.8984375,-0.7734375,0.8418256472515684,0.1581743527484317,0.8002438179317114,dann_matched,banglasarc_binary+ben_sarc_binary,banglasarc3_binary,7
a6b65f2d6607df8d,0,1,-0.41015625,0.53515625,0.2798284924581987,0.7201715075418013,0.8002438179317114,dann_matched,banglasarc_binary+ben_sarc_binary,banglasarc3_binary,7
f2ce21fd06e6c0a1,0,0,0.796875,-0.57421875,0.7975568078599278,0.20244319214007214,0.8002438179317114,dann_matched,banglasarc_binary+ben_sarc_binary,banglasarc3_binary,7
8c321d6535475133,0,0,0.53125,-0.39648438,0.7166154133246849,0.2833845866753151,0.8002438179317114,dann_matched,banglasarc_binary+ben_sarc_binary,banglasarc3_binary,7
e4400f251525d858,0,0,0.4375,-0.10058594,0.6313670457856639,0.36863295421433606,0.8002438179317114,dann_matched,banglasarc_binary+ben_sarc_binary,banglasarc3_binary,7
a2549aea9cf0feed,0,0,1.6875,-1.71875,0.9678992932829918,0.03210070671700819,0.8002438179317114,dann_matched,banglasarc_binary+ben_sarc_binary,banglasarc3_binary,7
208728590d99f477,0,0,1.3046875,-1.1484375,0.9207896758909757,0.07921032410902437,0.8002438179317114,dann_matched,banglasarc_binary+ben_sarc_binary,banglasarc3_binary,7
d7aa541a5731f237,1,1,-0.66796875,0.76953125,0.19193278644723683,0.8080672135527632,0.8002438179317114,dann_matched,banglasarc_binary+ben_sarc_binary,banglasarc3_binary,7
72d9d0c152014fd4,1,1,-0.625,0.7109375,0.20817892905742005,0.79182107094258,0.8002438179317114,dann_matched,banglasarc_binary+ben_sarc_binary,banglasarc3_binary,7
8dc4677cf180080c,0,0,1.4765625,-1.34375,0.9437636542955161,0.056236345704483756,0.8002438179317114,dann_matched,banglasarc_binary+ben_sarc_binary,banglasarc3_binary,7
326478b91e0a83b6,0,0,0.2578125,0.022827148,0.5584775004239418,0.4415224995760581,0.8002438179317114,dann_matched,banglasarc_binary+ben_sarc_binary,banglasarc3_binary,7
7bb95f4327f97619,0,1,-0.115234375,0.25195312,0.40922079513160775,0.5907792048683922,0.8002438179317114,dann_matched,banglasarc_binary+ben_sarc_binary,banglasarc3_binary,7
b5430ac62bc817b3,0,1,-0.76171875,0.796875,0.17384852735447087,0.8261514726455292,0.8002438179317114,dann_matched,banglasarc_binary+ben_sarc_binary,banglasarc3_binary,7
7745aafd0a592886,0,1,0.021240234,0.3359375,0.4219686056457219,0.5780313943542782,0.8002438179317114,dann_matched,banglasarc_binary+ben_sarc_binary,banglasarc3_binary,7
6327f9fa75cf0eb5,0,0,1.1796875,-1.25,0.9190632902163844,0.08093670978361556,0.8002438179317114,dann_matched,banglasarc_binary+ben_sarc_binary,banglasarc3_binary,7
50c0d6b40de5c934,1,1,-0.07421875,0.30664062,0.4059196429977849,0.5940803570022152,0.8002438179317114,dann_matched,banglasarc_binary+ben_sarc_binary,banglasarc3_binary,7
5793d347d7491ffa,0,1,-0.71484375,0.6953125,0.19620941280870197,0.8037905871912979,0.8002438179317114,dann_matched,banglasarc_binary+ben_sarc_binary,banglasarc3_binary,7
7a193a03efce7c95,0,0,0.18066406,0.044433594,0.5340050425503021,0.4659949574496979,0.8002438179317114,dann_matched,banglasarc_binary+ben_sarc_binary,banglasarc3_binary,7
79fe03d925dd23f2,1,1,-0.97265625,1.1015625,0.11162799104060678,0.8883720089593933,0.8002438179317114,dann_matched,banglasarc_binary+ben_sarc_binary,banglasarc3_binary,7
56a90627c13f7482,0,1,-0.6953125,0.73046875,0.19375686554382185,0.8062431344561782,0.8002438179317114,dann_matched,banglasarc_binary+ben_sarc_binary,banglasarc3_binary,7
34eae78ac0856b44,0,1,0.010009766,0.27148438,0.43500125116296856,0.5649987488370314,0.8002438179317114,dann_matched,banglasarc_binary+ben_sarc_binary,banglasarc3_binary,7
e7de35f2d96d04ae,1,1,-0.41796875,0.58203125,0.2689414213699951,0.7310585786300049,0.8002438179317114,dann_matched,banglasarc_binary+ben_sarc_binary,banglasarc3_binary,7
7edb0fbf4e12f482,1,0,0.13964844,-0.060302734,0.5498219115129199,0.45017808848708,0.8002438179317114,dann_matched,banglasarc_binary+ben_sarc_binary,banglasarc3_binary,7
05b114079ca39ab2,0,0,1.2265625,-1.0234375,0.9046505351008906,0.0953494648991095,0.8002438179317114,dann_matched,banglasarc_binary+ben_sarc_binary,banglasarc3_binary,7
012cf4a871450976,0,0,0.22949219,0.06933594,0.5399536978762307,0.4600463021237693,0.8002438179317114,dann_matched,banglasarc_binary+ben_sarc_binary,banglasarc3_binary,7
974f03c115fc2171,1,0,0.36328125,-0.13476562,0.6220002299153026,0.3779997700846973,0.8002438179317114,dann_matched,banglasarc_binary+ben_sarc_binary,banglasarc3_binary,7
7d320f16846e7bf9,1,0,1.3359375,-1.1875,0.9257686295391643,0.07423137046083579,0.8002438179317114,dann_matched,banglasarc_binary+ben_sarc_binary,banglasarc3_binary,7
8fd01412b63f6b5f,1,0,0.6796875,-0.51171875,0.7669924765752232,0.23300752342477682,0.8002438179317114,dann_matched,banglasarc_binary+ben_sarc_binary,banglasarc3_binary,7
88e6fff6830ee411,0,1,-0.265625,0.32617188,0.3562226740350589,0.643777325964941,0.8002438179317114,dann_matched,banglasarc_binary+ben_sarc_binary,banglasarc3_binary,7
018878abd62bc2c6,0,0,1.9921875,-2.046875,0.9826909042463318,0.017309095753668163,0.8002438179317114,dann_matched,banglasarc_binary+ben_sarc_binary,banglasarc3_binary,7
f09b809925c88fc0,1,1,-0.30078125,0.45703125,0.3191213844321178,0.6808786155678822,0.8002438179317114,dann_matched,banglasarc_binary+ben_sarc_binary,banglasarc3_binary,7
bc8f433d14df5bbe,1,1,-0.43359375,0.47070312,0.28816828925354526,0.7118317107464548,0.8002438179317114,dann_matched,banglasarc_binary+ben_sarc_binary,banglasarc3_binary,7
c952b7bed5795739,0,1,-0.07763672,0.20117188,0.4307458893450617,0.5692541106549384,0.8002438179317114,dann_matched,banglasarc_binary+ben_sarc_binary,banglasarc3_binary,7
90c33f63e3080a0d,0,1,-0.17382812,0.42382812,0.3548800897081317,0.6451199102918683,0.8002438179317114,dann_matched,banglasarc_binary+ben_sarc_binary,banglasarc3_binary,7
1ef4973752ea4564,1,1,-0.73046875,0.828125,0.17384852735447087,0.8261514726455292,0.8002438179317114,dann_matched,banglasarc_binary+ben_sarc_binary,banglasarc3_binary,7
3f4477d5080cdfe1,0,1,-0.080078125,0.26367188,0.41489884579676883,0.5851011542032312,0.8002438179317114,dann_matched,banglasarc_binary+ben_sarc_binary,banglasarc3_binary,7
7a9c24d799805b22,0,0,0.5625,-0.24316406,0.6911847734747362,0.3088152265252637,0.8002438179317114,dann_matched,banglasarc_binary+ben_sarc_binary,banglasarc3_binary,7
a53750d111a874b9,0,0,0.25390625,0.10058594,0.5382551684047333,0.46174483159526664,0.8002438179317114,dann_matched,banglasarc_binary+ben_sarc_binary,banglasarc3_binary,7
08221e16563f5ed2,1,1,-0.07324219,0.35742188,0.393967770728693,0.6060322292713071,0.8002438179317114,dann_matched,banglasarc_binary+ben_sarc_binary,banglasarc3_binary,7
a911bbedbe9083b7,1,1,-0.640625,0.8125,0.18952109132967757,0.8104789086703224,0.8002438179317114,dann_matched,banglasarc_binary+ben_sarc_binary,banglasarc3_binary,7
79af8e8606e24621,0,0,1.2890625,-1.21875,0.9246876936763765,0.07531230632362355,0.8002438179317114,dann_matched,banglasarc_binary+ben_sarc_binary,banglasarc3_binary,7
725ab0037339d5f4,1,1,0.15917969,0.16992188,0.4973144789495009,0.5026855210504991,0.8002438179317114,dann_matched,banglasarc_binary+ben_sarc_binary,banglasarc3_binary,7
888be69f29549db6,1,0,0.4921875,-0.3359375,0.6959583250334526,0.30404167496654744,0.8002438179317114,dann_matched,banglasarc_binary+ben_sarc_binary,banglasarc3_binary,7
74ead3cc3b9dcc3e,0,1,0.013183594,0.20605469,0.45193114474185514,0.5480688552581449,0.8002438179317114,dann_matched,banglasarc_binary+ben_sarc_binary,banglasarc3_binary,7
70a0b9c4daba4b62,1,0,0.16113281,-0.0034179688,0.5410451223210688,0.4589548776789312,0.8002438179317114,dann_matched,banglasarc_binary+ben_sarc_binary,banglasarc3_binary,7
772cd1347ab32158,0,1,-0.20507812,0.41796875,0.34908880483446786,0.6509111951655322,0.8002438179317114,dann_matched,banglasarc_binary+ben_sarc_binary,banglasarc3_binary,7
825abf4f5714d44e,0,0,0.9453125,-0.76953125,0.8474634859343486,0.15253651406565133,0.8002438179317114,dann_matched,banglasarc_binary+ben_sarc_binary,banglasarc3_binary,7
f6d2b8f0fd5630a5,1,1,-0.43359375,0.64453125,0.25386100696924885,0.746138993030751,0.8002438179317114,dann_matched,banglasarc_binary+ben_sarc_binary,banglasarc3_binary,7
070eb74aab3e9b16,0,0,1.46875,-1.40625,0.9465966702001757,0.053403329799824234,0.8002438179317114,dann_matched,banglasarc_binary+ben_sarc_binary,banglasarc3_binary,7
ff8b8a0023de988a,1,0,0.24316406,0.03173828,0.552660427431561,0.447339572568439,0.8002438179317114,dann_matched,banglasarc_binary+ben_sarc_binary,banglasarc3_binary,7
955c6c4b3c56526f,0,1,-0.7890625,0.91015625,0.15456732837004417,0.8454326716299558,0.8002438179317114,dann_matched,banglasarc_binary+ben_sarc_binary,banglasarc3_binary,7
3c7f74408087c581,0,0,0.734375,-0.4140625,0.7592254042296177,0.24077459577038227,0.8002438179317114,dann_matched,banglasarc_binary+ben_sarc_binary,banglasarc3_binary,7
3fd3335f6927bc03,1,0,0.33984375,-0.111328125,0.6109178215781089,0.38908217842189113,0.8002438179317114,dann_matched,banglasarc_binary+ben_sarc_binary,banglasarc3_binary,7
6b4cf7b079c5b900,0,1,-0.38671875,0.49609375,0.292595299011739,0.7074047009882609,0.8002438179317114,dann_matched,banglasarc_binary+ben_sarc_binary,banglasarc3_binary,7
a396d6fc294ae956,0,0,0.87890625,-0.66796875,0.8244619263765707,0.17553807362342935,0.8002438179317114,dann_matched,banglasarc_binary+ben_sarc_binary,banglasarc3_binary,7
acd192278c3d2499,0,0,1.4375,-1.234375,0.9353465116437761,0.06465348835622392,0.8002438179317114,dann_matched,banglasarc_binary+ben_sarc_binary,banglasarc3_binary,7
13e6f0fb32b886df,1,1,-0.24707031,0.37890625,0.34842339888276763,0.6515766011172324,0.8002438179317114,dann_matched,banglasarc_binary+ben_sarc_binary,banglasarc3_binary,7
5139d41ec223ee1d,1,0,0.73828125,-0.48828125,0.7732163651347154,0.22678363486528474,0.8002438179317114,dann_matched,banglasarc_binary+ben_sarc_binary,banglasarc3_binary,7
db25536a5ca06207,1,0,0.42578125,-0.32226562,0.6787529741649941,0.32124702583500586,0.8002438179317114,dann_matched,banglasarc_binary+ben_sarc_binary,banglasarc3_binary,7
9cf7c23f5c83e3c1,1,1,-0.32421875,0.42578125,0.32082130082460697,0.679178699175393,0.8002438179317114,dann_matched,banglasarc_binary+ben_sarc_binary,banglasarc3_binary,7
dece6cbb7ae48b4c,0,1,-0.62890625,0.70703125,0.20817892905742005,0.79182107094258,0.8002438179317114,dann_matched,banglasarc_binary+ben_sarc_binary,banglasarc3_binary,7
cc32b357f5c62cf0,1,0,1.046875,-0.76953125,0.8601343465140441,0.13986565348595606,0.8002438179317114,dann_matched,banglasarc_binary+ben_sarc_binary,banglasarc3_binary,7
a82a7beb318bc95f,0,0,0.29296875,-0.091796875,0.5950219975882318,0.4049780024117681,0.8002438179317114,dann_matched,banglasarc_binary+ben_sarc_binary,banglasarc3_binary,7
4269510b20e3a78d,0,1,-0.421875,0.609375,0.26284183737131667,0.7371581626286834,0.8002438179317114,dann_matched,banglasarc_binary+ben_sarc_binary,banglasarc3_binary,7
af7a5887ba75ec02,1,0,0.3046875,-0.0012207031,0.5758861870160151,0.424113812983985,0.8002438179317114,dann_matched,banglasarc_binary+ben_sarc_binary,banglasarc3_binary,7
ff7092e064f5e7f0,0,0,0.33984375,0.03515625,0.575588013330038,0.4244119866699621,0.8002438179317114,dann_matched,banglasarc_binary+ben_sarc_binary,banglasarc3_binary,7
bd75e40f2d1c3973,1,1,-0.46875,0.60546875,0.2546016227874352,0.7453983772125647,0.8002438179317114,dann_matched,banglasarc_binary+ben_sarc_binary,banglasarc3_binary,7
55361b7e5b2475c1,1,1,-0.19238281,0.28320312,0.38329498214045143,0.6167050178595487,0.8002438179317114,dann_matched,banglasarc_binary+ben_sarc_binary,banglasarc3_binary,7
f478ea328fe5ce48,1,1,-0.4609375,0.61328125,0.2546016227874352,0.7453983772125647,0.8002438179317114,dann_matched,banglasarc_binary+ben_sarc_binary,banglasarc3_binary,7
5a05491d31008062,0,0,0.91015625,-0.66796875,0.8289388083214156,0.17106119167858438,0.8002438179317114,dann_matched,banglasarc_binary+ben_sarc_binary,banglasarc3_binary,7
ae0fcdf8d0676f03,0,0,0.52734375,-0.3828125,0.7130321352710473,0.2869678647289528,0.8002438179317114,dann_matched,banglasarc_binary+ben_sarc_binary,banglasarc3_binary,7
1473977d7b8985e5,0,0,0.91796875,-0.81640625,0.849971175657575,0.1500288243424251,0.8002438179317114,dann_matched,banglasarc_binary+ben_sarc_binary,banglasarc3_binary,7
880392a54d0ebe3e,0,0,1.2109375,-1.171875,0.9155072460249908,0.08449275397500926,0.8002438179317114,dann_matched,banglasarc_binary+ben_sarc_binary,banglasarc3_binary,7
a8d6ffd7233218d9,0,1,-0.79296875,0.828125,0.16505408392910761,0.8349459160708924,0.8002438179317114,dann_matched,banglasarc_binary+ben_sarc_binary,banglasarc3_binary,7
532a79af0df6317b,1,1,-0.75,0.8046875,0.17441027833079015,0.8255897216692099,0.8002438179317114,dann_matched,banglasarc_binary+ben_sarc_binary,banglasarc3_binary,7
e67ce7d008308e4f,1,0,0.859375,-0.734375,0.8311430478583168,0.16885695214168314,0.8002438179317114,dann_matched,banglasarc_binary+ben_sarc_binary,banglasarc3_binary,7
d7578006b9f26c23,1,0,0.41015625,-0.16796875,0.640635854839898,0.35936414516010196,0.8002438179317114,dann_matched,banglasarc_binary+ben_sarc_binary,banglasarc3_binary,7
714a136f278f7f6d,1,0,1.0625,-0.9609375,0.8832359864017768,0.11676401359822318,0.8002438179317114,dann_matched,banglasarc_binary+ben_sarc_binary,banglasarc3_binary,7
cb7574a7cdfb2600,0,1,-0.640625,0.76171875,0.19744445710480676,0.8025555428951934,0.8002438179317114,dann_matched,banglasarc_binary+ben_sarc_binary,banglasarc3_binary,7
539200a378d20681,0,1,-0.17871094,0.44335938,0.34931073773024063,0.6506892622697594,0.8002438179317114,dann_matched,banglasarc_binary+ben_sarc_binary,banglasarc3_binary,7
9d4e9c774780337b,1,0,1.640625,-1.625,0.9632305339244013,0.036769466075598736,0.8002438179317114,dann_matched,banglasarc_binary+ben_sarc_binary,banglasarc3_binary,7
d19183e0c68495fe,0,0,0.453125,-0.3984375,0.7008948097542927,0.29910519024570714,0.8002438179317114,dann_matched,banglasarc_binary+ben_sarc_binary,banglasarc3_binary,7
e727d555b9906254,0,0,0.18457031,0.083984375,0.5251253041097116,0.47487469589028836,0.8002438179317114,dann_matched,banglasarc_binary+ben_sarc_binary,banglasarc3_binary,7
560326443dd5a61f,1,1,-0.23535156,0.20605469,0.3914059390883863,0.6085940609116138,0.8002438179317114,dann_matched,banglasarc_binary+ben_sarc_binary,banglasarc3_binary,7
3a356b90dc52db7a,0,1,-0.63671875,0.70703125,0.2068940488158881,0.7931059511841119,0.8002438179317114,dann_matched,banglasarc_binary+ben_sarc_binary,banglasarc3_binary,7
10315d34cdace8c1,0,1,-0.23730469,0.4140625,0.3426815109177052,0.6573184890822948,0.8002438179317114,dann_matched,banglasarc_binary+ben_sarc_binary,banglasarc3_binary,7
5b040037fd3ecdae,1,1,-0.71875,0.7265625,0.1907240253120337,0.8092759746879663,0.8002438179317114,dann_matched,banglasarc_binary+ben_sarc_binary,banglasarc3_binary,7
586f5d207285bf27,0,1,-0.0061035156,0.23632812,0.4396871984193661,0.5603128015806339,0.8002438179317114,dann_matched,banglasarc_binary+ben_sarc_binary,banglasarc3_binary,7
11319ec3cf94ef20,0,0,1.03125,-0.7734375,0.8587185839992991,0.1412814160007008,0.8002438179317114,dann_matched,banglasarc_binary+ben_sarc_binary,banglasarc3_binary,7
69fbdf73ddc7be78,1,1,-0.9140625,0.9375,0.13568954596860924,0.8643104540313907,0.8002438179317114,dann_matched,banglasarc_binary+ben_sarc_binary,banglasarc3_binary,7
757ab3d1fca46e3c,1,1,-0.66796875,0.828125,0.18300885002394832,0.8169911499760516,0.8002438179317114,dann_matched,banglasarc_binary+ben_sarc_binary,banglasarc3_binary,7
a39c5cc8dcf7f753,0,0,0.359375,-0.26367188,0.6509111951655322,0.34908880483446786,0.8002438179317114,dann_matched,banglasarc_binary+ben_sarc_binary,banglasarc3_binary,7
ba0d8b695ca6ef05,0,1,-0.46875,0.640625,0.24798742624020276,0.7520125737597972,0.8002438179317114,dann_matched,banglasarc_binary+ben_sarc_binary,banglasarc3_binary,7
7e976976fd12e611,0,0,0.3515625,-0.06542969,0.6027632831983546,0.3972367168016455,0.8002438179317114,dann_matched,banglasarc_binary+ben_sarc_binary,banglasarc3_binary,7
177bf85b5ddcbb0b,1,1,-0.39453125,0.47460938,0.29543315152184185,0.7045668484781581,0.8002438179317114,dann_matched,banglasarc_binary+ben_sarc_binary,banglasarc3_binary,7
6d78d071878ac3d1,1,1,-0.3125,0.60546875,0.28537195620910677,0.7146280437908932,0.8002438179317114,dann_matched,banglasarc_binary+ben_sarc_binary,banglasarc3_binary,7
c85c38b6528754b8,1,0,0.34765625,-0.21679688,0.6374822800672024,0.3625177199327976,0.8002438179317114,dann_matched,banglasarc_binary+ben_sarc_binary,banglasarc3_binary,7
90dbb76ac473a400,1,0,0.875,-0.65234375,0.8216173406683573,0.1783826593316426,0.8002438179317114,dann_matched,banglasarc_binary+ben_sarc_binary,banglasarc3_binary,7
63c48593140100b8,0,0,0.75,-0.49609375,0.776622938216557,0.22337706178344302,0.8002438179317114,dann_matched,banglasarc_binary+ben_sarc_binary,banglasarc3_binary,7
aff3807e81a949e8,0,0,0.8359375,-0.48046875,0.7885831787993471,0.2114168212006529,0.8002438179317114,dann_matched,banglasarc_binary+ben_sarc_binary,banglasarc3_binary,7
2a1a90955017061c,1,1,-0.45703125,0.6875,0.24148938971519088,0.758510610284809,0.8002438179317114,dann_matched,banglasarc_binary+ben_sarc_binary,banglasarc3_binary,7
8ba3ce83e1b38636,0,0,0.5625,-0.19824219,0.6815148490348876,0.3184851509651125,0.8002438179317114,dann_matched,banglasarc_binary+ben_sarc_binary,banglasarc3_binary,7
b6a150e585a90815,1,0,1.5703125,-1.4921875,0.9553191297273498,0.0446808702726502,0.8002438179317114,dann_matched,banglasarc_binary+ben_sarc_binary,banglasarc3_binary,7
e7f847b226aac07c,0,0,0.59765625,-0.44726562,0.7397985681509067,0.26020143184909333,0.8002438179317114,dann_matched,banglasarc_binary+ben_sarc_binary,banglasarc3_binary,7
dddd46a1f7d0d0f0,1,0,0.091308594,-0.0013427734,0.5231462863231333,0.47685371367686674,0.8002438179317114,dann_matched,banglasarc_binary+ben_sarc_binary,banglasarc3_binary,7
1bffdb75712cd569,0,1,-0.004760742,0.09277344,0.4756357665924245,0.5243642334075754,0.8002438179317114,dann_matched,banglasarc_binary+ben_sarc_binary,banglasarc3_binary,7
2ab62d60d1d4472e,1,0,0.40625,-0.10644531,0.6254381057792283,0.3745618942207717,0.8002438179317114,dann_matched,banglasarc_binary+ben_sarc_binary,banglasarc3_binary,7
8fc93f04e6590154,1,1,-0.06347656,0.13964844,0.44939263446475963,0.5506073655352404,0.8002438179317114,dann_matched,banglasarc_binary+ben_sarc_binary,banglasarc3_binary,7
86de20b950da2d3c,0,1,-0.6875,0.84765625,0.17724051706725022,0.8227594829327498,0.8002438179317114,dann_matched,banglasarc_binary+ben_sarc_binary,banglasarc3_binary,7
f99f7e89824b6612,0,0,1.7578125,-1.7265625,0.9702399060540357,0.029760093945964218,0.8002438179317114,dann_matched,banglasarc_binary+ben_sarc_binary,banglasarc3_binary,7
f398263b812de4fc,0,1,-0.359375,0.5625,0.28457600421652673,0.7154239957834733,0.8002438179317114,dann_matched,banglasarc_binary+ben_sarc_binary,banglasarc3_binary,7
f933964e1386abbc,1,0,1.265625,-1.3046875,0.9289263306198166,0.07107366938018356,0.8002438179317114,dann_matched,banglasarc_binary+ben_sarc_binary,banglasarc3_binary,7
29429b72289fcd40,0,1,-0.16210938,0.3671875,0.37068089570080504,0.629319104299195,0.8002438179317114,dann_matched,banglasarc_binary+ben_sarc_binary,banglasarc3_binary,7
065cb8d51b12f79a,0,0,0.93359375,-0.8203125,0.8524448171983366,0.1475551828016634,0.8002438179317114,dann_matched,banglasarc_binary+ben_sarc_binary,banglasarc3_binary,7
238ed849caf48da2,0,0,0.53515625,-0.35351562,0.7086160181699034,0.2913839818300965,0.8002438179317114,dann_matched,banglasarc_binary+ben_sarc_binary,banglasarc3_binary,7
e6879d34059ffd78,1,0,1.1953125,-1.1640625,0.9136765234137297,0.08632347658627028,0.8002438179317114,dann_matched,banglasarc_binary+ben_sarc_binary,banglasarc3_binary,7
e1920815e63fd77c,1,1,-0.4453125,0.65234375,0.25017930009106876,0.7498206999089312,0.8002438179317114,dann_matched,banglasarc_binary+ben_sarc_binary,banglasarc3_binary,7
9d6102939ae27963,1,1,-0.02709961,0.14648438,0.4567126417520125,0.5432873582479876,0.8002438179317114,dann_matched,banglasarc_binary+ben_sarc_binary,banglasarc3_binary,7
7cf8d62bc548f981,1,1,-0.58203125,0.7421875,0.2101172597064404,0.7898827402935596,0.8002438179317114,dann_matched,banglasarc_binary+ben_sarc_binary,banglasarc3_binary,7
3dedb7824bbf60be,0,1,-0.765625,0.83984375,0.16721866883101164,0.8327813311689884,0.8002438179317114,dann_matched,banglasarc_binary+ben_sarc_binary,banglasarc3_binary,7
7168d49fd7747b74,0,0,0.6015625,-0.2578125,0.7025300573952054,0.2974699426047947,0.8002438179317114,dann_matched,banglasarc_binary+ben_sarc_binary,banglasarc3_binary,7
85cf586fc25418e3,0,1,-0.5234375,0.7421875,0.22000709974589314,0.7799929002541067,0.8002438179317114,dann_matched,banglasarc_binary+ben_sarc_binary,banglasarc3_binary,7
b4853c23f7a9f71d,0,1,0.083984375,0.16210938,0.480478678047907,0.5195213219520929,0.8002438179317114,dann_matched,banglasarc_binary+ben_sarc_binary,banglasarc3_binary,7
b577521aba23e9a6,1,0,1.3828125,-1.2890625,0.9353465116437761,0.06465348835622392,0.8002438179317114,dann_matched,banglasarc_binary+ben_sarc_binary,banglasarc3_binary,7
43913a364404a6b7,1,0,0.15917969,0.05126953,0.5269513909521348,0.4730486090478651,0.8002438179317114,dann_matched,banglasarc_binary+ben_sarc_binary,banglasarc3_binary,7
98595080b20ded8e,0,1,-0.640625,0.7734375,0.19559408410649906,0.804405915893501,0.8002438179317114,dann_matched,banglasarc_binary+ben_sarc_binary,banglasarc3_binary,7
e8908d5a70ac67f7,0,0,0.7109375,-0.41796875,0.7556369949292148,0.24436300507078523,0.8002438179317114,dann_matched,banglasarc_binary+ben_sarc_binary,banglasarc3_binary,7
a92f9901130b2155,0,0,0.5390625,-0.24707031,0.6870003678787455,0.31299963212125453,0.8002438179317114,dann_matched,banglasarc_binary+ben_sarc_binary,banglasarc3_binary,7
7d6de967d264bd85,0,1,0.15332031,0.16796875,0.49633795610721343,0.5036620438927866,0.8002438179317114,dann_matched,banglasarc_binary+ben_sarc_binary,banglasarc3_binary,7
9837a43eab10dddf,1,1,-0.984375,1.078125,0.11279540628289324,0.8872045937171068,0.8002438179317114,dann_matched,banglasarc_binary+ben_sarc_binary,banglasarc3_binary,7
65319c5414a8306a,0,1,0.12695312,0.14257812,0.4960938294709195,0.5039061705290805,0.8002438179317114,dann_matched,banglasarc_binary+ben_sarc_binary,banglasarc3_binary,7
fade48daf673b1f8,0,0,0.74609375,-0.46289062,0.7701191965741129,0.22988080342588704,0.8002438179317114,dann_matched,banglasarc_binary+ben_sarc_binary,banglasarc3_binary,7
866873fff24113c0,1,1,0.057128906,0.07910156,0.4945070569340429,0.5054929430659572,0.8002438179317114,dann_matched,banglasarc_binary+ben_sarc_binary,banglasarc3_binary,7
e3cc36cc8d198224,0,1,-0.61328125,0.80859375,0.19436781101874467,0.8056321889812553,0.8002438179317114,dann_matched,banglasarc_binary+ben_sarc_binary,banglasarc3_binary,7
89c21dd6d937eaff,1,0,0.71875,-0.73828125,0.8110781922144276,0.18892180778557252,0.8002438179317114,dann_matched,banglasarc_binary+ben_sarc_binary,banglasarc3_binary,7
4b6f29550988601b,0,0,1.609375,-1.703125,0.9648551535992067,0.03514484640079327,0.8002438179317114,dann_matched,banglasarc_binary+ben_sarc_binary,banglasarc3_binary,7
d975dd69c2f72afd,1,1,-0.59765625,0.796875,0.1986853537904252,0.8013146462095748,0.8002438179317114,dann_matched,banglasarc_binary+ben_sarc_binary,banglasarc3_binary,7
877fb7d4cf62f178,1,1,-0.32421875,0.41210938,0.3238076029965582,0.6761923970034418,0.8002438179317114,dann_matched,banglasarc_binary+ben_sarc_binary,banglasarc3_binary,7
8e7741f5f6607b4c,1,1,-0.8828125,1.125,0.1183850968071675,0.8816149031928324,0.8002438179317114,dann_matched,banglasarc_binary+ben_sarc_binary,banglasarc3_binary,7
0892c4bec7f40ca2,1,1,-0.9453125,1.0703125,0.11757213354550883,0.8824278664544911,0.8002438179317114,dann_matched,banglasarc_binary+ben_sarc_binary,banglasarc3_binary,7
a2b22017bfba6565,1,0,0.24511719,0.012207031,0.5579657360510832,0.44203426394891676,0.8002438179317114,dann_matched,banglasarc_binary+ben_sarc_binary,banglasarc3_binary,7
f5daae7220a90010,0,0,0.6796875,-0.53515625,0.7711548724998493,0.22884512750015074,0.8002438179317114,dann_matched,banglasarc_binary+ben_sarc_binary,banglasarc3_binary,7
0f083853e0116694,1,0,0.25390625,-0.05834961,0.5774357950970499,0.42256420490295005,0.8002438179317114,dann_matched,banglasarc_binary+ben_sarc_binary,banglasarc3_binary,7
40768fb2acdaf890,0,0,0.1953125,-0.051513672,0.5613951600795042,0.43860483992049576,0.8002438179317114,dann_matched,banglasarc_binary+ben_sarc_binary,banglasarc3_binary,7
d61c45eabc68eb9b,0,0,0.72265625,-0.39648438,0.7538292764191719,0.24617072358082817,0.8002438179317114,dann_matched,banglasarc_binary+ben_sarc_binary,banglasarc3_binary,7
f8966d9f2ebf8a15,1,1,-0.26953125,0.35351562,0.34908880483446786,0.6509111951655322,0.8002438179317114,dann_matched,banglasarc_binary+ben_sarc_binary,banglasarc3_binary,7
701ed1e21508a181,0,0,0.2890625,-0.068359375,0.5884161997446202,0.41158380025537983,0.8002438179317114,dann_matched,banglasarc_binary+ben_sarc_binary,banglasarc3_binary,7
b4b9460c57fb2ff8,1,0,0.4453125,-0.18359375,0.652241416355273,0.34775858364472695,0.8002438179317114,dann_matched,banglasarc_binary+ben_sarc_binary,banglasarc3_binary,7
f6ef35c40454d8a9,1,1,-0.8515625,0.98828125,0.137069773035303,0.862930226964697,0.8002438179317114,dann_matched,banglasarc_binary+ben_sarc_binary,banglasarc3_binary,7
c749254818a2beb4,1,1,-0.5078125,0.65234375,0.23863889487701548,0.7613611051229845,0.8002438179317114,dann_matched,banglasarc_binary+ben_sarc_binary,banglasarc3_binary,7
a8d95df3867755d7,1,0,0.8203125,-0.6640625,0.8152324893520001,0.184767510648,0.8002438179317114,dann_matched,banglasarc_binary+ben_sarc_binary,banglasarc3_binary,7
fb125052de8613ad,1,1,-0.37890625,0.55078125,0.28298811828270554,0.7170118817172945,0.8002438179317114,dann_matched,banglasarc_binary+ben_sarc_binary,banglasarc3_binary,7
09a2cced4bee49f7,1,1,-0.061523438,0.30273438,0.40992926176354777,0.5900707382364523,0.8002438179317114,dann_matched,banglasarc_binary+ben_sarc_binary,banglasarc3_binary,7
8a83d3da7699811c,0,0,0.57421875,-0.33984375,0.713830756042477,0.2861692439575231,0.8002438179317114,dann_matched,banglasarc_binary+ben_sarc_binary,banglasarc3_binary,7
3964424aa0d49a56,0,0,0.671875,-0.32617188,0.7306743976944328,0.2693256023055673,0.8002438179317114,dann_matched,banglasarc_binary+ben_sarc_binary,banglasarc3_binary,7
0fa27d4578133779,1,1,0.10644531,0.11328125,0.49829102228004485,0.5017089777199553,0.8002438179317114,dann_matched,banglasarc_binary+ben_sarc_binary,banglasarc3_binary,7
2a782f9195e8bf56,0,1,-0.62890625,0.76953125,0.19806417366892506,0.801935826331075,0.8002438179317114,dann_matched,banglasarc_binary+ben_sarc_binary,banglasarc3_binary,7
ce572474de1b6dd4,1,0,0.28125,-0.40820312,0.6658452606452885,0.3341547393547116,0.8002438179317114,dann_matched,banglasarc_binary+ben_sarc_binary,banglasarc3_binary,7
2b921d548ea4c4df,1,1,-0.8984375,0.92578125,0.1389284260290056,0.8610715739709943,0.8002438179317114,dann_matched,banglasarc_binary+ben_sarc_binary,banglasarc3_binary,7
8a3dac5169c757dc,1,1,-0.2890625,0.58984375,0.2934044820389496,0.7065955179610504,0.8002438179317114,dann_matched,banglasarc_binary+ben_sarc_binary,banglasarc3_binary,7
1dc83e50f7da3618,0,0,0.390625,-0.17382812,0.6374822800672024,0.3625177199327976,0.8002438179317114,dann_matched,banglasarc_binary+ben_sarc_binary,banglasarc3_binary,7
43e4c5caf8ccf8d9,1,1,0.055664062,0.24609375,0.45253592582888075,0.5474640741711192,0.8002438179317114,dann_matched,banglasarc_binary+ben_sarc_binary,banglasarc3_binary,7
c768491a2e849a34,1,0,0.18164062,0.051757812,0.5324251328328828,0.4675748671671171,0.8002438179317114,dann_matched,banglasarc_binary+ben_sarc_binary,banglasarc3_binary,7
d9b9d06a13c83be0,0,0,1.15625,-1.0234375,0.8984105540811842,0.10158944591881586,0.8002438179317114,dann_matched,banglasarc_binary+ben_sarc_binary,banglasarc3_binary,7
6bac0560c62a5092,1,1,-0.45703125,0.5703125,0.26359939760917256,0.7364006023908275,0.8002438179317114,dann_matched,banglasarc_binary+ben_sarc_binary,banglasarc3_binary,7
77eefbc8cad52155,0,0,0.41796875,0.0034179688,0.6021785671924903,0.3978214328075098,0.8002438179317114,dann_matched,banglasarc_binary+ben_sarc_binary,banglasarc3_binary,7
61341c4de44d2405,1,1,-0.703125,0.71484375,0.1949802170214588,0.8050197829785412,0.8002438179317114,dann_matched,banglasarc_binary+ben_sarc_binary,banglasarc3_binary,7
cd6e8a914163a6ff,0,0,0.76953125,-0.546875,0.7885831787993471,0.2114168212006529,0.8002438179317114,dann_matched,banglasarc_binary+ben_sarc_binary,banglasarc3_binary,7
81087120efb6f7bd,0,0,1.1328125,-0.97265625,0.8914335771643437,0.10856642283565619,0.8002438179317114,dann_matched,banglasarc_binary+ben_sarc_binary,banglasarc3_binary,7
467d95865670a7c7,0,1,-0.57421875,0.703125,0.21800271531236584,0.7819972846876342,0.8002438179317114,dann_matched,banglasarc_binary+ben_sarc_binary,banglasarc3_binary,7
a061508d9f7523b5,1,0,1.8125,-1.859375,0.9752018398044143,0.02479816019558566,0.8002438179317114,dann_matched,banglasarc_binary+ben_sarc_binary,banglasarc3_binary,7
cf0096f6a70cc1c1,1,1,-0.87890625,0.984375,0.13432105377342907,0.865678946226571,0.8002438179317114,dann_matched,banglasarc_binary+ben_sarc_binary,banglasarc3_binary,7
2038f5084e716133,0,0,0.21777344,0.009094238,0.5519813007276396,0.44801869927236027,0.8002438179317114,dann_matched,banglasarc_binary+ben_sarc_binary,banglasarc3_binary,7
40e021231f9b1641,0,0,0.98828125,-0.71484375,0.8459424373085146,0.15405756269148546,0.8002438179317114,dann_matched,banglasarc_binary+ben_sarc_binary,banglasarc3_binary,7
2416d3cb16cd9c24,1,1,-0.86328125,0.91015625,0.14511536292037017,0.8548846370796298,0.8002438179317114,dann_matched,banglasarc_binary+ben_sarc_binary,banglasarc3_binary,7
c8d7de7cf70fcf2b,0,1,-0.1015625,0.32617188,0.39466747146998155,0.6053325285300185,0.8002438179317114,dann_matched,banglasarc_binary+ben_sarc_binary,banglasarc3_binary,7
f6314ebda0e9b467,1,1,-0.4453125,0.546875,0.2704802220302491,0.7295197779697509,0.8002438179317114,dann_matched,banglasarc_binary+ben_sarc_binary,banglasarc3_binary,7
6062c09c444e211f,1,0,0.23925781,-0.09082031,0.581778385736369,0.41822161426363097,0.8002438179317114,dann_matched,banglasarc_binary+ben_sarc_binary,banglasarc3_binary,7
4adaf7a44c6d430f,1,0,0.46875,-0.40234375,0.7049732336450086,0.29502676635499137,0.8002438179317114,dann_matched,banglasarc_binary+ben_sarc_binary,banglasarc3_binary,7
a5bb573405980a25,1,1,-1.0234375,1.1796875,0.09947021388210707,0.9005297861178929,0.8002438179317114,dann_matched,banglasarc_binary+ben_sarc_binary,banglasarc3_binary,7
44fc54763842d3f4,1,1,-0.8046875,0.953125,0.14706452045904778,0.8529354795409523,0.8002438179317114,dann_matched,banglasarc_binary+ben_sarc_binary,banglasarc3_binary,7
64ad5df98a085346,0,1,0.06591797,0.18554688,0.47012838951532104,0.529871610484679,0.8002438179317114,dann_matched,banglasarc_binary+ben_sarc_binary,banglasarc3_binary,7
d3b2db834378679a,0,0,1.40625,-1.1953125,0.9309620718252101,0.06903792817479,0.8002438179317114,dann_matched,banglasarc_binary+ben_sarc_binary,banglasarc3_binary,7
411964e4c9aadb31,0,0,1.1796875,-1.03125,0.9012274112476257,0.09877258875237437,0.8002438179317114,dann_matched,banglasarc_binary+ben_sarc_binary,banglasarc3_binary,7
9d3774289ff1c6b7,1,1,-0.75390625,0.83984375,0.16885695214168314,0.8311430478583168,0.8002438179317114,dann_matched,banglasarc_binary+ben_sarc_binary,banglasarc3_binary,7
211c6d38bfbe7b02,0,0,0.82421875,-0.58203125,0.8031737963569016,0.1968262036430985,0.8002438179317114,dann_matched,banglasarc_binary+ben_sarc_binary,banglasarc3_binary,7
3cff9f15c3baf42c,1,0,0.76171875,-0.45117188,0.7708100121686987,0.2291899878313013,0.8002438179317114,dann_matched,banglasarc_binary+ben_sarc_binary,banglasarc3_binary,7
9c18cf645a2b92f4,1,1,-0.87109375,1.03125,0.12984343802049797,0.870156561979502,0.8002438179317114,dann_matched,banglasarc_binary+ben_sarc_binary,banglasarc3_binary,7
0b45893ebd275e93,0,0,1.7265625,-1.6953125,0.9683812327313545,0.03161876726864548,0.8002438179317114,dann_matched,banglasarc_binary+ben_sarc_binary,banglasarc3_binary,7
e5026d6cb3802c30,1,1,-0.703125,0.77734375,0.18535662781502407,0.8146433721849758,0.8002438179317114,dann_matched,banglasarc_binary+ben_sarc_binary,banglasarc3_binary,7
6aaf9704fc1bdef0,0,0,0.092285156,0.057617188,0.5086661242433934,0.4913338757566066,0.8002438179317114,dann_matched,banglasarc_binary+ben_sarc_binary,banglasarc3_binary,7
81a1f43037e1cac1,1,1,-0.953125,1.0390625,0.1200256277543614,0.8799743722456386,0.8002438179317114,dann_matched,banglasarc_binary+ben_sarc_binary,banglasarc3_binary,7
7fb0bd6317330d4d,1,0,0.828125,-0.65625,0.8152324893520001,0.184767510648,0.8002438179317114,dann_matched,banglasarc_binary+ben_sarc_binary,banglasarc3_binary,7
02520a874eae112e,1,1,-0.10205078,0.35351562,0.3880381210735019,0.6119618789264982,0.8002438179317114,dann_matched,banglasarc_binary+ben_sarc_binary,banglasarc3_binary,7
a5ce9ddbfc286430,0,1,-0.234375,0.35351562,0.35711898910753376,0.6428810108924662,0.8002438179317114,dann_matched,banglasarc_binary+ben_sarc_binary,banglasarc3_binary,7
f0dad52b23c7b1b2,0,0,1.046875,-0.80859375,0.8647679192064821,0.13523208079351787,0.8002438179317114,dann_matched,banglasarc_binary+ben_sarc_binary,banglasarc3_binary,7
552cb5e4af89f7b4,1,0,1.21875,-1.1796875,0.916708077443256,0.0832919225567441,0.8002438179317114,dann_matched,banglasarc_binary+ben_sarc_binary,banglasarc3_binary,7
5943a521e3945c92,0,0,0.5625,-0.39453125,0.7225270183691288,0.2774729816308713,0.8002438179317114,dann_matched,banglasarc_binary+ben_sarc_binary,banglasarc3_binary,7
ae9b18fb7ff57a4e,1,1,-0.3515625,0.48632812,0.3019792286491274,0.6980207713508726,0.8002438179317114,dann_matched,banglasarc_binary+ben_sarc_binary,banglasarc3_binary,7
ff80e0cbcd7c1782,0,0,1.6484375,-1.5546875,0.9609517072737735,0.03904829272622638,0.8002438179317114,dann_matched,banglasarc_binary+ben_sarc_binary,banglasarc3_binary,7
f1314c540d6527e9,0,0,0.79296875,-0.4765625,0.780662495082397,0.21933750491760287,0.8002438179317114,dann_matched,banglasarc_binary+ben_sarc_binary,banglasarc3_binary,7
fac42c7ed54d77d8,0,1,-0.40625,0.60546875,0.2666436233618524,0.7333563766381476,0.8002438179317114,dann_matched,banglasarc_binary+ben_sarc_binary,banglasarc3_binary,7
8658527a6a2a33bf,0,0,0.14257812,0.06933594,0.5183023658113205,0.4816976341886794,0.8002438179317114,dann_matched,banglasarc_binary+ben_sarc_binary,banglasarc3_binary,7
67575dc5c930b3d1,0,1,0.05419922,0.21972656,0.4587123920096478,0.5412876079903521,0.8002438179317114,dann_matched,banglasarc_binary+ben_sarc_binary,banglasarc3_binary,7
ad380f5058befbd4,1,1,0.057128906,0.13085938,0.4815757285308262,0.5184242714691738,0.8002438179317114,dann_matched,banglasarc_binary+ben_sarc_binary,banglasarc3_binary,7
392a0ef4d44c3c73,1,0,0.44921875,-0.35351562,0.6905590864098664,0.30944091359013354,0.8002438179317114,dann_matched,banglasarc_binary+ben_sarc_binary,banglasarc3_binary,7
d6bafb1cda6b4f80,1,1,-0.5546875,0.6640625,0.22815650216092537,0.7718434978390747,0.8002438179317114,dann_matched,banglasarc_binary+ben_sarc_binary,banglasarc3_binary,7
809d83f7454be9cd,1,1,-0.59375,0.73828125,0.2088235711388737,0.7911764288611264,0.8002438179317114,dann_matched,banglasarc_binary+ben_sarc_binary,banglasarc3_binary,7
a7ecaf79eb5d5fb9,1,1,-0.48046875,0.6796875,0.23863889487701548,0.7613611051229845,0.8002438179317114,dann_matched,banglasarc_binary+ben_sarc_binary,banglasarc3_binary,7
16902334d4aac003,0,1,-0.011108398,0.18457031,0.45123582206370194,0.5487641779362981,0.8002438179317114,dann_matched,banglasarc_binary+ben_sarc_binary,banglasarc3_binary,7
051f1b25aad139f0,1,0,0.21972656,-0.12792969,0.5860491105032255,0.4139508894967744,0.8002438179317114,dann_matched,banglasarc_binary+ben_sarc_binary,banglasarc3_binary,7
74628967f465b267,0,1,0.092285156,0.26367188,0.45725789257359606,0.542742107426404,0.8002438179317114,dann_matched,banglasarc_binary+ben_sarc_binary,banglasarc3_binary,7
32b5e23e297c895c,1,1,-0.55859375,0.703125,0.22067816087759426,0.7793218391224057,0.8002438179317114,dann_matched,banglasarc_binary+ben_sarc_binary,banglasarc3_binary,7
78a8f1d91019c411,0,1,-0.39453125,0.515625,0.2869678647289528,0.7130321352710473,0.8002438179317114,dann_matched,banglasarc_binary+ben_sarc_binary,banglasarc3_binary,7
6bbdac83cbe8ed55,1,1,-0.55078125,0.640625,0.23300752342477682,0.7669924765752232,0.8002438179317114,dann_matched,banglasarc_binary+ben_sarc_binary,banglasarc3_binary,7
505144aeff25d610,0,0,1.6015625,-1.5390625,0.9585377272885904,0.04146227271140963,0.8002438179317114,dann_matched,banglasarc_binary+ben_sarc_binary,banglasarc3_binary,7
514e7229ecf5d2fe,1,1,-0.60546875,0.71484375,0.2107663063197709,0.7892336936802291,0.8002438179317114,dann_matched,banglasarc_binary+ben_sarc_binary,banglasarc3_binary,7
97ff4666ec5e9f65,0,0,1.4140625,-1.4375,0.9453993942183476,0.05460060578165237,0.8002438179317114,dann_matched,banglasarc_binary+ben_sarc_binary,banglasarc3_binary,7
7cb9734d271aa603,1,1,-0.3125,0.42773438,0.3229528945282806,0.6770471054717195,0.8002438179317114,dann_matched,banglasarc_binary+ben_sarc_binary,banglasarc3_binary,7
895b32d6f531e8d6,0,1,-0.59765625,0.80078125,0.19806417366892506,0.801935826331075,0.8002438179317114,dann_matched,banglasarc_binary+ben_sarc_binary,banglasarc3_binary,7
b1a4b29882b6c492,0,1,-0.06689453,0.328125,0.4025095369841647,0.5974904630158353,0.8002438179317114,dann_matched,banglasarc_binary+ben_sarc_binary,banglasarc3_binary,7
c3b7103111f141a1,1,1,-0.41796875,0.5859375,0.2681740995451041,0.7318259004548959,0.8002438179317114,dann_matched,banglasarc_binary+ben_sarc_binary,banglasarc3_binary,7
ec3e49aee99d8f7a,1,1,-0.82421875,0.99609375,0.13939637966532398,0.8606036203346761,0.8002438179317114,dann_matched,banglasarc_binary+ben_sarc_binary,banglasarc3_binary,7
992c3932d484ad9a,0,1,-0.64453125,0.7578125,0.19744445710480676,0.8025555428951934,0.8002438179317114,dann_matched,banglasarc_binary+ben_sarc_binary,banglasarc3_binary,7
c5bd12f82a343358,1,1,-0.28515625,0.36132812,0.34378221211773596,0.656217787882264,0.8002438179317114,dann_matched,banglasarc_binary+ben_sarc_binary,banglasarc3_binary,7
33a5e06ca430c8f1,0,0,0.23144531,0.024658203,0.5515133449133207,0.44848665508667934,0.8002438179317114,dann_matched,banglasarc_binary+ben_sarc_binary,banglasarc3_binary,7
0e1ca87b75e07a22,0,1,-0.6328125,0.79296875,0.19375686554382185,0.8062431344561782,0.8002438179317114,dann_matched,banglasarc_binary+ben_sarc_binary,banglasarc3_binary,7
d8fee321b4621b14,1,1,-0.5078125,0.47265625,0.2727987833151383,0.7272012166848617,0.8002438179317114,dann_matched,banglasarc_binary+ben_sarc_binary,banglasarc3_binary,7
00c1732e4277e2ff,1,1,-0.3046875,0.54296875,0.29992474357634236,0.7000752564236576,0.8002438179317114,dann_matched,banglasarc_binary+ben_sarc_binary,banglasarc3_binary,7
fbce076f3a151066,1,1,-0.41015625,0.45507812,0.2962468960717286,0.7037531039282713,0.8002438179317114,dann_matched,banglasarc_binary+ben_sarc_binary,banglasarc3_binary,7
dbbbd3567edaaf38,0,1,-0.02319336,0.33789062,0.41069718924119264,0.5893028107588073,0.8002438179317114,dann_matched,banglasarc_binary+ben_sarc_binary,banglasarc3_binary,7
4ac1dba701f4fda5,1,1,-0.83984375,1.015625,0.13523208079351787,0.8647679192064821,0.8002438179317114,dann_matched,banglasarc_binary+ben_sarc_binary,banglasarc3_binary,7
a13bde6d3c5bb87a,0,0,1.21875,-1.140625,0.9136765234137297,0.08632347658627028,0.8002438179317114,dann_matched,banglasarc_binary+ben_sarc_binary,banglasarc3_binary,7
9f92c9c63ab16ba9,1,1,-0.61328125,0.6484375,0.22067816087759426,0.7793218391224057,0.8002438179317114,dann_matched,banglasarc_binary+ben_sarc_binary,banglasarc3_binary,7
e70632ab44b95d37,1,0,0.94921875,-0.84765625,0.8577681049901036,0.1422318950098963,0.8002438179317114,dann_matched,banglasarc_binary+ben_sarc_binary,banglasarc3_binary,7
e1e95dc7d5fd4fe7,0,0,0.18261719,0.060791016,0.5304189300980002,0.46958106990199977,0.8002438179317114,dann_matched,banglasarc_binary+ben_sarc_binary,banglasarc3_binary,7
cf43563beef479bd,1,0,0.50390625,-0.29492188,0.6897237499113223,0.31027625008867765,0.8002438179317114,dann_matched,banglasarc_binary+ben_sarc_binary,banglasarc3_binary,7
9f9b2bac0fb579a1,1,0,0.47265625,-0.2109375,0.6645403126074702,0.3354596873925299,0.8002438179317114,dann_matched,banglasarc_binary+ben_sarc_binary,banglasarc3_binary,7
64261898e8263c33,0,0,0.38671875,-0.15429688,0.6320486463511595,0.36795135364884046,0.8002438179317114,dann_matched,banglasarc_binary+ben_sarc_binary,banglasarc3_binary,7
2584524d390cdfab,1,0,0.81640625,-0.6328125,0.8098781697309154,0.19012183026908458,0.8002438179317114,dann_matched,banglasarc_binary+ben_sarc_binary,banglasarc3_binary,7
257a7560d1ab7c7e,0,1,-0.57421875,0.69140625,0.22000709974589314,0.7799929002541067,0.8002438179317114,dann_matched,banglasarc_binary+ben_sarc_binary,banglasarc3_binary,7
2f14c0092aa7ca57,1,1,-0.009765625,0.359375,0.40874869317441304,0.5912513068255869,0.8002438179317114,dann_matched,banglasarc_binary+ben_sarc_binary,banglasarc3_binary,7
342881c8a15bad16,0,1,-0.3671875,0.46289062,0.3036285513091451,0.6963714486908549,0.8002438179317114,dann_matched,banglasarc_binary+ben_sarc_binary,banglasarc3_binary,7
43f923ef5eb8a6f5,0,0,0.62109375,-0.29296875,0.713830756042477,0.2861692439575231,0.8002438179317114,dann_matched,banglasarc_binary+ben_sarc_binary,banglasarc3_binary,7
ee6f09f058aef096,1,0,0.796875,-0.578125,0.7981867777396212,0.20181322226037882,0.8002438179317114,dann_matched,banglasarc_binary+ben_sarc_binary,banglasarc3_binary,7
923b266511af9ccd,1,0,1.1015625,-0.96875,0.8879840490799963,0.11201595092000367,0.8002438179317114,dann_matched,banglasarc_binary+ben_sarc_binary,banglasarc3_binary,7
405b3d840ad271a8,0,1,-0.42578125,0.66015625,0.2523840452764101,0.74761595472359,0.8002438179317114,dann_matched,banglasarc_binary+ben_sarc_binary,banglasarc3_binary,7
dab992c0f3dc01a0,0,1,-0.54296875,0.70703125,0.22270013882530884,0.7772998611746911,0.8002438179317114,dann_matched,banglasarc_binary+ben_sarc_binary,banglasarc3_binary,7
667af3eb14934a3e,0,0,1.46875,-1.4296875,0.9477691428985743,0.052230857101425734,0.8002438179317114,dann_matched,banglasarc_binary+ben_sarc_binary,banglasarc3_binary,7
b564fa9b23515ed0,1,1,-0.375,0.5703125,0.2798284924581987,0.7201715075418013,0.8002438179317114,dann_matched,banglasarc_binary+ben_sarc_binary,banglasarc3_binary,7
66d2aff5fc2e61bc,0,0,1.0546875,-0.80078125,0.8647679192064821,0.13523208079351787,0.8002438179317114,dann_matched,banglasarc_binary+ben_sarc_binary,banglasarc3_binary,7
d3a8233595cb8024,0,0,1.25,-0.984375,0.9032942067038784,0.09670579329612154,0.8002438179317114,dann_matched,banglasarc_binary+ben_sarc_binary,banglasarc3_binary,7
1d769f0a19572287,1,1,-0.15332031,0.43554688,0.35689481628678776,0.6431051837132121,0.8002438179317114,dann_matched,banglasarc_binary+ben_sarc_binary,banglasarc3_binary,7
3fee32aadfaf6383,0,0,0.73046875,-0.39257812,0.7545534430129951,0.24544655698700496,0.8002438179317114,dann_matched,banglasarc_binary+ben_sarc_binary,banglasarc3_binary,7
114b54f8ea927149,1,0,0.11621094,0.056884766,0.5148271944142943,0.48517280558570575,0.8002438179317114,dann_matched,banglasarc_binary+ben_sarc_binary,banglasarc3_binary,7
f8e88475333512af,1,1,-0.48828125,0.70703125,0.23231014609688014,0.76768985390312,0.8002438179317114,dann_matched,banglasarc_binary+ben_sarc_binary,banglasarc3_binary,7
7a2afdf85b0e4a57,1,0,0.39453125,-0.26171875,0.658417500561683,0.341582499438317,0.8002438179317114,dann_matched,banglasarc_binary+ben_sarc_binary,banglasarc3_binary,7
92c430c72628f547,0,0,1.109375,-1.078125,0.8991213772699436,0.10087862273005653,0.8002438179317114,dann_matched,banglasarc_binary+ben_sarc_binary,banglasarc3_binary,7
26dc21d32e9a6348,1,1,-0.56640625,0.65625,0.22746933775537556,0.7725306622446245,0.8002438179317114,dann_matched,banglasarc_binary+ben_sarc_binary,banglasarc3_binary,7
d08da382f5aa6fd6,1,1,-0.17089844,0.22753906,0.40168780512292046,0.5983121948770795,0.8002438179317114,dann_matched,banglasarc_binary+ben_sarc_binary,banglasarc3_binary,7
ff9a012f3a431db5,1,1,-0.328125,0.5625,0.29098086621490676,0.7090191337850932,0.8002438179317114,dann_matched,banglasarc_binary+ben_sarc_binary,banglasarc3_binary,7
55386c020543c40f,1,1,-1.1640625,1.125,0.09203286011100995,0.90796713988899,0.8002438179317114,dann_matched,banglasarc_binary+ben_sarc_binary,banglasarc3_binary,7
017099e7610a6f6c,1,0,0.76953125,-0.5859375,0.7950222638482464,0.20497773615175374,0.8002438179317114,dann_matched,banglasarc_binary+ben_sarc_binary,banglasarc3_binary,7
f016ba0cc1c77d81,1,0,0.43359375,-0.36132812,0.6888871743462827,0.31111282565371734,0.8002438179317114,dann_matched,banglasarc_binary+ben_sarc_binary,banglasarc3_binary,7
bbbc6d295b42948d,0,0,0.23535156,0.091796875,0.535827165965063,0.4641728340349369,0.8002438179317114,dann_matched,banglasarc_binary+ben_sarc_binary,banglasarc3_binary,7
8a6ec5d8b3140bbc,1,0,0.13085938,0.0703125,0.5151320962727542,0.48486790372724575,0.8002438179317114,dann_matched,banglasarc_binary+ben_sarc_binary,banglasarc3_binary,7
52f3e5cbfe71dd90,0,0,1.3515625,-1.3671875,0.9381240142763573,0.061875985723642724,0.8002438179317114,dann_matched,banglasarc_binary+ben_sarc_binary,banglasarc3_binary,7
6311c3f6e9111661,1,1,-0.83984375,0.96875,0.14080816966793647,0.8591918303320635,0.8002438179317114,dann_matched,banglasarc_binary+ben_sarc_binary,banglasarc3_binary,7
ab531d6915b77591,1,1,-0.41796875,0.61328125,0.26284183737131667,0.7371581626286834,0.8002438179317114,dann_matched,banglasarc_binary+ben_sarc_binary,banglasarc3_binary,7
c8d4191a4c0034b0,0,1,-0.0703125,0.14453125,0.4464947117109947,0.5535052882890054,0.8002438179317114,dann_matched,banglasarc_binary+ben_sarc_binary,banglasarc3_binary,7
78f45826d9c886c2,1,1,-0.62109375,0.6640625,0.21667379410865026,0.7833262058913498,0.8002438179317114,dann_matched,banglasarc_binary+ben_sarc_binary,banglasarc3_binary,7
f5080918cb703e26,1,1,-0.84765625,0.80078125,0.16132023775174625,0.8386797622482537,0.8002438179317114,dann_matched,banglasarc_binary+ben_sarc_binary,banglasarc3_binary,7
50855678cee37752,0,0,1.734375,-1.6015625,0.965641310666991,0.03435868933300902,0.8002438179317114,dann_matched,banglasarc_binary+ben_sarc_binary,banglasarc3_binary,7
0e861cdeb8d4ab68,1,1,-0.90234375,1.046875,0.12463857053608371,0.8753614294639163,0.8002438179317114,dann_matched,banglasarc_binary+ben_sarc_binary,banglasarc3_binary,7
6aa0691388dde3ef,0,1,-0.14746094,0.3671875,0.3741044570584383,0.6258955429415617,0.8002438179317114,dann_matched,banglasarc_binary+ben_sarc_binary,banglasarc3_binary,7
ac035386ab80b4e6,1,1,-0.08105469,0.3046875,0.40474270119884415,0.595257298801156,0.8002438179317114,dann_matched,banglasarc_binary+ben_sarc_binary,banglasarc3_binary,7
e76a1038723dc5eb,1,1,-0.017211914,0.1640625,0.4548050890444801,0.54519491095552,0.8002438179317114,dann_matched,banglasarc_binary+ben_sarc_binary,banglasarc3_binary,7
ff922cbca8785282,1,0,0.82421875,-0.64453125,0.8128673178375735,0.1871326821624266,0.8002438179317114,dann_matched,banglasarc_binary+ben_sarc_binary,banglasarc3_binary,7
66a6d7fc7c022153,1,0,0.74609375,-0.64453125,0.8006920020959544,0.19930799790404563,0.8002438179317114,dann_matched,banglasarc_binary+ben_sarc_binary,banglasarc3_binary,7
6f920e614b465135,0,1,-0.23730469,0.37109375,0.3524246224815365,0.6475753775184635,0.8002438179317114,dann_matched,banglasarc_binary+ben_sarc_binary,banglasarc3_binary,7
a3046e4436328bea,1,1,-0.421875,0.50390625,0.2837813906831087,0.7162186093168913,0.8002438179317114,dann_matched,banglasarc_binary+ben_sarc_binary,banglasarc3_binary,7
226afc1f08fe0780,0,0,1.5234375,-1.2109375,0.9390248191350352,0.06097518086496481,0.8002438179317114,dann_matched,banglasarc_binary+ben_sarc_binary,banglasarc3_binary,7
9924815a000de0cd,0,0,0.96484375,-0.8203125,0.8563323913156724,0.14366760868432768,0.8002438179317114,dann_matched,banglasarc_binary+ben_sarc_binary,banglasarc3_binary,7
71c861c5ca9ae94c,0,0,1.4296875,-1.28125,0.9376689641180752,0.06233103588192476,0.8002438179317114,dann_matched,banglasarc_binary+ben_sarc_binary,banglasarc3_binary,7
9a8af6572f036955,1,0,0.69140625,-0.5234375,0.7711548724998493,0.22884512750015074,0.8002438179317114,dann_matched,banglasarc_binary+ben_sarc_binary,banglasarc3_binary,7
148f42b7e3a77173,1,1,-0.5703125,0.625,0.23231014609688014,0.76768985390312,0.8002438179317114,dann_matched,banglasarc_binary+ben_sarc_binary,banglasarc3_binary,7
4a3ebc4e56a23695,0,1,-0.10058594,0.296875,0.4019225295072036,0.5980774704927965,0.8002438179317114,dann_matched,banglasarc_binary+ben_sarc_binary,banglasarc3_binary,7
9884f74105725ac3,0,0,0.66796875,-0.43945312,0.7516481568828648,0.24835184311713518,0.8002438179317114,dann_matched,banglasarc_binary+ben_sarc_binary,banglasarc3_binary,7
bc7aa60f495fb7a9,0,1,-0.87109375,0.96875,0.137069773035303,0.862930226964697,0.8002438179317114,dann_matched,banglasarc_binary+ben_sarc_binary,banglasarc3_binary,7
1a19fa077638051f,0,0,1.859375,-2.0625,0.9805806518175514,0.0194193481824486,0.8002438179317114,dann_matched,banglasarc_binary+ben_sarc_binary,banglasarc3_binary,7
bbac56b00ec41b2d,1,0,0.13378906,-0.0012207031,0.5337012657483949,0.4662987342516052,0.8002438179317114,dann_matched,banglasarc_binary+ben_sarc_binary,banglasarc3_binary,7
1ee3ab9f5f73d8e3,0,1,-0.7265625,0.7734375,0.18242552380635632,0.8175744761936437,0.8002438179317114,dann_matched,banglasarc_binary+ben_sarc_binary,banglasarc3_binary,7
0a70db745aa8febf,1,1,-0.9453125,1.0546875,0.11920292202211755,0.8807970779778823,0.8002438179317114,dann_matched,banglasarc_binary+ben_sarc_binary,banglasarc3_binary,7
a831521b5fade0b4,0,0,0.30078125,0.038085938,0.5652987435060433,0.4347012564939568,0.8002438179317114,dann_matched,banglasarc_binary+ben_sarc_binary,banglasarc3_binary,7
aee1e0859bd82e49,0,0,0.41796875,-0.123046875,0.6320486463511595,0.36795135364884046,0.8002438179317114,dann_matched,banglasarc_binary+ben_sarc_binary,banglasarc3_binary,7
14c1d9b31ee9da91,0,0,0.98046875,-0.8125,0.8572908683973974,0.1427091316026025,0.8002438179317114,dann_matched,banglasarc_binary+ben_sarc_binary,banglasarc3_binary,7
0b3f384c234e0487,1,1,-0.41796875,0.48632812,0.28816828925354526,0.7118317107464548,0.8002438179317114,dann_matched,banglasarc_binary+ben_sarc_binary,banglasarc3_binary,7
ba3b5a884606387b,1,1,-0.10888672,0.27929688,0.40415463989451705,0.595845360105483,0.8002438179317114,dann_matched,banglasarc_binary+ben_sarc_binary,banglasarc3_binary,7
d93424c4b5243f73,0,0,1.9375,-1.8671875,0.9782188286685003,0.021781171331499802,0.8002438179317114,dann_matched,banglasarc_binary+ben_sarc_binary,banglasarc3_binary,7
b7e8e4540b6277b4,0,0,0.49609375,-0.41601562,0.7134316121126845,0.28656838788731553,0.8002438179317114,dann_matched,banglasarc_binary+ben_sarc_binary,banglasarc3_binary,7
dfa9f26844b0493f,1,1,-0.078125,0.36328125,0.3914059390883863,0.6085940609116138,0.8002438179317114,dann_matched,banglasarc_binary+ben_sarc_binary,banglasarc3_binary,7
c63b2cd906f1ec56,1,1,-0.7890625,0.86328125,0.16079243661397521,0.8392075633860248,0.8002438179317114,dann_matched,banglasarc_binary+ben_sarc_binary,banglasarc3_binary,7
30f04a8c49d82a1e,1,0,0.55078125,-0.33984375,0.7090191337850932,0.29098086621490676,0.8002438179317114,dann_matched,banglasarc_binary+ben_sarc_binary,banglasarc3_binary,7
f53841d746ae3cd5,1,0,1.28125,-1.3046875,0.9299510391228232,0.07004896087717674,0.8002438179317114,dann_matched,banglasarc_binary+ben_sarc_binary,banglasarc3_binary,7
78b23bee083f3547,0,1,-0.30859375,0.671875,0.2727987833151383,0.7272012166848617,0.8002438179317114,dann_matched,banglasarc_binary+ben_sarc_binary,banglasarc3_binary,7
57f53209ea014911,0,0,1.1171875,-1.03125,0.8955226768697631,0.10447732313023693,0.8002438179317114,dann_matched,banglasarc_binary+ben_sarc_binary,banglasarc3_binary,7
6bfa33ebacfeda42,1,1,-1.03125,1.1171875,0.10447732313023693,0.8955226768697631,0.8002438179317114,dann_matched,banglasarc_binary+ben_sarc_binary,banglasarc3_binary,7
188035f94f43d5ab,0,0,1.2734375,-1.34375,0.9319595797274409,0.06804042027255897,0.8002438179317114,dann_matched,banglasarc_binary+ben_sarc_binary,banglasarc3_binary,7
a9c618cbe59ac37d,1,1,-1.0,1.109375,0.10818895456207035,0.8918110454379297,0.8002438179317114,dann_matched,banglasarc_binary+ben_sarc_binary,banglasarc3_binary,7
7ef070492a733c38,0,1,-0.28515625,0.53515625,0.3056973288424214,0.6943026711575786,0.8002438179317114,dann_matched,banglasarc_binary+ben_sarc_binary,banglasarc3_binary,7
c367988694c84530,0,1,0.10546875,0.171875,0.48340453559462787,0.5165954644053721,0.8002438179317114,dann_matched,banglasarc_binary+ben_sarc_binary,banglasarc3_binary,7
18d391b119c1644a,1,0,1.625,-1.546875,0.9597620573763841,0.04023794262361602,0.8002438179317114,dann_matched,banglasarc_binary+ben_sarc_binary,banglasarc3_binary,7
4faab331ced87a08,0,0,0.65234375,-0.3046875,0.7225270183691288,0.2774729816308713,0.8002438179317114,dann_matched,banglasarc_binary+ben_sarc_binary,banglasarc3_binary,7
977b72c19a26ad0b,0,0,1.6953125,-1.7578125,0.9693241982893259,0.030675801710674105,0.8002438179317114,dann_matched,banglasarc_binary+ben_sarc_binary,banglasarc3_binary,7
6517e05a5287776b,0,1,0.036132812,0.22558594,0.45277787761207444,0.5472221223879256,0.8002438179317114,dann_matched,banglasarc_binary+ben_sarc_binary,banglasarc3_binary,7
ee6dbf89dce4e2bb,1,1,-0.5859375,0.6640625,0.22270013882530884,0.7772998611746911,0.8002438179317114,dann_matched,banglasarc_binary+ben_sarc_binary,banglasarc3_binary,7
ccf32cdc3d0775ad,1,1,-0.6484375,0.89453125,0.17610412024315097,0.823895879756849,0.8002438179317114,dann_matched,banglasarc_binary+ben_sarc_binary,banglasarc3_binary,7
4da5e414258db266,0,0,0.85546875,-0.734375,0.8305941186502768,0.16940588134972326,0.8002438179317114,dann_matched,banglasarc_binary+ben_sarc_binary,banglasarc3_binary,7
60ac14a8affe8358,1,1,-0.50390625,0.609375,0.2472596683432263,0.7527403316567737,0.8002438179317114,dann_matched,banglasarc_binary+ben_sarc_binary,banglasarc3_binary,7
c82b770796c8cf66,1,0,0.171875,-0.02758789,0.5497010502855016,0.4502989497144983,0.8002438179317114,dann_matched,banglasarc_binary+ben_sarc_binary,banglasarc3_binary,7
f5fd2d4cdc3bc132,1,0,0.31640625,-0.0859375,0.5992506407605962,0.4007493592394038,0.8002438179317114,dann_matched,banglasarc_binary+ben_sarc_binary,banglasarc3_binary,7
94f3c9ec4b1c85a4,1,0,0.9453125,-1.015625,0.8766343756272444,0.12336562437275558,0.8002438179317114,dann_matched,banglasarc_binary+ben_sarc_binary,banglasarc3_binary,7
5a10d03482f58dbf,1,1,-0.34765625,0.3515625,0.33198546376791266,0.6680145362320873,0.8002438179317114,dann_matched,banglasarc_binary+ben_sarc_binary,banglasarc3_binary,7
acbcf17308c9467e,1,1,-0.7890625,0.88671875,0.1576549093940152,0.8423450906059847,0.8002438179317114,dann_matched,banglasarc_binary+ben_sarc_binary,banglasarc3_binary,7
efc06bd7dc0335d5,1,1,-0.45703125,0.53125,0.2712516965968936,0.7287483034031065,0.8002438179317114,dann_matched,banglasarc_binary+ben_sarc_binary,banglasarc3_binary,7
ed59d0f7934d3996,0,1,-0.72265625,0.828125,0.17497346003387607,0.825026539966124,0.8002438179317114,dann_matched,banglasarc_binary+ben_sarc_binary,banglasarc3_binary,7
562d6d6d9b6ae4be,1,1,-0.23828125,0.34570312,0.3580163052562437,0.6419836947437564,0.8002438179317114,dann_matched,banglasarc_binary+ben_sarc_binary,banglasarc3_binary,7
f32e502d7c88ac0b,1,1,-0.76171875,0.84765625,0.16667540468797667,0.8333245953120233,0.8002438179317114,dann_matched,banglasarc_binary+ben_sarc_binary,banglasarc3_binary,7
8e5d3f2f373f5e29,0,0,0.58984375,-0.23339844,0.694924132784345,0.30507586721565505,0.8002438179317114,dann_matched,banglasarc_binary+ben_sarc_binary,banglasarc3_binary,7
9207c873bbd453c3,0,0,1.6328125,-1.6953125,0.9653811611608242,0.03461883883917583,0.8002438179317114,dann_matched,banglasarc_binary+ben_sarc_binary,banglasarc3_binary,7
89156813be6db8c4,1,0,0.703125,-0.578125,0.7826624789529376,0.21733752104706247,0.8002438179317114,dann_matched,banglasarc_binary+ben_sarc_binary,banglasarc3_binary,7
8b10125a3aa18362,1,0,0.609375,-0.41992188,0.7367795576803814,0.26322044231961855,0.8002438179317114,dann_matched,banglasarc_binary+ben_sarc_binary,banglasarc3_binary,7
1ab10ab51e82c702,0,1,-0.35546875,0.55859375,0.2861692439575231,0.713830756042477,0.8002438179317114,dann_matched,banglasarc_binary+ben_sarc_binary,banglasarc3_binary,7
0c97107ad69abd97,0,0,1.3046875,-1.1484375,0.9207896758909757,0.07921032410902437,0.8002438179317114,dann_matched,banglasarc_binary+ben_sarc_binary,banglasarc3_binary,7
319378441192755c,1,0,0.30078125,-0.04711914,0.586108336688044,0.41389166331195604,0.8002438179317114,dann_matched,banglasarc_binary+ben_sarc_binary,banglasarc3_binary,7
da5927d625a7e992,0,1,-0.89453125,0.96484375,0.1347759174229568,0.8652240825770433,0.8002438179317114,dann_matched,banglasarc_binary+ben_sarc_binary,banglasarc3_binary,7
f948aa239ae79172,0,0,0.5859375,-0.21679688,0.6905590864098664,0.30944091359013354,0.8002438179317114,dann_matched,banglasarc_binary+ben_sarc_binary,banglasarc3_binary,7
b98ee8eae2d4d6c2,1,1,-0.94140625,1.0390625,0.1212688777402316,0.8787311222597683,0.8002438179317114,dann_matched,banglasarc_binary+ben_sarc_binary,banglasarc3_binary,7
2c4933c952f7fae0,1,1,-0.76171875,0.91796875,0.1571368534705856,0.8428631465294143,0.8002438179317114,dann_matched,banglasarc_binary+ben_sarc_binary,banglasarc3_binary,7
5611174ac8f322d9,0,0,1.578125,-1.6875,0.9632305339244013,0.036769466075598736,0.8002438179317114,dann_matched,banglasarc_binary+ben_sarc_binary,banglasarc3_binary,7
a68c6a0d2e4a0d44,0,0,0.515625,-0.28710938,0.6905590864098664,0.30944091359013354,0.8002438179317114,dann_matched,banglasarc_binary+ben_sarc_binary,banglasarc3_binary,7
f0beee1358ba6702,1,1,-0.375,0.5625,0.28140560742914383,0.7185943925708561,0.8002438179317114,dann_matched,banglasarc_binary+ben_sarc_binary,banglasarc3_binary,7
9dd87b3601b59c5e,1,0,0.9296875,-0.640625,0.8278281530486042,0.17217184695139578,0.8002438179317114,dann_matched,banglasarc_binary+ben_sarc_binary,banglasarc3_binary,7
059d63cf1f988857,0,1,-0.6953125,0.83203125,0.1783826593316426,0.8216173406683573,0.8002438179317114,dann_matched,banglasarc_binary+ben_sarc_binary,banglasarc3_binary,7
205492061bc3b836,1,1,-0.37109375,0.5078125,0.2934044820389496,0.7065955179610504,0.8002438179317114,dann_matched,banglasarc_binary+ben_sarc_binary,banglasarc3_binary,7
ba85309fe6f0de09,1,1,-0.07519531,0.34765625,0.3958345980320936,0.6041654019679065,0.8002438179317114,dann_matched,banglasarc_binary+ben_sarc_binary,banglasarc3_binary,7
34cf41d51399f927,1,1,-0.73828125,0.875,0.1661335534168026,0.8338664465831974,0.8002438179317114,dann_matched,banglasarc_binary+ben_sarc_binary,banglasarc3_binary,7
8f9e66d0954319bd,1,1,-0.453125,0.5234375,0.27357439102480946,0.7264256089751905,0.8002438179317114,dann_matched,banglasarc_binary+ben_sarc_binary,banglasarc3_binary,7
7aea9964e3bab268,0,1,-0.46875,0.62890625,0.25017930009106876,0.7498206999089312,0.8002438179317114,dann_matched,banglasarc_binary+ben_sarc_binary,banglasarc3_binary,7
34262aaf029abe9c,0,0,1.2421875,-1.1484375,0.91610961358942,0.08389038641057993,0.8002438179317114,dann_matched,banglasarc_binary+ben_sarc_binary,banglasarc3_binary,7
afc98c7da489d792,0,0,0.97265625,-0.76953125,0.8509647055213694,0.14903529447863062,0.8002438179317114,dann_matched,banglasarc_binary+ben_sarc_binary,banglasarc3_binary,7
87ca816cf9ca3a57,0,0,1.8515625,-2.03125,0.97982268167713,0.02017731832286999,0.8002438179317114,dann_matched,banglasarc_binary+ben_sarc_binary,banglasarc3_binary,7
b8705f91611e42fd,1,1,-0.5234375,0.6484375,0.23651623644570763,0.7634837635542924,0.8002438179317114,dann_matched,banglasarc_binary+ben_sarc_binary,banglasarc3_binary,7
9b4172a29427d096,1,1,-1.109375,1.171875,0.09268777863937604,0.9073122213606241,0.8002438179317114,dann_matched,banglasarc_binary+ben_sarc_binary,banglasarc3_binary,7
d41615dc78dfd442,0,0,0.8984375,-0.5859375,0.8152324893520001,0.184767510648,0.8002438179317114,dann_matched,banglasarc_binary+ben_sarc_binary,banglasarc3_binary,7
3b570bff1dc82229,1,1,-0.092285156,0.21386719,0.4240541848686391,0.575945815131361,0.8002438179317114,dann_matched,banglasarc_binary+ben_sarc_binary,banglasarc3_binary,7
a14957fec3333e4d,1,1,-0.18359375,0.37695312,0.3634209328406997,0.6365790671593003,0.8002438179317114,dann_matched,banglasarc_binary+ben_sarc_binary,banglasarc3_binary,7
434aefb45c633a6e,1,1,-0.46484375,0.60546875,0.2553436598562066,0.7446563401437933,0.8002438179317114,dann_matched,banglasarc_binary+ben_sarc_binary,banglasarc3_binary,7
cb001950d002af6a,0,0,1.4140625,-1.34375,0.9403530570548787,0.0596469429451214,0.8002438179317114,dann_matched,banglasarc_binary+ben_sarc_binary,banglasarc3_binary,7
bde02cf99aa6475c,0,0,1.625,-1.5546875,0.9600626857930734,0.0399373142069266,0.8002438179317114,dann_matched,banglasarc_binary+ben_sarc_binary,banglasarc3_binary,7
d59a0afee6d44b0f,1,1,-0.19433594,0.22851562,0.3958345980320936,0.6041654019679065,0.8002438179317114,dann_matched,banglasarc_binary+ben_sarc_binary,banglasarc3_binary,7
53e03d54e9f7c1ed,1,0,0.16015625,0.03173828,0.532060444759686,0.467939555240314,0.8002438179317114,dann_matched,banglasarc_binary+ben_sarc_binary,banglasarc3_binary,7
2922023d8f4b1469,0,1,-0.22460938,0.49804688,0.326808326973978,0.6731916730260219,0.8002438179317114,dann_matched,banglasarc_binary+ben_sarc_binary,banglasarc3_binary,7
9a38672a43ee4277,1,1,-0.28125,0.359375,0.3451052709578724,0.6548947290421275,0.8002438179317114,dann_matched,banglasarc_binary+ben_sarc_binary,banglasarc3_binary,7
7d708b93f7458e17,0,0,1.9765625,-1.96875,0.9810219632882344,0.01897803671176563,0.8002438179317114,dann_matched,banglasarc_binary+ben_sarc_binary,banglasarc3_binary,7
123e910b36e0446d,0,0,1.6953125,-1.6171875,0.9648551535992067,0.03514484640079327,0.8002438179317114,dann_matched,banglasarc_binary+ben_sarc_binary,banglasarc3_binary,7
5dc46488541a62ec,1,1,-0.99609375,1.078125,0.11162799104060678,0.8883720089593933,0.8002438179317114,dann_matched,banglasarc_binary+ben_sarc_binary,banglasarc3_binary,7
e52a1f58f51e0c0a,1,1,-0.07324219,0.29296875,0.4094569089509176,0.5905430910490824,0.8002438179317114,dann_matched,banglasarc_binary+ben_sarc_binary,banglasarc3_binary,7
9b0ea3fdc41c9127,0,0,0.45703125,-0.19628906,0.657758296956317,0.34224170304368307,0.8002438179317114,dann_matched,banglasarc_binary+ben_sarc_binary,banglasarc3_binary,7
6013016338f9c6dd,0,0,0.875,-0.59375,0.8128673178375735,0.1871326821624266,0.8002438179317114,dann_matched,banglasarc_binary+ben_sarc_binary,banglasarc3_binary,7
5e41f878680dab10,0,0,1.296875,-1.0625,0.9136765234137297,0.08632347658627028,0.8002438179317114,dann_matched,banglasarc_binary+ben_sarc_binary,banglasarc3_binary,7
f86040734ae27c6d,1,1,-0.73046875,0.8203125,0.17497346003387607,0.825026539966124,0.8002438179317114,dann_matched,banglasarc_binary+ben_sarc_binary,banglasarc3_binary,7
d10cccce1b8473e7,0,1,-0.57421875,0.71875,0.2153507429786673,0.7846492570213327,0.8002438179317114,dann_matched,banglasarc_binary+ben_sarc_binary,banglasarc3_binary,7
24135986932e677c,1,0,0.6796875,-0.58203125,0.7793218391224057,0.22067816087759426,0.8002438179317114,dann_matched,banglasarc_binary+ben_sarc_binary,banglasarc3_binary,7
7514b989309b1d9c,0,0,0.66015625,-0.33007812,0.7291342133145163,0.27086578668548367,0.8002438179317114,dann_matched,banglasarc_binary+ben_sarc_binary,banglasarc3_binary,7
ce110dc8185ae08e,1,1,-0.10253906,0.36328125,0.3856059954700787,0.6143940045299212,0.8002438179317114,dann_matched,banglasarc_binary+ben_sarc_binary,banglasarc3_binary,7
cb27ebe4bead824c,1,0,0.72265625,-0.5546875,0.7819972846876342,0.21800271531236584,0.8002438179317114,dann_matched,banglasarc_binary+ben_sarc_binary,banglasarc3_binary,7
bc540917f9b7c71d,1,1,-0.7109375,0.7421875,0.18952109132967757,0.8104789086703224,0.8002438179317114,dann_matched,banglasarc_binary+ben_sarc_binary,banglasarc3_binary,7
4ffffbe307d0a83a,0,0,1.328125,-1.109375,0.9196425311777929,0.08035746882220708,0.8002438179317114,dann_matched,banglasarc_binary+ben_sarc_binary,banglasarc3_binary,7
b4323b5c74f8fc36,0,0,1.0234375,-0.91015625,0.8736466603593868,0.12635333964061335,0.8002438179317114,dann_matched,banglasarc_binary+ben_sarc_binary,banglasarc3_binary,7
ad6cc5fb265960cc,0,1,-0.4140625,0.5625,0.27357439102480946,0.7264256089751905,0.8002438179317114,dann_matched,banglasarc_binary+ben_sarc_binary,banglasarc3_binary,7
d39ddcf24d6d9189,0,1,-0.54296875,0.66015625,0.23091976292927183,0.7690802370707283,0.8002438179317114,dann_matched,banglasarc_binary+ben_sarc_binary,banglasarc3_binary,7
f38d81be661a4b8f,1,1,-0.5625,0.671875,0.2254166158350767,0.7745833841649233,0.8002438179317114,dann_matched,banglasarc_binary+ben_sarc_binary,banglasarc3_binary,7
c511137eaf00d6b1,1,1,-0.640625,0.77734375,0.1949802170214588,0.8050197829785412,0.8002438179317114,dann_matched,banglasarc_binary+ben_sarc_binary,banglasarc3_binary,7
3cb9b64cd0bcd1c4,1,1,-0.4140625,0.62890625,0.2605775779131141,0.7394224220868858,0.8002438179317114,dann_matched,banglasarc_binary+ben_sarc_binary,banglasarc3_binary,7
44e81fb71fafc5f6,1,1,-0.796875,0.89453125,0.15559099407709326,0.8444090059229068,0.8002438179317114,dann_matched,banglasarc_binary+ben_sarc_binary,banglasarc3_binary,7
1f6366dc8c87721e,0,1,-0.23144531,0.46679688,0.33220207264625967,0.6677979273537404,0.8002438179317114,dann_matched,banglasarc_binary+ben_sarc_binary,banglasarc3_binary,7
406b7cc3a0445691,1,1,-0.88671875,1.03125,0.1280882483446611,0.8719117516553389,0.8002438179317114,dann_matched,banglasarc_binary+ben_sarc_binary,banglasarc3_binary,7
35cf36bc3d8642ab,0,1,-0.3203125,0.54296875,0.29665425467899115,0.7033457453210089,0.8002438179317114,dann_matched,banglasarc_binary+ben_sarc_binary,banglasarc3_binary,7
57cd7fdd60d1667d,1,1,-0.3046875,0.38867188,0.33328618068108656,0.6667138193189135,0.8002438179317114,dann_matched,banglasarc_binary+ben_sarc_binary,banglasarc3_binary,7
0bb1548e56ec97e6,1,0,1.265625,-1.25,0.9252299570920387,0.07477004290796138,0.8002438179317114,dann_matched,banglasarc_binary+ben_sarc_binary,banglasarc3_binary,7
8e8b85d15b47827c,1,0,0.66796875,-0.46484375,0.7563575624625937,0.24364243753740636,0.8002438179317114,dann_matched,banglasarc_binary+ben_sarc_binary,banglasarc3_binary,7
fae8d93fe40b415d,1,1,-0.61328125,0.82421875,0.19193278644723683,0.8080672135527632,0.8002438179317114,dann_matched,banglasarc_binary+ben_sarc_binary,banglasarc3_binary,7
12e6dab580637364,1,0,0.11816406,0.05078125,0.5168393321042173,0.48316066789578277,0.8002438179317114,dann_matched,banglasarc_binary+ben_sarc_binary,banglasarc3_binary,7
c63614053bc8ae28,0,0,0.19628906,-0.0017089844,0.5493384314614705,0.4506615685385295,0.8002438179317114,dann_matched,banglasarc_binary+ben_sarc_binary,banglasarc3_binary,7
e567c1f8bb54ed53,0,1,-0.24023438,0.47851562,0.3276683008207139,0.672331699179286,0.8002438179317114,dann_matched,banglasarc_binary+ben_sarc_binary,banglasarc3_binary,7
b24c7e2e479c102f,0,0,1.7578125,-1.8515625,0.9736446471538801,0.02635535284611975,0.8002438179317114,dann_matched,banglasarc_binary+ben_sarc_binary,banglasarc3_binary,7
8ed4645228916f02,0,0,0.97265625,-0.81640625,0.8568122978174237,0.1431877021825763,0.8002438179317114,dann_matched,banglasarc_binary+ben_sarc_binary,banglasarc3_binary,7
f59c42c49edda760,0,0,0.53125,-0.265625,0.689305616785446,0.31069438321455395,0.8002438179317114,dann_matched,banglasarc_binary+ben_sarc_binary,banglasarc3_binary,7
d760334e952c9d53,0,0,1.7421875,-1.5703125,0.9648551535992067,0.03514484640079327,0.8002438179317114,dann_matched,banglasarc_binary+ben_sarc_binary,banglasarc3_binary,7
98f8544b2ea323d3,0,0,0.48046875,-0.30078125,0.6859494550081925,0.31405054499180746,0.8002438179317114,dann_matched,banglasarc_binary+ben_sarc_binary,banglasarc3_binary,7
ce05c3fa0cc62627,0,0,1.046875,-0.765625,0.8596637505099167,0.14033624949008322,0.8002438179317114,dann_matched,banglasarc_binary+ben_sarc_binary,banglasarc3_binary,7
fdc64d7635cb59b2,0,0,0.7734375,-0.39453125,0.7627776615116516,0.2372223384883484,0.8002438179317114,dann_matched,banglasarc_binary+ben_sarc_binary,banglasarc3_binary,7
f93ea9b921c3c0f7,1,1,-0.18554688,0.40625,0.3562226740350589,0.643777325964941,0.8002438179317114,dann_matched,banglasarc_binary+ben_sarc_binary,banglasarc3_binary,7
2278f57caa613701,0,0,1.1875,-0.8984375,0.8895288461051276,0.11047115389487247,0.8002438179317114,dann_matched,banglasarc_binary+ben_sarc_binary,banglasarc3_binary,7
c25fe5e4766f241a,0,0,1.4765625,-1.4453125,0.9489172630429474,0.05108273695705249,0.8002438179317114,dann_matched,banglasarc_binary+ben_sarc_binary,banglasarc3_binary,7
572e4397ff6c9eb2,1,1,-0.6953125,0.83203125,0.1783826593316426,0.8216173406683573,0.8002438179317114,dann_matched,banglasarc_binary+ben_sarc_binary,banglasarc3_binary,7
9e94c5340c1e9e84,1,0,0.17675781,0.059814453,0.5292025668449671,0.47079743315503286,0.8002438179317114,dann_matched,banglasarc_binary+ben_sarc_binary,banglasarc3_binary,7
e0b7bf00262d60a7,0,0,0.84375,-0.46679688,0.7876046534649508,0.21239534653504913,0.8002438179317114,dann_matched,banglasarc_binary+ben_sarc_binary,banglasarc3_binary,7
7d5dcba04c7cbfc6,1,1,0.007080078,0.064453125,0.4856606714227803,0.5143393285772196,0.8002438179317114,dann_matched,banglasarc_binary+ben_sarc_binary,banglasarc3_binary,7
cd9fc03dbd82abcd,0,0,2.03125,-2.03125,0.9830850867332734,0.01691491326672651,0.8002438179317114,dann_matched,banglasarc_binary+ben_sarc_binary,banglasarc3_binary,7
54b803aa09d54185,1,1,-0.91015625,0.9609375,0.1334152172639784,0.8665847827360217,0.8002438179317114,dann_matched,banglasarc_binary+ben_sarc_binary,banglasarc3_binary,7
725ea8a5def6acac,0,0,1.8203125,-1.90625,0.9764905475924671,0.023509452407533014,0.8002438179317114,dann_matched,banglasarc_binary+ben_sarc_binary,banglasarc3_binary,7
56d6d68354837500,0,1,-0.017456055,0.18554688,0.4494228395945019,0.5505771604054981,0.8002438179317114,dann_matched,banglasarc_binary+ben_sarc_binary,banglasarc3_binary,7
da5033e533eee677,1,0,0.8515625,-0.86328125,0.8474634859343486,0.15253651406565133,0.8002438179317114,dann_matched,banglasarc_binary+ben_sarc_binary,banglasarc3_binary,7
ce347cf05f786fe0,1,0,0.33984375,-0.022460938,0.5895982192025765,0.41040178079742345,0.8002438179317114,dann_matched,banglasarc_binary+ben_sarc_binary,banglasarc3_binary,7
ea499bace09f44ce,1,1,-0.036376953,0.29101562,0.41887518398277324,0.5811248160172268,0.8002438179317114,dann_matched,banglasarc_binary+ben_sarc_binary,banglasarc3_binary,7
2ccc2f875d7de471,1,1,-0.328125,0.40234375,0.3250918718866066,0.6749081281133934,0.8002438179317114,dann_matched,banglasarc_binary+ben_sarc_binary,banglasarc3_binary,7
22e8efc34608d82d,0,1,0.115234375,0.15820312,0.48925946498202977,0.5107405350179702,0.8002438179317114,dann_matched,banglasarc_binary+ben_sarc_binary,banglasarc3_binary,7
040a68c1b02bd862,1,1,0.11621094,0.24023438,0.4690338234477697,0.5309661765522302,0.8002438179317114,dann_matched,banglasarc_binary+ben_sarc_binary,banglasarc3_binary,7
efde5d179b5fd873,1,0,1.15625,-1.109375,0.9059898203834277,0.09401017961657226,0.8002438179317114,dann_matched,banglasarc_binary+ben_sarc_binary,banglasarc3_binary,7
0b43510285b09eba,0,0,0.7109375,-0.6015625,0.7879311956428947,0.21206880435710532,0.8002438179317114,dann_matched,banglasarc_binary+ben_sarc_binary,banglasarc3_binary,7
dd4fae9961a88873,1,0,0.25390625,-0.016113281,0.5670976998525714,0.43290230014742864,0.8002438179317114,dann_matched,banglasarc_binary+ben_sarc_binary,banglasarc3_binary,7
121299f05ede0c91,1,1,-0.7421875,0.90234375,0.16184943726558834,0.8381505627344117,0.8002438179317114,dann_matched,banglasarc_binary+ben_sarc_binary,banglasarc3_binary,7
30a6096d2f7010ff,1,1,-0.33984375,0.55078125,0.29098086621490676,0.7090191337850932,0.8002438179317114,dann_matched,banglasarc_binary+ben_sarc_binary,banglasarc3_binary,7
a1bd9a0f27bbd51e,0,0,0.92578125,-0.890625,0.8601343465140441,0.13986565348595606,0.8002438179317114,dann_matched,banglasarc_binary+ben_sarc_binary,banglasarc3_binary,7
477fd95f302c284c,0,1,-0.50390625,0.625,0.24436300507078523,0.7556369949292148,0.8002438179317114,dann_matched,banglasarc_binary+ben_sarc_binary,banglasarc3_binary,7
8c8158a78b04bd05,1,0,0.8046875,-0.609375,0.804405915893501,0.19559408410649906,0.8002438179317114,dann_matched,banglasarc_binary+ben_sarc_binary,banglasarc3_binary,7
d094516197c5cc27,0,0,0.17871094,0.0045166016,0.5434387984588437,0.45656120154115637,0.8002438179317114,dann_matched,banglasarc_binary+ben_sarc_binary,banglasarc3_binary,7
9d3e29981c15d1c1,0,1,-0.37890625,0.60546875,0.2720245510940225,0.7279754489059775,0.8002438179317114,dann_matched,banglasarc_binary+ben_sarc_binary,banglasarc3_binary,7
fd31f5f3ca6c7a27,1,1,0.11328125,0.17480469,0.4846239903396561,0.5153760096603439,0.8002438179317114,dann_matched,banglasarc_binary+ben_sarc_binary,banglasarc3_binary,7
d2fa1859fec8bc19,0,0,0.734375,-0.54296875,0.7819972846876342,0.21800271531236584,0.8002438179317114,dann_matched,banglasarc_binary+ben_sarc_binary,banglasarc3_binary,7
50dbee0e7a539695,1,1,-0.15625,0.30273438,0.3872267859778932,0.6127732140221069,0.8002438179317114,dann_matched,banglasarc_binary+ben_sarc_binary,banglasarc3_binary,7
d2ebc3d3ea553892,1,0,1.390625,-1.328125,0.9381240142763573,0.061875985723642724,0.8002438179317114,dann_matched,banglasarc_binary+ben_sarc_binary,banglasarc3_binary,7
e15f93ee6c7733d1,1,0,0.6796875,-0.49609375,0.7641884136055329,0.2358115863944671,0.8002438179317114,dann_matched,banglasarc_binary+ben_sarc_binary,banglasarc3_binary,7
25e11947840674b6,1,1,-0.546875,0.6484375,0.23231014609688014,0.76768985390312,0.8002438179317114,dann_matched,banglasarc_binary+ben_sarc_binary,banglasarc3_binary,7
37ed4175676826d3,1,0,0.1875,0.140625,0.5117166047041654,0.4882833952958347,0.8002438179317114,dann_matched,banglasarc_binary+ben_sarc_binary,banglasarc3_binary,7
acf59b60bc703e78,0,1,-0.6328125,0.73046875,0.2037075306987091,0.7962924693012908,0.8002438179317114,dann_matched,banglasarc_binary+ben_sarc_binary,banglasarc3_binary,7
2dac047c35342cac,1,0,0.14941406,0.0703125,0.5197650857602569,0.48023491423974307,0.8002438179317114,dann_matched,banglasarc_binary+ben_sarc_binary,banglasarc3_binary,7
52c53afde23c5737,1,0,0.5703125,-0.42382812,0.7299049970975119,0.27009500290248817,0.8002438179317114,dann_matched,banglasarc_binary+ben_sarc_binary,banglasarc3_binary,7
597d374e58e24ce0,0,0,0.5546875,-0.29882812,0.7013041046440932,0.2986958953559069,0.8002438179317114,dann_matched,banglasarc_binary+ben_sarc_binary,banglasarc3_binary,7
21f6588fa41d80f2,1,0,0.5703125,-0.46679688,0.7382918730797098,0.26170812692029033,0.8002438179317114,dann_matched,banglasarc_binary+ben_sarc_binary,banglasarc3_binary,7
576dad90f863a07a,0,0,0.53125,-0.15527344,0.6651931024001986,0.3348068975998014,0.8002438179317114,dann_matched,banglasarc_binary+ben_sarc_binary,banglasarc3_binary,7
acc440f1fc8bac8a,1,1,0.09765625,0.15234375,0.4863315313801095,0.5136684686198906,0.8002438179317114,dann_matched,banglasarc_binary+ben_sarc_binary,banglasarc3_binary,7
99f834500aa28da7,1,1,-0.25390625,0.51171875,0.31742626558767584,0.682573734412324,0.8002438179317114,dann_matched,banglasarc_binary+ben_sarc_binary,banglasarc3_binary,7
ab8cb0f62e0897af,0,0,1.15625,-0.890625,0.8856314738181876,0.1143685261818125,0.8002438179317114,dann_matched,banglasarc_binary+ben_sarc_binary,banglasarc3_binary,7
c2990dd82a44f69e,1,1,-0.0032958984,0.21679688,0.4451978500411283,0.5548021499588718,0.8002438179317114,dann_matched,banglasarc_binary+ben_sarc_binary,banglasarc3_binary,7
00d461014350b89e,1,0,0.98828125,-0.8515625,0.862930226964697,0.137069773035303,0.8002438179317114,dann_matched,banglasarc_binary+ben_sarc_binary,banglasarc3_binary,7
5707e3c0244d1dfb,1,0,0.90625,-0.79296875,0.8454326716299558,0.15456732837004417,0.8002438179317114,dann_matched,banglasarc_binary+ben_sarc_binary,banglasarc3_binary,7
fd622c33ab6796bd,1,1,-0.81640625,0.953125,0.14560063226034367,0.8543993677396563,0.8002438179317114,dann_matched,banglasarc_binary+ben_sarc_binary,banglasarc3_binary,7
61890d2332416b73,0,1,-0.37109375,0.41015625,0.31405054499180746,0.6859494550081925,0.8002438179317114,dann_matched,banglasarc_binary+ben_sarc_binary,banglasarc3_binary,7
3b4ef2d9f41c852f,1,1,-0.26367188,0.4453125,0.32982329501537494,0.670176704984625,0.8002438179317114,dann_matched,banglasarc_binary+ben_sarc_binary,banglasarc3_binary,7
e5390f71a9c29ba6,0,0,1.5703125,-1.46875,0.9543079676184154,0.04569203238158463,0.8002438179317114,dann_matched,banglasarc_binary+ben_sarc_binary,banglasarc3_binary,7
b099c317bb9c6687,1,1,-0.22851562,0.34179688,0.3611647202343208,0.6388352797656791,0.8002438179317114,dann_matched,banglasarc_binary+ben_sarc_binary,banglasarc3_binary,7
912bbeda5648f283,1,0,1.203125,-1.1171875,0.9105453978311193,0.08945460216888064,0.8002438179317114,dann_matched,banglasarc_binary+ben_sarc_binary,banglasarc3_binary,7
c823ae44a3e23b84,0,0,0.83984375,-0.63671875,0.8140528050985784,0.1859471949014217,0.8002438179317114,dann_matched,banglasarc_binary+ben_sarc_binary,banglasarc3_binary,7
bfea9a263b223c80,1,0,0.77734375,-0.68359375,0.811676021090197,0.1883239789098031,0.8002438179317114,dann_matched,banglasarc_binary+ben_sarc_binary,banglasarc3_binary,7
3cdaa503d41fc6a6,0,0,1.8203125,-1.7734375,0.9732407168145568,0.026759283185443145,0.8002438179317114,dann_matched,banglasarc_binary+ben_sarc_binary,banglasarc3_binary,7
d71f7c52c9ea87be,0,1,0.09667969,0.15332031,0.4858436282069355,0.5141563717930644,0.8002438179317114,dann_matched,banglasarc_binary+ben_sarc_binary,banglasarc3_binary,7
def9ea9b246c55b1,0,0,0.328125,0.0625,0.5660185351961015,0.43398146480389854,0.8002438179317114,dann_matched,banglasarc_binary+ben_sarc_binary,banglasarc3_binary,7
04b1b4f08fdd18c5,1,0,0.11328125,-0.048095703,0.5402569102257511,0.45974308977424894,0.8002438179317114,dann_matched,banglasarc_binary+ben_sarc_binary,banglasarc3_binary,7
39bf383204dad4e3,0,0,0.7890625,-0.48828125,0.7819972846876342,0.21800271531236584,0.8002438179317114,dann_matched,banglasarc_binary+ben_sarc_binary,banglasarc3_binary,7
1f427bfaa298bf6b,1,0,0.4921875,-0.23144531,0.6734064849628133,0.32659351503718675,0.8002438179317114,dann_matched,banglasarc_binary+ben_sarc_binary,banglasarc3_binary,7
ed3220bf0c8abb3b,1,1,-0.80078125,0.8203125,0.16505408392910761,0.8349459160708924,0.8002438179317114,dann_matched,banglasarc_binary+ben_sarc_binary,banglasarc3_binary,7
855a37fc463d8e33,1,1,-0.546875,0.7421875,0.21601153469447487,0.7839884653055251,0.8002438179317114,dann_matched,banglasarc_binary+ben_sarc_binary,banglasarc3_binary,7
4771a65e8a1e5abf,0,1,-0.37890625,0.609375,0.2712516965968936,0.7287483034031065,0.8002438179317114,dann_matched,banglasarc_binary+ben_sarc_binary,banglasarc3_binary,7
4f4b52f3c17a4ba1,0,1,-0.38671875,0.61328125,0.2689414213699951,0.7310585786300049,0.8002438179317114,dann_matched,banglasarc_binary+ben_sarc_binary,banglasarc3_binary,7
51e27f8269f8eaac,0,1,-0.036132812,0.19042969,0.44360042072113065,0.5563995792788694,0.8002438179317114,dann_matched,banglasarc_binary+ben_sarc_binary,banglasarc3_binary,7
8de5e108effcbaea,0,0,1.5859375,-1.609375,0.9606574967357419,0.03934250326425821,0.8002438179317114,dann_matched,banglasarc_binary+ben_sarc_binary,banglasarc3_binary,7
75e09ea10216853d,0,0,0.58984375,-0.26367188,0.7013041046440932,0.2986958953559069,0.8002438179317114,dann_matched,banglasarc_binary+ben_sarc_binary,banglasarc3_binary,7
b3ece23327e83d73,0,0,0.93359375,-0.69921875,0.8365545588915281,0.1634454411084719,0.8002438179317114,dann_matched,banglasarc_binary+ben_sarc_binary,banglasarc3_binary,7
237b60d67d3a977b,0,0,1.859375,-1.9140625,0.9775429470705839,0.02245705292941607,0.8002438179317114,dann_matched,banglasarc_binary+ben_sarc_binary,banglasarc3_binary,7
9ce912c1a315b4d4,1,0,0.1953125,0.10449219,0.5226894844072489,0.47731051559275106,0.8002438179317114,dann_matched,banglasarc_binary+ben_sarc_binary,banglasarc3_binary,7
a034075943ae5ef1,1,0,0.36328125,-0.20507812,0.6383845233738494,0.3616154766261506,0.8002438179317114,dann_matched,banglasarc_binary+ben_sarc_binary,banglasarc3_binary,7
00e1bdb06e67ed07,0,0,1.0234375,-0.9765625,0.8807970779778823,0.11920292202211755,0.8002438179317114,dann_matched,banglasarc_binary+ben_sarc_binary,banglasarc3_binary,7
5e81d0127cda6083,1,1,-0.12792969,0.20214844,0.41822161426363097,0.581778385736369,0.8002438179317114,dann_matched,banglasarc_binary+ben_sarc_binary,banglasarc3_binary,7
391c2dab4f4a8ea6,1,1,-0.8984375,0.99609375,0.13072868194347032,0.8692713180565296,0.8002438179317114,dann_matched,banglasarc_binary+ben_sarc_binary,banglasarc3_binary,7
76010f7452a4ee0b,0,0,0.4765625,-0.3046875,0.6859494550081925,0.31405054499180746,0.8002438179317114,dann_matched,banglasarc_binary+ben_sarc_binary,banglasarc3_binary,7
501212c9f4c39f1a,0,0,0.98046875,-0.62109375,0.8322366527818007,0.16776334721819924,0.8002438179317114,dann_matched,banglasarc_binary+ben_sarc_binary,banglasarc3_binary,7
2d0c4e3b8cd32421,1,1,0.04736328,0.10644531,0.4852337872891366,0.5147662127108634,0.8002438179317114,dann_matched,banglasarc_binary+ben_sarc_binary,banglasarc3_binary,7
b46fca43ca40e1a1,0,0,0.13378906,0.125,0.5021972514806476,0.49780274851935236,0.8002438179317114,dann_matched,banglasarc_binary+ben_sarc_binary,banglasarc3_binary,7
eb34b73284cdfb62,0,1,-0.41015625,0.45507812,0.2962468960717286,0.7037531039282713,0.8002438179317114,dann_matched,banglasarc_binary+ben_sarc_binary,banglasarc3_binary,7
82b1b909a5385c25,0,0,0.18652344,0.056884766,0.5323643538826168,0.46763564611738323,0.8002438179317114,dann_matched,banglasarc_binary+ben_sarc_binary,banglasarc3_binary,7
afab669e2802f55a,0,1,-0.025390625,0.1640625,0.45277787761207444,0.5472221223879256,0.8002438179317114,dann_matched,banglasarc_binary+ben_sarc_binary,banglasarc3_binary,7
32655b6af6468900,1,1,0.03540039,0.26953125,0.4417332111021522,0.5582667888978478,0.8002438179317114,dann_matched,banglasarc_binary+ben_sarc_binary,banglasarc3_binary,7
63522bcc58aca5aa,1,0,0.22558594,0.060791016,0.54110574556531,0.45889425443469,0.8002438179317114,dann_matched,banglasarc_binary+ben_sarc_binary,banglasarc3_binary,7
b81a6fc550996879,0,0,0.26953125,-0.0390625,0.5765419743991188,0.4234580256008813,0.8002438179317114,dann_matched,banglasarc_binary+ben_sarc_binary,banglasarc3_binary,7
9e9c76d8536be656,0,0,1.328125,-1.09375,0.9184802440252811,0.08151975597471893,0.8002438179317114,dann_matched,banglasarc_binary+ben_sarc_binary,banglasarc3_binary,7
487ba6736df9dac4,1,1,-0.4765625,0.5546875,0.26284183737131667,0.7371581626286834,0.8002438179317114,dann_matched,banglasarc_binary+ben_sarc_binary,banglasarc3_binary,7
7224809745c5317e,0,0,0.64453125,-0.40820312,0.7412996284427215,0.25870037155727854,0.8002438179317114,dann_matched,banglasarc_binary+ben_sarc_binary,banglasarc3_binary,7
cc351cfcab72e656,0,1,-0.27734375,0.40039062,0.3367671540610278,0.6632328459389722,0.8002438179317114,dann_matched,banglasarc_binary+ben_sarc_binary,banglasarc3_binary,7
0ac9087c2e695175,0,0,1.703125,-1.5859375,0.9640516782107567,0.035948321789243294,0.8002438179317114,dann_matched,banglasarc_binary+ben_sarc_binary,banglasarc3_binary,7
7ab4d04075a8767b,1,1,-0.46875,0.62890625,0.25017930009106876,0.7498206999089312,0.8002438179317114,dann_matched,banglasarc_binary+ben_sarc_binary,banglasarc3_binary,7
005a81526dd973be,1,1,-0.75390625,0.859375,0.1661335534168026,0.8338664465831974,0.8002438179317114,dann_matched,banglasarc_binary+ben_sarc_binary,banglasarc3_binary,7
5422984065fd2576,1,0,1.53125,-1.6015625,0.9582261192116938,0.04177388078830622,0.8002438179317114,dann_matched,banglasarc_binary+ben_sarc_binary,banglasarc3_binary,7
73b2db9434de0a4f,1,0,0.04736328,0.04296875,0.5010986310444457,0.4989013689555543,0.8002438179317114,dann_matched,banglasarc_binary+ben_sarc_binary,banglasarc3_binary,7
7b755c23081cae77,1,1,0.08105469,0.1484375,0.48316066789578277,0.5168393321042173,0.8002438179317114,dann_matched,banglasarc_binary+ben_sarc_binary,banglasarc3_binary,7
4df4505e1099e8b8,0,1,-0.041015625,0.31445312,0.4120568946456724,0.5879431053543276,0.8002438179317114,dann_matched,banglasarc_binary+ben_sarc_binary,banglasarc3_binary,7
20d8bb2aacda3ef4,0,0,1.296875,-1.25,0.927363293639213,0.07263670636078697,0.8002438179317114,dann_matched,banglasarc_binary+ben_sarc_binary,banglasarc3_binary,7
86168cedfa8908d4,1,1,-0.3359375,0.5234375,0.2974699426047947,0.7025300573952054,0.8002438179317114,dann_matched,banglasarc_binary+ben_sarc_binary,banglasarc3_binary,7
ffe0b07ccb36819b,1,1,-0.80859375,0.92578125,0.1500288243424251,0.849971175657575,0.8002438179317114,dann_matched,banglasarc_binary+ben_sarc_binary,banglasarc3_binary,7
0f006194b45e6c5f,1,0,0.47265625,-0.2734375,0.6783269517867622,0.32167304821323783,0.8002438179317114,dann_matched,banglasarc_binary+ben_sarc_binary,banglasarc3_binary,7
0032784830ddb818,0,0,0.328125,-0.03515625,0.5898344994463247,0.4101655005536753,0.8002438179317114,dann_matched,banglasarc_binary+ben_sarc_binary,banglasarc3_binary,7
471ce8d0863df951,0,1,-0.14257812,0.34960938,0.37937838411972974,0.6206216158802703,0.8002438179317114,dann_matched,banglasarc_binary+ben_sarc_binary,banglasarc3_binary,7
b8051eeb7d141427,1,1,-0.5,0.671875,0.23651623644570763,0.7634837635542924,0.8002438179317114,dann_matched,banglasarc_binary+ben_sarc_binary,banglasarc3_binary,7
13f5d731d71ec752,0,0,1.78125,-1.8671875,0.9746286885255978,0.02537131147440214,0.8002438179317114,dann_matched,banglasarc_binary+ben_sarc_binary,banglasarc3_binary,7
53d67a30efe6b19e,0,0,0.21679688,-0.07519531,0.5724837833109769,0.427516216689023,0.8002438179317114,dann_matched,banglasarc_binary+ben_sarc_binary,banglasarc3_binary,7
002c1140ae3dde4e,1,0,0.546875,-0.23925781,0.6870003678787455,0.31299963212125453,0.8002438179317114,dann_matched,banglasarc_binary+ben_sarc_binary,banglasarc3_binary,7
03a3878f85634362,1,1,-0.5078125,0.625,0.24364243753740636,0.7563575624625937,0.8002438179317114,dann_matched,banglasarc_binary+ben_sarc_binary,banglasarc3_binary,7
15cf011d32f28273,1,1,0.05908203,0.16503906,0.47353549706659365,0.5264645029334063,0.8002438179317114,dann_matched,banglasarc_binary+ben_sarc_binary,banglasarc3_binary,7
39afb1a94688145e,1,1,-0.107421875,0.36328125,0.3844498368583981,0.6155501631416019,0.8002438179317114,dann_matched,banglasarc_binary+ben_sarc_binary,banglasarc3_binary,7
5f3e3a9180cef321,1,1,-0.6640625,0.74609375,0.19620941280870197,0.8037905871912979,0.8002438179317114,dann_matched,banglasarc_binary+ben_sarc_binary,banglasarc3_binary,7
4962ffafd1494e25,1,0,1.2109375,-1.234375,0.9202179865359069,0.079782013464093,0.8002438179317114,dann_matched,banglasarc_binary+ben_sarc_binary,banglasarc3_binary,7
2f76c0643b8dc919,1,1,-0.57421875,0.65625,0.22609939404771076,0.7739006059522892,0.8002438179317114,dann_matched,banglasarc_binary+ben_sarc_binary,banglasarc3_binary,7
984ddd9e97dcc313,0,0,0.87890625,-0.4765625,0.7950222638482464,0.20497773615175374,0.8002438179317114,dann_matched,banglasarc_binary+ben_sarc_binary,banglasarc3_binary,7
37b55e10fbcaaa62,0,1,-0.58984375,0.7734375,0.2037075306987091,0.7962924693012908,0.8002438179317114,dann_matched,banglasarc_binary+ben_sarc_binary,banglasarc3_binary,7
73d0ee7cb4b89e64,1,1,-0.37890625,0.5390625,0.28537195620910677,0.7146280437908932,0.8002438179317114,dann_matched,banglasarc_binary+ben_sarc_binary,banglasarc3_binary,7
67351714d10f07bb,1,1,-0.080078125,0.32617188,0.3998116407397951,0.600188359260205,0.8002438179317114,dann_matched,banglasarc_binary+ben_sarc_binary,banglasarc3_binary,7
a4ebfa262a40ce6d,1,1,-0.390625,0.515625,0.2877678157610531,0.712232184238947,0.8002438179317114,dann_matched,banglasarc_binary+ben_sarc_binary,banglasarc3_binary,7
711787e882523b00,0,0,0.24121094,0.052246094,0.547101138120656,0.4528988618793441,0.8002438179317114,dann_matched,banglasarc_binary+ben_sarc_binary,banglasarc3_binary,7
46fef03e1665a7ca,0,1,-0.025024414,0.3046875,0.4183107205550894,0.5816892794449107,0.8002438179317114,dann_matched,banglasarc_binary+ben_sarc_binary,banglasarc3_binary,7
a76dc1c36dd7c504,0,0,0.2734375,0.03881836,0.558387198058276,0.44161280194172403,0.8002438179317114,dann_matched,banglasarc_binary+ben_sarc_binary,banglasarc3_binary,7
d7b2d256a4143a25,1,0,1.2109375,-1.3046875,0.9252299570920387,0.07477004290796138,0.8002438179317114,dann_matched,banglasarc_binary+ben_sarc_binary,banglasarc3_binary,7
1b94ccf4d275d3d1,1,0,0.89453125,-0.75,0.8381505627344117,0.16184943726558834,0.8002438179317114,dann_matched,banglasarc_binary+ben_sarc_binary,banglasarc3_binary,7
734ed3d8328829a9,1,1,-0.68359375,0.88671875,0.17217184695139578,0.8278281530486042,0.8002438179317114,dann_matched,banglasarc_binary+ben_sarc_binary,banglasarc3_binary,7
a6b2d326016440e6,1,1,0.088378906,0.22851562,0.4650230422517099,0.5349769577482901,0.8002438179317114,dann_matched,banglasarc_binary+ben_sarc_binary,banglasarc3_binary,7
31b230e3a9af4fda,0,0,0.40234375,-0.16015625,0.6370307944803831,0.3629692055196168,0.8002438179317114,dann_matched,banglasarc_binary+ben_sarc_binary,banglasarc3_binary,7
2220cd6a505565f7,0,1,0.033691406,0.26757812,0.44179341825258284,0.5582065817474171,0.8002438179317114,dann_matched,banglasarc_binary+ben_sarc_binary,banglasarc3_binary,7
ce2b334fad8c3a5d,0,0,0.421875,-0.18066406,0.6462369886453169,0.3537630113546831,0.8002438179317114,dann_matched,banglasarc_binary+ben_sarc_binary,banglasarc3_binary,7
722c6881b0dee379,1,0,0.37109375,-0.09863281,0.6153190353605067,0.38468096463949336,0.8002438179317114,dann_matched,banglasarc_binary+ben_sarc_binary,banglasarc3_binary,7
f1e88058df9310e0,1,0,1.109375,-0.9765625,0.8895288461051276,0.11047115389487247,0.8002438179317114,dann_matched,banglasarc_binary+ben_sarc_binary,banglasarc3_binary,7
e2b5924ce46e4127,1,0,0.47265625,-0.36328125,0.6976089173220981,0.30239108267790193,0.8002438179317114,dann_matched,banglasarc_binary+ben_sarc_binary,banglasarc3_binary,7
8aa47f0f19a6b655,0,0,1.859375,-1.9453125,0.9782188286685003,0.021781171331499802,0.8002438179317114,dann_matched,banglasarc_binary+ben_sarc_binary,banglasarc3_binary,7
366e2c4f0de8d88d,0,1,-0.66796875,0.8671875,0.17724051706725022,0.8227594829327498,0.8002438179317114,dann_matched,banglasarc_binary+ben_sarc_binary,banglasarc3_binary,7
49e7e0b2adafbcd1,0,0,0.81640625,-0.46289062,0.7823300652229036,0.21766993477709637,0.8002438179317114,dann_matched,banglasarc_binary+ben_sarc_binary,banglasarc3_binary,7
aae4075a20d3ba22,0,1,-0.04296875,0.25585938,0.42584398273302004,0.57415601726698,0.8002438179317114,dann_matched,banglasarc_binary+ben_sarc_binary,banglasarc3_binary,7
f70f4b9f132b9352,0,1,-0.009033203,0.24804688,0.4360816246538734,0.5639183753461265,0.8002438179317114,dann_matched,banglasarc_binary+ben_sarc_binary,banglasarc3_binary,7
e868e8fa9c38e342,0,0,1.0859375,-0.90625,0.8799743722456386,0.1200256277543614,0.8002438179317114,dann_matched,banglasarc_binary+ben_sarc_binary,banglasarc3_binary,7
34f804166b33a246,1,1,-0.68359375,0.70703125,0.19930799790404563,0.8006920020959544,0.8002438179317114,dann_matched,banglasarc_binary+ben_sarc_binary,banglasarc3_binary,7
186dcee2e7df2920,1,1,-0.31640625,0.43945312,0.31954591499038565,0.6804540850096145,0.8002438179317114,dann_matched,banglasarc_binary+ben_sarc_binary,banglasarc3_binary,7
992528b2a23ee70a,0,0,0.625,-0.45117188,0.7457688628758079,0.25423113712419204,0.8002438179317114,dann_matched,banglasarc_binary+ben_sarc_binary,banglasarc3_binary,7
63b9ff3f715bfb2f,0,0,1.125,-0.95703125,0.8891444050747391,0.11085559492526088,0.8002438179317114,dann_matched,banglasarc_binary+ben_sarc_binary,banglasarc3_binary,7
52a86f6315459641,1,1,-0.4765625,0.328125,0.3090237111195067,0.6909762888804932,0.8002438179317114,dann_matched,banglasarc_binary+ben_sarc_binary,banglasarc3_binary,7
875e2c2018999836,0,0,0.95703125,-0.64453125,0.8322366527818007,0.16776334721819924,0.8002438179317114,dann_matched,banglasarc_binary+ben_sarc_binary,banglasarc3_binary,7
b0853ab27aae530b,0,0,0.3359375,-0.001953125,0.5836780397069826,0.4163219602930173,0.8002438179317114,dann_matched,banglasarc_binary+ben_sarc_binary,banglasarc3_binary,7
2360a4258810318d,0,1,-0.13085938,0.328125,0.3872267859778932,0.6127732140221069,0.8002438179317114,dann_matched,banglasarc_binary+ben_sarc_binary,banglasarc3_binary,7
6691a7d1596c1c0e,0,0,1.75,-1.75,0.9706877692486436,0.029312230751356316,0.8002438179317114,dann_matched,banglasarc_binary+ben_sarc_binary,banglasarc3_binary,7
c7c7d1e79083dbae,0,1,-0.4921875,0.609375,0.24944724346334116,0.7505527565366589,0.8002438179317114,dann_matched,banglasarc_binary+ben_sarc_binary,banglasarc3_binary,7
07edd2171dff4faa,1,1,-0.7734375,0.95703125,0.15052763130295335,0.8494723686970466,0.8002438179317114,dann_matched,banglasarc_binary+ben_sarc_binary,banglasarc3_binary,7
2652e297e664589c,1,1,-0.6875,0.8359375,0.1789558876900955,0.8210441123099046,0.8002438179317114,dann_matched,banglasarc_binary+ben_sarc_binary,banglasarc3_binary,7
ce6d32b468635b62,1,1,-0.6953125,0.71484375,0.19620941280870197,0.8037905871912979,0.8002438179317114,dann_matched,banglasarc_binary+ben_sarc_binary,banglasarc3_binary,7
112e0419a2dcbd6c,0,1,-0.4140625,0.69921875,0.2472596683432263,0.7527403316567737,0.8002438179317114,dann_matched,banglasarc_binary+ben_sarc_binary,banglasarc3_binary,7
175f493bd4aa3997,1,0,0.22167969,-0.051513672,0.5678767014405903,0.43212329855940973,0.8002438179317114,dann_matched,banglasarc_binary+ben_sarc_binary,banglasarc3_binary,7
15319cb8ed77aaa8,1,1,-0.6171875,0.6328125,0.22270013882530884,0.7772998611746911,0.8002438179317114,dann_matched,banglasarc_binary+ben_sarc_binary,banglasarc3_binary,7
