item_id,gold_label,pred_label,logit_0,logit_1,prob_0,prob_1,temperature,system,source,target,seed
75b57cb785399524,1,0,0.47265625,-0.59765625,0.7446563401437933,0.2553436598562066,1.4912607837734826,dann_matched,banglasarc3_binary+banglasarc_binary,banglasarc3_binary,7
ea89903ebde9ec48,0,0,2.6875,-2.859375,0.9961155234512341,0.003884476548765805,1.4912607837734826,dann_matched,banglasarc3_binary+banglasarc_binary,banglasarc3_binary,7
7985dbfde1b7e765,1,1,-0.42578125,0.52734375,0.2782567937024021,0.7217432062975979,1.4912607837734826,dann_matched,banglasarc3_binary+banglasarc_binary,banglasarc3_binary,7
d0c67c93af7f80e7,0,0,2.125,-2.3125,0.9883127420043056,0.011687257995694434,1.4912607837734826,dann_matched,banglasarc3_binary+banglasarc_binary,banglasarc3_binary,7
050e2a5781c6d2a8,1,1,-1.3671875,1.4453125,0.05665242530797383,0.9433475746920261,1.4912607837734826,dann_matched,banglasarc3_binary+banglasarc_binary,banglasarc3_binary,7
510f4f1ce14fbaae,1,0,0.28125,-0.35351562,0.6535692664470906,0.34643073355290943,1.4912607837734826,dann_matched,banglasarc3_binary+banglasarc_binary,banglasarc3_binary,7
1e477c743f0a9075,0,0,1.796875,-1.8828125,0.975390071374038,0.024609928625961945,1.4912607837734826,dann_matched,banglasarc3_binary+banglasarc_binary,banglasarc3_binary,7
8bc8673823772559,1,1,-0.546875,0.58203125,0.24436300507078523,0.7556369949292148,1.4912607837734826,dann_matched,banglasarc3_binary+banglasarc_binary,banglasarc3_binary,7
bd8f33b2d8745739,1,1,-1.09375,1.109375,0.09947021388210707,0.9005297861178929,1.4912607837734826,dann_matched,banglasarc3_binary+banglasarc_binary,banglasarc3_binary,7
f38f331e6bcc6f51,0,0,2.546875,-2.703125,0.9947798743064417,0.005220125693558397,1.4912607837734826,dann_matched,banglasarc3_binary+banglasarc_binary,banglasarc3_binary,7
711571c05022201a,1,1,-0.4375,0.36914062,0.30860681976624793,0.6913931802337522,1.4912607837734826,dann_matched,banglasarc3_binary+banglasarc_binary,banglasarc3_binary,7
e16f46a1ebdb3d2c,1,0,1.078125,-1.1953125,0.9066531214804244,0.09334687851957546,1.4912607837734826,dann_matched,banglasarc3_binary+banglasarc_binary,banglasarc3_binary,7
96f8f1c864b37ed7,0,1,-1.421875,1.46875,0.05261895334771377,0.9473810466522863,1.4912607837734826,dann_matched,banglasarc3_binary+banglasarc_binary,banglasarc3_binary,7
f479880c55bd2491,0,0,1.9453125,-2.015625,0.9813106915732508,0.01868930842674908,1.4912607837734826,dann_matched,banglasarc3_binary+banglasarc_binary,banglasarc3_binary,7
65fbbf2f8d05469a,1,1,-0.90625,1.0390625,0.12506538251690355,0.8749346174830964,1.4912607837734826,dann_matched,banglasarc3_binary+banglasarc_binary,banglasarc3_binary,7
8c201fa1f055e850,1,0,0.265625,-0.33984375,0.6469064710963125,0.3530935289036874,1.4912607837734826,dann_matched,banglasarc3_binary+banglasarc_binary,banglasarc3_binary,7
eb85c00573b45dd3,1,1,-0.6484375,0.6953125,0.2068940488158881,0.7931059511841119,1.4912607837734826,dann_matched,banglasarc3_binary+banglasarc_binary,banglasarc3_binary,7
db73ddb0d256ba8f,1,0,0.73828125,-0.76953125,0.8187367931713698,0.1812632068286302,1.4912607837734826,dann_matched,banglasarc3_binary+banglasarc_binary,banglasarc3_binary,7
108f2ff9574fa860,1,0,0.68359375,-0.84375,0.8216173406683573,0.1783826593316426,1.4912607837734826,dann_matched,banglasarc3_binary+banglasarc_binary,banglasarc3_binary,7
651cfe2be094f7d4,0,0,0.91015625,-1.0078125,0.8719117516553389,0.1280882483446611,1.4912607837734826,dann_matched,banglasarc3_binary+banglasarc_binary,banglasarc3_binary,7
701194ab8ff79d41,1,1,-1.4375,1.5234375,0.04922211319719861,0.9507778868028013,1.4912607837734826,dann_matched,banglasarc3_binary+banglasarc_binary,banglasarc3_binary,7
7d54a3089303d820,1,1,-1.5859375,1.5390625,0.04208772791561884,0.9579122720843811,1.4912607837734826,dann_matched,banglasarc3_binary+banglasarc_binary,banglasarc3_binary,7
07a4bfe2a5a2e5ca,1,1,-0.09033203,0.030029297,0.4699459415960793,0.5300540584039208,1.4912607837734826,dann_matched,banglasarc3_binary+banglasarc_binary,banglasarc3_binary,7
8e8d800bdbdaaff7,0,0,2.578125,-2.625,0.9945307254013009,0.005469274598698993,1.4912607837734826,dann_matched,banglasarc3_binary+banglasarc_binary,banglasarc3_binary,7
c015494f033a38d6,0,0,2.625,-2.796875,0.9956005868372635,0.00439941316273649,1.4912607837734826,dann_matched,banglasarc3_binary+banglasarc_binary,banglasarc3_binary,7
ce91a1211be5691e,0,0,0.91015625,-0.984375,0.8692713180565296,0.13072868194347032,1.4912607837734826,dann_matched,banglasarc3_binary+banglasarc_binary,banglasarc3_binary,7
b67fe2f1724da4fc,0,0,1.9375,-1.96875,0.9802808718926534,0.01971912810734659,1.4912607837734826,dann_matched,banglasarc3_binary+banglasarc_binary,banglasarc3_binary,7
c82b33bcfb8e93ad,1,1,-1.890625,2.015625,0.01971912810734659,0.9802808718926534,1.4912607837734826,dann_matched,banglasarc3_binary+banglasarc_binary,banglasarc3_binary,7
94ad7e948eed42c2,1,1,-0.78125,0.72265625,0.1818436430556475,0.8181563569443524,1.4912607837734826,dann_matched,banglasarc3_binary+banglasarc_binary,banglasarc3_binary,7
7065829cdc40567b,1,0,0.73828125,-0.90234375,0.8376199633332891,0.16238003666671086,1.4912607837734826,dann_matched,banglasarc3_binary+banglasarc_binary,banglasarc3_binary,7
80cf082fa6d9ed32,0,1,-0.31640625,0.33398438,0.34290151627512633,0.6570984837248738,1.4912607837734826,dann_matched,banglasarc3_binary+banglasarc_binary,banglasarc3_binary,7
082cc009d05d3e6a,0,0,2.25,-2.40625,0.9905874104123901,0.009412589587609823,1.4912607837734826,dann_matched,banglasarc3_binary+banglasarc_binary,banglasarc3_binary,7
91675e6a7e696d31,1,1,-1.421875,1.4609375,0.05300977201585542,0.9469902279841446,1.4912607837734826,dann_matched,banglasarc3_binary+banglasarc_binary,banglasarc3_binary,7
0f26e9a22c5ac1d7,0,1,-0.88671875,0.96484375,0.13568954596860924,0.8643104540313907,1.4912607837734826,dann_matched,banglasarc3_binary+banglasarc_binary,banglasarc3_binary,7
9a4c63e1a0b50046,0,0,2.15625,-2.3125,0.9886682464686385,0.011331753531361453,1.4912607837734826,dann_matched,banglasarc3_binary+banglasarc_binary,banglasarc3_binary,7
dd8a11641c9c1035,1,1,-0.10644531,-0.026611328,0.48005209755260503,0.519947902447395,1.4912607837734826,dann_matched,banglasarc3_binary+banglasarc_binary,banglasarc3_binary,7
947e78373e8ee90d,1,1,-1.4375,1.578125,0.04672495862609242,0.9532750413739076,1.4912607837734826,dann_matched,banglasarc3_binary+banglasarc_binary,banglasarc3_binary,7
a93bffde267df6fb,0,1,-0.8828125,0.87890625,0.14657520915950842,0.8534247908404916,1.4912607837734826,dann_matched,banglasarc3_binary+banglasarc_binary,banglasarc3_binary,7
2b6006a4aa890634,0,1,-0.94140625,0.94921875,0.13117322376181567,0.8688267762381844,1.4912607837734826,dann_matched,banglasarc3_binary+banglasarc_binary,banglasarc3_binary,7
08c0f13f45787db9,0,0,2.03125,-2.15625,0.98504291340685,0.01495708659314999,1.4912607837734826,dann_matched,banglasarc3_binary+banglasarc_binary,banglasarc3_binary,7
ec266bb4c5478b18,1,1,-1.1640625,1.1328125,0.09138210306717136,0.9086178969328287,1.4912607837734826,dann_matched,banglasarc3_binary+banglasarc_binary,banglasarc3_binary,7
073d86cef983e918,1,1,-0.4609375,0.42382812,0.29219119859785053,0.7078088014021495,1.4912607837734826,dann_matched,banglasarc3_binary+banglasarc_binary,banglasarc3_binary,7
67edcfa910eb831c,1,0,0.671875,-0.71875,0.8006920020959544,0.19930799790404563,1.4912607837734826,dann_matched,banglasarc3_binary+banglasarc_binary,banglasarc3_binary,7
04d2c1127101c192,1,1,-0.921875,0.9296875,0.13568954596860924,0.8643104540313907,1.4912607837734826,dann_matched,banglasarc3_binary+banglasarc_binary,banglasarc3_binary,7
876b4804c6fc5b43,1,1,-1.015625,1.03125,0.1143685261818125,0.8856314738181876,1.4912607837734826,dann_matched,banglasarc3_binary+banglasarc_binary,banglasarc3_binary,7
34dbd0864564cfc0,0,0,0.21386719,-0.22949219,0.6090592107977694,0.3909407892022307,1.4912607837734826,dann_matched,banglasarc3_binary+banglasarc_binary,banglasarc3_binary,7
63a49fd32ab811fd,0,0,0.9453125,-1.109375,0.8864204083088262,0.11357959169117389,1.4912607837734826,dann_matched,banglasarc3_binary+banglasarc_binary,banglasarc3_binary,7
9f666c15fa725558,0,0,2.75,-2.828125,0.9962345862153261,0.0037654137846738736,1.4912607837734826,dann_matched,banglasarc3_binary+banglasarc_binary,banglasarc3_binary,7
265176b36196d1b2,0,0,1.3125,-1.3203125,0.9329437130748804,0.06705628692511957,1.4912607837734826,dann_matched,banglasarc3_binary+banglasarc_binary,banglasarc3_binary,7
96de00b59977a347,1,1,-0.68359375,0.7890625,0.18653921274423352,0.8134607872557665,1.4912607837734826,dann_matched,banglasarc3_binary+banglasarc_binary,banglasarc3_binary,7
4a51117b4af25a2c,1,1,-0.953125,0.98046875,0.12635333964061335,0.8736466603593868,1.4912607837734826,dann_matched,banglasarc3_binary+banglasarc_binary,banglasarc3_binary,7
aaa1c8bb9251740a,1,1,-0.79296875,0.765625,0.17384852735447087,0.8261514726455292,1.4912607837734826,dann_matched,banglasarc3_binary+banglasarc_binary,banglasarc3_binary,7
b956c99bea48b45e,0,0,2.21875,-2.328125,0.9895109087400621,0.010489091259938018,1.4912607837734826,dann_matched,banglasarc3_binary+banglasarc_binary,banglasarc3_binary,7
a7f029b1664720b2,0,0,2.40625,-2.546875,0.992988204618503,0.007011795381497108,1.4912607837734826,dann_matched,banglasarc3_binary+banglasarc_binary,banglasarc3_binary,7
1f65da3aad7897f2,0,0,1.890625,-1.9765625,0.9795114453152562,0.02048855468474385,1.4912607837734826,dann_matched,banglasarc3_binary+banglasarc_binary,banglasarc3_binary,7
e299df642da32c11,1,0,1.0859375,-1.1796875,0.9059898203834277,0.09401017961657226,1.4912607837734826,dann_matched,banglasarc3_binary+banglasarc_binary,banglasarc3_binary,7
281dcf0e5128a950,1,1,-0.3046875,0.50390625,0.3081902399767429,0.6918097600232571,1.4912607837734826,dann_matched,banglasarc3_binary+banglasarc_binary,banglasarc3_binary,7
4d19d4857cf11f76,1,0,0.44921875,-0.30664062,0.6804540850096145,0.31954591499038565,1.4912607837734826,dann_matched,banglasarc3_binary+banglasarc_binary,banglasarc3_binary,7
0a1efda3664119ed,0,0,0.6171875,-0.74609375,0.7962924693012908,0.2037075306987091,1.4912607837734826,dann_matched,banglasarc3_binary+banglasarc_binary,banglasarc3_binary,7
222513aed35eef7e,0,0,1.921875,-2.09375,0.9822877012965885,0.017712298703411445,1.4912607837734826,dann_matched,banglasarc3_binary+banglasarc_binary,banglasarc3_binary,7
39fe6dafd7939acc,0,0,1.4609375,-1.546875,0.9529258241789759,0.04707417582102406,1.4912607837734826,dann_matched,banglasarc3_binary+banglasarc_binary,banglasarc3_binary,7
a27193d4c497eccb,0,0,0.6015625,-0.69921875,0.7859664367768047,0.2140335632231953,1.4912607837734826,dann_matched,banglasarc3_binary+banglasarc_binary,banglasarc3_binary,7
a6de149712c45c7c,1,1,-1.2421875,1.375,0.06804042027255897,0.9319595797274409,1.4912607837734826,dann_matched,banglasarc3_binary+banglasarc_binary,banglasarc3_binary,7
73ec3e5aee767003,0,0,2.109375,-2.28125,0.9877587247081928,0.012241275291807161,1.4912607837734826,dann_matched,banglasarc3_binary+banglasarc_binary,banglasarc3_binary,7
7be88e4c070ecb7c,0,1,-1.375,1.8046875,0.0399373142069266,0.9600626857930734,1.4912607837734826,dann_matched,banglasarc3_binary+banglasarc_binary,banglasarc3_binary,7
e1692847746aaeb7,0,1,-1.328125,1.3671875,0.06325052199347325,0.9367494780065266,1.4912607837734826,dann_matched,banglasarc3_binary+banglasarc_binary,banglasarc3_binary,7
affe88ed42c09f2b,0,1,-0.38671875,0.38085938,0.3170032391635806,0.6829967608364195,1.4912607837734826,dann_matched,banglasarc3_binary+banglasarc_binary,banglasarc3_binary,7
c26d77ece62c8a34,0,0,2.390625,-2.4375,0.9920620058985926,0.007937994101407319,1.4912607837734826,dann_matched,banglasarc3_binary+banglasarc_binary,banglasarc3_binary,7
4562504c76eb98bd,1,0,2.671875,-2.765625,0.9956684979794361,0.00433150202056399,1.4912607837734826,dann_matched,banglasarc3_binary+banglasarc_binary,banglasarc3_binary,7
c31bf7af3cca52d5,0,0,1.03125,-1.1015625,0.8940517128636203,0.10594828713637978,1.4912607837734826,dann_matched,banglasarc3_binary+banglasarc_binary,banglasarc3_binary,7
d60439bc7741539c,1,1,-0.38671875,0.359375,0.32167304821323783,0.6783269517867622,1.4912607837734826,dann_matched,banglasarc3_binary+banglasarc_binary,banglasarc3_binary,7
f10b478fd6e0b177,0,0,2.265625,-2.453125,0.9911526449170697,0.008847355082930386,1.4912607837734826,dann_matched,banglasarc3_binary+banglasarc_binary,banglasarc3_binary,7
3fbae9ce8772e658,0,0,2.265625,-2.421875,0.9908743626108194,0.00912563738918052,1.4912607837734826,dann_matched,banglasarc3_binary+banglasarc_binary,banglasarc3_binary,7
d823840f4b1ff927,0,0,1.8359375,-1.484375,0.9651191130633208,0.034880886936679296,1.4912607837734826,dann_matched,banglasarc3_binary+banglasarc_binary,banglasarc3_binary,7
e0c3a628a2e7801f,1,0,1.765625,-1.4765625,0.9623913644941934,0.03760863550580657,1.4912607837734826,dann_matched,banglasarc3_binary+banglasarc_binary,banglasarc3_binary,7
eff887513d13438d,1,0,2.5625,-2.640625,0.9945307254013009,0.005469274598698993,1.4912607837734826,dann_matched,banglasarc3_binary+banglasarc_binary,banglasarc3_binary,7
0cd82b6dca6fe2e1,1,1,-0.96484375,0.9375,0.12984343802049797,0.870156561979502,1.4912607837734826,dann_matched,banglasarc3_binary+banglasarc_binary,banglasarc3_binary,7
1d09754dbb62cc6b,1,1,-1.1171875,1.1640625,0.09268777863937604,0.9073122213606241,1.4912607837734826,dann_matched,banglasarc3_binary+banglasarc_binary,banglasarc3_binary,7
c311ed8c137856aa,1,0,0.89453125,-0.94921875,0.8633916099737806,0.13660839002621938,1.4912607837734826,dann_matched,banglasarc3_binary+banglasarc_binary,banglasarc3_binary,7
7071237a4ec6c93c,1,1,-1.15625,1.1875,0.08756383952305867,0.9124361604769414,1.4912607837734826,dann_matched,banglasarc3_binary+banglasarc_binary,banglasarc3_binary,7
406cc3cc6af1c396,0,1,-1.09375,1.0625,0.10374862686637971,0.8962513731336202,1.4912607837734826,dann_matched,banglasarc3_binary+banglasarc_binary,banglasarc3_binary,7
5017f4130c84f906,1,1,-1.046875,1.03125,0.11124120650754304,0.888758793492457,1.4912607837734826,dann_matched,banglasarc3_binary+banglasarc_binary,banglasarc3_binary,7
dda9d98881ec3a10,0,0,1.25,-1.3359375,0.9299510391228232,0.07004896087717674,1.4912607837734826,dann_matched,banglasarc3_binary+banglasarc_binary,banglasarc3_binary,7
44526b65a93bf812,0,0,2.0,-2.171875,0.984810951192016,0.015189048807983947,1.4912607837734826,dann_matched,banglasarc3_binary+banglasarc_binary,banglasarc3_binary,7
045171b67bd95561,0,0,2.5,-2.734375,0.994698105130598,0.00530189486940215,1.4912607837734826,dann_matched,banglasarc3_binary+banglasarc_binary,banglasarc3_binary,7
008c34b815bb55fd,0,0,2.03125,-2.046875,0.983342959990771,0.01665704000922906,1.4912607837734826,dann_matched,banglasarc3_binary+banglasarc_binary,banglasarc3_binary,7
aca0a6cea18374f2,0,0,1.546875,-1.4609375,0.9529258241789759,0.04707417582102406,1.4912607837734826,dann_matched,banglasarc3_binary+banglasarc_binary,banglasarc3_binary,7
51e0fcfbe89577bb,1,1,-0.69140625,0.63671875,0.20946968133032526,0.7905303186696747,1.4912607837734826,dann_matched,banglasarc3_binary+banglasarc_binary,banglasarc3_binary,7
0cd747c951646fc6,1,1,-1.2734375,1.328125,0.06903792817479,0.9309620718252101,1.4912607837734826,dann_matched,banglasarc3_binary+banglasarc_binary,banglasarc3_binary,7
2a8dc43b96afa2e7,1,1,-0.87890625,0.88671875,0.14608724704829565,0.8539127529517043,1.4912607837734826,dann_matched,banglasarc3_binary+banglasarc_binary,banglasarc3_binary,7
4dacd616983d14ed,1,0,1.8984375,-1.6171875,0.9711290930537122,0.028870906946287907,1.4912607837734826,dann_matched,banglasarc3_binary+banglasarc_binary,banglasarc3_binary,7
8e45e4191312d057,0,0,1.7578125,-1.875,0.9742394408803315,0.025760559119668493,1.4912607837734826,dann_matched,banglasarc3_binary+banglasarc_binary,banglasarc3_binary,7
a30ac9245fef57e8,0,0,0.92578125,-0.9921875,0.8719117516553389,0.1280882483446611,1.4912607837734826,dann_matched,banglasarc3_binary+banglasarc_binary,banglasarc3_binary,7
1ba578744dcf18f2,0,1,-0.546875,0.51953125,0.2560871165930079,0.743912883406992,1.4912607837734826,dann_matched,banglasarc3_binary+banglasarc_binary,banglasarc3_binary,7
b1a866c6cbb06b7b,0,0,3.0625,-3.1875,0.9980732653366725,0.0019267346633274755,1.4912607837734826,dann_matched,banglasarc3_binary+banglasarc_binary,banglasarc3_binary,7
a61d6c2433486af9,0,1,-0.50390625,0.49023438,0.27009500290248817,0.7299049970975119,1.4912607837734826,dann_matched,banglasarc3_binary+banglasarc_binary,banglasarc3_binary,7
8cb4b0e68d2b2280,0,0,1.7109375,-1.7890625,0.9706877692486436,0.029312230751356316,1.4912607837734826,dann_matched,banglasarc3_binary+banglasarc_binary,banglasarc3_binary,7
5862ad605fad8a15,1,1,-0.11035156,-0.017089844,0.4767014549381822,0.5232985450618178,1.4912607837734826,dann_matched,banglasarc3_binary+banglasarc_binary,banglasarc3_binary,7
cdf0634800d69305,1,0,0.25,-0.30078125,0.6343168279804076,0.3656831720195924,1.4912607837734826,dann_matched,banglasarc3_binary+banglasarc_binary,banglasarc3_binary,7
778c43b485a168af,1,0,0.41015625,-0.5078125,0.7146280437908932,0.28537195620910677,1.4912607837734826,dann_matched,banglasarc3_binary+banglasarc_binary,banglasarc3_binary,7
1df9d37a3cec5465,0,0,2.078125,-2.25,0.9869795098861571,0.013020490113842825,1.4912607837734826,dann_matched,banglasarc3_binary+banglasarc_binary,banglasarc3_binary,7
47b74426cb84e137,1,0,0.390625,-0.39257812,0.6863700497784223,0.3136299502215776,1.4912607837734826,dann_matched,banglasarc3_binary+banglasarc_binary,banglasarc3_binary,7
3f468b17c098db0b,0,0,0.11621094,-0.11035156,0.5563995792788694,0.44360042072113065,1.4912607837734826,dann_matched,banglasarc3_binary+banglasarc_binary,banglasarc3_binary,7
e8eed6879adc1fb9,1,1,-0.8203125,0.87890625,0.15456732837004417,0.8454326716299558,1.4912607837734826,dann_matched,banglasarc3_binary+banglasarc_binary,banglasarc3_binary,7
59adf653819d9fe1,0,0,0.038085938,-0.083984375,0.5304797388962708,0.46952026110372924,1.4912607837734826,dann_matched,banglasarc3_binary+banglasarc_binary,banglasarc3_binary,7
ab24e7278a3aa349,1,0,0.7265625,-0.77734375,0.8181563569443524,0.1818436430556475,1.4912607837734826,dann_matched,banglasarc3_binary+banglasarc_binary,banglasarc3_binary,7
e3d3248598f096fa,1,1,-1.234375,1.3125,0.07263670636078697,0.927363293639213,1.4912607837734826,dann_matched,banglasarc3_binary+banglasarc_binary,banglasarc3_binary,7
cc1dab7c4d3e2fa9,1,0,0.16308594,0.026123047,0.5341872965408314,0.4658127034591687,1.4912607837734826,dann_matched,banglasarc3_binary+banglasarc_binary,banglasarc3_binary,7
f7a48562ed437eea,0,0,2.125,-2.15625,0.9863631647185701,0.013636835281429876,1.4912607837734826,dann_matched,banglasarc3_binary+banglasarc_binary,banglasarc3_binary,7
b2ae48f6c244c3b3,1,1,-1.4375,1.6640625,0.04304284934003218,0.9569571506599678,1.4912607837734826,dann_matched,banglasarc3_binary+banglasarc_binary,banglasarc3_binary,7
6d69a5e5443ef4a0,0,1,-0.012084961,0.015319824,0.4931492324621414,0.5068507675378586,1.4912607837734826,dann_matched,banglasarc3_binary+banglasarc_binary,banglasarc3_binary,7
17e9568c1bec66f3,1,0,1.9453125,-2.046875,0.9818752792555313,0.018124720744468643,1.4912607837734826,dann_matched,banglasarc3_binary+banglasarc_binary,banglasarc3_binary,7
432511856befb10b,0,0,1.6640625,-1.7265625,0.9674102552339746,0.032589744766025344,1.4912607837734826,dann_matched,banglasarc3_binary+banglasarc_binary,banglasarc3_binary,7
b7be99240747d7b9,0,1,-0.3671875,0.5078125,0.29421497216298875,0.7057850278370112,1.4912607837734826,dann_matched,banglasarc3_binary+banglasarc_binary,banglasarc3_binary,7
88421f62e8ff3b41,1,0,1.7890625,-1.90625,0.9757623652873698,0.024237634712630244,1.4912607837734826,dann_matched,banglasarc3_binary+banglasarc_binary,banglasarc3_binary,7
3e2207ffcf3ee105,0,0,0.43359375,-0.4921875,0.7162186093168913,0.2837813906831087,1.4912607837734826,dann_matched,banglasarc3_binary+banglasarc_binary,banglasarc3_binary,7
51b018644cef2e50,0,0,2.53125,-2.6875,0.9946150620382221,0.0053849379617779605,1.4912607837734826,dann_matched,banglasarc3_binary+banglasarc_binary,banglasarc3_binary,7
f95cec4307ef3024,0,0,1.65625,-1.7734375,0.9686195704870232,0.031380429512976746,1.4912607837734826,dann_matched,banglasarc3_binary+banglasarc_binary,banglasarc3_binary,7
26b12ba4953ff47f,1,1,-1.0859375,1.09375,0.10158944591881586,0.8984105540811842,1.4912607837734826,dann_matched,banglasarc3_binary+banglasarc_binary,banglasarc3_binary,7
9e6fb96648d97dc0,0,0,1.8125,-1.8671875,0.975390071374038,0.024609928625961945,1.4912607837734826,dann_matched,banglasarc3_binary+banglasarc_binary,banglasarc3_binary,7
a4b8f5a2bfe6f63a,1,1,-1.2578125,1.2109375,0.07807816514495095,0.9219218348550491,1.4912607837734826,dann_matched,banglasarc3_binary+banglasarc_binary,banglasarc3_binary,7
c7e2731135ca9edc,1,1,-1.265625,1.2421875,0.07531230632362355,0.9246876936763765,1.4912607837734826,dann_matched,banglasarc3_binary+banglasarc_binary,banglasarc3_binary,7
a5f5e1447f81c7c1,0,0,0.81640625,-0.9140625,0.8494723686970466,0.15052763130295335,1.4912607837734826,dann_matched,banglasarc3_binary+banglasarc_binary,banglasarc3_binary,7
c2122763b56ffbf5,1,0,1.7890625,-1.8359375,0.9740426428022031,0.02595735719779685,1.4912607837734826,dann_matched,banglasarc3_binary+banglasarc_binary,banglasarc3_binary,7
d89f0be1f7612e43,1,1,-1.2265625,1.265625,0.07640768335044701,0.923592316649553,1.4912607837734826,dann_matched,banglasarc3_binary+banglasarc_binary,banglasarc3_binary,7
83ff80d11d2cfe42,0,0,1.34375,-1.328125,0.9353465116437761,0.06465348835622392,1.4912607837734826,dann_matched,banglasarc3_binary+banglasarc_binary,banglasarc3_binary,7
ff19766f243a9d57,1,1,-1.484375,1.5703125,0.04501553160023231,0.9549844683997677,1.4912607837734826,dann_matched,banglasarc3_binary+banglasarc_binary,banglasarc3_binary,7
e8bd3886d550c247,1,1,-1.0546875,1.3203125,0.08509904500702024,0.9149009549929797,1.4912607837734826,dann_matched,banglasarc3_binary+banglasarc_binary,banglasarc3_binary,7
0cb293f08063597d,1,0,1.859375,-1.890625,0.9770226300899744,0.02297736991002561,1.4912607837734826,dann_matched,banglasarc3_binary+banglasarc_binary,banglasarc3_binary,7
bd4e9e3bdd01a022,1,0,1.765625,-1.5,0.9632305339244013,0.036769466075598736,1.4912607837734826,dann_matched,banglasarc3_binary+banglasarc_binary,banglasarc3_binary,7
5b22a3f51d681541,0,0,2.796875,-2.890625,0.9966233876182606,0.0033766123817395013,1.4912607837734826,dann_matched,banglasarc3_binary+banglasarc_binary,banglasarc3_binary,7
5e682d52ed383d6b,0,0,0.83203125,-0.8828125,0.8474634859343486,0.15253651406565133,1.4912607837734826,dann_matched,banglasarc3_binary+banglasarc_binary,banglasarc3_binary,7
baad976c4d644487,0,0,1.8671875,-1.953125,0.9785492708245106,0.021450729175489416,1.4912607837734826,dann_matched,banglasarc3_binary+banglasarc_binary,banglasarc3_binary,7
dd9bd6b2bf6b34e5,1,1,-1.1640625,1.2265625,0.08389038641057993,0.91610961358942,1.4912607837734826,dann_matched,banglasarc3_binary+banglasarc_binary,banglasarc3_binary,7
cdbf9e38b718e84c,0,0,1.7578125,-1.8359375,0.9732407168145568,0.026759283185443145,1.4912607837734826,dann_matched,banglasarc3_binary+banglasarc_binary,banglasarc3_binary,7
4d0a57f210a73977,1,0,1.5078125,-1.6484375,0.9591542840900507,0.040845715909949315,1.4912607837734826,dann_matched,banglasarc3_binary+banglasarc_binary,banglasarc3_binary,7
ab338dede5081252,0,0,1.28125,-1.34375,0.9324533088603709,0.0675466911396291,1.4912607837734826,dann_matched,banglasarc3_binary+banglasarc_binary,banglasarc3_binary,7
ab718a592e29dca9,0,0,2.71875,-2.953125,0.9965703960759055,0.0034296039240944865,1.4912607837734826,dann_matched,banglasarc3_binary+banglasarc_binary,banglasarc3_binary,7
e36d944d14221a6c,0,0,1.2421875,-1.4765625,0.9381240142763573,0.061875985723642724,1.4912607837734826,dann_matched,banglasarc3_binary+banglasarc_binary,banglasarc3_binary,7
63ea034834c6a12c,0,0,2.328125,-2.4375,0.991554373058874,0.008445626941126032,1.4912607837734826,dann_matched,banglasarc3_binary+banglasarc_binary,banglasarc3_binary,7
1ead6e0bfd452d2b,1,1,-1.203125,1.390625,0.06954174450582809,0.9304582554941719,1.4912607837734826,dann_matched,banglasarc3_binary+banglasarc_binary,banglasarc3_binary,7
9fb91b24bd470ab7,0,1,-0.04321289,0.017089844,0.4849288832050702,0.5150711167949298,1.4912607837734826,dann_matched,banglasarc3_binary+banglasarc_binary,banglasarc3_binary,7
7adb5d686301eb8f,1,0,1.3046875,-1.4375,0.9394706097974611,0.060529390202538995,1.4912607837734826,dann_matched,banglasarc3_binary+banglasarc_binary,banglasarc3_binary,7
30a467ac9c6d2435,1,1,-1.0546875,1.25,0.09073548763985106,0.909264512360149,1.4912607837734826,dann_matched,banglasarc3_binary+banglasarc_binary,banglasarc3_binary,7
4e5a50b99551fa9f,0,0,1.5,-1.0859375,0.9299510391228232,0.07004896087717674,1.4912607837734826,dann_matched,banglasarc3_binary+banglasarc_binary,banglasarc3_binary,7
2cc5b657e99479ab,1,1,-1.3671875,1.3984375,0.05921025074128593,0.9407897492587141,1.4912607837734826,dann_matched,banglasarc3_binary+banglasarc_binary,banglasarc3_binary,7
60a819c9455826f5,0,0,1.8359375,-1.9296875,0.9773707999669629,0.022629200033037256,1.4912607837734826,dann_matched,banglasarc3_binary+banglasarc_binary,banglasarc3_binary,7
f387e0db7e685a99,0,0,1.796875,-1.921875,0.9763105287006256,0.023689471299374428,1.4912607837734826,dann_matched,banglasarc3_binary+banglasarc_binary,banglasarc3_binary,7
0ccfba3f9e960460,1,1,-0.20507812,0.14355469,0.4137139997046381,0.5862860002953619,1.4912607837734826,dann_matched,banglasarc3_binary+banglasarc_binary,banglasarc3_binary,7
ddc2982c4d5b19bb,0,0,1.1015625,-1.1640625,0.9059898203834277,0.09401017961657226,1.4912607837734826,dann_matched,banglasarc3_binary+banglasarc_binary,banglasarc3_binary,7
c9700acd4f20666a,1,1,-0.671875,0.625,0.2146914191122419,0.785308580887758,1.4912607837734826,dann_matched,banglasarc3_binary+banglasarc_binary,banglasarc3_binary,7
d4943eed81c34c48,1,0,2.078125,-2.15625,0.9857180660748888,0.014281933925111153,1.4912607837734826,dann_matched,banglasarc3_binary+banglasarc_binary,banglasarc3_binary,7
2e2e4b889c9df812,1,1,-1.015625,1.03125,0.1143685261818125,0.8856314738181876,1.4912607837734826,dann_matched,banglasarc3_binary+banglasarc_binary,banglasarc3_binary,7
5ddbd9cf7f8b9e4e,1,1,-0.017578125,0.0390625,0.4858436282069355,0.5141563717930644,1.4912607837734826,dann_matched,banglasarc3_binary+banglasarc_binary,banglasarc3_binary,7
0346c19c3d6e1abf,0,0,2.015625,-2.171875,0.98504291340685,0.01495708659314999,1.4912607837734826,dann_matched,banglasarc3_binary+banglasarc_binary,banglasarc3_binary,7
c5d392cb407885e6,0,0,1.0703125,-1.15625,0.9026096017480523,0.09739039825194779,1.4912607837734826,dann_matched,banglasarc3_binary+banglasarc_binary,banglasarc3_binary,7
f4997612d5ea678a,0,1,-0.62890625,0.5546875,0.23440664578188122,0.7655933542181188,1.4912607837734826,dann_matched,banglasarc3_binary+banglasarc_binary,banglasarc3_binary,7
5fb61d0d9878c215,0,0,0.58203125,-0.57421875,0.7606506526772884,0.23934934732271168,1.4912607837734826,dann_matched,banglasarc3_binary+banglasarc_binary,banglasarc3_binary,7
a3b2337ee913ed3c,1,0,1.1015625,-1.1640625,0.9059898203834277,0.09401017961657226,1.4912607837734826,dann_matched,banglasarc3_binary+banglasarc_binary,banglasarc3_binary,7
218ac0a1387a629e,0,0,1.890625,-1.859375,0.9770226300899744,0.02297736991002561,1.4912607837734826,dann_matched,banglasarc3_binary+banglasarc_binary,banglasarc3_binary,7
18e844b31049008b,0,0,1.578125,-1.6875,0.9632305339244013,0.036769466075598736,1.4912607837734826,dann_matched,banglasarc3_binary+banglasarc_binary,banglasarc3_binary,7
cbed70c13bc0c9f0,1,1,-0.390625,0.4140625,0.3090237111195067,0.6909762888804932,1.4912607837734826,dann_matched,banglasarc3_binary+banglasarc_binary,banglasarc3_binary,7
2ab1740ebfbd3e05,1,0,1.828125,-1.9453125,0.9775429470705839,0.02245705292941607,1.4912607837734826,dann_matched,banglasarc3_binary+banglasarc_binary,banglasarc3_binary,7
0ac6a6a9e59b6038,1,1,-1.46875,1.5546875,0.046378205994811086,0.953621794005189,1.4912607837734826,dann_matched,banglasarc3_binary+banglasarc_binary,banglasarc3_binary,7
08f7a8e225bd8151,1,1,-1.140625,1.234375,0.08509904500702024,0.9149009549929797,1.4912607837734826,dann_matched,banglasarc3_binary+banglasarc_binary,banglasarc3_binary,7
b09ce16653e41187,1,1,-0.057128906,0.068359375,0.46866903376724517,0.5313309662327549,1.4912607837734826,dann_matched,banglasarc3_binary+banglasarc_binary,banglasarc3_binary,7
d8186fbe40131e81,1,1,-1.3828125,1.4375,0.056236345704483756,0.9437636542955161,1.4912607837734826,dann_matched,banglasarc3_binary+banglasarc_binary,banglasarc3_binary,7
c89eaa10622b37e2,1,1,-1.1171875,1.265625,0.08449275397500926,0.9155072460249908,1.4912607837734826,dann_matched,banglasarc3_binary+banglasarc_binary,banglasarc3_binary,7
0ef139aef5b0b651,1,1,-1.390625,1.4375,0.05582314113461443,0.9441768588653856,1.4912607837734826,dann_matched,banglasarc3_binary+banglasarc_binary,banglasarc3_binary,7
2f577efec6c86515,1,1,-1.453125,1.6015625,0.04501553160023231,0.9549844683997677,1.4912607837734826,dann_matched,banglasarc3_binary+banglasarc_binary,banglasarc3_binary,7
843e76141f5386ea,1,1,-1.0234375,1.0546875,0.11124120650754304,0.888758793492457,1.4912607837734826,dann_matched,banglasarc3_binary+banglasarc_binary,banglasarc3_binary,7
a6b139ef0507918c,0,0,1.15625,-1.1875,0.9124361604769414,0.08756383952305867,1.4912607837734826,dann_matched,banglasarc3_binary+banglasarc_binary,banglasarc3_binary,7
364f64d22ee2ac7a,0,0,2.6875,-2.796875,0.9958660319095476,0.004133968090452445,1.4912607837734826,dann_matched,banglasarc3_binary+banglasarc_binary,banglasarc3_binary,7
2ac3b1eefc9be85e,1,1,-0.390625,0.31835938,0.32982329501537494,0.670176704984625,1.4912607837734826,dann_matched,banglasarc3_binary+banglasarc_binary,banglasarc3_binary,7
adf94921ccf02eaa,1,1,-1.5078125,1.5859375,0.04336579876390677,0.9566342012360932,1.4912607837734826,dann_matched,banglasarc3_binary+banglasarc_binary,banglasarc3_binary,7
a4d173afcf1ce29e,0,0,1.4296875,-1.5234375,0.9504109770159683,0.04958902298403175,1.4912607837734826,dann_matched,banglasarc3_binary+banglasarc_binary,banglasarc3_binary,7
503091a9ce967b64,1,1,-0.73046875,0.78515625,0.18010666408646395,0.8198933359135361,1.4912607837734826,dann_matched,banglasarc3_binary+banglasarc_binary,banglasarc3_binary,7
4d1624fcf2e4e7d6,1,1,-0.16308594,0.12890625,0.427516216689023,0.5724837833109769,1.4912607837734826,dann_matched,banglasarc3_binary+banglasarc_binary,banglasarc3_binary,7
7bb7f9b1cb68aac0,0,0,0.52734375,-0.58203125,0.7520125737597972,0.24798742624020276,1.4912607837734826,dann_matched,banglasarc3_binary+banglasarc_binary,banglasarc3_binary,7
9b912e15d3d8493f,0,0,0.75390625,-0.83203125,0.8300437698548124,0.16995623014518763,1.4912607837734826,dann_matched,banglasarc3_binary+banglasarc_binary,banglasarc3_binary,7
3827617f21fba1e3,0,0,2.484375,-2.578125,0.9937100978631075,0.0062899021368924835,1.4912607837734826,dann_matched,banglasarc3_binary+banglasarc_binary,banglasarc3_binary,7
bbfcd270940c6f50,0,0,0.30078125,-0.27148438,0.6392857917672555,0.3607142082327444,1.4912607837734826,dann_matched,banglasarc3_binary+banglasarc_binary,banglasarc3_binary,7
a5f9487af8a08111,1,1,-1.0625,1.0,0.11279540628289324,0.8872045937171068,1.4912607837734826,dann_matched,banglasarc3_binary+banglasarc_binary,banglasarc3_binary,7
b132c35de55abf62,1,1,-0.828125,0.92578125,0.1475551828016634,0.8524448171983366,1.4912607837734826,dann_matched,banglasarc3_binary+banglasarc_binary,banglasarc3_binary,7
49e50f5f6743b9a9,0,0,1.3359375,-1.4375,0.9412234441519332,0.05877655584806683,1.4912607837734826,dann_matched,banglasarc3_binary+banglasarc_binary,banglasarc3_binary,7
bc2fea241ae6e245,0,0,2.015625,-1.953125,0.9814534354878828,0.0185465645121173,1.4912607837734826,dann_matched,banglasarc3_binary+banglasarc_binary,banglasarc3_binary,7
1ac9669da2a3b22a,0,0,2.5,-2.53125,0.9935117304033434,0.006488269596656705,1.4912607837734826,dann_matched,banglasarc3_binary+banglasarc_binary,banglasarc3_binary,7
c678ed32dfec8e9b,1,1,-0.95703125,0.984375,0.12549344653756345,0.8745065534624367,1.4912607837734826,dann_matched,banglasarc3_binary+banglasarc_binary,banglasarc3_binary,7
1a46fdea53a04cce,0,1,-0.6953125,0.73828125,0.19253935386136437,0.8074606461386356,1.4912607837734826,dann_matched,banglasarc3_binary+banglasarc_binary,banglasarc3_binary,7
a27bf2e316d4219b,1,1,-0.69921875,0.765625,0.1877276039567854,0.8122723960432147,1.4912607837734826,dann_matched,banglasarc3_binary+banglasarc_binary,banglasarc3_binary,7
0cec6e06c0ba9f1e,0,0,2.8125,-2.84375,0.9965165758069192,0.0034834241930806675,1.4912607837734826,dann_matched,banglasarc3_binary+banglasarc_binary,banglasarc3_binary,7
d6b2f0ee01c230dd,1,0,2.015625,-1.921875,0.9808759632491112,0.019124036750888904,1.4912607837734826,dann_matched,banglasarc3_binary+banglasarc_binary,banglasarc3_binary,7
9eb091e9a9d4c695,0,1,-0.2578125,0.19335938,0.38908217842189113,0.6109178215781089,1.4912607837734826,dann_matched,banglasarc3_binary+banglasarc_binary,banglasarc3_binary,7
963ae71db6ff7e4f,0,0,1.2265625,-1.3359375,0.9284088005554476,0.07159119944455247,1.4912607837734826,dann_matched,banglasarc3_binary+banglasarc_binary,banglasarc3_binary,7
9aabf8d92c3a8ef5,1,0,0.46484375,-0.53125,0.7302898704283038,0.2697101295716962,1.4912607837734826,dann_matched,banglasarc3_binary+banglasarc_binary,banglasarc3_binary,7
1f00788c3c80def3,0,0,2.015625,-2.171875,0.98504291340685,0.01495708659314999,1.4912607837734826,dann_matched,banglasarc3_binary+banglasarc_binary,banglasarc3_binary,7
b39f2b8134c7f61a,1,1,-0.12890625,0.11328125,0.43974734636673746,0.5602526536332625,1.4912607837734826,dann_matched,banglasarc3_binary+banglasarc_binary,banglasarc3_binary,7
a6a9b4365f236b0d,1,0,0.13378906,-0.1328125,0.5662584040415117,0.4337415959584882,1.4912607837734826,dann_matched,banglasarc3_binary+banglasarc_binary,banglasarc3_binary,7
672f65575c01c938,1,0,0.58984375,-0.54296875,0.7563575624625937,0.24364243753740636,1.4912607837734826,dann_matched,banglasarc3_binary+banglasarc_binary,banglasarc3_binary,7
c361b64edd41d872,0,1,-0.81640625,0.7265625,0.17610412024315097,0.823895879756849,1.4912607837734826,dann_matched,banglasarc3_binary+banglasarc_binary,banglasarc3_binary,7
89c73de9b852078e,0,0,0.1875,-0.26953125,0.6123096702680609,0.3876903297319391,1.4912607837734826,dann_matched,banglasarc3_binary+banglasarc_binary,banglasarc3_binary,7
ce8d47c1fb816aa3,0,0,2.140625,-1.8359375,0.9815951096107584,0.018404890389241722,1.4912607837734826,dann_matched,banglasarc3_binary+banglasarc_binary,banglasarc3_binary,7
456683ca31fa5e65,0,0,1.328125,-1.375,0.9372107914029487,0.06278920859705135,1.4912607837734826,dann_matched,banglasarc3_binary+banglasarc_binary,banglasarc3_binary,7
ebd8a51d0f72f8ae,0,1,-1.1953125,1.203125,0.0832919225567441,0.916708077443256,1.4912607837734826,dann_matched,banglasarc3_binary+banglasarc_binary,banglasarc3_binary,7
fb863821fda44d53,1,1,-0.86328125,0.90234375,0.14608724704829565,0.8539127529517043,1.4912607837734826,dann_matched,banglasarc3_binary+banglasarc_binary,banglasarc3_binary,7
3b470389b41a77d0,0,0,1.8046875,-1.9453125,0.9770226300899744,0.02297736991002561,1.4912607837734826,dann_matched,banglasarc3_binary+banglasarc_binary,banglasarc3_binary,7
7485ab52357fe573,0,0,2.3125,-2.484375,0.9918120900983038,0.008187909901696235,1.4912607837734826,dann_matched,banglasarc3_binary+banglasarc_binary,banglasarc3_binary,7
5d08e6dbd0a02098,0,0,2.828125,-2.984375,0.9970189672701452,0.0029810327298548972,1.4912607837734826,dann_matched,banglasarc3_binary+banglasarc_binary,banglasarc3_binary,7
bd8e1a4992f836d9,1,1,-1.2890625,1.3359375,0.0675466911396291,0.9324533088603709,1.4912607837734826,dann_matched,banglasarc3_binary+banglasarc_binary,banglasarc3_binary,7
f54c8c8dd14b9ee4,1,0,0.82421875,-0.89453125,0.8479677583778257,0.15203224162217424,1.4912607837734826,dann_matched,banglasarc3_binary+banglasarc_binary,banglasarc3_binary,7
93aa7ab3e702a390,1,0,0.061523438,-0.17089844,0.5578453029702551,0.44215469702974475,1.4912607837734826,dann_matched,banglasarc3_binary+banglasarc_binary,banglasarc3_binary,7
5d4df30470964289,0,0,2.15625,-2.234375,0.9877587247081928,0.012241275291807161,1.4912607837734826,dann_matched,banglasarc3_binary+banglasarc_binary,banglasarc3_binary,7
99413b6d85bd8b6a,1,1,-1.4375,1.46875,0.05184546664977983,0.94815453335022,1.4912607837734826,dann_matched,banglasarc3_binary+banglasarc_binary,banglasarc3_binary,7
b6c18248921fce54,1,0,0.92578125,-1.0234375,0.8753614294639163,0.12463857053608371,1.4912607837734826,dann_matched,banglasarc3_binary+banglasarc_binary,banglasarc3_binary,7
1cabf2a505c66110,1,1,-0.76953125,0.66796875,0.19193278644723683,0.8080672135527632,1.4912607837734826,dann_matched,banglasarc3_binary+banglasarc_binary,banglasarc3_binary,7
4e7d5694a62e5de3,1,1,-0.095703125,0.053466797,0.4627765176533766,0.5372234823466234,1.4912607837734826,dann_matched,banglasarc3_binary+banglasarc_binary,banglasarc3_binary,7
27bff07ea2567aff,0,1,-0.5,0.46289062,0.27629981702672846,0.7237001829732717,1.4912607837734826,dann_matched,banglasarc3_binary+banglasarc_binary,banglasarc3_binary,7
3d2b2afef8a71422,0,0,2.65625,-2.59375,0.9947798743064417,0.005220125693558397,1.4912607837734826,dann_matched,banglasarc3_binary+banglasarc_binary,banglasarc3_binary,7
a6b65f2d6607df8d,0,0,0.37109375,-0.42578125,0.689305616785446,0.31069438321455395,1.4912607837734826,dann_matched,banglasarc3_binary+banglasarc_binary,banglasarc3_binary,7
f2ce21fd06e6c0a1,0,0,1.140625,-1.1875,0.9111797075998822,0.08882029240011771,1.4912607837734826,dann_matched,banglasarc3_binary+banglasarc_binary,banglasarc3_binary,7
8c321d6535475133,0,1,-1.359375,1.4765625,0.05541279438176918,0.944587205618231,1.4912607837734826,dann_matched,banglasarc3_binary+banglasarc_binary,banglasarc3_binary,7
e4400f251525d858,0,0,1.8671875,-1.9765625,0.9790357591818724,0.0209642408181275,1.4912607837734826,dann_matched,banglasarc3_binary+banglasarc_binary,banglasarc3_binary,7
a2549aea9cf0feed,0,0,2.28125,-2.46875,0.991422514586288,0.008577485413711986,1.4912607837734826,dann_matched,banglasarc3_binary+banglasarc_binary,banglasarc3_binary,7
208728590d99f477,0,0,1.34375,-1.3046875,0.9339146213324513,0.06608537866754877,1.4912607837734826,dann_matched,banglasarc3_binary+banglasarc_binary,banglasarc3_binary,7
d7aa541a5731f237,1,1,-0.94140625,0.984375,0.12721826766848623,0.8727817323315137,1.4912607837734826,dann_matched,banglasarc3_binary+banglasarc_binary,banglasarc3_binary,7
72d9d0c152014fd4,1,0,1.1875,-1.1953125,0.9155072460249908,0.08449275397500926,1.4912607837734826,dann_matched,banglasarc3_binary+banglasarc_binary,banglasarc3_binary,7
8dc4677cf180080c,0,0,2.234375,-2.203125,0.9883127420043056,0.011687257995694434,1.4912607837734826,dann_matched,banglasarc3_binary+banglasarc_binary,banglasarc3_binary,7
326478b91e0a83b6,0,0,1.03125,-1.15625,0.8991213772699436,0.10087862273005653,1.4912607837734826,dann_matched,banglasarc3_binary+banglasarc_binary,banglasarc3_binary,7
38972718ea06dcda,0,0,2.796875,-2.859375,0.9965165758069192,0.0034834241930806675,1.4912607837734826,dann_matched,banglasarc3_binary+banglasarc_binary,banglasarc3_binary,7
7bb95f4327f97619,0,0,1.4296875,-1.4765625,0.94815453335022,0.05184546664977983,1.4912607837734826,dann_matched,banglasarc3_binary+banglasarc_binary,banglasarc3_binary,7
b5430ac62bc817b3,0,1,-1.125,1.1484375,0.09334687851957546,0.9066531214804244,1.4912607837734826,dann_matched,banglasarc3_binary+banglasarc_binary,banglasarc3_binary,7
7745aafd0a592886,0,0,1.5546875,-1.6875,0.9623913644941934,0.03760863550580657,1.4912607837734826,dann_matched,banglasarc3_binary+banglasarc_binary,banglasarc3_binary,7
6327f9fa75cf0eb5,0,0,2.734375,-2.828125,0.9961755163553627,0.0038244836446372104,1.4912607837734826,dann_matched,banglasarc3_binary+banglasarc_binary,banglasarc3_binary,7
50c0d6b40de5c934,1,0,0.35546875,-0.4140625,0.6834194849762091,0.31658051502379086,1.4912607837734826,dann_matched,banglasarc3_binary+banglasarc_binary,banglasarc3_binary,7
fa23fb1cf1fa6ce1,0,1,-1.078125,1.078125,0.10374862686637971,0.8962513731336202,1.4912607837734826,dann_matched,banglasarc3_binary+banglasarc_binary,banglasarc3_binary,7
5793d347d7491ffa,0,1,-0.69140625,0.69140625,0.2005576797447963,0.7994423202552038,1.4912607837734826,dann_matched,banglasarc3_binary+banglasarc_binary,banglasarc3_binary,7
7a193a03efce7c95,0,0,1.0234375,-1.078125,0.8910549527982959,0.108945047201704,1.4912607837734826,dann_matched,banglasarc3_binary+banglasarc_binary,banglasarc3_binary,7
04f3d847a89bddc0,0,0,3.0625,-3.109375,0.9979170292169542,0.0020829707830458,1.4912607837734826,dann_matched,banglasarc3_binary+banglasarc_binary,banglasarc3_binary,7
79fe03d925dd23f2,1,1,-0.8046875,0.8203125,0.1645164628965632,0.8354835371034369,1.4912607837734826,dann_matched,banglasarc3_binary+banglasarc_binary,banglasarc3_binary,7
56a90627c13f7482,0,1,-1.1171875,1.1171875,0.09670579329612154,0.9032942067038784,1.4912607837734826,dann_matched,banglasarc3_binary+banglasarc_binary,banglasarc3_binary,7
34eae78ac0856b44,0,0,1.5625,-1.671875,0.9621075733703927,0.037892426629607394,1.4912607837734826,dann_matched,banglasarc3_binary+banglasarc_binary,banglasarc3_binary,7
e7de35f2d96d04ae,1,1,-1.40625,1.5,0.05184546664977983,0.94815453335022,1.4912607837734826,dann_matched,banglasarc3_binary+banglasarc_binary,banglasarc3_binary,7
7edb0fbf4e12f482,1,0,0.0625,-0.1015625,0.5409238721893666,0.45907612781063356,1.4912607837734826,dann_matched,banglasarc3_binary+banglasarc_binary,banglasarc3_binary,7
05b114079ca39ab2,0,0,1.78125,-1.9140625,0.9757623652873698,0.024237634712630244,1.4912607837734826,dann_matched,banglasarc3_binary+banglasarc_binary,banglasarc3_binary,7
012cf4a871450976,0,0,0.6171875,-0.69921875,0.7885831787993471,0.2114168212006529,1.4912607837734826,dann_matched,banglasarc3_binary+banglasarc_binary,banglasarc3_binary,7
974f03c115fc2171,1,1,-0.1484375,0.12011719,0.4332619514949138,0.5667380485050861,1.4912607837734826,dann_matched,banglasarc3_binary+banglasarc_binary,banglasarc3_binary,7
7d320f16846e7bf9,1,0,1.875,-1.8671875,0.9768465889071616,0.023153411092838465,1.4912607837734826,dann_matched,banglasarc3_binary+banglasarc_binary,banglasarc3_binary,7
8fd01412b63f6b5f,1,0,0.484375,-0.51171875,0.7302898704283038,0.2697101295716962,1.4912607837734826,dann_matched,banglasarc3_binary+banglasarc_binary,banglasarc3_binary,7
88e6fff6830ee411,0,0,0.19726562,-0.056884766,0.5631977884590806,0.43680221154091947,1.4912607837734826,dann_matched,banglasarc3_binary+banglasarc_binary,banglasarc3_binary,7
018878abd62bc2c6,0,0,1.578125,-1.71875,0.9643214491222695,0.035678550877730524,1.4912607837734826,dann_matched,banglasarc3_binary+banglasarc_binary,banglasarc3_binary,7
f09b809925c88fc0,1,1,-1.296875,1.2734375,0.07107366938018356,0.9289263306198166,1.4912607837734826,dann_matched,banglasarc3_binary+banglasarc_binary,banglasarc3_binary,7
bc8f433d14df5bbe,1,1,-1.5390625,1.640625,0.0399373142069266,0.9600626857930734,1.4912607837734826,dann_matched,banglasarc3_binary+banglasarc_binary,banglasarc3_binary,7
c952b7bed5795739,0,0,1.3515625,-1.5,0.9453993942183476,0.05460060578165237,1.4912607837734826,dann_matched,banglasarc3_binary+banglasarc_binary,banglasarc3_binary,7
90c33f63e3080a0d,0,0,2.03125,-2.140625,0.984810951192016,0.015189048807983947,1.4912607837734826,dann_matched,banglasarc3_binary+banglasarc_binary,banglasarc3_binary,7
1ef4973752ea4564,1,1,-1.1328125,1.125,0.0946777017913266,0.9053222982086733,1.4912607837734826,dann_matched,banglasarc3_binary+banglasarc_binary,banglasarc3_binary,7
3f4477d5080cdfe1,0,0,2.4375,-2.453125,0.9925393565360598,0.007460643463940165,1.4912607837734826,dann_matched,banglasarc3_binary+banglasarc_binary,banglasarc3_binary,7
7a9c24d799805b22,0,0,0.828125,-0.95703125,0.8563323913156724,0.14366760868432768,1.4912607837734826,dann_matched,banglasarc3_binary+banglasarc_binary,banglasarc3_binary,7
a53750d111a874b9,0,0,2.03125,-2.203125,0.9857180660748888,0.014281933925111153,1.4912607837734826,dann_matched,banglasarc3_binary+banglasarc_binary,banglasarc3_binary,7
08221e16563f5ed2,1,1,-0.48828125,0.4921875,0.2727987833151383,0.7272012166848617,1.4912607837734826,dann_matched,banglasarc3_binary+banglasarc_binary,banglasarc3_binary,7
a911bbedbe9083b7,1,1,-0.58984375,0.53125,0.24580846052125757,0.7541915394787425,1.4912607837734826,dann_matched,banglasarc3_binary+banglasarc_binary,banglasarc3_binary,7
79af8e8606e24621,0,0,2.875,-3.015625,0.9972423776326046,0.002757622367395409,1.4912607837734826,dann_matched,banglasarc3_binary+banglasarc_binary,banglasarc3_binary,7
725ab0037339d5f4,1,1,-0.8359375,0.7421875,0.17106119167858438,0.8289388083214156,1.4912607837734826,dann_matched,banglasarc3_binary+banglasarc_binary,banglasarc3_binary,7
888be69f29549db6,1,1,-0.5390625,0.4765625,0.2658804730998169,0.734119526900183,1.4912607837734826,dann_matched,banglasarc3_binary+banglasarc_binary,banglasarc3_binary,7
74ead3cc3b9dcc3e,0,0,0.013183594,-0.13183594,0.5361914774652468,0.4638085225347533,1.4912607837734826,dann_matched,banglasarc3_binary+banglasarc_binary,banglasarc3_binary,7
70a0b9c4daba4b62,1,1,-1.421875,1.4921875,0.05146276543260743,0.9485372345673925,1.4912607837734826,dann_matched,banglasarc3_binary+banglasarc_binary,banglasarc3_binary,7
772cd1347ab32158,0,0,1.7265625,-1.796875,0.9713473306904065,0.028652669309593447,1.4912607837734826,dann_matched,banglasarc3_binary+banglasarc_binary,banglasarc3_binary,7
825abf4f5714d44e,0,0,1.5078125,-1.625,0.9582261192116938,0.04177388078830622,1.4912607837734826,dann_matched,banglasarc3_binary+banglasarc_binary,banglasarc3_binary,7
f6d2b8f0fd5630a5,1,1,-0.50390625,0.45507812,0.2770815859935903,0.7229184140064098,1.4912607837734826,dann_matched,banglasarc3_binary+banglasarc_binary,banglasarc3_binary,7
070eb74aab3e9b16,0,0,2.125,-2.296875,0.9881308789536605,0.011869121046339474,1.4912607837734826,dann_matched,banglasarc3_binary+banglasarc_binary,banglasarc3_binary,7
ccdd5f5935aa5c08,0,0,2.53125,-2.609375,0.994180040415741,0.005819959584259008,1.4912607837734826,dann_matched,banglasarc3_binary+banglasarc_binary,banglasarc3_binary,7
ff8b8a0023de988a,1,1,-0.453125,0.546875,0.2689414213699951,0.7310585786300049,1.4912607837734826,dann_matched,banglasarc3_binary+banglasarc_binary,banglasarc3_binary,7
955c6c4b3c56526f,0,0,0.328125,-0.38476562,0.6710395673640173,0.32896043263598285,1.4912607837734826,dann_matched,banglasarc3_binary+banglasarc_binary,banglasarc3_binary,7
3c7f74408087c581,0,0,1.9921875,-2.078125,0.9832145101099363,0.016785489890063697,1.4912607837734826,dann_matched,banglasarc3_binary+banglasarc_binary,banglasarc3_binary,7
3fd3335f6927bc03,1,1,-0.984375,1.0234375,0.1183850968071675,0.8816149031928324,1.4912607837734826,dann_matched,banglasarc3_binary+banglasarc_binary,banglasarc3_binary,7
6b4cf7b079c5b900,0,0,0.4453125,-0.47460938,0.7150261869263117,0.2849738130736883,1.4912607837734826,dann_matched,banglasarc3_binary+banglasarc_binary,banglasarc3_binary,7
a396d6fc294ae956,0,0,2.234375,-2.359375,0.9899864293768268,0.010013570623173138,1.4912607837734826,dann_matched,banglasarc3_binary+banglasarc_binary,banglasarc3_binary,7
acd192278c3d2499,0,0,0.859375,-1.015625,0.8670357598021706,0.13296424019782924,1.4912607837734826,dann_matched,banglasarc3_binary+banglasarc_binary,banglasarc3_binary,7
13e6f0fb32b886df,1,1,-1.359375,1.4765625,0.05541279438176918,0.944587205618231,1.4912607837734826,dann_matched,banglasarc3_binary+banglasarc_binary,banglasarc3_binary,7
5139d41ec223ee1d,1,0,0.52734375,-0.625,0.7599387520410151,0.24006124795898495,1.4912607837734826,dann_matched,banglasarc3_binary+banglasarc_binary,banglasarc3_binary,7
db25536a5ca06207,1,1,-1.171875,1.171875,0.08756383952305867,0.9124361604769414,1.4912607837734826,dann_matched,banglasarc3_binary+banglasarc_binary,banglasarc3_binary,7
9cf7c23f5c83e3c1,1,1,-0.375,0.421875,0.31069438321455395,0.689305616785446,1.4912607837734826,dann_matched,banglasarc3_binary+banglasarc_binary,banglasarc3_binary,7
dece6cbb7ae48b4c,0,1,-1.015625,0.91796875,0.12635333964061335,0.8736466603593868,1.4912607837734826,dann_matched,banglasarc3_binary+banglasarc_binary,banglasarc3_binary,7
cc32b357f5c62cf0,1,0,1.6875,-1.7890625,0.9700134939339985,0.029986506066001513,1.4912607837734826,dann_matched,banglasarc3_binary+banglasarc_binary,banglasarc3_binary,7
a82a7beb318bc95f,0,0,0.19628906,-0.22070312,0.6027632831983546,0.3972367168016455,1.4912607837734826,dann_matched,banglasarc3_binary+banglasarc_binary,banglasarc3_binary,7
4269510b20e3a78d,0,1,-0.23046875,0.13085938,0.41063810239300735,0.5893618976069925,1.4912607837734826,dann_matched,banglasarc3_binary+banglasarc_binary,banglasarc3_binary,7
af7a5887ba75ec02,1,1,-0.43359375,0.41601562,0.2995148064537437,0.7004851935462564,1.4912607837734826,dann_matched,banglasarc3_binary+banglasarc_binary,banglasarc3_binary,7
ff7092e064f5e7f0,0,0,1.3984375,-1.453125,0.9453993942183476,0.05460060578165237,1.4912607837734826,dann_matched,banglasarc3_binary+banglasarc_binary,banglasarc3_binary,7
bd75e40f2d1c3973,1,1,-1.5703125,1.5390625,0.042722197546490565,0.9572778024535095,1.4912607837734826,dann_matched,banglasarc3_binary+banglasarc_binary,banglasarc3_binary,7
55361b7e5b2475c1,1,1,-1.40625,1.3984375,0.057071397225397696,0.9429286027746023,1.4912607837734826,dann_matched,banglasarc3_binary+banglasarc_binary,banglasarc3_binary,7
f478ea328fe5ce48,1,0,0.296875,-0.3359375,0.6531269142203084,0.3468730857796916,1.4912607837734826,dann_matched,banglasarc3_binary+banglasarc_binary,banglasarc3_binary,7
5a05491d31008062,0,1,-0.25585938,0.21289062,0.38491214448393346,0.6150878555160665,1.4912607837734826,dann_matched,banglasarc3_binary+banglasarc_binary,banglasarc3_binary,7
ae0fcdf8d0676f03,0,0,1.453125,-1.5234375,0.9515039967560431,0.048496003243956885,1.4912607837734826,dann_matched,banglasarc3_binary+banglasarc_binary,banglasarc3_binary,7
1473977d7b8985e5,0,0,0.86328125,-0.97265625,0.8624675338981391,0.13753246610186087,1.4912607837734826,dann_matched,banglasarc3_binary+banglasarc_binary,banglasarc3_binary,7
880392a54d0ebe3e,0,0,2.65625,-2.765625,0.9956005868372635,0.00439941316273649,1.4912607837734826,dann_matched,banglasarc3_binary+banglasarc_binary,banglasarc3_binary,7
a8d6ffd7233218d9,0,0,1.4296875,-1.546875,0.9515039967560431,0.048496003243956885,1.4912607837734826,dann_matched,banglasarc3_binary+banglasarc_binary,banglasarc3_binary,7
532a79af0df6317b,1,1,-1.703125,1.8046875,0.029090757042564665,0.9709092429574353,1.4912607837734826,dann_matched,banglasarc3_binary+banglasarc_binary,banglasarc3_binary,7
e67ce7d008308e4f,1,0,0.34375,-0.4296875,0.6842640244786128,0.31573597552138716,1.4912607837734826,dann_matched,banglasarc3_binary+banglasarc_binary,banglasarc3_binary,7
d7578006b9f26c23,1,1,-1.2109375,1.2109375,0.08151975597471893,0.9184802440252811,1.4912607837734826,dann_matched,banglasarc3_binary+banglasarc_binary,banglasarc3_binary,7
714a136f278f7f6d,1,1,-1.34375,1.3671875,0.06233103588192476,0.9376689641180752,1.4912607837734826,dann_matched,banglasarc3_binary+banglasarc_binary,banglasarc3_binary,7
cb7574a7cdfb2600,0,1,-1.25,1.2734375,0.07423137046083579,0.9257686295391643,1.4912607837734826,dann_matched,banglasarc3_binary+banglasarc_binary,banglasarc3_binary,7
539200a378d20681,0,1,-0.4375,0.375,0.30735801686526387,0.6926419831347361,1.4912607837734826,dann_matched,banglasarc3_binary+banglasarc_binary,banglasarc3_binary,7
9d4e9c774780337b,1,0,0.765625,-0.890625,0.8397339676722393,0.16026603232776068,1.4912607837734826,dann_matched,banglasarc3_binary+banglasarc_binary,banglasarc3_binary,7
d19183e0c68495fe,0,0,1.5390625,-1.421875,0.9507778868028013,0.04922211319719861,1.4912607837734826,dann_matched,banglasarc3_binary+banglasarc_binary,banglasarc3_binary,7
e727d555b9906254,0,0,1.0703125,-1.15625,0.9026096017480523,0.09739039825194779,1.4912607837734826,dann_matched,banglasarc3_binary+banglasarc_binary,banglasarc3_binary,7
560326443dd5a61f,1,1,-1.34375,1.3359375,0.06418264360901972,0.9358173563909802,1.4912607837734826,dann_matched,banglasarc3_binary+banglasarc_binary,banglasarc3_binary,7
3a356b90dc52db7a,0,0,0.4140625,-0.46484375,0.7065955179610504,0.2934044820389496,1.4912607837734826,dann_matched,banglasarc3_binary+banglasarc_binary,banglasarc3_binary,7
10315d34cdace8c1,0,1,-0.49609375,0.42578125,0.28457600421652673,0.7154239957834733,1.4912607837734826,dann_matched,banglasarc3_binary+banglasarc_binary,banglasarc3_binary,7
5b040037fd3ecdae,1,1,-1.4453125,1.515625,0.04922211319719861,0.9507778868028013,1.4912607837734826,dann_matched,banglasarc3_binary+banglasarc_binary,banglasarc3_binary,7
586f5d207285bf27,0,0,0.60546875,-0.68359375,0.7839884653055251,0.21601153469447487,1.4912607837734826,dann_matched,banglasarc3_binary+banglasarc_binary,banglasarc3_binary,7
11319ec3cf94ef20,0,0,2.265625,-2.421875,0.9908743626108194,0.00912563738918052,1.4912607837734826,dann_matched,banglasarc3_binary+banglasarc_binary,banglasarc3_binary,7
69fbdf73ddc7be78,1,1,-0.67578125,0.6328125,0.21272225577472892,0.7872777442252712,1.4912607837734826,dann_matched,banglasarc3_binary+banglasarc_binary,banglasarc3_binary,7
757ab3d1fca46e3c,1,1,-0.13476562,0.040771484,0.45622806138181454,0.5437719386181855,1.4912607837734826,dann_matched,banglasarc3_binary+banglasarc_binary,banglasarc3_binary,7
a39c5cc8dcf7f753,0,0,2.03125,-2.15625,0.98504291340685,0.01495708659314999,1.4912607837734826,dann_matched,banglasarc3_binary+banglasarc_binary,banglasarc3_binary,7
ba0d8b695ca6ef05,0,1,-0.1484375,0.09277344,0.43998795583500727,0.5600120441649928,1.4912607837734826,dann_matched,banglasarc3_binary+banglasarc_binary,banglasarc3_binary,7
7e976976fd12e611,0,0,1.671875,-1.734375,0.9678992932829918,0.03210070671700819,1.4912607837734826,dann_matched,banglasarc3_binary+banglasarc_binary,banglasarc3_binary,7
177bf85b5ddcbb0b,1,1,-0.59765625,0.58203125,0.2351083892199931,0.7648916107800069,1.4912607837734826,dann_matched,banglasarc3_binary+banglasarc_binary,banglasarc3_binary,7
6d78d071878ac3d1,1,1,-0.78125,0.7578125,0.17667160102063317,0.8233283989793668,1.4912607837734826,dann_matched,banglasarc3_binary+banglasarc_binary,banglasarc3_binary,7
c85c38b6528754b8,1,1,-0.81640625,0.8203125,0.16291203745291188,0.8370879625470882,1.4912607837734826,dann_matched,banglasarc3_binary+banglasarc_binary,banglasarc3_binary,7
90dbb76ac473a400,1,1,-1.25,1.390625,0.06656918897050168,0.9334308110294983,1.4912607837734826,dann_matched,banglasarc3_binary+banglasarc_binary,banglasarc3_binary,7
63c48593140100b8,0,0,1.5234375,-1.6484375,0.9597620573763841,0.04023794262361602,1.4912607837734826,dann_matched,banglasarc3_binary+banglasarc_binary,banglasarc3_binary,7
aff3807e81a949e8,0,0,2.21875,-2.375,0.9899864293768268,0.010013570623173138,1.4912607837734826,dann_matched,banglasarc3_binary+banglasarc_binary,banglasarc3_binary,7
2a1a90955017061c,1,1,-1.1171875,1.1328125,0.0953494648991095,0.9046505351008906,1.4912607837734826,dann_matched,banglasarc3_binary+banglasarc_binary,banglasarc3_binary,7
8ba3ce83e1b38636,0,0,2.21875,-2.375,0.9899864293768268,0.010013570623173138,1.4912607837734826,dann_matched,banglasarc3_binary+banglasarc_binary,banglasarc3_binary,7
b6a150e585a90815,1,0,0.9453125,-1.015625,0.8766343756272444,0.12336562437275558,1.4912607837734826,dann_matched,banglasarc3_binary+banglasarc_binary,banglasarc3_binary,7
e7f847b226aac07c,0,0,1.9921875,-2.109375,0.9837225390872865,0.016277460912713496,1.4912607837734826,dann_matched,banglasarc3_binary+banglasarc_binary,banglasarc3_binary,7
dddd46a1f7d0d0f0,1,1,-1.5546875,1.6015625,0.040845715909949315,0.9591542840900507,1.4912607837734826,dann_matched,banglasarc3_binary+banglasarc_binary,banglasarc3_binary,7
1bffdb75712cd569,0,0,0.47265625,-0.4921875,0.7240905557040317,0.27590944429596825,1.4912607837734826,dann_matched,banglasarc3_binary+banglasarc_binary,banglasarc3_binary,7
2ab62d60d1d4472e,1,1,-0.44921875,0.4140625,0.29665425467899115,0.7033457453210089,1.4912607837734826,dann_matched,banglasarc3_binary+banglasarc_binary,banglasarc3_binary,7
8fc93f04e6590154,1,0,-0.021606445,-0.025390625,0.5009460437929284,0.49905395620707155,1.4912607837734826,dann_matched,banglasarc3_binary+banglasarc_binary,banglasarc3_binary,7
86de20b950da2d3c,0,1,-1.1640625,1.2265625,0.08389038641057993,0.91610961358942,1.4912607837734826,dann_matched,banglasarc3_binary+banglasarc_binary,banglasarc3_binary,7
5621eac1c37b8431,0,0,0.84375,-0.5546875,0.801935826331075,0.19806417366892506,1.4912607837734826,dann_matched,banglasarc3_binary+banglasarc_binary,banglasarc3_binary,7
837aaea86232ce70,1,0,2.421875,-2.359375,0.9916842215225259,0.008315778477474129,1.4912607837734826,dann_matched,banglasarc3_binary+banglasarc_binary,banglasarc3_binary,7
f99f7e89824b6612,0,0,2.125,-2.234375,0.9873750507184357,0.012624949281564409,1.4912607837734826,dann_matched,banglasarc3_binary+banglasarc_binary,banglasarc3_binary,7
f398263b812de4fc,0,0,2.28125,-2.34375,0.9902915235185259,0.009708476481474066,1.4912607837734826,dann_matched,banglasarc3_binary+banglasarc_binary,banglasarc3_binary,7
f933964e1386abbc,1,0,0.15429688,-0.13085938,0.5708098913740778,0.42919010862592216,1.4912607837734826,dann_matched,banglasarc3_binary+banglasarc_binary,banglasarc3_binary,7
29429b72289fcd40,0,0,0.5078125,-0.3984375,0.712232184238947,0.2877678157610531,1.4912607837734826,dann_matched,banglasarc3_binary+banglasarc_binary,banglasarc3_binary,7
065cb8d51b12f79a,0,1,-1.2109375,1.2578125,0.07807816514495095,0.9219218348550491,1.4912607837734826,dann_matched,banglasarc3_binary+banglasarc_binary,banglasarc3_binary,7
238ed849caf48da2,0,0,1.9296875,-2.078125,0.982151261550011,0.017848738449988986,1.4912607837734826,dann_matched,banglasarc3_binary+banglasarc_binary,banglasarc3_binary,7
e6879d34059ffd78,1,1,-0.40625,0.52734375,0.2821961896597225,0.7178038103402775,1.4912607837734826,dann_matched,banglasarc3_binary+banglasarc_binary,banglasarc3_binary,7
e1920815e63fd77c,1,1,-1.4453125,1.546875,0.047780066363570746,0.9522199336364293,1.4912607837734826,dann_matched,banglasarc3_binary+banglasarc_binary,banglasarc3_binary,7
9d6102939ae27963,1,1,-0.56640625,0.63671875,0.23091976292927183,0.7690802370707283,1.4912607837734826,dann_matched,banglasarc3_binary+banglasarc_binary,banglasarc3_binary,7
7cf8d62bc548f981,1,1,-0.3125,0.28710938,0.3544330677021044,0.6455669322978956,1.4912607837734826,dann_matched,banglasarc3_binary+banglasarc_binary,banglasarc3_binary,7
3dedb7824bbf60be,0,1,-0.19824219,0.07519531,0.4320633892123068,0.5679366107876933,1.4912607837734826,dann_matched,banglasarc3_binary+banglasarc_binary,banglasarc3_binary,7
7168d49fd7747b74,0,0,2.21875,-2.296875,0.9891815513471369,0.010818448652863185,1.4912607837734826,dann_matched,banglasarc3_binary+banglasarc_binary,banglasarc3_binary,7
85cf586fc25418e3,0,1,-0.84375,0.8203125,0.15921740814605373,0.8407825918539462,1.4912607837734826,dann_matched,banglasarc3_binary+banglasarc_binary,banglasarc3_binary,7
b4853c23f7a9f71d,0,0,0.83984375,-0.95703125,0.8577681049901036,0.1422318950098963,1.4912607837734826,dann_matched,banglasarc3_binary+banglasarc_binary,banglasarc3_binary,7
b577521aba23e9a6,1,0,1.25,-1.171875,0.9184802440252811,0.08151975597471893,1.4912607837734826,dann_matched,banglasarc3_binary+banglasarc_binary,banglasarc3_binary,7
43913a364404a6b7,1,1,-0.07519531,-0.0087890625,0.48340453559462787,0.5165954644053721,1.4912607837734826,dann_matched,banglasarc3_binary+banglasarc_binary,banglasarc3_binary,7
98595080b20ded8e,0,0,0.24902344,-0.18847656,0.6076631698328917,0.3923368301671084,1.4912607837734826,dann_matched,banglasarc3_binary+banglasarc_binary,banglasarc3_binary,7
e8908d5a70ac67f7,0,0,1.4140625,-1.5703125,0.9518632288833652,0.04813677111663481,1.4912607837734826,dann_matched,banglasarc3_binary+banglasarc_binary,banglasarc3_binary,7
a92f9901130b2155,0,1,-0.052001953,0.04248047,0.4763969504797943,0.5236030495202058,1.4912607837734826,dann_matched,banglasarc3_binary+banglasarc_binary,banglasarc3_binary,7
7d6de967d264bd85,0,0,0.5078125,-0.57421875,0.7468781860434985,0.2531218139565015,1.4912607837734826,dann_matched,banglasarc3_binary+banglasarc_binary,banglasarc3_binary,7
9837a43eab10dddf,1,1,-1.734375,1.859375,0.026759283185443145,0.9732407168145568,1.4912607837734826,dann_matched,banglasarc3_binary+banglasarc_binary,banglasarc3_binary,7
65319c5414a8306a,0,0,1.2578125,-1.2890625,0.927363293639213,0.07263670636078697,1.4912607837734826,dann_matched,banglasarc3_binary+banglasarc_binary,banglasarc3_binary,7
fade48daf673b1f8,0,0,1.8984375,-2.09375,0.9818752792555313,0.018124720744468643,1.4912607837734826,dann_matched,banglasarc3_binary+banglasarc_binary,banglasarc3_binary,7
866873fff24113c0,1,1,-0.921875,0.859375,0.14414885303274058,0.8558511469672594,1.4912607837734826,dann_matched,banglasarc3_binary+banglasarc_binary,banglasarc3_binary,7
e3cc36cc8d198224,0,1,-0.71875,0.73046875,0.19012183026908458,0.8098781697309154,1.4912607837734826,dann_matched,banglasarc3_binary+banglasarc_binary,banglasarc3_binary,7
89c21dd6d937eaff,1,0,0.4296875,-0.55859375,0.7287483034031065,0.2712516965968936,1.4912607837734826,dann_matched,banglasarc3_binary+banglasarc_binary,banglasarc3_binary,7
4b6f29550988601b,0,0,1.9921875,-2.109375,0.9837225390872865,0.016277460912713496,1.4912607837734826,dann_matched,banglasarc3_binary+banglasarc_binary,banglasarc3_binary,7
d975dd69c2f72afd,1,1,-1.2109375,1.2421875,0.07921032410902437,0.9207896758909757,1.4912607837734826,dann_matched,banglasarc3_binary+banglasarc_binary,banglasarc3_binary,7
877fb7d4cf62f178,1,1,-1.4765625,1.4921875,0.048857778622174906,0.9511422213778251,1.4912607837734826,dann_matched,banglasarc3_binary+banglasarc_binary,banglasarc3_binary,7
8e7741f5f6607b4c,1,1,-1.328125,1.3984375,0.06142404005467019,0.9385759599453297,1.4912607837734826,dann_matched,banglasarc3_binary+banglasarc_binary,banglasarc3_binary,7
0892c4bec7f40ca2,1,1,-1.2734375,1.3515625,0.0675466911396291,0.9324533088603709,1.4912607837734826,dann_matched,banglasarc3_binary+banglasarc_binary,banglasarc3_binary,7
a2b22017bfba6565,1,1,-0.58203125,0.55859375,0.24220562872535945,0.7577943712746406,1.4912607837734826,dann_matched,banglasarc3_binary+banglasarc_binary,banglasarc3_binary,7
f5daae7220a90010,0,0,1.109375,-1.25,0.9136765234137297,0.08632347658627028,1.4912607837734826,dann_matched,banglasarc3_binary+banglasarc_binary,banglasarc3_binary,7
0f083853e0116694,1,1,-0.72265625,0.7265625,0.19012183026908458,0.8098781697309154,1.4912607837734826,dann_matched,banglasarc3_binary+banglasarc_binary,banglasarc3_binary,7
40768fb2acdaf890,0,0,0.390625,-0.49609375,0.7082125739194518,0.29178742608054825,1.4912607837734826,dann_matched,banglasarc3_binary+banglasarc_binary,banglasarc3_binary,7
d61c45eabc68eb9b,0,0,0.059570312,-0.012207031,0.5179366358223289,0.4820633641776711,1.4912607837734826,dann_matched,banglasarc3_binary+banglasarc_binary,banglasarc3_binary,7
f8966d9f2ebf8a15,1,1,-0.7890625,0.77734375,0.1727293128639838,0.8272706871360163,1.4912607837734826,dann_matched,banglasarc3_binary+banglasarc_binary,banglasarc3_binary,7
3a91532d913e2c4b,0,0,2.203125,-2.390625,0.9899864293768268,0.010013570623173138,1.4912607837734826,dann_matched,banglasarc3_binary+banglasarc_binary,banglasarc3_binary,7
701ed1e21508a181,0,0,0.17675781,-0.20703125,0.5947866527017444,0.4052133472982556,1.4912607837734826,dann_matched,banglasarc3_binary+banglasarc_binary,banglasarc3_binary,7
b4b9460c57fb2ff8,1,1,-1.046875,1.1171875,0.1030244283262171,0.896975571673783,1.4912607837734826,dann_matched,banglasarc3_binary+banglasarc_binary,banglasarc3_binary,7
f6ef35c40454d8a9,1,1,-0.76953125,0.76953125,0.17667160102063317,0.8233283989793668,1.4912607837734826,dann_matched,banglasarc3_binary+banglasarc_binary,banglasarc3_binary,7
c749254818a2beb4,1,0,0.16210938,-0.27148438,0.6067314954360127,0.39326850456398726,1.4912607837734826,dann_matched,banglasarc3_binary+banglasarc_binary,banglasarc3_binary,7
a8d95df3867755d7,1,0,0.3125,-0.3671875,0.6636689470737326,0.3363310529262674,1.4912607837734826,dann_matched,banglasarc3_binary+banglasarc_binary,banglasarc3_binary,7
fb125052de8613ad,1,1,-1.109375,1.1328125,0.09602548878779378,0.9039745112122062,1.4912607837734826,dann_matched,banglasarc3_binary+banglasarc_binary,banglasarc3_binary,7
09a2cced4bee49f7,1,1,-0.9609375,1.0859375,0.1143685261818125,0.8856314738181876,1.4912607837734826,dann_matched,banglasarc3_binary+banglasarc_binary,banglasarc3_binary,7
8a83d3da7699811c,0,0,0.3203125,-0.31054688,0.6526842973205801,0.34731570267941986,1.4912607837734826,dann_matched,banglasarc3_binary+banglasarc_binary,banglasarc3_binary,7
3964424aa0d49a56,0,0,0.65234375,-0.7578125,0.8037905871912979,0.19620941280870197,1.4912607837734826,dann_matched,banglasarc3_binary+banglasarc_binary,banglasarc3_binary,7
0fa27d4578133779,1,0,1.9296875,-1.9921875,0.9805806518175514,0.0194193481824486,1.4912607837734826,dann_matched,banglasarc3_binary+banglasarc_binary,banglasarc3_binary,7
2a782f9195e8bf56,0,0,1.84375,-1.9765625,0.9785492708245106,0.021450729175489416,1.4912607837734826,dann_matched,banglasarc3_binary+banglasarc_binary,banglasarc3_binary,7
ce572474de1b6dd4,1,0,0.26171875,-0.064453125,0.5808276445792696,0.41917235542073045,1.4912607837734826,dann_matched,banglasarc3_binary+banglasarc_binary,banglasarc3_binary,7
2b921d548ea4c4df,1,1,-0.76171875,0.70703125,0.1871326821624266,0.8128673178375735,1.4912607837734826,dann_matched,banglasarc3_binary+banglasarc_binary,banglasarc3_binary,7
8a3dac5169c757dc,1,1,-1.15625,1.1328125,0.09203286011100995,0.90796713988899,1.4912607837734826,dann_matched,banglasarc3_binary+banglasarc_binary,banglasarc3_binary,7
1dc83e50f7da3618,0,0,0.25390625,-0.31640625,0.6388352797656791,0.3611647202343208,1.4912607837734826,dann_matched,banglasarc3_binary+banglasarc_binary,banglasarc3_binary,7
43e4c5caf8ccf8d9,1,1,-0.17871094,0.14746094,0.41917235542073045,0.5808276445792696,1.4912607837734826,dann_matched,banglasarc3_binary+banglasarc_binary,banglasarc3_binary,7
c768491a2e849a34,1,1,-0.98046875,1.0625,0.1147647802656337,0.8852352197343663,1.4912607837734826,dann_matched,banglasarc3_binary+banglasarc_binary,banglasarc3_binary,7
d9b9d06a13c83be0,0,0,1.703125,-1.859375,0.9724147177732099,0.027585282226789985,1.4912607837734826,dann_matched,banglasarc3_binary+banglasarc_binary,banglasarc3_binary,7
6bac0560c62a5092,1,1,-0.91796875,0.921875,0.137069773035303,0.862930226964697,1.4912607837734826,dann_matched,banglasarc3_binary+banglasarc_binary,banglasarc3_binary,7
77eefbc8cad52155,0,0,1.8828125,-2.015625,0.980129286039598,0.019870713960402048,1.4912607837734826,dann_matched,banglasarc3_binary+banglasarc_binary,banglasarc3_binary,7
61341c4de44d2405,1,0,0.23925781,-0.33984375,0.6408606496873825,0.35913935031261757,1.4912607837734826,dann_matched,banglasarc3_binary+banglasarc_binary,banglasarc3_binary,7
cd6e8a914163a6ff,0,0,0.3125,-0.30078125,0.6486889357268106,0.35131106427318937,1.4912607837734826,dann_matched,banglasarc3_binary+banglasarc_binary,banglasarc3_binary,7
81087120efb6f7bd,0,0,2.5625,-2.609375,0.9943580914999767,0.00564190850002335,1.4912607837734826,dann_matched,banglasarc3_binary+banglasarc_binary,banglasarc3_binary,7
467d95865670a7c7,0,0,0.4453125,-0.58984375,0.7379143205612129,0.2620856794387872,1.4912607837734826,dann_matched,banglasarc3_binary+banglasarc_binary,banglasarc3_binary,7
a061508d9f7523b5,1,0,1.5390625,-1.328125,0.946200356539936,0.053799643460063995,1.4912607837734826,dann_matched,banglasarc3_binary+banglasarc_binary,banglasarc3_binary,7
cf0096f6a70cc1c1,1,1,-1.0859375,1.0703125,0.10374862686637971,0.8962513731336202,1.4912607837734826,dann_matched,banglasarc3_binary+banglasarc_binary,banglasarc3_binary,7
2038f5084e716133,0,1,-0.734375,0.91796875,0.16079243661397521,0.8392075633860248,1.4912607837734826,dann_matched,banglasarc3_binary+banglasarc_binary,banglasarc3_binary,7
40e021231f9b1641,0,0,2.125,-2.234375,0.9873750507184357,0.012624949281564409,1.4912607837734826,dann_matched,banglasarc3_binary+banglasarc_binary,banglasarc3_binary,7
2416d3cb16cd9c24,1,1,-0.73046875,0.66796875,0.19806417366892506,0.801935826331075,1.4912607837734826,dann_matched,banglasarc3_binary+banglasarc_binary,banglasarc3_binary,7
c8d7de7cf70fcf2b,0,1,-0.75390625,0.7421875,0.18300885002394832,0.8169911499760516,1.4912607837734826,dann_matched,banglasarc3_binary+banglasarc_binary,banglasarc3_binary,7
f6314ebda0e9b467,1,0,1.1328125,-1.28125,0.9178933729531492,0.08210662704685086,1.4912607837734826,dann_matched,banglasarc3_binary+banglasarc_binary,banglasarc3_binary,7
6062c09c444e211f,1,0,0.9453125,-0.921875,0.8661325122464822,0.13386748775351784,1.4912607837734826,dann_matched,banglasarc3_binary+banglasarc_binary,banglasarc3_binary,7
4adaf7a44c6d430f,1,0,1.4765625,-1.40625,0.9469902279841446,0.05300977201585542,1.4912607837734826,dann_matched,banglasarc3_binary+banglasarc_binary,banglasarc3_binary,7
a5bb573405980a25,1,0,0.20117188,-0.23535156,0.6074303244307563,0.3925696755692437,1.4912607837734826,dann_matched,banglasarc3_binary+banglasarc_binary,banglasarc3_binary,7
44fc54763842d3f4,1,1,-1.6796875,1.8828125,0.027585282226789985,0.9724147177732099,1.4912607837734826,dann_matched,banglasarc3_binary+banglasarc_binary,banglasarc3_binary,7
64ad5df98a085346,0,1,-0.75,0.8203125,0.17217184695139578,0.8278281530486042,1.4912607837734826,dann_matched,banglasarc3_binary+banglasarc_binary,banglasarc3_binary,7
d3b2db834378679a,0,1,-0.08105469,0.109375,0.45253592582888075,0.5474640741711192,1.4912607837734826,dann_matched,banglasarc3_binary+banglasarc_binary,banglasarc3_binary,7
411964e4c9aadb31,0,1,-1.296875,1.3046875,0.06903792817479,0.9309620718252101,1.4912607837734826,dann_matched,banglasarc3_binary+banglasarc_binary,banglasarc3_binary,7
9d3774289ff1c6b7,1,0,0.453125,-0.5390625,0.7295197779697509,0.2704802220302491,1.4912607837734826,dann_matched,banglasarc3_binary+banglasarc_binary,banglasarc3_binary,7
7799f6cae337598c,0,0,2.34375,-2.34375,0.9908743626108194,0.00912563738918052,1.4912607837734826,dann_matched,banglasarc3_binary+banglasarc_binary,banglasarc3_binary,7
211c6d38bfbe7b02,0,0,0.20214844,-0.103515625,0.5758265566911799,0.4241734433088202,1.4912607837734826,dann_matched,banglasarc3_binary+banglasarc_binary,banglasarc3_binary,7
3cff9f15c3baf42c,1,0,1.59375,-1.4453125,0.9543079676184154,0.04569203238158463,1.4912607837734826,dann_matched,banglasarc3_binary+banglasarc_binary,banglasarc3_binary,7
9c18cf645a2b92f4,1,1,-2.359375,2.453125,0.008061991528271641,0.9919380084717284,1.4912607837734826,dann_matched,banglasarc3_binary+banglasarc_binary,banglasarc3_binary,7
0b45893ebd275e93,0,0,1.546875,-1.546875,0.9566342012360932,0.04336579876390677,1.4912607837734826,dann_matched,banglasarc3_binary+banglasarc_binary,banglasarc3_binary,7
e5026d6cb3802c30,1,1,-0.59765625,0.46289062,0.2572049600455828,0.7427950399544171,1.4912607837734826,dann_matched,banglasarc3_binary+banglasarc_binary,banglasarc3_binary,7
6aaf9704fc1bdef0,0,1,-0.9609375,0.95703125,0.1280882483446611,0.8719117516553389,1.4912607837734826,dann_matched,banglasarc3_binary+banglasarc_binary,banglasarc3_binary,7
81a1f43037e1cac1,1,1,-0.8671875,0.87109375,0.1495313793312345,0.8504686206687655,1.4912607837734826,dann_matched,banglasarc3_binary+banglasarc_binary,banglasarc3_binary,7
7fb0bd6317330d4d,1,1,-0.98828125,1.0,0.12043881659461604,0.8795611834053839,1.4912607837734826,dann_matched,banglasarc3_binary+banglasarc_binary,banglasarc3_binary,7
02520a874eae112e,1,1,-1.09375,1.109375,0.09947021388210707,0.9005297861178929,1.4912607837734826,dann_matched,banglasarc3_binary+banglasarc_binary,banglasarc3_binary,7
a5ce9ddbfc286430,0,0,2.40625,-2.390625,0.9918120900983038,0.008187909901696235,1.4912607837734826,dann_matched,banglasarc3_binary+banglasarc_binary,banglasarc3_binary,7
f0dad52b23c7b1b2,0,0,1.40625,-1.53125,0.9496693674025232,0.05033063259747688,1.4912607837734826,dann_matched,banglasarc3_binary+banglasarc_binary,banglasarc3_binary,7
552cb5e4af89f7b4,1,1,-1.3984375,1.546875,0.0499585240665846,0.9500414759334155,1.4912607837734826,dann_matched,banglasarc3_binary+banglasarc_binary,banglasarc3_binary,7
5943a521e3945c92,0,0,0.49609375,-0.671875,0.7627776615116516,0.2372223384883484,1.4912607837734826,dann_matched,banglasarc3_binary+banglasarc_binary,banglasarc3_binary,7
ae9b18fb7ff57a4e,1,1,-0.16113281,0.06542969,0.44360042072113065,0.5563995792788694,1.4912607837734826,dann_matched,banglasarc3_binary+banglasarc_binary,banglasarc3_binary,7
ff80e0cbcd7c1782,0,0,1.78125,-1.53125,0.9648551535992067,0.03514484640079327,1.4912607837734826,dann_matched,banglasarc3_binary+banglasarc_binary,banglasarc3_binary,7
f1314c540d6527e9,0,0,2.265625,-2.453125,0.9911526449170697,0.008847355082930386,1.4912607837734826,dann_matched,banglasarc3_binary+banglasarc_binary,banglasarc3_binary,7
fac42c7ed54d77d8,0,0,0.040039062,-0.07519531,0.5287767570087083,0.4712232429912917,1.4912607837734826,dann_matched,banglasarc3_binary+banglasarc_binary,banglasarc3_binary,7
8658527a6a2a33bf,0,0,2.0625,-2.28125,0.9871787857334058,0.012821214266594244,1.4912607837734826,dann_matched,banglasarc3_binary+banglasarc_binary,banglasarc3_binary,7
67575dc5c930b3d1,0,0,1.46875,-1.5,0.9511422213778251,0.048857778622174906,1.4912607837734826,dann_matched,banglasarc3_binary+banglasarc_binary,banglasarc3_binary,7
ad380f5058befbd4,1,1,-1.078125,1.09375,0.10230470789265303,0.8976952921073469,1.4912607837734826,dann_matched,banglasarc3_binary+banglasarc_binary,banglasarc3_binary,7
392a0ef4d44c3c73,1,1,-0.33203125,0.33398438,0.33938958230485144,0.6606104176951485,1.4912607837734826,dann_matched,banglasarc3_binary+banglasarc_binary,banglasarc3_binary,7
d6bafb1cda6b4f80,1,1,-1.15625,1.25,0.08269734267503885,0.9173026573249612,1.4912607837734826,dann_matched,banglasarc3_binary+banglasarc_binary,banglasarc3_binary,7
809d83f7454be9cd,1,1,-0.58203125,0.60546875,0.23370635691404026,0.7662936430859597,1.4912607837734826,dann_matched,banglasarc3_binary+banglasarc_binary,banglasarc3_binary,7
a7ecaf79eb5d5fb9,1,1,-1.3046875,1.3203125,0.0675466911396291,0.9324533088603709,1.4912607837734826,dann_matched,banglasarc3_binary+banglasarc_binary,banglasarc3_binary,7
16902334d4aac003,0,0,1.6953125,-1.78125,0.9700134939339985,0.029986506066001513,1.4912607837734826,dann_matched,banglasarc3_binary+banglasarc_binary,banglasarc3_binary,7
051f1b25aad139f0,1,0,0.11816406,-0.14355469,0.5650587515863784,0.4349412484136216,1.4912607837734826,dann_matched,banglasarc3_binary+banglasarc_binary,banglasarc3_binary,7
74628967f465b267,0,1,-1.0859375,1.140625,0.09739039825194779,0.9026096017480523,1.4912607837734826,dann_matched,banglasarc3_binary+banglasarc_binary,banglasarc3_binary,7
32b5e23e297c895c,1,1,-0.96875,0.93359375,0.12984343802049797,0.870156561979502,1.4912607837734826,dann_matched,banglasarc3_binary+banglasarc_binary,banglasarc3_binary,7
78a8f1d91019c411,0,1,-0.1875,0.14941406,0.41655928238774886,0.583440717612251,1.4912607837734826,dann_matched,banglasarc3_binary+banglasarc_binary,banglasarc3_binary,7
6bbdac83cbe8ed55,1,1,-0.6796875,0.6875,0.2030746281894702,0.7969253718105298,1.4912607837734826,dann_matched,banglasarc3_binary+banglasarc_binary,banglasarc3_binary,7
505144aeff25d610,0,0,2.546875,-2.734375,0.9949396679680339,0.00506033203196621,1.4912607837734826,dann_matched,banglasarc3_binary+banglasarc_binary,banglasarc3_binary,7
514e7229ecf5d2fe,1,1,-0.68359375,0.7109375,0.1986853537904252,0.8013146462095748,1.4912607837734826,dann_matched,banglasarc3_binary+banglasarc_binary,banglasarc3_binary,7
97ff4666ec5e9f65,0,0,1.4375,-1.40625,0.9449947117065459,0.05500528829345415,1.4912607837734826,dann_matched,banglasarc3_binary+banglasarc_binary,banglasarc3_binary,7
7cb9734d271aa603,1,1,-1.25,1.296875,0.07263670636078697,0.927363293639213,1.4912607837734826,dann_matched,banglasarc3_binary+banglasarc_binary,banglasarc3_binary,7
895b32d6f531e8d6,0,1,-1.1328125,1.1953125,0.08882029240011771,0.9111797075998822,1.4912607837734826,dann_matched,banglasarc3_binary+banglasarc_binary,banglasarc3_binary,7
b1a4b29882b6c492,0,0,1.34375,-1.4140625,0.9403530570548787,0.0596469429451214,1.4912607837734826,dann_matched,banglasarc3_binary+banglasarc_binary,banglasarc3_binary,7
0dc4897d46949237,0,0,2.546875,-2.359375,0.9926541734255229,0.007345826574477061,1.4912607837734826,dann_matched,banglasarc3_binary+banglasarc_binary,banglasarc3_binary,7
c3b7103111f141a1,1,1,-0.890625,0.79296875,0.156620183363451,0.843379816636549,1.4912607837734826,dann_matched,banglasarc3_binary+banglasarc_binary,banglasarc3_binary,7
ec3e49aee99d8f7a,1,1,-1.3125,1.3671875,0.06418264360901972,0.9358173563909802,1.4912607837734826,dann_matched,banglasarc3_binary+banglasarc_binary,banglasarc3_binary,7
992c3932d484ad9a,0,0,0.78125,-0.90234375,0.843379816636549,0.156620183363451,1.4912607837734826,dann_matched,banglasarc3_binary+banglasarc_binary,banglasarc3_binary,7
c5bd12f82a343358,1,0,0.3828125,-0.46679688,0.7004851935462564,0.2995148064537437,1.4912607837734826,dann_matched,banglasarc3_binary+banglasarc_binary,banglasarc3_binary,7
3ea7fe33caac8580,0,0,1.890625,-1.796875,0.9755769099458929,0.024423090054107213,1.4912607837734826,dann_matched,banglasarc3_binary+banglasarc_binary,banglasarc3_binary,7
33a5e06ca430c8f1,0,0,0.98046875,-1.1015625,0.8891444050747391,0.11085559492526088,1.4912607837734826,dann_matched,banglasarc3_binary+banglasarc_binary,banglasarc3_binary,7
0e1ca87b75e07a22,0,0,1.640625,-1.6796875,0.9651191130633208,0.034880886936679296,1.4912607837734826,dann_matched,banglasarc3_binary+banglasarc_binary,banglasarc3_binary,7
d8fee321b4621b14,1,0,0.8359375,-1.0390625,0.8670357598021706,0.13296424019782924,1.4912607837734826,dann_matched,banglasarc3_binary+banglasarc_binary,banglasarc3_binary,7
00c1732e4277e2ff,1,1,-0.68359375,0.57421875,0.22135068799782798,0.7786493120021721,1.4912607837734826,dann_matched,banglasarc3_binary+banglasarc_binary,banglasarc3_binary,7
fbce076f3a151066,1,1,-1.6875,1.7734375,0.030444348432624533,0.9695556515673754,1.4912607837734826,dann_matched,banglasarc3_binary+banglasarc_binary,banglasarc3_binary,7
dbbbd3567edaaf38,0,0,0.953125,-1.0,0.8757869916479466,0.1242130083520534,1.4912607837734826,dann_matched,banglasarc3_binary+banglasarc_binary,banglasarc3_binary,7
4ac1dba701f4fda5,1,1,-0.734375,0.77734375,0.180684214164803,0.819315785835197,1.4912607837734826,dann_matched,banglasarc3_binary+banglasarc_binary,banglasarc3_binary,7
a13bde6d3c5bb87a,0,0,1.3203125,-1.3515625,0.9353465116437761,0.06465348835622392,1.4912607837734826,dann_matched,banglasarc3_binary+banglasarc_binary,banglasarc3_binary,7
9f92c9c63ab16ba9,1,1,-1.453125,1.5625,0.04672495862609242,0.9532750413739076,1.4912607837734826,dann_matched,banglasarc3_binary+banglasarc_binary,banglasarc3_binary,7
e70632ab44b95d37,1,1,-1.3671875,1.484375,0.05460060578165237,0.9453993942183476,1.4912607837734826,dann_matched,banglasarc3_binary+banglasarc_binary,banglasarc3_binary,7
e1e95dc7d5fd4fe7,0,1,-0.4921875,0.42773438,0.2849738130736883,0.7150261869263117,1.4912607837734826,dann_matched,banglasarc3_binary+banglasarc_binary,banglasarc3_binary,7
cf43563beef479bd,1,0,1.8984375,-2.0625,0.9813106915732508,0.01868930842674908,1.4912607837734826,dann_matched,banglasarc3_binary+banglasarc_binary,banglasarc3_binary,7
9f9b2bac0fb579a1,1,1,-1.4375,1.3984375,0.05541279438176918,0.944587205618231,1.4912607837734826,dann_matched,banglasarc3_binary+banglasarc_binary,banglasarc3_binary,7
64261898e8263c33,0,0,0.26171875,-0.36328125,0.6513548646660542,0.34864513533394575,1.4912607837734826,dann_matched,banglasarc3_binary+banglasarc_binary,banglasarc3_binary,7
2584524d390cdfab,1,1,-0.859375,0.81640625,0.1576549093940152,0.8423450906059847,1.4912607837734826,dann_matched,banglasarc3_binary+banglasarc_binary,banglasarc3_binary,7
257a7560d1ab7c7e,0,1,-1.2734375,1.3359375,0.06853749303199023,0.9314625069680097,1.4912607837734826,dann_matched,banglasarc3_binary+banglasarc_binary,banglasarc3_binary,7
2f14c0092aa7ca57,1,1,-0.6953125,0.6484375,0.2068940488158881,0.7931059511841119,1.4912607837734826,dann_matched,banglasarc3_binary+banglasarc_binary,banglasarc3_binary,7
342881c8a15bad16,0,0,0.28125,-0.41796875,0.6680145362320873,0.33198546376791266,1.4912607837734826,dann_matched,banglasarc3_binary+banglasarc_binary,banglasarc3_binary,7
43f923ef5eb8a6f5,0,0,1.8671875,-2.046875,0.9804313244446876,0.01956867555531235,1.4912607837734826,dann_matched,banglasarc3_binary+banglasarc_binary,banglasarc3_binary,7
ee6f09f058aef096,1,1,-0.9375,0.93359375,0.1334152172639784,0.8665847827360217,1.4912607837734826,dann_matched,banglasarc3_binary+banglasarc_binary,banglasarc3_binary,7
923b266511af9ccd,1,1,-1.2265625,1.15625,0.08449275397500926,0.9155072460249908,1.4912607837734826,dann_matched,banglasarc3_binary+banglasarc_binary,banglasarc3_binary,7
405b3d840ad271a8,0,0,1.25,-1.3359375,0.9299510391228232,0.07004896087717674,1.4912607837734826,dann_matched,banglasarc3_binary+banglasarc_binary,banglasarc3_binary,7
dab992c0f3dc01a0,0,0,1.8125,-1.859375,0.9752018398044143,0.02479816019558566,1.4912607837734826,dann_matched,banglasarc3_binary+banglasarc_binary,banglasarc3_binary,7
667af3eb14934a3e,0,0,2.53125,-2.703125,0.994698105130598,0.00530189486940215,1.4912607837734826,dann_matched,banglasarc3_binary+banglasarc_binary,banglasarc3_binary,7
b564fa9b23515ed0,1,1,-1.4375,1.578125,0.04672495862609242,0.9532750413739076,1.4912607837734826,dann_matched,banglasarc3_binary+banglasarc_binary,banglasarc3_binary,7
66d2aff5fc2e61bc,0,0,2.328125,-2.5,0.9920620058985926,0.007937994101407319,1.4912607837734826,dann_matched,banglasarc3_binary+banglasarc_binary,banglasarc3_binary,7
d3a8233595cb8024,0,0,1.375,-1.4765625,0.9453993942183476,0.05460060578165237,1.4912607837734826,dann_matched,banglasarc3_binary+banglasarc_binary,banglasarc3_binary,7
1d769f0a19572287,1,1,-0.7890625,1.0,0.1431877021825763,0.8568122978174237,1.4912607837734826,dann_matched,banglasarc3_binary+banglasarc_binary,banglasarc3_binary,7
3fee32aadfaf6383,0,0,2.09375,-2.234375,0.9869795098861571,0.013020490113842825,1.4912607837734826,dann_matched,banglasarc3_binary+banglasarc_binary,banglasarc3_binary,7
114b54f8ea927149,1,1,-0.8125,0.87890625,0.15559099407709326,0.8444090059229068,1.4912607837734826,dann_matched,banglasarc3_binary+banglasarc_binary,banglasarc3_binary,7
f8e88475333512af,1,0,-0.0009765625,-0.17773438,0.5440747593353916,0.45592524066460843,1.4912607837734826,dann_matched,banglasarc3_binary+banglasarc_binary,banglasarc3_binary,7
7a2afdf85b0e4a57,1,1,-0.97265625,0.8984375,0.1334152172639784,0.8665847827360217,1.4912607837734826,dann_matched,banglasarc3_binary+banglasarc_binary,banglasarc3_binary,7
92c430c72628f547,0,1,-0.41796875,0.38085938,0.31027625008867765,0.6897237499113223,1.4912607837734826,dann_matched,banglasarc3_binary+banglasarc_binary,banglasarc3_binary,7
26dc21d32e9a6348,1,0,0.43359375,-0.5078125,0.7193836258234395,0.28061637417656055,1.4912607837734826,dann_matched,banglasarc3_binary+banglasarc_binary,banglasarc3_binary,7
d08da382f5aa6fd6,1,0,2.734375,-2.84375,0.9962345862153261,0.0037654137846738736,1.4912607837734826,dann_matched,banglasarc3_binary+banglasarc_binary,banglasarc3_binary,7
ff9a012f3a431db5,1,1,-0.95703125,0.99609375,0.1242130083520534,0.8757869916479466,1.4912607837734826,dann_matched,banglasarc3_binary+banglasarc_binary,banglasarc3_binary,7
55386c020543c40f,1,1,-1.46875,1.5390625,0.04707417582102406,0.9529258241789759,1.4912607837734826,dann_matched,banglasarc3_binary+banglasarc_binary,banglasarc3_binary,7
017099e7610a6f6c,1,1,-0.041015625,0.10449219,0.46368709393253776,0.5363129060674623,1.4912607837734826,dann_matched,banglasarc3_binary+banglasarc_binary,banglasarc3_binary,7
f016ba0cc1c77d81,1,1,-1.0703125,1.1015625,0.10230470789265303,0.8976952921073469,1.4912607837734826,dann_matched,banglasarc3_binary+banglasarc_binary,banglasarc3_binary,7
bbbc6d295b42948d,0,1,-0.53515625,0.5625,0.25017930009106876,0.7498206999089312,1.4912607837734826,dann_matched,banglasarc3_binary+banglasarc_binary,banglasarc3_binary,7
8a6ec5d8b3140bbc,1,1,-0.4375,0.34765625,0.3132096615361948,0.6867903384638052,1.4912607837734826,dann_matched,banglasarc3_binary+banglasarc_binary,banglasarc3_binary,7
52f3e5cbfe71dd90,0,0,1.40625,-1.4140625,0.9437636542955161,0.056236345704483756,1.4912607837734826,dann_matched,banglasarc3_binary+banglasarc_binary,banglasarc3_binary,7
6311c3f6e9111661,1,0,1.1875,-1.1640625,0.9130583432721083,0.08694165672789168,1.4912607837734826,dann_matched,banglasarc3_binary+banglasarc_binary,banglasarc3_binary,7
ab531d6915b77591,1,0,0.7109375,-0.73828125,0.8098781697309154,0.19012183026908458,1.4912607837734826,dann_matched,banglasarc3_binary+banglasarc_binary,banglasarc3_binary,7
c8d4191a4c0034b0,0,1,-1.4453125,1.53125,0.048496003243956885,0.9515039967560431,1.4912607837734826,dann_matched,banglasarc3_binary+banglasarc_binary,banglasarc3_binary,7
78f45826d9c886c2,1,1,-0.47265625,0.47460938,0.2794350592151495,0.7205649407848504,1.4912607837734826,dann_matched,banglasarc3_binary+banglasarc_binary,banglasarc3_binary,7
f5080918cb703e26,1,1,-0.3671875,0.37109375,0.32338010134203354,0.6766198986579665,1.4912607837734826,dann_matched,banglasarc3_binary+banglasarc_binary,banglasarc3_binary,7
50855678cee37752,0,1,-0.24609375,0.21875,0.3858373826401981,0.6141626173598018,1.4912607837734826,dann_matched,banglasarc3_binary+banglasarc_binary,banglasarc3_binary,7
0e861cdeb8d4ab68,1,1,-1.09375,1.125,0.09807932347046003,0.90192067652954,1.4912607837734826,dann_matched,banglasarc3_binary+banglasarc_binary,banglasarc3_binary,7
6aa0691388dde3ef,0,0,1.7890625,-1.890625,0.975390071374038,0.024609928625961945,1.4912607837734826,dann_matched,banglasarc3_binary+banglasarc_binary,banglasarc3_binary,7
ac035386ab80b4e6,1,1,-0.97265625,0.96875,0.12549344653756345,0.8745065534624367,1.4912607837734826,dann_matched,banglasarc3_binary+banglasarc_binary,banglasarc3_binary,7
e76a1038723dc5eb,1,1,-0.98046875,1.0234375,0.11879340050844577,0.8812065994915543,1.4912607837734826,dann_matched,banglasarc3_binary+banglasarc_binary,banglasarc3_binary,7
ff922cbca8785282,1,1,-0.53125,0.43945312,0.27474037666903506,0.725259623330965,1.4912607837734826,dann_matched,banglasarc3_binary+banglasarc_binary,banglasarc3_binary,7
66a6d7fc7c022153,1,1,-0.25390625,0.26367188,0.3734187232283041,0.6265812767716958,1.4912607837734826,dann_matched,banglasarc3_binary+banglasarc_binary,banglasarc3_binary,7
6f920e614b465135,0,1,-0.24902344,0.17285156,0.3960681662740417,0.6039318337259583,1.4912607837734826,dann_matched,banglasarc3_binary+banglasarc_binary,banglasarc3_binary,7
a3046e4436328bea,1,1,-0.79296875,0.78515625,0.17106119167858438,0.8289388083214156,1.4912607837734826,dann_matched,banglasarc3_binary+banglasarc_binary,banglasarc3_binary,7
226afc1f08fe0780,0,0,1.5546875,-1.6796875,0.9621075733703927,0.037892426629607394,1.4912607837734826,dann_matched,banglasarc3_binary+banglasarc_binary,banglasarc3_binary,7
9924815a000de0cd,0,0,1.890625,-1.9296875,0.9785492708245106,0.021450729175489416,1.4912607837734826,dann_matched,banglasarc3_binary+banglasarc_binary,banglasarc3_binary,7
71c861c5ca9ae94c,0,0,2.484375,-2.59375,0.9938070098421449,0.006192990157855187,1.4912607837734826,dann_matched,banglasarc3_binary+banglasarc_binary,banglasarc3_binary,7
9a8af6572f036955,1,0,1.4453125,-1.5703125,0.9532750413739076,0.04672495862609242,1.4912607837734826,dann_matched,banglasarc3_binary+banglasarc_binary,banglasarc3_binary,7
148f42b7e3a77173,1,1,-0.99609375,1.078125,0.11162799104060678,0.8883720089593933,1.4912607837734826,dann_matched,banglasarc3_binary+banglasarc_binary,banglasarc3_binary,7
4a3ebc4e56a23695,0,1,-0.017578125,0.021972656,0.4901135933999752,0.5098864066000248,1.4912607837734826,dann_matched,banglasarc3_binary+banglasarc_binary,banglasarc3_binary,7
9884f74105725ac3,0,0,1.734375,-1.8359375,0.9726235112216486,0.027376488778351356,1.4912607837734826,dann_matched,banglasarc3_binary+banglasarc_binary,banglasarc3_binary,7
bc7aa60f495fb7a9,0,0,0.17089844,-0.27148438,0.6088266605718327,0.39117333942816745,1.4912607837734826,dann_matched,banglasarc3_binary+banglasarc_binary,banglasarc3_binary,7
1a19fa077638051f,0,0,2.15625,-2.265625,0.9881308789536605,0.011869121046339474,1.4912607837734826,dann_matched,banglasarc3_binary+banglasarc_binary,banglasarc3_binary,7
bbac56b00ec41b2d,1,0,1.0078125,-1.1484375,0.8962513731336202,0.10374862686637971,1.4912607837734826,dann_matched,banglasarc3_binary+banglasarc_binary,banglasarc3_binary,7
1ee3ab9f5f73d8e3,0,0,0.22753906,-0.25195312,0.6176279550742637,0.3823720449257363,1.4912607837734826,dann_matched,banglasarc3_binary+banglasarc_binary,banglasarc3_binary,7
0a70db745aa8febf,1,1,-0.73828125,0.7109375,0.19012183026908458,0.8098781697309154,1.4912607837734826,dann_matched,banglasarc3_binary+banglasarc_binary,banglasarc3_binary,7
a831521b5fade0b4,0,0,2.21875,-2.328125,0.9895109087400621,0.010489091259938018,1.4912607837734826,dann_matched,banglasarc3_binary+banglasarc_binary,banglasarc3_binary,7
aee1e0859bd82e49,0,0,2.296875,-2.359375,0.9905874104123901,0.009412589587609823,1.4912607837734826,dann_matched,banglasarc3_binary+banglasarc_binary,banglasarc3_binary,7
14c1d9b31ee9da91,0,0,2.625,-2.578125,0.9945307254013009,0.005469274598698993,1.4912607837734826,dann_matched,banglasarc3_binary+banglasarc_binary,banglasarc3_binary,7
0b3f384c234e0487,1,1,-1.2734375,1.3828125,0.06560483745906928,0.9343951625409306,1.4912607837734826,dann_matched,banglasarc3_binary+banglasarc_binary,banglasarc3_binary,7
ba3b5a884606387b,1,1,-1.6015625,1.6875,0.035948321789243294,0.9640516782107567,1.4912607837734826,dann_matched,banglasarc3_binary+banglasarc_binary,banglasarc3_binary,7
d93424c4b5243f73,0,0,2.59375,-2.484375,0.9938070098421449,0.006192990157855187,1.4912607837734826,dann_matched,banglasarc3_binary+banglasarc_binary,banglasarc3_binary,7
b7e8e4540b6277b4,0,0,1.5,-1.5625,0.9553191297273498,0.0446808702726502,1.4912607837734826,dann_matched,banglasarc3_binary+banglasarc_binary,banglasarc3_binary,7
dfa9f26844b0493f,1,1,-1.1015625,1.1640625,0.09401017961657226,0.9059898203834277,1.4912607837734826,dann_matched,banglasarc3_binary+banglasarc_binary,banglasarc3_binary,7
c63b2cd906f1ec56,1,1,-0.73046875,0.6953125,0.19375686554382185,0.8062431344561782,1.4912607837734826,dann_matched,banglasarc3_binary+banglasarc_binary,banglasarc3_binary,7
30f04a8c49d82a1e,1,1,-0.90625,1.078125,0.12085323249047067,0.8791467675095294,1.4912607837734826,dann_matched,banglasarc3_binary+banglasarc_binary,banglasarc3_binary,7
f53841d746ae3cd5,1,0,1.0390625,-1.1640625,0.9005297861178929,0.09947021388210707,1.4912607837734826,dann_matched,banglasarc3_binary+banglasarc_binary,banglasarc3_binary,7
78b23bee083f3547,0,0,0.19433594,-0.28125,0.6167050178595487,0.38329498214045143,1.4912607837734826,dann_matched,banglasarc3_binary+banglasarc_binary,banglasarc3_binary,7
57f53209ea014911,0,0,1.6796875,-1.8125,0.9704646607088951,0.029535339291104773,1.4912607837734826,dann_matched,banglasarc3_binary+banglasarc_binary,banglasarc3_binary,7
6bfa33ebacfeda42,1,1,-0.99609375,1.0234375,0.11716746932535992,0.8828325306746402,1.4912607837734826,dann_matched,banglasarc3_binary+banglasarc_binary,banglasarc3_binary,7
188035f94f43d5ab,0,0,2.03125,-2.078125,0.983847165177859,0.016152834822140957,1.4912607837734826,dann_matched,banglasarc3_binary+banglasarc_binary,banglasarc3_binary,7
a9c618cbe59ac37d,1,1,-1.578125,1.65625,0.037892426629607394,0.9621075733703927,1.4912607837734826,dann_matched,banglasarc3_binary+banglasarc_binary,banglasarc3_binary,7
b24787eee7829216,0,0,2.125,-2.1875,0.9867771782476948,0.013222821752305148,1.4912607837734826,dann_matched,banglasarc3_binary+banglasarc_binary,banglasarc3_binary,7
7ef070492a733c38,0,0,2.0,-2.109375,0.983847165177859,0.016152834822140957,1.4912607837734826,dann_matched,banglasarc3_binary+banglasarc_binary,banglasarc3_binary,7
c367988694c84530,0,0,0.921875,-1.0703125,0.8799743722456386,0.1200256277543614,1.4912607837734826,dann_matched,banglasarc3_binary+banglasarc_binary,banglasarc3_binary,7
18d391b119c1644a,1,0,1.4375,-1.46875,0.94815453335022,0.05184546664977983,1.4912607837734826,dann_matched,banglasarc3_binary+banglasarc_binary,banglasarc3_binary,7
4faab331ced87a08,0,0,0.98046875,-1.03125,0.8820219914046175,0.11797800859538259,1.4912607837734826,dann_matched,banglasarc3_binary+banglasarc_binary,banglasarc3_binary,7
977b72c19a26ad0b,0,0,1.8828125,-1.9375,0.9785492708245106,0.021450729175489416,1.4912607837734826,dann_matched,banglasarc3_binary+banglasarc_binary,banglasarc3_binary,7
6517e05a5287776b,0,0,1.1875,-1.2421875,0.9190632902163844,0.08093670978361556,1.4912607837734826,dann_matched,banglasarc3_binary+banglasarc_binary,banglasarc3_binary,7
ee6dbf89dce4e2bb,1,1,-1.4375,1.5390625,0.048496003243956885,0.9515039967560431,1.4912607837734826,dann_matched,banglasarc3_binary+banglasarc_binary,banglasarc3_binary,7
ccf32cdc3d0775ad,1,1,-1.578125,1.75,0.03461883883917583,0.9653811611608242,1.4912607837734826,dann_matched,banglasarc3_binary+banglasarc_binary,banglasarc3_binary,7
4da5e414258db266,0,0,1.3125,-1.3828125,0.9367494780065266,0.06325052199347325,1.4912607837734826,dann_matched,banglasarc3_binary+banglasarc_binary,banglasarc3_binary,7
60ac14a8affe8358,1,0,0.3125,-0.37890625,0.6662796810207858,0.3337203189792143,1.4912607837734826,dann_matched,banglasarc3_binary+banglasarc_binary,banglasarc3_binary,7
c82b770796c8cf66,1,1,-1.5859375,1.6875,0.0364937662290278,0.9635062337709722,1.4912607837734826,dann_matched,banglasarc3_binary+banglasarc_binary,banglasarc3_binary,7
f5fd2d4cdc3bc132,1,1,-1.671875,1.7890625,0.030444348432624533,0.9695556515673754,1.4912607837734826,dann_matched,banglasarc3_binary+banglasarc_binary,banglasarc3_binary,7
94f3c9ec4b1c85a4,1,0,2.765625,-2.765625,0.9960545931933981,0.003945406806602023,1.4912607837734826,dann_matched,banglasarc3_binary+banglasarc_binary,banglasarc3_binary,7
5a10d03482f58dbf,1,0,0.75,-0.765625,0.8198933359135361,0.18010666408646395,1.4912607837734826,dann_matched,banglasarc3_binary+banglasarc_binary,banglasarc3_binary,7
acbcf17308c9467e,1,1,-1.203125,1.25,0.07921032410902437,0.9207896758909757,1.4912607837734826,dann_matched,banglasarc3_binary+banglasarc_binary,banglasarc3_binary,7
efc06bd7dc0335d5,1,1,-0.921875,0.88671875,0.14080816966793647,0.8591918303320635,1.4912607837734826,dann_matched,banglasarc3_binary+banglasarc_binary,banglasarc3_binary,7
ed59d0f7934d3996,0,1,-0.65625,0.609375,0.22000709974589314,0.7799929002541067,1.4912607837734826,dann_matched,banglasarc3_binary+banglasarc_binary,banglasarc3_binary,7
562d6d6d9b6ae4be,1,1,-1.3984375,1.5625,0.04922211319719861,0.9507778868028013,1.4912607837734826,dann_matched,banglasarc3_binary+banglasarc_binary,banglasarc3_binary,7
f32e502d7c88ac0b,1,1,-1.1015625,1.109375,0.09877258875237437,0.9012274112476257,1.4912607837734826,dann_matched,banglasarc3_binary+banglasarc_binary,banglasarc3_binary,7
8e5d3f2f373f5e29,0,0,1.1171875,-1.1796875,0.9086178969328287,0.09138210306717136,1.4912607837734826,dann_matched,banglasarc3_binary+banglasarc_binary,banglasarc3_binary,7
9207c873bbd453c3,0,0,2.296875,-2.46875,0.991554373058874,0.008445626941126032,1.4912607837734826,dann_matched,banglasarc3_binary+banglasarc_binary,banglasarc3_binary,7
89156813be6db8c4,1,1,-1.3359375,1.5078125,0.05500528829345415,0.9449947117065459,1.4912607837734826,dann_matched,banglasarc3_binary+banglasarc_binary,banglasarc3_binary,7
8b10125a3aa18362,1,1,-0.81640625,1.015625,0.13799647126840353,0.8620035287315965,1.4912607837734826,dann_matched,banglasarc3_binary+banglasarc_binary,banglasarc3_binary,7
1ab10ab51e82c702,0,1,-0.62109375,0.5625,0.23440664578188122,0.7655933542181188,1.4912607837734826,dann_matched,banglasarc3_binary+banglasarc_binary,banglasarc3_binary,7
0c97107ad69abd97,0,0,0.98828125,-1.109375,0.8906751699223611,0.10932483007763893,1.4912607837734826,dann_matched,banglasarc3_binary+banglasarc_binary,banglasarc3_binary,7
319378441192755c,1,1,-0.1875,0.1171875,0.4244119866699621,0.575588013330038,1.4912607837734826,dann_matched,banglasarc3_binary+banglasarc_binary,banglasarc3_binary,7
da5927d625a7e992,0,0,0.8046875,-0.8671875,0.8418256472515684,0.1581743527484317,1.4912607837734826,dann_matched,banglasarc3_binary+banglasarc_binary,banglasarc3_binary,7
f948aa239ae79172,0,0,1.6640625,-1.734375,0.9676556676188429,0.032344332381157095,1.4912607837734826,dann_matched,banglasarc3_binary+banglasarc_binary,banglasarc3_binary,7
b98ee8eae2d4d6c2,1,1,-1.3671875,1.390625,0.0596469429451214,0.9403530570548787,1.4912607837734826,dann_matched,banglasarc3_binary+banglasarc_binary,banglasarc3_binary,7
2c4933c952f7fae0,1,1,-1.078125,1.125,0.09947021388210707,0.9005297861178929,1.4912607837734826,dann_matched,banglasarc3_binary+banglasarc_binary,banglasarc3_binary,7
5611174ac8f322d9,0,0,1.9921875,-2.078125,0.9832145101099363,0.016785489890063697,1.4912607837734826,dann_matched,banglasarc3_binary+banglasarc_binary,banglasarc3_binary,7
a68c6a0d2e4a0d44,0,1,-0.07373047,0.034179688,0.4730486090478651,0.5269513909521348,1.4912607837734826,dann_matched,banglasarc3_binary+banglasarc_binary,banglasarc3_binary,7
f0beee1358ba6702,1,1,-0.90234375,0.875,0.14463143714297527,0.8553685628570248,1.4912607837734826,dann_matched,banglasarc3_binary+banglasarc_binary,banglasarc3_binary,7
9dd87b3601b59c5e,1,1,-0.20703125,0.13476562,0.41537306078234004,0.58462693921766,1.4912607837734826,dann_matched,banglasarc3_binary+banglasarc_binary,banglasarc3_binary,7
059d63cf1f988857,0,1,-0.10546875,0.027954102,0.46669368142870615,0.5333063185712938,1.4912607837734826,dann_matched,banglasarc3_binary+banglasarc_binary,banglasarc3_binary,7
205492061bc3b836,1,1,-1.4609375,1.546875,0.04707417582102406,0.9529258241789759,1.4912607837734826,dann_matched,banglasarc3_binary+banglasarc_binary,banglasarc3_binary,7
ba85309fe6f0de09,1,0,0.453125,-0.63671875,0.7483522975713798,0.25164770242862033,1.4912607837734826,dann_matched,banglasarc3_binary+banglasarc_binary,banglasarc3_binary,7
34cf41d51399f927,1,1,-1.3046875,1.3359375,0.06656918897050168,0.9334308110294983,1.4912607837734826,dann_matched,banglasarc3_binary+banglasarc_binary,banglasarc3_binary,7
8f9e66d0954319bd,1,0,0.27734375,-0.296875,0.6397360587186955,0.36026394128130435,1.4912607837734826,dann_matched,banglasarc3_binary+banglasarc_binary,banglasarc3_binary,7
7aea9964e3bab268,0,0,0.16601562,-0.2734375,0.6081287136691501,0.39187128633084994,1.4912607837734826,dann_matched,banglasarc3_binary+banglasarc_binary,banglasarc3_binary,7
34262aaf029abe9c,0,0,2.28125,-2.40625,0.9908743626108194,0.00912563738918052,1.4912607837734826,dann_matched,banglasarc3_binary+banglasarc_binary,banglasarc3_binary,7
afc98c7da489d792,0,0,2.8125,-2.765625,0.9962345862153261,0.0037654137846738736,1.4912607837734826,dann_matched,banglasarc3_binary+banglasarc_binary,banglasarc3_binary,7
87ca816cf9ca3a57,0,0,2.671875,-2.75,0.9956005868372635,0.00439941316273649,1.4912607837734826,dann_matched,banglasarc3_binary+banglasarc_binary,banglasarc3_binary,7
b8705f91611e42fd,1,1,-1.2890625,1.2734375,0.07159119944455247,0.9284088005554476,1.4912607837734826,dann_matched,banglasarc3_binary+banglasarc_binary,banglasarc3_binary,7
9b4172a29427d096,1,1,-1.4921875,1.4609375,0.04958902298403175,0.9504109770159683,1.4912607837734826,dann_matched,banglasarc3_binary+banglasarc_binary,banglasarc3_binary,7
277d8e87c25a04d0,0,0,2.921875,-2.984375,0.9972850145309949,0.0027149854690051763,1.4912607837734826,dann_matched,banglasarc3_binary+banglasarc_binary,banglasarc3_binary,7
d41615dc78dfd442,0,0,1.8046875,-1.9921875,0.9780517462851323,0.02194825371486785,1.4912607837734826,dann_matched,banglasarc3_binary+banglasarc_binary,banglasarc3_binary,7
3b570bff1dc82229,1,1,-0.92578125,0.9140625,0.137069773035303,0.862930226964697,1.4912607837734826,dann_matched,banglasarc3_binary+banglasarc_binary,banglasarc3_binary,7
a14957fec3333e4d,1,1,-1.28125,1.265625,0.07263670636078697,0.927363293639213,1.4912607837734826,dann_matched,banglasarc3_binary+banglasarc_binary,banglasarc3_binary,7
434aefb45c633a6e,1,1,-0.55078125,0.546875,0.25017930009106876,0.7498206999089312,1.4912607837734826,dann_matched,banglasarc3_binary+banglasarc_binary,banglasarc3_binary,7
cb001950d002af6a,0,0,1.703125,-1.828125,0.9715639669551474,0.02843603304485266,1.4912607837734826,dann_matched,banglasarc3_binary+banglasarc_binary,banglasarc3_binary,7
bde02cf99aa6475c,0,0,0.96484375,-1.03125,0.8803863363336775,0.11961366366632263,1.4912607837734826,dann_matched,banglasarc3_binary+banglasarc_binary,banglasarc3_binary,7
d59a0afee6d44b0f,1,1,-1.03125,1.0859375,0.10743747660842011,0.8925625233915799,1.4912607837734826,dann_matched,banglasarc3_binary+banglasarc_binary,banglasarc3_binary,7
53e03d54e9f7c1ed,1,1,-1.0625,1.109375,0.10230470789265303,0.8976952921073469,1.4912607837734826,dann_matched,banglasarc3_binary+banglasarc_binary,banglasarc3_binary,7
2922023d8f4b1469,0,0,1.5703125,-1.6953125,0.9632305339244013,0.036769466075598736,1.4912607837734826,dann_matched,banglasarc3_binary+banglasarc_binary,banglasarc3_binary,7
9a38672a43ee4277,1,1,-1.328125,1.40625,0.06097518086496481,0.9390248191350352,1.4912607837734826,dann_matched,banglasarc3_binary+banglasarc_binary,banglasarc3_binary,7
7d708b93f7458e17,0,0,2.15625,-2.234375,0.9877587247081928,0.012241275291807161,1.4912607837734826,dann_matched,banglasarc3_binary+banglasarc_binary,banglasarc3_binary,7
123e910b36e0446d,0,0,1.2734375,-1.421875,0.9367494780065266,0.06325052199347325,1.4912607837734826,dann_matched,banglasarc3_binary+banglasarc_binary,banglasarc3_binary,7
5dc46488541a62ec,1,1,-1.25,1.3828125,0.06705628692511957,0.9329437130748804,1.4912607837734826,dann_matched,banglasarc3_binary+banglasarc_binary,banglasarc3_binary,7
e52a1f58f51e0c0a,1,1,-0.78125,0.85546875,0.16291203745291188,0.8370879625470882,1.4912607837734826,dann_matched,banglasarc3_binary+banglasarc_binary,banglasarc3_binary,7
9b0ea3fdc41c9127,0,0,0.44140625,-0.5078125,0.72095803519905,0.27904196480094995,1.4912607837734826,dann_matched,banglasarc3_binary+banglasarc_binary,banglasarc3_binary,7
6013016338f9c6dd,0,0,1.5859375,-1.7109375,0.9643214491222695,0.035678550877730524,1.4912607837734826,dann_matched,banglasarc3_binary+banglasarc_binary,banglasarc3_binary,7
5e41f878680dab10,0,0,2.609375,-2.703125,0.9950945942942779,0.004905405705722035,1.4912607837734826,dann_matched,banglasarc3_binary+banglasarc_binary,banglasarc3_binary,7
f86040734ae27c6d,1,1,-1.1953125,1.2265625,0.08151975597471893,0.9184802440252811,1.4912607837734826,dann_matched,banglasarc3_binary+banglasarc_binary,banglasarc3_binary,7
d10cccce1b8473e7,0,1,-1.125,1.140625,0.09401017961657226,0.9059898203834277,1.4912607837734826,dann_matched,banglasarc3_binary+banglasarc_binary,banglasarc3_binary,7
24135986932e677c,1,0,0.61328125,-0.734375,0.7937461896031696,0.20625381039683044,1.4912607837734826,dann_matched,banglasarc3_binary+banglasarc_binary,banglasarc3_binary,7
7514b989309b1d9c,0,0,2.09375,-2.171875,0.9861513897844354,0.013848610215564576,1.4912607837734826,dann_matched,banglasarc3_binary+banglasarc_binary,banglasarc3_binary,7
ce110dc8185ae08e,1,0,0.28125,-0.24121094,0.6277230355144146,0.3722769644855854,1.4912607837734826,dann_matched,banglasarc3_binary+banglasarc_binary,banglasarc3_binary,7
cb27ebe4bead824c,1,1,-0.19726562,0.13574219,0.4175089565244567,0.5824910434755434,1.4912607837734826,dann_matched,banglasarc3_binary+banglasarc_binary,banglasarc3_binary,7
bc540917f9b7c71d,1,1,-1.0703125,1.0625,0.10594828713637978,0.8940517128636203,1.4912607837734826,dann_matched,banglasarc3_binary+banglasarc_binary,banglasarc3_binary,7
4ffffbe307d0a83a,0,0,1.421875,-1.4453125,0.946200356539936,0.053799643460063995,1.4912607837734826,dann_matched,banglasarc3_binary+banglasarc_binary,banglasarc3_binary,7
b4323b5c74f8fc36,0,0,1.84375,-1.9765625,0.9785492708245106,0.021450729175489416,1.4912607837734826,dann_matched,banglasarc3_binary+banglasarc_binary,banglasarc3_binary,7
ad6cc5fb265960cc,0,0,0.15136719,-0.1484375,0.5743947703535965,0.42560522964640357,1.4912607837734826,dann_matched,banglasarc3_binary+banglasarc_binary,banglasarc3_binary,7
d39ddcf24d6d9189,0,1,-1.21875,1.2890625,0.07531230632362355,0.9246876936763765,1.4912607837734826,dann_matched,banglasarc3_binary+banglasarc_binary,banglasarc3_binary,7
f38d81be661a4b8f,1,1,-1.5078125,1.5546875,0.0446808702726502,0.9553191297273498,1.4912607837734826,dann_matched,banglasarc3_binary+banglasarc_binary,banglasarc3_binary,7
373eddabf5c3d1f7,1,0,1.109375,-1.265625,0.9149009549929797,0.08509904500702024,1.4912607837734826,dann_matched,banglasarc3_binary+banglasarc_binary,banglasarc3_binary,7
c511137eaf00d6b1,1,1,-1.234375,1.203125,0.08035746882220708,0.9196425311777929,1.4912607837734826,dann_matched,banglasarc3_binary+banglasarc_binary,banglasarc3_binary,7
3cb9b64cd0bcd1c4,1,0,0.51171875,-0.61328125,0.7549149868676283,0.24508501313237172,1.4912607837734826,dann_matched,banglasarc3_binary+banglasarc_binary,banglasarc3_binary,7
44e81fb71fafc5f6,1,1,-0.94140625,1.0078125,0.12463857053608371,0.8753614294639163,1.4912607837734826,dann_matched,banglasarc3_binary+banglasarc_binary,banglasarc3_binary,7
1f6366dc8c87721e,0,0,0.7109375,-0.8515625,0.8267117940706734,0.17328820592932656,1.4912607837734826,dann_matched,banglasarc3_binary+banglasarc_binary,banglasarc3_binary,7
406b7cc3a0445691,1,1,-1.015625,1.125,0.10521053670308635,0.8947894632969136,1.4912607837734826,dann_matched,banglasarc3_binary+banglasarc_binary,banglasarc3_binary,7
35cf36bc3d8642ab,0,0,0.48828125,-0.5,0.7287483034031065,0.2712516965968936,1.4912607837734826,dann_matched,banglasarc3_binary+banglasarc_binary,banglasarc3_binary,7
57cd7fdd60d1667d,1,1,-0.3828125,0.39257812,0.3153141611162926,0.6846858388837074,1.4912607837734826,dann_matched,banglasarc3_binary+banglasarc_binary,banglasarc3_binary,7
0bb1548e56ec97e6,1,0,1.6875,-1.8203125,0.9709092429574353,0.029090757042564665,1.4912607837734826,dann_matched,banglasarc3_binary+banglasarc_binary,banglasarc3_binary,7
8e8b85d15b47827c,1,1,-0.84765625,0.80859375,0.16026603232776068,0.8397339676722393,1.4912607837734826,dann_matched,banglasarc3_binary+banglasarc_binary,banglasarc3_binary,7
fae8d93fe40b415d,1,0,0.296875,-0.359375,0.658417500561683,0.341582499438317,1.4912607837734826,dann_matched,banglasarc3_binary+banglasarc_binary,banglasarc3_binary,7
12e6dab580637364,1,1,-0.6640625,0.71484375,0.20118471823927994,0.79881528176072,1.4912607837734826,dann_matched,banglasarc3_binary+banglasarc_binary,banglasarc3_binary,7
c63614053bc8ae28,0,0,0.7578125,-0.86328125,0.8349459160708924,0.16505408392910761,1.4912607837734826,dann_matched,banglasarc3_binary+banglasarc_binary,banglasarc3_binary,7
e567c1f8bb54ed53,0,0,1.7109375,-1.75,0.9695556515673754,0.030444348432624533,1.4912607837734826,dann_matched,banglasarc3_binary+banglasarc_binary,banglasarc3_binary,7
4689d69a0738828f,0,0,2.75,-2.859375,0.9963500129687901,0.003649987031209837,1.4912607837734826,dann_matched,banglasarc3_binary+banglasarc_binary,banglasarc3_binary,7
b24c7e2e479c102f,0,0,2.078125,-2.21875,0.9865717452580314,0.013428254741968517,1.4912607837734826,dann_matched,banglasarc3_binary+banglasarc_binary,banglasarc3_binary,7
8ed4645228916f02,0,0,1.3125,-1.3671875,0.9358173563909802,0.06418264360901972,1.4912607837734826,dann_matched,banglasarc3_binary+banglasarc_binary,banglasarc3_binary,7
f59c42c49edda760,0,0,0.25390625,-0.3359375,0.6433292938858967,0.3566707061141034,1.4912607837734826,dann_matched,banglasarc3_binary+banglasarc_binary,banglasarc3_binary,7
d760334e952c9d53,0,0,2.59375,-2.578125,0.9943580914999767,0.00564190850002335,1.4912607837734826,dann_matched,banglasarc3_binary+banglasarc_binary,banglasarc3_binary,7
98f8544b2ea323d3,0,0,0.18554688,-0.26171875,0.6099889154581032,0.3900110845418967,1.4912607837734826,dann_matched,banglasarc3_binary+banglasarc_binary,banglasarc3_binary,7
ce05c3fa0cc62627,0,0,2.25,-2.34375,0.9899864293768268,0.010013570623173138,1.4912607837734826,dann_matched,banglasarc3_binary+banglasarc_binary,banglasarc3_binary,7
fdc64d7635cb59b2,0,0,1.6015625,-1.640625,0.9623913644941934,0.03760863550580657,1.4912607837734826,dann_matched,banglasarc3_binary+banglasarc_binary,banglasarc3_binary,7
f93ea9b921c3c0f7,1,1,-0.53125,0.52734375,0.25757828260159127,0.7424217173984088,1.4912607837734826,dann_matched,banglasarc3_binary+banglasarc_binary,banglasarc3_binary,7
2278f57caa613701,0,0,2.171875,-2.34375,0.9891815513471369,0.010818448652863185,1.4912607837734826,dann_matched,banglasarc3_binary+banglasarc_binary,banglasarc3_binary,7
c25fe5e4766f241a,0,0,1.703125,-1.8515625,0.9722043774187549,0.027795622581245058,1.4912607837734826,dann_matched,banglasarc3_binary+banglasarc_binary,banglasarc3_binary,7
572e4397ff6c9eb2,1,0,2.015625,-2.171875,0.98504291340685,0.01495708659314999,1.4912607837734826,dann_matched,banglasarc3_binary+banglasarc_binary,banglasarc3_binary,7
9e94c5340c1e9e84,1,1,-0.8359375,0.86328125,0.15456732837004417,0.8454326716299558,1.4912607837734826,dann_matched,banglasarc3_binary+banglasarc_binary,banglasarc3_binary,7
e0b7bf00262d60a7,0,0,1.234375,-1.3046875,0.9268352785943768,0.07316472140562331,1.4912607837734826,dann_matched,banglasarc3_binary+banglasarc_binary,banglasarc3_binary,7
7d5dcba04c7cbfc6,1,1,-1.625,1.7265625,0.03384403534049258,0.9661559646595075,1.4912607837734826,dann_matched,banglasarc3_binary+banglasarc_binary,banglasarc3_binary,7
cd9fc03dbd82abcd,0,0,2.375,-2.21875,0.9899864293768268,0.010013570623173138,1.4912607837734826,dann_matched,banglasarc3_binary+banglasarc_binary,banglasarc3_binary,7
54b803aa09d54185,1,1,-0.84765625,0.89453125,0.14903529447863062,0.8509647055213694,1.4912607837734826,dann_matched,banglasarc3_binary+banglasarc_binary,banglasarc3_binary,7
725ea8a5def6acac,0,0,3.046875,-3.1875,0.9980429830598053,0.0019570169401946333,1.4912607837734826,dann_matched,banglasarc3_binary+banglasarc_binary,banglasarc3_binary,7
56d6d68354837500,0,0,0.44140625,-0.50390625,0.7201715075418013,0.2798284924581987,1.4912607837734826,dann_matched,banglasarc3_binary+banglasarc_binary,banglasarc3_binary,7
da5033e533eee677,1,1,-0.81640625,0.8515625,0.1586951851359601,0.8413048148640399,1.4912607837734826,dann_matched,banglasarc3_binary+banglasarc_binary,banglasarc3_binary,7
ce347cf05f786fe0,1,0,0.14257812,-0.055908203,0.5494593102457931,0.45054068975420686,1.4912607837734826,dann_matched,banglasarc3_binary+banglasarc_binary,banglasarc3_binary,7
ea499bace09f44ce,1,1,-1.0546875,1.1953125,0.0953494648991095,0.9046505351008906,1.4912607837734826,dann_matched,banglasarc3_binary+banglasarc_binary,banglasarc3_binary,7
2ccc2f875d7de471,1,1,-0.4609375,0.49414062,0.2778647176351323,0.7221352823648677,1.4912607837734826,dann_matched,banglasarc3_binary+banglasarc_binary,banglasarc3_binary,7
22e8efc34608d82d,0,0,0.99609375,-1.1484375,0.8951566359697456,0.10484336403025446,1.4912607837734826,dann_matched,banglasarc3_binary+banglasarc_binary,banglasarc3_binary,7
040a68c1b02bd862,1,1,-1.0,1.0390625,0.11516222873143664,0.8848377712685633,1.4912607837734826,dann_matched,banglasarc3_binary+banglasarc_binary,banglasarc3_binary,7
efde5d179b5fd873,1,1,-1.1015625,1.171875,0.09334687851957546,0.9066531214804244,1.4912607837734826,dann_matched,banglasarc3_binary+banglasarc_binary,banglasarc3_binary,7
0b43510285b09eba,0,0,1.8984375,-1.9296875,0.9787126482065489,0.021287351793451054,1.4912607837734826,dann_matched,banglasarc3_binary+banglasarc_binary,banglasarc3_binary,7
dd4fae9961a88873,1,1,-1.09375,1.1171875,0.09877258875237437,0.9012274112476257,1.4912607837734826,dann_matched,banglasarc3_binary+banglasarc_binary,banglasarc3_binary,7
121299f05ede0c91,1,1,-0.671875,0.5859375,0.22135068799782798,0.7786493120021721,1.4912607837734826,dann_matched,banglasarc3_binary+banglasarc_binary,banglasarc3_binary,7
30a6096d2f7010ff,1,1,-0.1015625,0.07861328,0.45507751670156416,0.5449224832984358,1.4912607837734826,dann_matched,banglasarc3_binary+banglasarc_binary,banglasarc3_binary,7
a1bd9a0f27bbd51e,0,1,-1.125,1.1796875,0.09073548763985106,0.909264512360149,1.4912607837734826,dann_matched,banglasarc3_binary+banglasarc_binary,banglasarc3_binary,7
477fd95f302c284c,0,0,2.5,-2.59375,0.9939024378074247,0.006097562192575309,1.4912607837734826,dann_matched,banglasarc3_binary+banglasarc_binary,banglasarc3_binary,7
8c8158a78b04bd05,1,1,-1.3359375,1.515625,0.05460060578165237,0.9453993942183476,1.4912607837734826,dann_matched,banglasarc3_binary+banglasarc_binary,banglasarc3_binary,7
226eabf5281f11fa,0,0,1.9765625,-2.140625,0.9839708526340988,0.016029147365901317,1.4912607837734826,dann_matched,banglasarc3_binary+banglasarc_binary,banglasarc3_binary,7
d094516197c5cc27,0,0,1.578125,-1.7421875,0.9651191130633208,0.034880886936679296,1.4912607837734826,dann_matched,banglasarc3_binary+banglasarc_binary,banglasarc3_binary,7
9d3e29981c15d1c1,0,0,0.390625,-0.48828125,0.7065955179610504,0.2934044820389496,1.4912607837734826,dann_matched,banglasarc3_binary+banglasarc_binary,banglasarc3_binary,7
fd31f5f3ca6c7a27,1,0,1.0546875,-1.15625,0.9012274112476257,0.09877258875237437,1.4912607837734826,dann_matched,banglasarc3_binary+banglasarc_binary,banglasarc3_binary,7
73b89dd260eea14b,0,0,2.796875,-2.984375,0.9969246301499518,0.0030753698500482337,1.4912607837734826,dann_matched,banglasarc3_binary+banglasarc_binary,banglasarc3_binary,7
37f2931057293b4e,1,1,-0.48828125,0.4140625,0.2885690942619391,0.711430905738061,1.4912607837734826,dann_matched,banglasarc3_binary+banglasarc_binary,banglasarc3_binary,7
d2fa1859fec8bc19,0,0,2.046875,-2.140625,0.98504291340685,0.01495708659314999,1.4912607837734826,dann_matched,banglasarc3_binary+banglasarc_binary,banglasarc3_binary,7
50dbee0e7a539695,1,1,-0.11279297,0.15527344,0.4333818509235549,0.5666181490764451,1.4912607837734826,dann_matched,banglasarc3_binary+banglasarc_binary,banglasarc3_binary,7
d2ebc3d3ea553892,1,0,1.4375,-1.46875,0.94815453335022,0.05184546664977983,1.4912607837734826,dann_matched,banglasarc3_binary+banglasarc_binary,banglasarc3_binary,7
e15f93ee6c7733d1,1,1,-0.4609375,0.4375,0.2893716974101633,0.7106283025898368,1.4912607837734826,dann_matched,banglasarc3_binary+banglasarc_binary,banglasarc3_binary,7
25e11947840674b6,1,1,-0.94921875,1.03125,0.1212688777402316,0.8787311222597683,1.4912607837734826,dann_matched,banglasarc3_binary+banglasarc_binary,banglasarc3_binary,7
37ed4175676826d3,1,0,0.77734375,-0.85546875,0.8365545588915281,0.1634454411084719,1.4912607837734826,dann_matched,banglasarc3_binary+banglasarc_binary,banglasarc3_binary,7
acf59b60bc703e78,0,1,-0.35546875,0.296875,0.34246157314932935,0.6575384268506705,1.4912607837734826,dann_matched,banglasarc3_binary+banglasarc_binary,banglasarc3_binary,7
2dac047c35342cac,1,1,-0.005859375,0.028076172,0.49151692737291475,0.5084830726270853,1.4912607837734826,dann_matched,banglasarc3_binary+banglasarc_binary,banglasarc3_binary,7
ea0b4a8ffa6daf5d,0,0,1.1640625,-0.85546875,0.8828325306746402,0.11716746932535992,1.4912607837734826,dann_matched,banglasarc3_binary+banglasarc_binary,banglasarc3_binary,7
52c53afde23c5737,1,1,-0.58203125,0.6015625,0.23440664578188122,0.7655933542181188,1.4912607837734826,dann_matched,banglasarc3_binary+banglasarc_binary,banglasarc3_binary,7
597d374e58e24ce0,0,0,1.734375,-1.8515625,0.9730365001376665,0.02696349986233355,1.4912607837734826,dann_matched,banglasarc3_binary+banglasarc_binary,banglasarc3_binary,7
21f6588fa41d80f2,1,1,-1.2109375,1.2265625,0.08035746882220708,0.9196425311777929,1.4912607837734826,dann_matched,banglasarc3_binary+banglasarc_binary,banglasarc3_binary,7
b4e8413b56264fde,0,0,1.9921875,-1.828125,0.9785492708245106,0.021450729175489416,1.4912607837734826,dann_matched,banglasarc3_binary+banglasarc_binary,banglasarc3_binary,7
576dad90f863a07a,0,0,2.3125,-2.40625,0.9911526449170697,0.008847355082930386,1.4912607837734826,dann_matched,banglasarc3_binary+banglasarc_binary,banglasarc3_binary,7
acc440f1fc8bac8a,1,0,1.5078125,-1.546875,0.9549844683997677,0.04501553160023231,1.4912607837734826,dann_matched,banglasarc3_binary+banglasarc_binary,banglasarc3_binary,7
99f834500aa28da7,1,1,-1.5390625,1.5546875,0.04336579876390677,0.9566342012360932,1.4912607837734826,dann_matched,banglasarc3_binary+banglasarc_binary,banglasarc3_binary,7
ab8cb0f62e0897af,0,0,0.40625,-0.31835938,0.6736212241584463,0.32637877584155367,1.4912607837734826,dann_matched,banglasarc3_binary+banglasarc_binary,banglasarc3_binary,7
c2990dd82a44f69e,1,0,0.023925781,-0.05834961,0.5205572525498339,0.47944274745016613,1.4912607837734826,dann_matched,banglasarc3_binary+banglasarc_binary,banglasarc3_binary,7
00d461014350b89e,1,1,-0.40234375,0.33984375,0.3225259830643727,0.6774740169356273,1.4912607837734826,dann_matched,banglasarc3_binary+banglasarc_binary,banglasarc3_binary,7
3e29fef3bf46bf1b,0,0,1.9921875,-1.7890625,0.9777138144607745,0.022286185539225494,1.4912607837734826,dann_matched,banglasarc3_binary+banglasarc_binary,banglasarc3_binary,7
5707e3c0244d1dfb,1,0,0.12402344,-0.15332031,0.5688948889236563,0.4311051110763438,1.4912607837734826,dann_matched,banglasarc3_binary+banglasarc_binary,banglasarc3_binary,7
fd622c33ab6796bd,1,1,-1.15625,1.1484375,0.09073548763985106,0.909264512360149,1.4912607837734826,dann_matched,banglasarc3_binary+banglasarc_binary,banglasarc3_binary,7
61890d2332416b73,0,1,-1.078125,1.1328125,0.09877258875237437,0.9012274112476257,1.4912607837734826,dann_matched,banglasarc3_binary+banglasarc_binary,banglasarc3_binary,7
3b4ef2d9f41c852f,1,1,-0.3046875,0.25390625,0.36387290122794985,0.6361270987720502,1.4912607837734826,dann_matched,banglasarc3_binary+banglasarc_binary,banglasarc3_binary,7
e5390f71a9c29ba6,0,0,1.9296875,-2.078125,0.982151261550011,0.017848738449988986,1.4912607837734826,dann_matched,banglasarc3_binary+banglasarc_binary,banglasarc3_binary,7
b099c317bb9c6687,1,1,-1.3828125,1.4453125,0.05582314113461443,0.9441768588653856,1.4912607837734826,dann_matched,banglasarc3_binary+banglasarc_binary,banglasarc3_binary,7
912bbeda5648f283,1,0,0.5,-0.515625,0.734119526900183,0.2658804730998169,1.4912607837734826,dann_matched,banglasarc3_binary+banglasarc_binary,banglasarc3_binary,7
c823ae44a3e23b84,0,0,0.87890625,-1.0859375,0.8770562019377661,0.12294379806223382,1.4912607837734826,dann_matched,banglasarc3_binary+banglasarc_binary,banglasarc3_binary,7
bfea9a263b223c80,1,0,1.0078125,-0.953125,0.8766343756272444,0.12336562437275558,1.4912607837734826,dann_matched,banglasarc3_binary+banglasarc_binary,banglasarc3_binary,7
3cdaa503d41fc6a6,0,0,2.796875,-2.65625,0.9957353653078126,0.0042646346921872726,1.4912607837734826,dann_matched,banglasarc3_binary+banglasarc_binary,banglasarc3_binary,7
d71f7c52c9ea87be,0,1,-0.7265625,0.796875,0.1789558876900955,0.8210441123099046,1.4912607837734826,dann_matched,banglasarc3_binary+banglasarc_binary,banglasarc3_binary,7
def9ea9b246c55b1,0,0,0.70703125,-0.7578125,0.8122723960432147,0.1877276039567854,1.4912607837734826,dann_matched,banglasarc3_binary+banglasarc_binary,banglasarc3_binary,7
04b1b4f08fdd18c5,1,1,-0.94140625,1.0625,0.11879340050844577,0.8812065994915543,1.4912607837734826,dann_matched,banglasarc3_binary+banglasarc_binary,banglasarc3_binary,7
39bf383204dad4e3,0,0,1.734375,-1.8359375,0.9726235112216486,0.027376488778351356,1.4912607837734826,dann_matched,banglasarc3_binary+banglasarc_binary,banglasarc3_binary,7
1f427bfaa298bf6b,1,0,0.87109375,-0.65234375,0.8210441123099046,0.1789558876900955,1.4912607837734826,dann_matched,banglasarc3_binary+banglasarc_binary,banglasarc3_binary,7
ed3220bf0c8abb3b,1,1,-1.34375,1.453125,0.05749327880038583,0.9425067211996143,1.4912607837734826,dann_matched,banglasarc3_binary+banglasarc_binary,banglasarc3_binary,7
855a37fc463d8e33,1,1,-1.3359375,1.34375,0.06418264360901972,0.9358173563909802,1.4912607837734826,dann_matched,banglasarc3_binary+banglasarc_binary,banglasarc3_binary,7
4771a65e8a1e5abf,0,0,0.421875,-0.51171875,0.7178038103402775,0.2821961896597225,1.4912607837734826,dann_matched,banglasarc3_binary+banglasarc_binary,banglasarc3_binary,7
4f4b52f3c17a4ba1,0,0,2.0,-2.078125,0.983342959990771,0.01665704000922906,1.4912607837734826,dann_matched,banglasarc3_binary+banglasarc_binary,banglasarc3_binary,7
51e27f8269f8eaac,0,0,1.6640625,-1.65625,0.9651191130633208,0.034880886936679296,1.4912607837734826,dann_matched,banglasarc3_binary+banglasarc_binary,banglasarc3_binary,7
8de5e108effcbaea,0,0,1.765625,-1.875,0.9744347860767304,0.025565213923269593,1.4912607837734826,dann_matched,banglasarc3_binary+banglasarc_binary,banglasarc3_binary,7
75e09ea10216853d,0,0,1.3359375,-1.421875,0.9403530570548787,0.0596469429451214,1.4912607837734826,dann_matched,banglasarc3_binary+banglasarc_binary,banglasarc3_binary,7
b3ece23327e83d73,0,0,2.046875,-2.140625,0.98504291340685,0.01495708659314999,1.4912607837734826,dann_matched,banglasarc3_binary+banglasarc_binary,banglasarc3_binary,7
237b60d67d3a977b,0,0,1.46875,-1.59375,0.9553191297273498,0.0446808702726502,1.4912607837734826,dann_matched,banglasarc3_binary+banglasarc_binary,banglasarc3_binary,7
9ce912c1a315b4d4,1,1,-0.20117188,0.10449219,0.4241734433088202,0.5758265566911799,1.4912607837734826,dann_matched,banglasarc3_binary+banglasarc_binary,banglasarc3_binary,7
a034075943ae5ef1,1,1,-1.015625,0.99609375,0.11797800859538259,0.8820219914046175,1.4912607837734826,dann_matched,banglasarc3_binary+banglasarc_binary,banglasarc3_binary,7
00e1bdb06e67ed07,0,0,1.65625,-1.7265625,0.9671630439727548,0.03283695602724524,1.4912607837734826,dann_matched,banglasarc3_binary+banglasarc_binary,banglasarc3_binary,7
5e81d0127cda6083,1,0,0.03540039,-0.18945312,0.5559777287571414,0.44402227124285865,1.4912607837734826,dann_matched,banglasarc3_binary+banglasarc_binary,banglasarc3_binary,7
391c2dab4f4a8ea6,1,1,-1.671875,1.78125,0.030675801710674105,0.9693241982893259,1.4912607837734826,dann_matched,banglasarc3_binary+banglasarc_binary,banglasarc3_binary,7
76010f7452a4ee0b,0,0,1.328125,-1.46875,0.9425067211996143,0.05749327880038583,1.4912607837734826,dann_matched,banglasarc3_binary+banglasarc_binary,banglasarc3_binary,7
501212c9f4c39f1a,0,0,2.125,-2.234375,0.9873750507184357,0.012624949281564409,1.4912607837734826,dann_matched,banglasarc3_binary+banglasarc_binary,banglasarc3_binary,7
2d0c4e3b8cd32421,1,1,-1.3125,1.4296875,0.060529390202538995,0.9394706097974611,1.4912607837734826,dann_matched,banglasarc3_binary+banglasarc_binary,banglasarc3_binary,7
b46fca43ca40e1a1,0,1,-0.4140625,0.34375,0.3191213844321178,0.6808786155678822,1.4912607837734826,dann_matched,banglasarc3_binary+banglasarc_binary,banglasarc3_binary,7
eb34b73284cdfb62,0,0,2.5,-2.765625,0.9948603889024311,0.005139611097568844,1.4912607837734826,dann_matched,banglasarc3_binary+banglasarc_binary,banglasarc3_binary,7
82b1b909a5385c25,0,0,0.73046875,-0.7734375,0.8181563569443524,0.1818436430556475,1.4912607837734826,dann_matched,banglasarc3_binary+banglasarc_binary,banglasarc3_binary,7
afab669e2802f55a,0,0,2.296875,-2.40625,0.9910145712474399,0.008985428752560176,1.4912607837734826,dann_matched,banglasarc3_binary+banglasarc_binary,banglasarc3_binary,7
32655b6af6468900,1,1,-0.59765625,0.53515625,0.24364243753740636,0.7563575624625937,1.4912607837734826,dann_matched,banglasarc3_binary+banglasarc_binary,banglasarc3_binary,7
63522bcc58aca5aa,1,1,-0.33984375,0.34375,0.3354596873925299,0.6645403126074702,1.4912607837734826,dann_matched,banglasarc3_binary+banglasarc_binary,banglasarc3_binary,7
b81a6fc550996879,0,1,-1.5703125,1.6015625,0.04023794262361602,0.9597620573763841,1.4912607837734826,dann_matched,banglasarc3_binary+banglasarc_binary,banglasarc3_binary,7
9e9c76d8536be656,0,0,2.375,-2.453125,0.9920620058985926,0.007937994101407319,1.4912607837734826,dann_matched,banglasarc3_binary+banglasarc_binary,banglasarc3_binary,7
487ba6736df9dac4,1,0,0.453125,-0.5234375,0.7264256089751905,0.27357439102480946,1.4912607837734826,dann_matched,banglasarc3_binary+banglasarc_binary,banglasarc3_binary,7
7224809745c5317e,0,0,1.3046875,-1.3671875,0.9353465116437761,0.06465348835622392,1.4912607837734826,dann_matched,banglasarc3_binary+banglasarc_binary,banglasarc3_binary,7
cc351cfcab72e656,0,1,-0.4453125,0.48046875,0.2837813906831087,0.7162186093168913,1.4912607837734826,dann_matched,banglasarc3_binary+banglasarc_binary,banglasarc3_binary,7
0ac9087c2e695175,0,0,2.53125,-2.359375,0.9925393565360598,0.007460643463940165,1.4912607837734826,dann_matched,banglasarc3_binary+banglasarc_binary,banglasarc3_binary,7
7ab4d04075a8767b,1,1,-0.55859375,0.48828125,0.2598256379609837,0.7401743620390163,1.4912607837734826,dann_matched,banglasarc3_binary+banglasarc_binary,banglasarc3_binary,7
005a81526dd973be,1,1,-1.4140625,1.4921875,0.05184546664977983,0.94815453335022,1.4912607837734826,dann_matched,banglasarc3_binary+banglasarc_binary,banglasarc3_binary,7
5422984065fd2576,1,0,1.953125,-1.9765625,0.9807288620802312,0.019271137919768803,1.4912607837734826,dann_matched,banglasarc3_binary+banglasarc_binary,banglasarc3_binary,7
73b2db9434de0a4f,1,1,-1.234375,1.265625,0.07585818002124356,0.9241418199787566,1.4912607837734826,dann_matched,banglasarc3_binary+banglasarc_binary,banglasarc3_binary,7
7b755c23081cae77,1,1,-1.0390625,0.9453125,0.12085323249047067,0.8791467675095294,1.4912607837734826,dann_matched,banglasarc3_binary+banglasarc_binary,banglasarc3_binary,7
4df4505e1099e8b8,0,1,-0.3515625,0.390625,0.3225259830643727,0.6774740169356273,1.4912607837734826,dann_matched,banglasarc3_binary+banglasarc_binary,banglasarc3_binary,7
20d8bb2aacda3ef4,0,0,2.265625,-2.34375,0.9901401446964613,0.009859855303538789,1.4912607837734826,dann_matched,banglasarc3_binary+banglasarc_binary,banglasarc3_binary,7
86168cedfa8908d4,1,1,-1.25,1.328125,0.07055959618729296,0.9294404038127071,1.4912607837734826,dann_matched,banglasarc3_binary+banglasarc_binary,banglasarc3_binary,7
ffe0b07ccb36819b,1,1,-2.140625,2.203125,0.012821214266594244,0.9871787857334058,1.4912607837734826,dann_matched,banglasarc3_binary+banglasarc_binary,banglasarc3_binary,7
0f006194b45e6c5f,1,1,-1.2265625,1.296875,0.07423137046083579,0.9257686295391643,1.4912607837734826,dann_matched,banglasarc3_binary+banglasarc_binary,banglasarc3_binary,7
0032784830ddb818,0,0,1.4296875,-1.5078125,0.9496693674025232,0.05033063259747688,1.4912607837734826,dann_matched,banglasarc3_binary+banglasarc_binary,banglasarc3_binary,7
471ce8d0863df951,0,1,-0.36328125,0.2734375,0.34598864660470574,0.6540113533952943,1.4912607837734826,dann_matched,banglasarc3_binary+banglasarc_binary,banglasarc3_binary,7
b8051eeb7d141427,1,1,-0.97265625,0.91015625,0.13206615786963916,0.8679338421303608,1.4912607837734826,dann_matched,banglasarc3_binary+banglasarc_binary,banglasarc3_binary,7
13f5d731d71ec752,0,0,2.28125,-2.5,0.9916842215225259,0.008315778477474129,1.4912607837734826,dann_matched,banglasarc3_binary+banglasarc_binary,banglasarc3_binary,7
53d67a30efe6b19e,0,1,-0.62890625,0.59765625,0.22678363486528474,0.7732163651347154,1.4912607837734826,dann_matched,banglasarc3_binary+banglasarc_binary,banglasarc3_binary,7
002c1140ae3dde4e,1,1,-0.69921875,0.671875,0.20244319214007214,0.7975568078599278,1.4912607837734826,dann_matched,banglasarc3_binary+banglasarc_binary,banglasarc3_binary,7
03a3878f85634362,1,1,-1.4765625,1.6015625,0.04401864986294638,0.9559813501370537,1.4912607837734826,dann_matched,banglasarc3_binary+banglasarc_binary,banglasarc3_binary,7
15cf011d32f28273,1,1,-1.0234375,1.015625,0.11516222873143664,0.8848377712685633,1.4912607837734826,dann_matched,banglasarc3_binary+banglasarc_binary,banglasarc3_binary,7
39afb1a94688145e,1,0,-0.047851562,-0.059326172,0.5028686208686749,0.49713137913132505,1.4912607837734826,dann_matched,banglasarc3_binary+banglasarc_binary,banglasarc3_binary,7
5f3e3a9180cef321,1,1,-0.37109375,0.24316406,0.3510885462103867,0.6489114537896132,1.4912607837734826,dann_matched,banglasarc3_binary+banglasarc_binary,banglasarc3_binary,7
4962ffafd1494e25,1,0,1.171875,-1.171875,0.9124361604769414,0.08756383952305867,1.4912607837734826,dann_matched,banglasarc3_binary+banglasarc_binary,banglasarc3_binary,7
2f76c0643b8dc919,1,1,-1.140625,1.1484375,0.09203286011100995,0.90796713988899,1.4912607837734826,dann_matched,banglasarc3_binary+banglasarc_binary,banglasarc3_binary,7
984ddd9e97dcc313,0,0,0.80078125,-0.859375,0.8402589766446108,0.15974102335538914,1.4912607837734826,dann_matched,banglasarc3_binary+banglasarc_binary,banglasarc3_binary,7
37b55e10fbcaaa62,0,1,-0.34375,0.27929688,0.34908880483446786,0.6509111951655322,1.4912607837734826,dann_matched,banglasarc3_binary+banglasarc_binary,banglasarc3_binary,7
73d0ee7cb4b89e64,1,1,-0.73828125,0.6953125,0.19253935386136437,0.8074606461386356,1.4912607837734826,dann_matched,banglasarc3_binary+banglasarc_binary,banglasarc3_binary,7
67351714d10f07bb,1,1,-0.3671875,0.2421875,0.35220178204788966,0.6477982179521103,1.4912607837734826,dann_matched,banglasarc3_binary+banglasarc_binary,banglasarc3_binary,7
a4ebfa262a40ce6d,1,1,-1.296875,1.359375,0.06560483745906928,0.9343951625409306,1.4912607837734826,dann_matched,banglasarc3_binary+banglasarc_binary,banglasarc3_binary,7
711787e882523b00,0,0,1.0703125,-1.1796875,0.9046505351008906,0.0953494648991095,1.4912607837734826,dann_matched,banglasarc3_binary+banglasarc_binary,banglasarc3_binary,7
46fef03e1665a7ca,0,0,0.6640625,-0.71484375,0.79881528176072,0.20118471823927994,1.4912607837734826,dann_matched,banglasarc3_binary+banglasarc_binary,banglasarc3_binary,7
a76dc1c36dd7c504,0,0,1.140625,-1.03125,0.8976952921073469,0.10230470789265303,1.4912607837734826,dann_matched,banglasarc3_binary+banglasarc_binary,banglasarc3_binary,7
d7b2d256a4143a25,1,0,1.4921875,-1.546875,0.9543079676184154,0.04569203238158463,1.4912607837734826,dann_matched,banglasarc3_binary+banglasarc_binary,banglasarc3_binary,7
1b94ccf4d275d3d1,1,0,1.0703125,-0.3828125,0.8104789086703224,0.18952109132967757,1.4912607837734826,dann_matched,banglasarc3_binary+banglasarc_binary,banglasarc3_binary,7
734ed3d8328829a9,1,1,-0.18359375,0.16113281,0.4146617973581297,0.5853382026418704,1.4912607837734826,dann_matched,banglasarc3_binary+banglasarc_binary,banglasarc3_binary,7
a6b2d326016440e6,1,1,-0.15332031,-0.00024414062,0.46180551002840126,0.5381944899715987,1.4912607837734826,dann_matched,banglasarc3_binary+banglasarc_binary,banglasarc3_binary,7
31b230e3a9af4fda,0,0,1.203125,-1.2890625,0.923592316649553,0.07640768335044701,1.4912607837734826,dann_matched,banglasarc3_binary+banglasarc_binary,banglasarc3_binary,7
2220cd6a505565f7,0,0,2.890625,-2.9375,0.9970650482552862,0.002934951744713737,1.4912607837734826,dann_matched,banglasarc3_binary+banglasarc_binary,banglasarc3_binary,7
ce2b334fad8c3a5d,0,0,0.8515625,-0.87109375,0.8484706618201715,0.15152933817982858,1.4912607837734826,dann_matched,banglasarc3_binary+banglasarc_binary,banglasarc3_binary,7
722c6881b0dee379,1,1,-0.90234375,0.97265625,0.13296424019782924,0.8670357598021706,1.4912607837734826,dann_matched,banglasarc3_binary+banglasarc_binary,banglasarc3_binary,7
f1e88058df9310e0,1,0,1.03125,-1.1328125,0.896975571673783,0.1030244283262171,1.4912607837734826,dann_matched,banglasarc3_binary+banglasarc_binary,banglasarc3_binary,7
e2b5924ce46e4127,1,0,0.020996094,-0.05444336,0.5188509239039616,0.4811490760960384,1.4912607837734826,dann_matched,banglasarc3_binary+banglasarc_binary,banglasarc3_binary,7
8aa47f0f19a6b655,0,0,1.8359375,-1.9765625,0.9783846672373524,0.021615332762647654,1.4912607837734826,dann_matched,banglasarc3_binary+banglasarc_binary,banglasarc3_binary,7
366e2c4f0de8d88d,0,1,-1.4296875,1.484375,0.05146276543260743,0.9485372345673925,1.4912607837734826,dann_matched,banglasarc3_binary+banglasarc_binary,banglasarc3_binary,7
49e7e0b2adafbcd1,0,0,2.265625,-2.34375,0.9901401446964613,0.009859855303538789,1.4912607837734826,dann_matched,banglasarc3_binary+banglasarc_binary,banglasarc3_binary,7
aae4075a20d3ba22,0,0,2.21875,-2.28125,0.9890130573694068,0.01098694263059318,1.4912607837734826,dann_matched,banglasarc3_binary+banglasarc_binary,banglasarc3_binary,7
f70f4b9f132b9352,0,0,1.453125,-1.59375,0.9546474194456936,0.04535258055430642,1.4912607837734826,dann_matched,banglasarc3_binary+banglasarc_binary,banglasarc3_binary,7
e868e8fa9c38e342,0,0,1.7578125,-1.859375,0.9738443816461771,0.02615561835382285,1.4912607837734826,dann_matched,banglasarc3_binary+banglasarc_binary,banglasarc3_binary,7
34f804166b33a246,1,1,-0.6796875,0.62109375,0.2140335632231953,0.7859664367768047,1.4912607837734826,dann_matched,banglasarc3_binary+banglasarc_binary,banglasarc3_binary,7
186dcee2e7df2920,1,1,-1.6328125,1.765625,0.032344332381157095,0.9676556676188429,1.4912607837734826,dann_matched,banglasarc3_binary+banglasarc_binary,banglasarc3_binary,7
992528b2a23ee70a,0,0,0.29296875,-0.32226562,0.6491339071440806,0.3508660928559194,1.4912607837734826,dann_matched,banglasarc3_binary+banglasarc_binary,banglasarc3_binary,7
63b9ff3f715bfb2f,0,0,2.640625,-2.8125,0.9957353653078126,0.0042646346921872726,1.4912607837734826,dann_matched,banglasarc3_binary+banglasarc_binary,banglasarc3_binary,7
52a86f6315459641,1,1,-1.421875,1.46875,0.05261895334771377,0.9473810466522863,1.4912607837734826,dann_matched,banglasarc3_binary+banglasarc_binary,banglasarc3_binary,7
875e2c2018999836,0,0,1.828125,-1.9375,0.9773707999669629,0.022629200033037256,1.4912607837734826,dann_matched,banglasarc3_binary+banglasarc_binary,banglasarc3_binary,7
b0853ab27aae530b,0,1,-0.19628906,0.19824219,0.4026269720689515,0.5973730279310485,1.4912607837734826,dann_matched,banglasarc3_binary+banglasarc_binary,banglasarc3_binary,7
2360a4258810318d,0,1,-0.73828125,0.66796875,0.1968262036430985,0.8031737963569016,1.4912607837734826,dann_matched,banglasarc3_binary+banglasarc_binary,banglasarc3_binary,7
6691a7d1596c1c0e,0,0,1.6640625,-1.7421875,0.9678992932829918,0.03210070671700819,1.4912607837734826,dann_matched,banglasarc3_binary+banglasarc_binary,banglasarc3_binary,7
c7c7d1e79083dbae,0,0,0.036621094,-0.125,0.5403175491268278,0.4596824508731721,1.4912607837734826,dann_matched,banglasarc3_binary+banglasarc_binary,banglasarc3_binary,7
07edd2171dff4faa,1,1,-1.265625,1.3359375,0.06903792817479,0.9309620718252101,1.4912607837734826,dann_matched,banglasarc3_binary+banglasarc_binary,banglasarc3_binary,7
2652e297e664589c,1,1,-0.87109375,0.93359375,0.1412814160007008,0.8587185839992991,1.4912607837734826,dann_matched,banglasarc3_binary+banglasarc_binary,banglasarc3_binary,7
ce6d32b468635b62,1,1,-1.5703125,1.6015625,0.04023794262361602,0.9597620573763841,1.4912607837734826,dann_matched,banglasarc3_binary+banglasarc_binary,banglasarc3_binary,7
112e0419a2dcbd6c,0,1,-0.50390625,0.55859375,0.25683199138751883,0.7431680086124811,1.4912607837734826,dann_matched,banglasarc3_binary+banglasarc_binary,banglasarc3_binary,7
175f493bd4aa3997,1,1,-0.51953125,0.49804688,0.26549942080817324,0.7345005791918268,1.4912607837734826,dann_matched,banglasarc3_binary+banglasarc_binary,banglasarc3_binary,7
15319cb8ed77aaa8,1,1,-0.5,0.43359375,0.2821961896597225,0.7178038103402775,1.4912607837734826,dann_matched,banglasarc3_binary+banglasarc_binary,banglasarc3_binary,7
