item_id,gold_label,pred_label,logit_0,logit_1,prob_0,prob_1,temperature,system,source,target,seed
75b57cb785399524,1,0,0.3125,-0.61328125,0.7162186093168913,0.2837813906831087,1.1453747993842587,dann_matched,banglasarc3_binary+banglasarc_binary,banglasarc3_binary,42
ea89903ebde9ec48,0,0,2.359375,-2.359375,0.9911526449170697,0.008847355082930386,1.1453747993842587,dann_matched,banglasarc3_binary+banglasarc_binary,banglasarc3_binary,42
7985dbfde1b7e765,1,1,-0.53125,0.20703125,0.32338010134203354,0.6766198986579665,1.1453747993842587,dann_matched,banglasarc3_binary+banglasarc_binary,banglasarc3_binary,42
d0c67c93af7f80e7,0,0,1.8046875,-1.8984375,0.9759464471055739,0.024053552894426178,1.1453747993842587,dann_matched,banglasarc3_binary+banglasarc_binary,banglasarc3_binary,42
050e2a5781c6d2a8,1,1,-1.1171875,0.72265625,0.137069773035303,0.862930226964697,1.1453747993842587,dann_matched,banglasarc3_binary+banglasarc_binary,banglasarc3_binary,42
510f4f1ce14fbaae,1,0,0.60546875,-0.75390625,0.7956581000631541,0.20434189993684582,1.1453747993842587,dann_matched,banglasarc3_binary+banglasarc_binary,banglasarc3_binary,42
1e477c743f0a9075,0,0,1.1953125,-1.3515625,0.927363293639213,0.07263670636078697,1.1453747993842587,dann_matched,banglasarc3_binary+banglasarc_binary,banglasarc3_binary,42
8bc8673823772559,1,1,-1.0703125,0.5234375,0.16885695214168314,0.8311430478583168,1.1453747993842587,dann_matched,banglasarc3_binary+banglasarc_binary,banglasarc3_binary,42
bd8f33b2d8745739,1,1,-1.21875,0.91796875,0.10557884359159042,0.8944211564084097,1.1453747993842587,dann_matched,banglasarc3_binary+banglasarc_binary,banglasarc3_binary,42
f38f331e6bcc6f51,0,0,2.640625,-2.515625,0.994269753485008,0.005730246514992079,1.1453747993842587,dann_matched,banglasarc3_binary+banglasarc_binary,banglasarc3_binary,42
711571c05022201a,1,1,-0.83984375,0.4140625,0.2220246807679208,0.7779753192320792,1.1453747993842587,dann_matched,banglasarc3_binary+banglasarc_binary,banglasarc3_binary,42
e16f46a1ebdb3d2c,1,0,0.23535156,-0.56640625,0.6903503686455426,0.30964963135445744,1.1453747993842587,dann_matched,banglasarc3_binary+banglasarc_binary,banglasarc3_binary,42
96f8f1c864b37ed7,0,1,-1.1484375,0.75,0.13028542074923347,0.8697145792507666,1.1453747993842587,dann_matched,banglasarc3_binary+banglasarc_binary,banglasarc3_binary,42
f479880c55bd2491,0,0,0.11035156,-0.41992188,0.6295468846647942,0.3704531153352058,1.1453747993842587,dann_matched,banglasarc3_binary+banglasarc_binary,banglasarc3_binary,42
65fbbf2f8d05469a,1,1,-1.078125,0.55859375,0.16291203745291188,0.8370879625470882,1.1453747993842587,dann_matched,banglasarc3_binary+banglasarc_binary,banglasarc3_binary,42
8c201fa1f055e850,1,0,0.5,-0.74609375,0.776622938216557,0.22337706178344302,1.1453747993842587,dann_matched,banglasarc3_binary+banglasarc_binary,banglasarc3_binary,42
eb85c00573b45dd3,1,1,-1.046875,0.5546875,0.16776334721819924,0.8322366527818007,1.1453747993842587,dann_matched,banglasarc3_binary+banglasarc_binary,banglasarc3_binary,42
db73ddb0d256ba8f,1,0,0.33203125,-0.6796875,0.7333563766381476,0.2666436233618524,1.1453747993842587,dann_matched,banglasarc3_binary+banglasarc_binary,banglasarc3_binary,42
108f2ff9574fa860,1,0,-0.041503906,-0.33203125,0.5721252305082641,0.4278747694917358,1.1453747993842587,dann_matched,banglasarc3_binary+banglasarc_binary,banglasarc3_binary,42
651cfe2be094f7d4,0,0,0.61328125,-0.9453125,0.8261514726455292,0.17384852735447087,1.1453747993842587,dann_matched,banglasarc3_binary+banglasarc_binary,banglasarc3_binary,42
701194ab8ff79d41,1,1,-1.15625,0.75,0.12940273159163906,0.870597268408361,1.1453747993842587,dann_matched,banglasarc3_binary+banglasarc_binary,banglasarc3_binary,42
7d54a3089303d820,1,1,-1.15625,0.71875,0.13296424019782924,0.8670357598021706,1.1453747993842587,dann_matched,banglasarc3_binary+banglasarc_binary,banglasarc3_binary,42
07a4bfe2a5a2e5ca,1,0,-0.16210938,-0.20117188,0.5097643834260159,0.49023561657398396,1.1453747993842587,dann_matched,banglasarc3_binary+banglasarc_binary,banglasarc3_binary,42
8e8d800bdbdaaff7,0,0,1.3671875,-1.3828125,0.9399133498259924,0.06008665017400762,1.1453747993842587,dann_matched,banglasarc3_binary+banglasarc_binary,banglasarc3_binary,42
c015494f033a38d6,0,0,1.3671875,-1.4609375,0.9441768588653856,0.05582314113461443,1.1453747993842587,dann_matched,banglasarc3_binary+banglasarc_binary,banglasarc3_binary,42
ce91a1211be5691e,0,0,0.17285156,-0.6328125,0.6911847734747362,0.3088152265252637,1.1453747993842587,dann_matched,banglasarc3_binary+banglasarc_binary,banglasarc3_binary,42
b67fe2f1724da4fc,0,0,1.234375,-1.3984375,0.9329437130748804,0.06705628692511957,1.1453747993842587,dann_matched,banglasarc3_binary+banglasarc_binary,banglasarc3_binary,42
c82b33bcfb8e93ad,1,1,-1.453125,0.99609375,0.07949569926013914,0.9205043007398609,1.1453747993842587,dann_matched,banglasarc3_binary+banglasarc_binary,banglasarc3_binary,42
94ad7e948eed42c2,1,1,-0.6171875,0.22070312,0.3019792286491274,0.6980207713508726,1.1453747993842587,dann_matched,banglasarc3_binary+banglasarc_binary,banglasarc3_binary,42
7065829cdc40567b,1,0,0.80078125,-1.109375,0.8710367007098975,0.12896329929010264,1.1453747993842587,dann_matched,banglasarc3_binary+banglasarc_binary,banglasarc3_binary,42
80cf082fa6d9ed32,0,0,0.71875,-0.99609375,0.8474634859343486,0.15253651406565133,1.1453747993842587,dann_matched,banglasarc3_binary+banglasarc_binary,banglasarc3_binary,42
082cc009d05d3e6a,0,0,1.6484375,-1.71875,0.9666631758572982,0.03333682414270177,1.1453747993842587,dann_matched,banglasarc3_binary+banglasarc_binary,banglasarc3_binary,42
91675e6a7e696d31,1,1,-1.234375,0.86328125,0.10932483007763893,0.8906751699223611,1.1453747993842587,dann_matched,banglasarc3_binary+banglasarc_binary,banglasarc3_binary,42
0f26e9a22c5ac1d7,0,1,-0.6015625,0.22851562,0.3036285513091451,0.6963714486908549,1.1453747993842587,dann_matched,banglasarc3_binary+banglasarc_binary,banglasarc3_binary,42
9a4c63e1a0b50046,0,0,1.6875,-1.8359375,0.9713473306904065,0.028652669309593447,1.1453747993842587,dann_matched,banglasarc3_binary+banglasarc_binary,banglasarc3_binary,42
dd8a11641c9c1035,1,1,-0.38867188,-0.06542969,0.4198858057650677,0.5801141942349324,1.1453747993842587,dann_matched,banglasarc3_binary+banglasarc_binary,banglasarc3_binary,42
947e78373e8ee90d,1,1,-1.1171875,0.6953125,0.14033624949008322,0.8596637505099167,1.1453747993842587,dann_matched,banglasarc3_binary+banglasarc_binary,banglasarc3_binary,42
a93bffde267df6fb,0,1,-0.921875,0.48242188,0.19713514751537453,0.8028648524846255,1.1453747993842587,dann_matched,banglasarc3_binary+banglasarc_binary,banglasarc3_binary,42
2b6006a4aa890634,0,1,-0.8359375,0.39453125,0.22609939404771076,0.7739006059522892,1.1453747993842587,dann_matched,banglasarc3_binary+banglasarc_binary,banglasarc3_binary,42
08c0f13f45787db9,0,0,1.8046875,-1.9609375,0.9773707999669629,0.022629200033037256,1.1453747993842587,dann_matched,banglasarc3_binary+banglasarc_binary,banglasarc3_binary,42
ec266bb4c5478b18,1,1,-1.171875,0.80078125,0.12210386546882639,0.8778961345311737,1.1453747993842587,dann_matched,banglasarc3_binary+banglasarc_binary,banglasarc3_binary,42
073d86cef983e918,1,1,-0.984375,0.5078125,0.18359362263419612,0.8164063773658039,1.1453747993842587,dann_matched,banglasarc3_binary+banglasarc_binary,banglasarc3_binary,42
67edcfa910eb831c,1,0,-0.028808594,-0.25195312,0.5555557975149967,0.44444420248500327,1.1453747993842587,dann_matched,banglasarc3_binary+banglasarc_binary,banglasarc3_binary,42
04d2c1127101c192,1,1,-0.9375,0.57421875,0.180684214164803,0.819315785835197,1.1453747993842587,dann_matched,banglasarc3_binary+banglasarc_binary,banglasarc3_binary,42
876b4804c6fc5b43,1,1,-1.0,0.4765625,0.1859471949014217,0.8140528050985784,1.1453747993842587,dann_matched,banglasarc3_binary+banglasarc_binary,banglasarc3_binary,42
34dbd0864564cfc0,0,1,-0.20410156,-0.010070801,0.4516439233387256,0.5483560766612743,1.1453747993842587,dann_matched,banglasarc3_binary+banglasarc_binary,banglasarc3_binary,42
63a49fd32ab811fd,0,0,0.36132812,-0.625,0.7283620485086241,0.27163795149137593,1.1453747993842587,dann_matched,banglasarc3_binary+banglasarc_binary,banglasarc3_binary,42
9f666c15fa725558,0,0,2.0,-2.046875,0.9828232909876817,0.017176709012318405,1.1453747993842587,dann_matched,banglasarc3_binary+banglasarc_binary,banglasarc3_binary,42
265176b36196d1b2,0,0,1.046875,-1.28125,0.9111797075998822,0.08882029240011771,1.1453747993842587,dann_matched,banglasarc3_binary+banglasarc_binary,banglasarc3_binary,42
96de00b59977a347,1,1,-0.79296875,0.421875,0.22884512750015074,0.7711548724998493,1.1453747993842587,dann_matched,banglasarc3_binary+banglasarc_binary,banglasarc3_binary,42
4a51117b4af25a2c,1,1,-1.2265625,0.890625,0.10743747660842011,0.8925625233915799,1.1453747993842587,dann_matched,banglasarc3_binary+banglasarc_binary,banglasarc3_binary,42
aaa1c8bb9251740a,1,1,-0.75,0.31445312,0.256459376834781,0.743540623165219,1.1453747993842587,dann_matched,banglasarc3_binary+banglasarc_binary,banglasarc3_binary,42
b956c99bea48b45e,0,0,0.06298828,-0.40820312,0.615665707479458,0.384334292520542,1.1453747993842587,dann_matched,banglasarc3_binary+banglasarc_binary,banglasarc3_binary,42
a7f029b1664720b2,0,0,2.0625,-2.125,0.98504291340685,0.01495708659314999,1.1453747993842587,dann_matched,banglasarc3_binary+banglasarc_binary,banglasarc3_binary,42
1f65da3aad7897f2,0,0,2.609375,-2.484375,0.9939024378074247,0.006097562192575309,1.1453747993842587,dann_matched,banglasarc3_binary+banglasarc_binary,banglasarc3_binary,42
e299df642da32c11,1,0,0.88671875,-1.1875,0.8883720089593933,0.11162799104060678,1.1453747993842587,dann_matched,banglasarc3_binary+banglasarc_binary,banglasarc3_binary,42
281dcf0e5128a950,1,1,-0.83203125,0.515625,0.20625381039683044,0.7937461896031696,1.1453747993842587,dann_matched,banglasarc3_binary+banglasarc_binary,banglasarc3_binary,42
4d19d4857cf11f76,1,0,0.1015625,-0.32226562,0.6043989226956881,0.39560107730431193,1.1453747993842587,dann_matched,banglasarc3_binary+banglasarc_binary,banglasarc3_binary,42
0a1efda3664119ed,0,0,-0.16113281,-0.16210938,0.5002441406055974,0.49975585939440254,1.1453747993842587,dann_matched,banglasarc3_binary+banglasarc_binary,banglasarc3_binary,42
222513aed35eef7e,0,0,1.515625,-1.6796875,0.9606574967357419,0.03934250326425821,1.1453747993842587,dann_matched,banglasarc3_binary+banglasarc_binary,banglasarc3_binary,42
39fe6dafd7939acc,0,0,1.5859375,-1.765625,0.9661559646595075,0.03384403534049258,1.1453747993842587,dann_matched,banglasarc3_binary+banglasarc_binary,banglasarc3_binary,42
a27193d4c497eccb,0,1,-0.50390625,0.087890625,0.3562226740350589,0.643777325964941,1.1453747993842587,dann_matched,banglasarc3_binary+banglasarc_binary,banglasarc3_binary,42
a6de149712c45c7c,1,1,-0.796875,0.34375,0.24220562872535945,0.7577943712746406,1.1453747993842587,dann_matched,banglasarc3_binary+banglasarc_binary,banglasarc3_binary,42
73ec3e5aee767003,0,0,1.546875,-1.65625,0.9609517072737735,0.03904829272622638,1.1453747993842587,dann_matched,banglasarc3_binary+banglasarc_binary,banglasarc3_binary,42
7be88e4c070ecb7c,0,1,-0.94921875,0.75,0.15456732837004417,0.8454326716299558,1.1453747993842587,dann_matched,banglasarc3_binary+banglasarc_binary,banglasarc3_binary,42
e1692847746aaeb7,0,1,-1.1484375,0.64453125,0.1427091316026025,0.8572908683973974,1.1453747993842587,dann_matched,banglasarc3_binary+banglasarc_binary,banglasarc3_binary,42
affe88ed42c09f2b,0,1,-0.73046875,0.3359375,0.2560871165930079,0.743912883406992,1.1453747993842587,dann_matched,banglasarc3_binary+banglasarc_binary,banglasarc3_binary,42
c26d77ece62c8a34,0,0,1.09375,-1.3515625,0.9202179865359069,0.079782013464093,1.1453747993842587,dann_matched,banglasarc3_binary+banglasarc_binary,banglasarc3_binary,42
4562504c76eb98bd,1,0,1.046875,-1.3046875,0.9130583432721083,0.08694165672789168,1.1453747993842587,dann_matched,banglasarc3_binary+banglasarc_binary,banglasarc3_binary,42
c31bf7af3cca52d5,0,0,0.96484375,-1.25,0.9015745876334377,0.0984254123665623,1.1453747993842587,dann_matched,banglasarc3_binary+banglasarc_binary,banglasarc3_binary,42
d60439bc7741539c,1,0,0.05883789,-0.37890625,0.6077213735375503,0.39227862646244965,1.1453747993842587,dann_matched,banglasarc3_binary+banglasarc_binary,banglasarc3_binary,42
f10b478fd6e0b177,0,0,2.25,-2.203125,0.9884918509356967,0.011508149064303403,1.1453747993842587,dann_matched,banglasarc3_binary+banglasarc_binary,banglasarc3_binary,42
3fbae9ce8772e658,0,0,2.140625,-2.171875,0.9867771782476948,0.013222821752305148,1.1453747993842587,dann_matched,banglasarc3_binary+banglasarc_binary,banglasarc3_binary,42
d823840f4b1ff927,0,0,2.5,-2.5,0.9933071490757153,0.006692850924284856,1.1453747993842587,dann_matched,banglasarc3_binary+banglasarc_binary,banglasarc3_binary,42
e0c3a628a2e7801f,1,0,0.60546875,-0.76953125,0.7981867777396212,0.20181322226037882,1.1453747993842587,dann_matched,banglasarc3_binary+banglasarc_binary,banglasarc3_binary,42
eff887513d13438d,1,0,1.7109375,-1.6640625,0.9669140216112958,0.033085978388704126,1.1453747993842587,dann_matched,banglasarc3_binary+banglasarc_binary,banglasarc3_binary,42
0cd82b6dca6fe2e1,1,1,-0.87890625,0.47851562,0.20465963465754167,0.7953403653424583,1.1453747993842587,dann_matched,banglasarc3_binary+banglasarc_binary,banglasarc3_binary,42
1d09754dbb62cc6b,1,1,-0.68359375,0.25195312,0.2818007300830946,0.7181992699169054,1.1453747993842587,dann_matched,banglasarc3_binary+banglasarc_binary,banglasarc3_binary,42
c311ed8c137856aa,1,0,0.5703125,-0.87890625,0.8098781697309154,0.19012183026908458,1.1453747993842587,dann_matched,banglasarc3_binary+banglasarc_binary,banglasarc3_binary,42
7071237a4ec6c93c,1,1,-1.0625,0.7109375,0.14511536292037017,0.8548846370796298,1.1453747993842587,dann_matched,banglasarc3_binary+banglasarc_binary,banglasarc3_binary,42
406cc3cc6af1c396,0,1,-0.9296875,0.49609375,0.19375686554382185,0.8062431344561782,1.1453747993842587,dann_matched,banglasarc3_binary+banglasarc_binary,banglasarc3_binary,42
5017f4130c84f906,1,1,-0.97265625,0.5625,0.17724051706725022,0.8227594829327498,1.1453747993842587,dann_matched,banglasarc3_binary+banglasarc_binary,banglasarc3_binary,42
dda9d98881ec3a10,0,0,-0.032226562,-0.4453125,0.6018275974281085,0.39817240257189135,1.1453747993842587,dann_matched,banglasarc3_binary+banglasarc_binary,banglasarc3_binary,42
44526b65a93bf812,0,0,1.03125,-1.296875,0.9111797075998822,0.08882029240011771,1.1453747993842587,dann_matched,banglasarc3_binary+banglasarc_binary,banglasarc3_binary,42
045171b67bd95561,0,0,2.03125,-1.9921875,0.982423116732664,0.01757688326733593,1.1453747993842587,dann_matched,banglasarc3_binary+banglasarc_binary,banglasarc3_binary,42
008c34b815bb55fd,0,0,1.1015625,-1.0546875,0.8962513731336202,0.10374862686637971,1.1453747993842587,dann_matched,banglasarc3_binary+banglasarc_binary,banglasarc3_binary,42
aca0a6cea18374f2,0,0,0.90625,-1.078125,0.8791467675095294,0.12085323249047067,1.1453747993842587,dann_matched,banglasarc3_binary+banglasarc_binary,banglasarc3_binary,42
51e0fcfbe89577bb,1,1,-1.1015625,0.65625,0.14706452045904778,0.8529354795409523,1.1453747993842587,dann_matched,banglasarc3_binary+banglasarc_binary,banglasarc3_binary,42
0cd747c951646fc6,1,1,-0.92578125,0.56640625,0.18359362263419612,0.8164063773658039,1.1453747993842587,dann_matched,banglasarc3_binary+banglasarc_binary,banglasarc3_binary,42
2a8dc43b96afa2e7,1,1,-0.91796875,0.48242188,0.19775413247015594,0.8022458675298441,1.1453747993842587,dann_matched,banglasarc3_binary+banglasarc_binary,banglasarc3_binary,42
4dacd616983d14ed,1,0,1.578125,-1.515625,0.9566342012360932,0.04336579876390677,1.1453747993842587,dann_matched,banglasarc3_binary+banglasarc_binary,banglasarc3_binary,42
8e45e4191312d057,0,0,1.9609375,-2.0625,0.982423116732664,0.01757688326733593,1.1453747993842587,dann_matched,banglasarc3_binary+banglasarc_binary,banglasarc3_binary,42
a30ac9245fef57e8,0,0,0.46484375,-0.70703125,0.7634837635542924,0.23651623644570763,1.1453747993842587,dann_matched,banglasarc3_binary+banglasarc_binary,banglasarc3_binary,42
1ba578744dcf18f2,0,1,-0.484375,0.0546875,0.3684056955947133,0.6315943044052867,1.1453747993842587,dann_matched,banglasarc3_binary+banglasarc_binary,banglasarc3_binary,42
b1a866c6cbb06b7b,0,0,1.8046875,-1.8125,0.9738443816461771,0.02615561835382285,1.1453747993842587,dann_matched,banglasarc3_binary+banglasarc_binary,banglasarc3_binary,42
a61d6c2433486af9,0,1,-0.34765625,-0.05908203,0.4283529577001905,0.5716470422998096,1.1453747993842587,dann_matched,banglasarc3_binary+banglasarc_binary,banglasarc3_binary,42
8cb4b0e68d2b2280,0,0,1.1328125,-1.3828125,0.9252299570920387,0.07477004290796138,1.1453747993842587,dann_matched,banglasarc3_binary+banglasarc_binary,banglasarc3_binary,42
5862ad605fad8a15,1,1,-0.38085938,0.014526367,0.4024214680067301,0.5975785319932698,1.1453747993842587,dann_matched,banglasarc3_binary+banglasarc_binary,banglasarc3_binary,42
cdf0634800d69305,1,0,0.640625,-0.84765625,0.8158201574546557,0.1841798425453443,1.1453747993842587,dann_matched,banglasarc3_binary+banglasarc_binary,banglasarc3_binary,42
778c43b485a168af,1,0,0.17382812,-0.55859375,0.675336511217513,0.324663488782487,1.1453747993842587,dann_matched,banglasarc3_binary+banglasarc_binary,banglasarc3_binary,42
1df9d37a3cec5465,0,0,1.7265625,-1.8671875,0.9732407168145568,0.026759283185443145,1.1453747993842587,dann_matched,banglasarc3_binary+banglasarc_binary,banglasarc3_binary,42
47b74426cb84e137,1,0,-0.1953125,-0.21679688,0.5053708871611445,0.4946291128388554,1.1453747993842587,dann_matched,banglasarc3_binary+banglasarc_binary,banglasarc3_binary,42
3f468b17c098db0b,0,0,0.1484375,-0.49804688,0.656217787882264,0.34378221211773596,1.1453747993842587,dann_matched,banglasarc3_binary+banglasarc_binary,banglasarc3_binary,42
e8eed6879adc1fb9,1,1,-0.65234375,0.22460938,0.2938095639024741,0.706190436097526,1.1453747993842587,dann_matched,banglasarc3_binary+banglasarc_binary,banglasarc3_binary,42
59adf653819d9fe1,0,0,0.45898438,-0.85546875,0.7882573707551939,0.21174262924480614,1.1453747993842587,dann_matched,banglasarc3_binary+banglasarc_binary,banglasarc3_binary,42
ab24e7278a3aa349,1,0,0.3359375,-0.56640625,0.711430905738061,0.2885690942619391,1.1453747993842587,dann_matched,banglasarc3_binary+banglasarc_binary,banglasarc3_binary,42
e3d3248598f096fa,1,1,-1.15625,0.69921875,0.13523208079351787,0.8647679192064821,1.1453747993842587,dann_matched,banglasarc3_binary+banglasarc_binary,banglasarc3_binary,42
cc1dab7c4d3e2fa9,1,1,-0.6171875,0.203125,0.3056973288424214,0.6943026711575786,1.1453747993842587,dann_matched,banglasarc3_binary+banglasarc_binary,banglasarc3_binary,42
f7a48562ed437eea,0,0,1.4765625,-1.6640625,0.9585377272885904,0.04146227271140963,1.1453747993842587,dann_matched,banglasarc3_binary+banglasarc_binary,banglasarc3_binary,42
b2ae48f6c244c3b3,1,1,-1.0078125,0.5625,0.17217184695139578,0.8278281530486042,1.1453747993842587,dann_matched,banglasarc3_binary+banglasarc_binary,banglasarc3_binary,42
6d69a5e5443ef4a0,0,1,-0.8671875,0.484375,0.20561503957001773,0.7943849604299823,1.1453747993842587,dann_matched,banglasarc3_binary+banglasarc_binary,banglasarc3_binary,42
17e9568c1bec66f3,1,0,1.9453125,-1.9375,0.97982268167713,0.02017731832286999,1.1453747993842587,dann_matched,banglasarc3_binary+banglasarc_binary,banglasarc3_binary,42
432511856befb10b,0,0,2.015625,-2.078125,0.983596967483837,0.016403032516163058,1.1453747993842587,dann_matched,banglasarc3_binary+banglasarc_binary,banglasarc3_binary,42
b7be99240747d7b9,0,1,-0.6796875,0.13867188,0.3061120299791845,0.6938879700208154,1.1453747993842587,dann_matched,banglasarc3_binary+banglasarc_binary,banglasarc3_binary,42
88421f62e8ff3b41,1,0,1.3359375,-1.5078125,0.9449947117065459,0.05500528829345415,1.1453747993842587,dann_matched,banglasarc3_binary+banglasarc_binary,banglasarc3_binary,42
3e2207ffcf3ee105,0,0,0.23925781,-0.5859375,0.695338046521285,0.3046619534787151,1.1453747993842587,dann_matched,banglasarc3_binary+banglasarc_binary,banglasarc3_binary,42
51b018644cef2e50,0,0,1.078125,-1.296875,0.9149009549929797,0.08509904500702024,1.1453747993842587,dann_matched,banglasarc3_binary+banglasarc_binary,banglasarc3_binary,42
f95cec4307ef3024,0,0,1.640625,-1.796875,0.9688561694652216,0.031143830534778462,1.1453747993842587,dann_matched,banglasarc3_binary+banglasarc_binary,banglasarc3_binary,42
26b12ba4953ff47f,1,1,-1.03125,0.59765625,0.16398024910404715,0.8360197508959527,1.1453747993842587,dann_matched,banglasarc3_binary+banglasarc_binary,banglasarc3_binary,42
9e6fb96648d97dc0,0,0,0.3046875,-0.6015625,0.712232184238947,0.2877678157610531,1.1453747993842587,dann_matched,banglasarc3_binary+banglasarc_binary,banglasarc3_binary,42
a4b8f5a2bfe6f63a,1,1,-1.0390625,0.65625,0.15507847160659358,0.8449215283934065,1.1453747993842587,dann_matched,banglasarc3_binary+banglasarc_binary,banglasarc3_binary,42
c7e2731135ca9edc,1,1,-0.9375,0.51953125,0.18892180778557252,0.8110781922144276,1.1453747993842587,dann_matched,banglasarc3_binary+banglasarc_binary,banglasarc3_binary,42
a5f5e1447f81c7c1,0,0,1.0703125,-1.15625,0.9026096017480523,0.09739039825194779,1.1453747993842587,dann_matched,banglasarc3_binary+banglasarc_binary,banglasarc3_binary,42
c2122763b56ffbf5,1,0,0.9453125,-1.1875,0.8940517128636203,0.10594828713637978,1.1453747993842587,dann_matched,banglasarc3_binary+banglasarc_binary,banglasarc3_binary,42
d89f0be1f7612e43,1,1,-1.0546875,0.6796875,0.1500288243424251,0.849971175657575,1.1453747993842587,dann_matched,banglasarc3_binary+banglasarc_binary,banglasarc3_binary,42
83ff80d11d2cfe42,0,0,-0.115722656,-0.14648438,0.50768982330109,0.4923101766989099,1.1453747993842587,dann_matched,banglasarc3_binary+banglasarc_binary,banglasarc3_binary,42
ff19766f243a9d57,1,1,-1.2109375,0.82421875,0.11556087394148318,0.8844391260585168,1.1453747993842587,dann_matched,banglasarc3_binary+banglasarc_binary,banglasarc3_binary,42
e8bd3886d550c247,1,1,-0.8828125,0.58984375,0.18653921274423352,0.8134607872557665,1.1453747993842587,dann_matched,banglasarc3_binary+banglasarc_binary,banglasarc3_binary,42
0cb293f08063597d,1,0,1.3828125,-1.34375,0.9385759599453297,0.06142404005467019,1.1453747993842587,dann_matched,banglasarc3_binary+banglasarc_binary,banglasarc3_binary,42
bd4e9e3bdd01a022,1,0,1.09375,-1.171875,0.9059898203834277,0.09401017961657226,1.1453747993842587,dann_matched,banglasarc3_binary+banglasarc_binary,banglasarc3_binary,42
5b22a3f51d681541,0,0,2.21875,-2.25,0.9886682464686385,0.011331753531361453,1.1453747993842587,dann_matched,banglasarc3_binary+banglasarc_binary,banglasarc3_binary,42
5e682d52ed383d6b,0,0,0.87890625,-1.1640625,0.8852352197343663,0.1147647802656337,1.1453747993842587,dann_matched,banglasarc3_binary+banglasarc_binary,banglasarc3_binary,42
baad976c4d644487,0,0,1.8828125,-1.9375,0.9785492708245106,0.021450729175489416,1.1453747993842587,dann_matched,banglasarc3_binary+banglasarc_binary,banglasarc3_binary,42
dd9bd6b2bf6b34e5,1,1,-1.015625,0.59765625,0.1661335534168026,0.8338664465831974,1.1453747993842587,dann_matched,banglasarc3_binary+banglasarc_binary,banglasarc3_binary,42
cdbf9e38b718e84c,0,0,0.9375,-1.078125,0.8824278664544911,0.11757213354550883,1.1453747993842587,dann_matched,banglasarc3_binary+banglasarc_binary,banglasarc3_binary,42
4d0a57f210a73977,1,0,1.71875,-1.8203125,0.9717790128704671,0.02822098712953305,1.1453747993842587,dann_matched,banglasarc3_binary+banglasarc_binary,banglasarc3_binary,42
ab338dede5081252,0,0,0.8203125,-1.0234375,0.8633916099737806,0.13660839002621938,1.1453747993842587,dann_matched,banglasarc3_binary+banglasarc_binary,banglasarc3_binary,42
ab718a592e29dca9,0,0,2.265625,-2.21875,0.988841968751916,0.011158031248084033,1.1453747993842587,dann_matched,banglasarc3_binary+banglasarc_binary,banglasarc3_binary,42
e36d944d14221a6c,0,0,0.59765625,-0.875,0.8134607872557665,0.18653921274423352,1.1453747993842587,dann_matched,banglasarc3_binary+banglasarc_binary,banglasarc3_binary,42
63ea034834c6a12c,0,0,1.84375,-1.8984375,0.9768465889071616,0.023153411092838465,1.1453747993842587,dann_matched,banglasarc3_binary+banglasarc_binary,banglasarc3_binary,42
1ead6e0bfd452d2b,1,1,-1.1796875,0.84375,0.11676401359822318,0.8832359864017768,1.1453747993842587,dann_matched,banglasarc3_binary+banglasarc_binary,banglasarc3_binary,42
9fb91b24bd470ab7,0,1,-0.7109375,0.2890625,0.2689414213699951,0.7310585786300049,1.1453747993842587,dann_matched,banglasarc3_binary+banglasarc_binary,banglasarc3_binary,42
7adb5d686301eb8f,1,0,0.625,-0.88671875,0.819315785835197,0.180684214164803,1.1453747993842587,dann_matched,banglasarc3_binary+banglasarc_binary,banglasarc3_binary,42
30a467ac9c6d2435,1,1,-1.140625,0.93359375,0.11162799104060678,0.8883720089593933,1.1453747993842587,dann_matched,banglasarc3_binary+banglasarc_binary,banglasarc3_binary,42
4e5a50b99551fa9f,0,0,1.8828125,-1.7578125,0.9744347860767304,0.025565213923269593,1.1453747993842587,dann_matched,banglasarc3_binary+banglasarc_binary,banglasarc3_binary,42
2cc5b657e99479ab,1,1,-1.140625,0.77734375,0.1280882483446611,0.8719117516553389,1.1453747993842587,dann_matched,banglasarc3_binary+banglasarc_binary,banglasarc3_binary,42
60a819c9455826f5,0,0,1.4296875,-1.625,0.9549844683997677,0.04501553160023231,1.1453747993842587,dann_matched,banglasarc3_binary+banglasarc_binary,banglasarc3_binary,42
f387e0db7e685a99,0,0,1.5625,-1.6328125,0.9606574967357419,0.03934250326425821,1.1453747993842587,dann_matched,banglasarc3_binary+banglasarc_binary,banglasarc3_binary,42
0ccfba3f9e960460,1,1,-0.34765625,0.0056152344,0.412589320090716,0.587410679909284,1.1453747993842587,dann_matched,banglasarc3_binary+banglasarc_binary,banglasarc3_binary,42
ddc2982c4d5b19bb,0,0,1.3984375,-1.53125,0.9492946352021694,0.050705364797830506,1.1453747993842587,dann_matched,banglasarc3_binary+banglasarc_binary,banglasarc3_binary,42
c9700acd4f20666a,1,1,-0.83984375,0.4765625,0.2114168212006529,0.7885831787993471,1.1453747993842587,dann_matched,banglasarc3_binary+banglasarc_binary,banglasarc3_binary,42
d4943eed81c34c48,1,0,0.953125,-1.171875,0.8933094060543487,0.10669059394565118,1.1453747993842587,dann_matched,banglasarc3_binary+banglasarc_binary,banglasarc3_binary,42
2e2e4b889c9df812,1,1,-0.625,0.29882812,0.28417852997461623,0.7158214700253839,1.1453747993842587,dann_matched,banglasarc3_binary+banglasarc_binary,banglasarc3_binary,42
5ddbd9cf7f8b9e4e,1,0,0.30273438,-0.58203125,0.7078088014021495,0.29219119859785053,1.1453747993842587,dann_matched,banglasarc3_binary+banglasarc_binary,banglasarc3_binary,42
0346c19c3d6e1abf,0,0,1.953125,-1.953125,0.9802808718926534,0.01971912810734659,1.1453747993842587,dann_matched,banglasarc3_binary+banglasarc_binary,banglasarc3_binary,42
c5d392cb407885e6,0,0,0.640625,-0.92578125,0.8272706871360163,0.1727293128639838,1.1453747993842587,dann_matched,banglasarc3_binary+banglasarc_binary,banglasarc3_binary,42
f4997612d5ea678a,0,1,-0.703125,0.26757812,0.27474037666903506,0.725259623330965,1.1453747993842587,dann_matched,banglasarc3_binary+banglasarc_binary,banglasarc3_binary,42
5fb61d0d9878c215,0,1,-0.40820312,0.03100586,0.39192946857481176,0.6080705314251882,1.1453747993842587,dann_matched,banglasarc3_binary+banglasarc_binary,banglasarc3_binary,42
a3b2337ee913ed3c,1,1,-0.43554688,-0.018310547,0.397178261308638,0.602821738691362,1.1453747993842587,dann_matched,banglasarc3_binary+banglasarc_binary,banglasarc3_binary,42
218ac0a1387a629e,0,0,0.74609375,-0.81640625,0.8267117940706734,0.17328820592932656,1.1453747993842587,dann_matched,banglasarc3_binary+banglasarc_binary,banglasarc3_binary,42
18e844b31049008b,0,0,1.2578125,-1.5234375,0.941654159388319,0.05834584061168106,1.1453747993842587,dann_matched,banglasarc3_binary+banglasarc_binary,banglasarc3_binary,42
cbed70c13bc0c9f0,1,1,-0.98828125,0.50390625,0.18359362263419612,0.8164063773658039,1.1453747993842587,dann_matched,banglasarc3_binary+banglasarc_binary,banglasarc3_binary,42
2ab1740ebfbd3e05,1,0,1.9296875,-1.9140625,0.9790357591818724,0.0209642408181275,1.1453747993842587,dann_matched,banglasarc3_binary+banglasarc_binary,banglasarc3_binary,42
0ac6a6a9e59b6038,1,1,-0.90625,0.53515625,0.19132767714793028,0.8086723228520697,1.1453747993842587,dann_matched,banglasarc3_binary+banglasarc_binary,banglasarc3_binary,42
08f7a8e225bd8151,1,1,-0.36328125,-0.08251953,0.4302670404623151,0.5697329595376849,1.1453747993842587,dann_matched,banglasarc3_binary+banglasarc_binary,banglasarc3_binary,42
b09ce16653e41187,1,1,-0.27734375,-0.19335938,0.4790162386622166,0.5209837613377835,1.1453747993842587,dann_matched,banglasarc3_binary+banglasarc_binary,banglasarc3_binary,42
d8186fbe40131e81,1,1,-1.1171875,0.65234375,0.14560063226034367,0.8543993677396563,1.1453747993842587,dann_matched,banglasarc3_binary+banglasarc_binary,banglasarc3_binary,42
c89eaa10622b37e2,1,1,-0.7734375,0.40234375,0.2358115863944671,0.7641884136055329,1.1453747993842587,dann_matched,banglasarc3_binary+banglasarc_binary,banglasarc3_binary,42
0ef139aef5b0b651,1,1,-1.1640625,0.84375,0.1183850968071675,0.8816149031928324,1.1453747993842587,dann_matched,banglasarc3_binary+banglasarc_binary,banglasarc3_binary,42
2f577efec6c86515,1,1,-1.3046875,0.8984375,0.09947021388210707,0.9005297861178929,1.1453747993842587,dann_matched,banglasarc3_binary+banglasarc_binary,banglasarc3_binary,42
843e76141f5386ea,1,1,-1.1015625,0.6640625,0.14608724704829565,0.8539127529517043,1.1453747993842587,dann_matched,banglasarc3_binary+banglasarc_binary,banglasarc3_binary,42
a6b139ef0507918c,0,0,-0.024902344,-0.45898438,0.606847997364097,0.39315200263590305,1.1453747993842587,dann_matched,banglasarc3_binary+banglasarc_binary,banglasarc3_binary,42
364f64d22ee2ac7a,0,0,1.9375,-2.03125,0.9814534354878828,0.0185465645121173,1.1453747993842587,dann_matched,banglasarc3_binary+banglasarc_binary,banglasarc3_binary,42
2ac3b1eefc9be85e,1,0,-0.119140625,-0.21484375,0.5239075364321438,0.47609246356785623,1.1453747993842587,dann_matched,banglasarc3_binary+banglasarc_binary,banglasarc3_binary,42
adf94921ccf02eaa,1,1,-1.3671875,0.9296875,0.09138210306717136,0.9086178969328287,1.1453747993842587,dann_matched,banglasarc3_binary+banglasarc_binary,banglasarc3_binary,42
a4d173afcf1ce29e,0,0,0.984375,-1.1796875,0.896975571673783,0.1030244283262171,1.1453747993842587,dann_matched,banglasarc3_binary+banglasarc_binary,banglasarc3_binary,42
503091a9ce967b64,1,1,-0.78125,0.27734375,0.25757828260159127,0.7424217173984088,1.1453747993842587,dann_matched,banglasarc3_binary+banglasarc_binary,banglasarc3_binary,42
4d1624fcf2e4e7d6,1,1,-0.3515625,-0.092285156,0.4355413614003171,0.5644586385996829,1.1453747993842587,dann_matched,banglasarc3_binary+banglasarc_binary,banglasarc3_binary,42
7bb7f9b1cb68aac0,0,0,1.1640625,-1.3125,0.9224823435231172,0.07751765647688268,1.1453747993842587,dann_matched,banglasarc3_binary+banglasarc_binary,banglasarc3_binary,42
9b912e15d3d8493f,0,0,0.24804688,-0.546875,0.6888871743462827,0.31111282565371734,1.1453747993842587,dann_matched,banglasarc3_binary+banglasarc_binary,banglasarc3_binary,42
3827617f21fba1e3,0,0,2.265625,-2.25,0.9891815513471369,0.010818448652863185,1.1453747993842587,dann_matched,banglasarc3_binary+banglasarc_binary,banglasarc3_binary,42
bbfcd270940c6f50,0,0,1.4140625,-1.5,0.9485372345673925,0.05146276543260743,1.1453747993842587,dann_matched,banglasarc3_binary+banglasarc_binary,banglasarc3_binary,42
a5f9487af8a08111,1,1,-1.34375,0.9765625,0.08945460216888064,0.9105453978311193,1.1453747993842587,dann_matched,banglasarc3_binary+banglasarc_binary,banglasarc3_binary,42
b132c35de55abf62,1,1,-0.859375,0.51953125,0.20118471823927994,0.79881528176072,1.1453747993842587,dann_matched,banglasarc3_binary+banglasarc_binary,banglasarc3_binary,42
49e50f5f6743b9a9,0,0,0.63671875,-0.82421875,0.811676021090197,0.1883239789098031,1.1453747993842587,dann_matched,banglasarc3_binary+banglasarc_binary,banglasarc3_binary,42
bc2fea241ae6e245,0,0,1.328125,-1.2109375,0.9268352785943768,0.07316472140562331,1.1453747993842587,dann_matched,banglasarc3_binary+banglasarc_binary,banglasarc3_binary,42
1ac9669da2a3b22a,0,0,1.8359375,-1.3828125,0.9615338079816756,0.03846619201832428,1.1453747993842587,dann_matched,banglasarc3_binary+banglasarc_binary,banglasarc3_binary,42
c678ed32dfec8e9b,1,1,-0.921875,0.55859375,0.18535662781502407,0.8146433721849758,1.1453747993842587,dann_matched,banglasarc3_binary+banglasarc_binary,banglasarc3_binary,42
1a46fdea53a04cce,0,1,-0.8671875,0.45703125,0.2101172597064404,0.7898827402935596,1.1453747993842587,dann_matched,banglasarc3_binary+banglasarc_binary,banglasarc3_binary,42
a27bf2e316d4219b,1,1,-1.0546875,0.58203125,0.16291203745291188,0.8370879625470882,1.1453747993842587,dann_matched,banglasarc3_binary+banglasarc_binary,banglasarc3_binary,42
0cec6e06c0ba9f1e,0,0,2.515625,-2.328125,0.9921841112107114,0.007815888789288626,1.1453747993842587,dann_matched,banglasarc3_binary+banglasarc_binary,banglasarc3_binary,42
d6b2f0ee01c230dd,1,0,0.953125,-1.1171875,0.8879840490799963,0.11201595092000367,1.1453747993842587,dann_matched,banglasarc3_binary+banglasarc_binary,banglasarc3_binary,42
9eb091e9a9d4c695,0,1,-0.19238281,-0.07373047,0.47037166581819617,0.5296283341818039,1.1453747993842587,dann_matched,banglasarc3_binary+banglasarc_binary,banglasarc3_binary,42
963ae71db6ff7e4f,0,0,0.62890625,-0.8828125,0.819315785835197,0.180684214164803,1.1453747993842587,dann_matched,banglasarc3_binary+banglasarc_binary,banglasarc3_binary,42
9aabf8d92c3a8ef5,1,0,2.15625,-2.234375,0.9877587247081928,0.012241275291807161,1.1453747993842587,dann_matched,banglasarc3_binary+banglasarc_binary,banglasarc3_binary,42
1f00788c3c80def3,0,0,1.671875,-1.8203125,0.9704646607088951,0.029535339291104773,1.1453747993842587,dann_matched,banglasarc3_binary+banglasarc_binary,banglasarc3_binary,42
b39f2b8134c7f61a,1,1,-0.54296875,0.16796875,0.329391720064527,0.670608279935473,1.1453747993842587,dann_matched,banglasarc3_binary+banglasarc_binary,banglasarc3_binary,42
a6a9b4365f236b0d,1,0,-0.111328125,-0.28515625,0.5433479352941699,0.45665206470583,1.1453747993842587,dann_matched,banglasarc3_binary+banglasarc_binary,banglasarc3_binary,42
672f65575c01c938,1,1,-0.328125,-0.13085938,0.45084289763125884,0.5491571023687412,1.1453747993842587,dann_matched,banglasarc3_binary+banglasarc_binary,banglasarc3_binary,42
c361b64edd41d872,0,1,-0.85546875,0.4375,0.2153507429786673,0.7846492570213327,1.1453747993842587,dann_matched,banglasarc3_binary+banglasarc_binary,banglasarc3_binary,42
89c73de9b852078e,0,0,0.25976562,-0.671875,0.7174080141650894,0.2825919858349107,1.1453747993842587,dann_matched,banglasarc3_binary+banglasarc_binary,banglasarc3_binary,42
ce8d47c1fb816aa3,0,0,2.515625,-2.4375,0.992988204618503,0.007011795381497108,1.1453747993842587,dann_matched,banglasarc3_binary+banglasarc_binary,banglasarc3_binary,42
456683ca31fa5e65,0,0,0.3359375,-0.67578125,0.7333563766381476,0.2666436233618524,1.1453747993842587,dann_matched,banglasarc3_binary+banglasarc_binary,banglasarc3_binary,42
ebd8a51d0f72f8ae,0,1,-1.140625,0.71484375,0.13523208079351787,0.8647679192064821,1.1453747993842587,dann_matched,banglasarc3_binary+banglasarc_binary,banglasarc3_binary,42
fb863821fda44d53,1,1,-0.8828125,0.4609375,0.2068940488158881,0.7931059511841119,1.1453747993842587,dann_matched,banglasarc3_binary+banglasarc_binary,banglasarc3_binary,42
3b470389b41a77d0,0,0,1.375,-1.5078125,0.9469902279841446,0.05300977201585542,1.1453747993842587,dann_matched,banglasarc3_binary+banglasarc_binary,banglasarc3_binary,42
7485ab52357fe573,0,0,1.875,-1.8828125,0.9771973640319939,0.02280263596800613,1.1453747993842587,dann_matched,banglasarc3_binary+banglasarc_binary,banglasarc3_binary,42
5d08e6dbd0a02098,0,0,2.46875,-2.359375,0.9920620058985926,0.007937994101407319,1.1453747993842587,dann_matched,banglasarc3_binary+banglasarc_binary,banglasarc3_binary,42
bd8e1a4992f836d9,1,1,-0.984375,0.49609375,0.18535662781502407,0.8146433721849758,1.1453747993842587,dann_matched,banglasarc3_binary+banglasarc_binary,banglasarc3_binary,42
f54c8c8dd14b9ee4,1,0,0.984375,-1.1328125,0.8925625233915799,0.10743747660842011,1.1453747993842587,dann_matched,banglasarc3_binary+banglasarc_binary,banglasarc3_binary,42
93aa7ab3e702a390,1,1,-0.31445312,-0.060791016,0.4369223353818409,0.5630776646181591,1.1453747993842587,dann_matched,banglasarc3_binary+banglasarc_binary,banglasarc3_binary,42
5d4df30470964289,0,0,1.9296875,-2.015625,0.9810219632882344,0.01897803671176563,1.1453747993842587,dann_matched,banglasarc3_binary+banglasarc_binary,banglasarc3_binary,42
99413b6d85bd8b6a,1,1,-1.25,0.88671875,0.10557884359159042,0.8944211564084097,1.1453747993842587,dann_matched,banglasarc3_binary+banglasarc_binary,banglasarc3_binary,42
b6c18248921fce54,1,0,1.1328125,-1.359375,0.923592316649553,0.07640768335044701,1.1453747993842587,dann_matched,banglasarc3_binary+banglasarc_binary,banglasarc3_binary,42
1cabf2a505c66110,1,1,-0.72265625,0.28710938,0.2670257208309401,0.73297427916906,1.1453747993842587,dann_matched,banglasarc3_binary+banglasarc_binary,banglasarc3_binary,42
4e7d5694a62e5de3,1,1,-0.640625,0.12695312,0.3170032391635806,0.6829967608364195,1.1453747993842587,dann_matched,banglasarc3_binary+banglasarc_binary,banglasarc3_binary,42
27bff07ea2567aff,0,1,-0.72265625,0.36523438,0.25201569553082487,0.7479843044691752,1.1453747993842587,dann_matched,banglasarc3_binary+banglasarc_binary,banglasarc3_binary,42
3d2b2afef8a71422,0,0,1.96875,-1.375,0.9658995742876885,0.03410042571231151,1.1453747993842587,dann_matched,banglasarc3_binary+banglasarc_binary,banglasarc3_binary,42
a6b65f2d6607df8d,0,1,-0.5078125,0.08544922,0.3558868150253476,0.6441131849746524,1.1453747993842587,dann_matched,banglasarc3_binary+banglasarc_binary,banglasarc3_binary,42
f2ce21fd06e6c0a1,0,0,1.234375,-1.3671875,0.9309620718252101,0.06903792817479,1.1453747993842587,dann_matched,banglasarc3_binary+banglasarc_binary,banglasarc3_binary,42
8c321d6535475133,0,1,-1.03125,0.63671875,0.1586951851359601,0.8413048148640399,1.1453747993842587,dann_matched,banglasarc3_binary+banglasarc_binary,banglasarc3_binary,42
e4400f251525d858,0,0,1.21875,-1.421875,0.9334308110294983,0.06656918897050168,1.1453747993842587,dann_matched,banglasarc3_binary+banglasarc_binary,banglasarc3_binary,42
a2549aea9cf0feed,0,0,2.140625,-1.9765625,0.9839708526340988,0.016029147365901317,1.1453747993842587,dann_matched,banglasarc3_binary+banglasarc_binary,banglasarc3_binary,42
208728590d99f477,0,0,1.4609375,-1.5703125,0.9539660976007597,0.046033902399240385,1.1453747993842587,dann_matched,banglasarc3_binary+banglasarc_binary,banglasarc3_binary,42
d7aa541a5731f237,1,1,-1.1015625,0.75390625,0.13523208079351787,0.8647679192064821,1.1453747993842587,dann_matched,banglasarc3_binary+banglasarc_binary,banglasarc3_binary,42
72d9d0c152014fd4,1,1,-0.57421875,0.1328125,0.3302551569521561,0.6697448430478439,1.1453747993842587,dann_matched,banglasarc3_binary+banglasarc_binary,banglasarc3_binary,42
8dc4677cf180080c,0,0,1.0625,-1.2578125,0.9105453978311193,0.08945460216888064,1.1453747993842587,dann_matched,banglasarc3_binary+banglasarc_binary,banglasarc3_binary,42
326478b91e0a83b6,0,0,0.47070312,-0.828125,0.785637692336557,0.21436230766344294,1.1453747993842587,dann_matched,banglasarc3_binary+banglasarc_binary,banglasarc3_binary,42
38972718ea06dcda,0,0,2.03125,-1.9765625,0.982151261550011,0.017848738449988986,1.1453747993842587,dann_matched,banglasarc3_binary+banglasarc_binary,banglasarc3_binary,42
7bb95f4327f97619,0,0,0.734375,-0.984375,0.8479677583778257,0.15203224162217424,1.1453747993842587,dann_matched,banglasarc3_binary+banglasarc_binary,banglasarc3_binary,42
b5430ac62bc817b3,0,1,-0.84765625,0.46875,0.2114168212006529,0.7885831787993471,1.1453747993842587,dann_matched,banglasarc3_binary+banglasarc_binary,banglasarc3_binary,42
7745aafd0a592886,0,0,0.94140625,-1.1875,0.8936811302242426,0.10631886977575758,1.1453747993842587,dann_matched,banglasarc3_binary+banglasarc_binary,banglasarc3_binary,42
6327f9fa75cf0eb5,0,0,1.6875,-1.734375,0.9683812327313545,0.03161876726864548,1.1453747993842587,dann_matched,banglasarc3_binary+banglasarc_binary,banglasarc3_binary,42
50c0d6b40de5c934,1,0,0.25976562,-0.609375,0.7045668484781581,0.29543315152184185,1.1453747993842587,dann_matched,banglasarc3_binary+banglasarc_binary,banglasarc3_binary,42
fa23fb1cf1fa6ce1,0,1,-1.234375,0.8203125,0.11357959169117389,0.8864204083088262,1.1453747993842587,dann_matched,banglasarc3_binary+banglasarc_binary,banglasarc3_binary,42
5793d347d7491ffa,0,1,-0.28710938,-0.1484375,0.4653874797246402,0.5346125202753598,1.1453747993842587,dann_matched,banglasarc3_binary+banglasarc_binary,banglasarc3_binary,42
7a193a03efce7c95,0,0,0.47460938,-0.7265625,0.7687331879426154,0.23126681205738467,1.1453747993842587,dann_matched,banglasarc3_binary+banglasarc_binary,banglasarc3_binary,42
04f3d847a89bddc0,0,0,2.6875,-2.59375,0.9949396679680339,0.00506033203196621,1.1453747993842587,dann_matched,banglasarc3_binary+banglasarc_binary,banglasarc3_binary,42
79fe03d925dd23f2,1,1,-0.9375,0.40429688,0.20721471842401046,0.7927852815759895,1.1453747993842587,dann_matched,banglasarc3_binary+banglasarc_binary,banglasarc3_binary,42
56a90627c13f7482,0,1,-1.140625,0.6796875,0.13939637966532398,0.8606036203346761,1.1453747993842587,dann_matched,banglasarc3_binary+banglasarc_binary,banglasarc3_binary,42
34eae78ac0856b44,0,0,0.35546875,-0.6953125,0.740924892403682,0.259075107596318,1.1453747993842587,dann_matched,banglasarc3_binary+banglasarc_binary,banglasarc3_binary,42
e7de35f2d96d04ae,1,1,-1.2421875,0.81640625,0.11318690654016261,0.8868130934598374,1.1453747993842587,dann_matched,banglasarc3_binary+banglasarc_binary,banglasarc3_binary,42
7edb0fbf4e12f482,1,1,-0.84375,0.36132812,0.23057307839092478,0.7694269216090752,1.1453747993842587,dann_matched,banglasarc3_binary+banglasarc_binary,banglasarc3_binary,42
05b114079ca39ab2,0,0,1.2109375,-1.359375,0.9289263306198166,0.07107366938018356,1.1453747993842587,dann_matched,banglasarc3_binary+banglasarc_binary,banglasarc3_binary,42
012cf4a871450976,0,0,0.50390625,-0.7578125,0.7793218391224057,0.22067816087759426,1.1453747993842587,dann_matched,banglasarc3_binary+banglasarc_binary,banglasarc3_binary,42
974f03c115fc2171,1,0,-0.15136719,-0.21484375,0.5158638143448011,0.48413618565519884,1.1453747993842587,dann_matched,banglasarc3_binary+banglasarc_binary,banglasarc3_binary,42
7d320f16846e7bf9,1,0,0.5703125,-0.83203125,0.8025555428951934,0.19744445710480676,1.1453747993842587,dann_matched,banglasarc3_binary+banglasarc_binary,banglasarc3_binary,42
8fd01412b63f6b5f,1,0,-0.00680542,-0.30664062,0.574402230829155,0.4255977691708449,1.1453747993842587,dann_matched,banglasarc3_binary+banglasarc_binary,banglasarc3_binary,42
88e6fff6830ee411,0,1,-0.40625,0.16992188,0.3598139200382316,0.6401860799617684,1.1453747993842587,dann_matched,banglasarc3_binary+banglasarc_binary,banglasarc3_binary,42
018878abd62bc2c6,0,0,2.140625,-2.09375,0.9857180660748888,0.014281933925111153,1.1453747993842587,dann_matched,banglasarc3_binary+banglasarc_binary,banglasarc3_binary,42
f09b809925c88fc0,1,1,-1.1796875,0.7734375,0.1242130083520534,0.8757869916479466,1.1453747993842587,dann_matched,banglasarc3_binary+banglasarc_binary,banglasarc3_binary,42
bc8f433d14df5bbe,1,1,-1.1796875,0.8828125,0.11279540628289324,0.8872045937171068,1.1453747993842587,dann_matched,banglasarc3_binary+banglasarc_binary,banglasarc3_binary,42
c952b7bed5795739,0,0,0.98046875,-1.1484375,0.8936811302242426,0.10631886977575758,1.1453747993842587,dann_matched,banglasarc3_binary+banglasarc_binary,banglasarc3_binary,42
90c33f63e3080a0d,0,0,1.1015625,-1.296875,0.916708077443256,0.0832919225567441,1.1453747993842587,dann_matched,banglasarc3_binary+banglasarc_binary,banglasarc3_binary,42
1ef4973752ea4564,1,1,-1.015625,0.59765625,0.1661335534168026,0.8338664465831974,1.1453747993842587,dann_matched,banglasarc3_binary+banglasarc_binary,banglasarc3_binary,42
3f4477d5080cdfe1,0,0,1.7109375,-1.7421875,0.9693241982893259,0.030675801710674105,1.1453747993842587,dann_matched,banglasarc3_binary+banglasarc_binary,banglasarc3_binary,42
7a9c24d799805b22,0,0,0.171875,-0.54296875,0.6714705667356973,0.3285294332643027,1.1453747993842587,dann_matched,banglasarc3_binary+banglasarc_binary,banglasarc3_binary,42
a53750d111a874b9,0,0,1.34375,-1.609375,0.9504109770159683,0.04958902298403175,1.1453747993842587,dann_matched,banglasarc3_binary+banglasarc_binary,banglasarc3_binary,42
08221e16563f5ed2,1,1,-0.59765625,0.15820312,0.31954591499038565,0.6804540850096145,1.1453747993842587,dann_matched,banglasarc3_binary+banglasarc_binary,banglasarc3_binary,42
a911bbedbe9083b7,1,1,-0.765625,0.40429688,0.23686910602444727,0.7631308939755528,1.1453747993842587,dann_matched,banglasarc3_binary+banglasarc_binary,banglasarc3_binary,42
79af8e8606e24621,0,0,2.078125,-2.046875,0.9840936082881853,0.01590639171181471,1.1453747993842587,dann_matched,banglasarc3_binary+banglasarc_binary,banglasarc3_binary,42
725ab0037339d5f4,1,1,-0.66015625,0.21484375,0.29421497216298875,0.7057850278370112,1.1453747993842587,dann_matched,banglasarc3_binary+banglasarc_binary,banglasarc3_binary,42
888be69f29549db6,1,1,-0.52734375,0.12451172,0.3425715335802788,0.6574284664197213,1.1453747993842587,dann_matched,banglasarc3_binary+banglasarc_binary,banglasarc3_binary,42
74ead3cc3b9dcc3e,0,1,-0.63671875,0.19140625,0.30404167496654744,0.6959583250334526,1.1453747993842587,dann_matched,banglasarc3_binary+banglasarc_binary,banglasarc3_binary,42
70a0b9c4daba4b62,1,1,-0.99609375,0.59765625,0.16885695214168314,0.8311430478583168,1.1453747993842587,dann_matched,banglasarc3_binary+banglasarc_binary,banglasarc3_binary,42
772cd1347ab32158,0,0,1.3984375,-1.5078125,0.94815453335022,0.05184546664977983,1.1453747993842587,dann_matched,banglasarc3_binary+banglasarc_binary,banglasarc3_binary,42
825abf4f5714d44e,0,0,1.6953125,-1.7734375,0.9697854129326061,0.03021458706739398,1.1453747993842587,dann_matched,banglasarc3_binary+banglasarc_binary,banglasarc3_binary,42
f6d2b8f0fd5630a5,1,1,-0.79296875,0.42382812,0.22850063225115835,0.7714993677488416,1.1453747993842587,dann_matched,banglasarc3_binary+banglasarc_binary,banglasarc3_binary,42
070eb74aab3e9b16,0,0,2.125,-2.15625,0.9863631647185701,0.013636835281429876,1.1453747993842587,dann_matched,banglasarc3_binary+banglasarc_binary,banglasarc3_binary,42
ccdd5f5935aa5c08,0,0,1.1015625,-1.203125,0.909264512360149,0.09073548763985106,1.1453747993842587,dann_matched,banglasarc3_binary+banglasarc_binary,banglasarc3_binary,42
ff8b8a0023de988a,1,0,-0.079589844,-0.234375,0.5386192151395701,0.46138078486042994,1.1453747993842587,dann_matched,banglasarc3_binary+banglasarc_binary,banglasarc3_binary,42
955c6c4b3c56526f,0,1,-0.60546875,0.25195312,0.29787827113642107,0.7021217288635788,1.1453747993842587,dann_matched,banglasarc3_binary+banglasarc_binary,banglasarc3_binary,42
3c7f74408087c581,0,0,0.890625,-1.15625,0.8856314738181876,0.1143685261818125,1.1453747993842587,dann_matched,banglasarc3_binary+banglasarc_binary,banglasarc3_binary,42
3fd3335f6927bc03,1,1,-0.71875,0.43359375,0.24006124795898495,0.7599387520410151,1.1453747993842587,dann_matched,banglasarc3_binary+banglasarc_binary,banglasarc3_binary,42
6b4cf7b079c5b900,0,1,-0.26367188,-0.1015625,0.45956117665402246,0.5404388233459775,1.1453747993842587,dann_matched,banglasarc3_binary+banglasarc_binary,banglasarc3_binary,42
a396d6fc294ae956,0,0,1.796875,-1.8671875,0.9750122054090997,0.024987794590900315,1.1453747993842587,dann_matched,banglasarc3_binary+banglasarc_binary,banglasarc3_binary,42
acd192278c3d2499,0,0,0.01184082,-0.40039062,0.6016228166850596,0.39837718331494043,1.1453747993842587,dann_matched,banglasarc3_binary+banglasarc_binary,banglasarc3_binary,42
13e6f0fb32b886df,1,1,-1.1796875,0.7421875,0.12765262532179067,0.8723473746782093,1.1453747993842587,dann_matched,banglasarc3_binary+banglasarc_binary,banglasarc3_binary,42
5139d41ec223ee1d,1,0,0.72265625,-1.046875,0.8543993677396563,0.14560063226034367,1.1453747993842587,dann_matched,banglasarc3_binary+banglasarc_binary,banglasarc3_binary,42
db25536a5ca06207,1,1,-0.73046875,0.33789062,0.2557152108660971,0.744284789133903,1.1453747993842587,dann_matched,banglasarc3_binary+banglasarc_binary,banglasarc3_binary,42
9cf7c23f5c83e3c1,1,1,-1.1953125,0.6953125,0.13117322376181567,0.8688267762381844,1.1453747993842587,dann_matched,banglasarc3_binary+banglasarc_binary,banglasarc3_binary,42
dece6cbb7ae48b4c,0,1,-1.234375,0.87890625,0.1078126399606749,0.8921873600393251,1.1453747993842587,dann_matched,banglasarc3_binary+banglasarc_binary,banglasarc3_binary,42
cc32b357f5c62cf0,1,0,0.70703125,-1.0703125,0.8553685628570248,0.14463143714297527,1.1453747993842587,dann_matched,banglasarc3_binary+banglasarc_binary,banglasarc3_binary,42
a82a7beb318bc95f,0,0,0.75,-1.0078125,0.8529354795409523,0.14706452045904778,1.1453747993842587,dann_matched,banglasarc3_binary+banglasarc_binary,banglasarc3_binary,42
4269510b20e3a78d,0,1,-0.22460938,-0.12451172,0.4749964594515605,0.5250035405484395,1.1453747993842587,dann_matched,banglasarc3_binary+banglasarc_binary,banglasarc3_binary,42
af7a5887ba75ec02,1,0,0.06298828,-0.2734375,0.583322042053565,0.4166779579464351,1.1453747993842587,dann_matched,banglasarc3_binary+banglasarc_binary,banglasarc3_binary,42
ff7092e064f5e7f0,0,0,0.80859375,-0.9765625,0.8563323913156724,0.14366760868432768,1.1453747993842587,dann_matched,banglasarc3_binary+banglasarc_binary,banglasarc3_binary,42
bd75e40f2d1c3973,1,1,-1.109375,0.74609375,0.13523208079351787,0.8647679192064821,1.1453747993842587,dann_matched,banglasarc3_binary+banglasarc_binary,banglasarc3_binary,42
55361b7e5b2475c1,1,1,-1.25,0.88671875,0.10557884359159042,0.8944211564084097,1.1453747993842587,dann_matched,banglasarc3_binary+banglasarc_binary,banglasarc3_binary,42
f478ea328fe5ce48,1,1,-0.26757812,-0.0703125,0.45084289763125884,0.5491571023687412,1.1453747993842587,dann_matched,banglasarc3_binary+banglasarc_binary,banglasarc3_binary,42
5a05491d31008062,0,0,0.31835938,-0.71484375,0.7375364170002107,0.26246358299978934,1.1453747993842587,dann_matched,banglasarc3_binary+banglasarc_binary,banglasarc3_binary,42
ae0fcdf8d0676f03,0,0,1.6015625,-1.6484375,0.9626731126558706,0.037326887344129464,1.1453747993842587,dann_matched,banglasarc3_binary+banglasarc_binary,banglasarc3_binary,42
1473977d7b8985e5,0,0,1.140625,-1.28125,0.9184802440252811,0.08151975597471893,1.1453747993842587,dann_matched,banglasarc3_binary+banglasarc_binary,banglasarc3_binary,42
880392a54d0ebe3e,0,0,1.625,-1.765625,0.9674102552339746,0.032589744766025344,1.1453747993842587,dann_matched,banglasarc3_binary+banglasarc_binary,banglasarc3_binary,42
a8d6ffd7233218d9,0,0,0.056152344,-0.34375,0.5986641969228936,0.40133580307710637,1.1453747993842587,dann_matched,banglasarc3_binary+banglasarc_binary,banglasarc3_binary,42
532a79af0df6317b,1,1,-1.2734375,0.81640625,0.11008788101422484,0.8899121189857752,1.1453747993842587,dann_matched,banglasarc3_binary+banglasarc_binary,banglasarc3_binary,42
e67ce7d008308e4f,1,0,0.17285156,-0.25976562,0.6064984551609598,0.39350154483904015,1.1453747993842587,dann_matched,banglasarc3_binary+banglasarc_binary,banglasarc3_binary,42
d7578006b9f26c23,1,1,-1.046875,0.59765625,0.16184943726558834,0.8381505627344117,1.1453747993842587,dann_matched,banglasarc3_binary+banglasarc_binary,banglasarc3_binary,42
714a136f278f7f6d,1,1,-0.28710938,-0.079589844,0.4483055000336987,0.5516944999663014,1.1453747993842587,dann_matched,banglasarc3_binary+banglasarc_binary,banglasarc3_binary,42
cb7574a7cdfb2600,0,1,-1.1328125,0.6796875,0.14033624949008322,0.8596637505099167,1.1453747993842587,dann_matched,banglasarc3_binary+banglasarc_binary,banglasarc3_binary,42
539200a378d20681,0,1,-1.0703125,0.60546875,0.1576549093940152,0.8423450906059847,1.1453747993842587,dann_matched,banglasarc3_binary+banglasarc_binary,banglasarc3_binary,42
9d4e9c774780337b,1,0,1.140625,-1.3515625,0.923592316649553,0.07640768335044701,1.1453747993842587,dann_matched,banglasarc3_binary+banglasarc_binary,banglasarc3_binary,42
d19183e0c68495fe,0,0,-0.12158203,-0.21484375,0.5232985450618178,0.4767014549381822,1.1453747993842587,dann_matched,banglasarc3_binary+banglasarc_binary,banglasarc3_binary,42
e727d555b9906254,0,0,0.068847656,-0.48242188,0.6344300817759263,0.36556991822407364,1.1453747993842587,dann_matched,banglasarc3_binary+banglasarc_binary,banglasarc3_binary,42
560326443dd5a61f,1,1,-1.171875,0.65625,0.13846179056896438,0.8615382094310357,1.1453747993842587,dann_matched,banglasarc3_binary+banglasarc_binary,banglasarc3_binary,42
3a356b90dc52db7a,0,0,0.18261719,-0.5546875,0.676406184653912,0.32359381534608794,1.1453747993842587,dann_matched,banglasarc3_binary+banglasarc_binary,banglasarc3_binary,42
10315d34cdace8c1,0,1,-0.671875,0.19140625,0.29665425467899115,0.7033457453210089,1.1453747993842587,dann_matched,banglasarc3_binary+banglasarc_binary,banglasarc3_binary,42
5b040037fd3ecdae,1,1,-1.046875,0.70703125,0.1475551828016634,0.8524448171983366,1.1453747993842587,dann_matched,banglasarc3_binary+banglasarc_binary,banglasarc3_binary,42
586f5d207285bf27,0,0,0.4453125,-0.66796875,0.7527403316567737,0.2472596683432263,1.1453747993842587,dann_matched,banglasarc3_binary+banglasarc_binary,banglasarc3_binary,42
11319ec3cf94ef20,0,0,1.953125,-2.0,0.9811668701095654,0.018833129890434692,1.1453747993842587,dann_matched,banglasarc3_binary+banglasarc_binary,banglasarc3_binary,42
69fbdf73ddc7be78,1,1,-0.734375,0.36328125,0.25017930009106876,0.7498206999089312,1.1453747993842587,dann_matched,banglasarc3_binary+banglasarc_binary,banglasarc3_binary,42
757ab3d1fca46e3c,1,1,-0.51953125,0.1796875,0.33198546376791266,0.6680145362320873,1.1453747993842587,dann_matched,banglasarc3_binary+banglasarc_binary,banglasarc3_binary,42
a39c5cc8dcf7f753,0,0,1.765625,-1.7734375,0.9717790128704671,0.02822098712953305,1.1453747993842587,dann_matched,banglasarc3_binary+banglasarc_binary,banglasarc3_binary,42
ba0d8b695ca6ef05,0,1,-0.30078125,-0.10644531,0.45156834410495716,0.5484316558950428,1.1453747993842587,dann_matched,banglasarc3_binary+banglasarc_binary,banglasarc3_binary,42
7e976976fd12e611,0,0,0.64453125,-1.0,0.8381505627344117,0.16184943726558834,1.1453747993842587,dann_matched,banglasarc3_binary+banglasarc_binary,banglasarc3_binary,42
177bf85b5ddcbb0b,1,0,0.053466797,-0.38867188,0.6087685152875252,0.39123148471247476,1.1453747993842587,dann_matched,banglasarc3_binary+banglasarc_binary,banglasarc3_binary,42
6d78d071878ac3d1,1,1,-0.9765625,0.55859375,0.17724051706725022,0.8227594829327498,1.1453747993842587,dann_matched,banglasarc3_binary+banglasarc_binary,banglasarc3_binary,42
c85c38b6528754b8,1,1,-1.203125,0.75390625,0.12378869371586462,0.8762113062841353,1.1453747993842587,dann_matched,banglasarc3_binary+banglasarc_binary,banglasarc3_binary,42
90dbb76ac473a400,1,1,-0.99609375,0.5546875,0.17497346003387607,0.825026539966124,1.1453747993842587,dann_matched,banglasarc3_binary+banglasarc_binary,banglasarc3_binary,42
63c48593140100b8,0,0,1.515625,-1.6875,0.9609517072737735,0.03904829272622638,1.1453747993842587,dann_matched,banglasarc3_binary+banglasarc_binary,banglasarc3_binary,42
aff3807e81a949e8,0,0,2.15625,-2.078125,0.9857180660748888,0.014281933925111153,1.1453747993842587,dann_matched,banglasarc3_binary+banglasarc_binary,banglasarc3_binary,42
2a1a90955017061c,1,1,-0.83984375,0.4609375,0.2140335632231953,0.7859664367768047,1.1453747993842587,dann_matched,banglasarc3_binary+banglasarc_binary,banglasarc3_binary,42
8ba3ce83e1b38636,0,0,1.734375,-1.8515625,0.9730365001376665,0.02696349986233355,1.1453747993842587,dann_matched,banglasarc3_binary+banglasarc_binary,banglasarc3_binary,42
b6a150e585a90815,1,0,0.859375,-1.03125,0.8688267762381844,0.13117322376181567,1.1453747993842587,dann_matched,banglasarc3_binary+banglasarc_binary,banglasarc3_binary,42
e7f847b226aac07c,0,0,0.7890625,-1.1015625,0.8688267762381844,0.13117322376181567,1.1453747993842587,dann_matched,banglasarc3_binary+banglasarc_binary,banglasarc3_binary,42
dddd46a1f7d0d0f0,1,1,-1.3203125,0.98828125,0.09041372682383805,0.9095862731761619,1.1453747993842587,dann_matched,banglasarc3_binary+banglasarc_binary,banglasarc3_binary,42
1bffdb75712cd569,0,0,-0.07763672,-0.31640625,0.5594103973432022,0.4405896026567978,1.1453747993842587,dann_matched,banglasarc3_binary+banglasarc_binary,banglasarc3_binary,42
2ab62d60d1d4472e,1,1,-0.31445312,-0.11230469,0.44963428593373633,0.5503657140662637,1.1453747993842587,dann_matched,banglasarc3_binary+banglasarc_binary,banglasarc3_binary,42
8fc93f04e6590154,1,0,-0.014160156,-0.359375,0.585456712052499,0.414543287947501,1.1453747993842587,dann_matched,banglasarc3_binary+banglasarc_binary,banglasarc3_binary,42
86de20b950da2d3c,0,1,-1.03125,0.6015625,0.1634454411084719,0.8365545588915281,1.1453747993842587,dann_matched,banglasarc3_binary+banglasarc_binary,banglasarc3_binary,42
5621eac1c37b8431,0,0,0.14648438,-0.44140625,0.6428810108924662,0.35711898910753376,1.1453747993842587,dann_matched,banglasarc3_binary+banglasarc_binary,banglasarc3_binary,42
837aaea86232ce70,1,0,1.15625,-1.21875,0.9149009549929797,0.08509904500702024,1.1453747993842587,dann_matched,banglasarc3_binary+banglasarc_binary,banglasarc3_binary,42
f99f7e89824b6612,0,0,1.984375,-1.890625,0.9796676466573412,0.020332353342658753,1.1453747993842587,dann_matched,banglasarc3_binary+banglasarc_binary,banglasarc3_binary,42
f398263b812de4fc,0,0,1.171875,-1.40625,0.9294404038127071,0.07055959618729296,1.1453747993842587,dann_matched,banglasarc3_binary+banglasarc_binary,banglasarc3_binary,42
f933964e1386abbc,1,1,-0.39257812,-0.03930664,0.412589320090716,0.587410679909284,1.1453747993842587,dann_matched,banglasarc3_binary+banglasarc_binary,banglasarc3_binary,42
29429b72289fcd40,0,1,-0.96484375,0.51171875,0.1859471949014217,0.8140528050985784,1.1453747993842587,dann_matched,banglasarc3_binary+banglasarc_binary,banglasarc3_binary,42
065cb8d51b12f79a,0,1,-0.640625,0.19140625,0.3032157444273775,0.6967842555726225,1.1453747993842587,dann_matched,banglasarc3_binary+banglasarc_binary,banglasarc3_binary,42
238ed849caf48da2,0,0,0.81640625,-1.078125,0.8692713180565296,0.13072868194347032,1.1453747993842587,dann_matched,banglasarc3_binary+banglasarc_binary,banglasarc3_binary,42
e6879d34059ffd78,1,1,-0.95703125,0.625,0.17050799982688053,0.8294920001731195,1.1453747993842587,dann_matched,banglasarc3_binary+banglasarc_binary,banglasarc3_binary,42
e1920815e63fd77c,1,1,-1.25,0.8046875,0.11357959169117389,0.8864204083088262,1.1453747993842587,dann_matched,banglasarc3_binary+banglasarc_binary,banglasarc3_binary,42
9d6102939ae27963,1,1,-0.7109375,0.35742188,0.2557152108660971,0.744284789133903,1.1453747993842587,dann_matched,banglasarc3_binary+banglasarc_binary,banglasarc3_binary,42
7cf8d62bc548f981,1,1,-0.8828125,0.43359375,0.2114168212006529,0.7885831787993471,1.1453747993842587,dann_matched,banglasarc3_binary+banglasarc_binary,banglasarc3_binary,42
3dedb7824bbf60be,0,1,-0.46484375,0.06542969,0.3704531153352058,0.6295468846647942,1.1453747993842587,dann_matched,banglasarc3_binary+banglasarc_binary,banglasarc3_binary,42
7168d49fd7747b74,0,0,1.671875,-1.859375,0.9715639669551474,0.02843603304485266,1.1453747993842587,dann_matched,banglasarc3_binary+banglasarc_binary,banglasarc3_binary,42
85cf586fc25418e3,0,1,-0.78515625,0.34960938,0.24328269433676913,0.7567173056632309,1.1453747993842587,dann_matched,banglasarc3_binary+banglasarc_binary,banglasarc3_binary,42
b4853c23f7a9f71d,0,0,0.203125,-0.58984375,0.6884684230494847,0.3115315769505153,1.1453747993842587,dann_matched,banglasarc3_binary+banglasarc_binary,banglasarc3_binary,42
b577521aba23e9a6,1,0,0.08691406,-0.40234375,0.6199315763558614,0.38006842364413856,1.1453747993842587,dann_matched,banglasarc3_binary+banglasarc_binary,banglasarc3_binary,42
43913a364404a6b7,1,0,0.24121094,-0.52734375,0.6832081607219911,0.316791839278009,1.1453747993842587,dann_matched,banglasarc3_binary+banglasarc_binary,banglasarc3_binary,42
98595080b20ded8e,0,1,-0.29101562,-0.03540039,0.4364418845531071,0.5635581154468929,1.1453747993842587,dann_matched,banglasarc3_binary+banglasarc_binary,banglasarc3_binary,42
e8908d5a70ac67f7,0,0,0.80859375,-1.109375,0.8719117516553389,0.1280882483446611,1.1453747993842587,dann_matched,banglasarc3_binary+banglasarc_binary,banglasarc3_binary,42
a92f9901130b2155,0,0,0.16894531,-0.484375,0.657758296956317,0.34224170304368307,1.1453747993842587,dann_matched,banglasarc3_binary+banglasarc_binary,banglasarc3_binary,42
7d6de967d264bd85,0,0,-0.0049743652,-0.38671875,0.5942937583395137,0.40570624166048624,1.1453747993842587,dann_matched,banglasarc3_binary+banglasarc_binary,banglasarc3_binary,42
9837a43eab10dddf,1,1,-1.3359375,0.9296875,0.09401017961657226,0.9059898203834277,1.1453747993842587,dann_matched,banglasarc3_binary+banglasarc_binary,banglasarc3_binary,42
65319c5414a8306a,0,1,-0.21289062,-0.19921875,0.49658208448961205,0.5034179155103881,1.1453747993842587,dann_matched,banglasarc3_binary+banglasarc_binary,banglasarc3_binary,42
fade48daf673b1f8,0,0,1.75,-1.84375,0.9732407168145568,0.026759283185443145,1.1453747993842587,dann_matched,banglasarc3_binary+banglasarc_binary,banglasarc3_binary,42
866873fff24113c0,1,1,-1.0390625,0.59765625,0.16291203745291188,0.8370879625470882,1.1453747993842587,dann_matched,banglasarc3_binary+banglasarc_binary,banglasarc3_binary,42
e3cc36cc8d198224,0,1,-1.09375,0.6875,0.14414885303274058,0.8558511469672594,1.1453747993842587,dann_matched,banglasarc3_binary+banglasarc_binary,banglasarc3_binary,42
89c21dd6d937eaff,1,0,0.095214844,-0.3046875,0.5986641969228936,0.40133580307710637,1.1453747993842587,dann_matched,banglasarc3_binary+banglasarc_binary,banglasarc3_binary,42
4b6f29550988601b,0,0,2.40625,-2.34375,0.991422514586288,0.008577485413711986,1.1453747993842587,dann_matched,banglasarc3_binary+banglasarc_binary,banglasarc3_binary,42
d975dd69c2f72afd,1,1,-0.92578125,0.5234375,0.19012183026908458,0.8098781697309154,1.1453747993842587,dann_matched,banglasarc3_binary+banglasarc_binary,banglasarc3_binary,42
877fb7d4cf62f178,1,1,-1.1328125,0.7734375,0.12940273159163906,0.870597268408361,1.1453747993842587,dann_matched,banglasarc3_binary+banglasarc_binary,banglasarc3_binary,42
8e7741f5f6607b4c,1,1,-1.4140625,1.0859375,0.07585818002124356,0.9241418199787566,1.1453747993842587,dann_matched,banglasarc3_binary+banglasarc_binary,banglasarc3_binary,42
0892c4bec7f40ca2,1,1,-1.234375,0.8125,0.1143685261818125,0.8856314738181876,1.1453747993842587,dann_matched,banglasarc3_binary+banglasarc_binary,banglasarc3_binary,42
a2b22017bfba6565,1,1,-0.89453125,0.59765625,0.18359362263419612,0.8164063773658039,1.1453747993842587,dann_matched,banglasarc3_binary+banglasarc_binary,banglasarc3_binary,42
f5daae7220a90010,0,0,0.96484375,-1.1875,0.8958875884420037,0.10411241155799623,1.1453747993842587,dann_matched,banglasarc3_binary+banglasarc_binary,banglasarc3_binary,42
0f083853e0116694,1,1,-0.71875,0.3671875,0.2523840452764101,0.74761595472359,1.1453747993842587,dann_matched,banglasarc3_binary+banglasarc_binary,banglasarc3_binary,42
40768fb2acdaf890,0,0,0.07861328,-0.41015625,0.6198165225419471,0.38018347745805287,1.1453747993842587,dann_matched,banglasarc3_binary+banglasarc_binary,banglasarc3_binary,42
d61c45eabc68eb9b,0,1,-0.44726562,0.05029297,0.37811457962865236,0.6218854203713478,1.1453747993842587,dann_matched,banglasarc3_binary+banglasarc_binary,banglasarc3_binary,42
f8966d9f2ebf8a15,1,1,-0.87109375,0.53515625,0.1968262036430985,0.8031737963569016,1.1453747993842587,dann_matched,banglasarc3_binary+banglasarc_binary,banglasarc3_binary,42
3a91532d913e2c4b,0,0,2.15625,-2.203125,0.9873750507184357,0.012624949281564409,1.1453747993842587,dann_matched,banglasarc3_binary+banglasarc_binary,banglasarc3_binary,42
701ed1e21508a181,0,0,0.79296875,-1.0859375,0.8674854455595564,0.13251455444044344,1.1453747993842587,dann_matched,banglasarc3_binary+banglasarc_binary,banglasarc3_binary,42
b4b9460c57fb2ff8,1,1,-0.97265625,0.55078125,0.1789558876900955,0.8210441123099046,1.1453747993842587,dann_matched,banglasarc3_binary+banglasarc_binary,banglasarc3_binary,42
f6ef35c40454d8a9,1,1,-1.0703125,0.6328125,0.15405756269148546,0.8459424373085146,1.1453747993842587,dann_matched,banglasarc3_binary+banglasarc_binary,banglasarc3_binary,42
c749254818a2beb4,1,1,-0.53125,0.18945312,0.3272381688088603,0.6727618311911396,1.1453747993842587,dann_matched,banglasarc3_binary+banglasarc_binary,banglasarc3_binary,42
a8d95df3867755d7,1,0,-0.1328125,-0.14453125,0.5029296539728477,0.4970703460271523,1.1453747993842587,dann_matched,banglasarc3_binary+banglasarc_binary,banglasarc3_binary,42
fb125052de8613ad,1,1,-0.93359375,0.55078125,0.184767510648,0.8152324893520001,1.1453747993842587,dann_matched,banglasarc3_binary+banglasarc_binary,banglasarc3_binary,42
09a2cced4bee49f7,1,1,-0.90234375,0.4765625,0.20118471823927994,0.79881528176072,1.1453747993842587,dann_matched,banglasarc3_binary+banglasarc_binary,banglasarc3_binary,42
8a83d3da7699811c,0,0,0.734375,-0.94140625,0.8423450906059847,0.1576549093940152,1.1453747993842587,dann_matched,banglasarc3_binary+banglasarc_binary,banglasarc3_binary,42
3964424aa0d49a56,0,1,-0.37304688,-0.10498047,0.4333818509235549,0.5666181490764451,1.1453747993842587,dann_matched,banglasarc3_binary+banglasarc_binary,banglasarc3_binary,42
0fa27d4578133779,1,0,1.21875,-1.3828125,0.9309620718252101,0.06903792817479,1.1453747993842587,dann_matched,banglasarc3_binary+banglasarc_binary,banglasarc3_binary,42
2a782f9195e8bf56,0,0,0.008544922,-0.34570312,0.587647338764037,0.4123526612359631,1.1453747993842587,dann_matched,banglasarc3_binary+banglasarc_binary,banglasarc3_binary,42
ce572474de1b6dd4,1,0,0.26367188,-0.38476562,0.6566582705381819,0.3433417294618182,1.1453747993842587,dann_matched,banglasarc3_binary+banglasarc_binary,banglasarc3_binary,42
2b921d548ea4c4df,1,1,-1.0625,0.703125,0.14608724704829565,0.8539127529517043,1.1453747993842587,dann_matched,banglasarc3_binary+banglasarc_binary,banglasarc3_binary,42
8a3dac5169c757dc,1,1,-0.9921875,0.55859375,0.17497346003387607,0.825026539966124,1.1453747993842587,dann_matched,banglasarc3_binary+banglasarc_binary,banglasarc3_binary,42
1dc83e50f7da3618,0,0,0.34375,-0.625,0.7248702761768248,0.2751297238231752,1.1453747993842587,dann_matched,banglasarc3_binary+banglasarc_binary,banglasarc3_binary,42
43e4c5caf8ccf8d9,1,1,-0.29296875,-0.08544922,0.4483055000336987,0.5516944999663014,1.1453747993842587,dann_matched,banglasarc3_binary+banglasarc_binary,banglasarc3_binary,42
c768491a2e849a34,1,1,-0.59375,0.23046875,0.3048688709099544,0.6951311290900456,1.1453747993842587,dann_matched,banglasarc3_binary+banglasarc_binary,banglasarc3_binary,42
d9b9d06a13c83be0,0,0,1.5546875,-1.640625,0.9606574967357419,0.03934250326425821,1.1453747993842587,dann_matched,banglasarc3_binary+banglasarc_binary,banglasarc3_binary,42
6bac0560c62a5092,1,1,-0.7734375,0.43164062,0.23057307839092478,0.7694269216090752,1.1453747993842587,dann_matched,banglasarc3_binary+banglasarc_binary,banglasarc3_binary,42
77eefbc8cad52155,0,0,0.48046875,-0.875,0.7950222638482464,0.20497773615175374,1.1453747993842587,dann_matched,banglasarc3_binary+banglasarc_binary,banglasarc3_binary,42
61341c4de44d2405,1,0,-0.0126953125,-0.40234375,0.5961980649181368,0.4038019350818632,1.1453747993842587,dann_matched,banglasarc3_binary+banglasarc_binary,banglasarc3_binary,42
cd6e8a914163a6ff,0,1,-0.6015625,0.15820312,0.31869715372290114,0.6813028462770989,1.1453747993842587,dann_matched,banglasarc3_binary+banglasarc_binary,banglasarc3_binary,42
81087120efb6f7bd,0,0,0.75390625,-0.953125,0.8464508271169839,0.15354917288301603,1.1453747993842587,dann_matched,banglasarc3_binary+banglasarc_binary,banglasarc3_binary,42
467d95865670a7c7,0,0,-0.09423828,-0.1875,0.5232985450618178,0.4767014549381822,1.1453747993842587,dann_matched,banglasarc3_binary+banglasarc_binary,banglasarc3_binary,42
a061508d9f7523b5,1,0,2.203125,-2.15625,0.9873750507184357,0.012624949281564409,1.1453747993842587,dann_matched,banglasarc3_binary+banglasarc_binary,banglasarc3_binary,42
cf0096f6a70cc1c1,1,1,-1.1953125,0.7734375,0.12252321251815919,0.8774767874818407,1.1453747993842587,dann_matched,banglasarc3_binary+banglasarc_binary,banglasarc3_binary,42
2038f5084e716133,0,1,-0.81640625,0.51171875,0.20946968133032526,0.7905303186696747,1.1453747993842587,dann_matched,banglasarc3_binary+banglasarc_binary,banglasarc3_binary,42
40e021231f9b1641,0,0,1.6484375,-1.7421875,0.9674102552339746,0.032589744766025344,1.1453747993842587,dann_matched,banglasarc3_binary+banglasarc_binary,banglasarc3_binary,42
2416d3cb16cd9c24,1,1,-0.984375,0.5546875,0.17667160102063317,0.8233283989793668,1.1453747993842587,dann_matched,banglasarc3_binary+banglasarc_binary,banglasarc3_binary,42
c8d7de7cf70fcf2b,0,1,-0.8671875,0.38671875,0.2220246807679208,0.7779753192320792,1.1453747993842587,dann_matched,banglasarc3_binary+banglasarc_binary,banglasarc3_binary,42
f6314ebda0e9b467,1,0,0.34960938,-0.703125,0.7412996284427215,0.25870037155727854,1.1453747993842587,dann_matched,banglasarc3_binary+banglasarc_binary,banglasarc3_binary,42
6062c09c444e211f,1,0,0.20507812,-0.55859375,0.6821504061872917,0.3178495938127082,1.1453747993842587,dann_matched,banglasarc3_binary+banglasarc_binary,banglasarc3_binary,42
4adaf7a44c6d430f,1,0,1.4296875,-1.4375,0.946200356539936,0.053799643460063995,1.1453747993842587,dann_matched,banglasarc3_binary+banglasarc_binary,banglasarc3_binary,42
a5bb573405980a25,1,1,-0.22851562,-0.13085938,0.4756053215677601,0.5243946784322399,1.1453747993842587,dann_matched,banglasarc3_binary+banglasarc_binary,banglasarc3_binary,42
44fc54763842d3f4,1,1,-1.0390625,0.640625,0.1571368534705856,0.8428631465294143,1.1453747993842587,dann_matched,banglasarc3_binary+banglasarc_binary,banglasarc3_binary,42
64ad5df98a085346,0,1,-0.45703125,0.061523438,0.3731902581478581,0.6268097418521419,1.1453747993842587,dann_matched,banglasarc3_binary+banglasarc_binary,banglasarc3_binary,42
d3b2db834378679a,0,0,0.39648438,-0.7265625,0.7545534430129951,0.24544655698700496,1.1453747993842587,dann_matched,banglasarc3_binary+banglasarc_binary,banglasarc3_binary,42
411964e4c9aadb31,0,1,-1.09375,0.67578125,0.14560063226034367,0.8543993677396563,1.1453747993842587,dann_matched,banglasarc3_binary+banglasarc_binary,banglasarc3_binary,42
9d3774289ff1c6b7,1,0,-0.125,-0.25585938,0.532668238993261,0.467331761006739,1.1453747993842587,dann_matched,banglasarc3_binary+banglasarc_binary,banglasarc3_binary,42
7799f6cae337598c,0,0,1.5703125,-1.640625,0.9612438064128053,0.03875619358719477,1.1453747993842587,dann_matched,banglasarc3_binary+banglasarc_binary,banglasarc3_binary,42
211c6d38bfbe7b02,0,1,-0.69921875,0.27148438,0.27474037666903506,0.725259623330965,1.1453747993842587,dann_matched,banglasarc3_binary+banglasarc_binary,banglasarc3_binary,42
3cff9f15c3baf42c,1,0,0.046142578,-0.42773438,0.6163009677493017,0.3836990322506984,1.1453747993842587,dann_matched,banglasarc3_binary+banglasarc_binary,banglasarc3_binary,42
9c18cf645a2b92f4,1,1,-1.8125,2.109375,0.0194193481824486,0.9805806518175514,1.1453747993842587,dann_matched,banglasarc3_binary+banglasarc_binary,banglasarc3_binary,42
0b45893ebd275e93,0,0,1.140625,-1.3515625,0.923592316649553,0.07640768335044701,1.1453747993842587,dann_matched,banglasarc3_binary+banglasarc_binary,banglasarc3_binary,42
e5026d6cb3802c30,1,1,-0.47460938,0.08691406,0.363195039005093,0.6368049609949069,1.1453747993842587,dann_matched,banglasarc3_binary+banglasarc_binary,banglasarc3_binary,42
6aaf9704fc1bdef0,0,1,-0.71875,0.28515625,0.2681740995451041,0.7318259004548959,1.1453747993842587,dann_matched,banglasarc3_binary+banglasarc_binary,banglasarc3_binary,42
81a1f43037e1cac1,1,1,-0.7890625,0.40234375,0.23300752342477682,0.7669924765752232,1.1453747993842587,dann_matched,banglasarc3_binary+banglasarc_binary,banglasarc3_binary,42
7fb0bd6317330d4d,1,0,-0.13964844,-0.21289062,0.5183023658113205,0.4816976341886794,1.1453747993842587,dann_matched,banglasarc3_binary+banglasarc_binary,banglasarc3_binary,42
02520a874eae112e,1,1,-0.9453125,0.53125,0.1859471949014217,0.8140528050985784,1.1453747993842587,dann_matched,banglasarc3_binary+banglasarc_binary,banglasarc3_binary,42
a5ce9ddbfc286430,0,0,0.8671875,-1.078125,0.8749346174830964,0.12506538251690355,1.1453747993842587,dann_matched,banglasarc3_binary+banglasarc_binary,banglasarc3_binary,42
f0dad52b23c7b1b2,0,0,1.125,-1.25,0.9149009549929797,0.08509904500702024,1.1453747993842587,dann_matched,banglasarc3_binary+banglasarc_binary,banglasarc3_binary,42
552cb5e4af89f7b4,1,1,-0.9453125,0.4453125,0.19930799790404563,0.8006920020959544,1.1453747993842587,dann_matched,banglasarc3_binary+banglasarc_binary,banglasarc3_binary,42
5943a521e3945c92,0,0,0.20605469,-0.484375,0.6660625060581008,0.33393749394189914,1.1453747993842587,dann_matched,banglasarc3_binary+banglasarc_binary,banglasarc3_binary,42
ae9b18fb7ff57a4e,1,1,-0.18261719,-0.18164062,0.49975585939440254,0.5002441406055974,1.1453747993842587,dann_matched,banglasarc3_binary+banglasarc_binary,banglasarc3_binary,42
ff80e0cbcd7c1782,0,0,1.890625,-1.734375,0.9740426428022031,0.02595735719779685,1.1453747993842587,dann_matched,banglasarc3_binary+banglasarc_binary,banglasarc3_binary,42
f1314c540d6527e9,0,0,1.8125,-1.8359375,0.9746286885255978,0.02537131147440214,1.1453747993842587,dann_matched,banglasarc3_binary+banglasarc_binary,banglasarc3_binary,42
fac42c7ed54d77d8,0,1,-0.7421875,0.32421875,0.2560871165930079,0.743912883406992,1.1453747993842587,dann_matched,banglasarc3_binary+banglasarc_binary,banglasarc3_binary,42
8658527a6a2a33bf,0,0,1.515625,-1.6328125,0.9588471107825551,0.04115288921744485,1.1453747993842587,dann_matched,banglasarc3_binary+banglasarc_binary,banglasarc3_binary,42
67575dc5c930b3d1,0,0,0.51171875,-0.83203125,0.7931059511841119,0.2068940488158881,1.1453747993842587,dann_matched,banglasarc3_binary+banglasarc_binary,banglasarc3_binary,42
ad380f5058befbd4,1,1,-0.91015625,0.55859375,0.1871326821624266,0.8128673178375735,1.1453747993842587,dann_matched,banglasarc3_binary+banglasarc_binary,banglasarc3_binary,42
392a0ef4d44c3c73,1,1,-0.63671875,0.17578125,0.30735801686526387,0.6926419831347361,1.1453747993842587,dann_matched,banglasarc3_binary+banglasarc_binary,banglasarc3_binary,42
d6bafb1cda6b4f80,1,1,-1.28125,0.92578125,0.09912085510042459,0.9008791448995754,1.1453747993842587,dann_matched,banglasarc3_binary+banglasarc_binary,banglasarc3_binary,42
809d83f7454be9cd,1,1,-1.1796875,1.09375,0.09334687851957546,0.9066531214804244,1.1453747993842587,dann_matched,banglasarc3_binary+banglasarc_binary,banglasarc3_binary,42
a7ecaf79eb5d5fb9,1,1,-1.078125,0.625,0.15405756269148546,0.8459424373085146,1.1453747993842587,dann_matched,banglasarc3_binary+banglasarc_binary,banglasarc3_binary,42
16902334d4aac003,0,0,0.9296875,-1.1484375,0.888758793492457,0.11124120650754304,1.1453747993842587,dann_matched,banglasarc3_binary+banglasarc_binary,banglasarc3_binary,42
051f1b25aad139f0,1,0,0.24121094,-0.5546875,0.6890964342015904,0.31090356579840966,1.1453747993842587,dann_matched,banglasarc3_binary+banglasarc_binary,banglasarc3_binary,42
74628967f465b267,0,1,-0.94140625,0.50390625,0.1907240253120337,0.8092759746879663,1.1453747993842587,dann_matched,banglasarc3_binary+banglasarc_binary,banglasarc3_binary,42
32b5e23e297c895c,1,1,-0.81640625,0.39257812,0.22988080342588704,0.7701191965741129,1.1453747993842587,dann_matched,banglasarc3_binary+banglasarc_binary,banglasarc3_binary,42
78a8f1d91019c411,0,1,-0.55859375,0.1484375,0.3302551569521561,0.6697448430478439,1.1453747993842587,dann_matched,banglasarc3_binary+banglasarc_binary,banglasarc3_binary,42
6bbdac83cbe8ed55,1,1,-0.65625,0.21289062,0.29543315152184185,0.7045668484781581,1.1453747993842587,dann_matched,banglasarc3_binary+banglasarc_binary,banglasarc3_binary,42
505144aeff25d610,0,0,1.5390625,-1.7109375,0.9626731126558706,0.037326887344129464,1.1453747993842587,dann_matched,banglasarc3_binary+banglasarc_binary,banglasarc3_binary,42
514e7229ecf5d2fe,1,1,-0.69921875,0.23242188,0.2825919858349107,0.7174080141650894,1.1453747993842587,dann_matched,banglasarc3_binary+banglasarc_binary,banglasarc3_binary,42
97ff4666ec5e9f65,0,0,1.71875,-1.671875,0.9674102552339746,0.032589744766025344,1.1453747993842587,dann_matched,banglasarc3_binary+banglasarc_binary,banglasarc3_binary,42
7cb9734d271aa603,1,1,-1.0078125,0.53125,0.17667160102063317,0.8233283989793668,1.1453747993842587,dann_matched,banglasarc3_binary+banglasarc_binary,banglasarc3_binary,42
895b32d6f531e8d6,0,1,-0.75,0.31445312,0.256459376834781,0.743540623165219,1.1453747993842587,dann_matched,banglasarc3_binary+banglasarc_binary,banglasarc3_binary,42
b1a4b29882b6c492,0,0,0.8125,-1.046875,0.8652240825770433,0.1347759174229568,1.1453747993842587,dann_matched,banglasarc3_binary+banglasarc_binary,banglasarc3_binary,42
0dc4897d46949237,0,0,2.25,-2.25,0.9890130573694068,0.01098694263059318,1.1453747993842587,dann_matched,banglasarc3_binary+banglasarc_binary,banglasarc3_binary,42
c3b7103111f141a1,1,1,-0.8203125,0.39648438,0.22850063225115835,0.7714993677488416,1.1453747993842587,dann_matched,banglasarc3_binary+banglasarc_binary,banglasarc3_binary,42
ec3e49aee99d8f7a,1,1,-1.0703125,0.67578125,0.14854056798294435,0.8514594320170558,1.1453747993842587,dann_matched,banglasarc3_binary+banglasarc_binary,banglasarc3_binary,42
992c3932d484ad9a,0,0,-0.103515625,-0.21875,0.5287767570087083,0.4712232429912917,1.1453747993842587,dann_matched,banglasarc3_binary+banglasarc_binary,banglasarc3_binary,42
c5bd12f82a343358,1,1,-0.4609375,0.09033203,0.36556991822407364,0.6344300817759263,1.1453747993842587,dann_matched,banglasarc3_binary+banglasarc_binary,banglasarc3_binary,42
3ea7fe33caac8580,0,0,2.5,-2.296875,0.9918120900983038,0.008187909901696235,1.1453747993842587,dann_matched,banglasarc3_binary+banglasarc_binary,banglasarc3_binary,42
33a5e06ca430c8f1,0,0,0.13574219,-0.51953125,0.6581978338852327,0.3418021661147673,1.1453747993842587,dann_matched,banglasarc3_binary+banglasarc_binary,banglasarc3_binary,42
0e1ca87b75e07a22,0,0,0.859375,-1.078125,0.8740772351648677,0.12592276483513232,1.1453747993842587,dann_matched,banglasarc3_binary+banglasarc_binary,banglasarc3_binary,42
d8fee321b4621b14,1,1,-0.19042969,-0.12695312,0.48413618565519884,0.5158638143448011,1.1453747993842587,dann_matched,banglasarc3_binary+banglasarc_binary,banglasarc3_binary,42
00c1732e4277e2ff,1,1,-0.375,0.029541016,0.40022180267679414,0.5997781973232059,1.1453747993842587,dann_matched,banglasarc3_binary+banglasarc_binary,banglasarc3_binary,42
fbce076f3a151066,1,1,-1.3046875,0.99609375,0.09105827889318015,0.9089417211068199,1.1453747993842587,dann_matched,banglasarc3_binary+banglasarc_binary,banglasarc3_binary,42
dbbbd3567edaaf38,0,0,-0.0859375,-0.32421875,0.5592900469770627,0.4407099530229373,1.1453747993842587,dann_matched,banglasarc3_binary+banglasarc_binary,banglasarc3_binary,42
4ac1dba701f4fda5,1,1,-1.203125,0.81640625,0.11716746932535992,0.8828325306746402,1.1453747993842587,dann_matched,banglasarc3_binary+banglasarc_binary,banglasarc3_binary,42
a13bde6d3c5bb87a,0,0,0.75,-0.8671875,0.8344068863691763,0.16559311363082369,1.1453747993842587,dann_matched,banglasarc3_binary+banglasarc_binary,banglasarc3_binary,42
9f92c9c63ab16ba9,1,1,-1.3203125,0.93359375,0.09501305198790386,0.9049869480120961,1.1453747993842587,dann_matched,banglasarc3_binary+banglasarc_binary,banglasarc3_binary,42
e70632ab44b95d37,1,0,-0.08496094,-0.29492188,0.552298250809177,0.44770174919082295,1.1453747993842587,dann_matched,banglasarc3_binary+banglasarc_binary,banglasarc3_binary,42
e1e95dc7d5fd4fe7,0,0,-0.09863281,-0.25976562,0.5401962701327022,0.45980372986729784,1.1453747993842587,dann_matched,banglasarc3_binary+banglasarc_binary,banglasarc3_binary,42
cf43563beef479bd,1,0,1.328125,-1.484375,0.9433475746920261,0.05665242530797383,1.1453747993842587,dann_matched,banglasarc3_binary+banglasarc_binary,banglasarc3_binary,42
9f9b2bac0fb579a1,1,1,-0.9296875,0.53515625,0.1877276039567854,0.8122723960432147,1.1453747993842587,dann_matched,banglasarc3_binary+banglasarc_binary,banglasarc3_binary,42
64261898e8263c33,0,0,0.4921875,-0.7578125,0.7772998611746911,0.22270013882530884,1.1453747993842587,dann_matched,banglasarc3_binary+banglasarc_binary,banglasarc3_binary,42
2584524d390cdfab,1,0,-0.01586914,-0.28320312,0.5664382853117284,0.43356171468827176,1.1453747993842587,dann_matched,banglasarc3_binary+banglasarc_binary,banglasarc3_binary,42
257a7560d1ab7c7e,0,1,-1.078125,0.6875,0.14608724704829565,0.8539127529517043,1.1453747993842587,dann_matched,banglasarc3_binary+banglasarc_binary,banglasarc3_binary,42
2f14c0092aa7ca57,1,1,-0.609375,0.20117188,0.30777397219552277,0.6922260278044772,1.1453747993842587,dann_matched,banglasarc3_binary+banglasarc_binary,banglasarc3_binary,42
342881c8a15bad16,0,0,-0.071777344,-0.36523438,0.572842259981366,0.42715774001863394,1.1453747993842587,dann_matched,banglasarc3_binary+banglasarc_binary,banglasarc3_binary,42
43f923ef5eb8a6f5,0,0,1.4609375,-1.625,0.956308939359532,0.04369106064046812,1.1453747993842587,dann_matched,banglasarc3_binary+banglasarc_binary,banglasarc3_binary,42
ee6f09f058aef096,1,1,-0.67578125,0.16796875,0.3007455789412415,0.6992544210587585,1.1453747993842587,dann_matched,banglasarc3_binary+banglasarc_binary,banglasarc3_binary,42
923b266511af9ccd,1,0,0.28320312,-0.5,0.6863700497784223,0.3136299502215776,1.1453747993842587,dann_matched,banglasarc3_binary+banglasarc_binary,banglasarc3_binary,42
405b3d840ad271a8,0,0,-0.0032043457,-0.3359375,0.582424246398291,0.41757575360170895,1.1453747993842587,dann_matched,banglasarc3_binary+banglasarc_binary,banglasarc3_binary,42
dab992c0f3dc01a0,0,0,0.8359375,-1.0546875,0.8688267762381844,0.13117322376181567,1.1453747993842587,dann_matched,banglasarc3_binary+banglasarc_binary,banglasarc3_binary,42
667af3eb14934a3e,0,0,1.6875,-1.8125,0.9706877692486436,0.029312230751356316,1.1453747993842587,dann_matched,banglasarc3_binary+banglasarc_binary,banglasarc3_binary,42
b564fa9b23515ed0,1,1,-0.96484375,0.6328125,0.16830944120734956,0.8316905587926504,1.1453747993842587,dann_matched,banglasarc3_binary+banglasarc_binary,banglasarc3_binary,42
66d2aff5fc2e61bc,0,0,1.9921875,-2.03125,0.982423116732664,0.01757688326733593,1.1453747993842587,dann_matched,banglasarc3_binary+banglasarc_binary,banglasarc3_binary,42
d3a8233595cb8024,0,0,1.4296875,-1.609375,0.9543079676184154,0.04569203238158463,1.1453747993842587,dann_matched,banglasarc3_binary+banglasarc_binary,banglasarc3_binary,42
1d769f0a19572287,1,1,-0.40625,0.36132812,0.3170032391635806,0.6829967608364195,1.1453747993842587,dann_matched,banglasarc3_binary+banglasarc_binary,banglasarc3_binary,42
3fee32aadfaf6383,0,0,1.578125,-1.8046875,0.9671630439727548,0.03283695602724524,1.1453747993842587,dann_matched,banglasarc3_binary+banglasarc_binary,banglasarc3_binary,42
114b54f8ea927149,1,1,-0.94140625,0.5234375,0.1877276039567854,0.8122723960432147,1.1453747993842587,dann_matched,banglasarc3_binary+banglasarc_binary,banglasarc3_binary,42
f8e88475333512af,1,1,-0.28515625,-0.10205078,0.45435110314439703,0.5456488968556029,1.1453747993842587,dann_matched,banglasarc3_binary+banglasarc_binary,banglasarc3_binary,42
7a2afdf85b0e4a57,1,1,-0.93359375,0.578125,0.180684214164803,0.819315785835197,1.1453747993842587,dann_matched,banglasarc3_binary+banglasarc_binary,banglasarc3_binary,42
92c430c72628f547,0,0,0.19824219,-0.43945312,0.6542322972011442,0.34576770279885577,1.1453747993842587,dann_matched,banglasarc3_binary+banglasarc_binary,banglasarc3_binary,42
26dc21d32e9a6348,1,0,0.83203125,-0.96484375,0.8577681049901036,0.1422318950098963,1.1453747993842587,dann_matched,banglasarc3_binary+banglasarc_binary,banglasarc3_binary,42
d08da382f5aa6fd6,1,0,0.49414062,-0.59765625,0.748719933847045,0.251280066152955,1.1453747993842587,dann_matched,banglasarc3_binary+banglasarc_binary,banglasarc3_binary,42
ff9a012f3a431db5,1,1,-1.0,0.5859375,0.16995623014518763,0.8300437698548124,1.1453747993842587,dann_matched,banglasarc3_binary+banglasarc_binary,banglasarc3_binary,42
55386c020543c40f,1,1,-1.34375,0.890625,0.09670579329612154,0.9032942067038784,1.1453747993842587,dann_matched,banglasarc3_binary+banglasarc_binary,banglasarc3_binary,42
017099e7610a6f6c,1,1,-0.22851562,-0.103027344,0.46866903376724517,0.5313309662327549,1.1453747993842587,dann_matched,banglasarc3_binary+banglasarc_binary,banglasarc3_binary,42
f016ba0cc1c77d81,1,1,-0.76953125,0.41796875,0.23370635691404026,0.7662936430859597,1.1453747993842587,dann_matched,banglasarc3_binary+banglasarc_binary,banglasarc3_binary,42
bbbc6d295b42948d,0,1,-0.34179688,-0.13085938,0.44746029191980774,0.5525397080801923,1.1453747993842587,dann_matched,banglasarc3_binary+banglasarc_binary,banglasarc3_binary,42
8a6ec5d8b3140bbc,1,1,-0.84375,0.47460938,0.21109138022574253,0.7889086197742575,1.1453747993842587,dann_matched,banglasarc3_binary+banglasarc_binary,banglasarc3_binary,42
52f3e5cbfe71dd90,0,0,1.6640625,-1.6953125,0.9664104943498959,0.033589505650103976,1.1453747993842587,dann_matched,banglasarc3_binary+banglasarc_binary,banglasarc3_binary,42
6311c3f6e9111661,1,1,-0.28710938,-0.10986328,0.4558041214886501,0.54419587851135,1.1453747993842587,dann_matched,banglasarc3_binary+banglasarc_binary,banglasarc3_binary,42
ab531d6915b77591,1,1,-0.6875,0.27148438,0.2770815859935903,0.7229184140064098,1.1453747993842587,dann_matched,banglasarc3_binary+banglasarc_binary,banglasarc3_binary,42
c8d4191a4c0034b0,0,1,-1.046875,0.55859375,0.16721866883101164,0.8327813311689884,1.1453747993842587,dann_matched,banglasarc3_binary+banglasarc_binary,banglasarc3_binary,42
78f45826d9c886c2,1,1,-0.9375,0.5078125,0.1907240253120337,0.8092759746879663,1.1453747993842587,dann_matched,banglasarc3_binary+banglasarc_binary,banglasarc3_binary,42
f5080918cb703e26,1,1,-0.3125,0.080566406,0.4029793442788632,0.5970206557211368,1.1453747993842587,dann_matched,banglasarc3_binary+banglasarc_binary,banglasarc3_binary,42
50855678cee37752,0,0,1.546875,-1.6875,0.9621075733703927,0.037892426629607394,1.1453747993842587,dann_matched,banglasarc3_binary+banglasarc_binary,banglasarc3_binary,42
0e861cdeb8d4ab68,1,1,-0.98046875,0.515625,0.18300885002394832,0.8169911499760516,1.1453747993842587,dann_matched,banglasarc3_binary+banglasarc_binary,banglasarc3_binary,42
6aa0691388dde3ef,0,0,1.578125,-1.703125,0.9637799441350253,0.036220055864974746,1.1453747993842587,dann_matched,banglasarc3_binary+banglasarc_binary,banglasarc3_binary,42
ac035386ab80b4e6,1,1,-1.0859375,0.66796875,0.1475551828016634,0.8524448171983366,1.1453747993842587,dann_matched,banglasarc3_binary+banglasarc_binary,banglasarc3_binary,42
e76a1038723dc5eb,1,1,-1.1171875,0.66015625,0.14463143714297527,0.8553685628570248,1.1453747993842587,dann_matched,banglasarc3_binary+banglasarc_binary,banglasarc3_binary,42
ff922cbca8785282,1,1,-0.87109375,0.51953125,0.19930799790404563,0.8006920020959544,1.1453747993842587,dann_matched,banglasarc3_binary+banglasarc_binary,banglasarc3_binary,42
66a6d7fc7c022153,1,1,-0.85546875,0.4609375,0.2114168212006529,0.7885831787993471,1.1453747993842587,dann_matched,banglasarc3_binary+banglasarc_binary,banglasarc3_binary,42
6f920e614b465135,0,1,-0.67578125,0.26171875,0.28140560742914383,0.7185943925708561,1.1453747993842587,dann_matched,banglasarc3_binary+banglasarc_binary,banglasarc3_binary,42
a3046e4436328bea,1,1,-0.85546875,0.47460938,0.209146442715666,0.7908535572843339,1.1453747993842587,dann_matched,banglasarc3_binary+banglasarc_binary,banglasarc3_binary,42
226afc1f08fe0780,0,0,1.5625,-1.6953125,0.9629528313309248,0.037047168669075196,1.1453747993842587,dann_matched,banglasarc3_binary+banglasarc_binary,banglasarc3_binary,42
9924815a000de0cd,0,0,1.375,-1.5,0.9465966702001757,0.053403329799824234,1.1453747993842587,dann_matched,banglasarc3_binary+banglasarc_binary,banglasarc3_binary,42
71c861c5ca9ae94c,0,0,1.8359375,-1.90625,0.9768465889071616,0.023153411092838465,1.1453747993842587,dann_matched,banglasarc3_binary+banglasarc_binary,banglasarc3_binary,42
9a8af6572f036955,1,0,0.890625,-1.0859375,0.878314245362953,0.12168575463704705,1.1453747993842587,dann_matched,banglasarc3_binary+banglasarc_binary,banglasarc3_binary,42
148f42b7e3a77173,1,1,-0.50390625,0.17578125,0.3363310529262674,0.6636689470737326,1.1453747993842587,dann_matched,banglasarc3_binary+banglasarc_binary,banglasarc3_binary,42
4a3ebc4e56a23695,0,0,-0.12597656,-0.21679688,0.5226894844072489,0.47731051559275106,1.1453747993842587,dann_matched,banglasarc3_binary+banglasarc_binary,banglasarc3_binary,42
9884f74105725ac3,0,0,1.2109375,-1.34375,0.9278877945870695,0.07211220541293051,1.1453747993842587,dann_matched,banglasarc3_binary+banglasarc_binary,banglasarc3_binary,42
bc7aa60f495fb7a9,0,1,-0.28125,-0.0859375,0.4513265055870016,0.5486734944129984,1.1453747993842587,dann_matched,banglasarc3_binary+banglasarc_binary,banglasarc3_binary,42
1a19fa077638051f,0,0,2.390625,-2.203125,0.9899864293768268,0.010013570623173138,1.1453747993842587,dann_matched,banglasarc3_binary+banglasarc_binary,banglasarc3_binary,42
bbac56b00ec41b2d,1,0,0.62109375,-0.953125,0.8283841930310485,0.17161580696895154,1.1453747993842587,dann_matched,banglasarc3_binary+banglasarc_binary,banglasarc3_binary,42
1ee3ab9f5f73d8e3,0,0,-0.03515625,-0.40039062,0.5903069354712496,0.40969306452875043,1.1453747993842587,dann_matched,banglasarc3_binary+banglasarc_binary,banglasarc3_binary,42
0a70db745aa8febf,1,1,-0.53515625,0.088378906,0.3489778629085495,0.6510221370914505,1.1453747993842587,dann_matched,banglasarc3_binary+banglasarc_binary,banglasarc3_binary,42
a831521b5fade0b4,0,0,1.15625,-1.4296875,0.9299510391228232,0.07004896087717674,1.1453747993842587,dann_matched,banglasarc3_binary+banglasarc_binary,banglasarc3_binary,42
aee1e0859bd82e49,0,0,1.6484375,-1.8046875,0.9693241982893259,0.030675801710674105,1.1453747993842587,dann_matched,banglasarc3_binary+banglasarc_binary,banglasarc3_binary,42
14c1d9b31ee9da91,0,0,1.3046875,-1.4296875,0.9390248191350352,0.06097518086496481,1.1453747993842587,dann_matched,banglasarc3_binary+banglasarc_binary,banglasarc3_binary,42
0b3f384c234e0487,1,1,-1.234375,0.75390625,0.12043881659461604,0.8795611834053839,1.1453747993842587,dann_matched,banglasarc3_binary+banglasarc_binary,banglasarc3_binary,42
ba3b5a884606387b,1,1,-1.3125,0.86328125,0.10194652082730637,0.8980534791726937,1.1453747993842587,dann_matched,banglasarc3_binary+banglasarc_binary,banglasarc3_binary,42
d93424c4b5243f73,0,0,2.46875,-2.40625,0.9924227587321393,0.007577241267860811,1.1453747993842587,dann_matched,banglasarc3_binary+banglasarc_binary,banglasarc3_binary,42
b7e8e4540b6277b4,0,0,0.8828125,-1.140625,0.8832359864017768,0.11676401359822318,1.1453747993842587,dann_matched,banglasarc3_binary+banglasarc_binary,banglasarc3_binary,42
dfa9f26844b0493f,1,1,-0.98828125,0.55859375,0.17553807362342935,0.8244619263765707,1.1453747993842587,dann_matched,banglasarc3_binary+banglasarc_binary,banglasarc3_binary,42
c63b2cd906f1ec56,1,1,-0.84765625,0.40429688,0.222362226659299,0.777637773340701,1.1453747993842587,dann_matched,banglasarc3_binary+banglasarc_binary,banglasarc3_binary,42
30f04a8c49d82a1e,1,1,-1.1875,0.97265625,0.10338596660618364,0.8966140333938164,1.1453747993842587,dann_matched,banglasarc3_binary+banglasarc_binary,banglasarc3_binary,42
f53841d746ae3cd5,1,0,1.6484375,-1.765625,0.9681411443139596,0.03185885568604046,1.1453747993842587,dann_matched,banglasarc3_binary+banglasarc_binary,banglasarc3_binary,42
78b23bee083f3547,0,0,-0.08496094,-0.3046875,0.5547116952425464,0.44528830475745357,1.1453747993842587,dann_matched,banglasarc3_binary+banglasarc_binary,banglasarc3_binary,42
57f53209ea014911,0,0,1.15625,-1.3203125,0.9224823435231172,0.07751765647688268,1.1453747993842587,dann_matched,banglasarc3_binary+banglasarc_binary,banglasarc3_binary,42
6bfa33ebacfeda42,1,1,-1.03125,0.5859375,0.16559311363082369,0.8344068863691763,1.1453747993842587,dann_matched,banglasarc3_binary+banglasarc_binary,banglasarc3_binary,42
188035f94f43d5ab,0,0,2.078125,-2.046875,0.9840936082881853,0.01590639171181471,1.1453747993842587,dann_matched,banglasarc3_binary+banglasarc_binary,banglasarc3_binary,42
a9c618cbe59ac37d,1,1,-1.2890625,0.83203125,0.10706346207954626,0.8929365379204537,1.1453747993842587,dann_matched,banglasarc3_binary+banglasarc_binary,banglasarc3_binary,42
b24787eee7829216,0,0,0.6640625,-0.85546875,0.8204694444011801,0.17953055559881986,1.1453747993842587,dann_matched,banglasarc3_binary+banglasarc_binary,banglasarc3_binary,42
7ef070492a733c38,0,0,1.703125,-1.7734375,0.9700134939339985,0.029986506066001513,1.1453747993842587,dann_matched,banglasarc3_binary+banglasarc_binary,banglasarc3_binary,42
c367988694c84530,0,0,0.111328125,-0.39648438,0.624293533567992,0.3757064664320079,1.1453747993842587,dann_matched,banglasarc3_binary+banglasarc_binary,banglasarc3_binary,42
18d391b119c1644a,1,0,1.140625,-1.3515625,0.923592316649553,0.07640768335044701,1.1453747993842587,dann_matched,banglasarc3_binary+banglasarc_binary,banglasarc3_binary,42
4faab331ced87a08,0,0,0.3515625,-0.765625,0.7534666539902642,0.24653334600973575,1.1453747993842587,dann_matched,banglasarc3_binary+banglasarc_binary,banglasarc3_binary,42
977b72c19a26ad0b,0,0,2.125,-2.15625,0.9863631647185701,0.013636835281429876,1.1453747993842587,dann_matched,banglasarc3_binary+banglasarc_binary,banglasarc3_binary,42
6517e05a5287776b,0,0,-0.12792969,-0.265625,0.5343695414044832,0.46563045859551677,1.1453747993842587,dann_matched,banglasarc3_binary+banglasarc_binary,banglasarc3_binary,42
ee6dbf89dce4e2bb,1,1,-1.2890625,0.87890625,0.1026640095733654,0.8973359904266346,1.1453747993842587,dann_matched,banglasarc3_binary+banglasarc_binary,banglasarc3_binary,42
ccf32cdc3d0775ad,1,1,-1.2734375,0.87109375,0.10484336403025446,0.8951566359697456,1.1453747993842587,dann_matched,banglasarc3_binary+banglasarc_binary,banglasarc3_binary,42
4da5e414258db266,0,0,1.0625,-1.3203125,0.9155072460249908,0.08449275397500926,1.1453747993842587,dann_matched,banglasarc3_binary+banglasarc_binary,banglasarc3_binary,42
60ac14a8affe8358,1,1,-0.63671875,0.33398438,0.27474037666903506,0.725259623330965,1.1453747993842587,dann_matched,banglasarc3_binary+banglasarc_binary,banglasarc3_binary,42
c82b770796c8cf66,1,1,-1.140625,0.765625,0.12940273159163906,0.870597268408361,1.1453747993842587,dann_matched,banglasarc3_binary+banglasarc_binary,banglasarc3_binary,42
f5fd2d4cdc3bc132,1,1,-1.484375,1.109375,0.06954174450582809,0.9304582554941719,1.1453747993842587,dann_matched,banglasarc3_binary+banglasarc_binary,banglasarc3_binary,42
94f3c9ec4b1c85a4,1,0,2.421875,-2.34375,0.991554373058874,0.008445626941126032,1.1453747993842587,dann_matched,banglasarc3_binary+banglasarc_binary,banglasarc3_binary,42
5a10d03482f58dbf,1,0,0.984375,-1.015625,0.8807970779778823,0.11920292202211755,1.1453747993842587,dann_matched,banglasarc3_binary+banglasarc_binary,banglasarc3_binary,42
acbcf17308c9467e,1,1,-0.94921875,0.44921875,0.19806417366892506,0.801935826331075,1.1453747993842587,dann_matched,banglasarc3_binary+banglasarc_binary,banglasarc3_binary,42
efc06bd7dc0335d5,1,1,-1.2109375,0.85546875,0.11240508853787773,0.8875949114621223,1.1453747993842587,dann_matched,banglasarc3_binary+banglasarc_binary,banglasarc3_binary,42
ed59d0f7934d3996,0,1,-0.8828125,0.4453125,0.20946968133032526,0.7905303186696747,1.1453747993842587,dann_matched,banglasarc3_binary+banglasarc_binary,banglasarc3_binary,42
562d6d6d9b6ae4be,1,1,-1.0078125,0.5390625,0.17553807362342935,0.8244619263765707,1.1453747993842587,dann_matched,banglasarc3_binary+banglasarc_binary,banglasarc3_binary,42
f32e502d7c88ac0b,1,1,-0.890625,0.515625,0.1968262036430985,0.8031737963569016,1.1453747993842587,dann_matched,banglasarc3_binary+banglasarc_binary,banglasarc3_binary,42
8e5d3f2f373f5e29,0,0,0.73046875,-1.015625,0.8514594320170558,0.14854056798294435,1.1453747993842587,dann_matched,banglasarc3_binary+banglasarc_binary,banglasarc3_binary,42
9207c873bbd453c3,0,0,2.09375,-2.109375,0.9852713861502774,0.014728613849722676,1.1453747993842587,dann_matched,banglasarc3_binary+banglasarc_binary,banglasarc3_binary,42
89156813be6db8c4,1,1,-0.78125,0.4296875,0.2295352131664525,0.7704647868335476,1.1453747993842587,dann_matched,banglasarc3_binary+banglasarc_binary,banglasarc3_binary,42
8b10125a3aa18362,1,0,0.55078125,-0.6171875,0.7627776615116516,0.2372223384883484,1.1453747993842587,dann_matched,banglasarc3_binary+banglasarc_binary,banglasarc3_binary,42
1ab10ab51e82c702,0,1,-0.85546875,0.41015625,0.22000709974589314,0.7799929002541067,1.1453747993842587,dann_matched,banglasarc3_binary+banglasarc_binary,banglasarc3_binary,42
0c97107ad69abd97,0,0,1.671875,-1.78125,0.9693241982893259,0.030675801710674105,1.1453747993842587,dann_matched,banglasarc3_binary+banglasarc_binary,banglasarc3_binary,42
319378441192755c,1,1,-0.22753906,-0.1875,0.489991571404057,0.510008428595943,1.1453747993842587,dann_matched,banglasarc3_binary+banglasarc_binary,banglasarc3_binary,42
da5927d625a7e992,0,0,0.10888672,-0.5234375,0.6530162847847695,0.34698371521523064,1.1453747993842587,dann_matched,banglasarc3_binary+banglasarc_binary,banglasarc3_binary,42
f948aa239ae79172,0,0,1.328125,-1.46875,0.9425067211996143,0.05749327880038583,1.1453747993842587,dann_matched,banglasarc3_binary+banglasarc_binary,banglasarc3_binary,42
b98ee8eae2d4d6c2,1,1,-0.6015625,0.36914062,0.27474037666903506,0.725259623330965,1.1453747993842587,dann_matched,banglasarc3_binary+banglasarc_binary,banglasarc3_binary,42
2c4933c952f7fae0,1,1,-1.09375,0.6796875,0.14511536292037017,0.8548846370796298,1.1453747993842587,dann_matched,banglasarc3_binary+banglasarc_binary,banglasarc3_binary,42
5611174ac8f322d9,0,0,2.0,-2.0,0.9820137900379085,0.017986209962091555,1.1453747993842587,dann_matched,banglasarc3_binary+banglasarc_binary,banglasarc3_binary,42
a68c6a0d2e4a0d44,0,1,-0.47460938,0.044433594,0.3730760468189445,0.6269239531810554,1.1453747993842587,dann_matched,banglasarc3_binary+banglasarc_binary,banglasarc3_binary,42
f0beee1358ba6702,1,1,-0.7578125,0.28320312,0.2609540759298918,0.7390459240701083,1.1453747993842587,dann_matched,banglasarc3_binary+banglasarc_binary,banglasarc3_binary,42
9dd87b3601b59c5e,1,1,-0.34179688,0.0037841797,0.41445441237890757,0.5855455876210924,1.1453747993842587,dann_matched,banglasarc3_binary+banglasarc_binary,banglasarc3_binary,42
059d63cf1f988857,0,1,-0.24609375,-0.1875,0.4853557520132364,0.5146442479867636,1.1453747993842587,dann_matched,banglasarc3_binary+banglasarc_binary,banglasarc3_binary,42
205492061bc3b836,1,1,-0.9609375,0.60546875,0.1727293128639838,0.8272706871360163,1.1453747993842587,dann_matched,banglasarc3_binary+banglasarc_binary,banglasarc3_binary,42
ba85309fe6f0de09,1,1,-0.46875,0.03173828,0.3774259277549709,0.622574072245029,1.1453747993842587,dann_matched,banglasarc3_binary+banglasarc_binary,banglasarc3_binary,42
34cf41d51399f927,1,1,-1.109375,0.69140625,0.14175599046041915,0.8582440095395809,1.1453747993842587,dann_matched,banglasarc3_binary+banglasarc_binary,banglasarc3_binary,42
8f9e66d0954319bd,1,1,-0.453125,0.12890625,0.358465337116683,0.6415346628833171,1.1453747993842587,dann_matched,banglasarc3_binary+banglasarc_binary,banglasarc3_binary,42
7aea9964e3bab268,0,0,-0.06591797,-0.29296875,0.5565200930902098,0.4434799069097902,1.1453747993842587,dann_matched,banglasarc3_binary+banglasarc_binary,banglasarc3_binary,42
34262aaf029abe9c,0,0,1.6796875,-1.6171875,0.9643214491222695,0.035678550877730524,1.1453747993842587,dann_matched,banglasarc3_binary+banglasarc_binary,banglasarc3_binary,42
afc98c7da489d792,0,0,2.109375,-1.7265625,0.9788748081040518,0.02112519189594821,1.1453747993842587,dann_matched,banglasarc3_binary+banglasarc_binary,banglasarc3_binary,42
87ca816cf9ca3a57,0,0,2.109375,-2.125,0.9857180660748888,0.014281933925111153,1.1453747993842587,dann_matched,banglasarc3_binary+banglasarc_binary,banglasarc3_binary,42
b8705f91611e42fd,1,1,-1.3203125,0.82421875,0.10484336403025446,0.8951566359697456,1.1453747993842587,dann_matched,banglasarc3_binary+banglasarc_binary,banglasarc3_binary,42
9b4172a29427d096,1,1,-1.28125,0.84765625,0.10631886977575758,0.8936811302242426,1.1453747993842587,dann_matched,banglasarc3_binary+banglasarc_binary,banglasarc3_binary,42
277d8e87c25a04d0,0,0,2.125,-2.046875,0.984810951192016,0.015189048807983947,1.1453747993842587,dann_matched,banglasarc3_binary+banglasarc_binary,banglasarc3_binary,42
d41615dc78dfd442,0,0,1.0,-1.28125,0.9073122213606241,0.09268777863937604,1.1453747993842587,dann_matched,banglasarc3_binary+banglasarc_binary,banglasarc3_binary,42
3b570bff1dc82229,1,1,-0.92578125,0.51953125,0.1907240253120337,0.8092759746879663,1.1453747993842587,dann_matched,banglasarc3_binary+banglasarc_binary,banglasarc3_binary,42
a14957fec3333e4d,1,1,-0.859375,0.44726562,0.21304953207082516,0.7869504679291749,1.1453747993842587,dann_matched,banglasarc3_binary+banglasarc_binary,banglasarc3_binary,42
434aefb45c633a6e,1,1,-0.91015625,0.41992188,0.209146442715666,0.7908535572843339,1.1453747993842587,dann_matched,banglasarc3_binary+banglasarc_binary,banglasarc3_binary,42
cb001950d002af6a,0,0,1.7734375,-1.8671875,0.9744347860767304,0.025565213923269593,1.1453747993842587,dann_matched,banglasarc3_binary+banglasarc_binary,banglasarc3_binary,42
bde02cf99aa6475c,0,0,1.9921875,-1.953125,0.9810219632882344,0.01897803671176563,1.1453747993842587,dann_matched,banglasarc3_binary+banglasarc_binary,banglasarc3_binary,42
d59a0afee6d44b0f,1,1,-1.1015625,0.66796875,0.14560063226034367,0.8543993677396563,1.1453747993842587,dann_matched,banglasarc3_binary+banglasarc_binary,banglasarc3_binary,42
53e03d54e9f7c1ed,1,1,-0.921875,0.44921875,0.20244319214007214,0.7975568078599278,1.1453747993842587,dann_matched,banglasarc3_binary+banglasarc_binary,banglasarc3_binary,42
2922023d8f4b1469,0,0,1.359375,-1.5625,0.9489172630429474,0.05108273695705249,1.1453747993842587,dann_matched,banglasarc3_binary+banglasarc_binary,banglasarc3_binary,42
9a38672a43ee4277,1,1,-1.1171875,0.69921875,0.13986565348595606,0.8601343465140441,1.1453747993842587,dann_matched,banglasarc3_binary+banglasarc_binary,banglasarc3_binary,42
7d708b93f7458e17,0,0,2.3125,-2.3125,0.9902915235185259,0.009708476481474066,1.1453747993842587,dann_matched,banglasarc3_binary+banglasarc_binary,banglasarc3_binary,42
123e910b36e0446d,0,0,2.109375,-2.046875,0.9845754479181588,0.015424552081841137,1.1453747993842587,dann_matched,banglasarc3_binary+banglasarc_binary,banglasarc3_binary,42
5dc46488541a62ec,1,1,-1.203125,0.82421875,0.1163617640229368,0.8836382359770631,1.1453747993842587,dann_matched,banglasarc3_binary+banglasarc_binary,banglasarc3_binary,42
e52a1f58f51e0c0a,1,1,-1.0703125,0.61328125,0.156620183363451,0.843379816636549,1.1453747993842587,dann_matched,banglasarc3_binary+banglasarc_binary,banglasarc3_binary,42
9b0ea3fdc41c9127,0,0,0.40820312,-0.75,0.7610060599864007,0.23899394001359922,1.1453747993842587,dann_matched,banglasarc3_binary+banglasarc_binary,banglasarc3_binary,42
6013016338f9c6dd,0,0,0.91796875,-1.015625,0.8736466603593868,0.12635333964061335,1.1453747993842587,dann_matched,banglasarc3_binary+banglasarc_binary,banglasarc3_binary,42
5e41f878680dab10,0,0,2.1875,-2.203125,0.9877587247081928,0.012241275291807161,1.1453747993842587,dann_matched,banglasarc3_binary+banglasarc_binary,banglasarc3_binary,42
f86040734ae27c6d,1,1,-0.921875,0.5078125,0.19314738002256465,0.8068526199774353,1.1453747993842587,dann_matched,banglasarc3_binary+banglasarc_binary,banglasarc3_binary,42
d10cccce1b8473e7,0,1,-0.8515625,0.35546875,0.23022675852832591,0.769773241471674,1.1453747993842587,dann_matched,banglasarc3_binary+banglasarc_binary,banglasarc3_binary,42
24135986932e677c,1,0,1.3125,-1.390625,0.9372107914029487,0.06278920859705135,1.1453747993842587,dann_matched,banglasarc3_binary+banglasarc_binary,banglasarc3_binary,42
7514b989309b1d9c,0,0,1.5078125,-1.6796875,0.96036116089903,0.039638839100970026,1.1453747993842587,dann_matched,banglasarc3_binary+banglasarc_binary,banglasarc3_binary,42
ce110dc8185ae08e,1,1,-0.72265625,0.33984375,0.25683199138751883,0.7431680086124811,1.1453747993842587,dann_matched,banglasarc3_binary+banglasarc_binary,banglasarc3_binary,42
cb27ebe4bead824c,1,1,-0.5625,0.100097656,0.3401563257405128,0.6598436742594872,1.1453747993842587,dann_matched,banglasarc3_binary+banglasarc_binary,banglasarc3_binary,42
bc540917f9b7c71d,1,1,-0.7578125,0.29492188,0.25870037155727854,0.7412996284427215,1.1453747993842587,dann_matched,banglasarc3_binary+banglasarc_binary,banglasarc3_binary,42
4ffffbe307d0a83a,0,0,1.3671875,-1.515625,0.9469902279841446,0.05300977201585542,1.1453747993842587,dann_matched,banglasarc3_binary+banglasarc_binary,banglasarc3_binary,42
b4323b5c74f8fc36,0,0,1.296875,-1.4375,0.9390248191350352,0.06097518086496481,1.1453747993842587,dann_matched,banglasarc3_binary+banglasarc_binary,banglasarc3_binary,42
ad6cc5fb265960cc,0,1,-0.33984375,0.048828125,0.40403706060119077,0.5959629393988092,1.1453747993842587,dann_matched,banglasarc3_binary+banglasarc_binary,banglasarc3_binary,42
d39ddcf24d6d9189,0,1,-1.03125,0.62109375,0.16079243661397521,0.8392075633860248,1.1453747993842587,dann_matched,banglasarc3_binary+banglasarc_binary,banglasarc3_binary,42
f38d81be661a4b8f,1,1,-1.203125,0.7734375,0.12168575463704705,0.878314245362953,1.1453747993842587,dann_matched,banglasarc3_binary+banglasarc_binary,banglasarc3_binary,42
373eddabf5c3d1f7,1,0,1.390625,-1.5,0.9473810466522863,0.05261895334771377,1.1453747993842587,dann_matched,banglasarc3_binary+banglasarc_binary,banglasarc3_binary,42
c511137eaf00d6b1,1,1,-1.1796875,0.80078125,0.1212688777402316,0.8787311222597683,1.1453747993842587,dann_matched,banglasarc3_binary+banglasarc_binary,banglasarc3_binary,42
3cb9b64cd0bcd1c4,1,0,0.703125,-0.92578125,0.8360197508959527,0.16398024910404715,1.1453747993842587,dann_matched,banglasarc3_binary+banglasarc_binary,banglasarc3_binary,42
44e81fb71fafc5f6,1,1,-1.1171875,0.6171875,0.1500288243424251,0.849971175657575,1.1453747993842587,dann_matched,banglasarc3_binary+banglasarc_binary,banglasarc3_binary,42
1f6366dc8c87721e,0,1,-0.47070312,0.041015625,0.37479069691957606,0.625209303080424,1.1453747993842587,dann_matched,banglasarc3_binary+banglasarc_binary,banglasarc3_binary,42
406b7cc3a0445691,1,1,-1.03125,0.609375,0.16238003666671086,0.8376199633332891,1.1453747993842587,dann_matched,banglasarc3_binary+banglasarc_binary,banglasarc3_binary,42
35cf36bc3d8642ab,0,0,-0.13183594,-0.2578125,0.5314525553714766,0.4685474446285234,1.1453747993842587,dann_matched,banglasarc3_binary+banglasarc_binary,banglasarc3_binary,42
57cd7fdd60d1667d,1,1,-0.875,0.48242188,0.20465963465754167,0.7953403653424583,1.1453747993842587,dann_matched,banglasarc3_binary+banglasarc_binary,banglasarc3_binary,42
0bb1548e56ec97e6,1,0,0.89453125,-1.2109375,0.8914335771643437,0.10856642283565619,1.1453747993842587,dann_matched,banglasarc3_binary+banglasarc_binary,banglasarc3_binary,42
8e8b85d15b47827c,1,1,-0.71484375,0.34960938,0.256459376834781,0.743540623165219,1.1453747993842587,dann_matched,banglasarc3_binary+banglasarc_binary,banglasarc3_binary,42
fae8d93fe40b415d,1,1,-0.8125,0.31835938,0.2440025411640579,0.7559974588359422,1.1453747993842587,dann_matched,banglasarc3_binary+banglasarc_binary,banglasarc3_binary,42
12e6dab580637364,1,1,-0.9765625,0.6171875,0.16885695214168314,0.8311430478583168,1.1453747993842587,dann_matched,banglasarc3_binary+banglasarc_binary,banglasarc3_binary,42
c63614053bc8ae28,0,0,0.74609375,-1.015625,0.8534247908404916,0.14657520915950842,1.1453747993842587,dann_matched,banglasarc3_binary+banglasarc_binary,banglasarc3_binary,42
e567c1f8bb54ed53,0,0,1.2265625,-1.46875,0.9367494780065266,0.06325052199347325,1.1453747993842587,dann_matched,banglasarc3_binary+banglasarc_binary,banglasarc3_binary,42
4689d69a0738828f,0,0,2.53125,-2.4375,0.993096161928778,0.006903838071221877,1.1453747993842587,dann_matched,banglasarc3_binary+banglasarc_binary,banglasarc3_binary,42
b24c7e2e479c102f,0,0,2.15625,-2.03125,0.98504291340685,0.01495708659314999,1.1453747993842587,dann_matched,banglasarc3_binary+banglasarc_binary,banglasarc3_binary,42
8ed4645228916f02,0,0,0.6875,-1.0625,0.8519528019683106,0.1480471980316895,1.1453747993842587,dann_matched,banglasarc3_binary+banglasarc_binary,banglasarc3_binary,42
f59c42c49edda760,0,0,-0.123535156,-0.265625,0.5354628162238698,0.46453718377613024,1.1453747993842587,dann_matched,banglasarc3_binary+banglasarc_binary,banglasarc3_binary,42
d760334e952c9d53,0,0,2.390625,-2.046875,0.9883127420043056,0.011687257995694434,1.1453747993842587,dann_matched,banglasarc3_binary+banglasarc_binary,banglasarc3_binary,42
98f8544b2ea323d3,0,0,0.18554688,-0.47460938,0.6592954869730118,0.3407045130269881,1.1453747993842587,dann_matched,banglasarc3_binary+banglasarc_binary,banglasarc3_binary,42
ce05c3fa0cc62627,0,0,1.734375,-1.8671875,0.9734434290045008,0.02655657099549924,1.1453747993842587,dann_matched,banglasarc3_binary+banglasarc_binary,banglasarc3_binary,42
fdc64d7635cb59b2,0,0,0.8203125,-1.03125,0.8643104540313907,0.13568954596860924,1.1453747993842587,dann_matched,banglasarc3_binary+banglasarc_binary,banglasarc3_binary,42
f93ea9b921c3c0f7,1,1,-0.71484375,0.22265625,0.28140560742914383,0.7185943925708561,1.1453747993842587,dann_matched,banglasarc3_binary+banglasarc_binary,banglasarc3_binary,42
2278f57caa613701,0,0,1.9453125,-1.9765625,0.9805806518175514,0.0194193481824486,1.1453747993842587,dann_matched,banglasarc3_binary+banglasarc_binary,banglasarc3_binary,42
c25fe5e4766f241a,0,0,1.796875,-1.609375,0.9678992932829918,0.03210070671700819,1.1453747993842587,dann_matched,banglasarc3_binary+banglasarc_binary,banglasarc3_binary,42
572e4397ff6c9eb2,1,0,1.3828125,-1.46875,0.9453993942183476,0.05460060578165237,1.1453747993842587,dann_matched,banglasarc3_binary+banglasarc_binary,banglasarc3_binary,42
9e94c5340c1e9e84,1,1,-0.828125,0.421875,0.22270013882530884,0.7772998611746911,1.1453747993842587,dann_matched,banglasarc3_binary+banglasarc_binary,banglasarc3_binary,42
e0b7bf00262d60a7,0,0,1.078125,-1.375,0.9207896758909757,0.07921032410902437,1.1453747993842587,dann_matched,banglasarc3_binary+banglasarc_binary,banglasarc3_binary,42
7d5dcba04c7cbfc6,1,1,-1.296875,0.98828125,0.09235979794788486,0.9076402020521152,1.1453747993842587,dann_matched,banglasarc3_binary+banglasarc_binary,banglasarc3_binary,42
cd9fc03dbd82abcd,0,0,2.609375,-2.5,0.9939964042034285,0.00600359579657149,1.1453747993842587,dann_matched,banglasarc3_binary+banglasarc_binary,banglasarc3_binary,42
54b803aa09d54185,1,1,-0.08984375,0.016479492,0.4734442017011596,0.5265557982988404,1.1453747993842587,dann_matched,banglasarc3_binary+banglasarc_binary,banglasarc3_binary,42
725ea8a5def6acac,0,0,2.28125,-2.171875,0.9884918509356967,0.011508149064303403,1.1453747993842587,dann_matched,banglasarc3_binary+banglasarc_binary,banglasarc3_binary,42
56d6d68354837500,0,1,-0.23632812,-0.07470703,0.4596824508731721,0.5403175491268278,1.1453747993842587,dann_matched,banglasarc3_binary+banglasarc_binary,banglasarc3_binary,42
da5033e533eee677,1,1,-0.72265625,0.33984375,0.25683199138751883,0.7431680086124811,1.1453747993842587,dann_matched,banglasarc3_binary+banglasarc_binary,banglasarc3_binary,42
ce347cf05f786fe0,1,1,-0.20214844,-0.14257812,0.48511182432377115,0.5148881756762288,1.1453747993842587,dann_matched,banglasarc3_binary+banglasarc_binary,banglasarc3_binary,42
ea499bace09f44ce,1,1,-0.75,0.36523438,0.2468963276503175,0.7531036723496825,1.1453747993842587,dann_matched,banglasarc3_binary+banglasarc_binary,banglasarc3_binary,42
2ccc2f875d7de471,1,1,-0.56640625,0.15625,0.326808326973978,0.6731916730260219,1.1453747993842587,dann_matched,banglasarc3_binary+banglasarc_binary,banglasarc3_binary,42
22e8efc34608d82d,0,0,0.61328125,-0.82421875,0.8080672135527632,0.19193278644723683,1.1453747993842587,dann_matched,banglasarc3_binary+banglasarc_binary,banglasarc3_binary,42
040a68c1b02bd862,1,1,-0.73046875,0.3984375,0.24436300507078523,0.7556369949292148,1.1453747993842587,dann_matched,banglasarc3_binary+banglasarc_binary,banglasarc3_binary,42
efde5d179b5fd873,1,1,-0.97265625,0.52734375,0.18242552380635632,0.8175744761936437,1.1453747993842587,dann_matched,banglasarc3_binary+banglasarc_binary,banglasarc3_binary,42
0b43510285b09eba,0,0,1.7734375,-1.765625,0.9717790128704671,0.02822098712953305,1.1453747993842587,dann_matched,banglasarc3_binary+banglasarc_binary,banglasarc3_binary,42
dd4fae9961a88873,1,1,-0.984375,0.57421875,0.17384852735447087,0.8261514726455292,1.1453747993842587,dann_matched,banglasarc3_binary+banglasarc_binary,banglasarc3_binary,42
121299f05ede0c91,1,1,-0.73046875,0.40234375,0.24364243753740636,0.7563575624625937,1.1453747993842587,dann_matched,banglasarc3_binary+banglasarc_binary,banglasarc3_binary,42
30a6096d2f7010ff,1,1,-0.94140625,0.51953125,0.1883239789098031,0.811676021090197,1.1453747993842587,dann_matched,banglasarc3_binary+banglasarc_binary,banglasarc3_binary,42
a1bd9a0f27bbd51e,0,1,-0.7890625,0.3671875,0.23934934732271168,0.7606506526772884,1.1453747993842587,dann_matched,banglasarc3_binary+banglasarc_binary,banglasarc3_binary,42
477fd95f302c284c,0,0,0.63671875,-0.90625,0.823895879756849,0.17610412024315097,1.1453747993842587,dann_matched,banglasarc3_binary+banglasarc_binary,banglasarc3_binary,42
8c8158a78b04bd05,1,1,-1.046875,0.68359375,0.15052763130295335,0.8494723686970466,1.1453747993842587,dann_matched,banglasarc3_binary+banglasarc_binary,banglasarc3_binary,42
226eabf5281f11fa,0,0,1.8828125,-1.9140625,0.9780517462851323,0.02194825371486785,1.1453747993842587,dann_matched,banglasarc3_binary+banglasarc_binary,banglasarc3_binary,42
d094516197c5cc27,0,0,0.69921875,-0.95703125,0.8397339676722393,0.16026603232776068,1.1453747993842587,dann_matched,banglasarc3_binary+banglasarc_binary,banglasarc3_binary,42
9d3e29981c15d1c1,0,0,0.12792969,-0.36132812,0.6199315763558614,0.38006842364413856,1.1453747993842587,dann_matched,banglasarc3_binary+banglasarc_binary,banglasarc3_binary,42
fd31f5f3ca6c7a27,1,0,0.7890625,-1.0,0.8568122978174237,0.1431877021825763,1.1453747993842587,dann_matched,banglasarc3_binary+banglasarc_binary,banglasarc3_binary,42
73b89dd260eea14b,0,0,2.078125,-2.0625,0.9843363512883317,0.015663648711668327,1.1453747993842587,dann_matched,banglasarc3_binary+banglasarc_binary,banglasarc3_binary,42
37f2931057293b4e,1,0,0.076660156,-0.31445312,0.5965506703419218,0.4034493296580782,1.1453747993842587,dann_matched,banglasarc3_binary+banglasarc_binary,banglasarc3_binary,42
d2fa1859fec8bc19,0,0,1.890625,-1.9921875,0.97982268167713,0.02017731832286999,1.1453747993842587,dann_matched,banglasarc3_binary+banglasarc_binary,banglasarc3_binary,42
50dbee0e7a539695,1,0,-0.119140625,-0.33007812,0.5525397080801923,0.44746029191980774,1.1453747993842587,dann_matched,banglasarc3_binary+banglasarc_binary,banglasarc3_binary,42
d2ebc3d3ea553892,1,0,1.890625,-1.9921875,0.97982268167713,0.02017731832286999,1.1453747993842587,dann_matched,banglasarc3_binary+banglasarc_binary,banglasarc3_binary,42
e15f93ee6c7733d1,1,0,1.2265625,-1.3984375,0.9324533088603709,0.0675466911396291,1.1453747993842587,dann_matched,banglasarc3_binary+banglasarc_binary,banglasarc3_binary,42
25e11947840674b6,1,1,-0.73046875,0.24804688,0.27318641537475025,0.7268135846252497,1.1453747993842587,dann_matched,banglasarc3_binary+banglasarc_binary,banglasarc3_binary,42
37ed4175676826d3,1,0,-0.13964844,-0.22460938,0.52122746695113,0.4787725330488701,1.1453747993842587,dann_matched,banglasarc3_binary+banglasarc_binary,banglasarc3_binary,42
acf59b60bc703e78,0,1,-0.65625,0.22460938,0.2929997269500959,0.7070002730499041,1.1453747993842587,dann_matched,banglasarc3_binary+banglasarc_binary,banglasarc3_binary,42
2dac047c35342cac,1,0,0.21289062,-0.62890625,0.6988435236330957,0.30115647636690435,1.1453747993842587,dann_matched,banglasarc3_binary+banglasarc_binary,banglasarc3_binary,42
ea0b4a8ffa6daf5d,0,0,1.3515625,-1.2421875,0.9304582554941719,0.06954174450582809,1.1453747993842587,dann_matched,banglasarc3_binary+banglasarc_binary,banglasarc3_binary,42
52c53afde23c5737,1,1,-0.47070312,0.056152344,0.37125059815873607,0.6287494018412638,1.1453747993842587,dann_matched,banglasarc3_binary+banglasarc_binary,banglasarc3_binary,42
597d374e58e24ce0,0,0,0.56640625,-0.8828125,0.8098781697309154,0.19012183026908458,1.1453747993842587,dann_matched,banglasarc3_binary+banglasarc_binary,banglasarc3_binary,42
21f6588fa41d80f2,1,1,-0.8359375,0.43945312,0.21833586262455928,0.7816641373754407,1.1453747993842587,dann_matched,banglasarc3_binary+banglasarc_binary,banglasarc3_binary,42
b4e8413b56264fde,0,0,1.0546875,-1.484375,0.9268352785943768,0.07316472140562331,1.1453747993842587,dann_matched,banglasarc3_binary+banglasarc_binary,banglasarc3_binary,42
576dad90f863a07a,0,0,1.7109375,-1.875,0.9730365001376665,0.02696349986233355,1.1453747993842587,dann_matched,banglasarc3_binary+banglasarc_binary,banglasarc3_binary,42
acc440f1fc8bac8a,1,0,1.7578125,-1.5703125,0.9653811611608242,0.03461883883917583,1.1453747993842587,dann_matched,banglasarc3_binary+banglasarc_binary,banglasarc3_binary,42
99f834500aa28da7,1,1,-1.203125,0.75,0.1242130083520534,0.8757869916479466,1.1453747993842587,dann_matched,banglasarc3_binary+banglasarc_binary,banglasarc3_binary,42
ab8cb0f62e0897af,0,0,-0.07519531,-0.15039062,0.5187899752246729,0.4812100247753272,1.1453747993842587,dann_matched,banglasarc3_binary+banglasarc_binary,banglasarc3_binary,42
c2990dd82a44f69e,1,1,-0.39648438,0.035888672,0.3935598124863247,0.6064401875136753,1.1453747993842587,dann_matched,banglasarc3_binary+banglasarc_binary,banglasarc3_binary,42
00d461014350b89e,1,1,-0.5234375,0.20117188,0.32637877584155367,0.6736212241584463,1.1453747993842587,dann_matched,banglasarc3_binary+banglasarc_binary,banglasarc3_binary,42
3e29fef3bf46bf1b,0,0,2.375,-2.265625,0.9904406006529085,0.009559399347091532,1.1453747993842587,dann_matched,banglasarc3_binary+banglasarc_binary,banglasarc3_binary,42
5707e3c0244d1dfb,1,0,0.26953125,-0.6953125,0.7240905557040317,0.27590944429596825,1.1453747993842587,dann_matched,banglasarc3_binary+banglasarc_binary,banglasarc3_binary,42
fd622c33ab6796bd,1,1,-0.9296875,0.4765625,0.1968262036430985,0.8031737963569016,1.1453747993842587,dann_matched,banglasarc3_binary+banglasarc_binary,banglasarc3_binary,42
61890d2332416b73,0,1,-0.671875,0.32421875,0.2697101295716962,0.7302898704283038,1.1453747993842587,dann_matched,banglasarc3_binary+banglasarc_binary,banglasarc3_binary,42
3b4ef2d9f41c852f,1,1,-0.93359375,0.48632812,0.19467383141900896,0.8053261685809909,1.1453747993842587,dann_matched,banglasarc3_binary+banglasarc_binary,banglasarc3_binary,42
e5390f71a9c29ba6,0,0,1.6015625,-1.65625,0.9629528313309248,0.037047168669075196,1.1453747993842587,dann_matched,banglasarc3_binary+banglasarc_binary,banglasarc3_binary,42
b099c317bb9c6687,1,1,-1.1953125,0.73828125,0.12635333964061335,0.8736466603593868,1.1453747993842587,dann_matched,banglasarc3_binary+banglasarc_binary,banglasarc3_binary,42
912bbeda5648f283,1,1,-0.1640625,-0.106933594,0.48572165659292227,0.5142783434070777,1.1453747993842587,dann_matched,banglasarc3_binary+banglasarc_binary,banglasarc3_binary,42
c823ae44a3e23b84,0,0,0.890625,-1.0859375,0.878314245362953,0.12168575463704705,1.1453747993842587,dann_matched,banglasarc3_binary+banglasarc_binary,banglasarc3_binary,42
bfea9a263b223c80,1,1,-0.36914062,-0.045410156,0.4197668740351248,0.5802331259648752,1.1453747993842587,dann_matched,banglasarc3_binary+banglasarc_binary,banglasarc3_binary,42
3cdaa503d41fc6a6,0,0,2.5625,-2.609375,0.9943580914999767,0.00564190850002335,1.1453747993842587,dann_matched,banglasarc3_binary+banglasarc_binary,banglasarc3_binary,42
d71f7c52c9ea87be,0,1,-1.03125,0.59765625,0.16398024910404715,0.8360197508959527,1.1453747993842587,dann_matched,banglasarc3_binary+banglasarc_binary,banglasarc3_binary,42
def9ea9b246c55b1,0,0,-0.075683594,-0.33203125,0.5637382538055683,0.4362617461944317,1.1453747993842587,dann_matched,banglasarc3_binary+banglasarc_binary,banglasarc3_binary,42
04b1b4f08fdd18c5,1,1,-1.03125,0.56640625,0.16830944120734956,0.8316905587926504,1.1453747993842587,dann_matched,banglasarc3_binary+banglasarc_binary,banglasarc3_binary,42
39bf383204dad4e3,0,0,1.546875,-1.609375,0.9591542840900507,0.040845715909949315,1.1453747993842587,dann_matched,banglasarc3_binary+banglasarc_binary,banglasarc3_binary,42
1f427bfaa298bf6b,1,1,-0.4765625,0.09375,0.3611647202343208,0.6388352797656791,1.1453747993842587,dann_matched,banglasarc3_binary+banglasarc_binary,banglasarc3_binary,42
ed3220bf0c8abb3b,1,1,-1.203125,0.77734375,0.1212688777402316,0.8787311222597683,1.1453747993842587,dann_matched,banglasarc3_binary+banglasarc_binary,banglasarc3_binary,42
855a37fc463d8e33,1,1,-1.296875,0.796875,0.10970577387797074,0.8902942261220291,1.1453747993842587,dann_matched,banglasarc3_binary+banglasarc_binary,banglasarc3_binary,42
4771a65e8a1e5abf,0,0,0.19726562,-0.5625,0.6813028462770989,0.31869715372290114,1.1453747993842587,dann_matched,banglasarc3_binary+banglasarc_binary,banglasarc3_binary,42
4f4b52f3c17a4ba1,0,0,1.15625,-1.453125,0.9314625069680097,0.06853749303199023,1.1453747993842587,dann_matched,banglasarc3_binary+banglasarc_binary,banglasarc3_binary,42
51e27f8269f8eaac,0,1,-0.78515625,0.38867188,0.23616372986522194,0.7638362701347781,1.1453747993842587,dann_matched,banglasarc3_binary+banglasarc_binary,banglasarc3_binary,42
8de5e108effcbaea,0,0,2.0625,-1.9921875,0.9829546827465642,0.01704531725343583,1.1453747993842587,dann_matched,banglasarc3_binary+banglasarc_binary,banglasarc3_binary,42
75e09ea10216853d,0,0,1.3125,-1.5,0.9433475746920261,0.05665242530797383,1.1453747993842587,dann_matched,banglasarc3_binary+banglasarc_binary,banglasarc3_binary,42
b3ece23327e83d73,0,0,1.3359375,-1.1796875,0.9252299570920387,0.07477004290796138,1.1453747993842587,dann_matched,banglasarc3_binary+banglasarc_binary,banglasarc3_binary,42
237b60d67d3a977b,0,0,2.046875,-1.9609375,0.982151261550011,0.017848738449988986,1.1453747993842587,dann_matched,banglasarc3_binary+banglasarc_binary,banglasarc3_binary,42
9ce912c1a315b4d4,1,1,-0.421875,-0.033935547,0.4042134336691412,0.5957865663308587,1.1453747993842587,dann_matched,banglasarc3_binary+banglasarc_binary,banglasarc3_binary,42
a034075943ae5ef1,1,1,-1.0625,0.5859375,0.16132023775174625,0.8386797622482537,1.1453747993842587,dann_matched,banglasarc3_binary+banglasarc_binary,banglasarc3_binary,42
00e1bdb06e67ed07,0,0,1.1015625,-1.25,0.9130583432721083,0.08694165672789168,1.1453747993842587,dann_matched,banglasarc3_binary+banglasarc_binary,banglasarc3_binary,42
5e81d0127cda6083,1,0,0.20605469,-0.6015625,0.6916015091018004,0.3083984908981995,1.1453747993842587,dann_matched,banglasarc3_binary+banglasarc_binary,banglasarc3_binary,42
391c2dab4f4a8ea6,1,1,-1.359375,0.953125,0.09009299396195182,0.9099070060380482,1.1453747993842587,dann_matched,banglasarc3_binary+banglasarc_binary,banglasarc3_binary,42
76010f7452a4ee0b,0,0,1.3203125,-1.4375,0.9403530570548787,0.0596469429451214,1.1453747993842587,dann_matched,banglasarc3_binary+banglasarc_binary,banglasarc3_binary,42
501212c9f4c39f1a,0,0,1.546875,-1.703125,0.9626731126558706,0.037326887344129464,1.1453747993842587,dann_matched,banglasarc3_binary+banglasarc_binary,banglasarc3_binary,42
2d0c4e3b8cd32421,1,1,-1.328125,0.93359375,0.09434341182812206,0.9056565881718779,1.1453747993842587,dann_matched,banglasarc3_binary+banglasarc_binary,banglasarc3_binary,42
b46fca43ca40e1a1,0,1,-0.28320312,-0.14257812,0.46490157137338844,0.5350984286266115,1.1453747993842587,dann_matched,banglasarc3_binary+banglasarc_binary,banglasarc3_binary,42
eb34b73284cdfb62,0,0,0.9609375,-1.1328125,0.8902942261220291,0.10970577387797074,1.1453747993842587,dann_matched,banglasarc3_binary+banglasarc_binary,banglasarc3_binary,42
82b1b909a5385c25,0,0,-0.09033203,-0.21289062,0.5306013537760454,0.46939864622395466,1.1453747993842587,dann_matched,banglasarc3_binary+banglasarc_binary,banglasarc3_binary,42
afab669e2802f55a,0,0,1.734375,-1.921875,0.9748211582993981,0.025178841700601855,1.1453747993842587,dann_matched,banglasarc3_binary+banglasarc_binary,banglasarc3_binary,42
32655b6af6468900,1,1,-0.87109375,0.41796875,0.21601153469447487,0.7839884653055251,1.1453747993842587,dann_matched,banglasarc3_binary+banglasarc_binary,banglasarc3_binary,42
63522bcc58aca5aa,1,1,-0.37695312,-0.07470703,0.4250084989259593,0.5749915010740407,1.1453747993842587,dann_matched,banglasarc3_binary+banglasarc_binary,banglasarc3_binary,42
b81a6fc550996879,0,1,-0.19824219,-0.1953125,0.4992675786488685,0.5007324213511315,1.1453747993842587,dann_matched,banglasarc3_binary+banglasarc_binary,banglasarc3_binary,42
9e9c76d8536be656,0,0,2.0625,-2.125,0.98504291340685,0.01495708659314999,1.1453747993842587,dann_matched,banglasarc3_binary+banglasarc_binary,banglasarc3_binary,42
487ba6736df9dac4,1,1,-0.43945312,0.03125,0.3844498368583981,0.6155501631416019,1.1453747993842587,dann_matched,banglasarc3_binary+banglasarc_binary,banglasarc3_binary,42
7224809745c5317e,0,0,0.39648438,-0.6953125,0.748719933847045,0.251280066152955,1.1453747993842587,dann_matched,banglasarc3_binary+banglasarc_binary,banglasarc3_binary,42
cc351cfcab72e656,0,0,-0.083496094,-0.27734375,0.5483107280500612,0.45168927194993885,1.1453747993842587,dann_matched,banglasarc3_binary+banglasarc_binary,banglasarc3_binary,42
0ac9087c2e695175,0,0,2.203125,-2.1875,0.9877587247081928,0.012241275291807161,1.1453747993842587,dann_matched,banglasarc3_binary+banglasarc_binary,banglasarc3_binary,42
7ab4d04075a8767b,1,1,-0.4765625,0.099121094,0.35992640227790557,0.6400735977220945,1.1453747993842587,dann_matched,banglasarc3_binary+banglasarc_binary,banglasarc3_binary,42
005a81526dd973be,1,1,-1.078125,0.73828125,0.13986565348595606,0.8601343465140441,1.1453747993842587,dann_matched,banglasarc3_binary+banglasarc_binary,banglasarc3_binary,42
5422984065fd2576,1,0,1.53125,-1.5703125,0.9569571506599678,0.04304284934003218,1.1453747993842587,dann_matched,banglasarc3_binary+banglasarc_binary,banglasarc3_binary,42
73b2db9434de0a4f,1,1,-1.171875,0.84375,0.11757213354550883,0.8824278664544911,1.1453747993842587,dann_matched,banglasarc3_binary+banglasarc_binary,banglasarc3_binary,42
7b755c23081cae77,1,1,-0.96875,0.5859375,0.17441027833079015,0.8255897216692099,1.1453747993842587,dann_matched,banglasarc3_binary+banglasarc_binary,banglasarc3_binary,42
4df4505e1099e8b8,0,1,-0.71484375,0.38867188,0.24908175189735485,0.7509182481026451,1.1453747993842587,dann_matched,banglasarc3_binary+banglasarc_binary,banglasarc3_binary,42
20d8bb2aacda3ef4,0,0,2.15625,-2.125,0.9863631647185701,0.013636835281429876,1.1453747993842587,dann_matched,banglasarc3_binary+banglasarc_binary,banglasarc3_binary,42
86168cedfa8908d4,1,1,-0.93359375,0.43945312,0.20212802394796642,0.7978719760520335,1.1453747993842587,dann_matched,banglasarc3_binary+banglasarc_binary,banglasarc3_binary,42
ffe0b07ccb36819b,1,1,-1.3515625,1.0390625,0.08389038641057993,0.91610961358942,1.1453747993842587,dann_matched,banglasarc3_binary+banglasarc_binary,banglasarc3_binary,42
0f006194b45e6c5f,1,1,-1.078125,0.671875,0.1480471980316895,0.8519528019683106,1.1453747993842587,dann_matched,banglasarc3_binary+banglasarc_binary,banglasarc3_binary,42
0032784830ddb818,0,0,1.0390625,-1.28125,0.9105453978311193,0.08945460216888064,1.1453747993842587,dann_matched,banglasarc3_binary+banglasarc_binary,banglasarc3_binary,42
471ce8d0863df951,0,0,-0.14355469,-0.31445312,0.5426209266222806,0.4573790733777195,1.1453747993842587,dann_matched,banglasarc3_binary+banglasarc_binary,banglasarc3_binary,42
b8051eeb7d141427,1,1,-1.03125,0.6640625,0.15507847160659358,0.8449215283934065,1.1453747993842587,dann_matched,banglasarc3_binary+banglasarc_binary,banglasarc3_binary,42
13f5d731d71ec752,0,0,2.28125,-2.3125,0.9899864293768268,0.010013570623173138,1.1453747993842587,dann_matched,banglasarc3_binary+banglasarc_binary,banglasarc3_binary,42
53d67a30efe6b19e,0,1,-0.93359375,0.515625,0.19012183026908458,0.8098781697309154,1.1453747993842587,dann_matched,banglasarc3_binary+banglasarc_binary,banglasarc3_binary,42
002c1140ae3dde4e,1,1,-0.38476562,-0.06347656,0.4203616256056157,0.5796383743943843,1.1453747993842587,dann_matched,banglasarc3_binary+banglasarc_binary,banglasarc3_binary,42
03a3878f85634362,1,1,-1.3125,0.9140625,0.09739039825194779,0.9026096017480523,1.1453747993842587,dann_matched,banglasarc3_binary+banglasarc_binary,banglasarc3_binary,42
15cf011d32f28273,1,1,-0.7421875,0.33984375,0.2531218139565015,0.7468781860434985,1.1453747993842587,dann_matched,banglasarc3_binary+banglasarc_binary,banglasarc3_binary,42
39afb1a94688145e,1,0,0.3359375,-0.6640625,0.7310585786300049,0.2689414213699951,1.1453747993842587,dann_matched,banglasarc3_binary+banglasarc_binary,banglasarc3_binary,42
5f3e3a9180cef321,1,1,-0.203125,-0.11425781,0.47779781278905337,0.5222021872109467,1.1453747993842587,dann_matched,banglasarc3_binary+banglasarc_binary,banglasarc3_binary,42
4962ffafd1494e25,1,0,0.23242188,-0.58203125,0.693057625573213,0.306942374426787,1.1453747993842587,dann_matched,banglasarc3_binary+banglasarc_binary,banglasarc3_binary,42
2f76c0643b8dc919,1,1,-1.078125,0.60546875,0.156620183363451,0.843379816636549,1.1453747993842587,dann_matched,banglasarc3_binary+banglasarc_binary,banglasarc3_binary,42
984ddd9e97dcc313,0,0,0.17871094,-0.6171875,0.6890964342015904,0.31090356579840966,1.1453747993842587,dann_matched,banglasarc3_binary+banglasarc_binary,banglasarc3_binary,42
37b55e10fbcaaa62,0,1,-0.8203125,0.40820312,0.22644133166358038,0.7735586683364196,1.1453747993842587,dann_matched,banglasarc3_binary+banglasarc_binary,banglasarc3_binary,42
73d0ee7cb4b89e64,1,1,-0.9296875,0.60546875,0.17724051706725022,0.8227594829327498,1.1453747993842587,dann_matched,banglasarc3_binary+banglasarc_binary,banglasarc3_binary,42
67351714d10f07bb,1,1,-0.61328125,0.24609375,0.2974699426047947,0.7025300573952054,1.1453747993842587,dann_matched,banglasarc3_binary+banglasarc_binary,banglasarc3_binary,42
a4ebfa262a40ce6d,1,1,-0.8203125,0.47265625,0.2153507429786673,0.7846492570213327,1.1453747993842587,dann_matched,banglasarc3_binary+banglasarc_binary,banglasarc3_binary,42
711787e882523b00,0,0,0.122558594,-0.46289062,0.6423203052849601,0.35767969471503996,1.1453747993842587,dann_matched,banglasarc3_binary+banglasarc_binary,banglasarc3_binary,42
46fef03e1665a7ca,0,0,-0.072265625,-0.2421875,0.5423785498964897,0.45762145010351035,1.1453747993842587,dann_matched,banglasarc3_binary+banglasarc_binary,banglasarc3_binary,42
a76dc1c36dd7c504,0,0,0.7890625,-0.97265625,0.8534247908404916,0.14657520915950842,1.1453747993842587,dann_matched,banglasarc3_binary+banglasarc_binary,banglasarc3_binary,42
d7b2d256a4143a25,1,0,0.76171875,-0.9453125,0.8464508271169839,0.15354917288301603,1.1453747993842587,dann_matched,banglasarc3_binary+banglasarc_binary,banglasarc3_binary,42
1b94ccf4d275d3d1,1,0,0.19042969,-0.35351562,0.6327297197512531,0.3672702802487469,1.1453747993842587,dann_matched,banglasarc3_binary+banglasarc_binary,banglasarc3_binary,42
734ed3d8328829a9,1,1,-0.76171875,0.27929688,0.2609540759298918,0.7390459240701083,1.1453747993842587,dann_matched,banglasarc3_binary+banglasarc_binary,banglasarc3_binary,42
a6b2d326016440e6,1,1,-0.56640625,0.15820312,0.32637877584155367,0.6736212241584463,1.1453747993842587,dann_matched,banglasarc3_binary+banglasarc_binary,banglasarc3_binary,42
31b230e3a9af4fda,0,0,0.45703125,-0.7109375,0.7627776615116516,0.2372223384883484,1.1453747993842587,dann_matched,banglasarc3_binary+banglasarc_binary,banglasarc3_binary,42
2220cd6a505565f7,0,0,2.078125,-1.921875,0.9820137900379085,0.017986209962091555,1.1453747993842587,dann_matched,banglasarc3_binary+banglasarc_binary,banglasarc3_binary,42
ce2b334fad8c3a5d,0,0,1.078125,-1.3046875,0.9155072460249908,0.08449275397500926,1.1453747993842587,dann_matched,banglasarc3_binary+banglasarc_binary,banglasarc3_binary,42
722c6881b0dee379,1,1,-1.0078125,0.6640625,0.1581743527484317,0.8418256472515684,1.1453747993842587,dann_matched,banglasarc3_binary+banglasarc_binary,banglasarc3_binary,42
f1e88058df9310e0,1,0,0.26953125,-0.5234375,0.6884684230494847,0.3115315769505153,1.1453747993842587,dann_matched,banglasarc3_binary+banglasarc_binary,banglasarc3_binary,42
e2b5924ce46e4127,1,0,0.008361816,-0.21289062,0.5550885659140076,0.4449114340859925,1.1453747993842587,dann_matched,banglasarc3_binary+banglasarc_binary,banglasarc3_binary,42
8aa47f0f19a6b655,0,0,1.875,-1.7734375,0.9746286885255978,0.02537131147440214,1.1453747993842587,dann_matched,banglasarc3_binary+banglasarc_binary,banglasarc3_binary,42
366e2c4f0de8d88d,0,1,-1.203125,0.76171875,0.12294379806223382,0.8770562019377661,1.1453747993842587,dann_matched,banglasarc3_binary+banglasarc_binary,banglasarc3_binary,42
49e7e0b2adafbcd1,0,0,1.390625,-1.5625,0.9504109770159683,0.04958902298403175,1.1453747993842587,dann_matched,banglasarc3_binary+banglasarc_binary,banglasarc3_binary,42
aae4075a20d3ba22,0,0,1.0703125,-1.2734375,0.9124361604769414,0.08756383952305867,1.1453747993842587,dann_matched,banglasarc3_binary+banglasarc_binary,banglasarc3_binary,42
f70f4b9f132b9352,0,0,0.50390625,-0.7734375,0.7819972846876342,0.21800271531236584,1.1453747993842587,dann_matched,banglasarc3_binary+banglasarc_binary,banglasarc3_binary,42
e868e8fa9c38e342,0,0,1.8828125,-1.9453125,0.9787126482065489,0.021287351793451054,1.1453747993842587,dann_matched,banglasarc3_binary+banglasarc_binary,banglasarc3_binary,42
34f804166b33a246,1,1,-1.078125,0.71875,0.1422318950098963,0.8577681049901036,1.1453747993842587,dann_matched,banglasarc3_binary+banglasarc_binary,banglasarc3_binary,42
186dcee2e7df2920,1,1,-1.2421875,0.8203125,0.11279540628289324,0.8872045937171068,1.1453747993842587,dann_matched,banglasarc3_binary+banglasarc_binary,banglasarc3_binary,42
992528b2a23ee70a,0,0,1.5,-1.6328125,0.9582261192116938,0.04177388078830622,1.1453747993842587,dann_matched,banglasarc3_binary+banglasarc_binary,banglasarc3_binary,42
63b9ff3f715bfb2f,0,0,2.1875,-2.171875,0.9873750507184357,0.012624949281564409,1.1453747993842587,dann_matched,banglasarc3_binary+banglasarc_binary,banglasarc3_binary,42
52a86f6315459641,1,1,-1.234375,0.8203125,0.11357959169117389,0.8864204083088262,1.1453747993842587,dann_matched,banglasarc3_binary+banglasarc_binary,banglasarc3_binary,42
875e2c2018999836,0,0,1.1484375,-1.3359375,0.9230391643039738,0.07696083569602613,1.1453747993842587,dann_matched,banglasarc3_binary+banglasarc_binary,banglasarc3_binary,42
b0853ab27aae530b,0,1,-0.28710938,-0.12402344,0.4593186425973457,0.5406813574026543,1.1453747993842587,dann_matched,banglasarc3_binary+banglasarc_binary,banglasarc3_binary,42
2360a4258810318d,0,1,-0.3828125,0.04711914,0.3941426552739175,0.6058573447260825,1.1453747993842587,dann_matched,banglasarc3_binary+banglasarc_binary,banglasarc3_binary,42
6691a7d1596c1c0e,0,0,1.2109375,-1.2578125,0.9219218348550491,0.07807816514495095,1.1453747993842587,dann_matched,banglasarc3_binary+banglasarc_binary,banglasarc3_binary,42
c7c7d1e79083dbae,0,0,0.2734375,-0.59765625,0.7049732336450086,0.29502676635499137,1.1453747993842587,dann_matched,banglasarc3_binary+banglasarc_binary,banglasarc3_binary,42
07edd2171dff4faa,1,1,-0.99609375,0.5703125,0.1727293128639838,0.8272706871360163,1.1453747993842587,dann_matched,banglasarc3_binary+banglasarc_binary,banglasarc3_binary,42
2652e297e664589c,1,1,-1.0546875,0.58203125,0.16291203745291188,0.8370879625470882,1.1453747993842587,dann_matched,banglasarc3_binary+banglasarc_binary,banglasarc3_binary,42
ce6d32b468635b62,1,1,-1.171875,0.73828125,0.12896329929010264,0.8710367007098975,1.1453747993842587,dann_matched,banglasarc3_binary+banglasarc_binary,banglasarc3_binary,42
112e0419a2dcbd6c,0,1,-0.63671875,0.31445312,0.278649209526883,0.721350790473117,1.1453747993842587,dann_matched,banglasarc3_binary+banglasarc_binary,banglasarc3_binary,42
175f493bd4aa3997,1,0,0.107421875,-0.44335938,0.6343168279804076,0.3656831720195924,1.1453747993842587,dann_matched,banglasarc3_binary+banglasarc_binary,banglasarc3_binary,42
15319cb8ed77aaa8,1,1,-1.0,0.65234375,0.16079243661397521,0.8392075633860248,1.1453747993842587,dann_matched,banglasarc3_binary+banglasarc_binary,banglasarc3_binary,42
