item_id,gold_label,pred_label,logit_0,logit_1,prob_0,prob_1,temperature,system,source,target,seed
75b57cb785399524,1,0,-0.28125,-0.35546875,0.5185461749336651,0.481453825066335,1.051085356726728,dann_matched,banglasarc3_binary+banglasarc_binary,banglasarc3_binary,2024
ea89903ebde9ec48,0,0,2.34375,-2.28125,0.9902915235185259,0.009708476481474066,1.051085356726728,dann_matched,banglasarc3_binary+banglasarc_binary,banglasarc3_binary,2024
7985dbfde1b7e765,1,1,-0.66015625,0.1484375,0.3081902399767429,0.6918097600232571,1.051085356726728,dann_matched,banglasarc3_binary+banglasarc_binary,banglasarc3_binary,2024
d0c67c93af7f80e7,0,0,1.296875,-1.6015625,0.9477691428985743,0.052230857101425734,1.051085356726728,dann_matched,banglasarc3_binary+banglasarc_binary,banglasarc3_binary,2024
050e2a5781c6d2a8,1,1,-1.25,0.84375,0.10970577387797074,0.8902942261220291,1.051085356726728,dann_matched,banglasarc3_binary+banglasarc_binary,banglasarc3_binary,2024
510f4f1ce14fbaae,1,0,-0.060791016,-0.5,0.6080705314251882,0.39192946857481176,1.051085356726728,dann_matched,banglasarc3_binary+banglasarc_binary,banglasarc3_binary,2024
1e477c743f0a9075,0,0,0.71875,-1.0390625,0.8529354795409523,0.14706452045904778,1.051085356726728,dann_matched,banglasarc3_binary+banglasarc_binary,banglasarc3_binary,2024
8bc8673823772559,1,1,-0.56640625,0.079589844,0.3438923748167788,0.6561076251832212,1.051085356726728,dann_matched,banglasarc3_binary+banglasarc_binary,banglasarc3_binary,2024
bd8f33b2d8745739,1,1,-1.46875,1.03125,0.07585818002124356,0.9241418199787566,1.051085356726728,dann_matched,banglasarc3_binary+banglasarc_binary,banglasarc3_binary,2024
f38f331e6bcc6f51,0,0,2.453125,-2.328125,0.9916842215225259,0.008315778477474129,1.051085356726728,dann_matched,banglasarc3_binary+banglasarc_binary,banglasarc3_binary,2024
711571c05022201a,1,1,-0.9375,0.59765625,0.17724051706725022,0.8227594829327498,1.051085356726728,dann_matched,banglasarc3_binary+banglasarc_binary,banglasarc3_binary,2024
e16f46a1ebdb3d2c,1,0,0.21191406,-0.73046875,0.719580723058571,0.280419276941429,1.051085356726728,dann_matched,banglasarc3_binary+banglasarc_binary,banglasarc3_binary,2024
96f8f1c864b37ed7,0,1,-1.1953125,0.7734375,0.12252321251815919,0.8774767874818407,1.051085356726728,dann_matched,banglasarc3_binary+banglasarc_binary,banglasarc3_binary,2024
f479880c55bd2491,0,0,0.28710938,-0.79296875,0.7465087674839027,0.25349123251609723,1.051085356726728,dann_matched,banglasarc3_binary+banglasarc_binary,banglasarc3_binary,2024
65fbbf2f8d05469a,1,1,-1.3203125,0.66015625,0.1212688777402316,0.8787311222597683,1.051085356726728,dann_matched,banglasarc3_binary+banglasarc_binary,banglasarc3_binary,2024
8c201fa1f055e850,1,0,-0.25390625,-0.27148438,0.5043944180978035,0.49560558190219656,1.051085356726728,dann_matched,banglasarc3_binary+banglasarc_binary,banglasarc3_binary,2024
eb85c00573b45dd3,1,1,-0.7890625,0.41210938,0.23126681205738467,0.7687331879426154,1.051085356726728,dann_matched,banglasarc3_binary+banglasarc_binary,banglasarc3_binary,2024
db73ddb0d256ba8f,1,1,-0.40820312,-0.06542969,0.41513593363925716,0.5848640663607428,1.051085356726728,dann_matched,banglasarc3_binary+banglasarc_binary,banglasarc3_binary,2024
108f2ff9574fa860,1,0,0.35351562,-0.81640625,0.7631308939755528,0.23686910602444727,1.051085356726728,dann_matched,banglasarc3_binary+banglasarc_binary,banglasarc3_binary,2024
651cfe2be094f7d4,0,0,0.29882812,-0.6953125,0.7299049970975119,0.27009500290248817,1.051085356726728,dann_matched,banglasarc3_binary+banglasarc_binary,banglasarc3_binary,2024
701194ab8ff79d41,1,1,-0.98046875,0.62109375,0.16776334721819924,0.8322366527818007,1.051085356726728,dann_matched,banglasarc3_binary+banglasarc_binary,banglasarc3_binary,2024
7d54a3089303d820,1,1,-1.2890625,0.8828125,0.10230470789265303,0.8976952921073469,1.051085356726728,dann_matched,banglasarc3_binary+banglasarc_binary,banglasarc3_binary,2024
07a4bfe2a5a2e5ca,1,1,-0.2734375,-0.17285156,0.47487469589028836,0.5251253041097116,1.051085356726728,dann_matched,banglasarc3_binary+banglasarc_binary,banglasarc3_binary,2024
8e8d800bdbdaaff7,0,0,0.578125,-0.9453125,0.8210441123099046,0.1789558876900955,1.051085356726728,dann_matched,banglasarc3_binary+banglasarc_binary,banglasarc3_binary,2024
c015494f033a38d6,0,1,-0.43945312,-0.043945312,0.402392113079315,0.5976078869206849,1.051085356726728,dann_matched,banglasarc3_binary+banglasarc_binary,banglasarc3_binary,2024
ce91a1211be5691e,0,1,-0.23730469,-0.22363281,0.49658208448961205,0.5034179155103881,1.051085356726728,dann_matched,banglasarc3_binary+banglasarc_binary,banglasarc3_binary,2024
b67fe2f1724da4fc,0,0,-0.029418945,-0.515625,0.6192122694049332,0.38078773059506665,1.051085356726728,dann_matched,banglasarc3_binary+banglasarc_binary,banglasarc3_binary,2024
c82b33bcfb8e93ad,1,1,-1.25,0.8203125,0.11201595092000367,0.8879840490799963,1.051085356726728,dann_matched,banglasarc3_binary+banglasarc_binary,banglasarc3_binary,2024
94ad7e948eed42c2,1,1,-0.92578125,0.38476562,0.21239534653504913,0.7876046534649508,1.051085356726728,dann_matched,banglasarc3_binary+banglasarc_binary,banglasarc3_binary,2024
7065829cdc40567b,1,0,0.25585938,-0.72265625,0.7268135846252497,0.27318641537475025,1.051085356726728,dann_matched,banglasarc3_binary+banglasarc_binary,banglasarc3_binary,2024
80cf082fa6d9ed32,0,0,-0.18554688,-0.3515625,0.5414088434996145,0.4585911565003855,1.051085356726728,dann_matched,banglasarc3_binary+banglasarc_binary,banglasarc3_binary,2024
082cc009d05d3e6a,0,0,1.0703125,-1.5390625,0.9314625069680097,0.06853749303199023,1.051085356726728,dann_matched,banglasarc3_binary+banglasarc_binary,banglasarc3_binary,2024
91675e6a7e696d31,1,1,-1.3203125,0.984375,0.09073548763985106,0.909264512360149,1.051085356726728,dann_matched,banglasarc3_binary+banglasarc_binary,banglasarc3_binary,2024
0f26e9a22c5ac1d7,0,1,-0.50390625,0.17382812,0.3367671540610278,0.6632328459389722,1.051085356726728,dann_matched,banglasarc3_binary+banglasarc_binary,banglasarc3_binary,2024
9a4c63e1a0b50046,0,0,1.0234375,-1.40625,0.9190632902163844,0.08093670978361556,1.051085356726728,dann_matched,banglasarc3_binary+banglasarc_binary,banglasarc3_binary,2024
dd8a11641c9c1035,1,1,-0.46875,0.015991211,0.3811331840739928,0.6188668159260072,1.051085356726728,dann_matched,banglasarc3_binary+banglasarc_binary,banglasarc3_binary,2024
947e78373e8ee90d,1,1,-1.2265625,0.69140625,0.1280882483446611,0.8719117516553389,1.051085356726728,dann_matched,banglasarc3_binary+banglasarc_binary,banglasarc3_binary,2024
a93bffde267df6fb,0,1,-0.97265625,0.4453125,0.1949802170214588,0.8050197829785412,1.051085356726728,dann_matched,banglasarc3_binary+banglasarc_binary,banglasarc3_binary,2024
2b6006a4aa890634,0,1,-0.76171875,0.33007812,0.251280066152955,0.748719933847045,1.051085356726728,dann_matched,banglasarc3_binary+banglasarc_binary,banglasarc3_binary,2024
08c0f13f45787db9,0,0,1.265625,-1.5,0.9407897492587141,0.05921025074128593,1.051085356726728,dann_matched,banglasarc3_binary+banglasarc_binary,banglasarc3_binary,2024
ec266bb4c5478b18,1,1,-1.1953125,0.78515625,0.1212688777402316,0.8787311222597683,1.051085356726728,dann_matched,banglasarc3_binary+banglasarc_binary,banglasarc3_binary,2024
073d86cef983e918,1,1,-0.5234375,0.087890625,0.35175629421204174,0.6482437057879583,1.051085356726728,dann_matched,banglasarc3_binary+banglasarc_binary,banglasarc3_binary,2024
67edcfa910eb831c,1,0,-0.171875,-0.24316406,0.5178147215357729,0.4821852784642272,1.051085356726728,dann_matched,banglasarc3_binary+banglasarc_binary,banglasarc3_binary,2024
04d2c1127101c192,1,1,-1.0546875,0.51171875,0.1727293128639838,0.8272706871360163,1.051085356726728,dann_matched,banglasarc3_binary+banglasarc_binary,banglasarc3_binary,2024
876b4804c6fc5b43,1,1,-1.09375,0.73828125,0.13799647126840353,0.8620035287315965,1.051085356726728,dann_matched,banglasarc3_binary+banglasarc_binary,banglasarc3_binary,2024
34dbd0864564cfc0,0,1,-0.68359375,0.11621094,0.31006729966010704,0.689932700339893,1.051085356726728,dann_matched,banglasarc3_binary+banglasarc_binary,banglasarc3_binary,2024
63a49fd32ab811fd,0,0,0.42382812,-0.75,0.7638362701347781,0.23616372986522194,1.051085356726728,dann_matched,banglasarc3_binary+banglasarc_binary,banglasarc3_binary,2024
9f666c15fa725558,0,0,1.5546875,-1.640625,0.9606574967357419,0.03934250326425821,1.051085356726728,dann_matched,banglasarc3_binary+banglasarc_binary,banglasarc3_binary,2024
265176b36196d1b2,0,0,0.453125,-0.859375,0.7879311956428947,0.21206880435710532,1.051085356726728,dann_matched,banglasarc3_binary+banglasarc_binary,banglasarc3_binary,2024
96de00b59977a347,1,1,-0.80859375,0.31445312,0.24544655698700496,0.7545534430129951,1.051085356726728,dann_matched,banglasarc3_binary+banglasarc_binary,banglasarc3_binary,2024
4a51117b4af25a2c,1,1,-1.09375,0.75390625,0.1361483150237161,0.863851684976284,1.051085356726728,dann_matched,banglasarc3_binary+banglasarc_binary,banglasarc3_binary,2024
aaa1c8bb9251740a,1,1,-0.85546875,0.41601562,0.21900325745915322,0.7809967425408467,1.051085356726728,dann_matched,banglasarc3_binary+banglasarc_binary,banglasarc3_binary,2024
b956c99bea48b45e,0,0,0.09277344,-0.6328125,0.6738358905475195,0.3261641094524806,1.051085356726728,dann_matched,banglasarc3_binary+banglasarc_binary,banglasarc3_binary,2024
a7f029b1664720b2,0,0,1.765625,-1.703125,0.9697854129326061,0.03021458706739398,1.051085356726728,dann_matched,banglasarc3_binary+banglasarc_binary,banglasarc3_binary,2024
1f65da3aad7897f2,0,0,2.34375,-2.3125,0.9905874104123901,0.009412589587609823,1.051085356726728,dann_matched,banglasarc3_binary+banglasarc_binary,banglasarc3_binary,2024
e299df642da32c11,1,0,0.58203125,-0.9609375,0.823895879756849,0.17610412024315097,1.051085356726728,dann_matched,banglasarc3_binary+banglasarc_binary,banglasarc3_binary,2024
281dcf0e5128a950,1,1,-0.76171875,0.41601562,0.23545980614330655,0.7645401938566934,1.051085356726728,dann_matched,banglasarc3_binary+banglasarc_binary,banglasarc3_binary,2024
4d19d4857cf11f76,1,0,-0.0048828125,-0.5703125,0.6377079320019303,0.3622920679980696,1.051085356726728,dann_matched,banglasarc3_binary+banglasarc_binary,banglasarc3_binary,2024
0a1efda3664119ed,0,1,-0.33007812,-0.12695312,0.44939263446475963,0.5506073655352404,1.051085356726728,dann_matched,banglasarc3_binary+banglasarc_binary,banglasarc3_binary,2024
222513aed35eef7e,0,0,1.2890625,-1.6015625,0.9473810466522863,0.05261895334771377,1.051085356726728,dann_matched,banglasarc3_binary+banglasarc_binary,banglasarc3_binary,2024
39fe6dafd7939acc,0,0,0.80078125,-1.3046875,0.8914335771643437,0.10856642283565619,1.051085356726728,dann_matched,banglasarc3_binary+banglasarc_binary,banglasarc3_binary,2024
a27193d4c497eccb,0,0,0.20605469,-0.58203125,0.6874201965622679,0.3125798034377321,1.051085356726728,dann_matched,banglasarc3_binary+banglasarc_binary,banglasarc3_binary,2024
a6de149712c45c7c,1,1,-0.6640625,0.2890625,0.2782567937024021,0.7217432062975979,1.051085356726728,dann_matched,banglasarc3_binary+banglasarc_binary,banglasarc3_binary,2024
73ec3e5aee767003,0,0,1.265625,-1.609375,0.9465966702001757,0.053403329799824234,1.051085356726728,dann_matched,banglasarc3_binary+banglasarc_binary,banglasarc3_binary,2024
7be88e4c070ecb7c,0,1,-1.140625,0.484375,0.1645164628965632,0.8354835371034369,1.051085356726728,dann_matched,banglasarc3_binary+banglasarc_binary,banglasarc3_binary,2024
e1692847746aaeb7,0,1,-1.296875,0.92578125,0.09773431959046293,0.9022656804095371,1.051085356726728,dann_matched,banglasarc3_binary+banglasarc_binary,banglasarc3_binary,2024
affe88ed42c09f2b,0,1,-0.53125,0.10205078,0.3467624728862202,0.6532375271137799,1.051085356726728,dann_matched,banglasarc3_binary+banglasarc_binary,banglasarc3_binary,2024
c26d77ece62c8a34,0,0,0.40039062,-0.85546875,0.7783124988012587,0.2216875011987412,1.051085356726728,dann_matched,banglasarc3_binary+banglasarc_binary,banglasarc3_binary,2024
4562504c76eb98bd,1,0,0.22070312,-0.7578125,0.7268135846252497,0.27318641537475025,1.051085356726728,dann_matched,banglasarc3_binary+banglasarc_binary,banglasarc3_binary,2024
c31bf7af3cca52d5,0,0,0.22753906,-0.85546875,0.7470627618037584,0.2529372381962416,1.051085356726728,dann_matched,banglasarc3_binary+banglasarc_binary,banglasarc3_binary,2024
d60439bc7741539c,1,1,-0.5078125,0.053222656,0.36330797838435036,0.6366920216156495,1.051085356726728,dann_matched,banglasarc3_binary+banglasarc_binary,banglasarc3_binary,2024
f10b478fd6e0b177,0,0,2.5,-2.21875,0.9911526449170697,0.008847355082930386,1.051085356726728,dann_matched,banglasarc3_binary+banglasarc_binary,banglasarc3_binary,2024
3fbae9ce8772e658,0,0,1.6484375,-1.8515625,0.9706877692486436,0.029312230751356316,1.051085356726728,dann_matched,banglasarc3_binary+banglasarc_binary,banglasarc3_binary,2024
d823840f4b1ff927,0,0,1.234375,-1.6796875,0.9485372345673925,0.05146276543260743,1.051085356726728,dann_matched,banglasarc3_binary+banglasarc_binary,banglasarc3_binary,2024
e0c3a628a2e7801f,1,0,0.09667969,-0.68359375,0.6857390429876268,0.3142609570123732,1.051085356726728,dann_matched,banglasarc3_binary+banglasarc_binary,banglasarc3_binary,2024
eff887513d13438d,1,0,0.78515625,-1.421875,0.9008791448995754,0.09912085510042459,1.051085356726728,dann_matched,banglasarc3_binary+banglasarc_binary,banglasarc3_binary,2024
0cd82b6dca6fe2e1,1,1,-0.88671875,0.39257812,0.21766993477709637,0.7823300652229036,1.051085356726728,dann_matched,banglasarc3_binary+banglasarc_binary,banglasarc3_binary,2024
1d09754dbb62cc6b,1,1,-0.8828125,0.4140625,0.2146914191122419,0.785308580887758,1.051085356726728,dann_matched,banglasarc3_binary+banglasarc_binary,banglasarc3_binary,2024
c311ed8c137856aa,1,0,-0.24609375,-0.26367188,0.5043944180978035,0.49560558190219656,1.051085356726728,dann_matched,banglasarc3_binary+banglasarc_binary,banglasarc3_binary,2024
7071237a4ec6c93c,1,1,-0.8046875,0.32617188,0.2440025411640579,0.7559974588359422,1.051085356726728,dann_matched,banglasarc3_binary+banglasarc_binary,banglasarc3_binary,2024
406cc3cc6af1c396,0,1,-1.1640625,0.75,0.1285251389364931,0.8714748610635069,1.051085356726728,dann_matched,banglasarc3_binary+banglasarc_binary,banglasarc3_binary,2024
5017f4130c84f906,1,1,-0.66796875,0.34570312,0.2662618740342962,0.7337381259657038,1.051085356726728,dann_matched,banglasarc3_binary+banglasarc_binary,banglasarc3_binary,2024
dda9d98881ec3a10,0,0,-0.17578125,-0.30078125,0.5312093733737563,0.46879062662624377,1.051085356726728,dann_matched,banglasarc3_binary+banglasarc_binary,banglasarc3_binary,2024
44526b65a93bf812,0,0,0.80078125,-1.265625,0.8875949114621223,0.11240508853787773,1.051085356726728,dann_matched,banglasarc3_binary+banglasarc_binary,banglasarc3_binary,2024
045171b67bd95561,0,0,1.5625,-1.7109375,0.9635062337709722,0.0364937662290278,1.051085356726728,dann_matched,banglasarc3_binary+banglasarc_binary,banglasarc3_binary,2024
008c34b815bb55fd,0,0,1.21875,-1.3828125,0.9309620718252101,0.06903792817479,1.051085356726728,dann_matched,banglasarc3_binary+banglasarc_binary,banglasarc3_binary,2024
aca0a6cea18374f2,0,0,0.16503906,-0.62109375,0.6870003678787455,0.31299963212125453,1.051085356726728,dann_matched,banglasarc3_binary+banglasarc_binary,banglasarc3_binary,2024
51e0fcfbe89577bb,1,1,-0.9921875,0.58984375,0.17050799982688053,0.8294920001731195,1.051085356726728,dann_matched,banglasarc3_binary+banglasarc_binary,banglasarc3_binary,2024
0cd747c951646fc6,1,1,-1.0234375,0.58984375,0.1661335534168026,0.8338664465831974,1.051085356726728,dann_matched,banglasarc3_binary+banglasarc_binary,banglasarc3_binary,2024
2a8dc43b96afa2e7,1,1,-0.7890625,0.33789062,0.24472382910998208,0.755276170890018,1.051085356726728,dann_matched,banglasarc3_binary+banglasarc_binary,banglasarc3_binary,2024
4dacd616983d14ed,1,0,1.2265625,-1.46875,0.9367494780065266,0.06325052199347325,1.051085356726728,dann_matched,banglasarc3_binary+banglasarc_binary,banglasarc3_binary,2024
8e45e4191312d057,0,0,1.265625,-1.5078125,0.9412234441519332,0.05877655584806683,1.051085356726728,dann_matched,banglasarc3_binary+banglasarc_binary,banglasarc3_binary,2024
a30ac9245fef57e8,0,0,0.11621094,-0.6015625,0.6721165245217066,0.32788347547829344,1.051085356726728,dann_matched,banglasarc3_binary+banglasarc_binary,banglasarc3_binary,2024
1ba578744dcf18f2,0,1,-0.44335938,-0.06689453,0.40697981592583365,0.5930201840741665,1.051085356726728,dann_matched,banglasarc3_binary+banglasarc_binary,banglasarc3_binary,2024
b1a866c6cbb06b7b,0,0,1.9296875,-1.9765625,0.9802808718926534,0.01971912810734659,1.051085356726728,dann_matched,banglasarc3_binary+banglasarc_binary,banglasarc3_binary,2024
a61d6c2433486af9,0,0,0.06591797,-0.3515625,0.6028801912496309,0.397119808750369,1.051085356726728,dann_matched,banglasarc3_binary+banglasarc_binary,banglasarc3_binary,2024
8cb4b0e68d2b2280,0,0,0.8671875,-1.171875,0.8848377712685633,0.11516222873143664,1.051085356726728,dann_matched,banglasarc3_binary+banglasarc_binary,banglasarc3_binary,2024
5862ad605fad8a15,1,1,-0.6015625,0.13769531,0.3231664610482007,0.6768335389517993,1.051085356726728,dann_matched,banglasarc3_binary+banglasarc_binary,banglasarc3_binary,2024
cdf0634800d69305,1,1,-0.84765625,0.37890625,0.22678363486528474,0.7732163651347154,1.051085356726728,dann_matched,banglasarc3_binary+banglasarc_binary,banglasarc3_binary,2024
778c43b485a168af,1,0,0.35546875,-0.58984375,0.7201715075418013,0.2798284924581987,1.051085356726728,dann_matched,banglasarc3_binary+banglasarc_binary,banglasarc3_binary,2024
1df9d37a3cec5465,0,0,0.5625,-0.921875,0.8152324893520001,0.184767510648,1.051085356726728,dann_matched,banglasarc3_binary+banglasarc_binary,banglasarc3_binary,2024
47b74426cb84e137,1,1,-0.28710938,-0.21582031,0.4821852784642272,0.5178147215357729,1.051085356726728,dann_matched,banglasarc3_binary+banglasarc_binary,banglasarc3_binary,2024
3f468b17c098db0b,0,0,-0.123046875,-0.3046875,0.5452857141708799,0.45471428582912016,1.051085356726728,dann_matched,banglasarc3_binary+banglasarc_binary,banglasarc3_binary,2024
e8eed6879adc1fb9,1,1,-0.56640625,0.19921875,0.31742626558767584,0.682573734412324,1.051085356726728,dann_matched,banglasarc3_binary+banglasarc_binary,banglasarc3_binary,2024
59adf653819d9fe1,0,0,-0.19824219,-0.3359375,0.5343695414044832,0.46563045859551677,1.051085356726728,dann_matched,banglasarc3_binary+banglasarc_binary,banglasarc3_binary,2024
ab24e7278a3aa349,1,0,-0.22363281,-0.28125,0.5144003133203678,0.4855996866796321,1.051085356726728,dann_matched,banglasarc3_binary+banglasarc_binary,banglasarc3_binary,2024
e3d3248598f096fa,1,1,-1.0078125,0.55078125,0.17384852735447087,0.8261514726455292,1.051085356726728,dann_matched,banglasarc3_binary+banglasarc_binary,banglasarc3_binary,2024
cc1dab7c4d3e2fa9,1,1,-0.43554688,-0.013244629,0.3959659743279281,0.604034025672072,1.051085356726728,dann_matched,banglasarc3_binary+banglasarc_binary,banglasarc3_binary,2024
f7a48562ed437eea,0,0,0.98046875,-1.328125,0.9095862731761619,0.09041372682383805,1.051085356726728,dann_matched,banglasarc3_binary+banglasarc_binary,banglasarc3_binary,2024
b2ae48f6c244c3b3,1,1,-0.8359375,0.38476562,0.22781273730449897,0.772187262695501,1.051085356726728,dann_matched,banglasarc3_binary+banglasarc_binary,banglasarc3_binary,2024
6d69a5e5443ef4a0,0,1,-0.9921875,0.45703125,0.19012183026908458,0.8098781697309154,1.051085356726728,dann_matched,banglasarc3_binary+banglasarc_binary,banglasarc3_binary,2024
17e9568c1bec66f3,1,0,1.609375,-1.8984375,0.9709092429574353,0.029090757042564665,1.051085356726728,dann_matched,banglasarc3_binary+banglasarc_binary,banglasarc3_binary,2024
432511856befb10b,0,0,1.3515625,-1.6015625,0.9504109770159683,0.04958902298403175,1.051085356726728,dann_matched,banglasarc3_binary+banglasarc_binary,banglasarc3_binary,2024
b7be99240747d7b9,0,0,0.24023438,-0.58984375,0.6963714486908549,0.3036285513091451,1.051085356726728,dann_matched,banglasarc3_binary+banglasarc_binary,banglasarc3_binary,2024
88421f62e8ff3b41,1,0,0.42578125,-0.75,0.7641884136055329,0.2358115863944671,1.051085356726728,dann_matched,banglasarc3_binary+banglasarc_binary,banglasarc3_binary,2024
3e2207ffcf3ee105,0,0,0.076171875,-0.5390625,0.6491339071440806,0.3508660928559194,1.051085356726728,dann_matched,banglasarc3_binary+banglasarc_binary,banglasarc3_binary,2024
51b018644cef2e50,0,0,1.1015625,-1.515625,0.9319595797274409,0.06804042027255897,1.051085356726728,dann_matched,banglasarc3_binary+banglasarc_binary,banglasarc3_binary,2024
f95cec4307ef3024,0,0,0.81640625,-1.2109375,0.8836382359770631,0.1163617640229368,1.051085356726728,dann_matched,banglasarc3_binary+banglasarc_binary,banglasarc3_binary,2024
26b12ba4953ff47f,1,1,-1.1796875,0.75,0.126785173178859,0.8732148268211409,1.051085356726728,dann_matched,banglasarc3_binary+banglasarc_binary,banglasarc3_binary,2024
9e6fb96648d97dc0,0,0,0.55078125,-0.9296875,0.8146433721849758,0.18535662781502407,1.051085356726728,dann_matched,banglasarc3_binary+banglasarc_binary,banglasarc3_binary,2024
a4b8f5a2bfe6f63a,1,1,-1.2421875,0.8828125,0.10669059394565118,0.8933094060543487,1.051085356726728,dann_matched,banglasarc3_binary+banglasarc_binary,banglasarc3_binary,2024
c7e2731135ca9edc,1,1,-1.1015625,0.6640625,0.14608724704829565,0.8539127529517043,1.051085356726728,dann_matched,banglasarc3_binary+banglasarc_binary,banglasarc3_binary,2024
a5f5e1447f81c7c1,0,0,-0.024780273,-0.625,0.645706574591486,0.35429342540851394,1.051085356726728,dann_matched,banglasarc3_binary+banglasarc_binary,banglasarc3_binary,2024
c2122763b56ffbf5,1,0,0.59375,-0.80078125,0.8013146462095748,0.1986853537904252,1.051085356726728,dann_matched,banglasarc3_binary+banglasarc_binary,banglasarc3_binary,2024
d89f0be1f7612e43,1,1,-1.3671875,0.953125,0.08945460216888064,0.9105453978311193,1.051085356726728,dann_matched,banglasarc3_binary+banglasarc_binary,banglasarc3_binary,2024
83ff80d11d2cfe42,0,1,-0.75390625,0.22753906,0.27260509621999085,0.7273949037800091,1.051085356726728,dann_matched,banglasarc3_binary+banglasarc_binary,banglasarc3_binary,2024
ff19766f243a9d57,1,1,-1.1953125,0.84765625,0.1147647802656337,0.8852352197343663,1.051085356726728,dann_matched,banglasarc3_binary+banglasarc_binary,banglasarc3_binary,2024
e8bd3886d550c247,1,1,-0.52734375,0.114746094,0.3447742802638339,0.6552257197361661,1.051085356726728,dann_matched,banglasarc3_binary+banglasarc_binary,banglasarc3_binary,2024
0cb293f08063597d,1,0,1.1171875,-1.359375,0.9224823435231172,0.07751765647688268,1.051085356726728,dann_matched,banglasarc3_binary+banglasarc_binary,banglasarc3_binary,2024
bd4e9e3bdd01a022,1,0,1.5859375,-1.609375,0.9606574967357419,0.03934250326425821,1.051085356726728,dann_matched,banglasarc3_binary+banglasarc_binary,banglasarc3_binary,2024
5b22a3f51d681541,0,0,2.203125,-2.21875,0.9881308789536605,0.011869121046339474,1.051085356726728,dann_matched,banglasarc3_binary+banglasarc_binary,banglasarc3_binary,2024
5e682d52ed383d6b,0,0,0.71875,-1.140625,0.8652240825770433,0.1347759174229568,1.051085356726728,dann_matched,banglasarc3_binary+banglasarc_binary,banglasarc3_binary,2024
baad976c4d644487,0,0,1.390625,-1.671875,0.9553191297273498,0.0446808702726502,1.051085356726728,dann_matched,banglasarc3_binary+banglasarc_binary,banglasarc3_binary,2024
dd9bd6b2bf6b34e5,1,1,-0.890625,0.45898438,0.20593424154536946,0.7940657584546307,1.051085356726728,dann_matched,banglasarc3_binary+banglasarc_binary,banglasarc3_binary,2024
cdbf9e38b718e84c,0,0,0.23242188,-0.71484375,0.7205649407848504,0.2794350592151495,1.051085356726728,dann_matched,banglasarc3_binary+banglasarc_binary,banglasarc3_binary,2024
4d0a57f210a73977,1,0,0.9375,-1.1640625,0.8910549527982959,0.108945047201704,1.051085356726728,dann_matched,banglasarc3_binary+banglasarc_binary,banglasarc3_binary,2024
ab338dede5081252,0,0,0.33398438,-0.71484375,0.7405498035298201,0.25945019647017975,1.051085356726728,dann_matched,banglasarc3_binary+banglasarc_binary,banglasarc3_binary,2024
ab718a592e29dca9,0,0,2.4375,-2.0625,0.9890130573694068,0.01098694263059318,1.051085356726728,dann_matched,banglasarc3_binary+banglasarc_binary,banglasarc3_binary,2024
e36d944d14221a6c,0,0,-0.084472656,-0.37890625,0.5730812019546495,0.42691879804535043,1.051085356726728,dann_matched,banglasarc3_binary+banglasarc_binary,banglasarc3_binary,2024
63ea034834c6a12c,0,0,1.6171875,-1.9140625,0.9715639669551474,0.02843603304485266,1.051085356726728,dann_matched,banglasarc3_binary+banglasarc_binary,banglasarc3_binary,2024
1ead6e0bfd452d2b,1,1,-1.1640625,0.80078125,0.12294379806223382,0.8770562019377661,1.051085356726728,dann_matched,banglasarc3_binary+banglasarc_binary,banglasarc3_binary,2024
9fb91b24bd470ab7,0,1,-0.69140625,0.21777344,0.28716772788359296,0.712832272116407,1.051085356726728,dann_matched,banglasarc3_binary+banglasarc_binary,banglasarc3_binary,2024
7adb5d686301eb8f,1,0,0.7734375,-1.125,0.8697145792507666,0.13028542074923347,1.051085356726728,dann_matched,banglasarc3_binary+banglasarc_binary,banglasarc3_binary,2024
30a467ac9c6d2435,1,1,-0.9296875,0.41796875,0.20625381039683044,0.7937461896031696,1.051085356726728,dann_matched,banglasarc3_binary+banglasarc_binary,banglasarc3_binary,2024
4e5a50b99551fa9f,0,0,1.140625,-1.4609375,0.9309620718252101,0.06903792817479,1.051085356726728,dann_matched,banglasarc3_binary+banglasarc_binary,banglasarc3_binary,2024
2cc5b657e99479ab,1,1,-1.28125,0.73828125,0.11716746932535992,0.8828325306746402,1.051085356726728,dann_matched,banglasarc3_binary+banglasarc_binary,banglasarc3_binary,2024
60a819c9455826f5,0,0,0.86328125,-1.3671875,0.9029524430206697,0.09704755697933022,1.051085356726728,dann_matched,banglasarc3_binary+banglasarc_binary,banglasarc3_binary,2024
f387e0db7e685a99,0,0,0.82421875,-1.1953125,0.8828325306746402,0.11716746932535992,1.051085356726728,dann_matched,banglasarc3_binary+banglasarc_binary,banglasarc3_binary,2024
0ccfba3f9e960460,1,1,-0.7265625,0.17871094,0.28796801104578335,0.7120319889542166,1.051085356726728,dann_matched,banglasarc3_binary+banglasarc_binary,banglasarc3_binary,2024
ddc2982c4d5b19bb,0,0,0.671875,-1.0234375,0.8449215283934065,0.15507847160659358,1.051085356726728,dann_matched,banglasarc3_binary+banglasarc_binary,banglasarc3_binary,2024
c9700acd4f20666a,1,1,-0.55078125,0.12158203,0.3379678647329005,0.6620321352670996,1.051085356726728,dann_matched,banglasarc3_binary+banglasarc_binary,banglasarc3_binary,2024
d4943eed81c34c48,1,0,0.5625,-0.91015625,0.8134607872557665,0.18653921274423352,1.051085356726728,dann_matched,banglasarc3_binary+banglasarc_binary,banglasarc3_binary,2024
2e2e4b889c9df812,1,1,-0.9140625,0.45117188,0.2033908961192982,0.7966091038807018,1.051085356726728,dann_matched,banglasarc3_binary+banglasarc_binary,banglasarc3_binary,2024
5ddbd9cf7f8b9e4e,1,1,-0.60546875,-0.072753906,0.369883916724456,0.6301160832755441,1.051085356726728,dann_matched,banglasarc3_binary+banglasarc_binary,banglasarc3_binary,2024
0346c19c3d6e1abf,0,0,1.3359375,-1.6328125,0.9511422213778251,0.048857778622174906,1.051085356726728,dann_matched,banglasarc3_binary+banglasarc_binary,banglasarc3_binary,2024
c5d392cb407885e6,0,0,0.12011719,-0.68359375,0.6907677265068792,0.3092322734931207,1.051085356726728,dann_matched,banglasarc3_binary+banglasarc_binary,banglasarc3_binary,2024
f4997612d5ea678a,0,1,-0.9609375,0.57421875,0.17724051706725022,0.8227594829327498,1.051085356726728,dann_matched,banglasarc3_binary+banglasarc_binary,banglasarc3_binary,2024
5fb61d0d9878c215,0,1,-0.59375,0.044433594,0.3456572558459658,0.6543427441540343,1.051085356726728,dann_matched,banglasarc3_binary+banglasarc_binary,banglasarc3_binary,2024
a3b2337ee913ed3c,1,1,-0.22070312,-0.21289062,0.49804688493404686,0.5019531150659532,1.051085356726728,dann_matched,banglasarc3_binary+banglasarc_binary,banglasarc3_binary,2024
218ac0a1387a629e,0,0,1.734375,-1.953125,0.9755769099458929,0.024423090054107213,1.051085356726728,dann_matched,banglasarc3_binary+banglasarc_binary,banglasarc3_binary,2024
18e844b31049008b,0,0,0.93359375,-1.2890625,0.9022656804095371,0.09773431959046293,1.051085356726728,dann_matched,banglasarc3_binary+banglasarc_binary,banglasarc3_binary,2024
cbed70c13bc0c9f0,1,1,-0.75390625,0.32226562,0.25423113712419204,0.7457688628758079,1.051085356726728,dann_matched,banglasarc3_binary+banglasarc_binary,banglasarc3_binary,2024
2ab1740ebfbd3e05,1,0,1.3359375,-1.6328125,0.9511422213778251,0.048857778622174906,1.051085356726728,dann_matched,banglasarc3_binary+banglasarc_binary,banglasarc3_binary,2024
0ac6a6a9e59b6038,1,1,-1.296875,0.7890625,0.11047115389487247,0.8895288461051276,1.051085356726728,dann_matched,banglasarc3_binary+banglasarc_binary,banglasarc3_binary,2024
08f7a8e225bd8151,1,1,-1.1015625,0.578125,0.1571368534705856,0.8428631465294143,1.051085356726728,dann_matched,banglasarc3_binary+banglasarc_binary,banglasarc3_binary,2024
b09ce16653e41187,1,0,-0.16015625,-0.18945312,0.5073236949260119,0.49267630507398813,1.051085356726728,dann_matched,banglasarc3_binary+banglasarc_binary,banglasarc3_binary,2024
d8186fbe40131e81,1,1,-1.1171875,0.70703125,0.1389284260290056,0.8610715739709943,1.051085356726728,dann_matched,banglasarc3_binary+banglasarc_binary,banglasarc3_binary,2024
c89eaa10622b37e2,1,1,-0.66796875,0.071777344,0.3230596685625252,0.6769403314374747,1.051085356726728,dann_matched,banglasarc3_binary+banglasarc_binary,banglasarc3_binary,2024
0ef139aef5b0b651,1,1,-1.3203125,0.90625,0.09739039825194779,0.9026096017480523,1.051085356726728,dann_matched,banglasarc3_binary+banglasarc_binary,banglasarc3_binary,2024
2f577efec6c86515,1,1,-1.078125,0.5703125,0.16132023775174625,0.8386797622482537,1.051085356726728,dann_matched,banglasarc3_binary+banglasarc_binary,banglasarc3_binary,2024
843e76141f5386ea,1,1,-1.0,0.6484375,0.16132023775174625,0.8386797622482537,1.051085356726728,dann_matched,banglasarc3_binary+banglasarc_binary,banglasarc3_binary,2024
a6b139ef0507918c,0,0,0.45507812,-0.7265625,0.7652426642688286,0.23475733573117155,1.051085356726728,dann_matched,banglasarc3_binary+banglasarc_binary,banglasarc3_binary,2024
364f64d22ee2ac7a,0,0,1.40625,-1.765625,0.9597620573763841,0.04023794262361602,1.051085356726728,dann_matched,banglasarc3_binary+banglasarc_binary,banglasarc3_binary,2024
2ac3b1eefc9be85e,1,1,-0.48242188,-0.08984375,0.4030968239593021,0.596903176040698,1.051085356726728,dann_matched,banglasarc3_binary+banglasarc_binary,banglasarc3_binary,2024
adf94921ccf02eaa,1,1,-1.1953125,0.77734375,0.12210386546882639,0.8778961345311737,1.051085356726728,dann_matched,banglasarc3_binary+banglasarc_binary,banglasarc3_binary,2024
a4d173afcf1ce29e,0,0,0.78515625,-1.203125,0.8795611834053839,0.12043881659461604,1.051085356726728,dann_matched,banglasarc3_binary+banglasarc_binary,banglasarc3_binary,2024
503091a9ce967b64,1,1,-0.76953125,0.35742188,0.24472382910998208,0.755276170890018,1.051085356726728,dann_matched,banglasarc3_binary+banglasarc_binary,banglasarc3_binary,2024
4d1624fcf2e4e7d6,1,0,-0.18164062,-0.27929688,0.5243946784322399,0.4756053215677601,1.051085356726728,dann_matched,banglasarc3_binary+banglasarc_binary,banglasarc3_binary,2024
7bb7f9b1cb68aac0,0,0,0.484375,-0.875,0.7956581000631541,0.20434189993684582,1.051085356726728,dann_matched,banglasarc3_binary+banglasarc_binary,banglasarc3_binary,2024
9b912e15d3d8493f,0,0,-0.20117188,-0.20703125,0.5014648395590628,0.4985351604409372,1.051085356726728,dann_matched,banglasarc3_binary+banglasarc_binary,banglasarc3_binary,2024
3827617f21fba1e3,0,0,1.5078125,-1.734375,0.9623913644941934,0.03760863550580657,1.051085356726728,dann_matched,banglasarc3_binary+banglasarc_binary,banglasarc3_binary,2024
bbfcd270940c6f50,0,0,0.45703125,-0.91796875,0.7981867777396212,0.20181322226037882,1.051085356726728,dann_matched,banglasarc3_binary+banglasarc_binary,banglasarc3_binary,2024
a5f9487af8a08111,1,1,-1.0546875,0.703125,0.14706452045904778,0.8529354795409523,1.051085356726728,dann_matched,banglasarc3_binary+banglasarc_binary,banglasarc3_binary,2024
b132c35de55abf62,1,1,-0.81640625,0.38085938,0.23196200373110962,0.7680379962688904,1.051085356726728,dann_matched,banglasarc3_binary+banglasarc_binary,banglasarc3_binary,2024
49e50f5f6743b9a9,0,0,0.72265625,-1.109375,0.8620035287315965,0.13799647126840353,1.051085356726728,dann_matched,banglasarc3_binary+banglasarc_binary,banglasarc3_binary,2024
bc2fea241ae6e245,0,0,0.39648438,-0.95703125,0.7947037955528609,0.20529620444713906,1.051085356726728,dann_matched,banglasarc3_binary+banglasarc_binary,banglasarc3_binary,2024
1ac9669da2a3b22a,0,0,0.83984375,-1.234375,0.8883720089593933,0.11162799104060678,1.051085356726728,dann_matched,banglasarc3_binary+banglasarc_binary,banglasarc3_binary,2024
c678ed32dfec8e9b,1,1,-0.8515625,0.484375,0.20817892905742005,0.79182107094258,1.051085356726728,dann_matched,banglasarc3_binary+banglasarc_binary,banglasarc3_binary,2024
1a46fdea53a04cce,0,1,-0.78125,0.328125,0.24798742624020276,0.7520125737597972,1.051085356726728,dann_matched,banglasarc3_binary+banglasarc_binary,banglasarc3_binary,2024
a27bf2e316d4219b,1,1,-0.8515625,0.28710938,0.24256428978896624,0.7574357102110338,1.051085356726728,dann_matched,banglasarc3_binary+banglasarc_binary,banglasarc3_binary,2024
0cec6e06c0ba9f1e,0,0,1.7421875,-1.8203125,0.9724147177732099,0.027585282226789985,1.051085356726728,dann_matched,banglasarc3_binary+banglasarc_binary,banglasarc3_binary,2024
d6b2f0ee01c230dd,1,0,0.06640625,-0.60546875,0.6619228758499942,0.33807712415000585,1.051085356726728,dann_matched,banglasarc3_binary+banglasarc_binary,banglasarc3_binary,2024
9eb091e9a9d4c695,0,1,-0.515625,0.072265625,0.35711898910753376,0.6428810108924662,1.051085356726728,dann_matched,banglasarc3_binary+banglasarc_binary,banglasarc3_binary,2024
963ae71db6ff7e4f,0,0,0.546875,-0.953125,0.8175744761936437,0.18242552380635632,1.051085356726728,dann_matched,banglasarc3_binary+banglasarc_binary,banglasarc3_binary,2024
9aabf8d92c3a8ef5,1,0,1.9609375,-2.078125,0.9826909042463318,0.017309095753668163,1.051085356726728,dann_matched,banglasarc3_binary+banglasarc_binary,banglasarc3_binary,2024
1f00788c3c80def3,0,0,1.3828125,-1.6015625,0.9518632288833652,0.04813677111663481,1.051085356726728,dann_matched,banglasarc3_binary+banglasarc_binary,banglasarc3_binary,2024
b39f2b8134c7f61a,1,1,-0.48242188,0.115722656,0.35476831041824497,0.645231689581755,1.051085356726728,dann_matched,banglasarc3_binary+banglasarc_binary,banglasarc3_binary,2024
a6a9b4365f236b0d,1,1,-0.54296875,0.052734375,0.3553273651913664,0.6446726348086337,1.051085356726728,dann_matched,banglasarc3_binary+banglasarc_binary,banglasarc3_binary,2024
672f65575c01c938,1,0,-0.06298828,-0.37304688,0.5768995631373356,0.42310043686266435,1.051085356726728,dann_matched,banglasarc3_binary+banglasarc_binary,banglasarc3_binary,2024
c361b64edd41d872,0,1,-1.3359375,0.9921875,0.08882029240011771,0.9111797075998822,1.051085356726728,dann_matched,banglasarc3_binary+banglasarc_binary,banglasarc3_binary,2024
89c73de9b852078e,0,0,0.60546875,-1.078125,0.843379816636549,0.156620183363451,1.051085356726728,dann_matched,banglasarc3_binary+banglasarc_binary,banglasarc3_binary,2024
ce8d47c1fb816aa3,0,0,2.5,-2.375,0.9924227587321393,0.007577241267860811,1.051085356726728,dann_matched,banglasarc3_binary+banglasarc_binary,banglasarc3_binary,2024
456683ca31fa5e65,0,0,0.24023438,-0.63671875,0.706190436097526,0.2938095639024741,1.051085356726728,dann_matched,banglasarc3_binary+banglasarc_binary,banglasarc3_binary,2024
ebd8a51d0f72f8ae,0,1,-1.328125,0.8515625,0.10158944591881586,0.8984105540811842,1.051085356726728,dann_matched,banglasarc3_binary+banglasarc_binary,banglasarc3_binary,2024
fb863821fda44d53,1,1,-1.171875,0.6484375,0.13939637966532398,0.8606036203346761,1.051085356726728,dann_matched,banglasarc3_binary+banglasarc_binary,banglasarc3_binary,2024
3b470389b41a77d0,0,0,0.9765625,-1.4765625,0.9207896758909757,0.07921032410902437,1.051085356726728,dann_matched,banglasarc3_binary+banglasarc_binary,banglasarc3_binary,2024
7485ab52357fe573,0,0,1.8984375,-1.828125,0.9764905475924671,0.023509452407533014,1.051085356726728,dann_matched,banglasarc3_binary+banglasarc_binary,banglasarc3_binary,2024
5d08e6dbd0a02098,0,0,2.40625,-2.1875,0.9899864293768268,0.010013570623173138,1.051085356726728,dann_matched,banglasarc3_binary+banglasarc_binary,banglasarc3_binary,2024
bd8e1a4992f836d9,1,1,-1.3359375,0.953125,0.09203286011100995,0.90796713988899,1.051085356726728,dann_matched,banglasarc3_binary+banglasarc_binary,banglasarc3_binary,2024
f54c8c8dd14b9ee4,1,0,0.30664062,-0.76171875,0.744284789133903,0.2557152108660971,1.051085356726728,dann_matched,banglasarc3_binary+banglasarc_binary,banglasarc3_binary,2024
93aa7ab3e702a390,1,1,-0.265625,-0.17285156,0.4768232615840607,0.5231767384159393,1.051085356726728,dann_matched,banglasarc3_binary+banglasarc_binary,banglasarc3_binary,2024
5d4df30470964289,0,0,1.578125,-1.6875,0.9632305339244013,0.036769466075598736,1.051085356726728,dann_matched,banglasarc3_binary+banglasarc_binary,banglasarc3_binary,2024
99413b6d85bd8b6a,1,1,-1.1328125,0.66015625,0.1427091316026025,0.8572908683973974,1.051085356726728,dann_matched,banglasarc3_binary+banglasarc_binary,banglasarc3_binary,2024
b6c18248921fce54,1,0,0.20605469,-0.51953125,0.6738358905475195,0.3261641094524806,1.051085356726728,dann_matched,banglasarc3_binary+banglasarc_binary,banglasarc3_binary,2024
1cabf2a505c66110,1,1,-0.7109375,0.2578125,0.2751297238231752,0.7248702761768248,1.051085356726728,dann_matched,banglasarc3_binary+banglasarc_binary,banglasarc3_binary,2024
4e7d5694a62e5de3,1,1,-0.59765625,0.23339844,0.3034221082448726,0.6965778917551273,1.051085356726728,dann_matched,banglasarc3_binary+banglasarc_binary,banglasarc3_binary,2024
27bff07ea2567aff,0,1,-0.73828125,0.27734375,0.2658804730998169,0.734119526900183,1.051085356726728,dann_matched,banglasarc3_binary+banglasarc_binary,banglasarc3_binary,2024
3d2b2afef8a71422,0,0,1.9921875,-1.9765625,0.9814534354878828,0.0185465645121173,1.051085356726728,dann_matched,banglasarc3_binary+banglasarc_binary,banglasarc3_binary,2024
a6b65f2d6607df8d,0,0,0.23535156,-0.66796875,0.7116313496596886,0.28836865034031145,1.051085356726728,dann_matched,banglasarc3_binary+banglasarc_binary,banglasarc3_binary,2024
f2ce21fd06e6c0a1,0,0,0.921875,-1.171875,0.8902942261220291,0.10970577387797074,1.051085356726728,dann_matched,banglasarc3_binary+banglasarc_binary,banglasarc3_binary,2024
8c321d6535475133,0,1,-0.671875,0.23925781,0.28676808471574877,0.7132319152842512,1.051085356726728,dann_matched,banglasarc3_binary+banglasarc_binary,banglasarc3_binary,2024
e4400f251525d858,0,0,1.078125,-1.40625,0.9230391643039738,0.07696083569602613,1.051085356726728,dann_matched,banglasarc3_binary+banglasarc_binary,banglasarc3_binary,2024
a2549aea9cf0feed,0,0,1.6875,-1.921875,0.9736446471538801,0.02635535284611975,1.051085356726728,dann_matched,banglasarc3_binary+banglasarc_binary,banglasarc3_binary,2024
208728590d99f477,0,0,0.8828125,-1.2578125,0.8947894632969136,0.10521053670308635,1.051085356726728,dann_matched,banglasarc3_binary+banglasarc_binary,banglasarc3_binary,2024
d7aa541a5731f237,1,1,-1.34375,0.97265625,0.08977328657120891,0.910226713428791,1.051085356726728,dann_matched,banglasarc3_binary+banglasarc_binary,banglasarc3_binary,2024
72d9d0c152014fd4,1,1,-0.93359375,0.54296875,0.1859471949014217,0.8140528050985784,1.051085356726728,dann_matched,banglasarc3_binary+banglasarc_binary,banglasarc3_binary,2024
8dc4677cf180080c,0,0,0.6015625,-0.9453125,0.8244619263765707,0.17553807362342935,1.051085356726728,dann_matched,banglasarc3_binary+banglasarc_binary,banglasarc3_binary,2024
326478b91e0a83b6,0,0,0.80078125,-1.2265625,0.8836382359770631,0.1163617640229368,1.051085356726728,dann_matched,banglasarc3_binary+banglasarc_binary,banglasarc3_binary,2024
38972718ea06dcda,0,0,1.984375,-2.0625,0.9828232909876817,0.017176709012318405,1.051085356726728,dann_matched,banglasarc3_binary+banglasarc_binary,banglasarc3_binary,2024
7bb95f4327f97619,0,0,0.34375,-0.703125,0.7401743620390163,0.2598256379609837,1.051085356726728,dann_matched,banglasarc3_binary+banglasarc_binary,banglasarc3_binary,2024
b5430ac62bc817b3,0,1,-0.875,0.47265625,0.20625381039683044,0.7937461896031696,1.051085356726728,dann_matched,banglasarc3_binary+banglasarc_binary,banglasarc3_binary,2024
7745aafd0a592886,0,0,0.453125,-0.9296875,0.7994423202552038,0.2005576797447963,1.051085356726728,dann_matched,banglasarc3_binary+banglasarc_binary,banglasarc3_binary,2024
6327f9fa75cf0eb5,0,0,1.5,-1.5859375,0.956308939359532,0.04369106064046812,1.051085356726728,dann_matched,banglasarc3_binary+banglasarc_binary,banglasarc3_binary,2024
50c0d6b40de5c934,1,1,-0.8359375,0.15136719,0.2714447809383901,0.7285552190616098,1.051085356726728,dann_matched,banglasarc3_binary+banglasarc_binary,banglasarc3_binary,2024
fa23fb1cf1fa6ce1,0,1,-1.25,0.8046875,0.11357959169117389,0.8864204083088262,1.051085356726728,dann_matched,banglasarc3_binary+banglasarc_binary,banglasarc3_binary,2024
5793d347d7491ffa,0,1,-0.578125,0.083496094,0.3403755493962485,0.6596244506037514,1.051085356726728,dann_matched,banglasarc3_binary+banglasarc_binary,banglasarc3_binary,2024
7a193a03efce7c95,0,0,0.19140625,-0.671875,0.7033457453210089,0.29665425467899115,1.051085356726728,dann_matched,banglasarc3_binary+banglasarc_binary,banglasarc3_binary,2024
04f3d847a89bddc0,0,0,1.90625,-2.09375,0.9820137900379085,0.017986209962091555,1.051085356726728,dann_matched,banglasarc3_binary+banglasarc_binary,banglasarc3_binary,2024
79fe03d925dd23f2,1,1,-0.9921875,0.65625,0.16132023775174625,0.8386797622482537,1.051085356726728,dann_matched,banglasarc3_binary+banglasarc_binary,banglasarc3_binary,2024
56a90627c13f7482,0,1,-1.0859375,0.78125,0.13386748775351784,0.8661325122464822,1.051085356726728,dann_matched,banglasarc3_binary+banglasarc_binary,banglasarc3_binary,2024
34eae78ac0856b44,0,0,0.66015625,-1.078125,0.8504686206687655,0.1495313793312345,1.051085356726728,dann_matched,banglasarc3_binary+banglasarc_binary,banglasarc3_binary,2024
e7de35f2d96d04ae,1,1,-1.046875,0.69140625,0.1495313793312345,0.8504686206687655,1.051085356726728,dann_matched,banglasarc3_binary+banglasarc_binary,banglasarc3_binary,2024
7edb0fbf4e12f482,1,1,-0.69921875,0.012939453,0.3291221316936953,0.6708778683063046,1.051085356726728,dann_matched,banglasarc3_binary+banglasarc_binary,banglasarc3_binary,2024
05b114079ca39ab2,0,0,0.9609375,-1.40625,0.9142907207192192,0.08570927928078063,1.051085356726728,dann_matched,banglasarc3_binary+banglasarc_binary,banglasarc3_binary,2024
012cf4a871450976,0,1,-0.21679688,-0.21191406,0.4987792993003134,0.5012207006996865,1.051085356726728,dann_matched,banglasarc3_binary+banglasarc_binary,banglasarc3_binary,2024
974f03c115fc2171,1,1,-0.58203125,-0.05419922,0.3710226741080605,0.6289773258919396,1.051085356726728,dann_matched,banglasarc3_binary+banglasarc_binary,banglasarc3_binary,2024
7d320f16846e7bf9,1,0,0.22363281,-0.78515625,0.7327830999605387,0.2672169000394613,1.051085356726728,dann_matched,banglasarc3_binary+banglasarc_binary,banglasarc3_binary,2024
8fd01412b63f6b5f,1,1,-0.44140625,-0.18652344,0.43662203968393154,0.5633779603160685,1.051085356726728,dann_matched,banglasarc3_binary+banglasarc_binary,banglasarc3_binary,2024
88e6fff6830ee411,0,1,-0.546875,0.13769531,0.3352420207393325,0.6647579792606675,1.051085356726728,dann_matched,banglasarc3_binary+banglasarc_binary,banglasarc3_binary,2024
018878abd62bc2c6,0,0,1.890625,-1.9765625,0.9795114453152562,0.02048855468474385,1.051085356726728,dann_matched,banglasarc3_binary+banglasarc_binary,banglasarc3_binary,2024
f09b809925c88fc0,1,1,-1.1953125,0.6953125,0.13117322376181567,0.8688267762381844,1.051085356726728,dann_matched,banglasarc3_binary+banglasarc_binary,banglasarc3_binary,2024
bc8f433d14df5bbe,1,1,-0.7265625,0.38085938,0.24835184311713518,0.7516481568828648,1.051085356726728,dann_matched,banglasarc3_binary+banglasarc_binary,banglasarc3_binary,2024
c952b7bed5795739,0,0,0.19238281,-0.6328125,0.695338046521285,0.3046619534787151,1.051085356726728,dann_matched,banglasarc3_binary+banglasarc_binary,banglasarc3_binary,2024
90c33f63e3080a0d,0,0,0.87109375,-1.3671875,0.9036348952750146,0.09636510472498538,1.051085356726728,dann_matched,banglasarc3_binary+banglasarc_binary,banglasarc3_binary,2024
1ef4973752ea4564,1,1,-0.99609375,0.51171875,0.1812632068286302,0.8187367931713698,1.051085356726728,dann_matched,banglasarc3_binary+banglasarc_binary,banglasarc3_binary,2024
3f4477d5080cdfe1,0,0,1.515625,-1.8359375,0.9661559646595075,0.03384403534049258,1.051085356726728,dann_matched,banglasarc3_binary+banglasarc_binary,banglasarc3_binary,2024
7a9c24d799805b22,0,0,0.24902344,-0.69921875,0.7207615303650544,0.2792384696349455,1.051085356726728,dann_matched,banglasarc3_binary+banglasarc_binary,banglasarc3_binary,2024
a53750d111a874b9,0,0,1.3515625,-1.65625,0.9529258241789759,0.04707417582102406,1.051085356726728,dann_matched,banglasarc3_binary+banglasarc_binary,banglasarc3_binary,2024
08221e16563f5ed2,1,1,-0.6171875,0.29492188,0.28656838788731553,0.7134316121126845,1.051085356726728,dann_matched,banglasarc3_binary+banglasarc_binary,banglasarc3_binary,2024
a911bbedbe9083b7,1,1,-0.984375,0.51953125,0.1818436430556475,0.8181563569443524,1.051085356726728,dann_matched,banglasarc3_binary+banglasarc_binary,banglasarc3_binary,2024
79af8e8606e24621,0,0,0.7890625,-1.1328125,0.8723473746782093,0.12765262532179067,1.051085356726728,dann_matched,banglasarc3_binary+banglasarc_binary,banglasarc3_binary,2024
725ab0037339d5f4,1,1,-0.95703125,0.36328125,0.2107663063197709,0.7892336936802291,1.051085356726728,dann_matched,banglasarc3_binary+banglasarc_binary,banglasarc3_binary,2024
888be69f29549db6,1,1,-0.796875,0.44921875,0.22337706178344302,0.776622938216557,1.051085356726728,dann_matched,banglasarc3_binary+banglasarc_binary,banglasarc3_binary,2024
74ead3cc3b9dcc3e,0,1,-0.5078125,0.123046875,0.34731570267941986,0.6526842973205801,1.051085356726728,dann_matched,banglasarc3_binary+banglasarc_binary,banglasarc3_binary,2024
70a0b9c4daba4b62,1,1,-1.28125,0.8203125,0.108945047201704,0.8910549527982959,1.051085356726728,dann_matched,banglasarc3_binary+banglasarc_binary,banglasarc3_binary,2024
772cd1347ab32158,0,0,1.0546875,-1.421875,0.9224823435231172,0.07751765647688268,1.051085356726728,dann_matched,banglasarc3_binary+banglasarc_binary,banglasarc3_binary,2024
825abf4f5714d44e,0,0,1.0625,-1.3515625,0.9178933729531492,0.08210662704685086,1.051085356726728,dann_matched,banglasarc3_binary+banglasarc_binary,banglasarc3_binary,2024
f6d2b8f0fd5630a5,1,1,-0.86328125,0.44921875,0.21206880435710532,0.7879311956428947,1.051085356726728,dann_matched,banglasarc3_binary+banglasarc_binary,banglasarc3_binary,2024
070eb74aab3e9b16,0,0,1.6953125,-1.8515625,0.9719924793940118,0.02800752060598813,1.051085356726728,dann_matched,banglasarc3_binary+banglasarc_binary,banglasarc3_binary,2024
ccdd5f5935aa5c08,0,0,1.25,-1.71875,0.9511422213778251,0.048857778622174906,1.051085356726728,dann_matched,banglasarc3_binary+banglasarc_binary,banglasarc3_binary,2024
ff8b8a0023de988a,1,0,-0.04248047,-0.45117188,0.600774061147403,0.39922593885259705,1.051085356726728,dann_matched,banglasarc3_binary+banglasarc_binary,banglasarc3_binary,2024
955c6c4b3c56526f,0,1,-0.5703125,0.1328125,0.3311197396289915,0.6688802603710086,1.051085356726728,dann_matched,banglasarc3_binary+banglasarc_binary,banglasarc3_binary,2024
3c7f74408087c581,0,0,0.81640625,-1.171875,0.8795611834053839,0.12043881659461604,1.051085356726728,dann_matched,banglasarc3_binary+banglasarc_binary,banglasarc3_binary,2024
3fd3335f6927bc03,1,1,-0.7109375,0.27539062,0.27163795149137593,0.7283620485086241,1.051085356726728,dann_matched,banglasarc3_binary+banglasarc_binary,banglasarc3_binary,2024
6b4cf7b079c5b900,0,1,-0.5078125,-0.061035156,0.39012725407857185,0.609872745921428,1.051085356726728,dann_matched,banglasarc3_binary+banglasarc_binary,banglasarc3_binary,2024
a396d6fc294ae956,0,0,1.4921875,-1.6953125,0.96036116089903,0.039638839100970026,1.051085356726728,dann_matched,banglasarc3_binary+banglasarc_binary,banglasarc3_binary,2024
acd192278c3d2499,0,1,-0.30859375,-0.29882812,0.4975586131523686,0.5024413868476314,1.051085356726728,dann_matched,banglasarc3_binary+banglasarc_binary,banglasarc3_binary,2024
13e6f0fb32b886df,1,1,-0.83984375,0.44921875,0.21601153469447487,0.7839884653055251,1.051085356726728,dann_matched,banglasarc3_binary+banglasarc_binary,banglasarc3_binary,2024
5139d41ec223ee1d,1,0,0.17773438,-0.703125,0.7070002730499041,0.2929997269500959,1.051085356726728,dann_matched,banglasarc3_binary+banglasarc_binary,banglasarc3_binary,2024
db25536a5ca06207,1,1,-0.95703125,0.47851562,0.1922358878499819,0.8077641121500181,1.051085356726728,dann_matched,banglasarc3_binary+banglasarc_binary,banglasarc3_binary,2024
9cf7c23f5c83e3c1,1,1,-0.94921875,0.52734375,0.1859471949014217,0.8140528050985784,1.051085356726728,dann_matched,banglasarc3_binary+banglasarc_binary,banglasarc3_binary,2024
dece6cbb7ae48b4c,0,1,-1.3125,0.9765625,0.09203286011100995,0.90796713988899,1.051085356726728,dann_matched,banglasarc3_binary+banglasarc_binary,banglasarc3_binary,2024
cc32b357f5c62cf0,1,0,0.42578125,-0.91796875,0.7931059511841119,0.2068940488158881,1.051085356726728,dann_matched,banglasarc3_binary+banglasarc_binary,banglasarc3_binary,2024
a82a7beb318bc95f,0,0,0.5390625,-0.85546875,0.8013146462095748,0.1986853537904252,1.051085356726728,dann_matched,banglasarc3_binary+banglasarc_binary,banglasarc3_binary,2024
4269510b20e3a78d,0,1,-0.5234375,0.034423828,0.36404245138639896,0.635957548613601,1.051085356726728,dann_matched,banglasarc3_binary+banglasarc_binary,banglasarc3_binary,2024
af7a5887ba75ec02,1,0,-0.16699219,-0.31445312,0.5367985772738528,0.4632014227261471,1.051085356726728,dann_matched,banglasarc3_binary+banglasarc_binary,banglasarc3_binary,2024
ff7092e064f5e7f0,0,0,0.296875,-0.58984375,0.7082125739194518,0.29178742608054825,1.051085356726728,dann_matched,banglasarc3_binary+banglasarc_binary,banglasarc3_binary,2024
bd75e40f2d1c3973,1,1,-1.3203125,0.92578125,0.09568694300568312,0.904313056994317,1.051085356726728,dann_matched,banglasarc3_binary+banglasarc_binary,banglasarc3_binary,2024
55361b7e5b2475c1,1,1,-1.296875,0.875,0.10230470789265303,0.8976952921073469,1.051085356726728,dann_matched,banglasarc3_binary+banglasarc_binary,banglasarc3_binary,2024
f478ea328fe5ce48,1,0,-0.20898438,-0.2734375,0.5161077054097464,0.48389229459025357,1.051085356726728,dann_matched,banglasarc3_binary+banglasarc_binary,banglasarc3_binary,2024
5a05491d31008062,0,0,0.022338867,-0.43164062,0.6115849762256598,0.38841502377434034,1.051085356726728,dann_matched,banglasarc3_binary+banglasarc_binary,banglasarc3_binary,2024
ae0fcdf8d0676f03,0,0,0.28125,-0.6875,0.7248702761768248,0.2751297238231752,1.051085356726728,dann_matched,banglasarc3_binary+banglasarc_binary,banglasarc3_binary,2024
1473977d7b8985e5,0,0,0.58203125,-1.09375,0.8423450906059847,0.1576549093940152,1.051085356726728,dann_matched,banglasarc3_binary+banglasarc_binary,banglasarc3_binary,2024
880392a54d0ebe3e,0,0,0.6484375,-1.0234375,0.8418256472515684,0.1581743527484317,1.051085356726728,dann_matched,banglasarc3_binary+banglasarc_binary,banglasarc3_binary,2024
a8d6ffd7233218d9,0,1,-0.28710938,-0.21875,0.4829168082174479,0.5170831917825521,1.051085356726728,dann_matched,banglasarc3_binary+banglasarc_binary,banglasarc3_binary,2024
532a79af0df6317b,1,1,-1.484375,1.1015625,0.07004896087717674,0.9299510391228232,1.051085356726728,dann_matched,banglasarc3_binary+banglasarc_binary,banglasarc3_binary,2024
e67ce7d008308e4f,1,1,-0.5546875,-0.07910156,0.38329498214045143,0.6167050178595487,1.051085356726728,dann_matched,banglasarc3_binary+banglasarc_binary,banglasarc3_binary,2024
d7578006b9f26c23,1,1,-0.94921875,0.5078125,0.18892180778557252,0.8110781922144276,1.051085356726728,dann_matched,banglasarc3_binary+banglasarc_binary,banglasarc3_binary,2024
714a136f278f7f6d,1,1,-1.0546875,0.6328125,0.1561048974454574,0.8438951025545426,1.051085356726728,dann_matched,banglasarc3_binary+banglasarc_binary,banglasarc3_binary,2024
cb7574a7cdfb2600,0,1,-1.2109375,0.8359375,0.1143685261818125,0.8856314738181876,1.051085356726728,dann_matched,banglasarc3_binary+banglasarc_binary,banglasarc3_binary,2024
539200a378d20681,0,1,-0.40429688,0.017211914,0.39615576659474244,0.6038442334052575,1.051085356726728,dann_matched,banglasarc3_binary+banglasarc_binary,banglasarc3_binary,2024
9d4e9c774780337b,1,0,0.94140625,-1.2890625,0.9029524430206697,0.09704755697933022,1.051085356726728,dann_matched,banglasarc3_binary+banglasarc_binary,banglasarc3_binary,2024
d19183e0c68495fe,0,1,-0.51953125,0.010925293,0.3704104129294334,0.6295895870705667,1.051085356726728,dann_matched,banglasarc3_binary+banglasarc_binary,banglasarc3_binary,2024
e727d555b9906254,0,0,0.29882812,-0.7890625,0.7479843044691752,0.25201569553082487,1.051085356726728,dann_matched,banglasarc3_binary+banglasarc_binary,banglasarc3_binary,2024
560326443dd5a61f,1,1,-1.2578125,0.765625,0.11676401359822318,0.8832359864017768,1.051085356726728,dann_matched,banglasarc3_binary+banglasarc_binary,banglasarc3_binary,2024
3a356b90dc52db7a,0,1,-0.5703125,0.053466797,0.348922398080287,0.651077601919713,1.051085356726728,dann_matched,banglasarc3_binary+banglasarc_binary,banglasarc3_binary,2024
10315d34cdace8c1,0,1,-0.76953125,0.30859375,0.25386100696924885,0.746138993030751,1.051085356726728,dann_matched,banglasarc3_binary+banglasarc_binary,banglasarc3_binary,2024
5b040037fd3ecdae,1,1,-1.0625,0.62890625,0.15559099407709326,0.8444090059229068,1.051085356726728,dann_matched,banglasarc3_binary+banglasarc_binary,banglasarc3_binary,2024
586f5d207285bf27,0,1,-0.35742188,-0.08691406,0.4327824320561572,0.5672175679438427,1.051085356726728,dann_matched,banglasarc3_binary+banglasarc_binary,banglasarc3_binary,2024
11319ec3cf94ef20,0,0,1.375,-1.7421875,0.9575961713681533,0.04240382863184672,1.051085356726728,dann_matched,banglasarc3_binary+banglasarc_binary,banglasarc3_binary,2024
69fbdf73ddc7be78,1,1,-1.0,0.65625,0.16026603232776068,0.8397339676722393,1.051085356726728,dann_matched,banglasarc3_binary+banglasarc_binary,banglasarc3_binary,2024
757ab3d1fca46e3c,1,1,-0.703125,0.28125,0.2720245510940225,0.7279754489059775,1.051085356726728,dann_matched,banglasarc3_binary+banglasarc_binary,banglasarc3_binary,2024
a39c5cc8dcf7f753,0,0,0.76171875,-1.1640625,0.8727817323315137,0.12721826766848623,1.051085356726728,dann_matched,banglasarc3_binary+banglasarc_binary,banglasarc3_binary,2024
ba0d8b695ca6ef05,0,0,-0.20117188,-0.3046875,0.5258558222335034,0.47414417776649664,1.051085356726728,dann_matched,banglasarc3_binary+banglasarc_binary,banglasarc3_binary,2024
7e976976fd12e611,0,0,0.41015625,-0.76171875,0.7634837635542924,0.23651623644570763,1.051085356726728,dann_matched,banglasarc3_binary+banglasarc_binary,banglasarc3_binary,2024
177bf85b5ddcbb0b,1,1,-0.58203125,0.018554688,0.35420965195201215,0.6457903480479878,1.051085356726728,dann_matched,banglasarc3_binary+banglasarc_binary,banglasarc3_binary,2024
6d78d071878ac3d1,1,1,-0.92578125,0.48242188,0.1965176254279632,0.8034823745720369,1.051085356726728,dann_matched,banglasarc3_binary+banglasarc_binary,banglasarc3_binary,2024
c85c38b6528754b8,1,1,-1.15625,0.75,0.12940273159163906,0.870597268408361,1.051085356726728,dann_matched,banglasarc3_binary+banglasarc_binary,banglasarc3_binary,2024
90dbb76ac473a400,1,1,-0.86328125,0.44726562,0.21239534653504913,0.7876046534649508,1.051085356726728,dann_matched,banglasarc3_binary+banglasarc_binary,banglasarc3_binary,2024
63c48593140100b8,0,0,1.1484375,-1.4453125,0.9304582554941719,0.06954174450582809,1.051085356726728,dann_matched,banglasarc3_binary+banglasarc_binary,banglasarc3_binary,2024
aff3807e81a949e8,0,0,2.40625,-2.34375,0.991422514586288,0.008577485413711986,1.051085356726728,dann_matched,banglasarc3_binary+banglasarc_binary,banglasarc3_binary,2024
2a1a90955017061c,1,1,-1.0703125,0.61328125,0.156620183363451,0.843379816636549,1.051085356726728,dann_matched,banglasarc3_binary+banglasarc_binary,banglasarc3_binary,2024
8ba3ce83e1b38636,0,0,1.3515625,-1.5859375,0.9496693674025232,0.05033063259747688,1.051085356726728,dann_matched,banglasarc3_binary+banglasarc_binary,banglasarc3_binary,2024
b6a150e585a90815,1,0,0.49414062,-1.03125,0.8213309063679683,0.17866909363203173,1.051085356726728,dann_matched,banglasarc3_binary+banglasarc_binary,banglasarc3_binary,2024
e7f847b226aac07c,0,0,0.46875,-0.90625,0.7981867777396212,0.20181322226037882,1.051085356726728,dann_matched,banglasarc3_binary+banglasarc_binary,banglasarc3_binary,2024
dddd46a1f7d0d0f0,1,1,-1.1796875,0.76171875,0.12549344653756345,0.8745065534624367,1.051085356726728,dann_matched,banglasarc3_binary+banglasarc_binary,banglasarc3_binary,2024
1bffdb75712cd569,0,1,-0.36914062,-0.21386719,0.4612594450824818,0.5387405549175182,1.051085356726728,dann_matched,banglasarc3_binary+banglasarc_binary,banglasarc3_binary,2024
2ab62d60d1d4472e,1,1,-0.46875,-0.0115356445,0.3876468638526064,0.6123531361473936,1.051085356726728,dann_matched,banglasarc3_binary+banglasarc_binary,banglasarc3_binary,2024
8fc93f04e6590154,1,1,-0.50390625,0.02368164,0.3710796497420476,0.6289203502579523,1.051085356726728,dann_matched,banglasarc3_binary+banglasarc_binary,banglasarc3_binary,2024
86de20b950da2d3c,0,1,-1.0390625,0.58984375,0.16398024910404715,0.8360197508959527,1.051085356726728,dann_matched,banglasarc3_binary+banglasarc_binary,banglasarc3_binary,2024
5621eac1c37b8431,0,0,1.0859375,-1.359375,0.9202179865359069,0.079782013464093,1.051085356726728,dann_matched,banglasarc3_binary+banglasarc_binary,banglasarc3_binary,2024
837aaea86232ce70,1,0,0.34375,-0.72265625,0.743912883406992,0.2560871165930079,1.051085356726728,dann_matched,banglasarc3_binary+banglasarc_binary,banglasarc3_binary,2024
f99f7e89824b6612,0,0,1.8359375,-1.8828125,0.9763105287006256,0.023689471299374428,1.051085356726728,dann_matched,banglasarc3_binary+banglasarc_binary,banglasarc3_binary,2024
f398263b812de4fc,0,0,1.1953125,-1.6015625,0.9425067211996143,0.05749327880038583,1.051085356726728,dann_matched,banglasarc3_binary+banglasarc_binary,banglasarc3_binary,2024
f933964e1386abbc,1,0,-0.18164062,-0.328125,0.536555750339639,0.463444249660361,1.051085356726728,dann_matched,banglasarc3_binary+banglasarc_binary,banglasarc3_binary,2024
29429b72289fcd40,0,1,-0.52734375,0.17578125,0.3311197396289915,0.6688802603710086,1.051085356726728,dann_matched,banglasarc3_binary+banglasarc_binary,banglasarc3_binary,2024
065cb8d51b12f79a,0,1,-0.49023438,0.072753906,0.3628563114342632,0.6371436885657369,1.051085356726728,dann_matched,banglasarc3_binary+banglasarc_binary,banglasarc3_binary,2024
238ed849caf48da2,0,0,0.37890625,-0.86328125,0.7759445507683053,0.2240554492316947,1.051085356726728,dann_matched,banglasarc3_binary+banglasarc_binary,banglasarc3_binary,2024
e6879d34059ffd78,1,1,-1.0390625,0.56640625,0.16721866883101164,0.8327813311689884,1.051085356726728,dann_matched,banglasarc3_binary+banglasarc_binary,banglasarc3_binary,2024
e1920815e63fd77c,1,1,-1.328125,0.94140625,0.09367800267455072,0.9063219973254493,1.051085356726728,dann_matched,banglasarc3_binary+banglasarc_binary,banglasarc3_binary,2024
9d6102939ae27963,1,1,-0.640625,0.20703125,0.29992474357634236,0.7000752564236576,1.051085356726728,dann_matched,banglasarc3_binary+banglasarc_binary,banglasarc3_binary,2024
7cf8d62bc548f981,1,1,-0.27539062,-0.17089844,0.4739006961637378,0.5260993038362621,1.051085356726728,dann_matched,banglasarc3_binary+banglasarc_binary,banglasarc3_binary,2024
3dedb7824bbf60be,0,1,-0.2890625,-0.1015625,0.45326184801538616,0.5467381519846138,1.051085356726728,dann_matched,banglasarc3_binary+banglasarc_binary,banglasarc3_binary,2024
7168d49fd7747b74,0,0,1.59375,-1.84375,0.9688561694652216,0.031143830534778462,1.051085356726728,dann_matched,banglasarc3_binary+banglasarc_binary,banglasarc3_binary,2024
85cf586fc25418e3,0,1,-0.78125,0.390625,0.23651623644570763,0.7634837635542924,1.051085356726728,dann_matched,banglasarc3_binary+banglasarc_binary,banglasarc3_binary,2024
b4853c23f7a9f71d,0,0,0.35546875,-0.79296875,0.7592254042296177,0.24077459577038227,1.051085356726728,dann_matched,banglasarc3_binary+banglasarc_binary,banglasarc3_binary,2024
b577521aba23e9a6,1,1,-0.55859375,0.023925781,0.3583530558457152,0.6416469441542848,1.051085356726728,dann_matched,banglasarc3_binary+banglasarc_binary,banglasarc3_binary,2024
43913a364404a6b7,1,1,-0.5859375,0.22265625,0.3081902399767429,0.6918097600232571,1.051085356726728,dann_matched,banglasarc3_binary+banglasarc_binary,banglasarc3_binary,2024
98595080b20ded8e,0,1,-0.546875,0.044189453,0.3563906566198043,0.6436093433801957,1.051085356726728,dann_matched,banglasarc3_binary+banglasarc_binary,banglasarc3_binary,2024
e8908d5a70ac67f7,0,0,0.62109375,-1.046875,0.8413048148640399,0.1586951851359601,1.051085356726728,dann_matched,banglasarc3_binary+banglasarc_binary,banglasarc3_binary,2024
a92f9901130b2155,0,0,-0.01965332,-0.609375,0.6433012835431315,0.3566987164568685,1.051085356726728,dann_matched,banglasarc3_binary+banglasarc_binary,banglasarc3_binary,2024
7d6de967d264bd85,0,0,0.03540039,-0.41601562,0.610975851558362,0.3890241484416381,1.051085356726728,dann_matched,banglasarc3_binary+banglasarc_binary,banglasarc3_binary,2024
9837a43eab10dddf,1,1,-1.28125,0.96875,0.0953494648991095,0.9046505351008906,1.051085356726728,dann_matched,banglasarc3_binary+banglasarc_binary,banglasarc3_binary,2024
65319c5414a8306a,0,0,-0.22558594,-0.25976562,0.5085440900876863,0.49145590991231375,1.051085356726728,dann_matched,banglasarc3_binary+banglasarc_binary,banglasarc3_binary,2024
fade48daf673b1f8,0,0,1.21875,-1.625,0.9449947117065459,0.05500528829345415,1.051085356726728,dann_matched,banglasarc3_binary+banglasarc_binary,banglasarc3_binary,2024
866873fff24113c0,1,1,-1.015625,0.63671875,0.16079243661397521,0.8392075633860248,1.051085356726728,dann_matched,banglasarc3_binary+banglasarc_binary,banglasarc3_binary,2024
e3cc36cc8d198224,0,1,-0.88671875,0.41992188,0.21304953207082516,0.7869504679291749,1.051085356726728,dann_matched,banglasarc3_binary+banglasarc_binary,banglasarc3_binary,2024
89c21dd6d937eaff,1,1,-0.3125,-0.061523438,0.43758314841204154,0.5624168515879584,1.051085356726728,dann_matched,banglasarc3_binary+banglasarc_binary,banglasarc3_binary,2024
4b6f29550988601b,0,0,2.484375,-2.296875,0.9916842215225259,0.008315778477474129,1.051085356726728,dann_matched,banglasarc3_binary+banglasarc_binary,banglasarc3_binary,2024
d975dd69c2f72afd,1,1,-1.359375,0.8984375,0.0946777017913266,0.9053222982086733,1.051085356726728,dann_matched,banglasarc3_binary+banglasarc_binary,banglasarc3_binary,2024
877fb7d4cf62f178,1,1,-1.28125,0.7578125,0.11516222873143664,0.8848377712685633,1.051085356726728,dann_matched,banglasarc3_binary+banglasarc_binary,banglasarc3_binary,2024
8e7741f5f6607b4c,1,1,-1.1796875,0.72265625,0.12984343802049797,0.870156561979502,1.051085356726728,dann_matched,banglasarc3_binary+banglasarc_binary,banglasarc3_binary,2024
0892c4bec7f40ca2,1,1,-1.2890625,0.8671875,0.10374862686637971,0.8962513731336202,1.051085356726728,dann_matched,banglasarc3_binary+banglasarc_binary,banglasarc3_binary,2024
a2b22017bfba6565,1,1,-0.97265625,0.59375,0.1727293128639838,0.8272706871360163,1.051085356726728,dann_matched,banglasarc3_binary+banglasarc_binary,banglasarc3_binary,2024
f5daae7220a90010,0,0,0.51953125,-0.875,0.8013146462095748,0.1986853537904252,1.051085356726728,dann_matched,banglasarc3_binary+banglasarc_binary,banglasarc3_binary,2024
0f083853e0116694,1,1,-1.0859375,0.73046875,0.13986565348595606,0.8601343465140441,1.051085356726728,dann_matched,banglasarc3_binary+banglasarc_binary,banglasarc3_binary,2024
40768fb2acdaf890,0,0,-0.1484375,-0.3203125,0.5428632831725052,0.45713671682749485,1.051085356726728,dann_matched,banglasarc3_binary+banglasarc_binary,banglasarc3_binary,2024
d61c45eabc68eb9b,0,1,-0.46289062,-0.15332031,0.4232196241760393,0.5767803758239607,1.051085356726728,dann_matched,banglasarc3_binary+banglasarc_binary,banglasarc3_binary,2024
f8966d9f2ebf8a15,1,1,-0.9921875,0.5234375,0.18010666408646395,0.8198933359135361,1.051085356726728,dann_matched,banglasarc3_binary+banglasarc_binary,banglasarc3_binary,2024
3a91532d913e2c4b,0,0,1.6796875,-1.90625,0.9730365001376665,0.02696349986233355,1.051085356726728,dann_matched,banglasarc3_binary+banglasarc_binary,banglasarc3_binary,2024
701ed1e21508a181,0,0,0.3203125,-0.6796875,0.7310585786300049,0.2689414213699951,1.051085356726728,dann_matched,banglasarc3_binary+banglasarc_binary,banglasarc3_binary,2024
b4b9460c57fb2ff8,1,1,-0.8984375,0.43359375,0.2088235711388737,0.7911764288611264,1.051085356726728,dann_matched,banglasarc3_binary+banglasarc_binary,banglasarc3_binary,2024
f6ef35c40454d8a9,1,1,-0.796875,0.46679688,0.22034244704294068,0.7796575529570593,1.051085356726728,dann_matched,banglasarc3_binary+banglasarc_binary,banglasarc3_binary,2024
c749254818a2beb4,1,1,-0.34375,-0.037841797,0.424113812983985,0.5758861870160151,1.051085356726728,dann_matched,banglasarc3_binary+banglasarc_binary,banglasarc3_binary,2024
a8d95df3867755d7,1,1,-0.69921875,0.1484375,0.29992474357634236,0.7000752564236576,1.051085356726728,dann_matched,banglasarc3_binary+banglasarc_binary,banglasarc3_binary,2024
fb125052de8613ad,1,1,-1.2734375,0.83984375,0.1078126399606749,0.8921873600393251,1.051085356726728,dann_matched,banglasarc3_binary+banglasarc_binary,banglasarc3_binary,2024
09a2cced4bee49f7,1,1,-0.76171875,0.19335938,0.2778647176351323,0.7221352823648677,1.051085356726728,dann_matched,banglasarc3_binary+banglasarc_binary,banglasarc3_binary,2024
8a83d3da7699811c,0,1,-0.46679688,0.064941406,0.3701115528626109,0.6298884471373891,1.051085356726728,dann_matched,banglasarc3_binary+banglasarc_binary,banglasarc3_binary,2024
3964424aa0d49a56,0,1,-0.24316406,-0.18261719,0.48486790372724575,0.5151320962727542,1.051085356726728,dann_matched,banglasarc3_binary+banglasarc_binary,banglasarc3_binary,2024
0fa27d4578133779,1,0,0.546875,-1.1171875,0.8407825918539462,0.15921740814605373,1.051085356726728,dann_matched,banglasarc3_binary+banglasarc_binary,banglasarc3_binary,2024
2a782f9195e8bf56,0,1,-0.75390625,0.35742188,0.24762336792742878,0.7523766320725713,1.051085356726728,dann_matched,banglasarc3_binary+banglasarc_binary,banglasarc3_binary,2024
ce572474de1b6dd4,1,1,-0.38476562,-0.30078125,0.4790162386622166,0.5209837613377835,1.051085356726728,dann_matched,banglasarc3_binary+banglasarc_binary,banglasarc3_binary,2024
2b921d548ea4c4df,1,1,-1.078125,0.6875,0.14608724704829565,0.8539127529517043,1.051085356726728,dann_matched,banglasarc3_binary+banglasarc_binary,banglasarc3_binary,2024
8a3dac5169c757dc,1,1,-1.0625,0.64453125,0.15354917288301603,0.8464508271169839,1.051085356726728,dann_matched,banglasarc3_binary+banglasarc_binary,banglasarc3_binary,2024
1dc83e50f7da3618,0,1,-0.31835938,-0.29492188,0.4941408932061685,0.5058591067938315,1.051085356726728,dann_matched,banglasarc3_binary+banglasarc_binary,banglasarc3_binary,2024
43e4c5caf8ccf8d9,1,1,-0.45507812,-0.057128906,0.4018051616879325,0.5981948383120675,1.051085356726728,dann_matched,banglasarc3_binary+banglasarc_binary,banglasarc3_binary,2024
c768491a2e849a34,1,1,-0.81640625,0.19433594,0.2668346285944962,0.7331653714055038,1.051085356726728,dann_matched,banglasarc3_binary+banglasarc_binary,banglasarc3_binary,2024
d9b9d06a13c83be0,0,0,1.0703125,-1.296875,0.9142907207192192,0.08570927928078063,1.051085356726728,dann_matched,banglasarc3_binary+banglasarc_binary,banglasarc3_binary,2024
6bac0560c62a5092,1,1,-0.80859375,0.39648438,0.23057307839092478,0.7694269216090752,1.051085356726728,dann_matched,banglasarc3_binary+banglasarc_binary,banglasarc3_binary,2024
77eefbc8cad52155,0,0,0.34179688,-0.78515625,0.755276170890018,0.24472382910998208,1.051085356726728,dann_matched,banglasarc3_binary+banglasarc_binary,banglasarc3_binary,2024
61341c4de44d2405,1,0,-0.08203125,-0.39257812,0.5770187415004098,0.42298125849959023,1.051085356726728,dann_matched,banglasarc3_binary+banglasarc_binary,banglasarc3_binary,2024
cd6e8a914163a6ff,0,1,-0.35742188,0.005065918,0.4103574750988039,0.5896425249011962,1.051085356726728,dann_matched,banglasarc3_binary+banglasarc_binary,banglasarc3_binary,2024
81087120efb6f7bd,0,0,0.22363281,-0.75390625,0.7266196397313213,0.27338036026867873,1.051085356726728,dann_matched,banglasarc3_binary+banglasarc_binary,banglasarc3_binary,2024
467d95865670a7c7,0,0,-0.19140625,-0.2734375,0.5204963202620584,0.4795036797379416,1.051085356726728,dann_matched,banglasarc3_binary+banglasarc_binary,banglasarc3_binary,2024
a061508d9f7523b5,1,0,1.203125,-1.6171875,0.9437636542955161,0.056236345704483756,1.051085356726728,dann_matched,banglasarc3_binary+banglasarc_binary,banglasarc3_binary,2024
cf0096f6a70cc1c1,1,1,-1.234375,0.84375,0.11124120650754304,0.888758793492457,1.051085356726728,dann_matched,banglasarc3_binary+banglasarc_binary,banglasarc3_binary,2024
2038f5084e716133,0,1,-0.734375,0.31445312,0.25945019647017975,0.7405498035298201,1.051085356726728,dann_matched,banglasarc3_binary+banglasarc_binary,banglasarc3_binary,2024
40e021231f9b1641,0,0,1.28125,-1.5546875,0.944587205618231,0.05541279438176918,1.051085356726728,dann_matched,banglasarc3_binary+banglasarc_binary,banglasarc3_binary,2024
2416d3cb16cd9c24,1,1,-1.3203125,0.88671875,0.09912085510042459,0.9008791448995754,1.051085356726728,dann_matched,banglasarc3_binary+banglasarc_binary,banglasarc3_binary,2024
c8d7de7cf70fcf2b,0,1,-0.5078125,-0.026123047,0.3818532649170795,0.6181467350829205,1.051085356726728,dann_matched,banglasarc3_binary+banglasarc_binary,banglasarc3_binary,2024
f6314ebda0e9b467,1,0,0.32226562,-0.79296875,0.7531036723496825,0.2468963276503175,1.051085356726728,dann_matched,banglasarc3_binary+banglasarc_binary,banglasarc3_binary,2024
6062c09c444e211f,1,0,-0.027832031,-0.4140625,0.5953749329987743,0.40462506700122564,1.051085356726728,dann_matched,banglasarc3_binary+banglasarc_binary,banglasarc3_binary,2024
4adaf7a44c6d430f,1,0,0.23535156,-0.625,0.7027341005928283,0.29726589940717174,1.051085356726728,dann_matched,banglasarc3_binary+banglasarc_binary,banglasarc3_binary,2024
a5bb573405980a25,1,1,-0.6640625,0.11767578,0.3139453676293908,0.6860546323706092,1.051085356726728,dann_matched,banglasarc3_binary+banglasarc_binary,banglasarc3_binary,2024
44fc54763842d3f4,1,1,-1.3671875,0.953125,0.08945460216888064,0.9105453978311193,1.051085356726728,dann_matched,banglasarc3_binary+banglasarc_binary,banglasarc3_binary,2024
64ad5df98a085346,0,1,-0.734375,0.35546875,0.25164770242862033,0.7483522975713798,1.051085356726728,dann_matched,banglasarc3_binary+banglasarc_binary,banglasarc3_binary,2024
d3b2db834378679a,0,0,-0.25195312,-0.2578125,0.5014648395590628,0.4985351604409372,1.051085356726728,dann_matched,banglasarc3_binary+banglasarc_binary,banglasarc3_binary,2024
411964e4c9aadb31,0,1,-1.3203125,0.77734375,0.10932483007763893,0.8906751699223611,1.051085356726728,dann_matched,banglasarc3_binary+banglasarc_binary,banglasarc3_binary,2024
9d3774289ff1c6b7,1,1,-0.609375,0.08984375,0.33198546376791266,0.6680145362320873,1.051085356726728,dann_matched,banglasarc3_binary+banglasarc_binary,banglasarc3_binary,2024
7799f6cae337598c,0,0,1.109375,-1.4375,0.927363293639213,0.07263670636078697,1.051085356726728,dann_matched,banglasarc3_binary+banglasarc_binary,banglasarc3_binary,2024
211c6d38bfbe7b02,0,1,-0.29492188,-0.104003906,0.45241495834102374,0.5475850416589763,1.051085356726728,dann_matched,banglasarc3_binary+banglasarc_binary,banglasarc3_binary,2024
3cff9f15c3baf42c,1,1,-0.30664062,-0.18457031,0.46952026110372924,0.5304797388962708,1.051085356726728,dann_matched,banglasarc3_binary+banglasarc_binary,banglasarc3_binary,2024
9c18cf645a2b92f4,1,1,-1.53125,1.140625,0.06465348835622392,0.9353465116437761,1.051085356726728,dann_matched,banglasarc3_binary+banglasarc_binary,banglasarc3_binary,2024
0b45893ebd275e93,0,0,1.234375,-1.625,0.9458012701768145,0.05419872982318558,1.051085356726728,dann_matched,banglasarc3_binary+banglasarc_binary,banglasarc3_binary,2024
e5026d6cb3802c30,1,1,-0.953125,0.5625,0.18010666408646395,0.8198933359135361,1.051085356726728,dann_matched,banglasarc3_binary+banglasarc_binary,banglasarc3_binary,2024
6aaf9704fc1bdef0,0,1,-0.71484375,0.27929688,0.27009500290248817,0.7299049970975119,1.051085356726728,dann_matched,banglasarc3_binary+banglasarc_binary,banglasarc3_binary,2024
81a1f43037e1cac1,1,1,-0.9765625,0.57421875,0.17497346003387607,0.825026539966124,1.051085356726728,dann_matched,banglasarc3_binary+banglasarc_binary,banglasarc3_binary,2024
7fb0bd6317330d4d,1,1,-0.53515625,0.048339844,0.3581285399053405,0.6418714600946596,1.051085356726728,dann_matched,banglasarc3_binary+banglasarc_binary,banglasarc3_binary,2024
02520a874eae112e,1,1,-0.98828125,0.5703125,0.17384852735447087,0.8261514726455292,1.051085356726728,dann_matched,banglasarc3_binary+banglasarc_binary,banglasarc3_binary,2024
a5ce9ddbfc286430,0,0,0.083496094,-0.55859375,0.6552257197361661,0.3447742802638339,1.051085356726728,dann_matched,banglasarc3_binary+banglasarc_binary,banglasarc3_binary,2024
f0dad52b23c7b1b2,0,0,0.41992188,-0.9453125,0.7966091038807018,0.2033908961192982,1.051085356726728,dann_matched,banglasarc3_binary+banglasarc_binary,banglasarc3_binary,2024
552cb5e4af89f7b4,1,1,-0.83203125,0.27148438,0.24908175189735485,0.7509182481026451,1.051085356726728,dann_matched,banglasarc3_binary+banglasarc_binary,banglasarc3_binary,2024
5943a521e3945c92,0,0,-0.140625,-0.52734375,0.5954925562405032,0.4045074437594969,1.051085356726728,dann_matched,banglasarc3_binary+banglasarc_binary,banglasarc3_binary,2024
ae9b18fb7ff57a4e,1,0,-0.16210938,-0.33789062,0.5438325053576957,0.4561674946423043,1.051085356726728,dann_matched,banglasarc3_binary+banglasarc_binary,banglasarc3_binary,2024
ff80e0cbcd7c1782,0,0,1.109375,-1.296875,0.9173026573249612,0.08269734267503885,1.051085356726728,dann_matched,banglasarc3_binary+banglasarc_binary,banglasarc3_binary,2024
f1314c540d6527e9,0,0,1.328125,-1.609375,0.9496693674025232,0.05033063259747688,1.051085356726728,dann_matched,banglasarc3_binary+banglasarc_binary,banglasarc3_binary,2024
fac42c7ed54d77d8,0,1,-1.171875,0.71875,0.13117322376181567,0.8688267762381844,1.051085356726728,dann_matched,banglasarc3_binary+banglasarc_binary,banglasarc3_binary,2024
8658527a6a2a33bf,0,0,0.90234375,-1.40625,0.9095862731761619,0.09041372682383805,1.051085356726728,dann_matched,banglasarc3_binary+banglasarc_binary,banglasarc3_binary,2024
67575dc5c930b3d1,0,0,0.27148438,-0.76171875,0.7375364170002107,0.26246358299978934,1.051085356726728,dann_matched,banglasarc3_binary+banglasarc_binary,banglasarc3_binary,2024
ad380f5058befbd4,1,1,-0.96484375,0.625,0.16940588134972326,0.8305941186502768,1.051085356726728,dann_matched,banglasarc3_binary+banglasarc_binary,banglasarc3_binary,2024
392a0ef4d44c3c73,1,1,-0.59375,0.18359375,0.31489265091054125,0.6851073490894588,1.051085356726728,dann_matched,banglasarc3_binary+banglasarc_binary,banglasarc3_binary,2024
d6bafb1cda6b4f80,1,1,-1.3828125,0.89453125,0.0930168046688621,0.9069831953311379,1.051085356726728,dann_matched,banglasarc3_binary+banglasarc_binary,banglasarc3_binary,2024
809d83f7454be9cd,1,1,-0.8828125,0.328125,0.2295352131664525,0.7704647868335476,1.051085356726728,dann_matched,banglasarc3_binary+banglasarc_binary,banglasarc3_binary,2024
a7ecaf79eb5d5fb9,1,1,-0.984375,0.56640625,0.17497346003387607,0.825026539966124,1.051085356726728,dann_matched,banglasarc3_binary+banglasarc_binary,banglasarc3_binary,2024
16902334d4aac003,0,0,0.58203125,-0.9140625,0.8169911499760516,0.18300885002394832,1.051085356726728,dann_matched,banglasarc3_binary+banglasarc_binary,banglasarc3_binary,2024
051f1b25aad139f0,1,0,0.13964844,-0.5390625,0.663450931311592,0.33654906868840784,1.051085356726728,dann_matched,banglasarc3_binary+banglasarc_binary,banglasarc3_binary,2024
74628967f465b267,0,1,-1.0625,0.734375,0.1422318950098963,0.8577681049901036,1.051085356726728,dann_matched,banglasarc3_binary+banglasarc_binary,banglasarc3_binary,2024
32b5e23e297c895c,1,1,-0.94921875,0.39648438,0.20657374614669016,0.7934262538533098,1.051085356726728,dann_matched,banglasarc3_binary+banglasarc_binary,banglasarc3_binary,2024
78a8f1d91019c411,0,1,-0.26367188,-0.12890625,0.46635949261856924,0.5336405073814309,1.051085356726728,dann_matched,banglasarc3_binary+banglasarc_binary,banglasarc3_binary,2024
6bbdac83cbe8ed55,1,0,-0.06640625,-0.33398438,0.5664982418472789,0.433501758152721,1.051085356726728,dann_matched,banglasarc3_binary+banglasarc_binary,banglasarc3_binary,2024
505144aeff25d610,0,0,0.84765625,-1.375,0.9022656804095371,0.09773431959046293,1.051085356726728,dann_matched,banglasarc3_binary+banglasarc_binary,banglasarc3_binary,2024
514e7229ecf5d2fe,1,1,-1.015625,0.578125,0.16885695214168314,0.8311430478583168,1.051085356726728,dann_matched,banglasarc3_binary+banglasarc_binary,banglasarc3_binary,2024
97ff4666ec5e9f65,0,0,0.19238281,-0.76171875,0.7219392868200394,0.2780607131799606,1.051085356726728,dann_matched,banglasarc3_binary+banglasarc_binary,banglasarc3_binary,2024
7cb9734d271aa603,1,1,-1.1875,0.6875,0.13296424019782924,0.8670357598021706,1.051085356726728,dann_matched,banglasarc3_binary+banglasarc_binary,banglasarc3_binary,2024
895b32d6f531e8d6,0,1,-0.859375,0.4375,0.2146914191122419,0.785308580887758,1.051085356726728,dann_matched,banglasarc3_binary+banglasarc_binary,banglasarc3_binary,2024
b1a4b29882b6c492,0,0,0.55078125,-0.94140625,0.8164063773658039,0.18359362263419612,1.051085356726728,dann_matched,banglasarc3_binary+banglasarc_binary,banglasarc3_binary,2024
0dc4897d46949237,0,0,2.171875,-2.078125,0.9859363729567544,0.014063627043245474,1.051085356726728,dann_matched,banglasarc3_binary+banglasarc_binary,banglasarc3_binary,2024
c3b7103111f141a1,1,1,-0.9296875,0.45703125,0.1999321064241851,0.800067893575815,1.051085356726728,dann_matched,banglasarc3_binary+banglasarc_binary,banglasarc3_binary,2024
ec3e49aee99d8f7a,1,1,-0.97265625,0.64453125,0.16559311363082369,0.8344068863691763,1.051085356726728,dann_matched,banglasarc3_binary+banglasarc_binary,banglasarc3_binary,2024
992c3932d484ad9a,0,1,-0.6953125,0.34960938,0.26020143184909333,0.7397985681509067,1.051085356726728,dann_matched,banglasarc3_binary+banglasarc_binary,banglasarc3_binary,2024
c5bd12f82a343358,1,1,-0.32617188,-0.11669922,0.4478224870826345,0.5521775129173656,1.051085356726728,dann_matched,banglasarc3_binary+banglasarc_binary,banglasarc3_binary,2024
3ea7fe33caac8580,0,0,2.296875,-2.015625,0.9867771782476948,0.013222821752305148,1.051085356726728,dann_matched,banglasarc3_binary+banglasarc_binary,banglasarc3_binary,2024
33a5e06ca430c8f1,0,0,0.40429688,-0.81640625,0.772187262695501,0.22781273730449897,1.051085356726728,dann_matched,banglasarc3_binary+banglasarc_binary,banglasarc3_binary,2024
0e1ca87b75e07a22,0,0,0.12988281,-0.7578125,0.708414337101103,0.291585662898897,1.051085356726728,dann_matched,banglasarc3_binary+banglasarc_binary,banglasarc3_binary,2024
d8fee321b4621b14,1,0,0.15917969,-0.5703125,0.6746938267341619,0.32530617326583805,1.051085356726728,dann_matched,banglasarc3_binary+banglasarc_binary,banglasarc3_binary,2024
00c1732e4277e2ff,1,1,-0.40625,-0.014465332,0.4032877521468115,0.5967122478531884,1.051085356726728,dann_matched,banglasarc3_binary+banglasarc_binary,banglasarc3_binary,2024
fbce076f3a151066,1,1,-1.1640625,0.8359375,0.11920292202211755,0.8807970779778823,1.051085356726728,dann_matched,banglasarc3_binary+banglasarc_binary,banglasarc3_binary,2024
dbbbd3567edaaf38,0,1,-0.41992188,-0.067871094,0.41288520046918814,0.5871147995308118,1.051085356726728,dann_matched,banglasarc3_binary+banglasarc_binary,banglasarc3_binary,2024
4ac1dba701f4fda5,1,1,-1.15625,0.70703125,0.13432105377342907,0.865678946226571,1.051085356726728,dann_matched,banglasarc3_binary+banglasarc_binary,banglasarc3_binary,2024
a13bde6d3c5bb87a,0,0,0.07714844,-0.53515625,0.6484663530335857,0.35153364696641437,1.051085356726728,dann_matched,banglasarc3_binary+banglasarc_binary,banglasarc3_binary,2024
9f92c9c63ab16ba9,1,1,-1.5703125,1.1640625,0.06097518086496481,0.9390248191350352,1.051085356726728,dann_matched,banglasarc3_binary+banglasarc_binary,banglasarc3_binary,2024
e70632ab44b95d37,1,1,-0.6171875,0.15136719,0.316791839278009,0.6832081607219911,1.051085356726728,dann_matched,banglasarc3_binary+banglasarc_binary,banglasarc3_binary,2024
e1e95dc7d5fd4fe7,0,1,-0.47851562,-0.083984375,0.4026269720689515,0.5973730279310485,1.051085356726728,dann_matched,banglasarc3_binary+banglasarc_binary,banglasarc3_binary,2024
cf43563beef479bd,1,0,0.37304688,-0.87109375,0.7762839275270884,0.22371607247291164,1.051085356726728,dann_matched,banglasarc3_binary+banglasarc_binary,banglasarc3_binary,2024
9f9b2bac0fb579a1,1,1,-1.0234375,0.45117188,0.18624302242666552,0.8137569775733345,1.051085356726728,dann_matched,banglasarc3_binary+banglasarc_binary,banglasarc3_binary,2024
64261898e8263c33,0,0,-0.14550781,-0.36914062,0.555676357500666,0.4443236424993339,1.051085356726728,dann_matched,banglasarc3_binary+banglasarc_binary,banglasarc3_binary,2024
2584524d390cdfab,1,1,-0.66015625,0.032958984,0.33334043252334145,0.6666595674766586,1.051085356726728,dann_matched,banglasarc3_binary+banglasarc_binary,banglasarc3_binary,2024
257a7560d1ab7c7e,0,1,-0.921875,0.578125,0.18242552380635632,0.8175744761936437,1.051085356726728,dann_matched,banglasarc3_binary+banglasarc_binary,banglasarc3_binary,2024
2f14c0092aa7ca57,1,1,-0.6796875,0.20410156,0.2923932078409354,0.7076067921590646,1.051085356726728,dann_matched,banglasarc3_binary+banglasarc_binary,banglasarc3_binary,2024
342881c8a15bad16,0,0,-0.23339844,-0.3359375,0.5256123283346986,0.4743876716653013,1.051085356726728,dann_matched,banglasarc3_binary+banglasarc_binary,banglasarc3_binary,2024
43f923ef5eb8a6f5,0,0,0.6484375,-1.078125,0.8489721980074492,0.15102780199255098,1.051085356726728,dann_matched,banglasarc3_binary+banglasarc_binary,banglasarc3_binary,2024
ee6f09f058aef096,1,1,-0.421875,-0.07910156,0.41513593363925716,0.5848640663607428,1.051085356726728,dann_matched,banglasarc3_binary+banglasarc_binary,banglasarc3_binary,2024
923b266511af9ccd,1,1,-0.67578125,0.088378906,0.3177437334891158,0.6822562665108842,1.051085356726728,dann_matched,banglasarc3_binary+banglasarc_binary,banglasarc3_binary,2024
405b3d840ad271a8,0,1,-0.26757812,-0.21777344,0.48755140125487784,0.5124485987451222,1.051085356726728,dann_matched,banglasarc3_binary+banglasarc_binary,banglasarc3_binary,2024
dab992c0f3dc01a0,0,0,0.31054688,-0.80859375,0.7538292764191719,0.24617072358082817,1.051085356726728,dann_matched,banglasarc3_binary+banglasarc_binary,banglasarc3_binary,2024
667af3eb14934a3e,0,0,1.53125,-1.578125,0.9572778024535095,0.042722197546490565,1.051085356726728,dann_matched,banglasarc3_binary+banglasarc_binary,banglasarc3_binary,2024
b564fa9b23515ed0,1,1,-1.1171875,0.75,0.13386748775351784,0.8661325122464822,1.051085356726728,dann_matched,banglasarc3_binary+banglasarc_binary,banglasarc3_binary,2024
66d2aff5fc2e61bc,0,0,1.7265625,-2.0,0.9764905475924671,0.023509452407533014,1.051085356726728,dann_matched,banglasarc3_binary+banglasarc_binary,banglasarc3_binary,2024
d3a8233595cb8024,0,0,1.0703125,-1.4453125,0.9252299570920387,0.07477004290796138,1.051085356726728,dann_matched,banglasarc3_binary+banglasarc_binary,banglasarc3_binary,2024
1d769f0a19572287,1,1,-0.32421875,0.01159668,0.41682631597332465,0.5831736840266754,1.051085356726728,dann_matched,banglasarc3_binary+banglasarc_binary,banglasarc3_binary,2024
3fee32aadfaf6383,0,0,1.28125,-1.5625,0.9449947117065459,0.05500528829345415,1.051085356726728,dann_matched,banglasarc3_binary+banglasarc_binary,banglasarc3_binary,2024
114b54f8ea927149,1,1,-0.54296875,0.033935547,0.35964522555282874,0.6403547744471713,1.051085356726728,dann_matched,banglasarc3_binary+banglasarc_binary,banglasarc3_binary,2024
f8e88475333512af,1,0,-0.05126953,-0.40625,0.5878248063264999,0.4121751936735,1.051085356726728,dann_matched,banglasarc3_binary+banglasarc_binary,banglasarc3_binary,2024
7a2afdf85b0e4a57,1,1,-0.8984375,0.58984375,0.1841798425453443,0.8158201574546557,1.051085356726728,dann_matched,banglasarc3_binary+banglasarc_binary,banglasarc3_binary,2024
92c430c72628f547,0,1,-0.49023438,0.13476562,0.34864513533394575,0.6513548646660542,1.051085356726728,dann_matched,banglasarc3_binary+banglasarc_binary,banglasarc3_binary,2024
26dc21d32e9a6348,1,0,0.1796875,-0.64453125,0.6951311290900456,0.3048688709099544,1.051085356726728,dann_matched,banglasarc3_binary+banglasarc_binary,banglasarc3_binary,2024
d08da382f5aa6fd6,1,0,0.28710938,-0.7578125,0.7397985681509067,0.26020143184909333,1.051085356726728,dann_matched,banglasarc3_binary+banglasarc_binary,banglasarc3_binary,2024
ff9a012f3a431db5,1,1,-0.79296875,0.40820312,0.23126681205738467,0.7687331879426154,1.051085356726728,dann_matched,banglasarc3_binary+banglasarc_binary,banglasarc3_binary,2024
55386c020543c40f,1,1,-1.5078125,1.2265625,0.06097518086496481,0.9390248191350352,1.051085356726728,dann_matched,banglasarc3_binary+banglasarc_binary,banglasarc3_binary,2024
017099e7610a6f6c,1,0,-0.16308594,-0.36914062,0.5513321761900454,0.44866782380995457,1.051085356726728,dann_matched,banglasarc3_binary+banglasarc_binary,banglasarc3_binary,2024
f016ba0cc1c77d81,1,1,-1.15625,0.74609375,0.12984343802049797,0.870156561979502,1.051085356726728,dann_matched,banglasarc3_binary+banglasarc_binary,banglasarc3_binary,2024
bbbc6d295b42948d,0,1,-0.47460938,0.17675781,0.3426815109177052,0.6573184890822948,1.051085356726728,dann_matched,banglasarc3_binary+banglasarc_binary,banglasarc3_binary,2024
8a6ec5d8b3140bbc,1,1,-0.6953125,0.13769531,0.3030094599093834,0.6969905400906166,1.051085356726728,dann_matched,banglasarc3_binary+banglasarc_binary,banglasarc3_binary,2024
52f3e5cbfe71dd90,0,0,0.703125,-1.1328125,0.8624675338981391,0.13753246610186087,1.051085356726728,dann_matched,banglasarc3_binary+banglasarc_binary,banglasarc3_binary,2024
6311c3f6e9111661,1,0,-0.20019531,-0.296875,0.5241511131768308,0.4758488868231692,1.051085356726728,dann_matched,banglasarc3_binary+banglasarc_binary,banglasarc3_binary,2024
ab531d6915b77591,1,1,-0.37109375,-0.08691406,0.42942936925271075,0.5705706307472892,1.051085356726728,dann_matched,banglasarc3_binary+banglasarc_binary,banglasarc3_binary,2024
c8d4191a4c0034b0,0,1,-0.93359375,0.5703125,0.1818436430556475,0.8181563569443524,1.051085356726728,dann_matched,banglasarc3_binary+banglasarc_binary,banglasarc3_binary,2024
78f45826d9c886c2,1,1,-0.796875,0.39257812,0.233356758197565,0.766643241802435,1.051085356726728,dann_matched,banglasarc3_binary+banglasarc_binary,banglasarc3_binary,2024
f5080918cb703e26,1,1,-0.3828125,-0.17578125,0.44842626854777434,0.5515737314522255,1.051085356726728,dann_matched,banglasarc3_binary+banglasarc_binary,banglasarc3_binary,2024
50855678cee37752,0,0,0.7265625,-1.09375,0.8606036203346761,0.13939637966532398,1.051085356726728,dann_matched,banglasarc3_binary+banglasarc_binary,banglasarc3_binary,2024
0e861cdeb8d4ab68,1,1,-1.1484375,0.70703125,0.13523208079351787,0.8647679192064821,1.051085356726728,dann_matched,banglasarc3_binary+banglasarc_binary,banglasarc3_binary,2024
6aa0691388dde3ef,0,0,1.0390625,-1.3671875,0.9173026573249612,0.08269734267503885,1.051085356726728,dann_matched,banglasarc3_binary+banglasarc_binary,banglasarc3_binary,2024
ac035386ab80b4e6,1,1,-0.83203125,0.4296875,0.22067816087759426,0.7793218391224057,1.051085356726728,dann_matched,banglasarc3_binary+banglasarc_binary,banglasarc3_binary,2024
e76a1038723dc5eb,1,1,-1.0390625,0.51953125,0.17384852735447087,0.8261514726455292,1.051085356726728,dann_matched,banglasarc3_binary+banglasarc_binary,banglasarc3_binary,2024
ff922cbca8785282,1,1,-0.68359375,0.3046875,0.2712516965968936,0.7287483034031065,1.051085356726728,dann_matched,banglasarc3_binary+banglasarc_binary,banglasarc3_binary,2024
66a6d7fc7c022153,1,1,-0.97265625,0.41015625,0.2005576797447963,0.7994423202552038,1.051085356726728,dann_matched,banglasarc3_binary+banglasarc_binary,banglasarc3_binary,2024
6f920e614b465135,0,1,-0.390625,-0.12988281,0.43518127083048463,0.5648187291695154,1.051085356726728,dann_matched,banglasarc3_binary+banglasarc_binary,banglasarc3_binary,2024
a3046e4436328bea,1,1,-0.9140625,0.40429688,0.21109138022574253,0.7889086197742575,1.051085356726728,dann_matched,banglasarc3_binary+banglasarc_binary,banglasarc3_binary,2024
226afc1f08fe0780,0,0,0.94140625,-1.2265625,0.8973359904266346,0.1026640095733654,1.051085356726728,dann_matched,banglasarc3_binary+banglasarc_binary,banglasarc3_binary,2024
9924815a000de0cd,0,0,0.74609375,-1.1328125,0.8674854455595564,0.13251455444044344,1.051085356726728,dann_matched,banglasarc3_binary+banglasarc_binary,banglasarc3_binary,2024
71c861c5ca9ae94c,0,0,1.78125,-1.9375,0.9763105287006256,0.023689471299374428,1.051085356726728,dann_matched,banglasarc3_binary+banglasarc_binary,banglasarc3_binary,2024
9a8af6572f036955,1,0,0.41210938,-0.80859375,0.772187262695501,0.22781273730449897,1.051085356726728,dann_matched,banglasarc3_binary+banglasarc_binary,banglasarc3_binary,2024
148f42b7e3a77173,1,1,-0.83203125,0.22265625,0.2583259885691872,0.7416740114308128,1.051085356726728,dann_matched,banglasarc3_binary+banglasarc_binary,banglasarc3_binary,2024
4a3ebc4e56a23695,0,1,-0.86328125,0.32226562,0.2340563194755587,0.7659436805244414,1.051085356726728,dann_matched,banglasarc3_binary+banglasarc_binary,banglasarc3_binary,2024
9884f74105725ac3,0,0,0.84375,-1.2578125,0.8910549527982959,0.108945047201704,1.051085356726728,dann_matched,banglasarc3_binary+banglasarc_binary,banglasarc3_binary,2024
bc7aa60f495fb7a9,0,1,-0.8515625,0.42773438,0.21766993477709637,0.7823300652229036,1.051085356726728,dann_matched,banglasarc3_binary+banglasarc_binary,banglasarc3_binary,2024
1a19fa077638051f,0,0,2.328125,-2.15625,0.988841968751916,0.011158031248084033,1.051085356726728,dann_matched,banglasarc3_binary+banglasarc_binary,banglasarc3_binary,2024
bbac56b00ec41b2d,1,0,0.23925781,-0.7109375,0.7211544552479838,0.27884554475201623,1.051085356726728,dann_matched,banglasarc3_binary+banglasarc_binary,banglasarc3_binary,2024
1ee3ab9f5f73d8e3,0,1,-0.44140625,0.03149414,0.38392999018696466,0.6160700098130354,1.051085356726728,dann_matched,banglasarc3_binary+banglasarc_binary,banglasarc3_binary,2024
0a70db745aa8febf,1,1,-0.59375,0.21386719,0.3083984908981995,0.6916015091018004,1.051085356726728,dann_matched,banglasarc3_binary+banglasarc_binary,banglasarc3_binary,2024
a831521b5fade0b4,0,0,1.0859375,-1.4453125,0.9263037302939515,0.07369626970604846,1.051085356726728,dann_matched,banglasarc3_binary+banglasarc_binary,banglasarc3_binary,2024
aee1e0859bd82e49,0,0,1.2421875,-1.6328125,0.9465966702001757,0.053403329799824234,1.051085356726728,dann_matched,banglasarc3_binary+banglasarc_binary,banglasarc3_binary,2024
14c1d9b31ee9da91,0,0,0.21289062,-0.70703125,0.7150261869263117,0.2849738130736883,1.051085356726728,dann_matched,banglasarc3_binary+banglasarc_binary,banglasarc3_binary,2024
0b3f384c234e0487,1,1,-0.94140625,0.49609375,0.19193278644723683,0.8080672135527632,1.051085356726728,dann_matched,banglasarc3_binary+banglasarc_binary,banglasarc3_binary,2024
ba3b5a884606387b,1,1,-1.2890625,0.89453125,0.10123348070699793,0.8987665192930021,1.051085356726728,dann_matched,banglasarc3_binary+banglasarc_binary,banglasarc3_binary,2024
d93424c4b5243f73,0,0,2.265625,-2.234375,0.9890130573694068,0.01098694263059318,1.051085356726728,dann_matched,banglasarc3_binary+banglasarc_binary,banglasarc3_binary,2024
b7e8e4540b6277b4,0,0,0.56640625,-0.92578125,0.8164063773658039,0.18359362263419612,1.051085356726728,dann_matched,banglasarc3_binary+banglasarc_binary,banglasarc3_binary,2024
dfa9f26844b0493f,1,1,-0.91015625,0.49414062,0.19713514751537453,0.8028648524846255,1.051085356726728,dann_matched,banglasarc3_binary+banglasarc_binary,banglasarc3_binary,2024
c63b2cd906f1ec56,1,1,-0.90234375,0.27929688,0.23475733573117155,0.7652426642688286,1.051085356726728,dann_matched,banglasarc3_binary+banglasarc_binary,banglasarc3_binary,2024
30f04a8c49d82a1e,1,1,-0.7578125,0.2734375,0.26284183737131667,0.7371581626286834,1.051085356726728,dann_matched,banglasarc3_binary+banglasarc_binary,banglasarc3_binary,2024
f53841d746ae3cd5,1,0,0.91015625,-1.1015625,0.8820219914046175,0.11797800859538259,1.051085356726728,dann_matched,banglasarc3_binary+banglasarc_binary,banglasarc3_binary,2024
78b23bee083f3547,0,1,-0.45117188,-0.011779785,0.39188583160391927,0.6081141683960807,1.051085356726728,dann_matched,banglasarc3_binary+banglasarc_binary,banglasarc3_binary,2024
57f53209ea014911,0,0,0.51171875,-0.96875,0.8146433721849758,0.18535662781502407,1.051085356726728,dann_matched,banglasarc3_binary+banglasarc_binary,banglasarc3_binary,2024
6bfa33ebacfeda42,1,1,-1.1953125,0.828125,0.11676401359822318,0.8832359864017768,1.051085356726728,dann_matched,banglasarc3_binary+banglasarc_binary,banglasarc3_binary,2024
188035f94f43d5ab,0,0,1.390625,-1.4765625,0.946200356539936,0.053799643460063995,1.051085356726728,dann_matched,banglasarc3_binary+banglasarc_binary,banglasarc3_binary,2024
a9c618cbe59ac37d,1,1,-1.3203125,0.9609375,0.09268777863937604,0.9073122213606241,1.051085356726728,dann_matched,banglasarc3_binary+banglasarc_binary,banglasarc3_binary,2024
b24787eee7829216,0,0,0.20898438,-0.66796875,0.706190436097526,0.2938095639024741,1.051085356726728,dann_matched,banglasarc3_binary+banglasarc_binary,banglasarc3_binary,2024
7ef070492a733c38,0,0,0.85546875,-1.28125,0.8944211564084097,0.10557884359159042,1.051085356726728,dann_matched,banglasarc3_binary+banglasarc_binary,banglasarc3_binary,2024
c367988694c84530,0,0,0.3359375,-0.89453125,0.7739006059522892,0.22609939404771076,1.051085356726728,dann_matched,banglasarc3_binary+banglasarc_binary,banglasarc3_binary,2024
18d391b119c1644a,1,0,0.703125,-1.109375,0.8596637505099167,0.14033624949008322,1.051085356726728,dann_matched,banglasarc3_binary+banglasarc_binary,banglasarc3_binary,2024
4faab331ced87a08,0,0,0.06982422,-0.515625,0.6423203052849601,0.35767969471503996,1.051085356726728,dann_matched,banglasarc3_binary+banglasarc_binary,banglasarc3_binary,2024
977b72c19a26ad0b,0,0,1.5,-1.8046875,0.9645892699236761,0.03541073007632382,1.051085356726728,dann_matched,banglasarc3_binary+banglasarc_binary,banglasarc3_binary,2024
6517e05a5287776b,0,0,0.12158203,-0.6328125,0.6801354906112164,0.31986450938878364,1.051085356726728,dann_matched,banglasarc3_binary+banglasarc_binary,banglasarc3_binary,2024
ee6dbf89dce4e2bb,1,1,-1.3203125,0.953125,0.09334687851957546,0.9066531214804244,1.051085356726728,dann_matched,banglasarc3_binary+banglasarc_binary,banglasarc3_binary,2024
ccf32cdc3d0775ad,1,1,-0.9375,0.65234375,0.16940588134972326,0.8305941186502768,1.051085356726728,dann_matched,banglasarc3_binary+banglasarc_binary,banglasarc3_binary,2024
4da5e414258db266,0,0,1.296875,-1.453125,0.9399133498259924,0.06008665017400762,1.051085356726728,dann_matched,banglasarc3_binary+banglasarc_binary,banglasarc3_binary,2024
60ac14a8affe8358,1,1,-0.94921875,0.44335938,0.1989964928218425,0.8010035071781575,1.051085356726728,dann_matched,banglasarc3_binary+banglasarc_binary,banglasarc3_binary,2024
c82b770796c8cf66,1,1,-1.171875,0.83984375,0.11797800859538259,0.8820219914046175,1.051085356726728,dann_matched,banglasarc3_binary+banglasarc_binary,banglasarc3_binary,2024
f5fd2d4cdc3bc132,1,1,-1.5078125,1.125,0.06705628692511957,0.9329437130748804,1.051085356726728,dann_matched,banglasarc3_binary+banglasarc_binary,banglasarc3_binary,2024
94f3c9ec4b1c85a4,1,0,1.96875,-2.09375,0.9830850867332734,0.01691491326672651,1.051085356726728,dann_matched,banglasarc3_binary+banglasarc_binary,banglasarc3_binary,2024
5a10d03482f58dbf,1,1,-0.9375,0.5390625,0.1859471949014217,0.8140528050985784,1.051085356726728,dann_matched,banglasarc3_binary+banglasarc_binary,banglasarc3_binary,2024
acbcf17308c9467e,1,1,-0.31640625,-0.029541016,0.42877148221053735,0.5712285177894627,1.051085356726728,dann_matched,banglasarc3_binary+banglasarc_binary,banglasarc3_binary,2024
efc06bd7dc0335d5,1,1,-1.3828125,0.984375,0.08570927928078063,0.9142907207192192,1.051085356726728,dann_matched,banglasarc3_binary+banglasarc_binary,banglasarc3_binary,2024
ed59d0f7934d3996,0,1,-0.62109375,0.20898438,0.3036285513091451,0.6963714486908549,1.051085356726728,dann_matched,banglasarc3_binary+banglasarc_binary,banglasarc3_binary,2024
562d6d6d9b6ae4be,1,1,-1.03125,0.55078125,0.17050799982688053,0.8294920001731195,1.051085356726728,dann_matched,banglasarc3_binary+banglasarc_binary,banglasarc3_binary,2024
f32e502d7c88ac0b,1,1,-1.0625,0.74609375,0.14080816966793647,0.8591918303320635,1.051085356726728,dann_matched,banglasarc3_binary+banglasarc_binary,banglasarc3_binary,2024
8e5d3f2f373f5e29,0,0,0.609375,-0.8828125,0.8164063773658039,0.18359362263419612,1.051085356726728,dann_matched,banglasarc3_binary+banglasarc_binary,banglasarc3_binary,2024
9207c873bbd453c3,0,0,1.3359375,-1.6015625,0.9496693674025232,0.05033063259747688,1.051085356726728,dann_matched,banglasarc3_binary+banglasarc_binary,banglasarc3_binary,2024
89156813be6db8c4,1,1,-0.5546875,0.071777344,0.34831255526548993,0.65168744473451,1.051085356726728,dann_matched,banglasarc3_binary+banglasarc_binary,banglasarc3_binary,2024
8b10125a3aa18362,1,1,-0.5234375,-0.007873535,0.3738901107657095,0.6261098892342905,1.051085356726728,dann_matched,banglasarc3_binary+banglasarc_binary,banglasarc3_binary,2024
1ab10ab51e82c702,0,1,-0.6875,0.17578125,0.29665425467899115,0.7033457453210089,1.051085356726728,dann_matched,banglasarc3_binary+banglasarc_binary,banglasarc3_binary,2024
0c97107ad69abd97,0,0,1.1015625,-1.3671875,0.9219218348550491,0.07807816514495095,1.051085356726728,dann_matched,banglasarc3_binary+banglasarc_binary,banglasarc3_binary,2024
319378441192755c,1,1,-0.65234375,0.21386719,0.2960433382782308,0.7039566617217692,1.051085356726728,dann_matched,banglasarc3_binary+banglasarc_binary,banglasarc3_binary,2024
da5927d625a7e992,0,0,-0.057861328,-0.42773438,0.591428301725868,0.40857169827413203,1.051085356726728,dann_matched,banglasarc3_binary+banglasarc_binary,banglasarc3_binary,2024
f948aa239ae79172,0,0,0.7890625,-1.1796875,0.8774767874818407,0.12252321251815919,1.051085356726728,dann_matched,banglasarc3_binary+banglasarc_binary,banglasarc3_binary,2024
b98ee8eae2d4d6c2,1,1,-0.96875,0.5703125,0.17667160102063317,0.8233283989793668,1.051085356726728,dann_matched,banglasarc3_binary+banglasarc_binary,banglasarc3_binary,2024
2c4933c952f7fae0,1,1,-1.140625,0.546875,0.1561048974454574,0.8438951025545426,1.051085356726728,dann_matched,banglasarc3_binary+banglasarc_binary,banglasarc3_binary,2024
5611174ac8f322d9,0,0,1.515625,-1.75,0.9632305339244013,0.036769466075598736,1.051085356726728,dann_matched,banglasarc3_binary+banglasarc_binary,banglasarc3_binary,2024
a68c6a0d2e4a0d44,0,1,-0.625,0.19726562,0.30528294234216474,0.6947170576578352,1.051085356726728,dann_matched,banglasarc3_binary+banglasarc_binary,banglasarc3_binary,2024
f0beee1358ba6702,1,1,-0.8359375,0.31835938,0.23970511667987746,0.7602948833201225,1.051085356726728,dann_matched,banglasarc3_binary+banglasarc_binary,banglasarc3_binary,2024
9dd87b3601b59c5e,1,1,-0.39648438,-0.06689453,0.4183404238372868,0.5816595761627131,1.051085356726728,dann_matched,banglasarc3_binary+banglasarc_binary,banglasarc3_binary,2024
059d63cf1f988857,0,0,-0.080078125,-0.33203125,0.5626571729912544,0.4373428270087456,1.051085356726728,dann_matched,banglasarc3_binary+banglasarc_binary,banglasarc3_binary,2024
205492061bc3b836,1,1,-0.97265625,0.625,0.16830944120734956,0.8316905587926504,1.051085356726728,dann_matched,banglasarc3_binary+banglasarc_binary,banglasarc3_binary,2024
ba85309fe6f0de09,1,0,0.10253906,-0.6640625,0.6827852853797427,0.31721471462025735,1.051085356726728,dann_matched,banglasarc3_binary+banglasarc_binary,banglasarc3_binary,2024
34cf41d51399f927,1,1,-1.2109375,0.8046875,0.11757213354550883,0.8824278664544911,1.051085356726728,dann_matched,banglasarc3_binary+banglasarc_binary,banglasarc3_binary,2024
8f9e66d0954319bd,1,1,-0.9921875,0.5234375,0.18010666408646395,0.8198933359135361,1.051085356726728,dann_matched,banglasarc3_binary+banglasarc_binary,banglasarc3_binary,2024
7aea9964e3bab268,0,0,-0.25390625,-0.265625,0.5029296539728477,0.4970703460271523,1.051085356726728,dann_matched,banglasarc3_binary+banglasarc_binary,banglasarc3_binary,2024
34262aaf029abe9c,0,0,1.09375,-1.5390625,0.9329437130748804,0.06705628692511957,1.051085356726728,dann_matched,banglasarc3_binary+banglasarc_binary,banglasarc3_binary,2024
afc98c7da489d792,0,0,2.046875,-2.03125,0.983342959990771,0.01665704000922906,1.051085356726728,dann_matched,banglasarc3_binary+banglasarc_binary,banglasarc3_binary,2024
87ca816cf9ca3a57,0,0,1.921875,-1.9140625,0.9788748081040518,0.02112519189594821,1.051085356726728,dann_matched,banglasarc3_binary+banglasarc_binary,banglasarc3_binary,2024
b8705f91611e42fd,1,1,-1.421875,0.98046875,0.08299414835226906,0.9170058516477309,1.051085356726728,dann_matched,banglasarc3_binary+banglasarc_binary,banglasarc3_binary,2024
9b4172a29427d096,1,1,-1.3828125,0.98046875,0.08601588131710575,0.9139841186828943,1.051085356726728,dann_matched,banglasarc3_binary+banglasarc_binary,banglasarc3_binary,2024
277d8e87c25a04d0,0,0,1.4296875,-1.578125,0.9529258241789759,0.04707417582102406,1.051085356726728,dann_matched,banglasarc3_binary+banglasarc_binary,banglasarc3_binary,2024
d41615dc78dfd442,0,0,0.47851562,-0.859375,0.7921428414714122,0.2078571585285878,1.051085356726728,dann_matched,banglasarc3_binary+banglasarc_binary,banglasarc3_binary,2024
3b570bff1dc82229,1,1,-0.78125,0.39648438,0.23545980614330655,0.7645401938566934,1.051085356726728,dann_matched,banglasarc3_binary+banglasarc_binary,banglasarc3_binary,2024
a14957fec3333e4d,1,1,-0.76171875,0.3046875,0.2560871165930079,0.743912883406992,1.051085356726728,dann_matched,banglasarc3_binary+banglasarc_binary,banglasarc3_binary,2024
434aefb45c633a6e,1,1,-0.7109375,0.33789062,0.25945019647017975,0.7405498035298201,1.051085356726728,dann_matched,banglasarc3_binary+banglasarc_binary,banglasarc3_binary,2024
cb001950d002af6a,0,0,0.98828125,-1.1953125,0.8987665192930021,0.10123348070699793,1.051085356726728,dann_matched,banglasarc3_binary+banglasarc_binary,banglasarc3_binary,2024
bde02cf99aa6475c,0,0,0.4921875,-0.953125,0.8092759746879663,0.1907240253120337,1.051085356726728,dann_matched,banglasarc3_binary+banglasarc_binary,banglasarc3_binary,2024
d59a0afee6d44b0f,1,1,-1.109375,0.59375,0.15405756269148546,0.8459424373085146,1.051085356726728,dann_matched,banglasarc3_binary+banglasarc_binary,banglasarc3_binary,2024
53e03d54e9f7c1ed,1,1,-0.8203125,0.37695312,0.23196200373110962,0.7680379962688904,1.051085356726728,dann_matched,banglasarc3_binary+banglasarc_binary,banglasarc3_binary,2024
2922023d8f4b1469,0,0,1.21875,-1.5078125,0.9385759599453297,0.06142404005467019,1.051085356726728,dann_matched,banglasarc3_binary+banglasarc_binary,banglasarc3_binary,2024
9a38672a43ee4277,1,1,-1.203125,0.7578125,0.12336562437275558,0.8766343756272444,1.051085356726728,dann_matched,banglasarc3_binary+banglasarc_binary,banglasarc3_binary,2024
7d708b93f7458e17,0,0,2.328125,-2.265625,0.9899864293768268,0.010013570623173138,1.051085356726728,dann_matched,banglasarc3_binary+banglasarc_binary,banglasarc3_binary,2024
123e910b36e0446d,0,0,1.984375,-1.9296875,0.9804313244446876,0.01956867555531235,1.051085356726728,dann_matched,banglasarc3_binary+banglasarc_binary,banglasarc3_binary,2024
5dc46488541a62ec,1,1,-1.3359375,0.953125,0.09203286011100995,0.90796713988899,1.051085356726728,dann_matched,banglasarc3_binary+banglasarc_binary,banglasarc3_binary,2024
e52a1f58f51e0c0a,1,1,-0.9375,0.56640625,0.1818436430556475,0.8181563569443524,1.051085356726728,dann_matched,banglasarc3_binary+banglasarc_binary,banglasarc3_binary,2024
9b0ea3fdc41c9127,0,1,-0.5078125,0.05419922,0.3630821147133699,0.6369178852866301,1.051085356726728,dann_matched,banglasarc3_binary+banglasarc_binary,banglasarc3_binary,2024
6013016338f9c6dd,0,0,0.29492188,-0.8515625,0.7588681879577549,0.24113181204224515,1.051085356726728,dann_matched,banglasarc3_binary+banglasarc_binary,banglasarc3_binary,2024
5e41f878680dab10,0,0,2.09375,-2.25,0.9871787857334058,0.012821214266594244,1.051085356726728,dann_matched,banglasarc3_binary+banglasarc_binary,banglasarc3_binary,2024
f86040734ae27c6d,1,1,-1.1328125,0.66015625,0.1427091316026025,0.8572908683973974,1.051085356726728,dann_matched,banglasarc3_binary+banglasarc_binary,banglasarc3_binary,2024
d10cccce1b8473e7,0,1,-0.890625,0.5234375,0.19559408410649906,0.804405915893501,1.051085356726728,dann_matched,banglasarc3_binary+banglasarc_binary,banglasarc3_binary,2024
24135986932e677c,1,0,0.107910156,-0.49414062,0.6461253523836177,0.3538746476163824,1.051085356726728,dann_matched,banglasarc3_binary+banglasarc_binary,banglasarc3_binary,2024
7514b989309b1d9c,0,0,1.296875,-1.5546875,0.9453993942183476,0.05460060578165237,1.051085356726728,dann_matched,banglasarc3_binary+banglasarc_binary,banglasarc3_binary,2024
ce110dc8185ae08e,1,1,-0.4375,0.061279297,0.3778275814179487,0.6221724185820512,1.051085356726728,dann_matched,banglasarc3_binary+banglasarc_binary,banglasarc3_binary,2024
cb27ebe4bead824c,1,0,-0.25585938,-0.3046875,0.512204606508897,0.487795393491103,1.051085356726728,dann_matched,banglasarc3_binary+banglasarc_binary,banglasarc3_binary,2024
bc540917f9b7c71d,1,1,-1.015625,0.56640625,0.17050799982688053,0.8294920001731195,1.051085356726728,dann_matched,banglasarc3_binary+banglasarc_binary,banglasarc3_binary,2024
4ffffbe307d0a83a,0,0,0.14160156,-0.8203125,0.723504868613798,0.276495131386202,1.051085356726728,dann_matched,banglasarc3_binary+banglasarc_binary,banglasarc3_binary,2024
b4323b5c74f8fc36,0,0,0.6171875,-1.109375,0.8489721980074492,0.15102780199255098,1.051085356726728,dann_matched,banglasarc3_binary+banglasarc_binary,banglasarc3_binary,2024
ad6cc5fb265960cc,0,1,-0.2890625,-0.17089844,0.4704933092561631,0.5295066907438368,1.051085356726728,dann_matched,banglasarc3_binary+banglasarc_binary,banglasarc3_binary,2024
d39ddcf24d6d9189,0,1,-0.79296875,0.359375,0.24006124795898495,0.7599387520410151,1.051085356726728,dann_matched,banglasarc3_binary+banglasarc_binary,banglasarc3_binary,2024
f38d81be661a4b8f,1,1,-1.265625,0.85546875,0.10706346207954626,0.8929365379204537,1.051085356726728,dann_matched,banglasarc3_binary+banglasarc_binary,banglasarc3_binary,2024
373eddabf5c3d1f7,1,0,0.93359375,-1.0625,0.8803863363336775,0.11961366366632263,1.051085356726728,dann_matched,banglasarc3_binary+banglasarc_binary,banglasarc3_binary,2024
c511137eaf00d6b1,1,1,-1.0234375,0.65625,0.1571368534705856,0.8428631465294143,1.051085356726728,dann_matched,banglasarc3_binary+banglasarc_binary,banglasarc3_binary,2024
3cb9b64cd0bcd1c4,1,0,-0.14941406,-0.4296875,0.5696132595100869,0.4303867404899131,1.051085356726728,dann_matched,banglasarc3_binary+banglasarc_binary,banglasarc3_binary,2024
44e81fb71fafc5f6,1,1,-1.140625,0.60546875,0.14854056798294435,0.8514594320170558,1.051085356726728,dann_matched,banglasarc3_binary+banglasarc_binary,banglasarc3_binary,2024
1f6366dc8c87721e,0,1,-0.3515625,-0.06542969,0.4289508810867238,0.5710491189132763,1.051085356726728,dann_matched,banglasarc3_binary+banglasarc_binary,banglasarc3_binary,2024
406b7cc3a0445691,1,1,-0.76171875,0.46679688,0.22644133166358038,0.7735586683364196,1.051085356726728,dann_matched,banglasarc3_binary+banglasarc_binary,banglasarc3_binary,2024
35cf36bc3d8642ab,0,1,-0.49609375,-0.036865234,0.387168857347956,0.6128311426520441,1.051085356726728,dann_matched,banglasarc3_binary+banglasarc_binary,banglasarc3_binary,2024
57cd7fdd60d1667d,1,1,-0.859375,0.33789062,0.23196200373110962,0.7680379962688904,1.051085356726728,dann_matched,banglasarc3_binary+banglasarc_binary,banglasarc3_binary,2024
0bb1548e56ec97e6,1,0,0.484375,-0.9296875,0.804405915893501,0.19559408410649906,1.051085356726728,dann_matched,banglasarc3_binary+banglasarc_binary,banglasarc3_binary,2024
8e8b85d15b47827c,1,1,-0.84765625,0.375,0.22746933775537556,0.7725306622446245,1.051085356726728,dann_matched,banglasarc3_binary+banglasarc_binary,banglasarc3_binary,2024
fae8d93fe40b415d,1,1,-0.49023438,0.122558594,0.35142234754587287,0.6485776524541271,1.051085356726728,dann_matched,banglasarc3_binary+banglasarc_binary,banglasarc3_binary,2024
12e6dab580637364,1,1,-0.9375,0.49414062,0.19284318455981606,0.8071568154401839,1.051085356726728,dann_matched,banglasarc3_binary+banglasarc_binary,banglasarc3_binary,2024
c63614053bc8ae28,0,0,0.08496094,-0.61328125,0.6677979273537404,0.33220207264625967,1.051085356726728,dann_matched,banglasarc3_binary+banglasarc_binary,banglasarc3_binary,2024
e567c1f8bb54ed53,0,0,0.7890625,-1.2890625,0.888758793492457,0.11124120650754304,1.051085356726728,dann_matched,banglasarc3_binary+banglasarc_binary,banglasarc3_binary,2024
4689d69a0738828f,0,0,2.171875,-2.1875,0.9873750507184357,0.012624949281564409,1.051085356726728,dann_matched,banglasarc3_binary+banglasarc_binary,banglasarc3_binary,2024
b24c7e2e479c102f,0,0,1.671875,-1.8671875,0.9717790128704671,0.02822098712953305,1.051085356726728,dann_matched,banglasarc3_binary+banglasarc_binary,banglasarc3_binary,2024
8ed4645228916f02,0,0,0.3046875,-0.76953125,0.7453983772125647,0.2546016227874352,1.051085356726728,dann_matched,banglasarc3_binary+banglasarc_binary,banglasarc3_binary,2024
f59c42c49edda760,0,0,-0.11425781,-0.33007812,0.5537466205662831,0.44625337943371696,1.051085356726728,dann_matched,banglasarc3_binary+banglasarc_binary,banglasarc3_binary,2024
d760334e952c9d53,0,0,2.1875,-2.078125,0.9861513897844354,0.013848610215564576,1.051085356726728,dann_matched,banglasarc3_binary+banglasarc_binary,banglasarc3_binary,2024
98f8544b2ea323d3,0,1,-0.4375,-0.076660156,0.41075627866590947,0.5892437213340905,1.051085356726728,dann_matched,banglasarc3_binary+banglasarc_binary,banglasarc3_binary,2024
ce05c3fa0cc62627,0,0,1.46875,-1.7109375,0.9600626857930734,0.0399373142069266,1.051085356726728,dann_matched,banglasarc3_binary+banglasarc_binary,banglasarc3_binary,2024
fdc64d7635cb59b2,0,0,0.390625,-0.8203125,0.7704647868335476,0.2295352131664525,1.051085356726728,dann_matched,banglasarc3_binary+banglasarc_binary,banglasarc3_binary,2024
f93ea9b921c3c0f7,1,1,-0.42578125,0.13085938,0.36432511001163725,0.6356748899883626,1.051085356726728,dann_matched,banglasarc3_binary+banglasarc_binary,banglasarc3_binary,2024
2278f57caa613701,0,0,1.5703125,-1.7421875,0.9648551535992067,0.03514484640079327,1.051085356726728,dann_matched,banglasarc3_binary+banglasarc_binary,banglasarc3_binary,2024
c25fe5e4766f241a,0,0,0.97265625,-1.234375,0.9008791448995754,0.09912085510042459,1.051085356726728,dann_matched,banglasarc3_binary+banglasarc_binary,banglasarc3_binary,2024
572e4397ff6c9eb2,1,0,1.0546875,-1.4609375,0.9252299570920387,0.07477004290796138,1.051085356726728,dann_matched,banglasarc3_binary+banglasarc_binary,banglasarc3_binary,2024
9e94c5340c1e9e84,1,1,-0.84765625,0.48242188,0.209146442715666,0.7908535572843339,1.051085356726728,dann_matched,banglasarc3_binary+banglasarc_binary,banglasarc3_binary,2024
e0b7bf00262d60a7,0,0,0.67578125,-1.0546875,0.8494723686970466,0.15052763130295335,1.051085356726728,dann_matched,banglasarc3_binary+banglasarc_binary,banglasarc3_binary,2024
7d5dcba04c7cbfc6,1,1,-1.5078125,1.109375,0.06804042027255897,0.9319595797274409,1.051085356726728,dann_matched,banglasarc3_binary+banglasarc_binary,banglasarc3_binary,2024
cd9fc03dbd82abcd,0,0,2.375,-2.28125,0.9905874104123901,0.009412589587609823,1.051085356726728,dann_matched,banglasarc3_binary+banglasarc_binary,banglasarc3_binary,2024
54b803aa09d54185,1,1,-0.5078125,0.19824219,0.33047119537216113,0.6695288046278388,1.051085356726728,dann_matched,banglasarc3_binary+banglasarc_binary,banglasarc3_binary,2024
725ea8a5def6acac,0,0,1.2734375,-1.6484375,0.9489172630429474,0.05108273695705249,1.051085356726728,dann_matched,banglasarc3_binary+banglasarc_binary,banglasarc3_binary,2024
56d6d68354837500,0,1,-0.5703125,-0.01373291,0.36433924540238266,0.6356607545976174,1.051085356726728,dann_matched,banglasarc3_binary+banglasarc_binary,banglasarc3_binary,2024
da5033e533eee677,1,1,-0.74609375,0.36132812,0.24835184311713518,0.7516481568828648,1.051085356726728,dann_matched,banglasarc3_binary+banglasarc_binary,banglasarc3_binary,2024
ce347cf05f786fe0,1,1,-0.4921875,-0.07324219,0.39676915511541155,0.6032308448845886,1.051085356726728,dann_matched,banglasarc3_binary+banglasarc_binary,banglasarc3_binary,2024
ea499bace09f44ce,1,1,-0.765625,0.35742188,0.24544655698700496,0.7545534430129951,1.051085356726728,dann_matched,banglasarc3_binary+banglasarc_binary,banglasarc3_binary,2024
2ccc2f875d7de471,1,1,-0.55859375,0.1328125,0.3337203189792143,0.6662796810207858,1.051085356726728,dann_matched,banglasarc3_binary+banglasarc_binary,banglasarc3_binary,2024
22e8efc34608d82d,0,0,-0.20605469,-0.3046875,0.5246382320830513,0.47536176791694884,1.051085356726728,dann_matched,banglasarc3_binary+banglasarc_binary,banglasarc3_binary,2024
040a68c1b02bd862,1,1,-0.25976562,0.03540039,0.42673961393988574,0.5732603860601143,1.051085356726728,dann_matched,banglasarc3_binary+banglasarc_binary,banglasarc3_binary,2024
efde5d179b5fd873,1,1,-0.7421875,0.296875,0.26133092567451033,0.7386690743254897,1.051085356726728,dann_matched,banglasarc3_binary+banglasarc_binary,banglasarc3_binary,2024
0b43510285b09eba,0,0,1.21875,-1.3671875,0.9299510391228232,0.07004896087717674,1.051085356726728,dann_matched,banglasarc3_binary+banglasarc_binary,banglasarc3_binary,2024
dd4fae9961a88873,1,1,-0.875,0.3515625,0.22678363486528474,0.7732163651347154,1.051085356726728,dann_matched,banglasarc3_binary+banglasarc_binary,banglasarc3_binary,2024
121299f05ede0c91,1,1,-0.9140625,0.47851562,0.1989964928218425,0.8010035071781575,1.051085356726728,dann_matched,banglasarc3_binary+banglasarc_binary,banglasarc3_binary,2024
30a6096d2f7010ff,1,1,-0.98046875,0.46875,0.19012183026908458,0.8098781697309154,1.051085356726728,dann_matched,banglasarc3_binary+banglasarc_binary,banglasarc3_binary,2024
a1bd9a0f27bbd51e,0,1,-0.71875,0.18847656,0.2875677034432663,0.7124322965567338,1.051085356726728,dann_matched,banglasarc3_binary+banglasarc_binary,banglasarc3_binary,2024
477fd95f302c284c,0,0,-0.034179688,-0.5546875,0.6272665021907519,0.3727334978092482,1.051085356726728,dann_matched,banglasarc3_binary+banglasarc_binary,banglasarc3_binary,2024
8c8158a78b04bd05,1,1,-1.015625,0.546875,0.17328820592932656,0.8267117940706734,1.051085356726728,dann_matched,banglasarc3_binary+banglasarc_binary,banglasarc3_binary,2024
226eabf5281f11fa,0,0,1.6484375,-1.8828125,0.9715639669551474,0.02843603304485266,1.051085356726728,dann_matched,banglasarc3_binary+banglasarc_binary,banglasarc3_binary,2024
d094516197c5cc27,0,0,0.3671875,-0.8984375,0.7799929002541067,0.22000709974589314,1.051085356726728,dann_matched,banglasarc3_binary+banglasarc_binary,banglasarc3_binary,2024
9d3e29981c15d1c1,0,0,0.09082031,-0.6171875,0.6699608098558822,0.33003919014411776,1.051085356726728,dann_matched,banglasarc3_binary+banglasarc_binary,banglasarc3_binary,2024
fd31f5f3ca6c7a27,1,0,0.34960938,-0.8203125,0.7631308939755528,0.23686910602444727,1.051085356726728,dann_matched,banglasarc3_binary+banglasarc_binary,banglasarc3_binary,2024
73b89dd260eea14b,0,0,1.5703125,-1.78125,0.9661559646595075,0.03384403534049258,1.051085356726728,dann_matched,banglasarc3_binary+banglasarc_binary,banglasarc3_binary,2024
37f2931057293b4e,1,1,-0.6484375,0.14355469,0.31174106827762943,0.6882589317223706,1.051085356726728,dann_matched,banglasarc3_binary+banglasarc_binary,banglasarc3_binary,2024
d2fa1859fec8bc19,0,0,1.2109375,-1.4921875,0.9372107914029487,0.06278920859705135,1.051085356726728,dann_matched,banglasarc3_binary+banglasarc_binary,banglasarc3_binary,2024
50dbee0e7a539695,1,0,0.31640625,-0.71484375,0.7371581626286834,0.26284183737131667,1.051085356726728,dann_matched,banglasarc3_binary+banglasarc_binary,banglasarc3_binary,2024
d2ebc3d3ea553892,1,0,1.6171875,-1.6875,0.9645892699236761,0.03541073007632382,1.051085356726728,dann_matched,banglasarc3_binary+banglasarc_binary,banglasarc3_binary,2024
e15f93ee6c7733d1,1,0,0.18066406,-0.67578125,0.7019174436286362,0.29808255637136377,1.051085356726728,dann_matched,banglasarc3_binary+banglasarc_binary,banglasarc3_binary,2024
25e11947840674b6,1,1,-0.6875,0.25585938,0.28022226421698404,0.719777735783016,1.051085356726728,dann_matched,banglasarc3_binary+banglasarc_binary,banglasarc3_binary,2024
37ed4175676826d3,1,1,-0.3203125,-0.14941406,0.4573790733777195,0.5426209266222806,1.051085356726728,dann_matched,banglasarc3_binary+banglasarc_binary,banglasarc3_binary,2024
acf59b60bc703e78,0,1,-0.875,0.40429688,0.21766993477709637,0.7823300652229036,1.051085356726728,dann_matched,banglasarc3_binary+banglasarc_binary,banglasarc3_binary,2024
2dac047c35342cac,1,1,-0.49609375,0.037109375,0.36977012034090956,0.6302298796590904,1.051085356726728,dann_matched,banglasarc3_binary+banglasarc_binary,banglasarc3_binary,2024
ea0b4a8ffa6daf5d,0,0,1.1640625,-1.3359375,0.9241418199787566,0.07585818002124356,1.051085356726728,dann_matched,banglasarc3_binary+banglasarc_binary,banglasarc3_binary,2024
52c53afde23c5737,1,1,-0.4453125,0.01184082,0.38766135228037396,0.612338647719626,1.051085356726728,dann_matched,banglasarc3_binary+banglasarc_binary,banglasarc3_binary,2024
597d374e58e24ce0,0,0,0.30273438,-0.7265625,0.7367795576803814,0.26322044231961855,1.051085356726728,dann_matched,banglasarc3_binary+banglasarc_binary,banglasarc3_binary,2024
21f6588fa41d80f2,1,1,-0.859375,0.46484375,0.2101172597064404,0.7898827402935596,1.051085356726728,dann_matched,banglasarc3_binary+banglasarc_binary,banglasarc3_binary,2024
b4e8413b56264fde,0,0,0.421875,-0.828125,0.7772998611746911,0.22270013882530884,1.051085356726728,dann_matched,banglasarc3_binary+banglasarc_binary,banglasarc3_binary,2024
576dad90f863a07a,0,0,1.625,-1.90625,0.9715639669551474,0.02843603304485266,1.051085356726728,dann_matched,banglasarc3_binary+banglasarc_binary,banglasarc3_binary,2024
acc440f1fc8bac8a,1,0,0.97265625,-1.2109375,0.8987665192930021,0.10123348070699793,1.051085356726728,dann_matched,banglasarc3_binary+banglasarc_binary,banglasarc3_binary,2024
99f834500aa28da7,1,1,-0.99609375,0.70703125,0.15405756269148546,0.8459424373085146,1.051085356726728,dann_matched,banglasarc3_binary+banglasarc_binary,banglasarc3_binary,2024
ab8cb0f62e0897af,0,1,-0.4140625,-0.04663086,0.4091617732134437,0.5908382267865563,1.051085356726728,dann_matched,banglasarc3_binary+banglasarc_binary,banglasarc3_binary,2024
c2990dd82a44f69e,1,1,-0.55859375,0.17089844,0.32530617326583805,0.6746938267341619,1.051085356726728,dann_matched,banglasarc3_binary+banglasarc_binary,banglasarc3_binary,2024
00d461014350b89e,1,1,-0.625,0.29882812,0.28417852997461623,0.7158214700253839,1.051085356726728,dann_matched,banglasarc3_binary+banglasarc_binary,banglasarc3_binary,2024
3e29fef3bf46bf1b,0,0,1.0234375,-1.3515625,0.9149009549929797,0.08509904500702024,1.051085356726728,dann_matched,banglasarc3_binary+banglasarc_binary,banglasarc3_binary,2024
5707e3c0244d1dfb,1,0,-0.011108398,-0.4296875,0.6031431914036807,0.39685680859631933,1.051085356726728,dann_matched,banglasarc3_binary+banglasarc_binary,banglasarc3_binary,2024
fd622c33ab6796bd,1,1,-1.0546875,0.703125,0.14706452045904778,0.8529354795409523,1.051085356726728,dann_matched,banglasarc3_binary+banglasarc_binary,banglasarc3_binary,2024
61890d2332416b73,0,1,-0.94921875,0.51171875,0.1883239789098031,0.811676021090197,1.051085356726728,dann_matched,banglasarc3_binary+banglasarc_binary,banglasarc3_binary,2024
3b4ef2d9f41c852f,1,1,-0.484375,0.009277344,0.37903354702664277,0.6209664529733573,1.051085356726728,dann_matched,banglasarc3_binary+banglasarc_binary,banglasarc3_binary,2024
e5390f71a9c29ba6,0,0,1.0703125,-1.34375,0.9178933729531492,0.08210662704685086,1.051085356726728,dann_matched,banglasarc3_binary+banglasarc_binary,banglasarc3_binary,2024
b099c317bb9c6687,1,1,-1.0078125,0.625,0.1634454411084719,0.8365545588915281,1.051085356726728,dann_matched,banglasarc3_binary+banglasarc_binary,banglasarc3_binary,2024
912bbeda5648f283,1,1,-0.34570312,-0.072265625,0.4320633892123068,0.5679366107876933,1.051085356726728,dann_matched,banglasarc3_binary+banglasarc_binary,banglasarc3_binary,2024
c823ae44a3e23b84,0,0,-0.16308594,-0.32226562,0.5397111066900013,0.4602888933099986,1.051085356726728,dann_matched,banglasarc3_binary+banglasarc_binary,banglasarc3_binary,2024
bfea9a263b223c80,1,1,-0.34375,-0.16796875,0.4561674946423043,0.5438325053576957,1.051085356726728,dann_matched,banglasarc3_binary+banglasarc_binary,banglasarc3_binary,2024
3cdaa503d41fc6a6,0,0,1.8203125,-1.9765625,0.9780517462851323,0.02194825371486785,1.051085356726728,dann_matched,banglasarc3_binary+banglasarc_binary,banglasarc3_binary,2024
d71f7c52c9ea87be,0,1,-0.86328125,0.43164062,0.21502089755574375,0.7849791024442563,1.051085356726728,dann_matched,banglasarc3_binary+banglasarc_binary,banglasarc3_binary,2024
def9ea9b246c55b1,0,1,-0.359375,-0.19628906,0.4593186425973457,0.5406813574026543,1.051085356726728,dann_matched,banglasarc3_binary+banglasarc_binary,banglasarc3_binary,2024
04b1b4f08fdd18c5,1,1,-1.203125,0.63671875,0.137069773035303,0.862930226964697,1.051085356726728,dann_matched,banglasarc3_binary+banglasarc_binary,banglasarc3_binary,2024
39bf383204dad4e3,0,0,0.5859375,-1.0,0.8300437698548124,0.16995623014518763,1.051085356726728,dann_matched,banglasarc3_binary+banglasarc_binary,banglasarc3_binary,2024
1f427bfaa298bf6b,1,0,0.012268066,-0.5,0.6253380114899308,0.37466198851006915,1.051085356726728,dann_matched,banglasarc3_binary+banglasarc_binary,banglasarc3_binary,2024
ed3220bf0c8abb3b,1,1,-0.86328125,0.484375,0.20625381039683044,0.7937461896031696,1.051085356726728,dann_matched,banglasarc3_binary+banglasarc_binary,banglasarc3_binary,2024
855a37fc463d8e33,1,1,-1.3046875,0.94921875,0.09501305198790386,0.9049869480120961,1.051085356726728,dann_matched,banglasarc3_binary+banglasarc_binary,banglasarc3_binary,2024
4771a65e8a1e5abf,0,1,-0.234375,-0.23144531,0.4992675786488685,0.5007324213511315,1.051085356726728,dann_matched,banglasarc3_binary+banglasarc_binary,banglasarc3_binary,2024
4f4b52f3c17a4ba1,0,0,1.203125,-1.5234375,0.9385759599453297,0.06142404005467019,1.051085356726728,dann_matched,banglasarc3_binary+banglasarc_binary,banglasarc3_binary,2024
51e27f8269f8eaac,0,1,-0.7109375,0.15332031,0.2964505348882407,0.7035494651117593,1.051085356726728,dann_matched,banglasarc3_binary+banglasarc_binary,banglasarc3_binary,2024
8de5e108effcbaea,0,0,1.2421875,-1.4609375,0.9372107914029487,0.06278920859705135,1.051085356726728,dann_matched,banglasarc3_binary+banglasarc_binary,banglasarc3_binary,2024
75e09ea10216853d,0,0,1.125,-1.453125,0.9294404038127071,0.07055959618729296,1.051085356726728,dann_matched,banglasarc3_binary+banglasarc_binary,banglasarc3_binary,2024
b3ece23327e83d73,0,0,0.64453125,-1.03125,0.8423450906059847,0.1576549093940152,1.051085356726728,dann_matched,banglasarc3_binary+banglasarc_binary,banglasarc3_binary,2024
237b60d67d3a977b,0,0,1.546875,-1.859375,0.9678992932829918,0.03210070671700819,1.051085356726728,dann_matched,banglasarc3_binary+banglasarc_binary,banglasarc3_binary,2024
9ce912c1a315b4d4,1,1,-0.78515625,0.33007812,0.2468963276503175,0.7531036723496825,1.051085356726728,dann_matched,banglasarc3_binary+banglasarc_binary,banglasarc3_binary,2024
a034075943ae5ef1,1,1,-0.93359375,0.51171875,0.1907240253120337,0.8092759746879663,1.051085356726728,dann_matched,banglasarc3_binary+banglasarc_binary,banglasarc3_binary,2024
00e1bdb06e67ed07,0,0,0.80859375,-1.15625,0.8770562019377661,0.12294379806223382,1.051085356726728,dann_matched,banglasarc3_binary+banglasarc_binary,banglasarc3_binary,2024
5e81d0127cda6083,1,0,-0.0703125,-0.44335938,0.5921950051775453,0.40780499482245464,1.051085356726728,dann_matched,banglasarc3_binary+banglasarc_binary,banglasarc3_binary,2024
391c2dab4f4a8ea6,1,1,-1.390625,0.92578125,0.08977328657120891,0.910226713428791,1.051085356726728,dann_matched,banglasarc3_binary+banglasarc_binary,banglasarc3_binary,2024
76010f7452a4ee0b,0,0,1.1484375,-1.390625,0.9268352785943768,0.07316472140562331,1.051085356726728,dann_matched,banglasarc3_binary+banglasarc_binary,banglasarc3_binary,2024
501212c9f4c39f1a,0,0,1.046875,-1.359375,0.9173026573249612,0.08269734267503885,1.051085356726728,dann_matched,banglasarc3_binary+banglasarc_binary,banglasarc3_binary,2024
2d0c4e3b8cd32421,1,1,-1.1953125,0.78125,0.12168575463704705,0.878314245362953,1.051085356726728,dann_matched,banglasarc3_binary+banglasarc_binary,banglasarc3_binary,2024
b46fca43ca40e1a1,0,1,-0.609375,0.15527344,0.3176378920053574,0.6823621079946426,1.051085356726728,dann_matched,banglasarc3_binary+banglasarc_binary,banglasarc3_binary,2024
eb34b73284cdfb62,0,0,0.5,-0.6796875,0.7648916107800069,0.2351083892199931,1.051085356726728,dann_matched,banglasarc3_binary+banglasarc_binary,banglasarc3_binary,2024
82b1b909a5385c25,0,1,-0.4375,-0.017333984,0.396477024736894,0.603522975263106,1.051085356726728,dann_matched,banglasarc3_binary+banglasarc_binary,banglasarc3_binary,2024
afab669e2802f55a,0,0,1.1953125,-1.5234375,0.9381240142763573,0.061875985723642724,1.051085356726728,dann_matched,banglasarc3_binary+banglasarc_binary,banglasarc3_binary,2024
32655b6af6468900,1,1,-0.8125,0.33007812,0.24184732865488942,0.7581526713451106,1.051085356726728,dann_matched,banglasarc3_binary+banglasarc_binary,banglasarc3_binary,2024
63522bcc58aca5aa,1,1,-0.40625,-0.06201172,0.4147803166455175,0.5852196833544826,1.051085356726728,dann_matched,banglasarc3_binary+banglasarc_binary,banglasarc3_binary,2024
b81a6fc550996879,0,1,-0.87890625,0.34765625,0.22678363486528474,0.7732163651347154,1.051085356726728,dann_matched,banglasarc3_binary+banglasarc_binary,banglasarc3_binary,2024
9e9c76d8536be656,0,0,2.375,-2.234375,0.9901401446964613,0.009859855303538789,1.051085356726728,dann_matched,banglasarc3_binary+banglasarc_binary,banglasarc3_binary,2024
487ba6736df9dac4,1,1,-0.34375,-0.15039062,0.4518102055002427,0.5481897944997574,1.051085356726728,dann_matched,banglasarc3_binary+banglasarc_binary,banglasarc3_binary,2024
7224809745c5317e,0,0,0.010681152,-0.5703125,0.6412960136629208,0.35870398633707934,1.051085356726728,dann_matched,banglasarc3_binary+banglasarc_binary,banglasarc3_binary,2024
cc351cfcab72e656,0,1,-0.48046875,-0.024169922,0.3878642111205471,0.6121357888794529,1.051085356726728,dann_matched,banglasarc3_binary+banglasarc_binary,banglasarc3_binary,2024
0ac9087c2e695175,0,0,1.515625,-1.9609375,0.9700134939339985,0.029986506066001513,1.051085356726728,dann_matched,banglasarc3_binary+banglasarc_binary,banglasarc3_binary,2024
7ab4d04075a8767b,1,1,-0.72265625,0.2578125,0.2727987833151383,0.7272012166848617,1.051085356726728,dann_matched,banglasarc3_binary+banglasarc_binary,banglasarc3_binary,2024
005a81526dd973be,1,1,-1.21875,0.859375,0.11124120650754304,0.888758793492457,1.051085356726728,dann_matched,banglasarc3_binary+banglasarc_binary,banglasarc3_binary,2024
5422984065fd2576,1,0,0.5859375,-1.0859375,0.8418256472515684,0.1581743527484317,1.051085356726728,dann_matched,banglasarc3_binary+banglasarc_binary,banglasarc3_binary,2024
73b2db9434de0a4f,1,1,-1.203125,0.8125,0.11757213354550883,0.8824278664544911,1.051085356726728,dann_matched,banglasarc3_binary+banglasarc_binary,banglasarc3_binary,2024
7b755c23081cae77,1,1,-1.1796875,0.71875,0.13028542074923347,0.8697145792507666,1.051085356726728,dann_matched,banglasarc3_binary+banglasarc_binary,banglasarc3_binary,2024
4df4505e1099e8b8,0,1,-1.1171875,0.58984375,0.15354917288301603,0.8464508271169839,1.051085356726728,dann_matched,banglasarc3_binary+banglasarc_binary,banglasarc3_binary,2024
20d8bb2aacda3ef4,0,0,1.96875,-2.140625,0.983847165177859,0.016152834822140957,1.051085356726728,dann_matched,banglasarc3_binary+banglasarc_binary,banglasarc3_binary,2024
86168cedfa8908d4,1,1,-0.984375,0.5703125,0.17441027833079015,0.8255897216692099,1.051085356726728,dann_matched,banglasarc3_binary+banglasarc_binary,banglasarc3_binary,2024
ffe0b07ccb36819b,1,1,-1.3828125,0.9375,0.08945460216888064,0.9105453978311193,1.051085356726728,dann_matched,banglasarc3_binary+banglasarc_binary,banglasarc3_binary,2024
0f006194b45e6c5f,1,1,-0.87890625,0.57421875,0.18952109132967757,0.8104789086703224,1.051085356726728,dann_matched,banglasarc3_binary+banglasarc_binary,banglasarc3_binary,2024
0032784830ddb818,0,0,0.42382812,-0.9296875,0.7947037955528609,0.20529620444713906,1.051085356726728,dann_matched,banglasarc3_binary+banglasarc_binary,banglasarc3_binary,2024
471ce8d0863df951,0,1,-0.25585938,-0.23925781,0.4958497046971188,0.5041502953028811,1.051085356726728,dann_matched,banglasarc3_binary+banglasarc_binary,banglasarc3_binary,2024
b8051eeb7d141427,1,1,-0.99609375,0.6171875,0.1661335534168026,0.8338664465831974,1.051085356726728,dann_matched,banglasarc3_binary+banglasarc_binary,banglasarc3_binary,2024
13f5d731d71ec752,0,0,2.3125,-2.25,0.9896718474806949,0.010328152519305191,1.051085356726728,dann_matched,banglasarc3_binary+banglasarc_binary,banglasarc3_binary,2024
53d67a30efe6b19e,0,1,-0.92578125,0.44140625,0.2030746281894702,0.7969253718105298,1.051085356726728,dann_matched,banglasarc3_binary+banglasarc_binary,banglasarc3_binary,2024
002c1140ae3dde4e,1,0,0.23144531,-0.66015625,0.709220568239843,0.2907794317601571,1.051085356726728,dann_matched,banglasarc3_binary+banglasarc_binary,banglasarc3_binary,2024
03a3878f85634362,1,1,-1.4375,0.9453125,0.08449275397500926,0.9155072460249908,1.051085356726728,dann_matched,banglasarc3_binary+banglasarc_binary,banglasarc3_binary,2024
15cf011d32f28273,1,1,-0.91015625,0.4765625,0.1999321064241851,0.800067893575815,1.051085356726728,dann_matched,banglasarc3_binary+banglasarc_binary,banglasarc3_binary,2024
39afb1a94688145e,1,0,-0.111328125,-0.27734375,0.5414088434996145,0.4585911565003855,1.051085356726728,dann_matched,banglasarc3_binary+banglasarc_binary,banglasarc3_binary,2024
5f3e3a9180cef321,1,1,-0.5234375,0.08935547,0.35142234754587287,0.6485776524541271,1.051085356726728,dann_matched,banglasarc3_binary+banglasarc_binary,banglasarc3_binary,2024
4962ffafd1494e25,1,0,1.1640625,-1.390625,0.9278877945870695,0.07211220541293051,1.051085356726728,dann_matched,banglasarc3_binary+banglasarc_binary,banglasarc3_binary,2024
2f76c0643b8dc919,1,1,-1.0546875,0.6796875,0.1500288243424251,0.849971175657575,1.051085356726728,dann_matched,banglasarc3_binary+banglasarc_binary,banglasarc3_binary,2024
984ddd9e97dcc313,0,0,0.16113281,-0.625,0.6870003678787455,0.31299963212125453,1.051085356726728,dann_matched,banglasarc3_binary+banglasarc_binary,banglasarc3_binary,2024
37b55e10fbcaaa62,0,1,-0.5859375,0.12402344,0.3296074716331437,0.6703925283668563,1.051085356726728,dann_matched,banglasarc3_binary+banglasarc_binary,banglasarc3_binary,2024
73d0ee7cb4b89e64,1,1,-1.140625,0.69140625,0.13799647126840353,0.8620035287315965,1.051085356726728,dann_matched,banglasarc3_binary+banglasarc_binary,banglasarc3_binary,2024
67351714d10f07bb,1,1,-0.73046875,0.32617188,0.25795195884641725,0.7420480411535827,1.051085356726728,dann_matched,banglasarc3_binary+banglasarc_binary,banglasarc3_binary,2024
a4ebfa262a40ce6d,1,1,-1.0546875,0.6484375,0.15405756269148546,0.8459424373085146,1.051085356726728,dann_matched,banglasarc3_binary+banglasarc_binary,banglasarc3_binary,2024
711787e882523b00,0,0,0.25195312,-0.828125,0.7465087674839027,0.25349123251609723,1.051085356726728,dann_matched,banglasarc3_binary+banglasarc_binary,banglasarc3_binary,2024
46fef03e1665a7ca,0,1,-0.8828125,0.35351562,0.2250757753652807,0.7749242246347193,1.051085356726728,dann_matched,banglasarc3_binary+banglasarc_binary,banglasarc3_binary,2024
a76dc1c36dd7c504,0,0,-0.03149414,-0.5078125,0.6168781328923958,0.38312186710760426,1.051085356726728,dann_matched,banglasarc3_binary+banglasarc_binary,banglasarc3_binary,2024
d7b2d256a4143a25,1,0,0.15527344,-0.6640625,0.6940953598917166,0.30590464010828344,1.051085356726728,dann_matched,banglasarc3_binary+banglasarc_binary,banglasarc3_binary,2024
1b94ccf4d275d3d1,1,0,0.203125,-0.50390625,0.6697448430478439,0.3302551569521561,1.051085356726728,dann_matched,banglasarc3_binary+banglasarc_binary,banglasarc3_binary,2024
734ed3d8328829a9,1,1,-0.80078125,0.32617188,0.24472382910998208,0.755276170890018,1.051085356726728,dann_matched,banglasarc3_binary+banglasarc_binary,banglasarc3_binary,2024
a6b2d326016440e6,1,0,-0.061767578,-0.375,0.5776740619211383,0.4223259380788617,1.051085356726728,dann_matched,banglasarc3_binary+banglasarc_binary,banglasarc3_binary,2024
31b230e3a9af4fda,0,0,0.77734375,-1.1640625,0.8745065534624367,0.12549344653756345,1.051085356726728,dann_matched,banglasarc3_binary+banglasarc_binary,banglasarc3_binary,2024
2220cd6a505565f7,0,0,1.6484375,-1.9140625,0.9724147177732099,0.027585282226789985,1.051085356726728,dann_matched,banglasarc3_binary+banglasarc_binary,banglasarc3_binary,2024
ce2b334fad8c3a5d,0,0,-0.07910156,-0.3203125,0.5600120441649928,0.43998795583500727,1.051085356726728,dann_matched,banglasarc3_binary+banglasarc_binary,banglasarc3_binary,2024
722c6881b0dee379,1,1,-0.90625,0.32617188,0.22575782208345962,0.7742421779165404,1.051085356726728,dann_matched,banglasarc3_binary+banglasarc_binary,banglasarc3_binary,2024
f1e88058df9310e0,1,0,-0.25585938,-0.29101562,0.5087881573663283,0.49121184263367157,1.051085356726728,dann_matched,banglasarc3_binary+banglasarc_binary,banglasarc3_binary,2024
e2b5924ce46e4127,1,1,-0.51171875,0.0154418945,0.3711793657311905,0.6288206342688096,1.051085356726728,dann_matched,banglasarc3_binary+banglasarc_binary,banglasarc3_binary,2024
8aa47f0f19a6b655,0,0,1.1171875,-1.3671875,0.9230391643039738,0.07696083569602613,1.051085356726728,dann_matched,banglasarc3_binary+banglasarc_binary,banglasarc3_binary,2024
366e2c4f0de8d88d,0,1,-1.1640625,0.76171875,0.12721826766848623,0.8727817323315137,1.051085356726728,dann_matched,banglasarc3_binary+banglasarc_binary,banglasarc3_binary,2024
49e7e0b2adafbcd1,0,0,0.81640625,-1.15625,0.8778961345311737,0.12210386546882639,1.051085356726728,dann_matched,banglasarc3_binary+banglasarc_binary,banglasarc3_binary,2024
aae4075a20d3ba22,0,0,0.88671875,-1.2265625,0.8921873600393251,0.1078126399606749,1.051085356726728,dann_matched,banglasarc3_binary+banglasarc_binary,banglasarc3_binary,2024
f70f4b9f132b9352,0,0,0.62109375,-1.078125,0.8454326716299558,0.15456732837004417,1.051085356726728,dann_matched,banglasarc3_binary+banglasarc_binary,banglasarc3_binary,2024
e868e8fa9c38e342,0,0,1.6015625,-1.6796875,0.9637799441350253,0.036220055864974746,1.051085356726728,dann_matched,banglasarc3_binary+banglasarc_binary,banglasarc3_binary,2024
34f804166b33a246,1,1,-1.2578125,0.69140625,0.12463857053608371,0.8753614294639163,1.051085356726728,dann_matched,banglasarc3_binary+banglasarc_binary,banglasarc3_binary,2024
186dcee2e7df2920,1,1,-0.93359375,0.56640625,0.18242552380635632,0.8175744761936437,1.051085356726728,dann_matched,banglasarc3_binary+banglasarc_binary,banglasarc3_binary,2024
992528b2a23ee70a,0,0,0.24023438,-0.578125,0.6938879700208154,0.3061120299791845,1.051085356726728,dann_matched,banglasarc3_binary+banglasarc_binary,banglasarc3_binary,2024
63b9ff3f715bfb2f,0,0,1.671875,-1.7734375,0.9690910414827888,0.030908958517211163,1.051085356726728,dann_matched,banglasarc3_binary+banglasarc_binary,banglasarc3_binary,2024
52a86f6315459641,1,1,-1.09375,0.5546875,0.16132023775174625,0.8386797622482537,1.051085356726728,dann_matched,banglasarc3_binary+banglasarc_binary,banglasarc3_binary,2024
875e2c2018999836,0,0,0.62109375,-0.9921875,0.8338664465831974,0.1661335534168026,1.051085356726728,dann_matched,banglasarc3_binary+banglasarc_binary,banglasarc3_binary,2024
b0853ab27aae530b,0,0,-0.20410156,-0.20800781,0.5009765612582384,0.4990234387417615,1.051085356726728,dann_matched,banglasarc3_binary+banglasarc_binary,banglasarc3_binary,2024
2360a4258810318d,0,1,-0.5546875,0.099609375,0.34202190067434085,0.6579780993256591,1.051085356726728,dann_matched,banglasarc3_binary+banglasarc_binary,banglasarc3_binary,2024
6691a7d1596c1c0e,0,0,0.48828125,-0.78515625,0.7813306233160979,0.21866937668390204,1.051085356726728,dann_matched,banglasarc3_binary+banglasarc_binary,banglasarc3_binary,2024
c7c7d1e79083dbae,0,1,-0.36914062,-0.19335938,0.4561674946423043,0.5438325053576957,1.051085356726728,dann_matched,banglasarc3_binary+banglasarc_binary,banglasarc3_binary,2024
07edd2171dff4faa,1,1,-0.78125,0.40625,0.23370635691404026,0.7662936430859597,1.051085356726728,dann_matched,banglasarc3_binary+banglasarc_binary,banglasarc3_binary,2024
2652e297e664589c,1,1,-0.8203125,0.51171875,0.2088235711388737,0.7911764288611264,1.051085356726728,dann_matched,banglasarc3_binary+banglasarc_binary,banglasarc3_binary,2024
ce6d32b468635b62,1,1,-1.421875,1.109375,0.07369626970604846,0.9263037302939515,1.051085356726728,dann_matched,banglasarc3_binary+banglasarc_binary,banglasarc3_binary,2024
112e0419a2dcbd6c,0,1,-0.66015625,0.23925781,0.28917092259282917,0.7108290774071708,1.051085356726728,dann_matched,banglasarc3_binary+banglasarc_binary,banglasarc3_binary,2024
175f493bd4aa3997,1,1,-0.4453125,-0.10498047,0.41572882495953306,0.5842711750404669,1.051085356726728,dann_matched,banglasarc3_binary+banglasarc_binary,banglasarc3_binary,2024
15319cb8ed77aaa8,1,1,-0.43554688,0.107910156,0.3673837557753349,0.6326162442246651,1.051085356726728,dann_matched,banglasarc3_binary+banglasarc_binary,banglasarc3_binary,2024
