item_id,gold_label,pred_label,logit_0,logit_1,prob_0,prob_1,temperature,system,source,target,seed
75b57cb785399524,1,1,-0.2109375,0.13183594,0.41513593363925716,0.5848640663607428,1.11045471882656,dann_matched,banglasarc3_binary+ben_sarc_binary,banglasarc3_binary,1
ea89903ebde9ec48,0,0,1.5625,-1.859375,0.9683812327313545,0.03161876726864548,1.11045471882656,dann_matched,banglasarc3_binary+ben_sarc_binary,banglasarc3_binary,1
7985dbfde1b7e765,1,1,-0.07080078,0.049804688,0.4698851274054974,0.5301148725945025,1.11045471882656,dann_matched,banglasarc3_binary+ben_sarc_binary,banglasarc3_binary,1
d0c67c93af7f80e7,0,0,1.1328125,-1.4453125,0.9294404038127071,0.07055959618729296,1.11045471882656,dann_matched,banglasarc3_binary+ben_sarc_binary,banglasarc3_binary,1
050e2a5781c6d2a8,1,1,-1.046875,1.3046875,0.08694165672789168,0.9130583432721083,1.11045471882656,dann_matched,banglasarc3_binary+ben_sarc_binary,banglasarc3_binary,1
510f4f1ce14fbaae,1,0,0.08691406,-0.19824219,0.5708098913740778,0.42919010862592216,1.11045471882656,dann_matched,banglasarc3_binary+ben_sarc_binary,banglasarc3_binary,1
1e477c743f0a9075,0,0,0.65625,-1.1640625,0.8606036203346761,0.13939637966532398,1.11045471882656,dann_matched,banglasarc3_binary+ben_sarc_binary,banglasarc3_binary,1
8bc8673823772559,1,1,-0.067871094,0.1796875,0.438424503334911,0.561575496665089,1.11045471882656,dann_matched,banglasarc3_binary+ben_sarc_binary,banglasarc3_binary,1
bd8f33b2d8745739,1,1,-1.0,1.296875,0.09138210306717136,0.9086178969328287,1.11045471882656,dann_matched,banglasarc3_binary+ben_sarc_binary,banglasarc3_binary,1
f38f331e6bcc6f51,0,0,1.171875,-1.5078125,0.9358173563909802,0.06418264360901972,1.11045471882656,dann_matched,banglasarc3_binary+ben_sarc_binary,banglasarc3_binary,1
711571c05022201a,1,1,-1.1875,1.4765625,0.0651275468396235,0.9348724531603766,1.11045471882656,dann_matched,banglasarc3_binary+ben_sarc_binary,banglasarc3_binary,1
e16f46a1ebdb3d2c,1,0,0.027954102,-0.123046875,0.5376786777792629,0.462321322220737,1.11045471882656,dann_matched,banglasarc3_binary+ben_sarc_binary,banglasarc3_binary,1
96f8f1c864b37ed7,0,1,-1.125,1.15625,0.09268777863937604,0.9073122213606241,1.11045471882656,dann_matched,banglasarc3_binary+ben_sarc_binary,banglasarc3_binary,1
f479880c55bd2491,0,1,0.020507812,0.0625,0.48950349549186034,0.5104965045081397,1.11045471882656,dann_matched,banglasarc3_binary+ben_sarc_binary,banglasarc3_binary,1
65fbbf2f8d05469a,1,1,-0.08642578,0.08935547,0.4561674946423043,0.5438325053576957,1.11045471882656,dann_matched,banglasarc3_binary+ben_sarc_binary,banglasarc3_binary,1
8c201fa1f055e850,1,0,0.609375,-0.77734375,0.800067893575815,0.1999321064241851,1.11045471882656,dann_matched,banglasarc3_binary+ben_sarc_binary,banglasarc3_binary,1
eb85c00573b45dd3,1,1,-0.64453125,0.7890625,0.19253935386136437,0.8074606461386356,1.11045471882656,dann_matched,banglasarc3_binary+ben_sarc_binary,banglasarc3_binary,1
db73ddb0d256ba8f,1,1,-0.123046875,0.02734375,0.4624730470903148,0.5375269529096852,1.11045471882656,dann_matched,banglasarc3_binary+ben_sarc_binary,banglasarc3_binary,1
108f2ff9574fa860,1,0,0.067871094,0.018310547,0.5123876012376803,0.4876123987623197,1.11045471882656,dann_matched,banglasarc3_binary+ben_sarc_binary,banglasarc3_binary,1
651cfe2be094f7d4,0,0,0.9375,-1.28125,0.90192067652954,0.09807932347046003,1.11045471882656,dann_matched,banglasarc3_binary+ben_sarc_binary,banglasarc3_binary,1
701194ab8ff79d41,1,1,-0.88671875,1.03125,0.1280882483446611,0.8719117516553389,1.11045471882656,dann_matched,banglasarc3_binary+ben_sarc_binary,banglasarc3_binary,1
7d54a3089303d820,1,1,-1.03125,1.2890625,0.08945460216888064,0.9105453978311193,1.11045471882656,dann_matched,banglasarc3_binary+ben_sarc_binary,banglasarc3_binary,1
07a4bfe2a5a2e5ca,1,1,-0.14648438,0.17285156,0.4208375934907011,0.5791624065092988,1.11045471882656,dann_matched,banglasarc3_binary+ben_sarc_binary,banglasarc3_binary,1
8e8d800bdbdaaff7,0,0,0.51953125,-0.43164062,0.721350790473117,0.278649209526883,1.11045471882656,dann_matched,banglasarc3_binary+ben_sarc_binary,banglasarc3_binary,1
c015494f033a38d6,0,1,-1.09375,1.359375,0.07921032410902437,0.9207896758909757,1.11045471882656,dann_matched,banglasarc3_binary+ben_sarc_binary,banglasarc3_binary,1
ce91a1211be5691e,0,0,0.007537842,-0.26953125,0.568827526765367,0.43117247323463304,1.11045471882656,dann_matched,banglasarc3_binary+ben_sarc_binary,banglasarc3_binary,1
b67fe2f1724da4fc,0,0,0.11767578,-0.15234375,0.5670976998525714,0.43290230014742864,1.11045471882656,dann_matched,banglasarc3_binary+ben_sarc_binary,banglasarc3_binary,1
c82b33bcfb8e93ad,1,1,-1.015625,1.328125,0.08756383952305867,0.9124361604769414,1.11045471882656,dann_matched,banglasarc3_binary+ben_sarc_binary,banglasarc3_binary,1
94ad7e948eed42c2,1,1,-0.080078125,0.08935547,0.4577426459969105,0.5422573540030896,1.11045471882656,dann_matched,banglasarc3_binary+ben_sarc_binary,banglasarc3_binary,1
7065829cdc40567b,1,1,-0.3046875,0.3984375,0.3311197396289915,0.6688802603710086,1.11045471882656,dann_matched,banglasarc3_binary+ben_sarc_binary,banglasarc3_binary,1
80cf082fa6d9ed32,0,0,0.11669922,-0.1953125,0.5773762227558737,0.4226237772441262,1.11045471882656,dann_matched,banglasarc3_binary+ben_sarc_binary,banglasarc3_binary,1
082cc009d05d3e6a,0,0,1.0546875,-1.0390625,0.8902942261220291,0.10970577387797074,1.11045471882656,dann_matched,banglasarc3_binary+ben_sarc_binary,banglasarc3_binary,1
91675e6a7e696d31,1,1,-0.9609375,1.2890625,0.0953494648991095,0.9046505351008906,1.11045471882656,dann_matched,banglasarc3_binary+ben_sarc_binary,banglasarc3_binary,1
0f26e9a22c5ac1d7,0,1,-0.97265625,1.1796875,0.10411241155799623,0.8958875884420037,1.11045471882656,dann_matched,banglasarc3_binary+ben_sarc_binary,banglasarc3_binary,1
9a4c63e1a0b50046,0,0,1.421875,-1.65625,0.9559813501370537,0.04401864986294638,1.11045471882656,dann_matched,banglasarc3_binary+ben_sarc_binary,banglasarc3_binary,1
dd8a11641c9c1035,1,0,0.52734375,-0.66015625,0.7662936430859597,0.23370635691404026,1.11045471882656,dann_matched,banglasarc3_binary+ben_sarc_binary,banglasarc3_binary,1
947e78373e8ee90d,1,1,-0.63671875,0.92578125,0.17328820592932656,0.8267117940706734,1.11045471882656,dann_matched,banglasarc3_binary+ben_sarc_binary,banglasarc3_binary,1
a93bffde267df6fb,0,1,-0.21484375,0.19824219,0.39817240257189135,0.6018275974281085,1.11045471882656,dann_matched,banglasarc3_binary+ben_sarc_binary,banglasarc3_binary,1
2b6006a4aa890634,0,1,-0.25976562,0.3359375,0.3553273651913664,0.6446726348086337,1.11045471882656,dann_matched,banglasarc3_binary+ben_sarc_binary,banglasarc3_binary,1
08c0f13f45787db9,0,0,1.234375,-1.65625,0.9473810466522863,0.05261895334771377,1.11045471882656,dann_matched,banglasarc3_binary+ben_sarc_binary,banglasarc3_binary,1
ec266bb4c5478b18,1,1,-0.82421875,1.109375,0.12635333964061335,0.8736466603593868,1.11045471882656,dann_matched,banglasarc3_binary+ben_sarc_binary,banglasarc3_binary,1
073d86cef983e918,1,0,0.43554688,-0.47460938,0.7130321352710473,0.2869678647289528,1.11045471882656,dann_matched,banglasarc3_binary+ben_sarc_binary,banglasarc3_binary,1
67edcfa910eb831c,1,1,0.014526367,0.083496094,0.48276440004289434,0.5172355999571057,1.11045471882656,dann_matched,banglasarc3_binary+ben_sarc_binary,banglasarc3_binary,1
04d2c1127101c192,1,1,-0.68359375,0.76171875,0.1907240253120337,0.8092759746879663,1.11045471882656,dann_matched,banglasarc3_binary+ben_sarc_binary,banglasarc3_binary,1
876b4804c6fc5b43,1,1,-0.51171875,0.609375,0.24580846052125757,0.7541915394787425,1.11045471882656,dann_matched,banglasarc3_binary+ben_sarc_binary,banglasarc3_binary,1
34dbd0864564cfc0,0,0,0.36328125,-0.28320312,0.656217787882264,0.34378221211773596,1.11045471882656,dann_matched,banglasarc3_binary+ben_sarc_binary,banglasarc3_binary,1
63a49fd32ab811fd,0,1,-0.22558594,-0.024658203,0.44993638368701355,0.5500636163129864,1.11045471882656,dann_matched,banglasarc3_binary+ben_sarc_binary,banglasarc3_binary,1
9f666c15fa725558,0,0,0.34765625,-0.47070312,0.6938879700208154,0.3061120299791845,1.11045471882656,dann_matched,banglasarc3_binary+ben_sarc_binary,banglasarc3_binary,1
265176b36196d1b2,0,1,-0.18066406,-0.10058594,0.4799911598415775,0.5200088401584225,1.11045471882656,dann_matched,banglasarc3_binary+ben_sarc_binary,banglasarc3_binary,1
96de00b59977a347,1,1,-0.33789062,0.31445312,0.34246157314932935,0.6575384268506705,1.11045471882656,dann_matched,banglasarc3_binary+ben_sarc_binary,banglasarc3_binary,1
4a51117b4af25a2c,1,1,-0.88671875,1.1640625,0.1139734641137174,0.8860265358862826,1.11045471882656,dann_matched,banglasarc3_binary+ben_sarc_binary,banglasarc3_binary,1
aaa1c8bb9251740a,1,0,0.20800781,-0.3046875,0.6254381057792283,0.3745618942207717,1.11045471882656,dann_matched,banglasarc3_binary+ben_sarc_binary,banglasarc3_binary,1
b956c99bea48b45e,0,0,0.53515625,-0.71875,0.7779753192320792,0.2220246807679208,1.11045471882656,dann_matched,banglasarc3_binary+ben_sarc_binary,banglasarc3_binary,1
a7f029b1664720b2,0,0,1.3515625,-1.546875,0.9477691428985743,0.052230857101425734,1.11045471882656,dann_matched,banglasarc3_binary+ben_sarc_binary,banglasarc3_binary,1
1f65da3aad7897f2,0,0,1.25,-1.6328125,0.9469902279841446,0.05300977201585542,1.11045471882656,dann_matched,banglasarc3_binary+ben_sarc_binary,banglasarc3_binary,1
e299df642da32c11,1,0,0.875,-1.28125,0.8962513731336202,0.10374862686637971,1.11045471882656,dann_matched,banglasarc3_binary+ben_sarc_binary,banglasarc3_binary,1
281dcf0e5128a950,1,1,-1.1796875,1.453125,0.06705628692511957,0.9329437130748804,1.11045471882656,dann_matched,banglasarc3_binary+ben_sarc_binary,banglasarc3_binary,1
4d19d4857cf11f76,1,0,0.31054688,-0.49023438,0.6901415732701115,0.30985842672988845,1.11045471882656,dann_matched,banglasarc3_binary+ben_sarc_binary,banglasarc3_binary,1
0a1efda3664119ed,0,0,0.38867188,-0.32617188,0.6714705667356973,0.3285294332643027,1.11045471882656,dann_matched,banglasarc3_binary+ben_sarc_binary,banglasarc3_binary,1
222513aed35eef7e,0,0,0.28320312,-0.52734375,0.6922260278044772,0.30777397219552277,1.11045471882656,dann_matched,banglasarc3_binary+ben_sarc_binary,banglasarc3_binary,1
39fe6dafd7939acc,0,0,1.390625,-1.59375,0.9518632288833652,0.04813677111663481,1.11045471882656,dann_matched,banglasarc3_binary+ben_sarc_binary,banglasarc3_binary,1
a27193d4c497eccb,0,0,0.37109375,-0.41210938,0.6863700497784223,0.3136299502215776,1.11045471882656,dann_matched,banglasarc3_binary+ben_sarc_binary,banglasarc3_binary,1
a6de149712c45c7c,1,1,-0.578125,0.69140625,0.21933750491760287,0.780662495082397,1.11045471882656,dann_matched,banglasarc3_binary+ben_sarc_binary,banglasarc3_binary,1
73ec3e5aee767003,0,0,0.703125,-1.078125,0.8558511469672594,0.14414885303274058,1.11045471882656,dann_matched,banglasarc3_binary+ben_sarc_binary,banglasarc3_binary,1
7be88e4c070ecb7c,0,0,0.048828125,-0.28320312,0.5822535290212147,0.41774647097878526,1.11045471882656,dann_matched,banglasarc3_binary+ben_sarc_binary,banglasarc3_binary,1
e1692847746aaeb7,0,1,-0.76171875,0.86328125,0.1645164628965632,0.8354835371034369,1.11045471882656,dann_matched,banglasarc3_binary+ben_sarc_binary,banglasarc3_binary,1
affe88ed42c09f2b,0,1,-0.067871094,0.09033203,0.4605315033125118,0.5394684966874882,1.11045471882656,dann_matched,banglasarc3_binary+ben_sarc_binary,banglasarc3_binary,1
c26d77ece62c8a34,0,1,-0.234375,0.106933594,0.41549163905931774,0.5845083609406823,1.11045471882656,dann_matched,banglasarc3_binary+ben_sarc_binary,banglasarc3_binary,1
4562504c76eb98bd,1,1,-0.78125,1.0390625,0.13939637966532398,0.8606036203346761,1.11045471882656,dann_matched,banglasarc3_binary+ben_sarc_binary,banglasarc3_binary,1
c31bf7af3cca52d5,0,0,1.2734375,-1.5703125,0.9449947117065459,0.05500528829345415,1.11045471882656,dann_matched,banglasarc3_binary+ben_sarc_binary,banglasarc3_binary,1
d60439bc7741539c,1,0,0.29296875,-0.51953125,0.6926419831347361,0.30735801686526387,1.11045471882656,dann_matched,banglasarc3_binary+ben_sarc_binary,banglasarc3_binary,1
f10b478fd6e0b177,0,0,1.328125,-1.515625,0.9449947117065459,0.05500528829345415,1.11045471882656,dann_matched,banglasarc3_binary+ben_sarc_binary,banglasarc3_binary,1
3fbae9ce8772e658,0,0,1.0625,-1.296875,0.9136765234137297,0.08632347658627028,1.11045471882656,dann_matched,banglasarc3_binary+ben_sarc_binary,banglasarc3_binary,1
d823840f4b1ff927,0,0,0.875,-1.1484375,0.8832359864017768,0.11676401359822318,1.11045471882656,dann_matched,banglasarc3_binary+ben_sarc_binary,banglasarc3_binary,1
e0c3a628a2e7801f,1,1,-0.24609375,0.53515625,0.31405054499180746,0.6859494550081925,1.11045471882656,dann_matched,banglasarc3_binary+ben_sarc_binary,banglasarc3_binary,1
eff887513d13438d,1,1,0.11669922,0.13574219,0.49523940167479297,0.504760598325207,1.11045471882656,dann_matched,banglasarc3_binary+ben_sarc_binary,banglasarc3_binary,1
0cd82b6dca6fe2e1,1,1,-0.703125,0.96875,0.1581743527484317,0.8418256472515684,1.11045471882656,dann_matched,banglasarc3_binary+ben_sarc_binary,banglasarc3_binary,1
1d09754dbb62cc6b,1,0,0.265625,-0.39257812,0.6588566299723456,0.34114337002765444,1.11045471882656,dann_matched,banglasarc3_binary+ben_sarc_binary,banglasarc3_binary,1
c311ed8c137856aa,1,0,0.72265625,-0.82421875,0.8244619263765707,0.17553807362342935,1.11045471882656,dann_matched,banglasarc3_binary+ben_sarc_binary,banglasarc3_binary,1
7071237a4ec6c93c,1,1,-0.8671875,1.0859375,0.1242130083520534,0.8757869916479466,1.11045471882656,dann_matched,banglasarc3_binary+ben_sarc_binary,banglasarc3_binary,1
406cc3cc6af1c396,0,1,-0.9453125,1.125,0.11201595092000367,0.8879840490799963,1.11045471882656,dann_matched,banglasarc3_binary+ben_sarc_binary,banglasarc3_binary,1
5017f4130c84f906,1,0,0.18164062,-0.001953125,0.5457699469764457,0.45423005302355435,1.11045471882656,dann_matched,banglasarc3_binary+ben_sarc_binary,banglasarc3_binary,1
dda9d98881ec3a10,0,0,0.8515625,-1.015625,0.8661325122464822,0.13386748775351784,1.11045471882656,dann_matched,banglasarc3_binary+ben_sarc_binary,banglasarc3_binary,1
44526b65a93bf812,0,0,0.88671875,-1.3515625,0.9036348952750146,0.09636510472498538,1.11045471882656,dann_matched,banglasarc3_binary+ben_sarc_binary,banglasarc3_binary,1
045171b67bd95561,0,0,0.90234375,-1.4453125,0.9127477534452755,0.0872522465547244,1.11045471882656,dann_matched,banglasarc3_binary+ben_sarc_binary,banglasarc3_binary,1
008c34b815bb55fd,0,0,1.015625,-1.3984375,0.9178933729531492,0.08210662704685086,1.11045471882656,dann_matched,banglasarc3_binary+ben_sarc_binary,banglasarc3_binary,1
aca0a6cea18374f2,0,0,0.87109375,-1.0,0.8665847827360217,0.1334152172639784,1.11045471882656,dann_matched,banglasarc3_binary+ben_sarc_binary,banglasarc3_binary,1
51e0fcfbe89577bb,1,1,-0.6953125,0.92578125,0.16505408392910761,0.8349459160708924,1.11045471882656,dann_matched,banglasarc3_binary+ben_sarc_binary,banglasarc3_binary,1
0cd747c951646fc6,1,1,-0.7421875,0.8828125,0.1645164628965632,0.8354835371034369,1.11045471882656,dann_matched,banglasarc3_binary+ben_sarc_binary,banglasarc3_binary,1
2a8dc43b96afa2e7,1,1,-0.49609375,0.84765625,0.2068940488158881,0.7931059511841119,1.11045471882656,dann_matched,banglasarc3_binary+ben_sarc_binary,banglasarc3_binary,1
4dacd616983d14ed,1,0,0.26367188,-0.0234375,0.5712883132576986,0.4287116867423014,1.11045471882656,dann_matched,banglasarc3_binary+ben_sarc_binary,banglasarc3_binary,1
8e45e4191312d057,0,0,0.93359375,-1.2890625,0.9022656804095371,0.09773431959046293,1.11045471882656,dann_matched,banglasarc3_binary+ben_sarc_binary,banglasarc3_binary,1
a30ac9245fef57e8,0,1,-0.050048828,0.18945312,0.44040909020365815,0.5595909097963417,1.11045471882656,dann_matched,banglasarc3_binary+ben_sarc_binary,banglasarc3_binary,1
1ba578744dcf18f2,0,1,-0.049316406,0.03466797,0.4790162386622166,0.5209837613377835,1.11045471882656,dann_matched,banglasarc3_binary+ben_sarc_binary,banglasarc3_binary,1
b1a866c6cbb06b7b,0,1,-0.55078125,0.5859375,0.24292331170641918,0.7570766882935809,1.11045471882656,dann_matched,banglasarc3_binary+ben_sarc_binary,banglasarc3_binary,1
a61d6c2433486af9,0,0,0.09765625,-0.421875,0.6270381503544469,0.3729618496455532,1.11045471882656,dann_matched,banglasarc3_binary+ben_sarc_binary,banglasarc3_binary,1
8cb4b0e68d2b2280,0,0,1.296875,-1.4296875,0.9385759599453297,0.06142404005467019,1.11045471882656,dann_matched,banglasarc3_binary+ben_sarc_binary,banglasarc3_binary,1
5862ad605fad8a15,1,1,-1.171875,1.390625,0.07159119944455247,0.9284088005554476,1.11045471882656,dann_matched,banglasarc3_binary+ben_sarc_binary,banglasarc3_binary,1
cdf0634800d69305,1,0,0.54296875,-0.53515625,0.746138993030751,0.25386100696924885,1.11045471882656,dann_matched,banglasarc3_binary+ben_sarc_binary,banglasarc3_binary,1
778c43b485a168af,1,0,0.74609375,-1.203125,0.8753614294639163,0.12463857053608371,1.11045471882656,dann_matched,banglasarc3_binary+ben_sarc_binary,banglasarc3_binary,1
1df9d37a3cec5465,0,0,0.9453125,-1.3125,0.9053222982086733,0.0946777017913266,1.11045471882656,dann_matched,banglasarc3_binary+ben_sarc_binary,banglasarc3_binary,1
47b74426cb84e137,1,0,0.203125,-0.34179688,0.6329566266709183,0.36704337332908166,1.11045471882656,dann_matched,banglasarc3_binary+ben_sarc_binary,banglasarc3_binary,1
3f468b17c098db0b,0,1,-0.13964844,0.3515625,0.3796083432458134,0.6203916567541865,1.11045471882656,dann_matched,banglasarc3_binary+ben_sarc_binary,banglasarc3_binary,1
e8eed6879adc1fb9,1,1,-0.35742188,0.734375,0.251280066152955,0.748719933847045,1.11045471882656,dann_matched,banglasarc3_binary+ben_sarc_binary,banglasarc3_binary,1
59adf653819d9fe1,0,1,-0.012817383,0.25585938,0.4332319778581713,0.5667680221418286,1.11045471882656,dann_matched,banglasarc3_binary+ben_sarc_binary,banglasarc3_binary,1
ab24e7278a3aa349,1,1,-0.45117188,0.84375,0.21502089755574375,0.7849791024442563,1.11045471882656,dann_matched,banglasarc3_binary+ben_sarc_binary,banglasarc3_binary,1
e3d3248598f096fa,1,1,-0.5859375,0.7890625,0.20181322226037882,0.7981867777396212,1.11045471882656,dann_matched,banglasarc3_binary+ben_sarc_binary,banglasarc3_binary,1
cc1dab7c4d3e2fa9,1,1,0.05810547,0.14355469,0.47865068402389804,0.521349315976102,1.11045471882656,dann_matched,banglasarc3_binary+ben_sarc_binary,banglasarc3_binary,1
f7a48562ed437eea,0,0,1.34375,-1.5625,0.94815453335022,0.05184546664977983,1.11045471882656,dann_matched,banglasarc3_binary+ben_sarc_binary,banglasarc3_binary,1
b2ae48f6c244c3b3,1,1,-0.48632812,0.20410156,0.33393749394189914,0.6660625060581008,1.11045471882656,dann_matched,banglasarc3_binary+ben_sarc_binary,banglasarc3_binary,1
6d69a5e5443ef4a0,0,1,-0.98828125,1.296875,0.09235979794788486,0.9076402020521152,1.11045471882656,dann_matched,banglasarc3_binary+ben_sarc_binary,banglasarc3_binary,1
17e9568c1bec66f3,1,0,1.390625,-1.46875,0.9458012701768145,0.05419872982318558,1.11045471882656,dann_matched,banglasarc3_binary+ben_sarc_binary,banglasarc3_binary,1
432511856befb10b,0,0,1.578125,-1.859375,0.9688561694652216,0.031143830534778462,1.11045471882656,dann_matched,banglasarc3_binary+ben_sarc_binary,banglasarc3_binary,1
b7be99240747d7b9,0,1,-0.1796875,-0.030517578,0.4627765176533766,0.5372234823466234,1.11045471882656,dann_matched,banglasarc3_binary+ben_sarc_binary,banglasarc3_binary,1
88421f62e8ff3b41,1,0,0.20214844,-0.41015625,0.6484663530335857,0.35153364696641437,1.11045471882656,dann_matched,banglasarc3_binary+ben_sarc_binary,banglasarc3_binary,1
3e2207ffcf3ee105,0,0,0.94921875,-1.25,0.9001793324323768,0.09982066756762313,1.11045471882656,dann_matched,banglasarc3_binary+ben_sarc_binary,banglasarc3_binary,1
51b018644cef2e50,0,0,0.796875,-1.234375,0.8840392817460332,0.11596071825396677,1.11045471882656,dann_matched,banglasarc3_binary+ben_sarc_binary,banglasarc3_binary,1
f95cec4307ef3024,0,0,1.078125,-1.375,0.9207896758909757,0.07921032410902437,1.11045471882656,dann_matched,banglasarc3_binary+ben_sarc_binary,banglasarc3_binary,1
26b12ba4953ff47f,1,1,-0.66015625,0.828125,0.1841798425453443,0.8158201574546557,1.11045471882656,dann_matched,banglasarc3_binary+ben_sarc_binary,banglasarc3_binary,1
9e6fb96648d97dc0,0,0,0.29882812,-0.5234375,0.6947170576578352,0.30528294234216474,1.11045471882656,dann_matched,banglasarc3_binary+ben_sarc_binary,banglasarc3_binary,1
a4b8f5a2bfe6f63a,1,1,-0.5859375,0.77734375,0.2037075306987091,0.7962924693012908,1.11045471882656,dann_matched,banglasarc3_binary+ben_sarc_binary,banglasarc3_binary,1
c7e2731135ca9edc,1,1,-0.43945312,0.6484375,0.25201569553082487,0.7479843044691752,1.11045471882656,dann_matched,banglasarc3_binary+ben_sarc_binary,banglasarc3_binary,1
a5f5e1447f81c7c1,0,0,1.1953125,-0.9765625,0.8976952921073469,0.10230470789265303,1.11045471882656,dann_matched,banglasarc3_binary+ben_sarc_binary,banglasarc3_binary,1
c2122763b56ffbf5,1,0,0.4140625,-0.859375,0.7813306233160979,0.21866937668390204,1.11045471882656,dann_matched,banglasarc3_binary+ben_sarc_binary,banglasarc3_binary,1
d89f0be1f7612e43,1,1,-1.2265625,1.515625,0.060529390202538995,0.9394706097974611,1.11045471882656,dann_matched,banglasarc3_binary+ben_sarc_binary,banglasarc3_binary,1
83ff80d11d2cfe42,0,1,-1.0625,1.265625,0.08882029240011771,0.9111797075998822,1.11045471882656,dann_matched,banglasarc3_binary+ben_sarc_binary,banglasarc3_binary,1
ff19766f243a9d57,1,1,-0.67578125,0.93359375,0.16667540468797667,0.8333245953120233,1.11045471882656,dann_matched,banglasarc3_binary+ben_sarc_binary,banglasarc3_binary,1
e8bd3886d550c247,1,1,-0.625,0.6796875,0.21337717541660498,0.786622824583395,1.11045471882656,dann_matched,banglasarc3_binary+ben_sarc_binary,banglasarc3_binary,1
0cb293f08063597d,1,0,0.2109375,-0.20996094,0.6036982180667488,0.39630178193325116,1.11045471882656,dann_matched,banglasarc3_binary+ben_sarc_binary,banglasarc3_binary,1
bd4e9e3bdd01a022,1,1,-0.1796875,0.56640625,0.32167304821323783,0.6783269517867622,1.11045471882656,dann_matched,banglasarc3_binary+ben_sarc_binary,banglasarc3_binary,1
5b22a3f51d681541,0,0,0.6796875,-0.89453125,0.8283841930310485,0.17161580696895154,1.11045471882656,dann_matched,banglasarc3_binary+ben_sarc_binary,banglasarc3_binary,1
5e682d52ed383d6b,0,0,0.85546875,-0.86328125,0.8479677583778257,0.15203224162217424,1.11045471882656,dann_matched,banglasarc3_binary+ben_sarc_binary,banglasarc3_binary,1
baad976c4d644487,0,0,1.21875,-1.6015625,0.9437636542955161,0.056236345704483756,1.11045471882656,dann_matched,banglasarc3_binary+ben_sarc_binary,banglasarc3_binary,1
dd9bd6b2bf6b34e5,1,1,-0.61328125,0.875,0.1841798425453443,0.8158201574546557,1.11045471882656,dann_matched,banglasarc3_binary+ben_sarc_binary,banglasarc3_binary,1
cdbf9e38b718e84c,0,1,-0.5390625,0.7734375,0.21206880435710532,0.7879311956428947,1.11045471882656,dann_matched,banglasarc3_binary+ben_sarc_binary,banglasarc3_binary,1
4d0a57f210a73977,1,0,1.15625,-1.1328125,0.90796713988899,0.09203286011100995,1.11045471882656,dann_matched,banglasarc3_binary+ben_sarc_binary,banglasarc3_binary,1
ab338dede5081252,0,0,0.85546875,-0.828125,0.843379816636549,0.156620183363451,1.11045471882656,dann_matched,banglasarc3_binary+ben_sarc_binary,banglasarc3_binary,1
ab718a592e29dca9,0,0,0.68359375,-1.171875,0.8647679192064821,0.13523208079351787,1.11045471882656,dann_matched,banglasarc3_binary+ben_sarc_binary,banglasarc3_binary,1
e36d944d14221a6c,0,0,0.671875,-0.93359375,0.8327813311689884,0.16721866883101164,1.11045471882656,dann_matched,banglasarc3_binary+ben_sarc_binary,banglasarc3_binary,1
63ea034834c6a12c,0,0,1.3984375,-1.6171875,0.9532750413739076,0.04672495862609242,1.11045471882656,dann_matched,banglasarc3_binary+ben_sarc_binary,banglasarc3_binary,1
1ead6e0bfd452d2b,1,1,-1.09375,1.296875,0.08389038641057993,0.91610961358942,1.11045471882656,dann_matched,banglasarc3_binary+ben_sarc_binary,banglasarc3_binary,1
9fb91b24bd470ab7,0,1,-0.45898438,0.8359375,0.21502089755574375,0.7849791024442563,1.11045471882656,dann_matched,banglasarc3_binary+ben_sarc_binary,banglasarc3_binary,1
7adb5d686301eb8f,1,0,0.8671875,-1.015625,0.8679338421303608,0.13206615786963916,1.11045471882656,dann_matched,banglasarc3_binary+ben_sarc_binary,banglasarc3_binary,1
30a467ac9c6d2435,1,1,-0.6328125,0.91015625,0.17610412024315097,0.823895879756849,1.11045471882656,dann_matched,banglasarc3_binary+ben_sarc_binary,banglasarc3_binary,1
4e5a50b99551fa9f,0,0,0.31835938,-0.07128906,0.5961980649181368,0.4038019350818632,1.11045471882656,dann_matched,banglasarc3_binary+ben_sarc_binary,banglasarc3_binary,1
2cc5b657e99479ab,1,1,0.021484375,0.19726562,0.4561674946423043,0.5438325053576957,1.11045471882656,dann_matched,banglasarc3_binary+ben_sarc_binary,banglasarc3_binary,1
60a819c9455826f5,0,0,1.078125,-1.328125,0.9173026573249612,0.08269734267503885,1.11045471882656,dann_matched,banglasarc3_binary+ben_sarc_binary,banglasarc3_binary,1
f387e0db7e685a99,0,0,1.234375,-1.609375,0.9449947117065459,0.05500528829345415,1.11045471882656,dann_matched,banglasarc3_binary+ben_sarc_binary,banglasarc3_binary,1
0ccfba3f9e960460,1,1,-0.18945312,0.14453125,0.41727148033425965,0.5827285196657404,1.11045471882656,dann_matched,banglasarc3_binary+ben_sarc_binary,banglasarc3_binary,1
ddc2982c4d5b19bb,0,0,1.0625,-0.953125,0.8824278664544911,0.11757213354550883,1.11045471882656,dann_matched,banglasarc3_binary+ben_sarc_binary,banglasarc3_binary,1
c9700acd4f20666a,1,1,-0.18945312,0.515625,0.3306873053366908,0.6693126946633093,1.11045471882656,dann_matched,banglasarc3_binary+ben_sarc_binary,banglasarc3_binary,1
d4943eed81c34c48,1,0,1.03125,-0.8984375,0.8732148268211409,0.126785173178859,1.11045471882656,dann_matched,banglasarc3_binary+ben_sarc_binary,banglasarc3_binary,1
2e2e4b889c9df812,1,1,-0.953125,1.015625,0.12252321251815919,0.8774767874818407,1.11045471882656,dann_matched,banglasarc3_binary+ben_sarc_binary,banglasarc3_binary,1
5ddbd9cf7f8b9e4e,1,0,0.91015625,-1.015625,0.8727817323315137,0.12721826766848623,1.11045471882656,dann_matched,banglasarc3_binary+ben_sarc_binary,banglasarc3_binary,1
0346c19c3d6e1abf,0,0,1.21875,-1.4921875,0.9376689641180752,0.06233103588192476,1.11045471882656,dann_matched,banglasarc3_binary+ben_sarc_binary,banglasarc3_binary,1
c5d392cb407885e6,0,1,-0.46679688,0.68359375,0.24041774103228375,0.7595822589677163,1.11045471882656,dann_matched,banglasarc3_binary+ben_sarc_binary,banglasarc3_binary,1
f4997612d5ea678a,0,1,-0.91015625,1.0703125,0.1212688777402316,0.8787311222597683,1.11045471882656,dann_matched,banglasarc3_binary+ben_sarc_binary,banglasarc3_binary,1
5fb61d0d9878c215,0,1,-0.49023438,0.08154297,0.3608268132854367,0.6391731867145634,1.11045471882656,dann_matched,banglasarc3_binary+ben_sarc_binary,banglasarc3_binary,1
a3b2337ee913ed3c,1,0,-0.057128906,-0.11035156,0.5133025240932364,0.4866974759067636,1.11045471882656,dann_matched,banglasarc3_binary+ben_sarc_binary,banglasarc3_binary,1
218ac0a1387a629e,0,0,0.12890625,-0.38476562,0.6256668524290883,0.3743331475709118,1.11045471882656,dann_matched,banglasarc3_binary+ben_sarc_binary,banglasarc3_binary,1
18e844b31049008b,0,0,1.0703125,-0.96484375,0.8844391260585168,0.11556087394148318,1.11045471882656,dann_matched,banglasarc3_binary+ben_sarc_binary,banglasarc3_binary,1
cbed70c13bc0c9f0,1,1,-1.1015625,1.390625,0.07640768335044701,0.923592316649553,1.11045471882656,dann_matched,banglasarc3_binary+ben_sarc_binary,banglasarc3_binary,1
2ab1740ebfbd3e05,1,0,1.3984375,-1.4765625,0.9465966702001757,0.053403329799824234,1.11045471882656,dann_matched,banglasarc3_binary+ben_sarc_binary,banglasarc3_binary,1
0ac6a6a9e59b6038,1,1,-0.66796875,0.75390625,0.19436781101874467,0.8056321889812553,1.11045471882656,dann_matched,banglasarc3_binary+ben_sarc_binary,banglasarc3_binary,1
08f7a8e225bd8151,1,1,-0.53515625,0.6484375,0.23440664578188122,0.7655933542181188,1.11045471882656,dann_matched,banglasarc3_binary+ben_sarc_binary,banglasarc3_binary,1
b09ce16653e41187,1,0,0.05419922,-0.06591797,0.5299932433208944,0.4700067566791057,1.11045471882656,dann_matched,banglasarc3_binary+ben_sarc_binary,banglasarc3_binary,1
d8186fbe40131e81,1,1,-0.6015625,0.6796875,0.21733752104706247,0.7826624789529376,1.11045471882656,dann_matched,banglasarc3_binary+ben_sarc_binary,banglasarc3_binary,1
c89eaa10622b37e2,1,0,0.28320312,-0.5234375,0.6913931802337522,0.30860681976624793,1.11045471882656,dann_matched,banglasarc3_binary+ben_sarc_binary,banglasarc3_binary,1
0ef139aef5b0b651,1,1,-1.09375,1.3984375,0.07640768335044701,0.923592316649553,1.11045471882656,dann_matched,banglasarc3_binary+ben_sarc_binary,banglasarc3_binary,1
2f577efec6c86515,1,1,-0.84375,1.203125,0.1143685261818125,0.8856314738181876,1.11045471882656,dann_matched,banglasarc3_binary+ben_sarc_binary,banglasarc3_binary,1
843e76141f5386ea,1,1,-1.0546875,1.390625,0.079782013464093,0.9202179865359069,1.11045471882656,dann_matched,banglasarc3_binary+ben_sarc_binary,banglasarc3_binary,1
a6b139ef0507918c,0,0,0.035888672,-0.6171875,0.6577033357773118,0.3422966642226883,1.11045471882656,dann_matched,banglasarc3_binary+ben_sarc_binary,banglasarc3_binary,1
364f64d22ee2ac7a,0,0,0.4609375,-0.63671875,0.7498206999089312,0.25017930009106876,1.11045471882656,dann_matched,banglasarc3_binary+ben_sarc_binary,banglasarc3_binary,1
2ac3b1eefc9be85e,1,0,0.22167969,-0.30078125,0.6277230355144146,0.3722769644855854,1.11045471882656,dann_matched,banglasarc3_binary+ben_sarc_binary,banglasarc3_binary,1
adf94921ccf02eaa,1,1,-1.1328125,1.453125,0.07004896087717674,0.9299510391228232,1.11045471882656,dann_matched,banglasarc3_binary+ben_sarc_binary,banglasarc3_binary,1
a4d173afcf1ce29e,0,0,0.98828125,-1.171875,0.8966140333938164,0.10338596660618364,1.11045471882656,dann_matched,banglasarc3_binary+ben_sarc_binary,banglasarc3_binary,1
503091a9ce967b64,1,1,-0.5859375,0.87109375,0.18892180778557252,0.8110781922144276,1.11045471882656,dann_matched,banglasarc3_binary+ben_sarc_binary,banglasarc3_binary,1
4d1624fcf2e4e7d6,1,1,-0.29101562,0.38671875,0.3367671540610278,0.6632328459389722,1.11045471882656,dann_matched,banglasarc3_binary+ben_sarc_binary,banglasarc3_binary,1
7bb7f9b1cb68aac0,0,0,0.6484375,-0.8671875,0.8198933359135361,0.18010666408646395,1.11045471882656,dann_matched,banglasarc3_binary+ben_sarc_binary,banglasarc3_binary,1
9b912e15d3d8493f,0,1,-1.0234375,1.265625,0.09203286011100995,0.90796713988899,1.11045471882656,dann_matched,banglasarc3_binary+ben_sarc_binary,banglasarc3_binary,1
3827617f21fba1e3,0,0,1.2578125,-1.6015625,0.9458012701768145,0.05419872982318558,1.11045471882656,dann_matched,banglasarc3_binary+ben_sarc_binary,banglasarc3_binary,1
bbfcd270940c6f50,0,1,-0.22851562,0.12402344,0.41276684075434256,0.5872331592456574,1.11045471882656,dann_matched,banglasarc3_binary+ben_sarc_binary,banglasarc3_binary,1
a5f9487af8a08111,1,1,-1.34375,1.421875,0.05921025074128593,0.9407897492587141,1.11045471882656,dann_matched,banglasarc3_binary+ben_sarc_binary,banglasarc3_binary,1
b132c35de55abf62,1,1,-0.27929688,0.46289062,0.3225259830643727,0.6774740169356273,1.11045471882656,dann_matched,banglasarc3_binary+ben_sarc_binary,banglasarc3_binary,1
49e50f5f6743b9a9,0,0,0.6328125,-0.50390625,0.7570766882935809,0.24292331170641918,1.11045471882656,dann_matched,banglasarc3_binary+ben_sarc_binary,banglasarc3_binary,1
bc2fea241ae6e245,0,0,1.21875,-1.515625,0.9390248191350352,0.06097518086496481,1.11045471882656,dann_matched,banglasarc3_binary+ben_sarc_binary,banglasarc3_binary,1
1ac9669da2a3b22a,0,0,1.578125,-2.125,0.9759464471055739,0.024053552894426178,1.11045471882656,dann_matched,banglasarc3_binary+ben_sarc_binary,banglasarc3_binary,1
c678ed32dfec8e9b,1,1,-0.671875,0.94140625,0.1661335534168026,0.8338664465831974,1.11045471882656,dann_matched,banglasarc3_binary+ben_sarc_binary,banglasarc3_binary,1
1a46fdea53a04cce,0,1,-1.15625,1.1796875,0.08819004480076281,0.9118099551992372,1.11045471882656,dann_matched,banglasarc3_binary+ben_sarc_binary,banglasarc3_binary,1
a27bf2e316d4219b,1,1,-0.41796875,0.7109375,0.24436300507078523,0.7556369949292148,1.11045471882656,dann_matched,banglasarc3_binary+ben_sarc_binary,banglasarc3_binary,1
0cec6e06c0ba9f1e,0,0,1.7890625,-1.9921875,0.9777138144607745,0.022286185539225494,1.11045471882656,dann_matched,banglasarc3_binary+ben_sarc_binary,banglasarc3_binary,1
d6b2f0ee01c230dd,1,0,0.11767578,0.11230469,0.5013427702094094,0.4986572297905906,1.11045471882656,dann_matched,banglasarc3_binary+ben_sarc_binary,banglasarc3_binary,1
9eb091e9a9d4c695,0,1,-0.73828125,0.75390625,0.18359362263419612,0.8164063773658039,1.11045471882656,dann_matched,banglasarc3_binary+ben_sarc_binary,banglasarc3_binary,1
963ae71db6ff7e4f,0,0,0.32226562,-0.34375,0.6606104176951485,0.33938958230485144,1.11045471882656,dann_matched,banglasarc3_binary+ben_sarc_binary,banglasarc3_binary,1
9aabf8d92c3a8ef5,1,0,1.140625,-1.7421875,0.9469902279841446,0.05300977201585542,1.11045471882656,dann_matched,banglasarc3_binary+ben_sarc_binary,banglasarc3_binary,1
1f00788c3c80def3,0,0,1.09375,-1.3984375,0.923592316649553,0.07640768335044701,1.11045471882656,dann_matched,banglasarc3_binary+ben_sarc_binary,banglasarc3_binary,1
b39f2b8134c7f61a,1,1,-0.59765625,0.8828125,0.18535662781502407,0.8146433721849758,1.11045471882656,dann_matched,banglasarc3_binary+ben_sarc_binary,banglasarc3_binary,1
a6a9b4365f236b0d,1,1,-0.9609375,1.1015625,0.11279540628289324,0.8872045937171068,1.11045471882656,dann_matched,banglasarc3_binary+ben_sarc_binary,banglasarc3_binary,1
672f65575c01c938,1,1,-0.3984375,0.6328125,0.26284183737131667,0.7371581626286834,1.11045471882656,dann_matched,banglasarc3_binary+ben_sarc_binary,banglasarc3_binary,1
c361b64edd41d872,0,1,-0.71875,0.921875,0.16238003666671086,0.8376199633332891,1.11045471882656,dann_matched,banglasarc3_binary+ben_sarc_binary,banglasarc3_binary,1
89c73de9b852078e,0,0,0.68359375,-0.9609375,0.8381505627344117,0.16184943726558834,1.11045471882656,dann_matched,banglasarc3_binary+ben_sarc_binary,banglasarc3_binary,1
ce8d47c1fb816aa3,0,0,1.4921875,-1.421875,0.9485372345673925,0.05146276543260743,1.11045471882656,dann_matched,banglasarc3_binary+ben_sarc_binary,banglasarc3_binary,1
456683ca31fa5e65,0,0,0.33203125,-0.375,0.6697448430478439,0.3302551569521561,1.11045471882656,dann_matched,banglasarc3_binary+ben_sarc_binary,banglasarc3_binary,1
ebd8a51d0f72f8ae,0,1,-0.76953125,0.95703125,0.15102780199255098,0.8489721980074492,1.11045471882656,dann_matched,banglasarc3_binary+ben_sarc_binary,banglasarc3_binary,1
fb863821fda44d53,1,1,-0.80859375,1.2109375,0.11716746932535992,0.8828325306746402,1.11045471882656,dann_matched,banglasarc3_binary+ben_sarc_binary,banglasarc3_binary,1
3b470389b41a77d0,0,0,0.77734375,-0.94140625,0.8479677583778257,0.15203224162217424,1.11045471882656,dann_matched,banglasarc3_binary+ben_sarc_binary,banglasarc3_binary,1
7485ab52357fe573,0,0,1.0234375,-1.3125,0.9118099551992372,0.08819004480076281,1.11045471882656,dann_matched,banglasarc3_binary+ben_sarc_binary,banglasarc3_binary,1
5d08e6dbd0a02098,0,0,1.6640625,-1.8515625,0.9711290930537122,0.028870906946287907,1.11045471882656,dann_matched,banglasarc3_binary+ben_sarc_binary,banglasarc3_binary,1
bd8e1a4992f836d9,1,1,-1.203125,1.4609375,0.0651275468396235,0.9348724531603766,1.11045471882656,dann_matched,banglasarc3_binary+ben_sarc_binary,banglasarc3_binary,1
f54c8c8dd14b9ee4,1,0,0.75390625,-1.03125,0.8563323913156724,0.14366760868432768,1.11045471882656,dann_matched,banglasarc3_binary+ben_sarc_binary,banglasarc3_binary,1
93aa7ab3e702a390,1,1,-0.18652344,0.21582031,0.4007493592394038,0.5992506407605962,1.11045471882656,dann_matched,banglasarc3_binary+ben_sarc_binary,banglasarc3_binary,1
5d4df30470964289,0,0,1.515625,-1.546875,0.9553191297273498,0.0446808702726502,1.11045471882656,dann_matched,banglasarc3_binary+ben_sarc_binary,banglasarc3_binary,1
99413b6d85bd8b6a,1,1,-0.62890625,0.64453125,0.21866937668390204,0.7813306233160979,1.11045471882656,dann_matched,banglasarc3_binary+ben_sarc_binary,banglasarc3_binary,1
b6c18248921fce54,1,0,1.0078125,-0.80859375,0.8601343465140441,0.13986565348595606,1.11045471882656,dann_matched,banglasarc3_binary+ben_sarc_binary,banglasarc3_binary,1
1cabf2a505c66110,1,1,-0.703125,0.98828125,0.15559099407709326,0.8444090059229068,1.11045471882656,dann_matched,banglasarc3_binary+ben_sarc_binary,banglasarc3_binary,1
4e7d5694a62e5de3,1,1,-1.1328125,1.296875,0.08093670978361556,0.9190632902163844,1.11045471882656,dann_matched,banglasarc3_binary+ben_sarc_binary,banglasarc3_binary,1
27bff07ea2567aff,0,0,-0.048095703,-0.13574219,0.5218976049425239,0.4781023950574761,1.11045471882656,dann_matched,banglasarc3_binary+ben_sarc_binary,banglasarc3_binary,1
3d2b2afef8a71422,0,0,1.3828125,-1.4765625,0.9458012701768145,0.05419872982318558,1.11045471882656,dann_matched,banglasarc3_binary+ben_sarc_binary,banglasarc3_binary,1
a6b65f2d6607df8d,0,1,-0.6953125,0.6875,0.2005576797447963,0.7994423202552038,1.11045471882656,dann_matched,banglasarc3_binary+ben_sarc_binary,banglasarc3_binary,1
f2ce21fd06e6c0a1,0,0,1.359375,-1.40625,0.9407897492587141,0.05921025074128593,1.11045471882656,dann_matched,banglasarc3_binary+ben_sarc_binary,banglasarc3_binary,1
8c321d6535475133,0,0,0.42382812,-0.66796875,0.748719933847045,0.251280066152955,1.11045471882656,dann_matched,banglasarc3_binary+ben_sarc_binary,banglasarc3_binary,1
e4400f251525d858,0,0,0.74609375,-0.9921875,0.8504686206687655,0.1495313793312345,1.11045471882656,dann_matched,banglasarc3_binary+ben_sarc_binary,banglasarc3_binary,1
a2549aea9cf0feed,0,0,1.4765625,-1.8984375,0.9669140216112958,0.033085978388704126,1.11045471882656,dann_matched,banglasarc3_binary+ben_sarc_binary,banglasarc3_binary,1
208728590d99f477,0,0,1.125,-1.359375,0.9230391643039738,0.07696083569602613,1.11045471882656,dann_matched,banglasarc3_binary+ben_sarc_binary,banglasarc3_binary,1
d7aa541a5731f237,1,1,-1.109375,1.3125,0.08151975597471893,0.9184802440252811,1.11045471882656,dann_matched,banglasarc3_binary+ben_sarc_binary,banglasarc3_binary,1
72d9d0c152014fd4,1,1,-0.890625,1.109375,0.11920292202211755,0.8807970779778823,1.11045471882656,dann_matched,banglasarc3_binary+ben_sarc_binary,banglasarc3_binary,1
8dc4677cf180080c,0,0,0.640625,-0.66796875,0.7872777442252712,0.21272225577472892,1.11045471882656,dann_matched,banglasarc3_binary+ben_sarc_binary,banglasarc3_binary,1
326478b91e0a83b6,0,0,0.703125,-0.94140625,0.8381505627344117,0.16184943726558834,1.11045471882656,dann_matched,banglasarc3_binary+ben_sarc_binary,banglasarc3_binary,1
38972718ea06dcda,0,0,1.0078125,-0.92578125,0.8736466603593868,0.12635333964061335,1.11045471882656,dann_matched,banglasarc3_binary+ben_sarc_binary,banglasarc3_binary,1
7bb95f4327f97619,0,1,0.12060547,0.1875,0.4832826007498846,0.5167173992501154,1.11045471882656,dann_matched,banglasarc3_binary+ben_sarc_binary,banglasarc3_binary,1
b5430ac62bc817b3,0,1,-0.78125,1.125,0.12940273159163906,0.870597268408361,1.11045471882656,dann_matched,banglasarc3_binary+ben_sarc_binary,banglasarc3_binary,1
7745aafd0a592886,0,0,0.41210938,-0.32226562,0.6757646010190476,0.32423539898095244,1.11045471882656,dann_matched,banglasarc3_binary+ben_sarc_binary,banglasarc3_binary,1
6327f9fa75cf0eb5,0,0,1.2109375,-1.28125,0.923592316649553,0.07640768335044701,1.11045471882656,dann_matched,banglasarc3_binary+ben_sarc_binary,banglasarc3_binary,1
50c0d6b40de5c934,1,1,-0.37304688,0.33398438,0.3302551569521561,0.6697448430478439,1.11045471882656,dann_matched,banglasarc3_binary+ben_sarc_binary,banglasarc3_binary,1
fa23fb1cf1fa6ce1,0,1,-1.09375,1.359375,0.07921032410902437,0.9207896758909757,1.11045471882656,dann_matched,banglasarc3_binary+ben_sarc_binary,banglasarc3_binary,1
5793d347d7491ffa,0,1,-0.77734375,1.1875,0.12294379806223382,0.8770562019377661,1.11045471882656,dann_matched,banglasarc3_binary+ben_sarc_binary,banglasarc3_binary,1
7a193a03efce7c95,0,0,0.8671875,-0.9140625,0.8558511469672594,0.14414885303274058,1.11045471882656,dann_matched,banglasarc3_binary+ben_sarc_binary,banglasarc3_binary,1
04f3d847a89bddc0,0,0,0.328125,-0.546875,0.7057850278370112,0.29421497216298875,1.11045471882656,dann_matched,banglasarc3_binary+ben_sarc_binary,banglasarc3_binary,1
79fe03d925dd23f2,1,1,-1.171875,1.5234375,0.06325052199347325,0.9367494780065266,1.11045471882656,dann_matched,banglasarc3_binary+ben_sarc_binary,banglasarc3_binary,1
56a90627c13f7482,0,1,-1.0,1.1953125,0.10017221862592252,0.8998277813740775,1.11045471882656,dann_matched,banglasarc3_binary+ben_sarc_binary,banglasarc3_binary,1
34eae78ac0856b44,0,0,1.0390625,-1.25,0.90796713988899,0.09203286011100995,1.11045471882656,dann_matched,banglasarc3_binary+ben_sarc_binary,banglasarc3_binary,1
e7de35f2d96d04ae,1,1,-0.7734375,0.94921875,0.15152933817982858,0.8484706618201715,1.11045471882656,dann_matched,banglasarc3_binary+ben_sarc_binary,banglasarc3_binary,1
7edb0fbf4e12f482,1,1,-1.0546875,1.0625,0.10743747660842011,0.8925625233915799,1.11045471882656,dann_matched,banglasarc3_binary+ben_sarc_binary,banglasarc3_binary,1
05b114079ca39ab2,0,0,1.3984375,-1.59375,0.9522199336364293,0.047780066363570746,1.11045471882656,dann_matched,banglasarc3_binary+ben_sarc_binary,banglasarc3_binary,1
012cf4a871450976,0,0,1.3046875,-1.4609375,0.9407897492587141,0.05921025074128593,1.11045471882656,dann_matched,banglasarc3_binary+ben_sarc_binary,banglasarc3_binary,1
974f03c115fc2171,1,0,0.24023438,-0.24609375,0.6192410517539716,0.38075894824602846,1.11045471882656,dann_matched,banglasarc3_binary+ben_sarc_binary,banglasarc3_binary,1
7d320f16846e7bf9,1,0,0.9609375,-1.015625,0.878314245362953,0.12168575463704705,1.11045471882656,dann_matched,banglasarc3_binary+ben_sarc_binary,banglasarc3_binary,1
8fd01412b63f6b5f,1,0,0.859375,-1.0,0.8652240825770433,0.1347759174229568,1.11045471882656,dann_matched,banglasarc3_binary+ben_sarc_binary,banglasarc3_binary,1
88e6fff6830ee411,0,1,-0.99609375,1.234375,0.09704755697933022,0.9029524430206697,1.11045471882656,dann_matched,banglasarc3_binary+ben_sarc_binary,banglasarc3_binary,1
018878abd62bc2c6,0,0,1.3515625,-1.8515625,0.9609517072737735,0.03904829272622638,1.11045471882656,dann_matched,banglasarc3_binary+ben_sarc_binary,banglasarc3_binary,1
f09b809925c88fc0,1,1,-0.74609375,0.87109375,0.16559311363082369,0.8344068863691763,1.11045471882656,dann_matched,banglasarc3_binary+ben_sarc_binary,banglasarc3_binary,1
bc8f433d14df5bbe,1,1,-1.2421875,1.171875,0.08210662704685086,0.9178933729531492,1.11045471882656,dann_matched,banglasarc3_binary+ben_sarc_binary,banglasarc3_binary,1
c952b7bed5795739,0,0,0.41210938,-0.45898438,0.7049732336450086,0.29502676635499137,1.11045471882656,dann_matched,banglasarc3_binary+ben_sarc_binary,banglasarc3_binary,1
90c33f63e3080a0d,0,0,0.6328125,-0.49414062,0.755276170890018,0.24472382910998208,1.11045471882656,dann_matched,banglasarc3_binary+ben_sarc_binary,banglasarc3_binary,1
1ef4973752ea4564,1,1,-1.1484375,1.3984375,0.07263670636078697,0.927363293639213,1.11045471882656,dann_matched,banglasarc3_binary+ben_sarc_binary,banglasarc3_binary,1
3f4477d5080cdfe1,0,0,0.41210938,-0.47851562,0.7090191337850932,0.29098086621490676,1.11045471882656,dann_matched,banglasarc3_binary+ben_sarc_binary,banglasarc3_binary,1
7a9c24d799805b22,0,0,0.953125,-1.140625,0.8902942261220291,0.10970577387797074,1.11045471882656,dann_matched,banglasarc3_binary+ben_sarc_binary,banglasarc3_binary,1
a53750d111a874b9,0,0,1.3046875,-1.5703125,0.9465966702001757,0.053403329799824234,1.11045471882656,dann_matched,banglasarc3_binary+ben_sarc_binary,banglasarc3_binary,1
08221e16563f5ed2,1,1,-0.390625,0.65625,0.2598256379609837,0.7401743620390163,1.11045471882656,dann_matched,banglasarc3_binary+ben_sarc_binary,banglasarc3_binary,1
a911bbedbe9083b7,1,1,-0.7578125,1.0390625,0.1422318950098963,0.8577681049901036,1.11045471882656,dann_matched,banglasarc3_binary+ben_sarc_binary,banglasarc3_binary,1
79af8e8606e24621,0,0,0.86328125,-0.578125,0.8086723228520697,0.19132767714793028,1.11045471882656,dann_matched,banglasarc3_binary+ben_sarc_binary,banglasarc3_binary,1
725ab0037339d5f4,1,1,-0.45898438,0.66796875,0.24472382910998208,0.755276170890018,1.11045471882656,dann_matched,banglasarc3_binary+ben_sarc_binary,banglasarc3_binary,1
888be69f29549db6,1,1,-0.41015625,0.546875,0.2774729816308713,0.7225270183691288,1.11045471882656,dann_matched,banglasarc3_binary+ben_sarc_binary,banglasarc3_binary,1
74ead3cc3b9dcc3e,0,1,-0.08203125,0.083984375,0.4585911565003855,0.5414088434996145,1.11045471882656,dann_matched,banglasarc3_binary+ben_sarc_binary,banglasarc3_binary,1
70a0b9c4daba4b62,1,0,0.08154297,-0.13476562,0.55386727721227,0.4461327227877301,1.11045471882656,dann_matched,banglasarc3_binary+ben_sarc_binary,banglasarc3_binary,1
772cd1347ab32158,0,1,-0.03466797,-0.0014038086,0.4916847266873061,0.5083152733126939,1.11045471882656,dann_matched,banglasarc3_binary+ben_sarc_binary,banglasarc3_binary,1
825abf4f5714d44e,0,0,1.015625,-1.0546875,0.8879840490799963,0.11201595092000367,1.11045471882656,dann_matched,banglasarc3_binary+ben_sarc_binary,banglasarc3_binary,1
f6d2b8f0fd5630a5,1,1,-0.47070312,0.74609375,0.22850063225115835,0.7714993677488416,1.11045471882656,dann_matched,banglasarc3_binary+ben_sarc_binary,banglasarc3_binary,1
070eb74aab3e9b16,0,0,1.1015625,-1.2421875,0.9124361604769414,0.08756383952305867,1.11045471882656,dann_matched,banglasarc3_binary+ben_sarc_binary,banglasarc3_binary,1
ccdd5f5935aa5c08,0,1,-1.1640625,1.328125,0.07640768335044701,0.923592316649553,1.11045471882656,dann_matched,banglasarc3_binary+ben_sarc_binary,banglasarc3_binary,1
ff8b8a0023de988a,1,1,-0.42773438,0.74609375,0.23616372986522194,0.7638362701347781,1.11045471882656,dann_matched,banglasarc3_binary+ben_sarc_binary,banglasarc3_binary,1
955c6c4b3c56526f,0,1,-0.546875,0.8828125,0.19314738002256465,0.8068526199774353,1.11045471882656,dann_matched,banglasarc3_binary+ben_sarc_binary,banglasarc3_binary,1
3c7f74408087c581,0,0,0.56640625,-0.8515625,0.8050197829785412,0.1949802170214588,1.11045471882656,dann_matched,banglasarc3_binary+ben_sarc_binary,banglasarc3_binary,1
3fd3335f6927bc03,1,0,-0.060791016,-0.13085938,0.5175099265717485,0.4824900734282514,1.11045471882656,dann_matched,banglasarc3_binary+ben_sarc_binary,banglasarc3_binary,1
6b4cf7b079c5b900,0,1,-0.5390625,0.56640625,0.24871661839211975,0.7512833816078802,1.11045471882656,dann_matched,banglasarc3_binary+ben_sarc_binary,banglasarc3_binary,1
a396d6fc294ae956,0,0,1.5625,-1.828125,0.9674102552339746,0.032589744766025344,1.11045471882656,dann_matched,banglasarc3_binary+ben_sarc_binary,banglasarc3_binary,1
acd192278c3d2499,0,0,0.9296875,-1.3671875,0.9086178969328287,0.09138210306717136,1.11045471882656,dann_matched,banglasarc3_binary+ben_sarc_binary,banglasarc3_binary,1
13e6f0fb32b886df,1,1,-0.62109375,0.65625,0.21800271531236584,0.7819972846876342,1.11045471882656,dann_matched,banglasarc3_binary+ben_sarc_binary,banglasarc3_binary,1
5139d41ec223ee1d,1,0,1.109375,-1.1484375,0.9053222982086733,0.0946777017913266,1.11045471882656,dann_matched,banglasarc3_binary+ben_sarc_binary,banglasarc3_binary,1
db25536a5ca06207,1,1,-0.83984375,0.8828125,0.15152933817982858,0.8484706618201715,1.11045471882656,dann_matched,banglasarc3_binary+ben_sarc_binary,banglasarc3_binary,1
9cf7c23f5c83e3c1,1,1,-0.96484375,1.15625,0.10706346207954626,0.8929365379204537,1.11045471882656,dann_matched,banglasarc3_binary+ben_sarc_binary,banglasarc3_binary,1
dece6cbb7ae48b4c,0,1,-1.21875,1.5390625,0.0596469429451214,0.9403530570548787,1.11045471882656,dann_matched,banglasarc3_binary+ben_sarc_binary,banglasarc3_binary,1
cc32b357f5c62cf0,1,0,0.55859375,-0.86328125,0.8056321889812553,0.19436781101874467,1.11045471882656,dann_matched,banglasarc3_binary+ben_sarc_binary,banglasarc3_binary,1
a82a7beb318bc95f,0,0,0.37695312,-0.28710938,0.6601723814146353,0.33982761858536475,1.11045471882656,dann_matched,banglasarc3_binary+ben_sarc_binary,banglasarc3_binary,1
4269510b20e3a78d,0,1,-0.07128906,0.30664062,0.40662632815136107,0.5933736718486389,1.11045471882656,dann_matched,banglasarc3_binary+ben_sarc_binary,banglasarc3_binary,1
af7a5887ba75ec02,1,0,0.099121094,0.04272461,0.5140953853528194,0.48590461464718054,1.11045471882656,dann_matched,banglasarc3_binary+ben_sarc_binary,banglasarc3_binary,1
ff7092e064f5e7f0,0,0,0.72265625,-0.5546875,0.7819972846876342,0.21800271531236584,1.11045471882656,dann_matched,banglasarc3_binary+ben_sarc_binary,banglasarc3_binary,1
bd75e40f2d1c3973,1,1,-0.73828125,1.0546875,0.1427091316026025,0.8572908683973974,1.11045471882656,dann_matched,banglasarc3_binary+ben_sarc_binary,banglasarc3_binary,1
55361b7e5b2475c1,1,1,-1.0703125,1.203125,0.09334687851957546,0.9066531214804244,1.11045471882656,dann_matched,banglasarc3_binary+ben_sarc_binary,banglasarc3_binary,1
f478ea328fe5ce48,1,1,-0.12597656,0.27539062,0.40098390276461526,0.5990160972353846,1.11045471882656,dann_matched,banglasarc3_binary+ben_sarc_binary,banglasarc3_binary,1
5a05491d31008062,0,0,0.66015625,-1.09375,0.8524448171983366,0.1475551828016634,1.11045471882656,dann_matched,banglasarc3_binary+ben_sarc_binary,banglasarc3_binary,1
ae0fcdf8d0676f03,0,0,1.2890625,-1.125,0.9178933729531492,0.08210662704685086,1.11045471882656,dann_matched,banglasarc3_binary+ben_sarc_binary,banglasarc3_binary,1
1473977d7b8985e5,0,0,1.1328125,-1.2109375,0.9124361604769414,0.08756383952305867,1.11045471882656,dann_matched,banglasarc3_binary+ben_sarc_binary,banglasarc3_binary,1
880392a54d0ebe3e,0,0,0.625,-0.8828125,0.8187367931713698,0.1812632068286302,1.11045471882656,dann_matched,banglasarc3_binary+ben_sarc_binary,banglasarc3_binary,1
a8d6ffd7233218d9,0,1,-0.69140625,0.88671875,0.17106119167858438,0.8289388083214156,1.11045471882656,dann_matched,banglasarc3_binary+ben_sarc_binary,banglasarc3_binary,1
532a79af0df6317b,1,1,-1.1796875,1.375,0.07211220541293051,0.9278877945870695,1.11045471882656,dann_matched,banglasarc3_binary+ben_sarc_binary,banglasarc3_binary,1
e67ce7d008308e4f,1,0,0.84765625,-0.90234375,0.8519528019683106,0.1480471980316895,1.11045471882656,dann_matched,banglasarc3_binary+ben_sarc_binary,banglasarc3_binary,1
d7578006b9f26c23,1,0,0.43164062,-0.66796875,0.7501869070811205,0.24981309291887951,1.11045471882656,dann_matched,banglasarc3_binary+ben_sarc_binary,banglasarc3_binary,1
714a136f278f7f6d,1,0,0.016601562,-0.096191406,0.5281683847395106,0.4718316152604894,1.11045471882656,dann_matched,banglasarc3_binary+ben_sarc_binary,banglasarc3_binary,1
cb7574a7cdfb2600,0,1,-1.0546875,1.140625,0.10017221862592252,0.8998277813740775,1.11045471882656,dann_matched,banglasarc3_binary+ben_sarc_binary,banglasarc3_binary,1
539200a378d20681,0,1,-0.19238281,-0.072265625,0.4700067566791057,0.5299932433208944,1.11045471882656,dann_matched,banglasarc3_binary+ben_sarc_binary,banglasarc3_binary,1
9d4e9c774780337b,1,0,0.5546875,-0.8125,0.7969253718105298,0.2030746281894702,1.11045471882656,dann_matched,banglasarc3_binary+ben_sarc_binary,banglasarc3_binary,1
d19183e0c68495fe,0,1,-0.24902344,0.26757812,0.37364724479893485,0.626352755201065,1.11045471882656,dann_matched,banglasarc3_binary+ben_sarc_binary,banglasarc3_binary,1
e727d555b9906254,0,0,0.7109375,-1.015625,0.8489721980074492,0.15102780199255098,1.11045471882656,dann_matched,banglasarc3_binary+ben_sarc_binary,banglasarc3_binary,1
560326443dd5a61f,1,1,-0.5078125,0.27148438,0.31447144537827953,0.6855285546217205,1.11045471882656,dann_matched,banglasarc3_binary+ben_sarc_binary,banglasarc3_binary,1
3a356b90dc52db7a,0,1,-0.88671875,1.140625,0.1163617640229368,0.8836382359770631,1.11045471882656,dann_matched,banglasarc3_binary+ben_sarc_binary,banglasarc3_binary,1
10315d34cdace8c1,0,1,-0.796875,0.8984375,0.15507847160659358,0.8449215283934065,1.11045471882656,dann_matched,banglasarc3_binary+ben_sarc_binary,banglasarc3_binary,1
5b040037fd3ecdae,1,1,-0.6796875,0.77734375,0.18892180778557252,0.8110781922144276,1.11045471882656,dann_matched,banglasarc3_binary+ben_sarc_binary,banglasarc3_binary,1
586f5d207285bf27,0,0,0.48828125,-0.5703125,0.7424217173984088,0.25757828260159127,1.11045471882656,dann_matched,banglasarc3_binary+ben_sarc_binary,banglasarc3_binary,1
11319ec3cf94ef20,0,0,1.359375,-1.7109375,0.9556514186046017,0.04434858139539836,1.11045471882656,dann_matched,banglasarc3_binary+ben_sarc_binary,banglasarc3_binary,1
69fbdf73ddc7be78,1,1,-0.90234375,1.2421875,0.10484336403025446,0.8951566359697456,1.11045471882656,dann_matched,banglasarc3_binary+ben_sarc_binary,banglasarc3_binary,1
757ab3d1fca46e3c,1,1,-0.79296875,1.015625,0.14080816966793647,0.8591918303320635,1.11045471882656,dann_matched,banglasarc3_binary+ben_sarc_binary,banglasarc3_binary,1
a39c5cc8dcf7f753,0,0,1.5390625,-1.5390625,0.9559813501370537,0.04401864986294638,1.11045471882656,dann_matched,banglasarc3_binary+ben_sarc_binary,banglasarc3_binary,1
ba0d8b695ca6ef05,0,1,-0.34179688,0.5625,0.28816828925354526,0.7118317107464548,1.11045471882656,dann_matched,banglasarc3_binary+ben_sarc_binary,banglasarc3_binary,1
7e976976fd12e611,0,0,0.45507812,-0.515625,0.725259623330965,0.27474037666903506,1.11045471882656,dann_matched,banglasarc3_binary+ben_sarc_binary,banglasarc3_binary,1
177bf85b5ddcbb0b,1,1,-0.28125,0.484375,0.31742626558767584,0.682573734412324,1.11045471882656,dann_matched,banglasarc3_binary+ben_sarc_binary,banglasarc3_binary,1
6d78d071878ac3d1,1,1,-0.115722656,0.5,0.35075489046863007,0.6492451095313699,1.11045471882656,dann_matched,banglasarc3_binary+ben_sarc_binary,banglasarc3_binary,1
c85c38b6528754b8,1,0,0.2578125,-0.16796875,0.6048658212215559,0.3951341787784442,1.11045471882656,dann_matched,banglasarc3_binary+ben_sarc_binary,banglasarc3_binary,1
90dbb76ac473a400,1,1,-0.953125,0.90625,0.1347759174229568,0.8652240825770433,1.11045471882656,dann_matched,banglasarc3_binary+ben_sarc_binary,banglasarc3_binary,1
63c48593140100b8,0,0,1.046875,-1.4296875,0.9224823435231172,0.07751765647688268,1.11045471882656,dann_matched,banglasarc3_binary+ben_sarc_binary,banglasarc3_binary,1
aff3807e81a949e8,0,0,1.4453125,-1.6484375,0.9566342012360932,0.04336579876390677,1.11045471882656,dann_matched,banglasarc3_binary+ben_sarc_binary,banglasarc3_binary,1
2a1a90955017061c,1,1,-0.52734375,0.58984375,0.24653334600973575,0.7534666539902642,1.11045471882656,dann_matched,banglasarc3_binary+ben_sarc_binary,banglasarc3_binary,1
8ba3ce83e1b38636,0,0,1.109375,-1.1875,0.9086178969328287,0.09138210306717136,1.11045471882656,dann_matched,banglasarc3_binary+ben_sarc_binary,banglasarc3_binary,1
b6a150e585a90815,1,0,0.14746094,-0.56640625,0.6712551030903045,0.3287448969096955,1.11045471882656,dann_matched,banglasarc3_binary+ben_sarc_binary,banglasarc3_binary,1
e7f847b226aac07c,0,0,1.046875,-1.1015625,0.8955226768697631,0.10447732313023693,1.11045471882656,dann_matched,banglasarc3_binary+ben_sarc_binary,banglasarc3_binary,1
dddd46a1f7d0d0f0,1,1,-0.76171875,0.8984375,0.15974102335538914,0.8402589766446108,1.11045471882656,dann_matched,banglasarc3_binary+ben_sarc_binary,banglasarc3_binary,1
1bffdb75712cd569,0,1,-0.6640625,0.578125,0.2240554492316947,0.7759445507683053,1.11045471882656,dann_matched,banglasarc3_binary+ben_sarc_binary,banglasarc3_binary,1
2ab62d60d1d4472e,1,1,-0.11279297,0.099609375,0.44709815250354434,0.5529018474964557,1.11045471882656,dann_matched,banglasarc3_binary+ben_sarc_binary,banglasarc3_binary,1
8fc93f04e6590154,1,1,-0.8046875,0.89453125,0.15456732837004417,0.8454326716299558,1.11045471882656,dann_matched,banglasarc3_binary+ben_sarc_binary,banglasarc3_binary,1
86de20b950da2d3c,0,1,-1.0703125,1.28125,0.08694165672789168,0.9130583432721083,1.11045471882656,dann_matched,banglasarc3_binary+ben_sarc_binary,banglasarc3_binary,1
5621eac1c37b8431,0,0,0.31835938,-0.6953125,0.7337381259657038,0.2662618740342962,1.11045471882656,dann_matched,banglasarc3_binary+ben_sarc_binary,banglasarc3_binary,1
837aaea86232ce70,1,1,-0.890625,1.2578125,0.10447732313023693,0.8955226768697631,1.11045471882656,dann_matched,banglasarc3_binary+ben_sarc_binary,banglasarc3_binary,1
f99f7e89824b6612,0,0,1.4296875,-1.59375,0.953621794005189,0.046378205994811086,1.11045471882656,dann_matched,banglasarc3_binary+ben_sarc_binary,banglasarc3_binary,1
f398263b812de4fc,0,0,0.44921875,-0.79296875,0.7759445507683053,0.2240554492316947,1.11045471882656,dann_matched,banglasarc3_binary+ben_sarc_binary,banglasarc3_binary,1
f933964e1386abbc,1,0,0.58203125,-0.82421875,0.8031737963569016,0.1968262036430985,1.11045471882656,dann_matched,banglasarc3_binary+ben_sarc_binary,banglasarc3_binary,1
29429b72289fcd40,0,1,-0.9765625,0.953125,0.126785173178859,0.8732148268211409,1.11045471882656,dann_matched,banglasarc3_binary+ben_sarc_binary,banglasarc3_binary,1
065cb8d51b12f79a,0,0,0.25,-0.052490234,0.5750511621578978,0.42494883784210224,1.11045471882656,dann_matched,banglasarc3_binary+ben_sarc_binary,banglasarc3_binary,1
238ed849caf48da2,0,0,0.578125,-0.70703125,0.7833262058913498,0.21667379410865026,1.11045471882656,dann_matched,banglasarc3_binary+ben_sarc_binary,banglasarc3_binary,1
e6879d34059ffd78,1,0,0.234375,-0.3046875,0.6315943044052867,0.3684056955947133,1.11045471882656,dann_matched,banglasarc3_binary+ben_sarc_binary,banglasarc3_binary,1
e1920815e63fd77c,1,1,-1.1796875,1.2265625,0.08269734267503885,0.9173026573249612,1.11045471882656,dann_matched,banglasarc3_binary+ben_sarc_binary,banglasarc3_binary,1
9d6102939ae27963,1,1,-0.46875,0.79296875,0.22067816087759426,0.7793218391224057,1.11045471882656,dann_matched,banglasarc3_binary+ben_sarc_binary,banglasarc3_binary,1
7cf8d62bc548f981,1,1,-0.90234375,0.97265625,0.13296424019782924,0.8670357598021706,1.11045471882656,dann_matched,banglasarc3_binary+ben_sarc_binary,banglasarc3_binary,1
3dedb7824bbf60be,0,1,-1.1796875,1.375,0.07211220541293051,0.9278877945870695,1.11045471882656,dann_matched,banglasarc3_binary+ben_sarc_binary,banglasarc3_binary,1
7168d49fd7747b74,0,0,1.1171875,-1.3125,0.9190632902163844,0.08093670978361556,1.11045471882656,dann_matched,banglasarc3_binary+ben_sarc_binary,banglasarc3_binary,1
85cf586fc25418e3,0,1,-0.34960938,0.296875,0.34378221211773596,0.656217787882264,1.11045471882656,dann_matched,banglasarc3_binary+ben_sarc_binary,banglasarc3_binary,1
b4853c23f7a9f71d,0,1,-0.06982422,0.060058594,0.4675748671671171,0.5324251328328828,1.11045471882656,dann_matched,banglasarc3_binary+ben_sarc_binary,banglasarc3_binary,1
b577521aba23e9a6,1,0,0.71875,-0.796875,0.8198933359135361,0.18010666408646395,1.11045471882656,dann_matched,banglasarc3_binary+ben_sarc_binary,banglasarc3_binary,1
43913a364404a6b7,1,0,0.15039062,-0.15722656,0.5763035373315455,0.4236964626684544,1.11045471882656,dann_matched,banglasarc3_binary+ben_sarc_binary,banglasarc3_binary,1
98595080b20ded8e,0,1,-0.98828125,1.0546875,0.1147647802656337,0.8852352197343663,1.11045471882656,dann_matched,banglasarc3_binary+ben_sarc_binary,banglasarc3_binary,1
e8908d5a70ac67f7,0,0,1.265625,-1.5234375,0.9420819125605256,0.05791808743947446,1.11045471882656,dann_matched,banglasarc3_binary+ben_sarc_binary,banglasarc3_binary,1
a92f9901130b2155,0,0,0.16503906,-0.6328125,0.6895147220409511,0.310485277959049,1.11045471882656,dann_matched,banglasarc3_binary+ben_sarc_binary,banglasarc3_binary,1
7d6de967d264bd85,0,0,0.19726562,-0.32421875,0.6274947972732956,0.37250520272670445,1.11045471882656,dann_matched,banglasarc3_binary+ben_sarc_binary,banglasarc3_binary,1
9837a43eab10dddf,1,1,-1.1875,1.46875,0.06560483745906928,0.9343951625409306,1.11045471882656,dann_matched,banglasarc3_binary+ben_sarc_binary,banglasarc3_binary,1
65319c5414a8306a,0,1,0.12988281,0.3828125,0.43710253501353014,0.5628974649864699,1.11045471882656,dann_matched,banglasarc3_binary+ben_sarc_binary,banglasarc3_binary,1
fade48daf673b1f8,0,0,1.3125,-1.734375,0.9546474194456936,0.04535258055430642,1.11045471882656,dann_matched,banglasarc3_binary+ben_sarc_binary,banglasarc3_binary,1
866873fff24113c0,1,1,-0.82421875,1.0859375,0.12896329929010264,0.8710367007098975,1.11045471882656,dann_matched,banglasarc3_binary+ben_sarc_binary,banglasarc3_binary,1
e3cc36cc8d198224,0,1,-1.1875,1.125,0.09009299396195182,0.9099070060380482,1.11045471882656,dann_matched,banglasarc3_binary+ben_sarc_binary,banglasarc3_binary,1
89c21dd6d937eaff,1,1,-0.56640625,0.51953125,0.2523840452764101,0.74761595472359,1.11045471882656,dann_matched,banglasarc3_binary+ben_sarc_binary,banglasarc3_binary,1
4b6f29550988601b,0,0,1.765625,-2.015625,0.9777138144607745,0.022286185539225494,1.11045471882656,dann_matched,banglasarc3_binary+ben_sarc_binary,banglasarc3_binary,1
d975dd69c2f72afd,1,1,-0.90625,1.15625,0.11279540628289324,0.8872045937171068,1.11045471882656,dann_matched,banglasarc3_binary+ben_sarc_binary,banglasarc3_binary,1
877fb7d4cf62f178,1,1,-0.78515625,0.99609375,0.14414885303274058,0.8558511469672594,1.11045471882656,dann_matched,banglasarc3_binary+ben_sarc_binary,banglasarc3_binary,1
8e7741f5f6607b4c,1,1,-0.80078125,0.99609375,0.1422318950098963,0.8577681049901036,1.11045471882656,dann_matched,banglasarc3_binary+ben_sarc_binary,banglasarc3_binary,1
0892c4bec7f40ca2,1,1,-1.171875,1.4375,0.06853749303199023,0.9314625069680097,1.11045471882656,dann_matched,banglasarc3_binary+ben_sarc_binary,banglasarc3_binary,1
a2b22017bfba6565,1,1,-0.84765625,1.1015625,0.12463857053608371,0.8753614294639163,1.11045471882656,dann_matched,banglasarc3_binary+ben_sarc_binary,banglasarc3_binary,1
f5daae7220a90010,0,0,0.80859375,-0.9296875,0.8504686206687655,0.1495313793312345,1.11045471882656,dann_matched,banglasarc3_binary+ben_sarc_binary,banglasarc3_binary,1
0f083853e0116694,1,1,-1.03125,1.1171875,0.10447732313023693,0.8955226768697631,1.11045471882656,dann_matched,banglasarc3_binary+ben_sarc_binary,banglasarc3_binary,1
40768fb2acdaf890,0,0,0.47070312,-0.73828125,0.7701191965741129,0.22988080342588704,1.11045471882656,dann_matched,banglasarc3_binary+ben_sarc_binary,banglasarc3_binary,1
d61c45eabc68eb9b,0,1,-0.58203125,0.65625,0.2247353007352621,0.775264699264738,1.11045471882656,dann_matched,banglasarc3_binary+ben_sarc_binary,banglasarc3_binary,1
f8966d9f2ebf8a15,1,1,-1.046875,1.375,0.08151975597471893,0.9184802440252811,1.11045471882656,dann_matched,banglasarc3_binary+ben_sarc_binary,banglasarc3_binary,1
3a91532d913e2c4b,0,0,1.3828125,-1.65625,0.9543079676184154,0.04569203238158463,1.11045471882656,dann_matched,banglasarc3_binary+ben_sarc_binary,banglasarc3_binary,1
701ed1e21508a181,0,0,0.5546875,-0.3984375,0.7217432062975979,0.2782567937024021,1.11045471882656,dann_matched,banglasarc3_binary+ben_sarc_binary,banglasarc3_binary,1
b4b9460c57fb2ff8,1,1,-0.30859375,0.61328125,0.28457600421652673,0.7154239957834733,1.11045471882656,dann_matched,banglasarc3_binary+ben_sarc_binary,banglasarc3_binary,1
f6ef35c40454d8a9,1,1,-0.83984375,1.046875,0.13161904835577012,0.8683809516442299,1.11045471882656,dann_matched,banglasarc3_binary+ben_sarc_binary,banglasarc3_binary,1
c749254818a2beb4,1,1,-0.359375,0.59375,0.2782567937024021,0.7217432062975979,1.11045471882656,dann_matched,banglasarc3_binary+ben_sarc_binary,banglasarc3_binary,1
a8d95df3867755d7,1,1,-0.08300781,0.15820312,0.43998795583500727,0.5600120441649928,1.11045471882656,dann_matched,banglasarc3_binary+ben_sarc_binary,banglasarc3_binary,1
fb125052de8613ad,1,1,-0.75,0.9921875,0.14903529447863062,0.8509647055213694,1.11045471882656,dann_matched,banglasarc3_binary+ben_sarc_binary,banglasarc3_binary,1
09a2cced4bee49f7,1,1,-0.46875,0.61328125,0.2531218139565015,0.7468781860434985,1.11045471882656,dann_matched,banglasarc3_binary+ben_sarc_binary,banglasarc3_binary,1
8a83d3da7699811c,0,0,0.375,-0.27148438,0.656217787882264,0.34378221211773596,1.11045471882656,dann_matched,banglasarc3_binary+ben_sarc_binary,banglasarc3_binary,1
3964424aa0d49a56,0,0,0.87109375,-1.03125,0.870156561979502,0.12984343802049797,1.11045471882656,dann_matched,banglasarc3_binary+ben_sarc_binary,banglasarc3_binary,1
0fa27d4578133779,1,1,0.068359375,0.16601562,0.4756053215677601,0.5243946784322399,1.11045471882656,dann_matched,banglasarc3_binary+ben_sarc_binary,banglasarc3_binary,1
2a782f9195e8bf56,0,1,-1.0234375,1.28125,0.09073548763985106,0.909264512360149,1.11045471882656,dann_matched,banglasarc3_binary+ben_sarc_binary,banglasarc3_binary,1
ce572474de1b6dd4,1,1,-0.234375,0.29492188,0.37068089570080504,0.629319104299195,1.11045471882656,dann_matched,banglasarc3_binary+ben_sarc_binary,banglasarc3_binary,1
2b921d548ea4c4df,1,1,-1.015625,1.4296875,0.079782013464093,0.9202179865359069,1.11045471882656,dann_matched,banglasarc3_binary+ben_sarc_binary,banglasarc3_binary,1
8a3dac5169c757dc,1,1,-0.76171875,0.76171875,0.1789558876900955,0.8210441123099046,1.11045471882656,dann_matched,banglasarc3_binary+ben_sarc_binary,banglasarc3_binary,1
1dc83e50f7da3618,0,0,0.61328125,-0.765625,0.79881528176072,0.20118471823927994,1.11045471882656,dann_matched,banglasarc3_binary+ben_sarc_binary,banglasarc3_binary,1
43e4c5caf8ccf8d9,1,0,0.38476562,-0.38671875,0.6838419063501675,0.31615809364983244,1.11045471882656,dann_matched,banglasarc3_binary+ben_sarc_binary,banglasarc3_binary,1
c768491a2e849a34,1,1,-0.3515625,0.578125,0.28298811828270554,0.7170118817172945,1.11045471882656,dann_matched,banglasarc3_binary+ben_sarc_binary,banglasarc3_binary,1
d9b9d06a13c83be0,0,0,0.5,-0.6171875,0.7534666539902642,0.24653334600973575,1.11045471882656,dann_matched,banglasarc3_binary+ben_sarc_binary,banglasarc3_binary,1
6bac0560c62a5092,1,1,-0.54296875,0.65234375,0.23231014609688014,0.76768985390312,1.11045471882656,dann_matched,banglasarc3_binary+ben_sarc_binary,banglasarc3_binary,1
77eefbc8cad52155,0,0,0.609375,-1.1015625,0.8469578427551038,0.15304215724489628,1.11045471882656,dann_matched,banglasarc3_binary+ben_sarc_binary,banglasarc3_binary,1
61341c4de44d2405,1,1,-0.640625,0.6484375,0.21601153469447487,0.7839884653055251,1.11045471882656,dann_matched,banglasarc3_binary+ben_sarc_binary,banglasarc3_binary,1
cd6e8a914163a6ff,0,1,-0.0087890625,-0.0044555664,0.4989166276719664,0.5010833723280336,1.11045471882656,dann_matched,banglasarc3_binary+ben_sarc_binary,banglasarc3_binary,1
81087120efb6f7bd,0,0,0.6328125,-0.76171875,0.8013146462095748,0.1986853537904252,1.11045471882656,dann_matched,banglasarc3_binary+ben_sarc_binary,banglasarc3_binary,1
467d95865670a7c7,0,1,-0.6328125,0.7265625,0.20434189993684582,0.7956581000631541,1.11045471882656,dann_matched,banglasarc3_binary+ben_sarc_binary,banglasarc3_binary,1
a061508d9f7523b5,1,0,1.453125,-1.53125,0.9518632288833652,0.04813677111663481,1.11045471882656,dann_matched,banglasarc3_binary+ben_sarc_binary,banglasarc3_binary,1
cf0096f6a70cc1c1,1,1,-1.125,1.484375,0.06853749303199023,0.9314625069680097,1.11045471882656,dann_matched,banglasarc3_binary+ben_sarc_binary,banglasarc3_binary,1
2038f5084e716133,0,1,-0.32617188,0.61328125,0.28101082202015076,0.7189891779798493,1.11045471882656,dann_matched,banglasarc3_binary+ben_sarc_binary,banglasarc3_binary,1
40e021231f9b1641,0,0,1.328125,-1.765625,0.9566342012360932,0.04336579876390677,1.11045471882656,dann_matched,banglasarc3_binary+ben_sarc_binary,banglasarc3_binary,1
2416d3cb16cd9c24,1,1,-1.234375,1.4296875,0.0651275468396235,0.9348724531603766,1.11045471882656,dann_matched,banglasarc3_binary+ben_sarc_binary,banglasarc3_binary,1
c8d7de7cf70fcf2b,0,1,-0.3828125,0.34960938,0.324663488782487,0.675336511217513,1.11045471882656,dann_matched,banglasarc3_binary+ben_sarc_binary,banglasarc3_binary,1
f6314ebda0e9b467,1,1,-0.40820312,0.47460938,0.292595299011739,0.7074047009882609,1.11045471882656,dann_matched,banglasarc3_binary+ben_sarc_binary,banglasarc3_binary,1
6062c09c444e211f,1,0,-0.016235352,-0.1484375,0.5330024846139865,0.46699751538601353,1.11045471882656,dann_matched,banglasarc3_binary+ben_sarc_binary,banglasarc3_binary,1
4adaf7a44c6d430f,1,0,0.25390625,0.017333984,0.5588687659085206,0.4411312340914793,1.11045471882656,dann_matched,banglasarc3_binary+ben_sarc_binary,banglasarc3_binary,1
a5bb573405980a25,1,1,-1.1640625,1.2578125,0.08151975597471893,0.9184802440252811,1.11045471882656,dann_matched,banglasarc3_binary+ben_sarc_binary,banglasarc3_binary,1
44fc54763842d3f4,1,1,-1.1640625,1.390625,0.07211220541293051,0.9278877945870695,1.11045471882656,dann_matched,banglasarc3_binary+ben_sarc_binary,banglasarc3_binary,1
64ad5df98a085346,0,0,0.2734375,-0.25976562,0.6302298796590904,0.36977012034090956,1.11045471882656,dann_matched,banglasarc3_binary+ben_sarc_binary,banglasarc3_binary,1
d3b2db834378679a,0,0,1.0234375,-1.4453125,0.9219218348550491,0.07807816514495095,1.11045471882656,dann_matched,banglasarc3_binary+ben_sarc_binary,banglasarc3_binary,1
411964e4c9aadb31,0,0,-0.0021972656,-0.11035156,0.5270122483693945,0.4729877516306055,1.11045471882656,dann_matched,banglasarc3_binary+ben_sarc_binary,banglasarc3_binary,1
9d3774289ff1c6b7,1,1,-1.015625,1.21875,0.09670579329612154,0.9032942067038784,1.11045471882656,dann_matched,banglasarc3_binary+ben_sarc_binary,banglasarc3_binary,1
7799f6cae337598c,0,1,-0.49414062,0.38867188,0.292595299011739,0.7074047009882609,1.11045471882656,dann_matched,banglasarc3_binary+ben_sarc_binary,banglasarc3_binary,1
211c6d38bfbe7b02,0,0,0.5390625,-0.17382812,0.6710395673640173,0.32896043263598285,1.11045471882656,dann_matched,banglasarc3_binary+ben_sarc_binary,banglasarc3_binary,1
3cff9f15c3baf42c,1,0,0.19726562,0.045654297,0.5378303956704948,0.46216960432950505,1.11045471882656,dann_matched,banglasarc3_binary+ben_sarc_binary,banglasarc3_binary,1
9c18cf645a2b92f4,1,1,-0.6015625,0.953125,0.17441027833079015,0.8255897216692099,1.11045471882656,dann_matched,banglasarc3_binary+ben_sarc_binary,banglasarc3_binary,1
0b45893ebd275e93,0,0,0.81640625,-1.265625,0.8891444050747391,0.11085559492526088,1.11045471882656,dann_matched,banglasarc3_binary+ben_sarc_binary,banglasarc3_binary,1
e5026d6cb3802c30,1,1,-0.93359375,1.25,0.10123348070699793,0.8987665192930021,1.11045471882656,dann_matched,banglasarc3_binary+ben_sarc_binary,banglasarc3_binary,1
6aaf9704fc1bdef0,0,1,-0.07421875,0.35546875,0.3942009561511044,0.6057990438488957,1.11045471882656,dann_matched,banglasarc3_binary+ben_sarc_binary,banglasarc3_binary,1
81a1f43037e1cac1,1,1,-1.0,1.265625,0.09401017961657226,0.9059898203834277,1.11045471882656,dann_matched,banglasarc3_binary+ben_sarc_binary,banglasarc3_binary,1
7fb0bd6317330d4d,1,0,0.6796875,-0.8828125,0.8267117940706734,0.17328820592932656,1.11045471882656,dann_matched,banglasarc3_binary+ben_sarc_binary,banglasarc3_binary,1
02520a874eae112e,1,1,-0.28320312,0.15332031,0.3925696755692437,0.6074303244307563,1.11045471882656,dann_matched,banglasarc3_binary+ben_sarc_binary,banglasarc3_binary,1
a5ce9ddbfc286430,0,1,-1.0078125,1.046875,0.11357959169117389,0.8864204083088262,1.11045471882656,dann_matched,banglasarc3_binary+ben_sarc_binary,banglasarc3_binary,1
f0dad52b23c7b1b2,0,0,0.98828125,-1.40625,0.9164093322460585,0.08359066775394157,1.11045471882656,dann_matched,banglasarc3_binary+ben_sarc_binary,banglasarc3_binary,1
552cb5e4af89f7b4,1,0,0.5078125,-0.86328125,0.7975568078599278,0.20244319214007214,1.11045471882656,dann_matched,banglasarc3_binary+ben_sarc_binary,banglasarc3_binary,1
5943a521e3945c92,0,0,0.2734375,-0.59765625,0.7049732336450086,0.29502676635499137,1.11045471882656,dann_matched,banglasarc3_binary+ben_sarc_binary,banglasarc3_binary,1
ae9b18fb7ff57a4e,1,1,-0.80078125,0.95703125,0.14706452045904778,0.8529354795409523,1.11045471882656,dann_matched,banglasarc3_binary+ben_sarc_binary,banglasarc3_binary,1
ff80e0cbcd7c1782,0,0,1.125,-1.1640625,0.90796713988899,0.09203286011100995,1.11045471882656,dann_matched,banglasarc3_binary+ben_sarc_binary,banglasarc3_binary,1
f1314c540d6527e9,0,0,1.5234375,-1.5703125,0.9566342012360932,0.04336579876390677,1.11045471882656,dann_matched,banglasarc3_binary+ben_sarc_binary,banglasarc3_binary,1
fac42c7ed54d77d8,0,1,-0.61328125,0.66015625,0.21866937668390204,0.7813306233160979,1.11045471882656,dann_matched,banglasarc3_binary+ben_sarc_binary,banglasarc3_binary,1
8658527a6a2a33bf,0,0,0.43359375,-0.36132812,0.6888871743462827,0.31111282565371734,1.11045471882656,dann_matched,banglasarc3_binary+ben_sarc_binary,banglasarc3_binary,1
67575dc5c930b3d1,0,1,-0.05078125,0.17089844,0.4448059216326639,0.5551940783673361,1.11045471882656,dann_matched,banglasarc3_binary+ben_sarc_binary,banglasarc3_binary,1
ad380f5058befbd4,1,1,-0.5546875,0.984375,0.17667160102063317,0.8233283989793668,1.11045471882656,dann_matched,banglasarc3_binary+ben_sarc_binary,banglasarc3_binary,1
392a0ef4d44c3c73,1,1,-0.3515625,0.50390625,0.2982869221861587,0.7017130778138413,1.11045471882656,dann_matched,banglasarc3_binary+ben_sarc_binary,banglasarc3_binary,1
d6bafb1cda6b4f80,1,1,-0.99609375,1.3671875,0.08601588131710575,0.9139841186828943,1.11045471882656,dann_matched,banglasarc3_binary+ben_sarc_binary,banglasarc3_binary,1
809d83f7454be9cd,1,1,-0.39257812,0.57421875,0.2755194131298318,0.7244805868701683,1.11045471882656,dann_matched,banglasarc3_binary+ben_sarc_binary,banglasarc3_binary,1
a7ecaf79eb5d5fb9,1,1,-0.9296875,1.1328125,0.11279540628289324,0.8872045937171068,1.11045471882656,dann_matched,banglasarc3_binary+ben_sarc_binary,banglasarc3_binary,1
16902334d4aac003,0,1,-0.16699219,0.040283203,0.4483658835295335,0.5516341164704666,1.11045471882656,dann_matched,banglasarc3_binary+ben_sarc_binary,banglasarc3_binary,1
051f1b25aad139f0,1,1,-0.24902344,0.5625,0.3075659554464284,0.6924340445535716,1.11045471882656,dann_matched,banglasarc3_binary+ben_sarc_binary,banglasarc3_binary,1
74628967f465b267,0,0,0.12792969,-0.4296875,0.6359010243878394,0.36409897561216076,1.11045471882656,dann_matched,banglasarc3_binary+ben_sarc_binary,banglasarc3_binary,1
32b5e23e297c895c,1,1,-0.6171875,0.84765625,0.1877276039567854,0.8122723960432147,1.11045471882656,dann_matched,banglasarc3_binary+ben_sarc_binary,banglasarc3_binary,1
78a8f1d91019c411,0,1,-0.35351562,0.48632812,0.3015676930738543,0.6984323069261458,1.11045471882656,dann_matched,banglasarc3_binary+ben_sarc_binary,banglasarc3_binary,1
6bbdac83cbe8ed55,1,1,-0.3046875,0.18066406,0.3809892304842437,0.6190107695157563,1.11045471882656,dann_matched,banglasarc3_binary+ben_sarc_binary,banglasarc3_binary,1
505144aeff25d610,0,0,1.0,-0.9140625,0.8714748610635069,0.1285251389364931,1.11045471882656,dann_matched,banglasarc3_binary+ben_sarc_binary,banglasarc3_binary,1
514e7229ecf5d2fe,1,1,-0.98046875,1.171875,0.10411241155799623,0.8958875884420037,1.11045471882656,dann_matched,banglasarc3_binary+ben_sarc_binary,banglasarc3_binary,1
97ff4666ec5e9f65,0,0,0.5625,-0.9453125,0.8187367931713698,0.1812632068286302,1.11045471882656,dann_matched,banglasarc3_binary+ben_sarc_binary,banglasarc3_binary,1
7cb9734d271aa603,1,1,-0.22167969,0.65625,0.2936069821474395,0.7063930178525605,1.11045471882656,dann_matched,banglasarc3_binary+ben_sarc_binary,banglasarc3_binary,1
895b32d6f531e8d6,0,1,-0.75390625,1.171875,0.12721826766848623,0.8727817323315137,1.11045471882656,dann_matched,banglasarc3_binary+ben_sarc_binary,banglasarc3_binary,1
b1a4b29882b6c492,0,0,0.8203125,-0.6875,0.8187367931713698,0.1812632068286302,1.11045471882656,dann_matched,banglasarc3_binary+ben_sarc_binary,banglasarc3_binary,1
0dc4897d46949237,0,0,0.5390625,-0.72265625,0.7793218391224057,0.22067816087759426,1.11045471882656,dann_matched,banglasarc3_binary+ben_sarc_binary,banglasarc3_binary,1
c3b7103111f141a1,1,1,-0.5703125,0.7578125,0.20946968133032526,0.7905303186696747,1.11045471882656,dann_matched,banglasarc3_binary+ben_sarc_binary,banglasarc3_binary,1
ec3e49aee99d8f7a,1,1,-0.79296875,0.9921875,0.14366760868432768,0.8563323913156724,1.11045471882656,dann_matched,banglasarc3_binary+ben_sarc_binary,banglasarc3_binary,1
992c3932d484ad9a,0,1,-1.140625,1.3359375,0.07751765647688268,0.9224823435231172,1.11045471882656,dann_matched,banglasarc3_binary+ben_sarc_binary,banglasarc3_binary,1
c5bd12f82a343358,1,1,-0.71875,0.97265625,0.15559099407709326,0.8444090059229068,1.11045471882656,dann_matched,banglasarc3_binary+ben_sarc_binary,banglasarc3_binary,1
3ea7fe33caac8580,0,0,1.1796875,-0.96875,0.8955226768697631,0.10447732313023693,1.11045471882656,dann_matched,banglasarc3_binary+ben_sarc_binary,banglasarc3_binary,1
33a5e06ca430c8f1,0,0,0.41796875,-0.65234375,0.7446563401437933,0.2553436598562066,1.11045471882656,dann_matched,banglasarc3_binary+ben_sarc_binary,banglasarc3_binary,1
0e1ca87b75e07a22,0,1,-0.890625,1.0234375,0.1285251389364931,0.8714748610635069,1.11045471882656,dann_matched,banglasarc3_binary+ben_sarc_binary,banglasarc3_binary,1
d8fee321b4621b14,1,1,-0.36914062,0.50390625,0.29462070644095817,0.7053792935590418,1.11045471882656,dann_matched,banglasarc3_binary+ben_sarc_binary,banglasarc3_binary,1
00c1732e4277e2ff,1,1,-0.63671875,0.859375,0.18300885002394832,0.8169911499760516,1.11045471882656,dann_matched,banglasarc3_binary+ben_sarc_binary,banglasarc3_binary,1
fbce076f3a151066,1,1,-0.72265625,0.91015625,0.1634454411084719,0.8365545588915281,1.11045471882656,dann_matched,banglasarc3_binary+ben_sarc_binary,banglasarc3_binary,1
dbbbd3567edaaf38,0,0,0.21386719,-0.28710938,0.6226887995543804,0.37731120044561967,1.11045471882656,dann_matched,banglasarc3_binary+ben_sarc_binary,banglasarc3_binary,1
4ac1dba701f4fda5,1,1,-1.1484375,1.2109375,0.08632347658627028,0.9136765234137297,1.11045471882656,dann_matched,banglasarc3_binary+ben_sarc_binary,banglasarc3_binary,1
a13bde6d3c5bb87a,0,0,0.37109375,-0.60546875,0.7264256089751905,0.27357439102480946,1.11045471882656,dann_matched,banglasarc3_binary+ben_sarc_binary,banglasarc3_binary,1
9f92c9c63ab16ba9,1,1,-1.0625,1.09375,0.10374862686637971,0.8962513731336202,1.11045471882656,dann_matched,banglasarc3_binary+ben_sarc_binary,banglasarc3_binary,1
e70632ab44b95d37,1,0,0.546875,-0.91015625,0.8110781922144276,0.18892180778557252,1.11045471882656,dann_matched,banglasarc3_binary+ben_sarc_binary,banglasarc3_binary,1
e1e95dc7d5fd4fe7,0,1,-0.5625,0.78125,0.2068940488158881,0.7931059511841119,1.11045471882656,dann_matched,banglasarc3_binary+ben_sarc_binary,banglasarc3_binary,1
cf43563beef479bd,1,0,0.734375,-0.7421875,0.8140528050985784,0.1859471949014217,1.11045471882656,dann_matched,banglasarc3_binary+ben_sarc_binary,banglasarc3_binary,1
9f9b2bac0fb579a1,1,1,-1.078125,1.28125,0.08632347658627028,0.9136765234137297,1.11045471882656,dann_matched,banglasarc3_binary+ben_sarc_binary,banglasarc3_binary,1
64261898e8263c33,0,0,0.578125,-0.32421875,0.711430905738061,0.2885690942619391,1.11045471882656,dann_matched,banglasarc3_binary+ben_sarc_binary,banglasarc3_binary,1
2584524d390cdfab,1,1,-0.52734375,0.62109375,0.24077459577038227,0.7592254042296177,1.11045471882656,dann_matched,banglasarc3_binary+ben_sarc_binary,banglasarc3_binary,1
257a7560d1ab7c7e,0,1,-0.70703125,1.1328125,0.137069773035303,0.862930226964697,1.11045471882656,dann_matched,banglasarc3_binary+ben_sarc_binary,banglasarc3_binary,1
2f14c0092aa7ca57,1,1,-0.46679688,0.77734375,0.22371607247291164,0.7762839275270884,1.11045471882656,dann_matched,banglasarc3_binary+ben_sarc_binary,banglasarc3_binary,1
342881c8a15bad16,0,0,0.49023438,-0.921875,0.8040984342771997,0.19590156572280032,1.11045471882656,dann_matched,banglasarc3_binary+ben_sarc_binary,banglasarc3_binary,1
43f923ef5eb8a6f5,0,0,0.78125,-0.86328125,0.8381505627344117,0.16184943726558834,1.11045471882656,dann_matched,banglasarc3_binary+ben_sarc_binary,banglasarc3_binary,1
ee6f09f058aef096,1,0,0.20019531,-0.43359375,0.6533481234557105,0.3466518765442896,1.11045471882656,dann_matched,banglasarc3_binary+ben_sarc_binary,banglasarc3_binary,1
923b266511af9ccd,1,0,0.20898438,-0.45703125,0.6606104176951485,0.33938958230485144,1.11045471882656,dann_matched,banglasarc3_binary+ben_sarc_binary,banglasarc3_binary,1
405b3d840ad271a8,0,1,-0.296875,0.099609375,0.4021572988590203,0.5978427011409797,1.11045471882656,dann_matched,banglasarc3_binary+ben_sarc_binary,banglasarc3_binary,1
dab992c0f3dc01a0,0,1,-0.41992188,0.3671875,0.31278967940241514,0.6872103205975849,1.11045471882656,dann_matched,banglasarc3_binary+ben_sarc_binary,banglasarc3_binary,1
667af3eb14934a3e,0,0,1.3359375,-1.4765625,0.9433475746920261,0.05665242530797383,1.11045471882656,dann_matched,banglasarc3_binary+ben_sarc_binary,banglasarc3_binary,1
b564fa9b23515ed0,1,1,-0.890625,1.15625,0.1143685261818125,0.8856314738181876,1.11045471882656,dann_matched,banglasarc3_binary+ben_sarc_binary,banglasarc3_binary,1
66d2aff5fc2e61bc,0,0,1.5234375,-1.765625,0.9640516782107567,0.035948321789243294,1.11045471882656,dann_matched,banglasarc3_binary+ben_sarc_binary,banglasarc3_binary,1
d3a8233595cb8024,0,0,1.390625,-1.9765625,0.9666631758572982,0.03333682414270177,1.11045471882656,dann_matched,banglasarc3_binary+ben_sarc_binary,banglasarc3_binary,1
1d769f0a19572287,1,1,-0.9921875,1.0390625,0.11596071825396677,0.8840392817460332,1.11045471882656,dann_matched,banglasarc3_binary+ben_sarc_binary,banglasarc3_binary,1
3fee32aadfaf6383,0,0,1.453125,-1.5625,0.9532750413739076,0.04672495862609242,1.11045471882656,dann_matched,banglasarc3_binary+ben_sarc_binary,banglasarc3_binary,1
114b54f8ea927149,1,1,-0.3125,0.78125,0.25091278688527247,0.7490872131147275,1.11045471882656,dann_matched,banglasarc3_binary+ben_sarc_binary,banglasarc3_binary,1
f8e88475333512af,1,0,-0.059326172,-0.17675781,0.5293242190190803,0.47067578098091967,1.11045471882656,dann_matched,banglasarc3_binary+ben_sarc_binary,banglasarc3_binary,1
7a2afdf85b0e4a57,1,1,-0.12060547,0.16992188,0.4278747694917358,0.5721252305082641,1.11045471882656,dann_matched,banglasarc3_binary+ben_sarc_binary,banglasarc3_binary,1
92c430c72628f547,0,1,-0.18359375,0.41210938,0.3553273651913664,0.6446726348086337,1.11045471882656,dann_matched,banglasarc3_binary+ben_sarc_binary,banglasarc3_binary,1
26dc21d32e9a6348,1,1,-0.80859375,0.8359375,0.16184943726558834,0.8381505627344117,1.11045471882656,dann_matched,banglasarc3_binary+ben_sarc_binary,banglasarc3_binary,1
d08da382f5aa6fd6,1,1,-0.6328125,1.0546875,0.1561048974454574,0.8438951025545426,1.11045471882656,dann_matched,banglasarc3_binary+ben_sarc_binary,banglasarc3_binary,1
ff9a012f3a431db5,1,1,-0.65625,0.98828125,0.16184943726558834,0.8381505627344117,1.11045471882656,dann_matched,banglasarc3_binary+ben_sarc_binary,banglasarc3_binary,1
55386c020543c40f,1,1,-1.1796875,1.4765625,0.06560483745906928,0.9343951625409306,1.11045471882656,dann_matched,banglasarc3_binary+ben_sarc_binary,banglasarc3_binary,1
017099e7610a6f6c,1,0,0.22167969,-0.46875,0.6660625060581008,0.33393749394189914,1.11045471882656,dann_matched,banglasarc3_binary+ben_sarc_binary,banglasarc3_binary,1
f016ba0cc1c77d81,1,0,0.38476562,-0.72265625,0.7516481568828648,0.24835184311713518,1.11045471882656,dann_matched,banglasarc3_binary+ben_sarc_binary,banglasarc3_binary,1
bbbc6d295b42948d,0,0,0.83984375,-1.1796875,0.8828325306746402,0.11716746932535992,1.11045471882656,dann_matched,banglasarc3_binary+ben_sarc_binary,banglasarc3_binary,1
8a6ec5d8b3140bbc,1,1,-0.44140625,0.51953125,0.27669053102543534,0.7233094689745646,1.11045471882656,dann_matched,banglasarc3_binary+ben_sarc_binary,banglasarc3_binary,1
52f3e5cbfe71dd90,0,0,1.328125,-1.5625,0.9473810466522863,0.05261895334771377,1.11045471882656,dann_matched,banglasarc3_binary+ben_sarc_binary,banglasarc3_binary,1
6311c3f6e9111661,1,1,-0.8125,1.1640625,0.12168575463704705,0.878314245362953,1.11045471882656,dann_matched,banglasarc3_binary+ben_sarc_binary,banglasarc3_binary,1
ab531d6915b77591,1,1,-1.1953125,1.3984375,0.06954174450582809,0.9304582554941719,1.11045471882656,dann_matched,banglasarc3_binary+ben_sarc_binary,banglasarc3_binary,1
c8d4191a4c0034b0,0,1,-0.28710938,0.32617188,0.35131106427318937,0.6486889357268106,1.11045471882656,dann_matched,banglasarc3_binary+ben_sarc_binary,banglasarc3_binary,1
78f45826d9c886c2,1,1,-0.80078125,1.0,0.14175599046041915,0.8582440095395809,1.11045471882656,dann_matched,banglasarc3_binary+ben_sarc_binary,banglasarc3_binary,1
f5080918cb703e26,1,1,-0.95703125,1.09375,0.1139734641137174,0.8860265358862826,1.11045471882656,dann_matched,banglasarc3_binary+ben_sarc_binary,banglasarc3_binary,1
50855678cee37752,0,0,0.67578125,-1.234375,0.8710367007098975,0.12896329929010264,1.11045471882656,dann_matched,banglasarc3_binary+ben_sarc_binary,banglasarc3_binary,1
0e861cdeb8d4ab68,1,1,-1.1640625,1.5,0.0651275468396235,0.9348724531603766,1.11045471882656,dann_matched,banglasarc3_binary+ben_sarc_binary,banglasarc3_binary,1
6aa0691388dde3ef,0,0,0.84375,-0.953125,0.8577681049901036,0.1422318950098963,1.11045471882656,dann_matched,banglasarc3_binary+ben_sarc_binary,banglasarc3_binary,1
ac035386ab80b4e6,1,1,-0.60546875,0.8828125,0.1841798425453443,0.8158201574546557,1.11045471882656,dann_matched,banglasarc3_binary+ben_sarc_binary,banglasarc3_binary,1
e76a1038723dc5eb,1,1,-0.69921875,0.7734375,0.18653921274423352,0.8134607872557665,1.11045471882656,dann_matched,banglasarc3_binary+ben_sarc_binary,banglasarc3_binary,1
ff922cbca8785282,1,1,-0.80078125,0.84765625,0.16132023775174625,0.8386797622482537,1.11045471882656,dann_matched,banglasarc3_binary+ben_sarc_binary,banglasarc3_binary,1
66a6d7fc7c022153,1,1,-0.46679688,0.58203125,0.25945019647017975,0.7405498035298201,1.11045471882656,dann_matched,banglasarc3_binary+ben_sarc_binary,banglasarc3_binary,1
6f920e614b465135,0,1,-0.15917969,-0.0049438477,0.4615172975800273,0.5384827024199728,1.11045471882656,dann_matched,banglasarc3_binary+ben_sarc_binary,banglasarc3_binary,1
a3046e4436328bea,1,1,-0.9765625,1.296875,0.09334687851957546,0.9066531214804244,1.11045471882656,dann_matched,banglasarc3_binary+ben_sarc_binary,banglasarc3_binary,1
226afc1f08fe0780,0,0,1.28125,-1.390625,0.9353465116437761,0.06465348835622392,1.11045471882656,dann_matched,banglasarc3_binary+ben_sarc_binary,banglasarc3_binary,1
9924815a000de0cd,0,0,1.140625,-1.3359375,0.9224823435231172,0.07751765647688268,1.11045471882656,dann_matched,banglasarc3_binary+ben_sarc_binary,banglasarc3_binary,1
71c861c5ca9ae94c,0,0,0.94921875,-1.078125,0.8836382359770631,0.1163617640229368,1.11045471882656,dann_matched,banglasarc3_binary+ben_sarc_binary,banglasarc3_binary,1
9a8af6572f036955,1,0,1.046875,-1.09375,0.8947894632969136,0.10521053670308635,1.11045471882656,dann_matched,banglasarc3_binary+ben_sarc_binary,banglasarc3_binary,1
148f42b7e3a77173,1,1,-0.82421875,0.97265625,0.1422318950098963,0.8577681049901036,1.11045471882656,dann_matched,banglasarc3_binary+ben_sarc_binary,banglasarc3_binary,1
4a3ebc4e56a23695,0,1,-0.075683594,0.17480469,0.43770332010759183,0.5622966798924082,1.11045471882656,dann_matched,banglasarc3_binary+ben_sarc_binary,banglasarc3_binary,1
9884f74105725ac3,0,0,1.0078125,-1.4375,0.9202179865359069,0.079782013464093,1.11045471882656,dann_matched,banglasarc3_binary+ben_sarc_binary,banglasarc3_binary,1
bc7aa60f495fb7a9,0,1,-1.1015625,1.3359375,0.08035746882220708,0.9196425311777929,1.11045471882656,dann_matched,banglasarc3_binary+ben_sarc_binary,banglasarc3_binary,1
1a19fa077638051f,0,0,1.234375,-1.5546875,0.9420819125605256,0.05791808743947446,1.11045471882656,dann_matched,banglasarc3_binary+ben_sarc_binary,banglasarc3_binary,1
bbac56b00ec41b2d,1,1,-0.6171875,0.36523438,0.2724114951281179,0.7275885048718822,1.11045471882656,dann_matched,banglasarc3_binary+ben_sarc_binary,banglasarc3_binary,1
1ee3ab9f5f73d8e3,0,1,-0.81640625,0.7890625,0.16721866883101164,0.8327813311689884,1.11045471882656,dann_matched,banglasarc3_binary+ben_sarc_binary,banglasarc3_binary,1
0a70db745aa8febf,1,1,-0.93359375,1.15625,0.11008788101422484,0.8899121189857752,1.11045471882656,dann_matched,banglasarc3_binary+ben_sarc_binary,banglasarc3_binary,1
a831521b5fade0b4,0,0,0.9296875,-1.015625,0.8749346174830964,0.12506538251690355,1.11045471882656,dann_matched,banglasarc3_binary+ben_sarc_binary,banglasarc3_binary,1
aee1e0859bd82e49,0,0,1.34375,-1.46875,0.9433475746920261,0.05665242530797383,1.11045471882656,dann_matched,banglasarc3_binary+ben_sarc_binary,banglasarc3_binary,1
14c1d9b31ee9da91,0,0,0.16308594,-0.171875,0.5829659574878416,0.4170340425121584,1.11045471882656,dann_matched,banglasarc3_binary+ben_sarc_binary,banglasarc3_binary,1
0b3f384c234e0487,1,1,-0.515625,0.71875,0.2254166158350767,0.7745833841649233,1.11045471882656,dann_matched,banglasarc3_binary+ben_sarc_binary,banglasarc3_binary,1
ba3b5a884606387b,1,1,-0.62890625,1.0078125,0.16291203745291188,0.8370879625470882,1.11045471882656,dann_matched,banglasarc3_binary+ben_sarc_binary,banglasarc3_binary,1
d93424c4b5243f73,0,0,0.8671875,-1.1171875,0.8791467675095294,0.12085323249047067,1.11045471882656,dann_matched,banglasarc3_binary+ben_sarc_binary,banglasarc3_binary,1
b7e8e4540b6277b4,0,0,0.8203125,-0.921875,0.8509647055213694,0.14903529447863062,1.11045471882656,dann_matched,banglasarc3_binary+ben_sarc_binary,banglasarc3_binary,1
dfa9f26844b0493f,1,1,-0.66796875,1.0234375,0.15559099407709326,0.8444090059229068,1.11045471882656,dann_matched,banglasarc3_binary+ben_sarc_binary,banglasarc3_binary,1
c63b2cd906f1ec56,1,1,-1.15625,1.34375,0.07585818002124356,0.9241418199787566,1.11045471882656,dann_matched,banglasarc3_binary+ben_sarc_binary,banglasarc3_binary,1
30f04a8c49d82a1e,1,0,0.34765625,-0.1796875,0.628863371037271,0.37113662896272914,1.11045471882656,dann_matched,banglasarc3_binary+ben_sarc_binary,banglasarc3_binary,1
f53841d746ae3cd5,1,0,1.109375,-1.3671875,0.9224823435231172,0.07751765647688268,1.11045471882656,dann_matched,banglasarc3_binary+ben_sarc_binary,banglasarc3_binary,1
78b23bee083f3547,0,0,0.8046875,-1.2890625,0.8902942261220291,0.10970577387797074,1.11045471882656,dann_matched,banglasarc3_binary+ben_sarc_binary,banglasarc3_binary,1
57f53209ea014911,0,0,0.90234375,-1.2109375,0.8921873600393251,0.1078126399606749,1.11045471882656,dann_matched,banglasarc3_binary+ben_sarc_binary,banglasarc3_binary,1
6bfa33ebacfeda42,1,1,-1.1796875,1.4765625,0.06560483745906928,0.9343951625409306,1.11045471882656,dann_matched,banglasarc3_binary+ben_sarc_binary,banglasarc3_binary,1
188035f94f43d5ab,0,0,1.0546875,-1.4921875,0.927363293639213,0.07263670636078697,1.11045471882656,dann_matched,banglasarc3_binary+ben_sarc_binary,banglasarc3_binary,1
a9c618cbe59ac37d,1,1,-1.1640625,1.4453125,0.06853749303199023,0.9314625069680097,1.11045471882656,dann_matched,banglasarc3_binary+ben_sarc_binary,banglasarc3_binary,1
b24787eee7829216,0,1,-1.0703125,1.3125,0.08449275397500926,0.9155072460249908,1.11045471882656,dann_matched,banglasarc3_binary+ben_sarc_binary,banglasarc3_binary,1
7ef070492a733c38,0,0,0.015625,-0.10888672,0.5310877768088058,0.46891222319119413,1.11045471882656,dann_matched,banglasarc3_binary+ben_sarc_binary,banglasarc3_binary,1
c367988694c84530,0,0,0.94140625,-1.3125,0.9049869480120961,0.09501305198790386,1.11045471882656,dann_matched,banglasarc3_binary+ben_sarc_binary,banglasarc3_binary,1
18d391b119c1644a,1,0,1.2578125,-1.1953125,0.9207896758909757,0.07921032410902437,1.11045471882656,dann_matched,banglasarc3_binary+ben_sarc_binary,banglasarc3_binary,1
4faab331ced87a08,0,0,0.20996094,-0.4296875,0.6546739850997214,0.34532601490027864,1.11045471882656,dann_matched,banglasarc3_binary+ben_sarc_binary,banglasarc3_binary,1
977b72c19a26ad0b,0,0,1.4296875,-2.09375,0.9713473306904065,0.028652669309593447,1.11045471882656,dann_matched,banglasarc3_binary+ben_sarc_binary,banglasarc3_binary,1
6517e05a5287776b,0,1,-0.095214844,0.17578125,0.4326625718330274,0.5673374281669726,1.11045471882656,dann_matched,banglasarc3_binary+ben_sarc_binary,banglasarc3_binary,1
ee6dbf89dce4e2bb,1,1,-1.15625,1.359375,0.07477004290796138,0.9252299570920387,1.11045471882656,dann_matched,banglasarc3_binary+ben_sarc_binary,banglasarc3_binary,1
ccf32cdc3d0775ad,1,1,-1.0546875,1.3203125,0.08509904500702024,0.9149009549929797,1.11045471882656,dann_matched,banglasarc3_binary+ben_sarc_binary,banglasarc3_binary,1
4da5e414258db266,0,0,1.0625,-1.296875,0.9136765234137297,0.08632347658627028,1.11045471882656,dann_matched,banglasarc3_binary+ben_sarc_binary,banglasarc3_binary,1
60ac14a8affe8358,1,1,-1.1484375,1.15625,0.09073548763985106,0.909264512360149,1.11045471882656,dann_matched,banglasarc3_binary+ben_sarc_binary,banglasarc3_binary,1
c82b770796c8cf66,1,1,-0.7890625,0.9140625,0.15405756269148546,0.8459424373085146,1.11045471882656,dann_matched,banglasarc3_binary+ben_sarc_binary,banglasarc3_binary,1
f5fd2d4cdc3bc132,1,1,-0.37304688,0.31640625,0.3341547393547116,0.6658452606452885,1.11045471882656,dann_matched,banglasarc3_binary+ben_sarc_binary,banglasarc3_binary,1
94f3c9ec4b1c85a4,1,1,-0.22070312,-0.044677734,0.45610692919906537,0.5438930708009346,1.11045471882656,dann_matched,banglasarc3_binary+ben_sarc_binary,banglasarc3_binary,1
5a10d03482f58dbf,1,1,-0.61328125,1.109375,0.15152933817982858,0.8484706618201715,1.11045471882656,dann_matched,banglasarc3_binary+ben_sarc_binary,banglasarc3_binary,1
acbcf17308c9467e,1,1,-0.765625,0.921875,0.1561048974454574,0.8438951025545426,1.11045471882656,dann_matched,banglasarc3_binary+ben_sarc_binary,banglasarc3_binary,1
efc06bd7dc0335d5,1,1,-0.984375,1.2421875,0.09739039825194779,0.9026096017480523,1.11045471882656,dann_matched,banglasarc3_binary+ben_sarc_binary,banglasarc3_binary,1
ed59d0f7934d3996,0,1,-0.98046875,1.109375,0.11008788101422484,0.8899121189857752,1.11045471882656,dann_matched,banglasarc3_binary+ben_sarc_binary,banglasarc3_binary,1
562d6d6d9b6ae4be,1,1,-0.625,0.546875,0.23651623644570763,0.7634837635542924,1.11045471882656,dann_matched,banglasarc3_binary+ben_sarc_binary,banglasarc3_binary,1
f32e502d7c88ac0b,1,1,-0.94921875,1.3359375,0.09235979794788486,0.9076402020521152,1.11045471882656,dann_matched,banglasarc3_binary+ben_sarc_binary,banglasarc3_binary,1
8e5d3f2f373f5e29,0,0,0.53125,-0.953125,0.8152324893520001,0.184767510648,1.11045471882656,dann_matched,banglasarc3_binary+ben_sarc_binary,banglasarc3_binary,1
9207c873bbd453c3,0,0,1.6328125,-2.125,0.9771973640319939,0.02280263596800613,1.11045471882656,dann_matched,banglasarc3_binary+ben_sarc_binary,banglasarc3_binary,1
89156813be6db8c4,1,1,0.08251953,0.08642578,0.4990234387417615,0.5009765612582384,1.11045471882656,dann_matched,banglasarc3_binary+ben_sarc_binary,banglasarc3_binary,1
8b10125a3aa18362,1,0,0.79296875,-0.57421875,0.7969253718105298,0.2030746281894702,1.11045471882656,dann_matched,banglasarc3_binary+ben_sarc_binary,banglasarc3_binary,1
1ab10ab51e82c702,0,1,-0.45703125,0.69921875,0.23934934732271168,0.7606506526772884,1.11045471882656,dann_matched,banglasarc3_binary+ben_sarc_binary,banglasarc3_binary,1
0c97107ad69abd97,0,0,1.15625,-1.671875,0.9441768588653856,0.05582314113461443,1.11045471882656,dann_matched,banglasarc3_binary+ben_sarc_binary,banglasarc3_binary,1
319378441192755c,1,1,-0.14453125,0.38867188,0.36977012034090956,0.6302298796590904,1.11045471882656,dann_matched,banglasarc3_binary+ben_sarc_binary,banglasarc3_binary,1
da5927d625a7e992,0,1,-0.5546875,0.609375,0.23792989161116973,0.7620701083888303,1.11045471882656,dann_matched,banglasarc3_binary+ben_sarc_binary,banglasarc3_binary,1
f948aa239ae79172,0,0,1.2890625,-1.3828125,0.9353465116437761,0.06465348835622392,1.11045471882656,dann_matched,banglasarc3_binary+ben_sarc_binary,banglasarc3_binary,1
b98ee8eae2d4d6c2,1,1,-1.140625,1.15625,0.09138210306717136,0.9086178969328287,1.11045471882656,dann_matched,banglasarc3_binary+ben_sarc_binary,banglasarc3_binary,1
2c4933c952f7fae0,1,1,-0.76953125,1.0234375,0.1427091316026025,0.8572908683973974,1.11045471882656,dann_matched,banglasarc3_binary+ben_sarc_binary,banglasarc3_binary,1
5611174ac8f322d9,0,0,1.65625,-1.9140625,0.9726235112216486,0.027376488778351356,1.11045471882656,dann_matched,banglasarc3_binary+ben_sarc_binary,banglasarc3_binary,1
a68c6a0d2e4a0d44,0,0,0.41210938,-0.84765625,0.7789857587902472,0.22101424120975285,1.11045471882656,dann_matched,banglasarc3_binary+ben_sarc_binary,banglasarc3_binary,1
f0beee1358ba6702,1,1,-0.69140625,0.8671875,0.17384852735447087,0.8261514726455292,1.11045471882656,dann_matched,banglasarc3_binary+ben_sarc_binary,banglasarc3_binary,1
9dd87b3601b59c5e,1,1,0.080566406,0.119140625,0.4903576409115541,0.5096423590884459,1.11045471882656,dann_matched,banglasarc3_binary+ben_sarc_binary,banglasarc3_binary,1
059d63cf1f988857,0,1,-0.56640625,0.73046875,0.2146914191122419,0.785308580887758,1.11045471882656,dann_matched,banglasarc3_binary+ben_sarc_binary,banglasarc3_binary,1
205492061bc3b836,1,1,-0.81640625,1.03125,0.1361483150237161,0.863851684976284,1.11045471882656,dann_matched,banglasarc3_binary+ben_sarc_binary,banglasarc3_binary,1
ba85309fe6f0de09,1,0,0.063964844,-0.10107422,0.5411663675927842,0.45883363240721575,1.11045471882656,dann_matched,banglasarc3_binary+ben_sarc_binary,banglasarc3_binary,1
34cf41d51399f927,1,1,-1.09375,1.3984375,0.07640768335044701,0.923592316649553,1.11045471882656,dann_matched,banglasarc3_binary+ben_sarc_binary,banglasarc3_binary,1
8f9e66d0954319bd,1,1,-0.33984375,0.4609375,0.30985842672988845,0.6901415732701115,1.11045471882656,dann_matched,banglasarc3_binary+ben_sarc_binary,banglasarc3_binary,1
7aea9964e3bab268,0,1,-0.34960938,0.49609375,0.30033500120797163,0.6996649987920285,1.11045471882656,dann_matched,banglasarc3_binary+ben_sarc_binary,banglasarc3_binary,1
34262aaf029abe9c,0,0,1.3515625,-1.65625,0.9529258241789759,0.04707417582102406,1.11045471882656,dann_matched,banglasarc3_binary+ben_sarc_binary,banglasarc3_binary,1
afc98c7da489d792,0,0,1.4453125,-1.625,0.9556514186046017,0.04434858139539836,1.11045471882656,dann_matched,banglasarc3_binary+ben_sarc_binary,banglasarc3_binary,1
87ca816cf9ca3a57,0,0,1.296875,-1.8359375,0.9582261192116938,0.04177388078830622,1.11045471882656,dann_matched,banglasarc3_binary+ben_sarc_binary,banglasarc3_binary,1
b8705f91611e42fd,1,1,-0.9921875,1.21875,0.09877258875237437,0.9012274112476257,1.11045471882656,dann_matched,banglasarc3_binary+ben_sarc_binary,banglasarc3_binary,1
9b4172a29427d096,1,1,-1.1171875,1.3828125,0.07585818002124356,0.9241418199787566,1.11045471882656,dann_matched,banglasarc3_binary+ben_sarc_binary,banglasarc3_binary,1
277d8e87c25a04d0,0,0,0.6015625,-0.9375,0.8233283989793668,0.17667160102063317,1.11045471882656,dann_matched,banglasarc3_binary+ben_sarc_binary,banglasarc3_binary,1
d41615dc78dfd442,0,0,0.65234375,-0.78515625,0.8080672135527632,0.19193278644723683,1.11045471882656,dann_matched,banglasarc3_binary+ben_sarc_binary,banglasarc3_binary,1
3b570bff1dc82229,1,1,0.021850586,0.43554688,0.3980261524250028,0.6019738475749972,1.11045471882656,dann_matched,banglasarc3_binary+ben_sarc_binary,banglasarc3_binary,1
a14957fec3333e4d,1,1,-0.70703125,0.9296875,0.16291203745291188,0.8370879625470882,1.11045471882656,dann_matched,banglasarc3_binary+ben_sarc_binary,banglasarc3_binary,1
434aefb45c633a6e,1,1,-0.50390625,0.796875,0.2140335632231953,0.7859664367768047,1.11045471882656,dann_matched,banglasarc3_binary+ben_sarc_binary,banglasarc3_binary,1
cb001950d002af6a,0,0,1.0859375,-1.5625,0.9339146213324513,0.06608537866754877,1.11045471882656,dann_matched,banglasarc3_binary+ben_sarc_binary,banglasarc3_binary,1
bde02cf99aa6475c,0,0,0.66015625,-1.1328125,0.8572908683973974,0.1427091316026025,1.11045471882656,dann_matched,banglasarc3_binary+ben_sarc_binary,banglasarc3_binary,1
d59a0afee6d44b0f,1,1,-0.85546875,0.48828125,0.2068940488158881,0.7931059511841119,1.11045471882656,dann_matched,banglasarc3_binary+ben_sarc_binary,banglasarc3_binary,1
53e03d54e9f7c1ed,1,1,-0.7890625,0.80078125,0.16940588134972326,0.8305941186502768,1.11045471882656,dann_matched,banglasarc3_binary+ben_sarc_binary,banglasarc3_binary,1
2922023d8f4b1469,0,0,0.3359375,-0.4609375,0.689305616785446,0.31069438321455395,1.11045471882656,dann_matched,banglasarc3_binary+ben_sarc_binary,banglasarc3_binary,1
9a38672a43ee4277,1,1,-0.7578125,0.953125,0.15304215724489628,0.8469578427551038,1.11045471882656,dann_matched,banglasarc3_binary+ben_sarc_binary,banglasarc3_binary,1
7d708b93f7458e17,0,0,1.2890625,-1.6328125,0.9489172630429474,0.05108273695705249,1.11045471882656,dann_matched,banglasarc3_binary+ben_sarc_binary,banglasarc3_binary,1
123e910b36e0446d,0,0,1.359375,-1.7421875,0.9569571506599678,0.04304284934003218,1.11045471882656,dann_matched,banglasarc3_binary+ben_sarc_binary,banglasarc3_binary,1
5dc46488541a62ec,1,1,-1.1015625,1.421875,0.07423137046083579,0.9257686295391643,1.11045471882656,dann_matched,banglasarc3_binary+ben_sarc_binary,banglasarc3_binary,1
e52a1f58f51e0c0a,1,1,-0.671875,0.94921875,0.16505408392910761,0.8349459160708924,1.11045471882656,dann_matched,banglasarc3_binary+ben_sarc_binary,banglasarc3_binary,1
9b0ea3fdc41c9127,0,0,0.49414062,-0.58203125,0.7457688628758079,0.25423113712419204,1.11045471882656,dann_matched,banglasarc3_binary+ben_sarc_binary,banglasarc3_binary,1
6013016338f9c6dd,0,0,0.8203125,-1.1640625,0.8791467675095294,0.12085323249047067,1.11045471882656,dann_matched,banglasarc3_binary+ben_sarc_binary,banglasarc3_binary,1
5e41f878680dab10,0,0,1.4921875,-1.7265625,0.9615338079816756,0.03846619201832428,1.11045471882656,dann_matched,banglasarc3_binary+ben_sarc_binary,banglasarc3_binary,1
f86040734ae27c6d,1,1,-1.0546875,1.28125,0.08819004480076281,0.9118099551992372,1.11045471882656,dann_matched,banglasarc3_binary+ben_sarc_binary,banglasarc3_binary,1
d10cccce1b8473e7,0,1,-0.671875,0.96875,0.16238003666671086,0.8376199633332891,1.11045471882656,dann_matched,banglasarc3_binary+ben_sarc_binary,banglasarc3_binary,1
24135986932e677c,1,0,0.56640625,-0.48046875,0.7401743620390163,0.2598256379609837,1.11045471882656,dann_matched,banglasarc3_binary+ben_sarc_binary,banglasarc3_binary,1
7514b989309b1d9c,0,0,0.984375,-1.0859375,0.8879840490799963,0.11201595092000367,1.11045471882656,dann_matched,banglasarc3_binary+ben_sarc_binary,banglasarc3_binary,1
ce110dc8185ae08e,1,1,-0.5078125,0.59375,0.24944724346334116,0.7505527565366589,1.11045471882656,dann_matched,banglasarc3_binary+ben_sarc_binary,banglasarc3_binary,1
cb27ebe4bead824c,1,0,1.1171875,-1.1875,0.909264512360149,0.09073548763985106,1.11045471882656,dann_matched,banglasarc3_binary+ben_sarc_binary,banglasarc3_binary,1
bc540917f9b7c71d,1,1,-0.9296875,1.140625,0.11201595092000367,0.8879840490799963,1.11045471882656,dann_matched,banglasarc3_binary+ben_sarc_binary,banglasarc3_binary,1
4ffffbe307d0a83a,0,0,0.90625,-0.9609375,0.8661325122464822,0.13386748775351784,1.11045471882656,dann_matched,banglasarc3_binary+ben_sarc_binary,banglasarc3_binary,1
b4323b5c74f8fc36,0,0,0.5859375,-0.9921875,0.8289388083214156,0.17106119167858438,1.11045471882656,dann_matched,banglasarc3_binary+ben_sarc_binary,banglasarc3_binary,1
ad6cc5fb265960cc,0,1,-0.5,0.78515625,0.21667379410865026,0.7833262058913498,1.11045471882656,dann_matched,banglasarc3_binary+ben_sarc_binary,banglasarc3_binary,1
d39ddcf24d6d9189,0,1,-0.4453125,0.8359375,0.21733752104706247,0.7826624789529376,1.11045471882656,dann_matched,banglasarc3_binary+ben_sarc_binary,banglasarc3_binary,1
f38d81be661a4b8f,1,1,-1.0703125,1.328125,0.0832919225567441,0.916708077443256,1.11045471882656,dann_matched,banglasarc3_binary+ben_sarc_binary,banglasarc3_binary,1
373eddabf5c3d1f7,1,1,-0.22949219,0.16601562,0.402392113079315,0.5976078869206849,1.11045471882656,dann_matched,banglasarc3_binary+ben_sarc_binary,banglasarc3_binary,1
c511137eaf00d6b1,1,1,-0.81640625,1.1328125,0.12463857053608371,0.8753614294639163,1.11045471882656,dann_matched,banglasarc3_binary+ben_sarc_binary,banglasarc3_binary,1
3cb9b64cd0bcd1c4,1,1,-0.15136719,0.37695312,0.3709087336056053,0.6290912663943946,1.11045471882656,dann_matched,banglasarc3_binary+ben_sarc_binary,banglasarc3_binary,1
44e81fb71fafc5f6,1,1,-1.0703125,1.1953125,0.09401017961657226,0.9059898203834277,1.11045471882656,dann_matched,banglasarc3_binary+ben_sarc_binary,banglasarc3_binary,1
1f6366dc8c87721e,0,1,-0.8671875,0.68359375,0.17497346003387607,0.825026539966124,1.11045471882656,dann_matched,banglasarc3_binary+ben_sarc_binary,banglasarc3_binary,1
406b7cc3a0445691,1,1,-1.109375,1.359375,0.07807816514495095,0.9219218348550491,1.11045471882656,dann_matched,banglasarc3_binary+ben_sarc_binary,banglasarc3_binary,1
35cf36bc3d8642ab,0,1,-0.84765625,1.0703125,0.1280882483446611,0.8719117516553389,1.11045471882656,dann_matched,banglasarc3_binary+ben_sarc_binary,banglasarc3_binary,1
57cd7fdd60d1667d,1,1,-0.7578125,0.94921875,0.15354917288301603,0.8464508271169839,1.11045471882656,dann_matched,banglasarc3_binary+ben_sarc_binary,banglasarc3_binary,1
0bb1548e56ec97e6,1,0,0.6171875,-1.1328125,0.8519528019683106,0.1480471980316895,1.11045471882656,dann_matched,banglasarc3_binary+ben_sarc_binary,banglasarc3_binary,1
8e8b85d15b47827c,1,1,-0.27539062,0.38476562,0.3407045130269881,0.6592954869730118,1.11045471882656,dann_matched,banglasarc3_binary+ben_sarc_binary,banglasarc3_binary,1
fae8d93fe40b415d,1,1,-1.0,1.2265625,0.09739039825194779,0.9026096017480523,1.11045471882656,dann_matched,banglasarc3_binary+ben_sarc_binary,banglasarc3_binary,1
12e6dab580637364,1,1,-0.98046875,1.015625,0.11961366366632263,0.8803863363336775,1.11045471882656,dann_matched,banglasarc3_binary+ben_sarc_binary,banglasarc3_binary,1
c63614053bc8ae28,0,0,-0.041503906,-0.20507812,0.54080261721184,0.4591973827881601,1.11045471882656,dann_matched,banglasarc3_binary+ben_sarc_binary,banglasarc3_binary,1
e567c1f8bb54ed53,0,0,-0.00793457,-0.26367188,0.5635881396726463,0.43641186032735363,1.11045471882656,dann_matched,banglasarc3_binary+ben_sarc_binary,banglasarc3_binary,1
4689d69a0738828f,0,0,-0.026611328,-0.25390625,0.5565803475023842,0.4434196524976159,1.11045471882656,dann_matched,banglasarc3_binary+ben_sarc_binary,banglasarc3_binary,1
b24c7e2e479c102f,0,0,1.3359375,-1.7421875,0.9559813501370537,0.04401864986294638,1.11045471882656,dann_matched,banglasarc3_binary+ben_sarc_binary,banglasarc3_binary,1
8ed4645228916f02,0,0,1.1953125,-1.5625,0.9403530570548787,0.0596469429451214,1.11045471882656,dann_matched,banglasarc3_binary+ben_sarc_binary,banglasarc3_binary,1
f59c42c49edda760,0,1,-0.071777344,0.43164062,0.37673777029829814,0.6232622297017018,1.11045471882656,dann_matched,banglasarc3_binary+ben_sarc_binary,banglasarc3_binary,1
d760334e952c9d53,0,0,0.953125,-1.5703125,0.9257686295391643,0.07423137046083579,1.11045471882656,dann_matched,banglasarc3_binary+ben_sarc_binary,banglasarc3_binary,1
98f8544b2ea323d3,0,0,0.65625,-0.96484375,0.8349459160708924,0.16505408392910761,1.11045471882656,dann_matched,banglasarc3_binary+ben_sarc_binary,banglasarc3_binary,1
ce05c3fa0cc62627,0,0,1.125,-1.28125,0.9173026573249612,0.08269734267503885,1.11045471882656,dann_matched,banglasarc3_binary+ben_sarc_binary,banglasarc3_binary,1
fdc64d7635cb59b2,0,0,1.3359375,-1.515625,0.9453993942183476,0.05460060578165237,1.11045471882656,dann_matched,banglasarc3_binary+ben_sarc_binary,banglasarc3_binary,1
f93ea9b921c3c0f7,1,0,0.10449219,0.030029297,0.5186071258388771,0.48139287416112275,1.11045471882656,dann_matched,banglasarc3_binary+ben_sarc_binary,banglasarc3_binary,1
2278f57caa613701,0,0,1.5703125,-1.828125,0.9676556676188429,0.032344332381157095,1.11045471882656,dann_matched,banglasarc3_binary+ben_sarc_binary,banglasarc3_binary,1
c25fe5e4766f241a,0,0,1.078125,-1.53125,0.9314625069680097,0.06853749303199023,1.11045471882656,dann_matched,banglasarc3_binary+ben_sarc_binary,banglasarc3_binary,1
572e4397ff6c9eb2,1,0,-0.017700195,-0.041992188,0.5060726994243702,0.49392730057562984,1.11045471882656,dann_matched,banglasarc3_binary+ben_sarc_binary,banglasarc3_binary,1
9e94c5340c1e9e84,1,1,-0.3515625,0.5390625,0.29098086621490676,0.7090191337850932,1.11045471882656,dann_matched,banglasarc3_binary+ben_sarc_binary,banglasarc3_binary,1
e0b7bf00262d60a7,0,0,1.1015625,-1.296875,0.916708077443256,0.0832919225567441,1.11045471882656,dann_matched,banglasarc3_binary+ben_sarc_binary,banglasarc3_binary,1
7d5dcba04c7cbfc6,1,1,-1.1796875,1.4375,0.06804042027255897,0.9319595797274409,1.11045471882656,dann_matched,banglasarc3_binary+ben_sarc_binary,banglasarc3_binary,1
cd9fc03dbd82abcd,0,0,1.1640625,-1.4609375,0.9324533088603709,0.0675466911396291,1.11045471882656,dann_matched,banglasarc3_binary+ben_sarc_binary,banglasarc3_binary,1
54b803aa09d54185,1,1,-1.1875,1.234375,0.08151975597471893,0.9184802440252811,1.11045471882656,dann_matched,banglasarc3_binary+ben_sarc_binary,banglasarc3_binary,1
725ea8a5def6acac,0,0,1.3046875,-1.6171875,0.9489172630429474,0.05108273695705249,1.11045471882656,dann_matched,banglasarc3_binary+ben_sarc_binary,banglasarc3_binary,1
56d6d68354837500,0,1,-0.19433594,0.2578125,0.3888500773732337,0.6111499226267663,1.11045471882656,dann_matched,banglasarc3_binary+ben_sarc_binary,banglasarc3_binary,1
da5033e533eee677,1,1,-0.13867188,0.3359375,0.38352584821784214,0.6164741517821578,1.11045471882656,dann_matched,banglasarc3_binary+ben_sarc_binary,banglasarc3_binary,1
ce347cf05f786fe0,1,0,0.17578125,0.018310547,0.5392865269056989,0.46071347309430116,1.11045471882656,dann_matched,banglasarc3_binary+ben_sarc_binary,banglasarc3_binary,1
ea499bace09f44ce,1,1,-0.34960938,0.36328125,0.32896043263598285,0.6710395673640173,1.11045471882656,dann_matched,banglasarc3_binary+ben_sarc_binary,banglasarc3_binary,1
2ccc2f875d7de471,1,1,-0.92578125,1.1796875,0.10856642283565619,0.8914335771643437,1.11045471882656,dann_matched,banglasarc3_binary+ben_sarc_binary,banglasarc3_binary,1
22e8efc34608d82d,0,1,-0.13183594,0.171875,0.4246505652505345,0.5753494347494654,1.11045471882656,dann_matched,banglasarc3_binary+ben_sarc_binary,banglasarc3_binary,1
040a68c1b02bd862,1,1,-0.25585938,0.26171875,0.3734187232283041,0.6265812767716958,1.11045471882656,dann_matched,banglasarc3_binary+ben_sarc_binary,banglasarc3_binary,1
efde5d179b5fd873,1,1,-0.053710938,0.12158203,0.4562886294158325,0.5437113705841675,1.11045471882656,dann_matched,banglasarc3_binary+ben_sarc_binary,banglasarc3_binary,1
0b43510285b09eba,0,0,0.359375,-0.80078125,0.7613611051229845,0.23863889487701548,1.11045471882656,dann_matched,banglasarc3_binary+ben_sarc_binary,banglasarc3_binary,1
dd4fae9961a88873,1,1,-0.29101562,0.49804688,0.31237000428514555,0.6876299957148544,1.11045471882656,dann_matched,banglasarc3_binary+ben_sarc_binary,banglasarc3_binary,1
121299f05ede0c91,1,1,-1.125,1.375,0.07585818002124356,0.9241418199787566,1.11045471882656,dann_matched,banglasarc3_binary+ben_sarc_binary,banglasarc3_binary,1
30a6096d2f7010ff,1,1,-0.859375,1.1796875,0.11516222873143664,0.8848377712685633,1.11045471882656,dann_matched,banglasarc3_binary+ben_sarc_binary,banglasarc3_binary,1
a1bd9a0f27bbd51e,0,0,0.23046875,-0.39453125,0.6513548646660542,0.34864513533394575,1.11045471882656,dann_matched,banglasarc3_binary+ben_sarc_binary,banglasarc3_binary,1
477fd95f302c284c,0,1,-0.6875,0.55078125,0.2247353007352621,0.775264699264738,1.11045471882656,dann_matched,banglasarc3_binary+ben_sarc_binary,banglasarc3_binary,1
8c8158a78b04bd05,1,1,-0.23730469,0.31835938,0.3645513043424086,0.6354486956575913,1.11045471882656,dann_matched,banglasarc3_binary+ben_sarc_binary,banglasarc3_binary,1
226eabf5281f11fa,0,0,1.140625,-1.375,0.9252299570920387,0.07477004290796138,1.11045471882656,dann_matched,banglasarc3_binary+ben_sarc_binary,banglasarc3_binary,1
d094516197c5cc27,0,1,-0.21191406,0.20507812,0.3972367168016455,0.6027632831983546,1.11045471882656,dann_matched,banglasarc3_binary+ben_sarc_binary,banglasarc3_binary,1
9d3e29981c15d1c1,0,1,-0.62109375,0.796875,0.1949802170214588,0.8050197829785412,1.11045471882656,dann_matched,banglasarc3_binary+ben_sarc_binary,banglasarc3_binary,1
fd31f5f3ca6c7a27,1,0,0.859375,-0.8984375,0.8529354795409523,0.14706452045904778,1.11045471882656,dann_matched,banglasarc3_binary+ben_sarc_binary,banglasarc3_binary,1
73b89dd260eea14b,0,0,0.4609375,-0.671875,0.7563575624625937,0.24364243753740636,1.11045471882656,dann_matched,banglasarc3_binary+ben_sarc_binary,banglasarc3_binary,1
37f2931057293b4e,1,1,-0.3671875,0.53125,0.2893716974101633,0.7106283025898368,1.11045471882656,dann_matched,banglasarc3_binary+ben_sarc_binary,banglasarc3_binary,1
d2fa1859fec8bc19,0,0,1.4765625,-1.3984375,0.9465966702001757,0.053403329799824234,1.11045471882656,dann_matched,banglasarc3_binary+ben_sarc_binary,banglasarc3_binary,1
50dbee0e7a539695,1,0,0.03466797,-0.2265625,0.5649387441833068,0.43506125581669325,1.11045471882656,dann_matched,banglasarc3_binary+ben_sarc_binary,banglasarc3_binary,1
d2ebc3d3ea553892,1,0,1.03125,-0.7734375,0.8587185839992991,0.1412814160007008,1.11045471882656,dann_matched,banglasarc3_binary+ben_sarc_binary,banglasarc3_binary,1
e15f93ee6c7733d1,1,0,0.16015625,-0.21582031,0.5929023333890825,0.40709766661091756,1.11045471882656,dann_matched,banglasarc3_binary+ben_sarc_binary,banglasarc3_binary,1
25e11947840674b6,1,1,-0.60546875,0.515625,0.24580846052125757,0.7541915394787425,1.11045471882656,dann_matched,banglasarc3_binary+ben_sarc_binary,banglasarc3_binary,1
37ed4175676826d3,1,1,-0.33984375,0.3515625,0.3337203189792143,0.6662796810207858,1.11045471882656,dann_matched,banglasarc3_binary+ben_sarc_binary,banglasarc3_binary,1
acf59b60bc703e78,0,1,-0.8515625,0.84375,0.15507847160659358,0.8449215283934065,1.11045471882656,dann_matched,banglasarc3_binary+ben_sarc_binary,banglasarc3_binary,1
2dac047c35342cac,1,1,0.0055236816,0.083984375,0.4803948831846732,0.5196051168153267,1.11045471882656,dann_matched,banglasarc3_binary+ben_sarc_binary,banglasarc3_binary,1
ea0b4a8ffa6daf5d,0,0,0.3828125,-0.546875,0.7170118817172945,0.28298811828270554,1.11045471882656,dann_matched,banglasarc3_binary+ben_sarc_binary,banglasarc3_binary,1
52c53afde23c5737,1,0,0.24804688,-0.24804688,0.6215409097858049,0.3784590902141952,1.11045471882656,dann_matched,banglasarc3_binary+ben_sarc_binary,banglasarc3_binary,1
597d374e58e24ce0,0,0,0.8203125,-1.0234375,0.8633916099737806,0.13660839002621938,1.11045471882656,dann_matched,banglasarc3_binary+ben_sarc_binary,banglasarc3_binary,1
21f6588fa41d80f2,1,0,0.375,-0.24121094,0.6493562957124066,0.3506437042875934,1.11045471882656,dann_matched,banglasarc3_binary+ben_sarc_binary,banglasarc3_binary,1
b4e8413b56264fde,0,0,0.12451172,-0.31054688,0.6070809647414432,0.39291903525855676,1.11045471882656,dann_matched,banglasarc3_binary+ben_sarc_binary,banglasarc3_binary,1
576dad90f863a07a,0,0,0.94140625,-0.91796875,0.8652240825770433,0.1347759174229568,1.11045471882656,dann_matched,banglasarc3_binary+ben_sarc_binary,banglasarc3_binary,1
acc440f1fc8bac8a,1,1,-0.3671875,0.54296875,0.2869678647289528,0.7130321352710473,1.11045471882656,dann_matched,banglasarc3_binary+ben_sarc_binary,banglasarc3_binary,1
99f834500aa28da7,1,1,-0.45703125,0.41210938,0.29543315152184185,0.7045668484781581,1.11045471882656,dann_matched,banglasarc3_binary+ben_sarc_binary,banglasarc3_binary,1
ab8cb0f62e0897af,0,0,0.65625,-0.609375,0.7799929002541067,0.22000709974589314,1.11045471882656,dann_matched,banglasarc3_binary+ben_sarc_binary,banglasarc3_binary,1
c2990dd82a44f69e,1,0,0.75,-0.890625,0.8376199633332891,0.16238003666671086,1.11045471882656,dann_matched,banglasarc3_binary+ben_sarc_binary,banglasarc3_binary,1
00d461014350b89e,1,0,0.58203125,-0.36523438,0.7205649407848504,0.2794350592151495,1.11045471882656,dann_matched,banglasarc3_binary+ben_sarc_binary,banglasarc3_binary,1
3e29fef3bf46bf1b,0,0,1.1015625,-1.609375,0.9376689641180752,0.06233103588192476,1.11045471882656,dann_matched,banglasarc3_binary+ben_sarc_binary,banglasarc3_binary,1
5707e3c0244d1dfb,1,0,0.35351562,-0.76953125,0.7545534430129951,0.24544655698700496,1.11045471882656,dann_matched,banglasarc3_binary+ben_sarc_binary,banglasarc3_binary,1
fd622c33ab6796bd,1,1,-0.5,0.6796875,0.2351083892199931,0.7648916107800069,1.11045471882656,dann_matched,banglasarc3_binary+ben_sarc_binary,banglasarc3_binary,1
61890d2332416b73,0,1,-0.24804688,0.5234375,0.31615809364983244,0.6838419063501675,1.11045471882656,dann_matched,banglasarc3_binary+ben_sarc_binary,banglasarc3_binary,1
3b4ef2d9f41c852f,1,1,-0.58984375,0.7421875,0.2088235711388737,0.7911764288611264,1.11045471882656,dann_matched,banglasarc3_binary+ben_sarc_binary,banglasarc3_binary,1
e5390f71a9c29ba6,0,0,1.1953125,-1.625,0.9437636542955161,0.056236345704483756,1.11045471882656,dann_matched,banglasarc3_binary+ben_sarc_binary,banglasarc3_binary,1
b099c317bb9c6687,1,1,-0.81640625,1.1953125,0.11797800859538259,0.8820219914046175,1.11045471882656,dann_matched,banglasarc3_binary+ben_sarc_binary,banglasarc3_binary,1
912bbeda5648f283,1,1,-0.22070312,0.08935547,0.42310043686266435,0.5768995631373356,1.11045471882656,dann_matched,banglasarc3_binary+ben_sarc_binary,banglasarc3_binary,1
c823ae44a3e23b84,0,0,0.80859375,-1.125,0.8736466603593868,0.12635333964061335,1.11045471882656,dann_matched,banglasarc3_binary+ben_sarc_binary,banglasarc3_binary,1
bfea9a263b223c80,1,0,0.2890625,-0.78125,0.7446563401437933,0.2553436598562066,1.11045471882656,dann_matched,banglasarc3_binary+ben_sarc_binary,banglasarc3_binary,1
3cdaa503d41fc6a6,0,0,1.109375,-1.3828125,0.923592316649553,0.07640768335044701,1.11045471882656,dann_matched,banglasarc3_binary+ben_sarc_binary,banglasarc3_binary,1
d71f7c52c9ea87be,0,1,-0.6484375,0.875,0.1789558876900955,0.8210441123099046,1.11045471882656,dann_matched,banglasarc3_binary+ben_sarc_binary,banglasarc3_binary,1
def9ea9b246c55b1,0,1,-0.65625,0.90625,0.17328820592932656,0.8267117940706734,1.11045471882656,dann_matched,banglasarc3_binary+ben_sarc_binary,banglasarc3_binary,1
04b1b4f08fdd18c5,1,1,-0.92578125,1.109375,0.11556087394148318,0.8844391260585168,1.11045471882656,dann_matched,banglasarc3_binary+ben_sarc_binary,banglasarc3_binary,1
39bf383204dad4e3,0,0,0.73828125,-0.88671875,0.8354835371034369,0.1645164628965632,1.11045471882656,dann_matched,banglasarc3_binary+ben_sarc_binary,banglasarc3_binary,1
1f427bfaa298bf6b,1,1,0.04736328,0.44335938,0.4022747003668021,0.597725299633198,1.11045471882656,dann_matched,banglasarc3_binary+ben_sarc_binary,banglasarc3_binary,1
ed3220bf0c8abb3b,1,1,-1.09375,1.2421875,0.08819004480076281,0.9118099551992372,1.11045471882656,dann_matched,banglasarc3_binary+ben_sarc_binary,banglasarc3_binary,1
855a37fc463d8e33,1,1,-1.1015625,1.2734375,0.08509904500702024,0.9149009549929797,1.11045471882656,dann_matched,banglasarc3_binary+ben_sarc_binary,banglasarc3_binary,1
4771a65e8a1e5abf,0,1,-0.4921875,0.40234375,0.29017562235469585,0.7098243776453041,1.11045471882656,dann_matched,banglasarc3_binary+ben_sarc_binary,banglasarc3_binary,1
4f4b52f3c17a4ba1,0,1,-0.080078125,-0.04321289,0.4907847350463124,0.5092152649536875,1.11045471882656,dann_matched,banglasarc3_binary+ben_sarc_binary,banglasarc3_binary,1
51e27f8269f8eaac,0,1,-0.09814453,0.043701172,0.4645979124238448,0.5354020875761553,1.11045471882656,dann_matched,banglasarc3_binary+ben_sarc_binary,banglasarc3_binary,1
8de5e108effcbaea,0,0,1.453125,-1.78125,0.9621075733703927,0.037892426629607394,1.11045471882656,dann_matched,banglasarc3_binary+ben_sarc_binary,banglasarc3_binary,1
75e09ea10216853d,0,0,0.90625,-1.1015625,0.8816149031928324,0.1183850968071675,1.11045471882656,dann_matched,banglasarc3_binary+ben_sarc_binary,banglasarc3_binary,1
b3ece23327e83d73,0,0,1.515625,-1.375,0.9473810466522863,0.05261895334771377,1.11045471882656,dann_matched,banglasarc3_binary+ben_sarc_binary,banglasarc3_binary,1
237b60d67d3a977b,0,0,1.4453125,-1.9453125,0.9674102552339746,0.032589744766025344,1.11045471882656,dann_matched,banglasarc3_binary+ben_sarc_binary,banglasarc3_binary,1
9ce912c1a315b4d4,1,0,0.036865234,-0.12792969,0.54110574556531,0.45889425443469,1.11045471882656,dann_matched,banglasarc3_binary+ben_sarc_binary,banglasarc3_binary,1
a034075943ae5ef1,1,1,-0.79296875,0.71875,0.180684214164803,0.819315785835197,1.11045471882656,dann_matched,banglasarc3_binary+ben_sarc_binary,banglasarc3_binary,1
00e1bdb06e67ed07,0,0,1.0,-1.078125,0.888758793492457,0.11124120650754304,1.11045471882656,dann_matched,banglasarc3_binary+ben_sarc_binary,banglasarc3_binary,1
5e81d0127cda6083,1,1,0.030639648,0.064453125,0.4915474361981073,0.5084525638018927,1.11045471882656,dann_matched,banglasarc3_binary+ben_sarc_binary,banglasarc3_binary,1
391c2dab4f4a8ea6,1,1,-1.03125,1.328125,0.08632347658627028,0.9136765234137297,1.11045471882656,dann_matched,banglasarc3_binary+ben_sarc_binary,banglasarc3_binary,1
76010f7452a4ee0b,0,1,0.03881836,0.04638672,0.4981079191877838,0.5018920808122161,1.11045471882656,dann_matched,banglasarc3_binary+ben_sarc_binary,banglasarc3_binary,1
501212c9f4c39f1a,0,0,1.1640625,-1.5703125,0.9390248191350352,0.06097518086496481,1.11045471882656,dann_matched,banglasarc3_binary+ben_sarc_binary,banglasarc3_binary,1
2d0c4e3b8cd32421,1,1,-0.52734375,0.859375,0.1999321064241851,0.800067893575815,1.11045471882656,dann_matched,banglasarc3_binary+ben_sarc_binary,banglasarc3_binary,1
b46fca43ca40e1a1,0,0,0.64453125,-0.671875,0.7885831787993471,0.2114168212006529,1.11045471882656,dann_matched,banglasarc3_binary+ben_sarc_binary,banglasarc3_binary,1
eb34b73284cdfb62,0,1,-1.015625,1.15625,0.10230470789265303,0.8976952921073469,1.11045471882656,dann_matched,banglasarc3_binary+ben_sarc_binary,banglasarc3_binary,1
82b1b909a5385c25,0,0,0.122558594,-0.31445312,0.6075467532455364,0.3924532467544635,1.11045471882656,dann_matched,banglasarc3_binary+ben_sarc_binary,banglasarc3_binary,1
afab669e2802f55a,0,0,0.43945312,-0.46484375,0.7118317107464548,0.28816828925354526,1.11045471882656,dann_matched,banglasarc3_binary+ben_sarc_binary,banglasarc3_binary,1
32655b6af6468900,1,0,0.03173828,-0.10986328,0.5353413578786655,0.4646586421213345,1.11045471882656,dann_matched,banglasarc3_binary+ben_sarc_binary,banglasarc3_binary,1
63522bcc58aca5aa,1,1,-0.44140625,0.8125,0.2220246807679208,0.7779753192320792,1.11045471882656,dann_matched,banglasarc3_binary+ben_sarc_binary,banglasarc3_binary,1
b81a6fc550996879,0,0,-0.05078125,-0.061767578,0.5027465544056818,0.4972534455943181,1.11045471882656,dann_matched,banglasarc3_binary+ben_sarc_binary,banglasarc3_binary,1
9e9c76d8536be656,0,0,1.296875,-1.6796875,0.9515039967560431,0.048496003243956885,1.11045471882656,dann_matched,banglasarc3_binary+ben_sarc_binary,banglasarc3_binary,1
487ba6736df9dac4,1,1,-0.953125,1.09375,0.1143685261818125,0.8856314738181876,1.11045471882656,dann_matched,banglasarc3_binary+ben_sarc_binary,banglasarc3_binary,1
7224809745c5317e,0,0,0.53515625,-0.640625,0.7641884136055329,0.2358115863944671,1.11045471882656,dann_matched,banglasarc3_binary+ben_sarc_binary,banglasarc3_binary,1
cc351cfcab72e656,0,1,-0.3515625,0.515625,0.2958398615564072,0.7041601384435928,1.11045471882656,dann_matched,banglasarc3_binary+ben_sarc_binary,banglasarc3_binary,1
0ac9087c2e695175,0,0,1.0078125,-1.3046875,0.9099070060380482,0.09009299396195182,1.11045471882656,dann_matched,banglasarc3_binary+ben_sarc_binary,banglasarc3_binary,1
7ab4d04075a8767b,1,1,-0.9296875,1.0,0.126785173178859,0.8732148268211409,1.11045471882656,dann_matched,banglasarc3_binary+ben_sarc_binary,banglasarc3_binary,1
005a81526dd973be,1,1,-0.890625,1.2421875,0.10594828713637978,0.8940517128636203,1.11045471882656,dann_matched,banglasarc3_binary+ben_sarc_binary,banglasarc3_binary,1
5422984065fd2576,1,0,1.0,-1.2734375,0.9066531214804244,0.09334687851957546,1.11045471882656,dann_matched,banglasarc3_binary+ben_sarc_binary,banglasarc3_binary,1
73b2db9434de0a4f,1,1,-0.81640625,0.98828125,0.1412814160007008,0.8587185839992991,1.11045471882656,dann_matched,banglasarc3_binary+ben_sarc_binary,banglasarc3_binary,1
7b755c23081cae77,1,1,-0.26367188,0.43554688,0.33198546376791266,0.6680145362320873,1.11045471882656,dann_matched,banglasarc3_binary+ben_sarc_binary,banglasarc3_binary,1
4df4505e1099e8b8,0,0,0.7109375,-1.046875,0.8529354795409523,0.14706452045904778,1.11045471882656,dann_matched,banglasarc3_binary+ben_sarc_binary,banglasarc3_binary,1
20d8bb2aacda3ef4,0,0,0.9375,-1.2734375,0.9012274112476257,0.09877258875237437,1.11045471882656,dann_matched,banglasarc3_binary+ben_sarc_binary,banglasarc3_binary,1
86168cedfa8908d4,1,1,-0.80859375,1.0,0.14080816966793647,0.8591918303320635,1.11045471882656,dann_matched,banglasarc3_binary+ben_sarc_binary,banglasarc3_binary,1
ffe0b07ccb36819b,1,1,-1.171875,1.4609375,0.06705628692511957,0.9329437130748804,1.11045471882656,dann_matched,banglasarc3_binary+ben_sarc_binary,banglasarc3_binary,1
0f006194b45e6c5f,1,1,-0.34765625,0.25976562,0.35264752715443837,0.6473524728455617,1.11045471882656,dann_matched,banglasarc3_binary+ben_sarc_binary,banglasarc3_binary,1
0032784830ddb818,0,0,1.078125,-1.109375,0.8991213772699436,0.10087862273005653,1.11045471882656,dann_matched,banglasarc3_binary+ben_sarc_binary,banglasarc3_binary,1
471ce8d0863df951,0,1,-0.875,0.96875,0.13660839002621938,0.8633916099737806,1.11045471882656,dann_matched,banglasarc3_binary+ben_sarc_binary,banglasarc3_binary,1
b8051eeb7d141427,1,1,-0.83984375,1.203125,0.1147647802656337,0.8852352197343663,1.11045471882656,dann_matched,banglasarc3_binary+ben_sarc_binary,banglasarc3_binary,1
13f5d731d71ec752,0,0,1.40625,-1.9296875,0.965641310666991,0.03435868933300902,1.11045471882656,dann_matched,banglasarc3_binary+ben_sarc_binary,banglasarc3_binary,1
53d67a30efe6b19e,0,1,-0.018676758,0.18066406,0.450329165938506,0.5496708340614939,1.11045471882656,dann_matched,banglasarc3_binary+ben_sarc_binary,banglasarc3_binary,1
002c1140ae3dde4e,1,0,0.875,-0.984375,0.8652240825770433,0.1347759174229568,1.11045471882656,dann_matched,banglasarc3_binary+ben_sarc_binary,banglasarc3_binary,1
03a3878f85634362,1,1,-1.171875,1.234375,0.08269734267503885,0.9173026573249612,1.11045471882656,dann_matched,banglasarc3_binary+ben_sarc_binary,banglasarc3_binary,1
15cf011d32f28273,1,1,-0.546875,0.73828125,0.21667379410865026,0.7833262058913498,1.11045471882656,dann_matched,banglasarc3_binary+ben_sarc_binary,banglasarc3_binary,1
39afb1a94688145e,1,0,0.024902344,-0.111816406,0.5341265462223723,0.46587345377762773,1.11045471882656,dann_matched,banglasarc3_binary+ben_sarc_binary,banglasarc3_binary,1
5f3e3a9180cef321,1,1,-0.37109375,0.51953125,0.29098086621490676,0.7090191337850932,1.11045471882656,dann_matched,banglasarc3_binary+ben_sarc_binary,banglasarc3_binary,1
4962ffafd1494e25,1,0,0.8671875,-1.125,0.8799743722456386,0.1200256277543614,1.11045471882656,dann_matched,banglasarc3_binary+ben_sarc_binary,banglasarc3_binary,1
2f76c0643b8dc919,1,1,-1.0,1.21875,0.09807932347046003,0.90192067652954,1.11045471882656,dann_matched,banglasarc3_binary+ben_sarc_binary,banglasarc3_binary,1
984ddd9e97dcc313,0,0,0.9140625,-1.1953125,0.8918110454379297,0.10818895456207035,1.11045471882656,dann_matched,banglasarc3_binary+ben_sarc_binary,banglasarc3_binary,1
37b55e10fbcaaa62,0,1,-0.6484375,0.73046875,0.20118471823927994,0.79881528176072,1.11045471882656,dann_matched,banglasarc3_binary+ben_sarc_binary,banglasarc3_binary,1
73d0ee7cb4b89e64,1,1,-0.8515625,0.91796875,0.14560063226034367,0.8543993677396563,1.11045471882656,dann_matched,banglasarc3_binary+ben_sarc_binary,banglasarc3_binary,1
67351714d10f07bb,1,1,-0.45703125,0.6953125,0.24006124795898495,0.7599387520410151,1.11045471882656,dann_matched,banglasarc3_binary+ben_sarc_binary,banglasarc3_binary,1
a4ebfa262a40ce6d,1,1,-0.8515625,1.0546875,0.12940273159163906,0.870597268408361,1.11045471882656,dann_matched,banglasarc3_binary+ben_sarc_binary,banglasarc3_binary,1
711787e882523b00,0,1,-0.375,0.30078125,0.3372035333548079,0.6627964666451921,1.11045471882656,dann_matched,banglasarc3_binary+ben_sarc_binary,banglasarc3_binary,1
46fef03e1665a7ca,0,1,-0.36132812,0.55078125,0.28656838788731553,0.7134316121126845,1.11045471882656,dann_matched,banglasarc3_binary+ben_sarc_binary,banglasarc3_binary,1
a76dc1c36dd7c504,0,0,0.6171875,-0.4375,0.7416740114308128,0.2583259885691872,1.11045471882656,dann_matched,banglasarc3_binary+ben_sarc_binary,banglasarc3_binary,1
d7b2d256a4143a25,1,0,0.41796875,-0.89453125,0.7879311956428947,0.21206880435710532,1.11045471882656,dann_matched,banglasarc3_binary+ben_sarc_binary,banglasarc3_binary,1
1b94ccf4d275d3d1,1,0,0.46875,-0.34570312,0.693057625573213,0.306942374426787,1.11045471882656,dann_matched,banglasarc3_binary+ben_sarc_binary,banglasarc3_binary,1
734ed3d8328829a9,1,1,-1.1015625,1.4453125,0.07263670636078697,0.927363293639213,1.11045471882656,dann_matched,banglasarc3_binary+ben_sarc_binary,banglasarc3_binary,1
a6b2d326016440e6,1,1,-0.47070312,0.66796875,0.24256428978896624,0.7574357102110338,1.11045471882656,dann_matched,banglasarc3_binary+ben_sarc_binary,banglasarc3_binary,1
31b230e3a9af4fda,0,0,0.8515625,-0.86328125,0.8474634859343486,0.15253651406565133,1.11045471882656,dann_matched,banglasarc3_binary+ben_sarc_binary,banglasarc3_binary,1
2220cd6a505565f7,0,0,1.5234375,-1.9453125,0.9697854129326061,0.03021458706739398,1.11045471882656,dann_matched,banglasarc3_binary+ben_sarc_binary,banglasarc3_binary,1
ce2b334fad8c3a5d,0,0,0.37109375,-0.69140625,0.7431680086124811,0.25683199138751883,1.11045471882656,dann_matched,banglasarc3_binary+ben_sarc_binary,banglasarc3_binary,1
722c6881b0dee379,1,1,-0.08691406,0.08886719,0.4561674946423043,0.5438325053576957,1.11045471882656,dann_matched,banglasarc3_binary+ben_sarc_binary,banglasarc3_binary,1
f1e88058df9310e0,1,0,0.7578125,-0.87109375,0.8360197508959527,0.16398024910404715,1.11045471882656,dann_matched,banglasarc3_binary+ben_sarc_binary,banglasarc3_binary,1
e2b5924ce46e4127,1,1,-0.103515625,0.19042969,0.4270382647757372,0.5729617352242629,1.11045471882656,dann_matched,banglasarc3_binary+ben_sarc_binary,banglasarc3_binary,1
8aa47f0f19a6b655,0,0,1.5,-1.84375,0.9658995742876885,0.03410042571231151,1.11045471882656,dann_matched,banglasarc3_binary+ben_sarc_binary,banglasarc3_binary,1
366e2c4f0de8d88d,0,1,-1.0625,1.2578125,0.08945460216888064,0.9105453978311193,1.11045471882656,dann_matched,banglasarc3_binary+ben_sarc_binary,banglasarc3_binary,1
49e7e0b2adafbcd1,0,0,1.21875,-1.3984375,0.9319595797274409,0.06804042027255897,1.11045471882656,dann_matched,banglasarc3_binary+ben_sarc_binary,banglasarc3_binary,1
aae4075a20d3ba22,0,0,0.296875,-0.27539062,0.6392857917672555,0.3607142082327444,1.11045471882656,dann_matched,banglasarc3_binary+ben_sarc_binary,banglasarc3_binary,1
f70f4b9f132b9352,0,0,0.13769531,-0.36523438,0.623147571229474,0.37685242877052594,1.11045471882656,dann_matched,banglasarc3_binary+ben_sarc_binary,banglasarc3_binary,1
e868e8fa9c38e342,0,0,1.1875,-1.3125,0.9241418199787566,0.07585818002124356,1.11045471882656,dann_matched,banglasarc3_binary+ben_sarc_binary,banglasarc3_binary,1
34f804166b33a246,1,1,-1.1171875,1.328125,0.079782013464093,0.9202179865359069,1.11045471882656,dann_matched,banglasarc3_binary+ben_sarc_binary,banglasarc3_binary,1
186dcee2e7df2920,1,1,-0.90625,1.1171875,0.11676401359822318,0.8832359864017768,1.11045471882656,dann_matched,banglasarc3_binary+ben_sarc_binary,banglasarc3_binary,1
992528b2a23ee70a,0,0,0.90625,-1.3828125,0.90796713988899,0.09203286011100995,1.11045471882656,dann_matched,banglasarc3_binary+ben_sarc_binary,banglasarc3_binary,1
63b9ff3f715bfb2f,0,0,1.3828125,-1.8984375,0.9637799441350253,0.036220055864974746,1.11045471882656,dann_matched,banglasarc3_binary+ben_sarc_binary,banglasarc3_binary,1
52a86f6315459641,1,1,-0.671875,0.72265625,0.1986853537904252,0.8013146462095748,1.11045471882656,dann_matched,banglasarc3_binary+ben_sarc_binary,banglasarc3_binary,1
875e2c2018999836,0,0,1.421875,-1.5859375,0.9529258241789759,0.04707417582102406,1.11045471882656,dann_matched,banglasarc3_binary+ben_sarc_binary,banglasarc3_binary,1
b0853ab27aae530b,0,0,0.5078125,-0.42578125,0.7178038103402775,0.2821961896597225,1.11045471882656,dann_matched,banglasarc3_binary+ben_sarc_binary,banglasarc3_binary,1
2360a4258810318d,0,1,-0.56640625,0.70703125,0.21866937668390204,0.7813306233160979,1.11045471882656,dann_matched,banglasarc3_binary+ben_sarc_binary,banglasarc3_binary,1
6691a7d1596c1c0e,0,0,0.6796875,-1.046875,0.8489721980074492,0.15102780199255098,1.11045471882656,dann_matched,banglasarc3_binary+ben_sarc_binary,banglasarc3_binary,1
c7c7d1e79083dbae,0,0,0.28320312,-0.23339844,0.626352755201065,0.37364724479893485,1.11045471882656,dann_matched,banglasarc3_binary+ben_sarc_binary,banglasarc3_binary,1
07edd2171dff4faa,1,1,-0.94921875,1.1171875,0.11240508853787773,0.8875949114621223,1.11045471882656,dann_matched,banglasarc3_binary+ben_sarc_binary,banglasarc3_binary,1
2652e297e664589c,1,1,-0.96484375,1.046875,0.11797800859538259,0.8820219914046175,1.11045471882656,dann_matched,banglasarc3_binary+ben_sarc_binary,banglasarc3_binary,1
ce6d32b468635b62,1,1,-0.8359375,1.1796875,0.11757213354550883,0.8824278664544911,1.11045471882656,dann_matched,banglasarc3_binary+ben_sarc_binary,banglasarc3_binary,1
112e0419a2dcbd6c,0,1,-0.87890625,1.15625,0.11556087394148318,0.8844391260585168,1.11045471882656,dann_matched,banglasarc3_binary+ben_sarc_binary,banglasarc3_binary,1
175f493bd4aa3997,1,1,-0.09326172,0.24414062,0.41644061649895553,0.5835593835010445,1.11045471882656,dann_matched,banglasarc3_binary+ben_sarc_binary,banglasarc3_binary,1
15319cb8ed77aaa8,1,1,-0.796875,0.9296875,0.15102780199255098,0.8489721980074492,1.11045471882656,dann_matched,banglasarc3_binary+ben_sarc_binary,banglasarc3_binary,1
