item_id,gold_label,pred_label,logit_0,logit_1,prob_0,prob_1,temperature,system,source,target,seed
75b57cb785399524,1,1,-0.26171875,0.49023438,0.3203958736819564,0.6796041263180436,0.9510935251987315,dann_matched,banglasarc_binary+ben_sarc_binary,banglasarc3_binary,1
ea89903ebde9ec48,0,0,1.4296875,-1.671875,0.9569571506599678,0.04304284934003218,0.9510935251987315,dann_matched,banglasarc_binary+ben_sarc_binary,banglasarc3_binary,1
7985dbfde1b7e765,1,0,0.55078125,-0.2578125,0.6918097600232571,0.3081902399767429,0.9510935251987315,dann_matched,banglasarc_binary+ben_sarc_binary,banglasarc3_binary,1
d0c67c93af7f80e7,0,0,0.69140625,-0.76953125,0.811676021090197,0.1883239789098031,0.9510935251987315,dann_matched,banglasarc_binary+ben_sarc_binary,banglasarc3_binary,1
050e2a5781c6d2a8,1,1,-0.953125,1.234375,0.10087862273005653,0.8991213772699436,0.9510935251987315,dann_matched,banglasarc_binary+ben_sarc_binary,banglasarc3_binary,1
510f4f1ce14fbaae,1,0,0.25195312,0.055419922,0.5489757602184923,0.4510242397815077,0.9510935251987315,dann_matched,banglasarc_binary+ben_sarc_binary,banglasarc3_binary,1
1e477c743f0a9075,0,0,0.45703125,-0.35546875,0.6926419831347361,0.30735801686526387,0.9510935251987315,dann_matched,banglasarc_binary+ben_sarc_binary,banglasarc3_binary,1
8bc8673823772559,1,0,0.28515625,0.12109375,0.5409238721893666,0.45907612781063356,0.9510935251987315,dann_matched,banglasarc_binary+ben_sarc_binary,banglasarc3_binary,1
bd8f33b2d8745739,1,1,-0.84765625,1.2421875,0.11008788101422484,0.8899121189857752,0.9510935251987315,dann_matched,banglasarc_binary+ben_sarc_binary,banglasarc3_binary,1
f38f331e6bcc6f51,0,0,1.8125,-2.046875,0.9793540692607815,0.020645930739218447,0.9510935251987315,dann_matched,banglasarc_binary+ben_sarc_binary,banglasarc3_binary,1
711571c05022201a,1,1,-1.09375,1.4296875,0.07423137046083579,0.9257686295391643,0.9510935251987315,dann_matched,banglasarc_binary+ben_sarc_binary,banglasarc3_binary,1
e16f46a1ebdb3d2c,1,1,-0.53125,0.78125,0.21206880435710532,0.7879311956428947,0.9510935251987315,dann_matched,banglasarc_binary+ben_sarc_binary,banglasarc3_binary,1
96f8f1c864b37ed7,0,1,-0.64453125,0.96484375,0.16667540468797667,0.8333245953120233,0.9510935251987315,dann_matched,banglasarc_binary+ben_sarc_binary,banglasarc3_binary,1
f479880c55bd2491,0,1,-0.60546875,0.8515625,0.18892180778557252,0.8110781922144276,0.9510935251987315,dann_matched,banglasarc_binary+ben_sarc_binary,banglasarc3_binary,1
65fbbf2f8d05469a,1,0,0.46289062,-0.20898438,0.6619228758499942,0.33807712415000585,0.9510935251987315,dann_matched,banglasarc_binary+ben_sarc_binary,banglasarc3_binary,1
8c201fa1f055e850,1,0,1.015625,-1.0,0.8824278664544911,0.11757213354550883,0.9510935251987315,dann_matched,banglasarc_binary+ben_sarc_binary,banglasarc3_binary,1
eb85c00573b45dd3,1,1,-0.17382812,0.45117188,0.34864513533394575,0.6513548646660542,0.9510935251987315,dann_matched,banglasarc_binary+ben_sarc_binary,banglasarc3_binary,1
db73ddb0d256ba8f,1,0,0.55078125,-0.31054688,0.7029380630124772,0.2970619369875227,0.9510935251987315,dann_matched,banglasarc_binary+ben_sarc_binary,banglasarc3_binary,1
108f2ff9574fa860,1,1,-0.10058594,0.56640625,0.33917066715264604,0.660829332847354,0.9510935251987315,dann_matched,banglasarc_binary+ben_sarc_binary,banglasarc3_binary,1
651cfe2be094f7d4,0,0,0.66015625,-0.7734375,0.8074606461386356,0.19253935386136437,0.9510935251987315,dann_matched,banglasarc_binary+ben_sarc_binary,banglasarc3_binary,1
701194ab8ff79d41,1,1,-1.0390625,1.2734375,0.09009299396195182,0.9099070060380482,0.9510935251987315,dann_matched,banglasarc_binary+ben_sarc_binary,banglasarc3_binary,1
7d54a3089303d820,1,1,-0.796875,1.203125,0.11920292202211755,0.8807970779778823,0.9510935251987315,dann_matched,banglasarc_binary+ben_sarc_binary,banglasarc3_binary,1
07a4bfe2a5a2e5ca,1,1,-0.37890625,0.68359375,0.25683199138751883,0.7431680086124811,0.9510935251987315,dann_matched,banglasarc_binary+ben_sarc_binary,banglasarc3_binary,1
8e8d800bdbdaaff7,0,0,0.71484375,-0.4921875,0.769773241471674,0.23022675852832591,0.9510935251987315,dann_matched,banglasarc_binary+ben_sarc_binary,banglasarc3_binary,1
ce91a1211be5691e,0,0,0.23535156,0.040527344,0.5485525780206914,0.4514474219793086,0.9510935251987315,dann_matched,banglasarc_binary+ben_sarc_binary,banglasarc3_binary,1
b67fe2f1724da4fc,0,1,-0.16796875,0.43945312,0.35264752715443837,0.6473524728455617,0.9510935251987315,dann_matched,banglasarc_binary+ben_sarc_binary,banglasarc3_binary,1
c82b33bcfb8e93ad,1,1,-1.015625,1.3359375,0.08694165672789168,0.9130583432721083,0.9510935251987315,dann_matched,banglasarc_binary+ben_sarc_binary,banglasarc3_binary,1
94ad7e948eed42c2,1,1,-0.43164062,0.72265625,0.23970511667987746,0.7602948833201225,0.9510935251987315,dann_matched,banglasarc_binary+ben_sarc_binary,banglasarc3_binary,1
7065829cdc40567b,1,1,-0.8046875,1.0,0.1412814160007008,0.8587185839992991,0.9510935251987315,dann_matched,banglasarc_binary+ben_sarc_binary,banglasarc3_binary,1
80cf082fa6d9ed32,0,0,0.27929688,-0.21972656,0.6222298079588998,0.3777701920411003,0.9510935251987315,dann_matched,banglasarc_binary+ben_sarc_binary,banglasarc3_binary,1
082cc009d05d3e6a,0,0,0.6171875,-0.34375,0.7233094689745646,0.27669053102543534,0.9510935251987315,dann_matched,banglasarc_binary+ben_sarc_binary,banglasarc3_binary,1
91675e6a7e696d31,1,1,-1.125,1.4609375,0.07004896087717674,0.9299510391228232,0.9510935251987315,dann_matched,banglasarc_binary+ben_sarc_binary,banglasarc3_binary,1
0f26e9a22c5ac1d7,0,1,-0.45507812,0.8359375,0.21568095536429607,0.7843190446357039,0.9510935251987315,dann_matched,banglasarc_binary+ben_sarc_binary,banglasarc3_binary,1
9a4c63e1a0b50046,0,0,0.71484375,-0.75390625,0.8128673178375735,0.1871326821624266,0.9510935251987315,dann_matched,banglasarc_binary+ben_sarc_binary,banglasarc3_binary,1
dd8a11641c9c1035,1,0,0.25,0.0053710938,0.5608540531924807,0.4391459468075193,0.9510935251987315,dann_matched,banglasarc_binary+ben_sarc_binary,banglasarc3_binary,1
947e78373e8ee90d,1,1,-0.30859375,0.7734375,0.2531218139565015,0.7468781860434985,0.9510935251987315,dann_matched,banglasarc_binary+ben_sarc_binary,banglasarc3_binary,1
a93bffde267df6fb,0,1,0.07128906,0.32226562,0.43758314841204154,0.5624168515879584,0.9510935251987315,dann_matched,banglasarc_binary+ben_sarc_binary,banglasarc3_binary,1
2b6006a4aa890634,0,1,-0.51953125,0.86328125,0.2005576797447963,0.7994423202552038,0.9510935251987315,dann_matched,banglasarc_binary+ben_sarc_binary,banglasarc3_binary,1
08c0f13f45787db9,0,0,0.46875,-0.40234375,0.7049732336450086,0.29502676635499137,0.9510935251987315,dann_matched,banglasarc_binary+ben_sarc_binary,banglasarc3_binary,1
ec266bb4c5478b18,1,1,-0.640625,0.95703125,0.16830944120734956,0.8316905587926504,0.9510935251987315,dann_matched,banglasarc_binary+ben_sarc_binary,banglasarc3_binary,1
073d86cef983e918,1,0,0.4375,-0.19824219,0.6537903431187989,0.34620965688120114,0.9510935251987315,dann_matched,banglasarc_binary+ben_sarc_binary,banglasarc3_binary,1
67edcfa910eb831c,1,1,-0.2578125,0.47070312,0.3255205477769307,0.6744794522230694,0.9510935251987315,dann_matched,banglasarc_binary+ben_sarc_binary,banglasarc3_binary,1
04d2c1127101c192,1,1,0.022460938,0.061279297,0.49029662859823203,0.509703371401768,0.9510935251987315,dann_matched,banglasarc_binary+ben_sarc_binary,banglasarc3_binary,1
876b4804c6fc5b43,1,1,-0.8984375,1.171875,0.11201595092000367,0.8879840490799963,0.9510935251987315,dann_matched,banglasarc_binary+ben_sarc_binary,banglasarc3_binary,1
34dbd0864564cfc0,0,0,0.48242188,-0.23242188,0.6714705667356973,0.3285294332643027,0.9510935251987315,dann_matched,banglasarc_binary+ben_sarc_binary,banglasarc3_binary,1
63a49fd32ab811fd,0,1,-0.40625,0.578125,0.2720245510940225,0.7279754489059775,0.9510935251987315,dann_matched,banglasarc_binary+ben_sarc_binary,banglasarc3_binary,1
265176b36196d1b2,0,1,-0.33007812,0.61328125,0.28022226421698404,0.719777735783016,0.9510935251987315,dann_matched,banglasarc_binary+ben_sarc_binary,banglasarc3_binary,1
96de00b59977a347,1,0,0.20605469,0.15625,0.5124485987451222,0.48755140125487784,0.9510935251987315,dann_matched,banglasarc_binary+ben_sarc_binary,banglasarc3_binary,1
4a51117b4af25a2c,1,1,-0.8984375,1.28125,0.10158944591881586,0.8984105540811842,0.9510935251987315,dann_matched,banglasarc_binary+ben_sarc_binary,banglasarc3_binary,1
aaa1c8bb9251740a,1,1,-0.060791016,0.14453125,0.448849006156473,0.551150993843527,0.9510935251987315,dann_matched,banglasarc_binary+ben_sarc_binary,banglasarc3_binary,1
b956c99bea48b45e,0,0,0.23632812,-0.044677734,0.5697928064956514,0.4302071935043485,0.9510935251987315,dann_matched,banglasarc_binary+ben_sarc_binary,banglasarc3_binary,1
a7f029b1664720b2,0,0,0.9921875,-0.9921875,0.8791467675095294,0.12085323249047067,0.9510935251987315,dann_matched,banglasarc_binary+ben_sarc_binary,banglasarc3_binary,1
1f65da3aad7897f2,0,0,1.765625,-2.0625,0.9787126482065489,0.021287351793451054,0.9510935251987315,dann_matched,banglasarc_binary+ben_sarc_binary,banglasarc3_binary,1
e299df642da32c11,1,1,-0.38867188,0.625,0.2662618740342962,0.7337381259657038,0.9510935251987315,dann_matched,banglasarc_binary+ben_sarc_binary,banglasarc3_binary,1
281dcf0e5128a950,1,1,-0.71875,1.1015625,0.13939637966532398,0.8606036203346761,0.9510935251987315,dann_matched,banglasarc_binary+ben_sarc_binary,banglasarc3_binary,1
4d19d4857cf11f76,1,0,1.109375,-1.015625,0.8933094060543487,0.10669059394565118,0.9510935251987315,dann_matched,banglasarc_binary+ben_sarc_binary,banglasarc3_binary,1
0a1efda3664119ed,0,0,0.27734375,0.03930664,0.5592298691799314,0.4407701308200685,0.9510935251987315,dann_matched,banglasarc_binary+ben_sarc_binary,banglasarc3_binary,1
222513aed35eef7e,0,1,-0.109375,0.27148438,0.4059196429977849,0.5940803570022152,0.9510935251987315,dann_matched,banglasarc_binary+ben_sarc_binary,banglasarc3_binary,1
39fe6dafd7939acc,0,0,1.2421875,-1.265625,0.9246876936763765,0.07531230632362355,0.9510935251987315,dann_matched,banglasarc_binary+ben_sarc_binary,banglasarc3_binary,1
a27193d4c497eccb,0,0,0.3046875,-0.13183594,0.6074303244307563,0.3925696755692437,0.9510935251987315,dann_matched,banglasarc_binary+ben_sarc_binary,banglasarc3_binary,1
a6de149712c45c7c,1,1,0.07421875,0.19726562,0.469277034978481,0.5307229650215189,0.9510935251987315,dann_matched,banglasarc_binary+ben_sarc_binary,banglasarc3_binary,1
73ec3e5aee767003,0,0,0.60546875,-0.5390625,0.758510610284809,0.24148938971519088,0.9510935251987315,dann_matched,banglasarc_binary+ben_sarc_binary,banglasarc3_binary,1
7be88e4c070ecb7c,0,0,0.7578125,-0.87890625,0.8370879625470882,0.16291203745291188,0.9510935251987315,dann_matched,banglasarc_binary+ben_sarc_binary,banglasarc3_binary,1
e1692847746aaeb7,0,1,-0.69921875,1.0078125,0.15354917288301603,0.8464508271169839,0.9510935251987315,dann_matched,banglasarc_binary+ben_sarc_binary,banglasarc3_binary,1
affe88ed42c09f2b,0,1,0.16308594,0.24023438,0.48072245115037204,0.519277548849628,0.9510935251987315,dann_matched,banglasarc_binary+ben_sarc_binary,banglasarc3_binary,1
c26d77ece62c8a34,0,1,0.020263672,0.26953125,0.43800378130247075,0.5619962186975294,0.9510935251987315,dann_matched,banglasarc_binary+ben_sarc_binary,banglasarc3_binary,1
4562504c76eb98bd,1,1,0.05419922,0.2109375,0.4608954533485018,0.5391045466514982,0.9510935251987315,dann_matched,banglasarc_binary+ben_sarc_binary,banglasarc3_binary,1
c31bf7af3cca52d5,0,0,1.1875,-1.375,0.9284088005554476,0.07159119944455247,0.9510935251987315,dann_matched,banglasarc_binary+ben_sarc_binary,banglasarc3_binary,1
d60439bc7741539c,1,0,0.703125,-0.625,0.7905303186696747,0.20946968133032526,0.9510935251987315,dann_matched,banglasarc_binary+ben_sarc_binary,banglasarc3_binary,1
e0c3a628a2e7801f,1,0,0.296875,-0.06591797,0.5897163644997935,0.41028363550020663,0.9510935251987315,dann_matched,banglasarc_binary+ben_sarc_binary,banglasarc3_binary,1
0cd82b6dca6fe2e1,1,1,-0.453125,0.859375,0.21206880435710532,0.7879311956428947,0.9510935251987315,dann_matched,banglasarc_binary+ben_sarc_binary,banglasarc3_binary,1
1d09754dbb62cc6b,1,0,0.1796875,-0.055908203,0.5586279957692165,0.4413720042307835,0.9510935251987315,dann_matched,banglasarc_binary+ben_sarc_binary,banglasarc3_binary,1
c311ed8c137856aa,1,0,0.5,-0.4921875,0.7295197779697509,0.2704802220302491,0.9510935251987315,dann_matched,banglasarc_binary+ben_sarc_binary,banglasarc3_binary,1
7071237a4ec6c93c,1,1,-0.31640625,0.6640625,0.2727987833151383,0.7272012166848617,0.9510935251987315,dann_matched,banglasarc_binary+ben_sarc_binary,banglasarc3_binary,1
406cc3cc6af1c396,0,1,-1.046875,1.359375,0.08269734267503885,0.9173026573249612,0.9510935251987315,dann_matched,banglasarc_binary+ben_sarc_binary,banglasarc3_binary,1
5017f4130c84f906,1,0,0.25390625,0.024902344,0.5570020816812027,0.44299791831879726,0.9510935251987315,dann_matched,banglasarc_binary+ben_sarc_binary,banglasarc3_binary,1
dda9d98881ec3a10,0,0,0.63671875,-0.53515625,0.7634837635542924,0.23651623644570763,0.9510935251987315,dann_matched,banglasarc_binary+ben_sarc_binary,banglasarc3_binary,1
44526b65a93bf812,0,0,0.33984375,-0.24609375,0.6424324776295582,0.3575675223704418,0.9510935251987315,dann_matched,banglasarc_binary+ben_sarc_binary,banglasarc3_binary,1
045171b67bd95561,0,0,0.4375,-0.4921875,0.7170118817172945,0.28298811828270554,0.9510935251987315,dann_matched,banglasarc_binary+ben_sarc_binary,banglasarc3_binary,1
008c34b815bb55fd,0,1,-0.42773438,0.44140625,0.29543315152184185,0.7045668484781581,0.9510935251987315,dann_matched,banglasarc_binary+ben_sarc_binary,banglasarc3_binary,1
aca0a6cea18374f2,0,0,0.57421875,-0.36132812,0.7181992699169054,0.2818007300830946,0.9510935251987315,dann_matched,banglasarc_binary+ben_sarc_binary,banglasarc3_binary,1
51e0fcfbe89577bb,1,1,-0.46875,0.9609375,0.19314738002256465,0.8068526199774353,0.9510935251987315,dann_matched,banglasarc_binary+ben_sarc_binary,banglasarc3_binary,1
0cd747c951646fc6,1,1,0.16308594,0.25976562,0.4758488868231692,0.5241511131768308,0.9510935251987315,dann_matched,banglasarc_binary+ben_sarc_binary,banglasarc3_binary,1
2a8dc43b96afa2e7,1,1,-0.62109375,1.0234375,0.16184943726558834,0.8381505627344117,0.9510935251987315,dann_matched,banglasarc_binary+ben_sarc_binary,banglasarc3_binary,1
4dacd616983d14ed,1,0,1.1875,-0.9765625,0.896975571673783,0.1030244283262171,0.9510935251987315,dann_matched,banglasarc_binary+ben_sarc_binary,banglasarc3_binary,1
8e45e4191312d057,0,0,0.90234375,-0.92578125,0.8615382094310357,0.13846179056896438,0.9510935251987315,dann_matched,banglasarc_binary+ben_sarc_binary,banglasarc3_binary,1
a30ac9245fef57e8,0,1,-0.5078125,0.7578125,0.22000709974589314,0.7799929002541067,0.9510935251987315,dann_matched,banglasarc_binary+ben_sarc_binary,banglasarc3_binary,1
1ba578744dcf18f2,0,1,0.0015869141,0.18359375,0.4546234856254939,0.5453765143745062,0.9510935251987315,dann_matched,banglasarc_binary+ben_sarc_binary,banglasarc3_binary,1
a61d6c2433486af9,0,1,0.04296875,0.3828125,0.41584743255691237,0.5841525674430875,0.9510935251987315,dann_matched,banglasarc_binary+ben_sarc_binary,banglasarc3_binary,1
8cb4b0e68d2b2280,0,0,0.13476562,-0.088378906,0.5555557975149967,0.44444420248500327,0.9510935251987315,dann_matched,banglasarc_binary+ben_sarc_binary,banglasarc3_binary,1
5862ad605fad8a15,1,1,-0.72265625,0.98046875,0.15405756269148546,0.8459424373085146,0.9510935251987315,dann_matched,banglasarc_binary+ben_sarc_binary,banglasarc3_binary,1
cdf0634800d69305,1,0,0.36132812,-0.03955078,0.5988988084555054,0.4011011915444947,0.9510935251987315,dann_matched,banglasarc_binary+ben_sarc_binary,banglasarc3_binary,1
778c43b485a168af,1,0,1.4609375,-1.7890625,0.9626731126558706,0.037326887344129464,0.9510935251987315,dann_matched,banglasarc_binary+ben_sarc_binary,banglasarc3_binary,1
1df9d37a3cec5465,0,0,0.5390625,-0.546875,0.74761595472359,0.2523840452764101,0.9510935251987315,dann_matched,banglasarc_binary+ben_sarc_binary,banglasarc3_binary,1
47b74426cb84e137,1,0,0.14453125,0.01940918,0.5312397719364985,0.4687602280635015,0.9510935251987315,dann_matched,banglasarc_binary+ben_sarc_binary,banglasarc3_binary,1
3f468b17c098db0b,0,0,0.16210938,0.080566406,0.5203744538588798,0.47962554614112024,0.9510935251987315,dann_matched,banglasarc_binary+ben_sarc_binary,banglasarc3_binary,1
e8eed6879adc1fb9,1,1,-0.12207031,0.35742188,0.3823720449257363,0.6176279550742637,0.9510935251987315,dann_matched,banglasarc_binary+ben_sarc_binary,banglasarc3_binary,1
59adf653819d9fe1,0,0,0.58203125,-0.37890625,0.7233094689745646,0.27669053102543534,0.9510935251987315,dann_matched,banglasarc_binary+ben_sarc_binary,banglasarc3_binary,1
ab24e7278a3aa349,1,1,-0.103515625,0.48242188,0.3575675223704418,0.6424324776295582,0.9510935251987315,dann_matched,banglasarc_binary+ben_sarc_binary,banglasarc3_binary,1
e3d3248598f096fa,1,1,-0.25585938,0.515625,0.31615809364983244,0.6838419063501675,0.9510935251987315,dann_matched,banglasarc_binary+ben_sarc_binary,banglasarc3_binary,1
cc1dab7c4d3e2fa9,1,1,0.014892578,0.3125,0.42614247271051886,0.5738575272894811,0.9510935251987315,dann_matched,banglasarc_binary+ben_sarc_binary,banglasarc3_binary,1
f7a48562ed437eea,0,0,1.0,-0.8984375,0.8697145792507666,0.13028542074923347,0.9510935251987315,dann_matched,banglasarc_binary+ben_sarc_binary,banglasarc3_binary,1
b2ae48f6c244c3b3,1,0,0.27929688,-0.10449219,0.5947866527017444,0.4052133472982556,0.9510935251987315,dann_matched,banglasarc_binary+ben_sarc_binary,banglasarc3_binary,1
6d69a5e5443ef4a0,0,1,-0.70703125,0.953125,0.15974102335538914,0.8402589766446108,0.9510935251987315,dann_matched,banglasarc_binary+ben_sarc_binary,banglasarc3_binary,1
17e9568c1bec66f3,1,0,1.4140625,-1.625,0.9543079676184154,0.04569203238158463,0.9510935251987315,dann_matched,banglasarc_binary+ben_sarc_binary,banglasarc3_binary,1
432511856befb10b,0,0,1.28125,-1.4765625,0.9403530570548787,0.0596469429451214,0.9510935251987315,dann_matched,banglasarc_binary+ben_sarc_binary,banglasarc3_binary,1
b7be99240747d7b9,0,0,0.17675781,-0.08691406,0.5655387048199066,0.4344612951800934,0.9510935251987315,dann_matched,banglasarc_binary+ben_sarc_binary,banglasarc3_binary,1
88421f62e8ff3b41,1,0,0.81640625,-0.77734375,0.8311430478583168,0.16885695214168314,0.9510935251987315,dann_matched,banglasarc_binary+ben_sarc_binary,banglasarc3_binary,1
3e2207ffcf3ee105,0,1,-0.16992188,0.40039062,0.3611647202343208,0.6388352797656791,0.9510935251987315,dann_matched,banglasarc_binary+ben_sarc_binary,banglasarc3_binary,1
f95cec4307ef3024,0,0,0.43164062,-0.4609375,0.7094219203984623,0.29057807960153764,0.9510935251987315,dann_matched,banglasarc_binary+ben_sarc_binary,banglasarc3_binary,1
26b12ba4953ff47f,1,1,-0.63671875,0.99609375,0.1634454411084719,0.8365545588915281,0.9510935251987315,dann_matched,banglasarc_binary+ben_sarc_binary,banglasarc3_binary,1
9e6fb96648d97dc0,0,1,-0.50390625,0.66015625,0.23792989161116973,0.7620701083888303,0.9510935251987315,dann_matched,banglasarc_binary+ben_sarc_binary,banglasarc3_binary,1
a4b8f5a2bfe6f63a,1,1,-0.49609375,0.83203125,0.20946968133032526,0.7905303186696747,0.9510935251987315,dann_matched,banglasarc_binary+ben_sarc_binary,banglasarc3_binary,1
c7e2731135ca9edc,1,1,-0.0071105957,0.26757812,0.4317563850359364,0.5682436149640636,0.9510935251987315,dann_matched,banglasarc_binary+ben_sarc_binary,banglasarc3_binary,1
a5f5e1447f81c7c1,0,0,1.4453125,-1.2265625,0.9353465116437761,0.06465348835622392,0.9510935251987315,dann_matched,banglasarc_binary+ben_sarc_binary,banglasarc3_binary,1
c2122763b56ffbf5,1,0,0.875,-1.0234375,0.8697145792507666,0.13028542074923347,0.9510935251987315,dann_matched,banglasarc_binary+ben_sarc_binary,banglasarc3_binary,1
d89f0be1f7612e43,1,1,-1.1328125,1.4453125,0.07055959618729296,0.9294404038127071,0.9510935251987315,dann_matched,banglasarc_binary+ben_sarc_binary,banglasarc3_binary,1
83ff80d11d2cfe42,0,1,-0.78515625,1.2578125,0.1147647802656337,0.8852352197343663,0.9510935251987315,dann_matched,banglasarc_binary+ben_sarc_binary,banglasarc3_binary,1
ff19766f243a9d57,1,1,-0.72265625,1.0859375,0.14080816966793647,0.8591918303320635,0.9510935251987315,dann_matched,banglasarc_binary+ben_sarc_binary,banglasarc3_binary,1
e8bd3886d550c247,1,0,0.09472656,-0.07910156,0.5433479352941699,0.45665206470583,0.9510935251987315,dann_matched,banglasarc_binary+ben_sarc_binary,banglasarc3_binary,1
0cb293f08063597d,1,0,0.89453125,-0.671875,0.8272706871360163,0.1727293128639838,0.9510935251987315,dann_matched,banglasarc_binary+ben_sarc_binary,banglasarc3_binary,1
bd4e9e3bdd01a022,1,0,0.7421875,-0.16113281,0.7116313496596886,0.28836865034031145,0.9510935251987315,dann_matched,banglasarc_binary+ben_sarc_binary,banglasarc3_binary,1
5b22a3f51d681541,0,0,1.734375,-1.625,0.9664104943498959,0.033589505650103976,0.9510935251987315,dann_matched,banglasarc_binary+ben_sarc_binary,banglasarc3_binary,1
5e682d52ed383d6b,0,1,0.08886719,0.100097656,0.4971924123209866,0.5028075876790135,0.9510935251987315,dann_matched,banglasarc_binary+ben_sarc_binary,banglasarc3_binary,1
baad976c4d644487,0,0,0.890625,-1.0625,0.8757869916479466,0.1242130083520534,0.9510935251987315,dann_matched,banglasarc_binary+ben_sarc_binary,banglasarc3_binary,1
dd9bd6b2bf6b34e5,1,1,-0.41210938,0.80859375,0.22781273730449897,0.772187262695501,0.9510935251987315,dann_matched,banglasarc_binary+ben_sarc_binary,banglasarc3_binary,1
cdbf9e38b718e84c,0,1,-0.8046875,1.0859375,0.13117322376181567,0.8688267762381844,0.9510935251987315,dann_matched,banglasarc_binary+ben_sarc_binary,banglasarc3_binary,1
4d0a57f210a73977,1,0,0.37304688,-0.265625,0.6544531744610249,0.3455468255389751,0.9510935251987315,dann_matched,banglasarc_binary+ben_sarc_binary,banglasarc3_binary,1
ab338dede5081252,0,1,-0.51171875,0.73046875,0.2240554492316947,0.7759445507683053,0.9510935251987315,dann_matched,banglasarc_binary+ben_sarc_binary,banglasarc3_binary,1
e36d944d14221a6c,0,0,0.18359375,-0.115722656,0.5742753981397511,0.42572460186024885,0.9510935251987315,dann_matched,banglasarc_binary+ben_sarc_binary,banglasarc3_binary,1
63ea034834c6a12c,0,0,0.15722656,0.009155273,0.5369503352526822,0.46304966474731774,0.9510935251987315,dann_matched,banglasarc_binary+ben_sarc_binary,banglasarc3_binary,1
1ead6e0bfd452d2b,1,1,-1.015625,1.34375,0.08632347658627028,0.9136765234137297,0.9510935251987315,dann_matched,banglasarc_binary+ben_sarc_binary,banglasarc3_binary,1
9fb91b24bd470ab7,0,1,-0.15917969,0.4375,0.35510369580494466,0.6448963041950554,0.9510935251987315,dann_matched,banglasarc_binary+ben_sarc_binary,banglasarc3_binary,1
7adb5d686301eb8f,1,0,0.20703125,-0.12109375,0.5813030906443133,0.41869690935568665,0.9510935251987315,dann_matched,banglasarc_binary+ben_sarc_binary,banglasarc3_binary,1
30a467ac9c6d2435,1,1,-0.71875,1.015625,0.1500288243424251,0.849971175657575,0.9510935251987315,dann_matched,banglasarc_binary+ben_sarc_binary,banglasarc3_binary,1
4e5a50b99551fa9f,0,0,0.89453125,-0.65625,0.825026539966124,0.17497346003387607,0.9510935251987315,dann_matched,banglasarc_binary+ben_sarc_binary,banglasarc3_binary,1
2cc5b657e99479ab,1,0,0.625,-0.3515625,0.7264256089751905,0.27357439102480946,0.9510935251987315,dann_matched,banglasarc_binary+ben_sarc_binary,banglasarc3_binary,1
60a819c9455826f5,0,0,0.43945312,-0.38085938,0.6943026711575786,0.3056973288424214,0.9510935251987315,dann_matched,banglasarc_binary+ben_sarc_binary,banglasarc3_binary,1
f387e0db7e685a99,0,0,0.640625,-0.67578125,0.7885831787993471,0.2114168212006529,0.9510935251987315,dann_matched,banglasarc_binary+ben_sarc_binary,banglasarc3_binary,1
0ccfba3f9e960460,1,0,0.67578125,-0.73046875,0.8031737963569016,0.1968262036430985,0.9510935251987315,dann_matched,banglasarc_binary+ben_sarc_binary,banglasarc3_binary,1
ddc2982c4d5b19bb,0,0,0.828125,-0.65234375,0.8146433721849758,0.18535662781502407,0.9510935251987315,dann_matched,banglasarc_binary+ben_sarc_binary,banglasarc3_binary,1
c9700acd4f20666a,1,1,-0.13671875,0.578125,0.3285294332643027,0.6714705667356973,0.9510935251987315,dann_matched,banglasarc_binary+ben_sarc_binary,banglasarc3_binary,1
d4943eed81c34c48,1,0,0.97265625,-0.84765625,0.8606036203346761,0.13939637966532398,0.9510935251987315,dann_matched,banglasarc_binary+ben_sarc_binary,banglasarc3_binary,1
2e2e4b889c9df812,1,1,-0.6015625,0.90234375,0.1818436430556475,0.8181563569443524,0.9510935251987315,dann_matched,banglasarc_binary+ben_sarc_binary,banglasarc3_binary,1
5ddbd9cf7f8b9e4e,1,0,1.09375,-1.1328125,0.9026096017480523,0.09739039825194779,0.9510935251987315,dann_matched,banglasarc_binary+ben_sarc_binary,banglasarc3_binary,1
0346c19c3d6e1abf,0,0,0.98046875,-0.91015625,0.8688267762381844,0.13117322376181567,0.9510935251987315,dann_matched,banglasarc_binary+ben_sarc_binary,banglasarc3_binary,1
c5d392cb407885e6,0,1,-0.12695312,0.59375,0.3272381688088603,0.6727618311911396,0.9510935251987315,dann_matched,banglasarc_binary+ben_sarc_binary,banglasarc3_binary,1
f4997612d5ea678a,0,1,-0.84765625,1.0625,0.12896329929010264,0.8710367007098975,0.9510935251987315,dann_matched,banglasarc_binary+ben_sarc_binary,banglasarc3_binary,1
5fb61d0d9878c215,0,1,-0.17578125,0.51171875,0.33458944125318596,0.665410558746814,0.9510935251987315,dann_matched,banglasarc_binary+ben_sarc_binary,banglasarc3_binary,1
a3b2337ee913ed3c,1,1,-0.08496094,0.20800781,0.42727722376070665,0.5727227762392935,0.9510935251987315,dann_matched,banglasarc_binary+ben_sarc_binary,banglasarc3_binary,1
218ac0a1387a629e,0,0,0.69921875,-0.53515625,0.7745833841649233,0.2254166158350767,0.9510935251987315,dann_matched,banglasarc_binary+ben_sarc_binary,banglasarc3_binary,1
18e844b31049008b,0,1,-0.026855469,0.19921875,0.443720941170279,0.556279058829721,0.9510935251987315,dann_matched,banglasarc_binary+ben_sarc_binary,banglasarc3_binary,1
cbed70c13bc0c9f0,1,1,-0.94140625,1.2890625,0.09704755697933022,0.9029524430206697,0.9510935251987315,dann_matched,banglasarc_binary+ben_sarc_binary,banglasarc3_binary,1
2ab1740ebfbd3e05,1,0,0.61328125,-0.50390625,0.7534666539902642,0.24653334600973575,0.9510935251987315,dann_matched,banglasarc_binary+ben_sarc_binary,banglasarc3_binary,1
0ac6a6a9e59b6038,1,1,-0.14453125,0.34179688,0.38075894824602846,0.6192410517539716,0.9510935251987315,dann_matched,banglasarc_binary+ben_sarc_binary,banglasarc3_binary,1
08f7a8e225bd8151,1,0,0.4453125,-0.45703125,0.711430905738061,0.2885690942619391,0.9510935251987315,dann_matched,banglasarc_binary+ben_sarc_binary,banglasarc3_binary,1
b09ce16653e41187,1,0,0.22460938,-0.060546875,0.5708098913740778,0.42919010862592216,0.9510935251987315,dann_matched,banglasarc_binary+ben_sarc_binary,banglasarc3_binary,1
d8186fbe40131e81,1,1,-0.06933594,0.26757812,0.41655928238774886,0.583440717612251,0.9510935251987315,dann_matched,banglasarc_binary+ben_sarc_binary,banglasarc3_binary,1
c89eaa10622b37e2,1,0,0.640625,-0.66015625,0.7859664367768047,0.2140335632231953,0.9510935251987315,dann_matched,banglasarc_binary+ben_sarc_binary,banglasarc3_binary,1
0ef139aef5b0b651,1,1,-0.94921875,1.375,0.08913693827254159,0.9108630617274585,0.9510935251987315,dann_matched,banglasarc_binary+ben_sarc_binary,banglasarc3_binary,1
2f577efec6c86515,1,1,-0.75390625,1.3046875,0.11318690654016261,0.8868130934598374,0.9510935251987315,dann_matched,banglasarc_binary+ben_sarc_binary,banglasarc3_binary,1
843e76141f5386ea,1,1,-1.015625,1.3046875,0.08945460216888064,0.9105453978311193,0.9510935251987315,dann_matched,banglasarc_binary+ben_sarc_binary,banglasarc3_binary,1
a6b139ef0507918c,0,0,0.19042969,-0.06738281,0.5640984800226174,0.43590151997738263,0.9510935251987315,dann_matched,banglasarc_binary+ben_sarc_binary,banglasarc3_binary,1
364f64d22ee2ac7a,0,0,0.4140625,-0.23535156,0.6568784108522014,0.34312158914779856,0.9510935251987315,dann_matched,banglasarc_binary+ben_sarc_binary,banglasarc3_binary,1
2ac3b1eefc9be85e,1,0,0.15917969,-0.067871094,0.5565200930902098,0.4434799069097902,0.9510935251987315,dann_matched,banglasarc_binary+ben_sarc_binary,banglasarc3_binary,1
adf94921ccf02eaa,1,1,-1.1171875,1.4375,0.07211220541293051,0.9278877945870695,0.9510935251987315,dann_matched,banglasarc_binary+ben_sarc_binary,banglasarc3_binary,1
a4d173afcf1ce29e,0,0,0.16796875,-0.028076172,0.5488548582208074,0.4511451417791926,0.9510935251987315,dann_matched,banglasarc_binary+ben_sarc_binary,banglasarc3_binary,1
503091a9ce967b64,1,1,0.099609375,0.19726562,0.4756053215677601,0.5243946784322399,0.9510935251987315,dann_matched,banglasarc_binary+ben_sarc_binary,banglasarc3_binary,1
4d1624fcf2e4e7d6,1,1,0.02709961,0.29492188,0.43344180356391815,0.5665581964360819,0.9510935251987315,dann_matched,banglasarc_binary+ben_sarc_binary,banglasarc3_binary,1
7bb7f9b1cb68aac0,0,0,1.34375,-1.46875,0.9433475746920261,0.05665242530797383,0.9510935251987315,dann_matched,banglasarc_binary+ben_sarc_binary,banglasarc3_binary,1
9b912e15d3d8493f,0,1,-1.1640625,1.3515625,0.07477004290796138,0.9252299570920387,0.9510935251987315,dann_matched,banglasarc_binary+ben_sarc_binary,banglasarc3_binary,1
3827617f21fba1e3,0,0,1.5703125,-1.9609375,0.9715639669551474,0.02843603304485266,0.9510935251987315,dann_matched,banglasarc_binary+ben_sarc_binary,banglasarc3_binary,1
bbfcd270940c6f50,0,1,-0.034179688,0.5078125,0.3677242704940616,0.6322757295059384,0.9510935251987315,dann_matched,banglasarc_binary+ben_sarc_binary,banglasarc3_binary,1
a5f9487af8a08111,1,1,-1.046875,1.3828125,0.08093670978361556,0.9190632902163844,0.9510935251987315,dann_matched,banglasarc_binary+ben_sarc_binary,banglasarc3_binary,1
b132c35de55abf62,1,0,0.30078125,-0.111816406,0.601710584219703,0.39828941578029703,0.9510935251987315,dann_matched,banglasarc_binary+ben_sarc_binary,banglasarc3_binary,1
49e50f5f6743b9a9,0,1,0.1328125,0.21972656,0.4782851522491421,0.521714847750858,0.9510935251987315,dann_matched,banglasarc_binary+ben_sarc_binary,banglasarc3_binary,1
bc2fea241ae6e245,0,0,1.5625,-1.609375,0.9597620573763841,0.04023794262361602,0.9510935251987315,dann_matched,banglasarc_binary+ben_sarc_binary,banglasarc3_binary,1
1ac9669da2a3b22a,0,0,1.1640625,-1.515625,0.9358173563909802,0.06418264360901972,0.9510935251987315,dann_matched,banglasarc_binary+ben_sarc_binary,banglasarc3_binary,1
c678ed32dfec8e9b,1,1,-0.6171875,0.97265625,0.16940588134972326,0.8305941186502768,0.9510935251987315,dann_matched,banglasarc_binary+ben_sarc_binary,banglasarc3_binary,1
1a46fdea53a04cce,0,1,-0.7421875,1.1875,0.126785173178859,0.8732148268211409,0.9510935251987315,dann_matched,banglasarc_binary+ben_sarc_binary,banglasarc3_binary,1
a27bf2e316d4219b,1,1,0.08105469,0.29492188,0.44673606920941844,0.5532639307905816,0.9510935251987315,dann_matched,banglasarc_binary+ben_sarc_binary,banglasarc3_binary,1
0cec6e06c0ba9f1e,0,0,1.8125,-1.8984375,0.976129165047569,0.023870834952430912,0.9510935251987315,dann_matched,banglasarc_binary+ben_sarc_binary,banglasarc3_binary,1
d6b2f0ee01c230dd,1,0,0.5,-0.15625,0.658417500561683,0.341582499438317,0.9510935251987315,dann_matched,banglasarc_binary+ben_sarc_binary,banglasarc3_binary,1
9eb091e9a9d4c695,0,1,-0.75,1.0546875,0.1412814160007008,0.8587185839992991,0.9510935251987315,dann_matched,banglasarc_binary+ben_sarc_binary,banglasarc3_binary,1
963ae71db6ff7e4f,0,1,0.022705078,0.15527344,0.46690636261808394,0.5330936373819161,0.9510935251987315,dann_matched,banglasarc_binary+ben_sarc_binary,banglasarc3_binary,1
9aabf8d92c3a8ef5,1,0,1.6015625,-2.125,0.9764905475924671,0.023509452407533014,0.9510935251987315,dann_matched,banglasarc_binary+ben_sarc_binary,banglasarc3_binary,1
1f00788c3c80def3,0,0,0.33203125,-0.29492188,0.6517982719334875,0.34820172806651245,0.9510935251987315,dann_matched,banglasarc_binary+ben_sarc_binary,banglasarc3_binary,1
b39f2b8134c7f61a,1,1,-0.14550781,0.5234375,0.33873304318448744,0.6612669568155125,0.9510935251987315,dann_matched,banglasarc_binary+ben_sarc_binary,banglasarc3_binary,1
a6a9b4365f236b0d,1,1,-0.80078125,1.015625,0.13986565348595606,0.8601343465140441,0.9510935251987315,dann_matched,banglasarc_binary+ben_sarc_binary,banglasarc3_binary,1
672f65575c01c938,1,1,-0.46289062,0.84765625,0.21239534653504913,0.7876046534649508,0.9510935251987315,dann_matched,banglasarc_binary+ben_sarc_binary,banglasarc3_binary,1
c361b64edd41d872,0,1,-0.6484375,1.0,0.16132023775174625,0.8386797622482537,0.9510935251987315,dann_matched,banglasarc_binary+ben_sarc_binary,banglasarc3_binary,1
89c73de9b852078e,0,0,0.087890625,0.06689453,0.5052488306161462,0.4947511693838538,0.9510935251987315,dann_matched,banglasarc_binary+ben_sarc_binary,banglasarc3_binary,1
ce8d47c1fb816aa3,0,0,1.8125,-1.875,0.9755769099458929,0.024423090054107213,0.9510935251987315,dann_matched,banglasarc_binary+ben_sarc_binary,banglasarc3_binary,1
456683ca31fa5e65,0,1,0.12792969,0.22363281,0.47609246356785623,0.5239075364321438,0.9510935251987315,dann_matched,banglasarc_binary+ben_sarc_binary,banglasarc3_binary,1
ebd8a51d0f72f8ae,0,1,-0.921875,1.28125,0.09947021388210707,0.9005297861178929,0.9510935251987315,dann_matched,banglasarc_binary+ben_sarc_binary,banglasarc3_binary,1
fb863821fda44d53,1,1,-0.89453125,1.2890625,0.10123348070699793,0.8987665192930021,0.9510935251987315,dann_matched,banglasarc_binary+ben_sarc_binary,banglasarc3_binary,1
3b470389b41a77d0,0,0,0.80078125,-0.80078125,0.8322366527818007,0.16776334721819924,0.9510935251987315,dann_matched,banglasarc_binary+ben_sarc_binary,banglasarc3_binary,1
7485ab52357fe573,0,0,1.265625,-1.265625,0.9263037302939515,0.07369626970604846,0.9510935251987315,dann_matched,banglasarc_binary+ben_sarc_binary,banglasarc3_binary,1
5d08e6dbd0a02098,0,0,1.5,-1.578125,0.9559813501370537,0.04401864986294638,0.9510935251987315,dann_matched,banglasarc_binary+ben_sarc_binary,banglasarc3_binary,1
bd8e1a4992f836d9,1,1,-1.3828125,1.71875,0.04304284934003218,0.9569571506599678,0.9510935251987315,dann_matched,banglasarc_binary+ben_sarc_binary,banglasarc3_binary,1
f54c8c8dd14b9ee4,1,0,0.3984375,-0.265625,0.6601723814146353,0.33982761858536475,0.9510935251987315,dann_matched,banglasarc_binary+ben_sarc_binary,banglasarc3_binary,1
93aa7ab3e702a390,1,1,-0.27148438,0.50390625,0.3153141611162926,0.6846858388837074,0.9510935251987315,dann_matched,banglasarc_binary+ben_sarc_binary,banglasarc3_binary,1
5d4df30470964289,0,0,1.5,-1.375,0.9465966702001757,0.053403329799824234,0.9510935251987315,dann_matched,banglasarc_binary+ben_sarc_binary,banglasarc3_binary,1
99413b6d85bd8b6a,1,1,0.12402344,0.27929688,0.4612594450824818,0.5387405549175182,0.9510935251987315,dann_matched,banglasarc_binary+ben_sarc_binary,banglasarc3_binary,1
b6c18248921fce54,1,0,0.66796875,-0.62890625,0.785308580887758,0.2146914191122419,0.9510935251987315,dann_matched,banglasarc_binary+ben_sarc_binary,banglasarc3_binary,1
1cabf2a505c66110,1,1,0.025024414,0.28515625,0.4353313002796034,0.5646686997203966,0.9510935251987315,dann_matched,banglasarc_binary+ben_sarc_binary,banglasarc3_binary,1
4e7d5694a62e5de3,1,1,-0.9140625,1.1484375,0.11279540628289324,0.8872045937171068,0.9510935251987315,dann_matched,banglasarc_binary+ben_sarc_binary,banglasarc3_binary,1
27bff07ea2567aff,0,1,-0.20507812,0.38671875,0.3562226740350589,0.643777325964941,0.9510935251987315,dann_matched,banglasarc_binary+ben_sarc_binary,banglasarc3_binary,1
3d2b2afef8a71422,0,0,0.88671875,-0.859375,0.8514594320170558,0.14854056798294435,0.9510935251987315,dann_matched,banglasarc_binary+ben_sarc_binary,banglasarc3_binary,1
a6b65f2d6607df8d,0,1,-0.65625,0.91015625,0.1727293128639838,0.8272706871360163,0.9510935251987315,dann_matched,banglasarc_binary+ben_sarc_binary,banglasarc3_binary,1
f2ce21fd06e6c0a1,0,0,0.8984375,-0.61328125,0.819315785835197,0.180684214164803,0.9510935251987315,dann_matched,banglasarc_binary+ben_sarc_binary,banglasarc3_binary,1
8c321d6535475133,0,0,0.20996094,0.12011719,0.5224458411498177,0.47755415885018215,0.9510935251987315,dann_matched,banglasarc_binary+ben_sarc_binary,banglasarc3_binary,1
e4400f251525d858,0,1,-0.19726562,0.45117188,0.3433417294618182,0.6566582705381819,0.9510935251987315,dann_matched,banglasarc_binary+ben_sarc_binary,banglasarc3_binary,1
a2549aea9cf0feed,0,0,1.5625,-1.859375,0.9683812327313545,0.03161876726864548,0.9510935251987315,dann_matched,banglasarc_binary+ben_sarc_binary,banglasarc3_binary,1
208728590d99f477,0,0,1.125,-1.0,0.8933094060543487,0.10669059394565118,0.9510935251987315,dann_matched,banglasarc_binary+ben_sarc_binary,banglasarc3_binary,1
d7aa541a5731f237,1,1,-0.5,0.8828125,0.2005576797447963,0.7994423202552038,0.9510935251987315,dann_matched,banglasarc_binary+ben_sarc_binary,banglasarc3_binary,1
72d9d0c152014fd4,1,1,-0.96875,1.2890625,0.0946777017913266,0.9053222982086733,0.9510935251987315,dann_matched,banglasarc_binary+ben_sarc_binary,banglasarc3_binary,1
8dc4677cf180080c,0,0,1.1328125,-1.046875,0.8984105540811842,0.10158944591881586,0.9510935251987315,dann_matched,banglasarc_binary+ben_sarc_binary,banglasarc3_binary,1
326478b91e0a83b6,0,0,0.2890625,-0.15234375,0.6085940609116138,0.3914059390883863,0.9510935251987315,dann_matched,banglasarc_binary+ben_sarc_binary,banglasarc3_binary,1
7bb95f4327f97619,0,1,-0.38671875,0.79296875,0.2351083892199931,0.7648916107800069,0.9510935251987315,dann_matched,banglasarc_binary+ben_sarc_binary,banglasarc3_binary,1
b5430ac62bc817b3,0,1,-0.74609375,1.078125,0.1389284260290056,0.8610715739709943,0.9510935251987315,dann_matched,banglasarc_binary+ben_sarc_binary,banglasarc3_binary,1
7745aafd0a592886,0,1,-0.12890625,0.45703125,0.3575675223704418,0.6424324776295582,0.9510935251987315,dann_matched,banglasarc_binary+ben_sarc_binary,banglasarc3_binary,1
6327f9fa75cf0eb5,0,0,1.015625,-0.87109375,0.8683809516442299,0.13161904835577012,0.9510935251987315,dann_matched,banglasarc_binary+ben_sarc_binary,banglasarc3_binary,1
50c0d6b40de5c934,1,1,-0.0032348633,0.30273438,0.42409890574794423,0.5759010942520557,0.9510935251987315,dann_matched,banglasarc_binary+ben_sarc_binary,banglasarc3_binary,1
5793d347d7491ffa,0,1,-0.86328125,1.2421875,0.10856642283565619,0.8914335771643437,0.9510935251987315,dann_matched,banglasarc_binary+ben_sarc_binary,banglasarc3_binary,1
7a193a03efce7c95,0,1,-0.05834961,0.35546875,0.3979969045793488,0.6020030954206512,0.9510935251987315,dann_matched,banglasarc_binary+ben_sarc_binary,banglasarc3_binary,1
79fe03d925dd23f2,1,1,-1.1796875,1.4375,0.06804042027255897,0.9319595797274409,0.9510935251987315,dann_matched,banglasarc_binary+ben_sarc_binary,banglasarc3_binary,1
56a90627c13f7482,0,1,-0.98828125,1.2734375,0.09434341182812206,0.9056565881718779,0.9510935251987315,dann_matched,banglasarc_binary+ben_sarc_binary,banglasarc3_binary,1
34eae78ac0856b44,0,1,0.011230469,0.18359375,0.4570155461535435,0.5429844538464565,0.9510935251987315,dann_matched,banglasarc_binary+ben_sarc_binary,banglasarc3_binary,1
e7de35f2d96d04ae,1,1,-0.546875,0.83203125,0.20118471823927994,0.79881528176072,0.9510935251987315,dann_matched,banglasarc_binary+ben_sarc_binary,banglasarc3_binary,1
7edb0fbf4e12f482,1,1,-0.26757812,0.65625,0.28417852997461623,0.7158214700253839,0.9510935251987315,dann_matched,banglasarc_binary+ben_sarc_binary,banglasarc3_binary,1
05b114079ca39ab2,0,0,1.0703125,-1.2421875,0.9099070060380482,0.09009299396195182,0.9510935251987315,dann_matched,banglasarc_binary+ben_sarc_binary,banglasarc3_binary,1
012cf4a871450976,0,0,0.48242188,-0.45703125,0.7189891779798493,0.28101082202015076,0.9510935251987315,dann_matched,banglasarc_binary+ben_sarc_binary,banglasarc3_binary,1
974f03c115fc2171,1,0,0.48828125,-0.25195312,0.6770471054717195,0.3229528945282806,0.9510935251987315,dann_matched,banglasarc_binary+ben_sarc_binary,banglasarc3_binary,1
7d320f16846e7bf9,1,0,1.203125,-1.1640625,0.9142907207192192,0.08570927928078063,0.9510935251987315,dann_matched,banglasarc_binary+ben_sarc_binary,banglasarc3_binary,1
8fd01412b63f6b5f,1,0,0.765625,-0.54296875,0.7872777442252712,0.21272225577472892,0.9510935251987315,dann_matched,banglasarc_binary+ben_sarc_binary,banglasarc3_binary,1
88e6fff6830ee411,0,1,-0.71875,1.2265625,0.12506538251690355,0.8749346174830964,0.9510935251987315,dann_matched,banglasarc_binary+ben_sarc_binary,banglasarc3_binary,1
018878abd62bc2c6,0,0,1.6171875,-2.078125,0.9757623652873698,0.024237634712630244,0.9510935251987315,dann_matched,banglasarc_binary+ben_sarc_binary,banglasarc3_binary,1
f09b809925c88fc0,1,1,-0.54296875,1.0,0.17610412024315097,0.823895879756849,0.9510935251987315,dann_matched,banglasarc_binary+ben_sarc_binary,banglasarc3_binary,1
bc8f433d14df5bbe,1,1,-0.8046875,1.0546875,0.1347759174229568,0.8652240825770433,0.9510935251987315,dann_matched,banglasarc_binary+ben_sarc_binary,banglasarc3_binary,1
c952b7bed5795739,0,1,-0.33203125,0.68359375,0.2658804730998169,0.734119526900183,0.9510935251987315,dann_matched,banglasarc_binary+ben_sarc_binary,banglasarc3_binary,1
90c33f63e3080a0d,0,1,-0.44726562,0.84375,0.21568095536429607,0.7843190446357039,0.9510935251987315,dann_matched,banglasarc_binary+ben_sarc_binary,banglasarc3_binary,1
1ef4973752ea4564,1,1,-0.78515625,1.234375,0.11716746932535992,0.8828325306746402,0.9510935251987315,dann_matched,banglasarc_binary+ben_sarc_binary,banglasarc3_binary,1
3f4477d5080cdfe1,0,1,-0.17578125,0.41210938,0.35711898910753376,0.6428810108924662,0.9510935251987315,dann_matched,banglasarc_binary+ben_sarc_binary,banglasarc3_binary,1
7a9c24d799805b22,0,0,0.48046875,-0.4609375,0.7193836258234395,0.28061637417656055,0.9510935251987315,dann_matched,banglasarc_binary+ben_sarc_binary,banglasarc3_binary,1
a53750d111a874b9,0,0,0.39453125,-0.33984375,0.6757646010190476,0.32423539898095244,0.9510935251987315,dann_matched,banglasarc_binary+ben_sarc_binary,banglasarc3_binary,1
08221e16563f5ed2,1,0,0.13183594,0.091796875,0.510008428595943,0.489991571404057,0.9510935251987315,dann_matched,banglasarc_binary+ben_sarc_binary,banglasarc3_binary,1
a911bbedbe9083b7,1,1,-0.71875,1.0703125,0.1431877021825763,0.8568122978174237,0.9510935251987315,dann_matched,banglasarc_binary+ben_sarc_binary,banglasarc3_binary,1
79af8e8606e24621,0,0,1.25,-1.0546875,0.909264512360149,0.09073548763985106,0.9510935251987315,dann_matched,banglasarc_binary+ben_sarc_binary,banglasarc3_binary,1
725ab0037339d5f4,1,1,-0.30859375,0.82421875,0.24364243753740636,0.7563575624625937,0.9510935251987315,dann_matched,banglasarc_binary+ben_sarc_binary,banglasarc3_binary,1
888be69f29549db6,1,0,0.1796875,0.08496094,0.5236639483135205,0.4763360516864796,0.9510935251987315,dann_matched,banglasarc_binary+ben_sarc_binary,banglasarc3_binary,1
74ead3cc3b9dcc3e,0,1,-0.23828125,0.59765625,0.30239108267790193,0.6976089173220981,0.9510935251987315,dann_matched,banglasarc_binary+ben_sarc_binary,banglasarc3_binary,1
70a0b9c4daba4b62,1,0,0.21484375,-0.08691406,0.5748721723540451,0.4251278276459549,0.9510935251987315,dann_matched,banglasarc_binary+ben_sarc_binary,banglasarc3_binary,1
772cd1347ab32158,0,1,-0.14160156,0.38867188,0.3704531153352058,0.6295468846647942,0.9510935251987315,dann_matched,banglasarc_binary+ben_sarc_binary,banglasarc3_binary,1
825abf4f5714d44e,0,0,0.890625,-0.83203125,0.8484706618201715,0.15152933817982858,0.9510935251987315,dann_matched,banglasarc_binary+ben_sarc_binary,banglasarc3_binary,1
f6d2b8f0fd5630a5,1,1,-0.58984375,1.0390625,0.16398024910404715,0.8360197508959527,0.9510935251987315,dann_matched,banglasarc_binary+ben_sarc_binary,banglasarc3_binary,1
070eb74aab3e9b16,0,0,1.15625,-1.1796875,0.9118099551992372,0.08819004480076281,0.9510935251987315,dann_matched,banglasarc_binary+ben_sarc_binary,banglasarc3_binary,1
ff8b8a0023de988a,1,1,-0.05078125,0.40039062,0.38908217842189113,0.6109178215781089,0.9510935251987315,dann_matched,banglasarc_binary+ben_sarc_binary,banglasarc3_binary,1
955c6c4b3c56526f,0,1,-1.0703125,1.3828125,0.07921032410902437,0.9207896758909757,0.9510935251987315,dann_matched,banglasarc_binary+ben_sarc_binary,banglasarc3_binary,1
3c7f74408087c581,0,0,0.22265625,-0.044921875,0.5664982418472789,0.433501758152721,0.9510935251987315,dann_matched,banglasarc_binary+ben_sarc_binary,banglasarc3_binary,1
3fd3335f6927bc03,1,0,0.17675781,-0.16503906,0.58462693921766,0.41537306078234004,0.9510935251987315,dann_matched,banglasarc_binary+ben_sarc_binary,banglasarc3_binary,1
6b4cf7b079c5b900,0,1,-0.5859375,0.96875,0.17441027833079015,0.8255897216692099,0.9510935251987315,dann_matched,banglasarc_binary+ben_sarc_binary,banglasarc3_binary,1
a396d6fc294ae956,0,0,0.69921875,-0.76171875,0.811676021090197,0.1883239789098031,0.9510935251987315,dann_matched,banglasarc_binary+ben_sarc_binary,banglasarc3_binary,1
acd192278c3d2499,0,0,1.0546875,-1.0390625,0.8902942261220291,0.10970577387797074,0.9510935251987315,dann_matched,banglasarc_binary+ben_sarc_binary,banglasarc3_binary,1
13e6f0fb32b886df,1,1,-0.73828125,0.9921875,0.15052763130295335,0.8494723686970466,0.9510935251987315,dann_matched,banglasarc_binary+ben_sarc_binary,banglasarc3_binary,1
5139d41ec223ee1d,1,0,0.6484375,-0.45507812,0.7509182481026451,0.24908175189735485,0.9510935251987315,dann_matched,banglasarc_binary+ben_sarc_binary,banglasarc3_binary,1
db25536a5ca06207,1,1,-0.23925781,0.53125,0.3163692664610594,0.6836307335389405,0.9510935251987315,dann_matched,banglasarc_binary+ben_sarc_binary,banglasarc3_binary,1
9cf7c23f5c83e3c1,1,1,-0.39648438,0.83203125,0.22644133166358038,0.7735586683364196,0.9510935251987315,dann_matched,banglasarc_binary+ben_sarc_binary,banglasarc3_binary,1
dece6cbb7ae48b4c,0,1,-1.0390625,1.453125,0.07640768335044701,0.923592316649553,0.9510935251987315,dann_matched,banglasarc_binary+ben_sarc_binary,banglasarc3_binary,1
cc32b357f5c62cf0,1,0,0.54296875,-0.515625,0.7424217173984088,0.25757828260159127,0.9510935251987315,dann_matched,banglasarc_binary+ben_sarc_binary,banglasarc3_binary,1
a82a7beb318bc95f,0,0,0.49804688,-0.390625,0.7086160181699034,0.2913839818300965,0.9510935251987315,dann_matched,banglasarc_binary+ben_sarc_binary,banglasarc3_binary,1
4269510b20e3a78d,0,1,-0.43164062,0.77734375,0.22988080342588704,0.7701191965741129,0.9510935251987315,dann_matched,banglasarc_binary+ben_sarc_binary,banglasarc3_binary,1
af7a5887ba75ec02,1,0,0.16796875,0.103515625,0.5161077054097464,0.48389229459025357,0.9510935251987315,dann_matched,banglasarc_binary+ben_sarc_binary,banglasarc3_binary,1
ff7092e064f5e7f0,0,1,-0.1953125,0.41015625,0.3530935289036874,0.6469064710963125,0.9510935251987315,dann_matched,banglasarc_binary+ben_sarc_binary,banglasarc3_binary,1
bd75e40f2d1c3973,1,1,-0.68359375,1.0703125,0.1475551828016634,0.8524448171983366,0.9510935251987315,dann_matched,banglasarc_binary+ben_sarc_binary,banglasarc3_binary,1
55361b7e5b2475c1,1,1,-0.57421875,0.9375,0.180684214164803,0.819315785835197,0.9510935251987315,dann_matched,banglasarc_binary+ben_sarc_binary,banglasarc3_binary,1
f478ea328fe5ce48,1,1,-0.58203125,0.890625,0.18653921274423352,0.8134607872557665,0.9510935251987315,dann_matched,banglasarc_binary+ben_sarc_binary,banglasarc3_binary,1
5a05491d31008062,0,0,0.51171875,-0.76953125,0.7826624789529376,0.21733752104706247,0.9510935251987315,dann_matched,banglasarc_binary+ben_sarc_binary,banglasarc3_binary,1
ae0fcdf8d0676f03,0,0,0.6484375,-0.43945312,0.7479843044691752,0.25201569553082487,0.9510935251987315,dann_matched,banglasarc_binary+ben_sarc_binary,banglasarc3_binary,1
1473977d7b8985e5,0,0,0.73828125,-0.71875,0.8110781922144276,0.18892180778557252,0.9510935251987315,dann_matched,banglasarc_binary+ben_sarc_binary,banglasarc3_binary,1
880392a54d0ebe3e,0,0,0.859375,-0.9765625,0.8624675338981391,0.13753246610186087,0.9510935251987315,dann_matched,banglasarc_binary+ben_sarc_binary,banglasarc3_binary,1
a8d6ffd7233218d9,0,1,-0.93359375,1.2265625,0.10338596660618364,0.8966140333938164,0.9510935251987315,dann_matched,banglasarc_binary+ben_sarc_binary,banglasarc3_binary,1
532a79af0df6317b,1,1,-0.98828125,1.2734375,0.09434341182812206,0.9056565881718779,0.9510935251987315,dann_matched,banglasarc_binary+ben_sarc_binary,banglasarc3_binary,1
e67ce7d008308e4f,1,0,0.43164062,-0.29882812,0.6749081281133934,0.3250918718866066,0.9510935251987315,dann_matched,banglasarc_binary+ben_sarc_binary,banglasarc3_binary,1
d7578006b9f26c23,1,0,0.10644531,-0.040039062,0.536555750339639,0.463444249660361,0.9510935251987315,dann_matched,banglasarc_binary+ben_sarc_binary,banglasarc3_binary,1
714a136f278f7f6d,1,0,0.69921875,-0.70703125,0.8031737963569016,0.1968262036430985,0.9510935251987315,dann_matched,banglasarc_binary+ben_sarc_binary,banglasarc3_binary,1
cb7574a7cdfb2600,0,1,-0.89453125,1.234375,0.10631886977575758,0.8936811302242426,0.9510935251987315,dann_matched,banglasarc_binary+ben_sarc_binary,banglasarc3_binary,1
539200a378d20681,0,1,-0.3046875,0.47070312,0.3153141611162926,0.6846858388837074,0.9510935251987315,dann_matched,banglasarc_binary+ben_sarc_binary,banglasarc3_binary,1
9d4e9c774780337b,1,0,1.4375,-1.578125,0.9532750413739076,0.04672495862609242,0.9510935251987315,dann_matched,banglasarc_binary+ben_sarc_binary,banglasarc3_binary,1
d19183e0c68495fe,0,0,0.75,-0.57421875,0.7898827402935596,0.2101172597064404,0.9510935251987315,dann_matched,banglasarc_binary+ben_sarc_binary,banglasarc3_binary,1
e727d555b9906254,0,0,0.55078125,-0.41992188,0.725259623330965,0.27474037666903506,0.9510935251987315,dann_matched,banglasarc_binary+ben_sarc_binary,banglasarc3_binary,1
560326443dd5a61f,1,1,-0.6953125,0.9765625,0.1581743527484317,0.8418256472515684,0.9510935251987315,dann_matched,banglasarc_binary+ben_sarc_binary,banglasarc3_binary,1
3a356b90dc52db7a,0,1,-0.734375,0.9921875,0.15102780199255098,0.8489721980074492,0.9510935251987315,dann_matched,banglasarc_binary+ben_sarc_binary,banglasarc3_binary,1
10315d34cdace8c1,0,1,-0.45703125,0.6796875,0.24292331170641918,0.7570766882935809,0.9510935251987315,dann_matched,banglasarc_binary+ben_sarc_binary,banglasarc3_binary,1
5b040037fd3ecdae,1,1,-0.703125,1.125,0.13846179056896438,0.8615382094310357,0.9510935251987315,dann_matched,banglasarc_binary+ben_sarc_binary,banglasarc3_binary,1
586f5d207285bf27,0,1,-0.061279297,0.25976562,0.4204211135122645,0.5795788864877355,0.9510935251987315,dann_matched,banglasarc_binary+ben_sarc_binary,banglasarc3_binary,1
11319ec3cf94ef20,0,0,0.625,-0.6640625,0.7839884653055251,0.21601153469447487,0.9510935251987315,dann_matched,banglasarc_binary+ben_sarc_binary,banglasarc3_binary,1
69fbdf73ddc7be78,1,1,-0.90234375,1.171875,0.11162799104060678,0.8883720089593933,0.9510935251987315,dann_matched,banglasarc_binary+ben_sarc_binary,banglasarc3_binary,1
757ab3d1fca46e3c,1,1,-1.0546875,1.328125,0.08449275397500926,0.9155072460249908,0.9510935251987315,dann_matched,banglasarc_binary+ben_sarc_binary,banglasarc3_binary,1
a39c5cc8dcf7f753,0,0,0.3515625,-0.21191406,0.6372565675322679,0.3627434324677321,0.9510935251987315,dann_matched,banglasarc_binary+ben_sarc_binary,banglasarc3_binary,1
ba0d8b695ca6ef05,0,1,-0.6953125,0.83984375,0.17724051706725022,0.8227594829327498,0.9510935251987315,dann_matched,banglasarc_binary+ben_sarc_binary,banglasarc3_binary,1
7e976976fd12e611,0,0,0.25976562,-0.06738281,0.5810653864312327,0.41893461356876716,0.9510935251987315,dann_matched,banglasarc_binary+ben_sarc_binary,banglasarc3_binary,1
177bf85b5ddcbb0b,1,1,-0.515625,0.79296875,0.21272225577472892,0.7872777442252712,0.9510935251987315,dann_matched,banglasarc_binary+ben_sarc_binary,banglasarc3_binary,1
6d78d071878ac3d1,1,1,-0.265625,0.65234375,0.28537195620910677,0.7146280437908932,0.9510935251987315,dann_matched,banglasarc_binary+ben_sarc_binary,banglasarc3_binary,1
c85c38b6528754b8,1,0,0.30078125,-0.017700195,0.5789541242208662,0.4210458757791338,0.9510935251987315,dann_matched,banglasarc_binary+ben_sarc_binary,banglasarc3_binary,1
90dbb76ac473a400,1,0,0.10839844,0.052490234,0.5139734112149186,0.4860265887850815,0.9510935251987315,dann_matched,banglasarc_binary+ben_sarc_binary,banglasarc3_binary,1
63c48593140100b8,0,0,0.31640625,-0.15039062,0.6146253400079582,0.3853746599920419,0.9510935251987315,dann_matched,banglasarc_binary+ben_sarc_binary,banglasarc3_binary,1
aff3807e81a949e8,0,0,0.16210938,-0.0625,0.5559174577936432,0.44408254220635685,0.9510935251987315,dann_matched,banglasarc_binary+ben_sarc_binary,banglasarc3_binary,1
2a1a90955017061c,1,1,-0.5859375,0.8671875,0.18952109132967757,0.8104789086703224,0.9510935251987315,dann_matched,banglasarc_binary+ben_sarc_binary,banglasarc3_binary,1
8ba3ce83e1b38636,0,0,0.22363281,-0.052001953,0.5684757052812374,0.4315242947187626,0.9510935251987315,dann_matched,banglasarc_binary+ben_sarc_binary,banglasarc3_binary,1
b6a150e585a90815,1,0,1.3046875,-1.4765625,0.941654159388319,0.05834584061168106,0.9510935251987315,dann_matched,banglasarc_binary+ben_sarc_binary,banglasarc3_binary,1
e7f847b226aac07c,0,0,0.62109375,-0.4609375,0.7468781860434985,0.2531218139565015,0.9510935251987315,dann_matched,banglasarc_binary+ben_sarc_binary,banglasarc3_binary,1
dddd46a1f7d0d0f0,1,1,-0.21191406,0.58984375,0.30964963135445744,0.6903503686455426,0.9510935251987315,dann_matched,banglasarc_binary+ben_sarc_binary,banglasarc3_binary,1
1bffdb75712cd569,0,1,-0.09277344,0.31835938,0.39864052509533293,0.6013594749046671,0.9510935251987315,dann_matched,banglasarc_binary+ben_sarc_binary,banglasarc3_binary,1
2ab62d60d1d4472e,1,0,0.42578125,-0.28125,0.6697448430478439,0.3302551569521561,0.9510935251987315,dann_matched,banglasarc_binary+ben_sarc_binary,banglasarc3_binary,1
8fc93f04e6590154,1,1,-0.53125,0.9375,0.1871326821624266,0.8128673178375735,0.9510935251987315,dann_matched,banglasarc_binary+ben_sarc_binary,banglasarc3_binary,1
86de20b950da2d3c,0,1,-0.984375,1.28125,0.09401017961657226,0.9059898203834277,0.9510935251987315,dann_matched,banglasarc_binary+ben_sarc_binary,banglasarc3_binary,1
f99f7e89824b6612,0,0,1.59375,-1.734375,0.9653811611608242,0.03461883883917583,0.9510935251987315,dann_matched,banglasarc_binary+ben_sarc_binary,banglasarc3_binary,1
f398263b812de4fc,0,1,-0.5625,0.828125,0.19930799790404563,0.8006920020959544,0.9510935251987315,dann_matched,banglasarc_binary+ben_sarc_binary,banglasarc3_binary,1
f933964e1386abbc,1,0,1.140625,-1.34375,0.9230391643039738,0.07696083569602613,0.9510935251987315,dann_matched,banglasarc_binary+ben_sarc_binary,banglasarc3_binary,1
29429b72289fcd40,0,1,-0.79296875,0.9375,0.15052763130295335,0.8494723686970466,0.9510935251987315,dann_matched,banglasarc_binary+ben_sarc_binary,banglasarc3_binary,1
065cb8d51b12f79a,0,0,0.8046875,-0.6328125,0.8080672135527632,0.19193278644723683,0.9510935251987315,dann_matched,banglasarc_binary+ben_sarc_binary,banglasarc3_binary,1
238ed849caf48da2,0,0,0.21679688,-0.22851562,0.6095241625665028,0.39047583743349734,0.9510935251987315,dann_matched,banglasarc_binary+ben_sarc_binary,banglasarc3_binary,1
e6879d34059ffd78,1,0,0.64453125,-0.6640625,0.7872777442252712,0.21272225577472892,0.9510935251987315,dann_matched,banglasarc_binary+ben_sarc_binary,banglasarc3_binary,1
e1920815e63fd77c,1,1,-0.765625,0.86328125,0.16398024910404715,0.8360197508959527,0.9510935251987315,dann_matched,banglasarc_binary+ben_sarc_binary,banglasarc3_binary,1
9d6102939ae27963,1,1,-0.25390625,0.76171875,0.2658804730998169,0.734119526900183,0.9510935251987315,dann_matched,banglasarc_binary+ben_sarc_binary,banglasarc3_binary,1
7cf8d62bc548f981,1,1,-0.68359375,0.98046875,0.15921740814605373,0.8407825918539462,0.9510935251987315,dann_matched,banglasarc_binary+ben_sarc_binary,banglasarc3_binary,1
3dedb7824bbf60be,0,1,-0.921875,1.21875,0.10521053670308635,0.8947894632969136,0.9510935251987315,dann_matched,banglasarc_binary+ben_sarc_binary,banglasarc3_binary,1
7168d49fd7747b74,0,0,0.33789062,-0.1953125,0.6302298796590904,0.36977012034090956,0.9510935251987315,dann_matched,banglasarc_binary+ben_sarc_binary,banglasarc3_binary,1
85cf586fc25418e3,0,1,-0.76953125,1.046875,0.13986565348595606,0.8601343465140441,0.9510935251987315,dann_matched,banglasarc_binary+ben_sarc_binary,banglasarc3_binary,1
b4853c23f7a9f71d,0,1,-0.390625,0.68359375,0.2546016227874352,0.7453983772125647,0.9510935251987315,dann_matched,banglasarc_binary+ben_sarc_binary,banglasarc3_binary,1
b577521aba23e9a6,1,0,1.328125,-1.390625,0.9381240142763573,0.061875985723642724,0.9510935251987315,dann_matched,banglasarc_binary+ben_sarc_binary,banglasarc3_binary,1
43913a364404a6b7,1,0,0.16308594,0.080078125,0.5207400457362243,0.47925995426377566,0.9510935251987315,dann_matched,banglasarc_binary+ben_sarc_binary,banglasarc3_binary,1
98595080b20ded8e,0,1,-0.94921875,1.078125,0.1163617640229368,0.8836382359770631,0.9510935251987315,dann_matched,banglasarc_binary+ben_sarc_binary,banglasarc3_binary,1
e8908d5a70ac67f7,0,0,0.44335938,-0.3359375,0.6855285546217205,0.31447144537827953,0.9510935251987315,dann_matched,banglasarc_binary+ben_sarc_binary,banglasarc3_binary,1
a92f9901130b2155,0,0,0.53515625,-0.27539062,0.6922260278044772,0.30777397219552277,0.9510935251987315,dann_matched,banglasarc_binary+ben_sarc_binary,banglasarc3_binary,1
7d6de967d264bd85,0,1,-0.265625,0.47460938,0.3229528945282806,0.6770471054717195,0.9510935251987315,dann_matched,banglasarc_binary+ben_sarc_binary,banglasarc3_binary,1
9837a43eab10dddf,1,1,-1.140625,1.5078125,0.06608537866754877,0.9339146213324513,0.9510935251987315,dann_matched,banglasarc_binary+ben_sarc_binary,banglasarc3_binary,1
65319c5414a8306a,0,1,0.23242188,0.29492188,0.48438008427698437,0.5156199157230156,0.9510935251987315,dann_matched,banglasarc_binary+ben_sarc_binary,banglasarc3_binary,1
fade48daf673b1f8,0,0,0.55078125,-0.515625,0.743912883406992,0.2560871165930079,0.9510935251987315,dann_matched,banglasarc_binary+ben_sarc_binary,banglasarc3_binary,1
866873fff24113c0,1,1,-0.453125,0.84765625,0.2140335632231953,0.7859664367768047,0.9510935251987315,dann_matched,banglasarc_binary+ben_sarc_binary,banglasarc3_binary,1
e3cc36cc8d198224,0,1,-0.796875,1.0,0.1422318950098963,0.8577681049901036,0.9510935251987315,dann_matched,banglasarc_binary+ben_sarc_binary,banglasarc3_binary,1
89c21dd6d937eaff,1,0,0.14160156,-0.12890625,0.5672175679438427,0.4327824320561572,0.9510935251987315,dann_matched,banglasarc_binary+ben_sarc_binary,banglasarc3_binary,1
4b6f29550988601b,0,0,1.421875,-1.6953125,0.9575961713681533,0.04240382863184672,0.9510935251987315,dann_matched,banglasarc_binary+ben_sarc_binary,banglasarc3_binary,1
d975dd69c2f72afd,1,1,-0.80078125,1.1640625,0.12294379806223382,0.8770562019377661,0.9510935251987315,dann_matched,banglasarc_binary+ben_sarc_binary,banglasarc3_binary,1
877fb7d4cf62f178,1,1,-0.359375,0.7578125,0.24653334600973575,0.7534666539902642,0.9510935251987315,dann_matched,banglasarc_binary+ben_sarc_binary,banglasarc3_binary,1
8e7741f5f6607b4c,1,1,-1.4453125,1.8046875,0.037326887344129464,0.9626731126558706,0.9510935251987315,dann_matched,banglasarc_binary+ben_sarc_binary,banglasarc3_binary,1
0892c4bec7f40ca2,1,1,-1.09375,1.34375,0.08035746882220708,0.9196425311777929,0.9510935251987315,dann_matched,banglasarc_binary+ben_sarc_binary,banglasarc3_binary,1
a2b22017bfba6565,1,1,-0.42382812,0.89453125,0.21109138022574253,0.7889086197742575,0.9510935251987315,dann_matched,banglasarc_binary+ben_sarc_binary,banglasarc3_binary,1
f5daae7220a90010,0,0,0.55859375,-0.49804688,0.7420480411535827,0.25795195884641725,0.9510935251987315,dann_matched,banglasarc_binary+ben_sarc_binary,banglasarc3_binary,1
0f083853e0116694,1,1,-0.18652344,0.546875,0.3244494071866941,0.6755505928133059,0.9510935251987315,dann_matched,banglasarc_binary+ben_sarc_binary,banglasarc3_binary,1
40768fb2acdaf890,0,0,0.14941406,0.018188477,0.5327593998106374,0.46724060018936264,0.9510935251987315,dann_matched,banglasarc_binary+ben_sarc_binary,banglasarc3_binary,1
d61c45eabc68eb9b,0,0,0.31054688,0.061035156,0.5620563145817888,0.43794368541821116,0.9510935251987315,dann_matched,banglasarc_binary+ben_sarc_binary,banglasarc3_binary,1
f8966d9f2ebf8a15,1,1,-0.8125,1.3046875,0.10743747660842011,0.8925625233915799,0.9510935251987315,dann_matched,banglasarc_binary+ben_sarc_binary,banglasarc3_binary,1
701ed1e21508a181,0,0,0.3203125,0.06298828,0.5639784121143441,0.43602158788565587,0.9510935251987315,dann_matched,banglasarc_binary+ben_sarc_binary,banglasarc3_binary,1
b4b9460c57fb2ff8,1,0,0.27734375,0.07373047,0.5507281823201126,0.4492718176798874,0.9510935251987315,dann_matched,banglasarc_binary+ben_sarc_binary,banglasarc3_binary,1
f6ef35c40454d8a9,1,1,-1.0546875,1.390625,0.079782013464093,0.9202179865359069,0.9510935251987315,dann_matched,banglasarc_binary+ben_sarc_binary,banglasarc3_binary,1
c749254818a2beb4,1,1,-0.359375,0.6875,0.2598256379609837,0.7401743620390163,0.9510935251987315,dann_matched,banglasarc_binary+ben_sarc_binary,banglasarc3_binary,1
a8d95df3867755d7,1,0,0.5703125,-0.421875,0.7295197779697509,0.2704802220302491,0.9510935251987315,dann_matched,banglasarc_binary+ben_sarc_binary,banglasarc3_binary,1
fb125052de8613ad,1,1,-0.65625,1.0078125,0.15921740814605373,0.8407825918539462,0.9510935251987315,dann_matched,banglasarc_binary+ben_sarc_binary,banglasarc3_binary,1
09a2cced4bee49f7,1,1,0.0017089844,0.40429688,0.40069073045762355,0.5993092695423764,0.9510935251987315,dann_matched,banglasarc_binary+ben_sarc_binary,banglasarc3_binary,1
8a83d3da7699811c,0,0,0.6484375,-0.34179688,0.7291342133145163,0.27086578668548367,0.9510935251987315,dann_matched,banglasarc_binary+ben_sarc_binary,banglasarc3_binary,1
3964424aa0d49a56,0,0,0.53125,-0.34765625,0.7065955179610504,0.2934044820389496,0.9510935251987315,dann_matched,banglasarc_binary+ben_sarc_binary,banglasarc3_binary,1
0fa27d4578133779,1,1,-0.44335938,0.7265625,0.23686910602444727,0.7631308939755528,0.9510935251987315,dann_matched,banglasarc_binary+ben_sarc_binary,banglasarc3_binary,1
2a782f9195e8bf56,0,1,-0.8828125,1.25,0.10594828713637978,0.8940517128636203,0.9510935251987315,dann_matched,banglasarc_binary+ben_sarc_binary,banglasarc3_binary,1
ce572474de1b6dd4,1,0,0.66015625,-0.34960938,0.73297427916906,0.2670257208309401,0.9510935251987315,dann_matched,banglasarc_binary+ben_sarc_binary,banglasarc3_binary,1
2b921d548ea4c4df,1,1,-1.0078125,1.421875,0.08093670978361556,0.9190632902163844,0.9510935251987315,dann_matched,banglasarc_binary+ben_sarc_binary,banglasarc3_binary,1
8a3dac5169c757dc,1,1,-0.5,0.75,0.22270013882530884,0.7772998611746911,0.9510935251987315,dann_matched,banglasarc_binary+ben_sarc_binary,banglasarc3_binary,1
1dc83e50f7da3618,0,0,0.36914062,-0.20605469,0.6399611000948526,0.36003889990514726,0.9510935251987315,dann_matched,banglasarc_binary+ben_sarc_binary,banglasarc3_binary,1
43e4c5caf8ccf8d9,1,1,-0.033691406,0.23632812,0.43290230014742864,0.5670976998525714,0.9510935251987315,dann_matched,banglasarc_binary+ben_sarc_binary,banglasarc3_binary,1
c768491a2e849a34,1,1,-0.18847656,0.6171875,0.3088152265252637,0.6911847734747362,0.9510935251987315,dann_matched,banglasarc_binary+ben_sarc_binary,banglasarc3_binary,1
d9b9d06a13c83be0,0,0,0.96875,-0.91796875,0.8683809516442299,0.13161904835577012,0.9510935251987315,dann_matched,banglasarc_binary+ben_sarc_binary,banglasarc3_binary,1
6bac0560c62a5092,1,1,-0.828125,1.1796875,0.1183850968071675,0.8816149031928324,0.9510935251987315,dann_matched,banglasarc_binary+ben_sarc_binary,banglasarc3_binary,1
77eefbc8cad52155,0,0,0.1875,-0.13378906,0.5796383743943843,0.4203616256056157,0.9510935251987315,dann_matched,banglasarc_binary+ben_sarc_binary,banglasarc3_binary,1
61341c4de44d2405,1,1,-1.015625,1.3125,0.08882029240011771,0.9111797075998822,0.9510935251987315,dann_matched,banglasarc_binary+ben_sarc_binary,banglasarc3_binary,1
cd6e8a914163a6ff,0,0,0.55859375,-0.45507812,0.7337381259657038,0.2662618740342962,0.9510935251987315,dann_matched,banglasarc_binary+ben_sarc_binary,banglasarc3_binary,1
81087120efb6f7bd,0,0,0.8359375,-0.84375,0.8428631465294143,0.1571368534705856,0.9510935251987315,dann_matched,banglasarc_binary+ben_sarc_binary,banglasarc3_binary,1
467d95865670a7c7,0,1,-0.81640625,1.0625,0.13251455444044344,0.8674854455595564,0.9510935251987315,dann_matched,banglasarc_binary+ben_sarc_binary,banglasarc3_binary,1
a061508d9f7523b5,1,0,1.71875,-1.7734375,0.9704646607088951,0.029535339291104773,0.9510935251987315,dann_matched,banglasarc_binary+ben_sarc_binary,banglasarc3_binary,1
cf0096f6a70cc1c1,1,1,-1.2421875,1.4921875,0.06097518086496481,0.9390248191350352,0.9510935251987315,dann_matched,banglasarc_binary+ben_sarc_binary,banglasarc3_binary,1
2038f5084e716133,0,0,0.296875,0.19238281,0.5260993038362621,0.4739006961637378,0.9510935251987315,dann_matched,banglasarc_binary+ben_sarc_binary,banglasarc3_binary,1
40e021231f9b1641,0,0,0.77734375,-0.84765625,0.8354835371034369,0.1645164628965632,0.9510935251987315,dann_matched,banglasarc_binary+ben_sarc_binary,banglasarc3_binary,1
2416d3cb16cd9c24,1,1,-1.2109375,1.46875,0.06418264360901972,0.9358173563909802,0.9510935251987315,dann_matched,banglasarc_binary+ben_sarc_binary,banglasarc3_binary,1
c8d7de7cf70fcf2b,0,1,-0.09082031,0.40820312,0.3777701920411003,0.6222298079588998,0.9510935251987315,dann_matched,banglasarc_binary+ben_sarc_binary,banglasarc3_binary,1
f6314ebda0e9b467,1,1,-0.73828125,1.0,0.1495313793312345,0.8504686206687655,0.9510935251987315,dann_matched,banglasarc_binary+ben_sarc_binary,banglasarc3_binary,1
6062c09c444e211f,1,1,-0.07324219,0.32226562,0.402392113079315,0.5976078869206849,0.9510935251987315,dann_matched,banglasarc_binary+ben_sarc_binary,banglasarc3_binary,1
4adaf7a44c6d430f,1,0,0.32617188,-0.12109375,0.6099889154581032,0.3900110845418967,0.9510935251987315,dann_matched,banglasarc_binary+ben_sarc_binary,banglasarc3_binary,1
a5bb573405980a25,1,1,-1.1640625,1.3671875,0.07369626970604846,0.9263037302939515,0.9510935251987315,dann_matched,banglasarc_binary+ben_sarc_binary,banglasarc3_binary,1
44fc54763842d3f4,1,1,-0.859375,1.2578125,0.10743747660842011,0.8925625233915799,0.9510935251987315,dann_matched,banglasarc_binary+ben_sarc_binary,banglasarc3_binary,1
64ad5df98a085346,0,1,-0.010437012,0.29296875,0.42472512826294523,0.5752748717370547,0.9510935251987315,dann_matched,banglasarc_binary+ben_sarc_binary,banglasarc3_binary,1
d3b2db834378679a,0,0,1.2734375,-1.6015625,0.9465966702001757,0.053403329799824234,0.9510935251987315,dann_matched,banglasarc_binary+ben_sarc_binary,banglasarc3_binary,1
411964e4c9aadb31,0,0,0.83203125,-0.72265625,0.8255897216692099,0.17441027833079015,0.9510935251987315,dann_matched,banglasarc_binary+ben_sarc_binary,banglasarc3_binary,1
9d3774289ff1c6b7,1,1,-0.83203125,1.09375,0.12721826766848623,0.8727817323315137,0.9510935251987315,dann_matched,banglasarc_binary+ben_sarc_binary,banglasarc3_binary,1
211c6d38bfbe7b02,0,0,0.66015625,-0.31445312,0.7260372900186408,0.2739627099813592,0.9510935251987315,dann_matched,banglasarc_binary+ben_sarc_binary,banglasarc3_binary,1
3cff9f15c3baf42c,1,0,0.84375,-0.64453125,0.8158201574546557,0.1841798425453443,0.9510935251987315,dann_matched,banglasarc_binary+ben_sarc_binary,banglasarc3_binary,1
9c18cf645a2b92f4,1,1,-1.59375,1.8125,0.03210070671700819,0.9678992932829918,0.9510935251987315,dann_matched,banglasarc_binary+ben_sarc_binary,banglasarc3_binary,1
0b45893ebd275e93,0,0,1.3046875,-1.515625,0.9437636542955161,0.056236345704483756,0.9510935251987315,dann_matched,banglasarc_binary+ben_sarc_binary,banglasarc3_binary,1
e5026d6cb3802c30,1,1,-0.87109375,1.2109375,0.11085559492526088,0.8891444050747391,0.9510935251987315,dann_matched,banglasarc_binary+ben_sarc_binary,banglasarc3_binary,1
6aaf9704fc1bdef0,0,1,-0.15722656,0.61328125,0.3163692664610594,0.6836307335389405,0.9510935251987315,dann_matched,banglasarc_binary+ben_sarc_binary,banglasarc3_binary,1
81a1f43037e1cac1,1,1,-1.140625,1.3984375,0.07316472140562331,0.9268352785943768,0.9510935251987315,dann_matched,banglasarc_binary+ben_sarc_binary,banglasarc3_binary,1
7fb0bd6317330d4d,1,0,0.30078125,-0.09082031,0.5966681833386582,0.40333181666134177,0.9510935251987315,dann_matched,banglasarc_binary+ben_sarc_binary,banglasarc3_binary,1
02520a874eae112e,1,1,-0.24023438,0.5,0.3229528945282806,0.6770471054717195,0.9510935251987315,dann_matched,banglasarc_binary+ben_sarc_binary,banglasarc3_binary,1
a5ce9ddbfc286430,0,1,-0.6328125,0.90234375,0.17724051706725022,0.8227594829327498,0.9510935251987315,dann_matched,banglasarc_binary+ben_sarc_binary,banglasarc3_binary,1
f0dad52b23c7b1b2,0,0,0.55078125,-0.62109375,0.7634837635542924,0.23651623644570763,0.9510935251987315,dann_matched,banglasarc_binary+ben_sarc_binary,banglasarc3_binary,1
552cb5e4af89f7b4,1,0,1.03125,-1.140625,0.8976952921073469,0.10230470789265303,0.9510935251987315,dann_matched,banglasarc_binary+ben_sarc_binary,banglasarc3_binary,1
5943a521e3945c92,0,0,0.32226562,-0.27148438,0.6442251064863697,0.35577489351363034,0.9510935251987315,dann_matched,banglasarc_binary+ben_sarc_binary,banglasarc3_binary,1
ae9b18fb7ff57a4e,1,1,-0.7890625,1.03125,0.13939637966532398,0.8606036203346761,0.9510935251987315,dann_matched,banglasarc_binary+ben_sarc_binary,banglasarc3_binary,1
ff80e0cbcd7c1782,0,0,1.5625,-1.5546875,0.9575961713681533,0.04240382863184672,0.9510935251987315,dann_matched,banglasarc_binary+ben_sarc_binary,banglasarc3_binary,1
f1314c540d6527e9,0,0,0.6484375,-0.51171875,0.7613611051229845,0.23863889487701548,0.9510935251987315,dann_matched,banglasarc_binary+ben_sarc_binary,banglasarc3_binary,1
fac42c7ed54d77d8,0,1,-0.87109375,1.1796875,0.1139734641137174,0.8860265358862826,0.9510935251987315,dann_matched,banglasarc_binary+ben_sarc_binary,banglasarc3_binary,1
8658527a6a2a33bf,0,1,-0.24609375,0.55859375,0.3090237111195067,0.6909762888804932,0.9510935251987315,dann_matched,banglasarc_binary+ben_sarc_binary,banglasarc3_binary,1
67575dc5c930b3d1,0,1,-0.1484375,0.4375,0.3575675223704418,0.6424324776295582,0.9510935251987315,dann_matched,banglasarc_binary+ben_sarc_binary,banglasarc3_binary,1
ad380f5058befbd4,1,1,-0.13085938,0.5546875,0.33502442411845135,0.6649755758815485,0.9510935251987315,dann_matched,banglasarc_binary+ben_sarc_binary,banglasarc3_binary,1
392a0ef4d44c3c73,1,0,0.1953125,0.1328125,0.5156199157230156,0.48438008427698437,0.9510935251987315,dann_matched,banglasarc_binary+ben_sarc_binary,banglasarc3_binary,1
d6bafb1cda6b4f80,1,1,-0.6875,1.109375,0.1422318950098963,0.8577681049901036,0.9510935251987315,dann_matched,banglasarc_binary+ben_sarc_binary,banglasarc3_binary,1
809d83f7454be9cd,1,1,-0.78515625,1.15625,0.12549344653756345,0.8745065534624367,0.9510935251987315,dann_matched,banglasarc_binary+ben_sarc_binary,banglasarc3_binary,1
a7ecaf79eb5d5fb9,1,1,-0.98046875,1.296875,0.0930168046688621,0.9069831953311379,0.9510935251987315,dann_matched,banglasarc_binary+ben_sarc_binary,banglasarc3_binary,1
16902334d4aac003,0,1,-0.45898438,0.7421875,0.23126681205738467,0.7687331879426154,0.9510935251987315,dann_matched,banglasarc_binary+ben_sarc_binary,banglasarc3_binary,1
051f1b25aad139f0,1,1,0.17578125,0.19921875,0.4941408932061685,0.5058591067938315,0.9510935251987315,dann_matched,banglasarc_binary+ben_sarc_binary,banglasarc3_binary,1
74628967f465b267,0,1,0.076171875,0.12792969,0.4870634346953705,0.5129365653046294,0.9510935251987315,dann_matched,banglasarc_binary+ben_sarc_binary,banglasarc3_binary,1
32b5e23e297c895c,1,1,-0.55078125,0.7890625,0.20753575498928697,0.792464245010713,0.9510935251987315,dann_matched,banglasarc_binary+ben_sarc_binary,banglasarc3_binary,1
78a8f1d91019c411,0,1,-0.671875,0.98046875,0.16079243661397521,0.8392075633860248,0.9510935251987315,dann_matched,banglasarc_binary+ben_sarc_binary,banglasarc3_binary,1
6bbdac83cbe8ed55,1,1,-0.671875,1.0,0.1581743527484317,0.8418256472515684,0.9510935251987315,dann_matched,banglasarc_binary+ben_sarc_binary,banglasarc3_binary,1
505144aeff25d610,0,0,1.5859375,-1.5390625,0.9579122720843811,0.04208772791561884,0.9510935251987315,dann_matched,banglasarc_binary+ben_sarc_binary,banglasarc3_binary,1
514e7229ecf5d2fe,1,1,-0.79296875,1.03125,0.1389284260290056,0.8610715739709943,0.9510935251987315,dann_matched,banglasarc_binary+ben_sarc_binary,banglasarc3_binary,1
97ff4666ec5e9f65,0,0,1.0546875,-1.328125,0.9155072460249908,0.08449275397500926,0.9510935251987315,dann_matched,banglasarc_binary+ben_sarc_binary,banglasarc3_binary,1
7cb9734d271aa603,1,1,-0.33984375,0.76953125,0.24798742624020276,0.7520125737597972,0.9510935251987315,dann_matched,banglasarc_binary+ben_sarc_binary,banglasarc3_binary,1
895b32d6f531e8d6,0,1,-0.65625,1.03125,0.1561048974454574,0.8438951025545426,0.9510935251987315,dann_matched,banglasarc_binary+ben_sarc_binary,banglasarc3_binary,1
b1a4b29882b6c492,0,1,-0.23828125,0.53515625,0.31573597552138716,0.6842640244786128,0.9510935251987315,dann_matched,banglasarc_binary+ben_sarc_binary,banglasarc3_binary,1
c3b7103111f141a1,1,1,-0.74609375,1.0859375,0.13799647126840353,0.8620035287315965,0.9510935251987315,dann_matched,banglasarc_binary+ben_sarc_binary,banglasarc3_binary,1
ec3e49aee99d8f7a,1,1,-1.0703125,1.390625,0.07864238118410145,0.9213576188158985,0.9510935251987315,dann_matched,banglasarc_binary+ben_sarc_binary,banglasarc3_binary,1
992c3932d484ad9a,0,1,-0.8125,1.09375,0.12940273159163906,0.870597268408361,0.9510935251987315,dann_matched,banglasarc_binary+ben_sarc_binary,banglasarc3_binary,1
c5bd12f82a343358,1,1,-0.52734375,0.85546875,0.2005576797447963,0.7994423202552038,0.9510935251987315,dann_matched,banglasarc_binary+ben_sarc_binary,banglasarc3_binary,1
33a5e06ca430c8f1,0,1,0.099609375,0.21386719,0.47146658174222256,0.5285334182577774,0.9510935251987315,dann_matched,banglasarc_binary+ben_sarc_binary,banglasarc3_binary,1
0e1ca87b75e07a22,0,1,-0.81640625,1.078125,0.13072868194347032,0.8692713180565296,0.9510935251987315,dann_matched,banglasarc_binary+ben_sarc_binary,banglasarc3_binary,1
d8fee321b4621b14,1,1,-0.765625,1.140625,0.12940273159163906,0.870597268408361,0.9510935251987315,dann_matched,banglasarc_binary+ben_sarc_binary,banglasarc3_binary,1
00c1732e4277e2ff,1,1,-0.64453125,1.046875,0.15559099407709326,0.8444090059229068,0.9510935251987315,dann_matched,banglasarc_binary+ben_sarc_binary,banglasarc3_binary,1
fbce076f3a151066,1,1,-0.8828125,1.359375,0.09602548878779378,0.9039745112122062,0.9510935251987315,dann_matched,banglasarc_binary+ben_sarc_binary,banglasarc3_binary,1
dbbbd3567edaaf38,0,1,0.095703125,0.25585938,0.4600463021237693,0.5399536978762307,0.9510935251987315,dann_matched,banglasarc_binary+ben_sarc_binary,banglasarc3_binary,1
4ac1dba701f4fda5,1,1,-1.109375,1.3671875,0.07751765647688268,0.9224823435231172,0.9510935251987315,dann_matched,banglasarc_binary+ben_sarc_binary,banglasarc3_binary,1
a13bde6d3c5bb87a,0,0,1.2265625,-1.2734375,0.9241418199787566,0.07585818002124356,0.9510935251987315,dann_matched,banglasarc_binary+ben_sarc_binary,banglasarc3_binary,1
9f92c9c63ab16ba9,1,1,-0.83203125,1.203125,0.11556087394148318,0.8844391260585168,0.9510935251987315,dann_matched,banglasarc_binary+ben_sarc_binary,banglasarc3_binary,1
e70632ab44b95d37,1,0,0.83984375,-0.8203125,0.8402589766446108,0.15974102335538914,0.9510935251987315,dann_matched,banglasarc_binary+ben_sarc_binary,banglasarc3_binary,1
e1e95dc7d5fd4fe7,0,1,-0.06640625,0.25195312,0.42107563268775156,0.5789243673122485,0.9510935251987315,dann_matched,banglasarc_binary+ben_sarc_binary,banglasarc3_binary,1
cf43563beef479bd,1,0,0.30273438,-0.080078125,0.5945512642417856,0.40544873575821444,0.9510935251987315,dann_matched,banglasarc_binary+ben_sarc_binary,banglasarc3_binary,1
9f9b2bac0fb579a1,1,1,-0.16699219,0.41210938,0.35913935031261757,0.6408606496873825,0.9510935251987315,dann_matched,banglasarc_binary+ben_sarc_binary,banglasarc3_binary,1
64261898e8263c33,0,0,0.53515625,-0.27539062,0.6922260278044772,0.30777397219552277,0.9510935251987315,dann_matched,banglasarc_binary+ben_sarc_binary,banglasarc3_binary,1
2584524d390cdfab,1,0,0.8359375,-0.82421875,0.8402589766446108,0.15974102335538914,0.9510935251987315,dann_matched,banglasarc_binary+ben_sarc_binary,banglasarc3_binary,1
257a7560d1ab7c7e,0,1,-0.6484375,1.1328125,0.14414885303274058,0.8558511469672594,0.9510935251987315,dann_matched,banglasarc_binary+ben_sarc_binary,banglasarc3_binary,1
2f14c0092aa7ca57,1,1,0.060302734,0.23828125,0.45562245253048467,0.5443775474695154,0.9510935251987315,dann_matched,banglasarc_binary+ben_sarc_binary,banglasarc3_binary,1
342881c8a15bad16,0,1,-0.39453125,0.5,0.29017562235469585,0.7098243776453041,0.9510935251987315,dann_matched,banglasarc_binary+ben_sarc_binary,banglasarc3_binary,1
43f923ef5eb8a6f5,0,0,0.3671875,-0.1328125,0.6224593312018546,0.37754066879814546,0.9510935251987315,dann_matched,banglasarc_binary+ben_sarc_binary,banglasarc3_binary,1
ee6f09f058aef096,1,0,0.88671875,-0.7890625,0.8423450906059847,0.1576549093940152,0.9510935251987315,dann_matched,banglasarc_binary+ben_sarc_binary,banglasarc3_binary,1
923b266511af9ccd,1,0,0.95703125,-1.1328125,0.8899121189857752,0.11008788101422484,0.9510935251987315,dann_matched,banglasarc_binary+ben_sarc_binary,banglasarc3_binary,1
405b3d840ad271a8,0,1,-0.66015625,0.87109375,0.17781086947804958,0.8221891305219503,0.9510935251987315,dann_matched,banglasarc_binary+ben_sarc_binary,banglasarc3_binary,1
dab992c0f3dc01a0,0,1,-0.7734375,0.98046875,0.1475551828016634,0.8524448171983366,0.9510935251987315,dann_matched,banglasarc_binary+ben_sarc_binary,banglasarc3_binary,1
667af3eb14934a3e,0,0,1.1796875,-1.2734375,0.9207896758909757,0.07921032410902437,0.9510935251987315,dann_matched,banglasarc_binary+ben_sarc_binary,banglasarc3_binary,1
b564fa9b23515ed0,1,1,-0.4609375,0.85546875,0.2114168212006529,0.7885831787993471,0.9510935251987315,dann_matched,banglasarc_binary+ben_sarc_binary,banglasarc3_binary,1
66d2aff5fc2e61bc,0,0,1.015625,-1.078125,0.8902942261220291,0.10970577387797074,0.9510935251987315,dann_matched,banglasarc_binary+ben_sarc_binary,banglasarc3_binary,1
d3a8233595cb8024,0,0,0.9921875,-1.2578125,0.9046505351008906,0.0953494648991095,0.9510935251987315,dann_matched,banglasarc_binary+ben_sarc_binary,banglasarc3_binary,1
1d769f0a19572287,1,1,-0.19140625,0.37109375,0.3629692055196168,0.6370307944803831,0.9510935251987315,dann_matched,banglasarc_binary+ben_sarc_binary,banglasarc3_binary,1
3fee32aadfaf6383,0,0,0.51171875,-0.390625,0.711430905738061,0.2885690942619391,0.9510935251987315,dann_matched,banglasarc_binary+ben_sarc_binary,banglasarc3_binary,1
114b54f8ea927149,1,1,0.18652344,0.28125,0.4763360516864796,0.5236639483135205,0.9510935251987315,dann_matched,banglasarc_binary+ben_sarc_binary,banglasarc3_binary,1
f8e88475333512af,1,1,-0.76953125,1.03125,0.14175599046041915,0.8582440095395809,0.9510935251987315,dann_matched,banglasarc_binary+ben_sarc_binary,banglasarc3_binary,1
7a2afdf85b0e4a57,1,1,0.1328125,0.234375,0.4746311777449677,0.5253688222550323,0.9510935251987315,dann_matched,banglasarc_binary+ben_sarc_binary,banglasarc3_binary,1
92c430c72628f547,0,0,0.61328125,-0.36328125,0.7264256089751905,0.27357439102480946,0.9510935251987315,dann_matched,banglasarc_binary+ben_sarc_binary,banglasarc3_binary,1
26dc21d32e9a6348,1,1,-0.62890625,0.80859375,0.19193278644723683,0.8080672135527632,0.9510935251987315,dann_matched,banglasarc_binary+ben_sarc_binary,banglasarc3_binary,1
d08da382f5aa6fd6,1,1,-0.35546875,0.88671875,0.2240554492316947,0.7759445507683053,0.9510935251987315,dann_matched,banglasarc_binary+ben_sarc_binary,banglasarc3_binary,1
ff9a012f3a431db5,1,1,-0.578125,0.92578125,0.1818436430556475,0.8181563569443524,0.9510935251987315,dann_matched,banglasarc_binary+ben_sarc_binary,banglasarc3_binary,1
55386c020543c40f,1,1,-1.25,1.5234375,0.05877655584806683,0.9412234441519332,0.9510935251987315,dann_matched,banglasarc_binary+ben_sarc_binary,banglasarc3_binary,1
017099e7610a6f6c,1,0,0.71484375,-0.6171875,0.7911764288611264,0.2088235711388737,0.9510935251987315,dann_matched,banglasarc_binary+ben_sarc_binary,banglasarc3_binary,1
f016ba0cc1c77d81,1,0,0.18261719,0.037597656,0.5361914774652468,0.4638085225347533,0.9510935251987315,dann_matched,banglasarc_binary+ben_sarc_binary,banglasarc3_binary,1
bbbc6d295b42948d,0,1,-0.046875,0.29882812,0.4144247884265225,0.5855752115734776,0.9510935251987315,dann_matched,banglasarc_binary+ben_sarc_binary,banglasarc3_binary,1
8a6ec5d8b3140bbc,1,1,-0.046875,0.27929688,0.41917235542073045,0.5808276445792696,0.9510935251987315,dann_matched,banglasarc_binary+ben_sarc_binary,banglasarc3_binary,1
52f3e5cbfe71dd90,0,0,1.34375,-1.4140625,0.9403530570548787,0.0596469429451214,0.9510935251987315,dann_matched,banglasarc_binary+ben_sarc_binary,banglasarc3_binary,1
6311c3f6e9111661,1,1,-1.078125,1.34375,0.08151975597471893,0.9184802440252811,0.9510935251987315,dann_matched,banglasarc_binary+ben_sarc_binary,banglasarc3_binary,1
ab531d6915b77591,1,1,-0.83203125,1.15625,0.12043881659461604,0.8795611834053839,0.9510935251987315,dann_matched,banglasarc_binary+ben_sarc_binary,banglasarc3_binary,1
c8d4191a4c0034b0,0,0,0.1796875,0.048339844,0.5327897862640032,0.4672102137359968,0.9510935251987315,dann_matched,banglasarc_binary+ben_sarc_binary,banglasarc3_binary,1
78f45826d9c886c2,1,1,-0.91796875,1.140625,0.11318690654016261,0.8868130934598374,0.9510935251987315,dann_matched,banglasarc_binary+ben_sarc_binary,banglasarc3_binary,1
f5080918cb703e26,1,1,-0.99609375,1.4296875,0.08122775599781697,0.9187722440021829,0.9510935251987315,dann_matched,banglasarc_binary+ben_sarc_binary,banglasarc3_binary,1
50855678cee37752,0,0,1.296875,-1.65625,0.9504109770159683,0.04958902298403175,0.9510935251987315,dann_matched,banglasarc_binary+ben_sarc_binary,banglasarc3_binary,1
0e861cdeb8d4ab68,1,1,-1.1328125,1.3203125,0.07921032410902437,0.9207896758909757,0.9510935251987315,dann_matched,banglasarc_binary+ben_sarc_binary,banglasarc3_binary,1
6aa0691388dde3ef,0,1,-0.34375,0.52734375,0.29502676635499137,0.7049732336450086,0.9510935251987315,dann_matched,banglasarc_binary+ben_sarc_binary,banglasarc3_binary,1
ac035386ab80b4e6,1,1,-0.28320312,0.6328125,0.2857704332839452,0.7142295667160549,0.9510935251987315,dann_matched,banglasarc_binary+ben_sarc_binary,banglasarc3_binary,1
e76a1038723dc5eb,1,1,-0.10449219,0.45703125,0.363195039005093,0.6368049609949069,0.9510935251987315,dann_matched,banglasarc_binary+ben_sarc_binary,banglasarc3_binary,1
ff922cbca8785282,1,0,0.25,0.032226562,0.5542292090130277,0.4457707909869723,0.9510935251987315,dann_matched,banglasarc_binary+ben_sarc_binary,banglasarc3_binary,1
66a6d7fc7c022153,1,0,0.38085938,-0.014892578,0.5976665946767583,0.4023334053232417,0.9510935251987315,dann_matched,banglasarc_binary+ben_sarc_binary,banglasarc3_binary,1
6f920e614b465135,0,1,-0.4609375,0.7734375,0.2254166158350767,0.7745833841649233,0.9510935251987315,dann_matched,banglasarc_binary+ben_sarc_binary,banglasarc3_binary,1
a3046e4436328bea,1,1,-0.765625,1.1484375,0.1285251389364931,0.8714748610635069,0.9510935251987315,dann_matched,banglasarc_binary+ben_sarc_binary,banglasarc3_binary,1
226afc1f08fe0780,0,0,1.2734375,-1.3125,0.9299510391228232,0.07004896087717674,0.9510935251987315,dann_matched,banglasarc_binary+ben_sarc_binary,banglasarc3_binary,1
9924815a000de0cd,0,0,0.62890625,-0.421875,0.740924892403682,0.259075107596318,0.9510935251987315,dann_matched,banglasarc_binary+ben_sarc_binary,banglasarc3_binary,1
71c861c5ca9ae94c,0,0,1.0,-0.8515625,0.8643104540313907,0.13568954596860924,0.9510935251987315,dann_matched,banglasarc_binary+ben_sarc_binary,banglasarc3_binary,1
9a8af6572f036955,1,0,0.8359375,-0.77734375,0.8338664465831974,0.1661335534168026,0.9510935251987315,dann_matched,banglasarc_binary+ben_sarc_binary,banglasarc3_binary,1
148f42b7e3a77173,1,1,-0.47460938,0.890625,0.2033908961192982,0.7966091038807018,0.9510935251987315,dann_matched,banglasarc_binary+ben_sarc_binary,banglasarc3_binary,1
4a3ebc4e56a23695,0,0,0.31445312,-0.035888672,0.5867004613145529,0.41329953868544705,0.9510935251987315,dann_matched,banglasarc_binary+ben_sarc_binary,banglasarc3_binary,1
9884f74105725ac3,0,0,0.49414062,-0.45117188,0.7201715075418013,0.2798284924581987,0.9510935251987315,dann_matched,banglasarc_binary+ben_sarc_binary,banglasarc3_binary,1
bc7aa60f495fb7a9,0,1,-1.0234375,1.3359375,0.08632347658627028,0.9136765234137297,0.9510935251987315,dann_matched,banglasarc_binary+ben_sarc_binary,banglasarc3_binary,1
1a19fa077638051f,0,0,1.6953125,-2.046875,0.9768465889071616,0.023153411092838465,0.9510935251987315,dann_matched,banglasarc_binary+ben_sarc_binary,banglasarc3_binary,1
bbac56b00ec41b2d,1,1,0.021972656,0.140625,0.47037166581819617,0.5296283341818039,0.9510935251987315,dann_matched,banglasarc_binary+ben_sarc_binary,banglasarc3_binary,1
1ee3ab9f5f73d8e3,0,1,-1.0078125,1.1953125,0.09947021388210707,0.9005297861178929,0.9510935251987315,dann_matched,banglasarc_binary+ben_sarc_binary,banglasarc3_binary,1
0a70db745aa8febf,1,1,-0.96875,1.2265625,0.10017221862592252,0.8998277813740775,0.9510935251987315,dann_matched,banglasarc_binary+ben_sarc_binary,banglasarc3_binary,1
a831521b5fade0b4,0,1,0.044921875,0.10986328,0.48377035192782775,0.5162296480721722,0.9510935251987315,dann_matched,banglasarc_binary+ben_sarc_binary,banglasarc3_binary,1
aee1e0859bd82e49,0,0,0.27148438,-0.13085938,0.5992506407605962,0.4007493592394038,0.9510935251987315,dann_matched,banglasarc_binary+ben_sarc_binary,banglasarc3_binary,1
14c1d9b31ee9da91,0,0,0.69140625,-0.44140625,0.7563575624625937,0.24364243753740636,0.9510935251987315,dann_matched,banglasarc_binary+ben_sarc_binary,banglasarc3_binary,1
0b3f384c234e0487,1,1,-0.30859375,0.63671875,0.2798284924581987,0.7201715075418013,0.9510935251987315,dann_matched,banglasarc_binary+ben_sarc_binary,banglasarc3_binary,1
ba3b5a884606387b,1,1,-0.5234375,0.73828125,0.22067816087759426,0.7793218391224057,0.9510935251987315,dann_matched,banglasarc_binary+ben_sarc_binary,banglasarc3_binary,1
d93424c4b5243f73,0,0,1.90625,-1.984375,0.9799765587105447,0.020023441289455244,0.9510935251987315,dann_matched,banglasarc_binary+ben_sarc_binary,banglasarc3_binary,1
b7e8e4540b6277b4,0,0,0.72265625,-0.61328125,0.79182107094258,0.20817892905742005,0.9510935251987315,dann_matched,banglasarc_binary+ben_sarc_binary,banglasarc3_binary,1
dfa9f26844b0493f,1,1,-0.33398438,0.61328125,0.2794350592151495,0.7205649407848504,0.9510935251987315,dann_matched,banglasarc_binary+ben_sarc_binary,banglasarc3_binary,1
c63b2cd906f1ec56,1,1,-1.125,1.359375,0.07696083569602613,0.9230391643039738,0.9510935251987315,dann_matched,banglasarc_binary+ben_sarc_binary,banglasarc3_binary,1
30f04a8c49d82a1e,1,0,0.5703125,-0.44921875,0.7348812825926613,0.2651187174073387,0.9510935251987315,dann_matched,banglasarc_binary+ben_sarc_binary,banglasarc3_binary,1
f53841d746ae3cd5,1,0,1.1015625,-1.265625,0.9142907207192192,0.08570927928078063,0.9510935251987315,dann_matched,banglasarc_binary+ben_sarc_binary,banglasarc3_binary,1
78b23bee083f3547,0,1,-0.18261719,0.33007812,0.3745618942207717,0.6254381057792283,0.9510935251987315,dann_matched,banglasarc_binary+ben_sarc_binary,banglasarc3_binary,1
57f53209ea014911,0,0,0.94140625,-1.1328125,0.8883720089593933,0.11162799104060678,0.9510935251987315,dann_matched,banglasarc_binary+ben_sarc_binary,banglasarc3_binary,1
6bfa33ebacfeda42,1,1,-1.265625,1.4765625,0.060529390202538995,0.9394706097974611,0.9510935251987315,dann_matched,banglasarc_binary+ben_sarc_binary,banglasarc3_binary,1
188035f94f43d5ab,0,0,1.3046875,-1.53125,0.944587205618231,0.05541279438176918,0.9510935251987315,dann_matched,banglasarc_binary+ben_sarc_binary,banglasarc3_binary,1
a9c618cbe59ac37d,1,1,-1.1953125,1.3671875,0.07159119944455247,0.9284088005554476,0.9510935251987315,dann_matched,banglasarc_binary+ben_sarc_binary,banglasarc3_binary,1
7ef070492a733c38,0,1,-0.39453125,0.7265625,0.24580846052125757,0.7541915394787425,0.9510935251987315,dann_matched,banglasarc_binary+ben_sarc_binary,banglasarc3_binary,1
c367988694c84530,0,0,0.11621094,0.111816406,0.5010986310444457,0.4989013689555543,0.9510935251987315,dann_matched,banglasarc_binary+ben_sarc_binary,banglasarc3_binary,1
18d391b119c1644a,1,0,1.2265625,-1.1171875,0.9124361604769414,0.08756383952305867,0.9510935251987315,dann_matched,banglasarc_binary+ben_sarc_binary,banglasarc3_binary,1
4faab331ced87a08,0,0,0.15917969,0.048339844,0.5276816265870358,0.4723183734129643,0.9510935251987315,dann_matched,banglasarc_binary+ben_sarc_binary,banglasarc3_binary,1
977b72c19a26ad0b,0,0,1.3359375,-1.8046875,0.9585377272885904,0.04146227271140963,0.9510935251987315,dann_matched,banglasarc_binary+ben_sarc_binary,banglasarc3_binary,1
6517e05a5287776b,0,1,0.020263672,0.3359375,0.4217304293792315,0.5782695706207684,0.9510935251987315,dann_matched,banglasarc_binary+ben_sarc_binary,banglasarc3_binary,1
ee6dbf89dce4e2bb,1,1,-0.953125,1.2421875,0.10017221862592252,0.8998277813740775,0.9510935251987315,dann_matched,banglasarc_binary+ben_sarc_binary,banglasarc3_binary,1
ccf32cdc3d0775ad,1,1,-0.74609375,1.2421875,0.12043881659461604,0.8795611834053839,0.9510935251987315,dann_matched,banglasarc_binary+ben_sarc_binary,banglasarc3_binary,1
4da5e414258db266,0,0,0.72265625,-0.58984375,0.7879311956428947,0.21206880435710532,0.9510935251987315,dann_matched,banglasarc_binary+ben_sarc_binary,banglasarc3_binary,1
60ac14a8affe8358,1,1,-0.83203125,1.2265625,0.11318690654016261,0.8868130934598374,0.9510935251987315,dann_matched,banglasarc_binary+ben_sarc_binary,banglasarc3_binary,1
c82b770796c8cf66,1,1,0.17089844,0.28710938,0.47097991791673344,0.5290200820832666,0.9510935251987315,dann_matched,banglasarc_binary+ben_sarc_binary,banglasarc3_binary,1
f5fd2d4cdc3bc132,1,0,0.05517578,-0.0625,0.5293850438006482,0.47061495619935173,0.9510935251987315,dann_matched,banglasarc_binary+ben_sarc_binary,banglasarc3_binary,1
94f3c9ec4b1c85a4,1,0,0.45117188,-0.28710938,0.6766198986579665,0.32338010134203354,0.9510935251987315,dann_matched,banglasarc_binary+ben_sarc_binary,banglasarc3_binary,1
5a10d03482f58dbf,1,1,-0.62109375,1.171875,0.1427091316026025,0.8572908683973974,0.9510935251987315,dann_matched,banglasarc_binary+ben_sarc_binary,banglasarc3_binary,1
acbcf17308c9467e,1,1,-0.86328125,1.1640625,0.1163617640229368,0.8836382359770631,0.9510935251987315,dann_matched,banglasarc_binary+ben_sarc_binary,banglasarc3_binary,1
efc06bd7dc0335d5,1,1,-0.921875,1.3046875,0.09739039825194779,0.9026096017480523,0.9510935251987315,dann_matched,banglasarc_binary+ben_sarc_binary,banglasarc3_binary,1
ed59d0f7934d3996,0,1,-0.9609375,1.3203125,0.09268777863937604,0.9073122213606241,0.9510935251987315,dann_matched,banglasarc_binary+ben_sarc_binary,banglasarc3_binary,1
562d6d6d9b6ae4be,1,1,-0.20214844,0.66015625,0.2968580553950878,0.7031419446049122,0.9510935251987315,dann_matched,banglasarc_binary+ben_sarc_binary,banglasarc3_binary,1
f32e502d7c88ac0b,1,1,-1.0234375,1.2109375,0.09670579329612154,0.9032942067038784,0.9510935251987315,dann_matched,banglasarc_binary+ben_sarc_binary,banglasarc3_binary,1
8e5d3f2f373f5e29,0,0,0.10449219,-0.13476562,0.5595307407270608,0.4404692592729392,0.9510935251987315,dann_matched,banglasarc_binary+ben_sarc_binary,banglasarc3_binary,1
9207c873bbd453c3,0,0,1.5,-1.8203125,0.9651191130633208,0.034880886936679296,0.9510935251987315,dann_matched,banglasarc_binary+ben_sarc_binary,banglasarc3_binary,1
89156813be6db8c4,1,1,-0.109375,0.49609375,0.3530935289036874,0.6469064710963125,0.9510935251987315,dann_matched,banglasarc_binary+ben_sarc_binary,banglasarc3_binary,1
8b10125a3aa18362,1,0,0.56640625,-0.3359375,0.711430905738061,0.2885690942619391,0.9510935251987315,dann_matched,banglasarc_binary+ben_sarc_binary,banglasarc3_binary,1
1ab10ab51e82c702,0,1,-0.29492188,0.65234375,0.2794350592151495,0.7205649407848504,0.9510935251987315,dann_matched,banglasarc_binary+ben_sarc_binary,banglasarc3_binary,1
0c97107ad69abd97,0,0,0.87890625,-1.2265625,0.8914335771643437,0.10856642283565619,0.9510935251987315,dann_matched,banglasarc_binary+ben_sarc_binary,banglasarc3_binary,1
319378441192755c,1,0,0.37695312,-0.23828125,0.6491339071440806,0.3508660928559194,0.9510935251987315,dann_matched,banglasarc_binary+ben_sarc_binary,banglasarc3_binary,1
da5927d625a7e992,0,1,-1.0546875,1.265625,0.08945460216888064,0.9105453978311193,0.9510935251987315,dann_matched,banglasarc_binary+ben_sarc_binary,banglasarc3_binary,1
f948aa239ae79172,0,0,0.3515625,-0.20605469,0.6359010243878394,0.36409897561216076,0.9510935251987315,dann_matched,banglasarc_binary+ben_sarc_binary,banglasarc3_binary,1
b98ee8eae2d4d6c2,1,1,-1.1015625,1.1328125,0.09670579329612154,0.9032942067038784,0.9510935251987315,dann_matched,banglasarc_binary+ben_sarc_binary,banglasarc3_binary,1
2c4933c952f7fae0,1,1,-0.46875,0.94140625,0.19620941280870197,0.8037905871912979,0.9510935251987315,dann_matched,banglasarc_binary+ben_sarc_binary,banglasarc3_binary,1
5611174ac8f322d9,0,0,1.4609375,-1.546875,0.9529258241789759,0.04707417582102406,0.9510935251987315,dann_matched,banglasarc_binary+ben_sarc_binary,banglasarc3_binary,1
a68c6a0d2e4a0d44,0,1,-0.049560547,0.16503906,0.44655504872545926,0.5534449512745407,0.9510935251987315,dann_matched,banglasarc_binary+ben_sarc_binary,banglasarc3_binary,1
f0beee1358ba6702,1,1,-0.29492188,0.640625,0.2818007300830946,0.7181992699169054,0.9510935251987315,dann_matched,banglasarc_binary+ben_sarc_binary,banglasarc3_binary,1
9dd87b3601b59c5e,1,0,0.72265625,-0.72265625,0.8092759746879663,0.1907240253120337,0.9510935251987315,dann_matched,banglasarc_binary+ben_sarc_binary,banglasarc3_binary,1
059d63cf1f988857,0,1,-0.8984375,1.09375,0.1200256277543614,0.8799743722456386,0.9510935251987315,dann_matched,banglasarc_binary+ben_sarc_binary,banglasarc3_binary,1
205492061bc3b836,1,1,-0.65625,1.0625,0.15203224162217424,0.8479677583778257,0.9510935251987315,dann_matched,banglasarc_binary+ben_sarc_binary,banglasarc3_binary,1
ba85309fe6f0de09,1,1,-0.3984375,0.7265625,0.24508501313237172,0.7549149868676283,0.9510935251987315,dann_matched,banglasarc_binary+ben_sarc_binary,banglasarc3_binary,1
34cf41d51399f927,1,1,-1.0546875,1.375,0.08093670978361556,0.9190632902163844,0.9510935251987315,dann_matched,banglasarc_binary+ben_sarc_binary,banglasarc3_binary,1
8f9e66d0954319bd,1,1,-0.546875,1.03125,0.17106119167858438,0.8289388083214156,0.9510935251987315,dann_matched,banglasarc_binary+ben_sarc_binary,banglasarc3_binary,1
7aea9964e3bab268,0,1,-0.578125,0.9765625,0.17441027833079015,0.8255897216692099,0.9510935251987315,dann_matched,banglasarc_binary+ben_sarc_binary,banglasarc3_binary,1
34262aaf029abe9c,0,0,1.2578125,-1.328125,0.9299510391228232,0.07004896087717674,0.9510935251987315,dann_matched,banglasarc_binary+ben_sarc_binary,banglasarc3_binary,1
afc98c7da489d792,0,0,0.94140625,-0.97265625,0.8714748610635069,0.1285251389364931,0.9510935251987315,dann_matched,banglasarc_binary+ben_sarc_binary,banglasarc3_binary,1
87ca816cf9ca3a57,0,0,1.7265625,-2.109375,0.9788748081040518,0.02112519189594821,0.9510935251987315,dann_matched,banglasarc_binary+ben_sarc_binary,banglasarc3_binary,1
b8705f91611e42fd,1,1,-0.36328125,0.734375,0.25017930009106876,0.7498206999089312,0.9510935251987315,dann_matched,banglasarc_binary+ben_sarc_binary,banglasarc3_binary,1
9b4172a29427d096,1,1,-1.1484375,1.46875,0.06804042027255897,0.9319595797274409,0.9510935251987315,dann_matched,banglasarc_binary+ben_sarc_binary,banglasarc3_binary,1
d41615dc78dfd442,0,0,0.58203125,-0.39257812,0.7260372900186408,0.2739627099813592,0.9510935251987315,dann_matched,banglasarc_binary+ben_sarc_binary,banglasarc3_binary,1
3b570bff1dc82229,1,0,0.25585938,0.20996094,0.5114725953679568,0.48852740463204325,0.9510935251987315,dann_matched,banglasarc_binary+ben_sarc_binary,banglasarc3_binary,1
a14957fec3333e4d,1,1,-0.53125,0.7890625,0.2107663063197709,0.7892336936802291,0.9510935251987315,dann_matched,banglasarc_binary+ben_sarc_binary,banglasarc3_binary,1
434aefb45c633a6e,1,1,-0.6796875,1.0390625,0.15203224162217424,0.8479677583778257,0.9510935251987315,dann_matched,banglasarc_binary+ben_sarc_binary,banglasarc3_binary,1
cb001950d002af6a,0,0,1.1796875,-1.5625,0.9394706097974611,0.060529390202538995,0.9510935251987315,dann_matched,banglasarc_binary+ben_sarc_binary,banglasarc3_binary,1
bde02cf99aa6475c,0,0,1.3359375,-1.5078125,0.9449947117065459,0.05500528829345415,0.9510935251987315,dann_matched,banglasarc_binary+ben_sarc_binary,banglasarc3_binary,1
d59a0afee6d44b0f,1,1,-0.38671875,0.69921875,0.2523840452764101,0.74761595472359,0.9510935251987315,dann_matched,banglasarc_binary+ben_sarc_binary,banglasarc3_binary,1
53e03d54e9f7c1ed,1,0,0.33398438,-0.16992188,0.6233768743729451,0.37662312562705497,0.9510935251987315,dann_matched,banglasarc_binary+ben_sarc_binary,banglasarc3_binary,1
2922023d8f4b1469,0,1,-0.39257812,0.60546875,0.2693256023055673,0.7306743976944328,0.9510935251987315,dann_matched,banglasarc_binary+ben_sarc_binary,banglasarc3_binary,1
9a38672a43ee4277,1,1,-0.44140625,0.640625,0.2531218139565015,0.7468781860434985,0.9510935251987315,dann_matched,banglasarc_binary+ben_sarc_binary,banglasarc3_binary,1
7d708b93f7458e17,0,0,1.6484375,-2.03125,0.975390071374038,0.024609928625961945,0.9510935251987315,dann_matched,banglasarc_binary+ben_sarc_binary,banglasarc3_binary,1
123e910b36e0446d,0,0,1.4609375,-1.7265625,0.96036116089903,0.039638839100970026,0.9510935251987315,dann_matched,banglasarc_binary+ben_sarc_binary,banglasarc3_binary,1
5dc46488541a62ec,1,1,-1.046875,1.4296875,0.07751765647688268,0.9224823435231172,0.9510935251987315,dann_matched,banglasarc_binary+ben_sarc_binary,banglasarc3_binary,1
e52a1f58f51e0c0a,1,1,-0.62109375,0.92578125,0.17553807362342935,0.8244619263765707,0.9510935251987315,dann_matched,banglasarc_binary+ben_sarc_binary,banglasarc3_binary,1
9b0ea3fdc41c9127,0,0,0.13183594,0.099121094,0.5081779815692813,0.4918220184307186,0.9510935251987315,dann_matched,banglasarc_binary+ben_sarc_binary,banglasarc3_binary,1
6013016338f9c6dd,0,0,0.7265625,-0.6640625,0.8006920020959544,0.19930799790404563,0.9510935251987315,dann_matched,banglasarc_binary+ben_sarc_binary,banglasarc3_binary,1
5e41f878680dab10,0,0,1.1328125,-1.3359375,0.9219218348550491,0.07807816514495095,0.9510935251987315,dann_matched,banglasarc_binary+ben_sarc_binary,banglasarc3_binary,1
f86040734ae27c6d,1,1,-0.78125,1.0859375,0.13386748775351784,0.8661325122464822,0.9510935251987315,dann_matched,banglasarc_binary+ben_sarc_binary,banglasarc3_binary,1
d10cccce1b8473e7,0,1,-0.83203125,1.09375,0.12721826766848623,0.8727817323315137,0.9510935251987315,dann_matched,banglasarc_binary+ben_sarc_binary,banglasarc3_binary,1
24135986932e677c,1,0,1.1171875,-1.046875,0.896975571673783,0.1030244283262171,0.9510935251987315,dann_matched,banglasarc_binary+ben_sarc_binary,banglasarc3_binary,1
7514b989309b1d9c,0,0,0.34570312,-0.23242188,0.640635854839898,0.35936414516010196,0.9510935251987315,dann_matched,banglasarc_binary+ben_sarc_binary,banglasarc3_binary,1
ce110dc8185ae08e,1,1,-0.328125,0.5859375,0.2861692439575231,0.713830756042477,0.9510935251987315,dann_matched,banglasarc_binary+ben_sarc_binary,banglasarc3_binary,1
cb27ebe4bead824c,1,0,0.5546875,-0.57421875,0.7556369949292148,0.24436300507078523,0.9510935251987315,dann_matched,banglasarc_binary+ben_sarc_binary,banglasarc3_binary,1
bc540917f9b7c71d,1,1,-0.8515625,1.1171875,0.12252321251815919,0.8774767874818407,0.9510935251987315,dann_matched,banglasarc_binary+ben_sarc_binary,banglasarc3_binary,1
4ffffbe307d0a83a,0,0,1.0,-1.0078125,0.8816149031928324,0.1183850968071675,0.9510935251987315,dann_matched,banglasarc_binary+ben_sarc_binary,banglasarc3_binary,1
b4323b5c74f8fc36,0,0,0.453125,-0.46679688,0.7150261869263117,0.2849738130736883,0.9510935251987315,dann_matched,banglasarc_binary+ben_sarc_binary,banglasarc3_binary,1
ad6cc5fb265960cc,0,1,-0.71875,1.171875,0.13117322376181567,0.8688267762381844,0.9510935251987315,dann_matched,banglasarc_binary+ben_sarc_binary,banglasarc3_binary,1
d39ddcf24d6d9189,0,1,-0.703125,0.95703125,0.15974102335538914,0.8402589766446108,0.9510935251987315,dann_matched,banglasarc_binary+ben_sarc_binary,banglasarc3_binary,1
f38d81be661a4b8f,1,1,-0.890625,1.2734375,0.1030244283262171,0.896975571673783,0.9510935251987315,dann_matched,banglasarc_binary+ben_sarc_binary,banglasarc3_binary,1
c511137eaf00d6b1,1,1,-0.69921875,0.9765625,0.1576549093940152,0.8423450906059847,0.9510935251987315,dann_matched,banglasarc_binary+ben_sarc_binary,banglasarc3_binary,1
3cb9b64cd0bcd1c4,1,1,-0.46289062,0.8125,0.21833586262455928,0.7816641373754407,0.9510935251987315,dann_matched,banglasarc_binary+ben_sarc_binary,banglasarc3_binary,1
44e81fb71fafc5f6,1,1,-0.9765625,1.3671875,0.08756383952305867,0.9124361604769414,0.9510935251987315,dann_matched,banglasarc_binary+ben_sarc_binary,banglasarc3_binary,1
1f6366dc8c87721e,0,1,-0.44726562,0.85546875,0.21370518580391829,0.7862948141960816,0.9510935251987315,dann_matched,banglasarc_binary+ben_sarc_binary,banglasarc3_binary,1
406b7cc3a0445691,1,1,-0.8984375,1.1875,0.11047115389487247,0.8895288461051276,0.9510935251987315,dann_matched,banglasarc_binary+ben_sarc_binary,banglasarc3_binary,1
35cf36bc3d8642ab,0,1,-0.64453125,0.890625,0.17724051706725022,0.8227594829327498,0.9510935251987315,dann_matched,banglasarc_binary+ben_sarc_binary,banglasarc3_binary,1
57cd7fdd60d1667d,1,1,-0.37304688,0.81640625,0.233356758197565,0.766643241802435,0.9510935251987315,dann_matched,banglasarc_binary+ben_sarc_binary,banglasarc3_binary,1
0bb1548e56ec97e6,1,0,1.1328125,-1.265625,0.916708077443256,0.0832919225567441,0.9510935251987315,dann_matched,banglasarc_binary+ben_sarc_binary,banglasarc3_binary,1
8e8b85d15b47827c,1,0,0.62890625,-0.43359375,0.7431680086124811,0.25683199138751883,0.9510935251987315,dann_matched,banglasarc_binary+ben_sarc_binary,banglasarc3_binary,1
fae8d93fe40b415d,1,1,-0.90625,1.2265625,0.10594828713637978,0.8940517128636203,0.9510935251987315,dann_matched,banglasarc_binary+ben_sarc_binary,banglasarc3_binary,1
12e6dab580637364,1,1,-0.35546875,0.77734375,0.24364243753740636,0.7563575624625937,0.9510935251987315,dann_matched,banglasarc_binary+ben_sarc_binary,banglasarc3_binary,1
c63614053bc8ae28,0,1,-0.26171875,0.3359375,0.3548800897081317,0.6451199102918683,0.9510935251987315,dann_matched,banglasarc_binary+ben_sarc_binary,banglasarc3_binary,1
e567c1f8bb54ed53,0,1,-0.44726562,0.62890625,0.25423113712419204,0.7457688628758079,0.9510935251987315,dann_matched,banglasarc_binary+ben_sarc_binary,banglasarc3_binary,1
b24c7e2e479c102f,0,0,1.53125,-1.7578125,0.9640516782107567,0.035948321789243294,0.9510935251987315,dann_matched,banglasarc_binary+ben_sarc_binary,banglasarc3_binary,1
8ed4645228916f02,0,0,0.921875,-1.1171875,0.8848377712685633,0.11516222873143664,0.9510935251987315,dann_matched,banglasarc_binary+ben_sarc_binary,banglasarc3_binary,1
f59c42c49edda760,0,0,0.35742188,-0.13476562,0.6206216158802703,0.37937838411972974,0.9510935251987315,dann_matched,banglasarc_binary+ben_sarc_binary,banglasarc3_binary,1
d760334e952c9d53,0,0,1.5,-1.9140625,0.9681411443139596,0.03185885568604046,0.9510935251987315,dann_matched,banglasarc_binary+ben_sarc_binary,banglasarc3_binary,1
98f8544b2ea323d3,0,0,0.39648438,-0.48242188,0.7065955179610504,0.2934044820389496,0.9510935251987315,dann_matched,banglasarc_binary+ben_sarc_binary,banglasarc3_binary,1
ce05c3fa0cc62627,0,0,0.95703125,-0.875,0.8620035287315965,0.13799647126840353,0.9510935251987315,dann_matched,banglasarc_binary+ben_sarc_binary,banglasarc3_binary,1
fdc64d7635cb59b2,0,0,0.6328125,-0.55859375,0.7669924765752232,0.23300752342477682,0.9510935251987315,dann_matched,banglasarc_binary+ben_sarc_binary,banglasarc3_binary,1
f93ea9b921c3c0f7,1,1,-0.111328125,0.31054688,0.3960681662740417,0.6039318337259583,0.9510935251987315,dann_matched,banglasarc_binary+ben_sarc_binary,banglasarc3_binary,1
2278f57caa613701,0,0,1.140625,-1.265625,0.9173026573249612,0.08269734267503885,0.9510935251987315,dann_matched,banglasarc_binary+ben_sarc_binary,banglasarc3_binary,1
c25fe5e4766f241a,0,0,1.1640625,-1.34375,0.9246876936763765,0.07531230632362355,0.9510935251987315,dann_matched,banglasarc_binary+ben_sarc_binary,banglasarc3_binary,1
572e4397ff6c9eb2,1,1,-0.97265625,1.15625,0.10631886977575758,0.8936811302242426,0.9510935251987315,dann_matched,banglasarc_binary+ben_sarc_binary,banglasarc3_binary,1
9e94c5340c1e9e84,1,1,-0.04345703,0.41015625,0.38850202029457853,0.6114979797054215,0.9510935251987315,dann_matched,banglasarc_binary+ben_sarc_binary,banglasarc3_binary,1
e0b7bf00262d60a7,0,0,0.5546875,-0.5859375,0.7577943712746406,0.24220562872535945,0.9510935251987315,dann_matched,banglasarc_binary+ben_sarc_binary,banglasarc3_binary,1
7d5dcba04c7cbfc6,1,0,0.2890625,-0.22558594,0.6258955429415617,0.3741044570584383,0.9510935251987315,dann_matched,banglasarc_binary+ben_sarc_binary,banglasarc3_binary,1
cd9fc03dbd82abcd,0,0,1.8359375,-2.109375,0.9810219632882344,0.01897803671176563,0.9510935251987315,dann_matched,banglasarc_binary+ben_sarc_binary,banglasarc3_binary,1
54b803aa09d54185,1,1,-0.921875,1.109375,0.11596071825396677,0.8840392817460332,0.9510935251987315,dann_matched,banglasarc_binary+ben_sarc_binary,banglasarc3_binary,1
725ea8a5def6acac,0,0,1.5703125,-2.015625,0.9730365001376665,0.02696349986233355,0.9510935251987315,dann_matched,banglasarc_binary+ben_sarc_binary,banglasarc3_binary,1
56d6d68354837500,0,1,-0.005065918,0.22460938,0.44283225947994925,0.5571677405200508,0.9510935251987315,dann_matched,banglasarc_binary+ben_sarc_binary,banglasarc3_binary,1
da5033e533eee677,1,0,0.66796875,-0.16796875,0.6976089173220981,0.30239108267790193,0.9510935251987315,dann_matched,banglasarc_binary+ben_sarc_binary,banglasarc3_binary,1
ce347cf05f786fe0,1,0,0.375,-0.009277344,0.5949043305979296,0.4050956694020703,0.9510935251987315,dann_matched,banglasarc_binary+ben_sarc_binary,banglasarc3_binary,1
ea499bace09f44ce,1,0,0.23242188,0.014404297,0.5542895253999303,0.4457104746000698,0.9510935251987315,dann_matched,banglasarc_binary+ben_sarc_binary,banglasarc3_binary,1
2ccc2f875d7de471,1,1,-0.9140625,1.2734375,0.10087862273005653,0.8991213772699436,0.9510935251987315,dann_matched,banglasarc_binary+ben_sarc_binary,banglasarc3_binary,1
22e8efc34608d82d,0,1,0.005493164,0.23925781,0.4418235224695993,0.5581764775304007,0.9510935251987315,dann_matched,banglasarc_binary+ben_sarc_binary,banglasarc3_binary,1
040a68c1b02bd862,1,1,-0.01928711,0.23046875,0.4378835913548856,0.5621164086451145,0.9510935251987315,dann_matched,banglasarc_binary+ben_sarc_binary,banglasarc3_binary,1
efde5d179b5fd873,1,0,0.90625,-0.91796875,0.8610715739709943,0.1389284260290056,0.9510935251987315,dann_matched,banglasarc_binary+ben_sarc_binary,banglasarc3_binary,1
0b43510285b09eba,0,0,0.66015625,-0.7890625,0.8098781697309154,0.19012183026908458,0.9510935251987315,dann_matched,banglasarc_binary+ben_sarc_binary,banglasarc3_binary,1
dd4fae9961a88873,1,0,0.36914062,0.008544922,0.5891846293344347,0.4108153706655653,0.9510935251987315,dann_matched,banglasarc_binary+ben_sarc_binary,banglasarc3_binary,1
121299f05ede0c91,1,1,-0.8984375,1.25,0.10447732313023693,0.8955226768697631,0.9510935251987315,dann_matched,banglasarc_binary+ben_sarc_binary,banglasarc3_binary,1
30a6096d2f7010ff,1,1,-0.5390625,0.8125,0.20561503957001773,0.7943849604299823,0.9510935251987315,dann_matched,banglasarc_binary+ben_sarc_binary,banglasarc3_binary,1
a1bd9a0f27bbd51e,0,0,0.53125,-0.36132812,0.7094219203984623,0.29057807960153764,0.9510935251987315,dann_matched,banglasarc_binary+ben_sarc_binary,banglasarc3_binary,1
477fd95f302c284c,0,1,-0.703125,1.0390625,0.14903529447863062,0.8509647055213694,0.9510935251987315,dann_matched,banglasarc_binary+ben_sarc_binary,banglasarc3_binary,1
8c8158a78b04bd05,1,0,0.734375,-0.70703125,0.8086723228520697,0.19132767714793028,0.9510935251987315,dann_matched,banglasarc_binary+ben_sarc_binary,banglasarc3_binary,1
d094516197c5cc27,0,1,-0.3125,0.55859375,0.29502676635499137,0.7049732336450086,0.9510935251987315,dann_matched,banglasarc_binary+ben_sarc_binary,banglasarc3_binary,1
9d3e29981c15d1c1,0,1,-0.6796875,0.95703125,0.16291203745291188,0.8370879625470882,0.9510935251987315,dann_matched,banglasarc_binary+ben_sarc_binary,banglasarc3_binary,1
fd31f5f3ca6c7a27,1,0,0.18847656,0.016113281,0.5429844538464565,0.4570155461535435,0.9510935251987315,dann_matched,banglasarc_binary+ben_sarc_binary,banglasarc3_binary,1
d2fa1859fec8bc19,0,0,0.71875,-0.66015625,0.79881528176072,0.20118471823927994,0.9510935251987315,dann_matched,banglasarc_binary+ben_sarc_binary,banglasarc3_binary,1
50dbee0e7a539695,1,1,-0.38085938,0.70703125,0.25201569553082487,0.7479843044691752,0.9510935251987315,dann_matched,banglasarc_binary+ben_sarc_binary,banglasarc3_binary,1
d2ebc3d3ea553892,1,0,1.2265625,-1.1171875,0.9124361604769414,0.08756383952305867,0.9510935251987315,dann_matched,banglasarc_binary+ben_sarc_binary,banglasarc3_binary,1
e15f93ee6c7733d1,1,0,0.51171875,-0.6328125,0.758510610284809,0.24148938971519088,0.9510935251987315,dann_matched,banglasarc_binary+ben_sarc_binary,banglasarc3_binary,1
25e11947840674b6,1,1,-0.52734375,0.76171875,0.21601153469447487,0.7839884653055251,0.9510935251987315,dann_matched,banglasarc_binary+ben_sarc_binary,banglasarc3_binary,1
37ed4175676826d3,1,1,-0.36523438,0.58984375,0.2778647176351323,0.7221352823648677,0.9510935251987315,dann_matched,banglasarc_binary+ben_sarc_binary,banglasarc3_binary,1
acf59b60bc703e78,0,1,-0.7578125,1.0703125,0.13846179056896438,0.8615382094310357,0.9510935251987315,dann_matched,banglasarc_binary+ben_sarc_binary,banglasarc3_binary,1
2dac047c35342cac,1,0,0.33789062,-0.046875,0.5950219975882318,0.4049780024117681,0.9510935251987315,dann_matched,banglasarc_binary+ben_sarc_binary,banglasarc3_binary,1
52c53afde23c5737,1,0,0.25976562,-0.026123047,0.5709893151363009,0.4290106848636991,0.9510935251987315,dann_matched,banglasarc_binary+ben_sarc_binary,banglasarc3_binary,1
597d374e58e24ce0,0,0,0.40234375,-0.34375,0.6783269517867622,0.32167304821323783,0.9510935251987315,dann_matched,banglasarc_binary+ben_sarc_binary,banglasarc3_binary,1
21f6588fa41d80f2,1,0,0.41015625,-0.2734375,0.6645403126074702,0.3354596873925299,0.9510935251987315,dann_matched,banglasarc_binary+ben_sarc_binary,banglasarc3_binary,1
576dad90f863a07a,0,0,0.10839844,0.049804688,0.5146442479867636,0.4853557520132364,0.9510935251987315,dann_matched,banglasarc_binary+ben_sarc_binary,banglasarc3_binary,1
acc440f1fc8bac8a,1,1,0.045654297,0.36328125,0.42125418617327437,0.5787458138267256,0.9510935251987315,dann_matched,banglasarc_binary+ben_sarc_binary,banglasarc3_binary,1
99f834500aa28da7,1,1,-0.04345703,0.27148438,0.42190905817167135,0.5780909418283288,0.9510935251987315,dann_matched,banglasarc_binary+ben_sarc_binary,banglasarc3_binary,1
ab8cb0f62e0897af,0,0,0.9921875,-0.87890625,0.8665847827360217,0.1334152172639784,0.9510935251987315,dann_matched,banglasarc_binary+ben_sarc_binary,banglasarc3_binary,1
c2990dd82a44f69e,1,1,-0.20996094,0.41796875,0.34798012296169634,0.6520198770383038,0.9510935251987315,dann_matched,banglasarc_binary+ben_sarc_binary,banglasarc3_binary,1
00d461014350b89e,1,0,0.859375,-0.49414062,0.7947037955528609,0.20529620444713906,0.9510935251987315,dann_matched,banglasarc_binary+ben_sarc_binary,banglasarc3_binary,1
5707e3c0244d1dfb,1,0,0.5390625,-0.546875,0.74761595472359,0.2523840452764101,0.9510935251987315,dann_matched,banglasarc_binary+ben_sarc_binary,banglasarc3_binary,1
fd622c33ab6796bd,1,1,-0.921875,1.2265625,0.10447732313023693,0.8955226768697631,0.9510935251987315,dann_matched,banglasarc_binary+ben_sarc_binary,banglasarc3_binary,1
61890d2332416b73,0,1,-0.53125,0.93359375,0.1877276039567854,0.8122723960432147,0.9510935251987315,dann_matched,banglasarc_binary+ben_sarc_binary,banglasarc3_binary,1
3b4ef2d9f41c852f,1,1,-0.32617188,0.5703125,0.28977349483723636,0.7102265051627635,0.9510935251987315,dann_matched,banglasarc_binary+ben_sarc_binary,banglasarc3_binary,1
e5390f71a9c29ba6,0,0,1.2578125,-1.375,0.9329437130748804,0.06705628692511957,0.9510935251987315,dann_matched,banglasarc_binary+ben_sarc_binary,banglasarc3_binary,1
b099c317bb9c6687,1,1,-0.4140625,0.73828125,0.24006124795898495,0.7599387520410151,0.9510935251987315,dann_matched,banglasarc_binary+ben_sarc_binary,banglasarc3_binary,1
912bbeda5648f283,1,0,0.5078125,-0.34179688,0.7004851935462564,0.2995148064537437,0.9510935251987315,dann_matched,banglasarc_binary+ben_sarc_binary,banglasarc3_binary,1
c823ae44a3e23b84,0,0,0.8125,-0.75,0.8267117940706734,0.17328820592932656,0.9510935251987315,dann_matched,banglasarc_binary+ben_sarc_binary,banglasarc3_binary,1
bfea9a263b223c80,1,0,0.73828125,-0.8828125,0.8349459160708924,0.16505408392910761,0.9510935251987315,dann_matched,banglasarc_binary+ben_sarc_binary,banglasarc3_binary,1
3cdaa503d41fc6a6,0,0,1.8359375,-2.109375,0.9810219632882344,0.01897803671176563,0.9510935251987315,dann_matched,banglasarc_binary+ben_sarc_binary,banglasarc3_binary,1
d71f7c52c9ea87be,0,1,-0.23632812,0.48828125,0.32637877584155367,0.6736212241584463,0.9510935251987315,dann_matched,banglasarc_binary+ben_sarc_binary,banglasarc3_binary,1
def9ea9b246c55b1,0,0,0.19628906,-0.056640625,0.5628974649864699,0.43710253501353014,0.9510935251987315,dann_matched,banglasarc_binary+ben_sarc_binary,banglasarc3_binary,1
04b1b4f08fdd18c5,1,1,0.22070312,0.28125,0.48486790372724575,0.5151320962727542,0.9510935251987315,dann_matched,banglasarc_binary+ben_sarc_binary,banglasarc3_binary,1
39bf383204dad4e3,0,0,0.37109375,-0.041503906,0.601710584219703,0.39828941578029703,0.9510935251987315,dann_matched,banglasarc_binary+ben_sarc_binary,banglasarc3_binary,1
1f427bfaa298bf6b,1,0,0.36132812,0.20996094,0.5377697093531815,0.4622302906468186,0.9510935251987315,dann_matched,banglasarc_binary+ben_sarc_binary,banglasarc3_binary,1
ed3220bf0c8abb3b,1,1,-1.0234375,1.2890625,0.09009299396195182,0.9099070060380482,0.9510935251987315,dann_matched,banglasarc_binary+ben_sarc_binary,banglasarc3_binary,1
855a37fc463d8e33,1,1,-0.87109375,1.3515625,0.09773431959046293,0.9022656804095371,0.9510935251987315,dann_matched,banglasarc_binary+ben_sarc_binary,banglasarc3_binary,1
4771a65e8a1e5abf,0,1,-0.8359375,1.0546875,0.13117322376181567,0.8688267762381844,0.9510935251987315,dann_matched,banglasarc_binary+ben_sarc_binary,banglasarc3_binary,1
4f4b52f3c17a4ba1,0,1,-0.703125,0.8515625,0.17441027833079015,0.8255897216692099,0.9510935251987315,dann_matched,banglasarc_binary+ben_sarc_binary,banglasarc3_binary,1
51e27f8269f8eaac,0,1,-0.048095703,0.28320312,0.4179246318677877,0.5820753681322123,0.9510935251987315,dann_matched,banglasarc_binary+ben_sarc_binary,banglasarc3_binary,1
8de5e108effcbaea,0,0,1.359375,-1.4375,0.9425067211996143,0.05749327880038583,0.9510935251987315,dann_matched,banglasarc_binary+ben_sarc_binary,banglasarc3_binary,1
75e09ea10216853d,0,0,0.19726562,-0.004119873,0.5501769073094966,0.4498230926905034,0.9510935251987315,dann_matched,banglasarc_binary+ben_sarc_binary,banglasarc3_binary,1
b3ece23327e83d73,0,0,0.79296875,-0.58984375,0.7994423202552038,0.2005576797447963,0.9510935251987315,dann_matched,banglasarc_binary+ben_sarc_binary,banglasarc3_binary,1
237b60d67d3a977b,0,0,1.6484375,-2.125,0.9775429470705839,0.02245705292941607,0.9510935251987315,dann_matched,banglasarc_binary+ben_sarc_binary,banglasarc3_binary,1
9ce912c1a315b4d4,1,1,-0.31640625,0.41601562,0.324663488782487,0.675336511217513,0.9510935251987315,dann_matched,banglasarc_binary+ben_sarc_binary,banglasarc3_binary,1
a034075943ae5ef1,1,0,0.24804688,0.071777344,0.543953634946139,0.456046365053861,0.9510935251987315,dann_matched,banglasarc_binary+ben_sarc_binary,banglasarc3_binary,1
00e1bdb06e67ed07,0,0,0.81640625,-0.7890625,0.8327813311689884,0.16721866883101164,0.9510935251987315,dann_matched,banglasarc_binary+ben_sarc_binary,banglasarc3_binary,1
5e81d0127cda6083,1,1,0.056884766,0.15625,0.4751791103637173,0.5248208896362827,0.9510935251987315,dann_matched,banglasarc_binary+ben_sarc_binary,banglasarc3_binary,1
391c2dab4f4a8ea6,1,1,-1.2109375,1.5859375,0.05749327880038583,0.9425067211996143,0.9510935251987315,dann_matched,banglasarc_binary+ben_sarc_binary,banglasarc3_binary,1
76010f7452a4ee0b,0,0,0.39453125,-0.09277344,0.6194712803673881,0.38052871963261187,0.9510935251987315,dann_matched,banglasarc_binary+ben_sarc_binary,banglasarc3_binary,1
501212c9f4c39f1a,0,0,0.6484375,-0.73046875,0.79881528176072,0.20118471823927994,0.9510935251987315,dann_matched,banglasarc_binary+ben_sarc_binary,banglasarc3_binary,1
2d0c4e3b8cd32421,1,0,0.16113281,0.15722656,0.5009765612582384,0.4990234387417615,0.9510935251987315,dann_matched,banglasarc_binary+ben_sarc_binary,banglasarc3_binary,1
b46fca43ca40e1a1,0,1,-0.16699219,0.3359375,0.37685242877052594,0.623147571229474,0.9510935251987315,dann_matched,banglasarc_binary+ben_sarc_binary,banglasarc3_binary,1
eb34b73284cdfb62,0,1,-0.49414062,0.84375,0.2078571585285878,0.7921428414714122,0.9510935251987315,dann_matched,banglasarc_binary+ben_sarc_binary,banglasarc3_binary,1
82b1b909a5385c25,0,0,0.20800781,-0.021362305,0.5570924426220589,0.4429075573779411,0.9510935251987315,dann_matched,banglasarc_binary+ben_sarc_binary,banglasarc3_binary,1
afab669e2802f55a,0,1,-0.23828125,0.43554688,0.33764019024069764,0.6623598097593023,0.9510935251987315,dann_matched,banglasarc_binary+ben_sarc_binary,banglasarc3_binary,1
32655b6af6468900,1,1,-0.08203125,0.36914062,0.38908217842189113,0.6109178215781089,0.9510935251987315,dann_matched,banglasarc_binary+ben_sarc_binary,banglasarc3_binary,1
63522bcc58aca5aa,1,1,-0.025512695,0.4609375,0.38073016673487775,0.6192698332651222,0.9510935251987315,dann_matched,banglasarc_binary+ben_sarc_binary,banglasarc3_binary,1
b81a6fc550996879,0,1,-0.13574219,0.28710938,0.3958345980320936,0.6041654019679065,0.9510935251987315,dann_matched,banglasarc_binary+ben_sarc_binary,banglasarc3_binary,1
9e9c76d8536be656,0,0,0.875,-1.046875,0.8723473746782093,0.12765262532179067,0.9510935251987315,dann_matched,banglasarc_binary+ben_sarc_binary,banglasarc3_binary,1
487ba6736df9dac4,1,1,-0.6875,1.0234375,0.15304215724489628,0.8469578427551038,0.9510935251987315,dann_matched,banglasarc_binary+ben_sarc_binary,banglasarc3_binary,1
7224809745c5317e,0,0,1.0703125,-1.078125,0.8955226768697631,0.10447732313023693,0.9510935251987315,dann_matched,banglasarc_binary+ben_sarc_binary,banglasarc3_binary,1
cc351cfcab72e656,0,1,-0.7421875,1.0625,0.1412814160007008,0.8587185839992991,0.9510935251987315,dann_matched,banglasarc_binary+ben_sarc_binary,banglasarc3_binary,1
0ac9087c2e695175,0,0,1.5625,-1.8515625,0.9681411443139596,0.03185885568604046,0.9510935251987315,dann_matched,banglasarc_binary+ben_sarc_binary,banglasarc3_binary,1
7ab4d04075a8767b,1,1,-0.93359375,1.1171875,0.1139734641137174,0.8860265358862826,0.9510935251987315,dann_matched,banglasarc_binary+ben_sarc_binary,banglasarc3_binary,1
005a81526dd973be,1,1,-0.87890625,1.25,0.10631886977575758,0.8936811302242426,0.9510935251987315,dann_matched,banglasarc_binary+ben_sarc_binary,banglasarc3_binary,1
5422984065fd2576,1,0,1.421875,-1.7109375,0.9582261192116938,0.04177388078830622,0.9510935251987315,dann_matched,banglasarc_binary+ben_sarc_binary,banglasarc3_binary,1
73b2db9434de0a4f,1,1,-0.31640625,0.640625,0.2774729816308713,0.7225270183691288,0.9510935251987315,dann_matched,banglasarc_binary+ben_sarc_binary,banglasarc3_binary,1
7b755c23081cae77,1,0,0.22753906,0.18359375,0.5109845604086787,0.4890154395913213,0.9510935251987315,dann_matched,banglasarc_binary+ben_sarc_binary,banglasarc3_binary,1
4df4505e1099e8b8,0,0,0.055664062,-0.020385742,0.5190032931438402,0.48099670685615975,0.9510935251987315,dann_matched,banglasarc_binary+ben_sarc_binary,banglasarc3_binary,1
20d8bb2aacda3ef4,0,0,0.765625,-0.68359375,0.8098781697309154,0.19012183026908458,0.9510935251987315,dann_matched,banglasarc_binary+ben_sarc_binary,banglasarc3_binary,1
86168cedfa8908d4,1,1,-0.5078125,0.9453125,0.18952109132967757,0.8104789086703224,0.9510935251987315,dann_matched,banglasarc_binary+ben_sarc_binary,banglasarc3_binary,1
ffe0b07ccb36819b,1,1,-1.09375,1.5546875,0.06608537866754877,0.9339146213324513,0.9510935251987315,dann_matched,banglasarc_binary+ben_sarc_binary,banglasarc3_binary,1
0f006194b45e6c5f,1,0,0.31640625,-0.020141602,0.5833517118490799,0.41664828815092014,0.9510935251987315,dann_matched,banglasarc_binary+ben_sarc_binary,banglasarc3_binary,1
0032784830ddb818,0,1,-0.08105469,0.18847656,0.4330221760933256,0.5669778239066745,0.9510935251987315,dann_matched,banglasarc_binary+ben_sarc_binary,banglasarc3_binary,1
471ce8d0863df951,0,1,-0.421875,0.6015625,0.2643583582610753,0.7356416417389247,0.9510935251987315,dann_matched,banglasarc_binary+ben_sarc_binary,banglasarc3_binary,1
b8051eeb7d141427,1,1,-1.078125,1.4609375,0.07316472140562331,0.9268352785943768,0.9510935251987315,dann_matched,banglasarc_binary+ben_sarc_binary,banglasarc3_binary,1
13f5d731d71ec752,0,0,1.6015625,-2.171875,0.9775429470705839,0.02245705292941607,0.9510935251987315,dann_matched,banglasarc_binary+ben_sarc_binary,banglasarc3_binary,1
53d67a30efe6b19e,0,1,-0.041015625,0.37304688,0.3979384110732902,0.6020615889267098,0.9510935251987315,dann_matched,banglasarc_binary+ben_sarc_binary,banglasarc3_binary,1
002c1140ae3dde4e,1,0,0.25,-0.07080078,0.5795193962695273,0.42048060373047264,0.9510935251987315,dann_matched,banglasarc_binary+ben_sarc_binary,banglasarc3_binary,1
03a3878f85634362,1,1,-0.80859375,0.984375,0.1427091316026025,0.8572908683973974,0.9510935251987315,dann_matched,banglasarc_binary+ben_sarc_binary,banglasarc3_binary,1
15cf011d32f28273,1,1,-0.30859375,0.7109375,0.2651187174073387,0.7348812825926613,0.9510935251987315,dann_matched,banglasarc_binary+ben_sarc_binary,banglasarc3_binary,1
39afb1a94688145e,1,1,-0.005432129,0.234375,0.44033388132921003,0.55966611867079,0.9510935251987315,dann_matched,banglasarc_binary+ben_sarc_binary,banglasarc3_binary,1
5f3e3a9180cef321,1,1,-0.73046875,1.03125,0.14657520915950842,0.8534247908404916,0.9510935251987315,dann_matched,banglasarc_binary+ben_sarc_binary,banglasarc3_binary,1
4962ffafd1494e25,1,0,0.4765625,-0.21972656,0.6673644966627208,0.3326355033372793,0.9510935251987315,dann_matched,banglasarc_binary+ben_sarc_binary,banglasarc3_binary,1
2f76c0643b8dc919,1,1,-0.69921875,1.0234375,0.15152933817982858,0.8484706618201715,0.9510935251987315,dann_matched,banglasarc_binary+ben_sarc_binary,banglasarc3_binary,1
984ddd9e97dcc313,0,0,0.71875,-0.70703125,0.8062431344561782,0.19375686554382185,0.9510935251987315,dann_matched,banglasarc_binary+ben_sarc_binary,banglasarc3_binary,1
37b55e10fbcaaa62,0,1,-0.54296875,0.8671875,0.19620941280870197,0.8037905871912979,0.9510935251987315,dann_matched,banglasarc_binary+ben_sarc_binary,banglasarc3_binary,1
73d0ee7cb4b89e64,1,1,-0.70703125,1.0,0.15354917288301603,0.8464508271169839,0.9510935251987315,dann_matched,banglasarc_binary+ben_sarc_binary,banglasarc3_binary,1
67351714d10f07bb,1,1,-0.19140625,0.53515625,0.3259495159352553,0.6740504840647448,0.9510935251987315,dann_matched,banglasarc_binary+ben_sarc_binary,banglasarc3_binary,1
a4ebfa262a40ce6d,1,1,-0.6640625,0.97265625,0.16291203745291188,0.8370879625470882,0.9510935251987315,dann_matched,banglasarc_binary+ben_sarc_binary,banglasarc3_binary,1
711787e882523b00,0,1,-0.3671875,0.5703125,0.28140560742914383,0.7185943925708561,0.9510935251987315,dann_matched,banglasarc_binary+ben_sarc_binary,banglasarc3_binary,1
46fef03e1665a7ca,0,1,-0.41210938,0.625,0.26170812692029033,0.7382918730797098,0.9510935251987315,dann_matched,banglasarc_binary+ben_sarc_binary,banglasarc3_binary,1
a76dc1c36dd7c504,0,0,0.421875,-0.16015625,0.6415346628833171,0.358465337116683,0.9510935251987315,dann_matched,banglasarc_binary+ben_sarc_binary,banglasarc3_binary,1
d7b2d256a4143a25,1,0,0.640625,-0.4921875,0.7563575624625937,0.24364243753740636,0.9510935251987315,dann_matched,banglasarc_binary+ben_sarc_binary,banglasarc3_binary,1
1b94ccf4d275d3d1,1,0,0.70703125,-0.578125,0.7833262058913498,0.21667379410865026,0.9510935251987315,dann_matched,banglasarc_binary+ben_sarc_binary,banglasarc3_binary,1
734ed3d8328829a9,1,1,-1.1484375,1.4765625,0.0675466911396291,0.9324533088603709,0.9510935251987315,dann_matched,banglasarc_binary+ben_sarc_binary,banglasarc3_binary,1
a6b2d326016440e6,1,1,-0.16699219,0.66015625,0.3042483554536494,0.6957516445463505,0.9510935251987315,dann_matched,banglasarc_binary+ben_sarc_binary,banglasarc3_binary,1
31b230e3a9af4fda,0,1,0.028076172,0.2265625,0.45054068975420686,0.5494593102457931,0.9510935251987315,dann_matched,banglasarc_binary+ben_sarc_binary,banglasarc3_binary,1
2220cd6a505565f7,0,1,-0.62890625,0.51953125,0.24077459577038227,0.7592254042296177,0.9510935251987315,dann_matched,banglasarc_binary+ben_sarc_binary,banglasarc3_binary,1
ce2b334fad8c3a5d,0,0,0.19238281,-0.06738281,0.5645786763641139,0.43542132363588604,0.9510935251987315,dann_matched,banglasarc_binary+ben_sarc_binary,banglasarc3_binary,1
722c6881b0dee379,1,0,0.38476562,-0.100097656,0.6188956083158166,0.38110439168418336,0.9510935251987315,dann_matched,banglasarc_binary+ben_sarc_binary,banglasarc3_binary,1
f1e88058df9310e0,1,0,0.7890625,-0.76171875,0.825026539966124,0.17497346003387607,0.9510935251987315,dann_matched,banglasarc_binary+ben_sarc_binary,banglasarc3_binary,1
e2b5924ce46e4127,1,0,0.71875,-0.49414062,0.7708100121686987,0.2291899878313013,0.9510935251987315,dann_matched,banglasarc_binary+ben_sarc_binary,banglasarc3_binary,1
8aa47f0f19a6b655,0,0,1.671875,-2.046875,0.9763105287006256,0.023689471299374428,0.9510935251987315,dann_matched,banglasarc_binary+ben_sarc_binary,banglasarc3_binary,1
366e2c4f0de8d88d,0,1,-0.84375,1.15625,0.11920292202211755,0.8807970779778823,0.9510935251987315,dann_matched,banglasarc_binary+ben_sarc_binary,banglasarc3_binary,1
49e7e0b2adafbcd1,0,0,0.87109375,-0.8359375,0.8464508271169839,0.15354917288301603,0.9510935251987315,dann_matched,banglasarc_binary+ben_sarc_binary,banglasarc3_binary,1
aae4075a20d3ba22,0,1,-0.3828125,0.546875,0.28298811828270554,0.7170118817172945,0.9510935251987315,dann_matched,banglasarc_binary+ben_sarc_binary,banglasarc3_binary,1
f70f4b9f132b9352,0,1,-0.59765625,0.87109375,0.1871326821624266,0.8128673178375735,0.9510935251987315,dann_matched,banglasarc_binary+ben_sarc_binary,banglasarc3_binary,1
e868e8fa9c38e342,0,0,0.85546875,-0.8125,0.8413048148640399,0.1586951851359601,0.9510935251987315,dann_matched,banglasarc_binary+ben_sarc_binary,banglasarc3_binary,1
34f804166b33a246,1,1,-1.03125,1.328125,0.08632347658627028,0.9136765234137297,0.9510935251987315,dann_matched,banglasarc_binary+ben_sarc_binary,banglasarc3_binary,1
186dcee2e7df2920,1,1,-0.2734375,0.55078125,0.3048688709099544,0.6951311290900456,0.9510935251987315,dann_matched,banglasarc_binary+ben_sarc_binary,banglasarc3_binary,1
992528b2a23ee70a,0,0,0.35742188,-0.453125,0.6922260278044772,0.30777397219552277,0.9510935251987315,dann_matched,banglasarc_binary+ben_sarc_binary,banglasarc3_binary,1
63b9ff3f715bfb2f,0,0,0.91015625,-1.0625,0.8778961345311737,0.12210386546882639,0.9510935251987315,dann_matched,banglasarc_binary+ben_sarc_binary,banglasarc3_binary,1
52a86f6315459641,1,1,-0.53125,0.84375,0.20181322226037882,0.7981867777396212,0.9510935251987315,dann_matched,banglasarc_binary+ben_sarc_binary,banglasarc3_binary,1
875e2c2018999836,0,0,0.44140625,-0.47460938,0.7142295667160549,0.2857704332839452,0.9510935251987315,dann_matched,banglasarc_binary+ben_sarc_binary,banglasarc3_binary,1
b0853ab27aae530b,0,0,0.33007812,-0.10058594,0.6060322292713071,0.393967770728693,0.9510935251987315,dann_matched,banglasarc_binary+ben_sarc_binary,banglasarc3_binary,1
2360a4258810318d,0,1,-0.74609375,1.015625,0.14657520915950842,0.8534247908404916,0.9510935251987315,dann_matched,banglasarc_binary+ben_sarc_binary,banglasarc3_binary,1
6691a7d1596c1c0e,0,0,1.296875,-1.4296875,0.9385759599453297,0.06142404005467019,0.9510935251987315,dann_matched,banglasarc_binary+ben_sarc_binary,banglasarc3_binary,1
c7c7d1e79083dbae,0,1,-0.54296875,0.75,0.2153507429786673,0.7846492570213327,0.9510935251987315,dann_matched,banglasarc_binary+ben_sarc_binary,banglasarc3_binary,1
07edd2171dff4faa,1,1,-1.0,1.3984375,0.0832919225567441,0.916708077443256,0.9510935251987315,dann_matched,banglasarc_binary+ben_sarc_binary,banglasarc3_binary,1
2652e297e664589c,1,1,-1.0078125,1.171875,0.10158944591881586,0.8984105540811842,0.9510935251987315,dann_matched,banglasarc_binary+ben_sarc_binary,banglasarc3_binary,1
ce6d32b468635b62,1,1,-0.7265625,1.1328125,0.1347759174229568,0.8652240825770433,0.9510935251987315,dann_matched,banglasarc_binary+ben_sarc_binary,banglasarc3_binary,1
112e0419a2dcbd6c,0,1,-0.5625,0.80078125,0.2037075306987091,0.7962924693012908,0.9510935251987315,dann_matched,banglasarc_binary+ben_sarc_binary,banglasarc3_binary,1
175f493bd4aa3997,1,0,0.30664062,-0.22363281,0.6295468846647942,0.3704531153352058,0.9510935251987315,dann_matched,banglasarc_binary+ben_sarc_binary,banglasarc3_binary,1
15319cb8ed77aaa8,1,1,-0.76171875,1.1171875,0.13251455444044344,0.8674854455595564,0.9510935251987315,dann_matched,banglasarc_binary+ben_sarc_binary,banglasarc3_binary,1
