item_id,gold_label,pred_label,logit_0,logit_1,prob_0,prob_1,temperature,system,source,target,seed
75b57cb785399524,1,0,-0.13964844,-0.16894531,0.5073236949260119,0.49267630507398813,1.322050315368429,dann_matched,banglasarc3_binary+banglasarc_binary,banglasarc3_binary,123
ea89903ebde9ec48,0,0,1.9140625,-2.078125,0.9818752792555313,0.018124720744468643,1.322050315368429,dann_matched,banglasarc3_binary+banglasarc_binary,banglasarc3_binary,123
7985dbfde1b7e765,1,1,-0.5703125,0.21777344,0.3125798034377321,0.6874201965622679,1.322050315368429,dann_matched,banglasarc3_binary+banglasarc_binary,banglasarc3_binary,123
d0c67c93af7f80e7,0,0,1.640625,-1.7578125,0.9676556676188429,0.032344332381157095,1.322050315368429,dann_matched,banglasarc3_binary+banglasarc_binary,banglasarc3_binary,123
050e2a5781c6d2a8,1,1,-1.84375,1.5,0.03410042571231151,0.9658995742876885,1.322050315368429,dann_matched,banglasarc3_binary+banglasarc_binary,banglasarc3_binary,123
510f4f1ce14fbaae,1,0,0.57421875,-0.88671875,0.811676021090197,0.1883239789098031,1.322050315368429,dann_matched,banglasarc3_binary+banglasarc_binary,banglasarc3_binary,123
1e477c743f0a9075,0,0,1.4765625,-1.671875,0.9588471107825551,0.04115288921744485,1.322050315368429,dann_matched,banglasarc3_binary+banglasarc_binary,banglasarc3_binary,123
8bc8673823772559,1,1,-1.25,1.0234375,0.09334687851957546,0.9066531214804244,1.322050315368429,dann_matched,banglasarc3_binary+banglasarc_binary,banglasarc3_binary,123
bd8f33b2d8745739,1,1,-1.859375,1.4375,0.035678550877730524,0.9643214491222695,1.322050315368429,dann_matched,banglasarc3_binary+banglasarc_binary,banglasarc3_binary,123
f38f331e6bcc6f51,0,0,2.515625,-2.671875,0.994445075296309,0.005554924703691103,1.322050315368429,dann_matched,banglasarc3_binary+banglasarc_binary,banglasarc3_binary,123
711571c05022201a,1,1,-0.39648438,0.087402344,0.38133475418874035,0.6186652458112596,1.322050315368429,dann_matched,banglasarc3_binary+banglasarc_binary,banglasarc3_binary,123
e16f46a1ebdb3d2c,1,0,-0.12158203,-0.15136719,0.5074457386099552,0.49255426139004477,1.322050315368429,dann_matched,banglasarc3_binary+banglasarc_binary,banglasarc3_binary,123
96f8f1c864b37ed7,0,1,-1.421875,1.1171875,0.07316472140562331,0.9268352785943768,1.322050315368429,dann_matched,banglasarc3_binary+banglasarc_binary,banglasarc3_binary,123
f479880c55bd2491,0,0,1.3046875,-1.4375,0.9394706097974611,0.060529390202538995,1.322050315368429,dann_matched,banglasarc3_binary+banglasarc_binary,banglasarc3_binary,123
65fbbf2f8d05469a,1,1,-1.328125,0.9296875,0.0946777017913266,0.9053222982086733,1.322050315368429,dann_matched,banglasarc3_binary+banglasarc_binary,banglasarc3_binary,123
8c201fa1f055e850,1,1,-0.26953125,-0.053710938,0.44625337943371696,0.5537466205662831,1.322050315368429,dann_matched,banglasarc3_binary+banglasarc_binary,banglasarc3_binary,123
eb85c00573b45dd3,1,1,-1.203125,0.890625,0.10970577387797074,0.8902942261220291,1.322050315368429,dann_matched,banglasarc3_binary+banglasarc_binary,banglasarc3_binary,123
db73ddb0d256ba8f,1,0,0.81640625,-0.9765625,0.8572908683973974,0.1427091316026025,1.322050315368429,dann_matched,banglasarc3_binary+banglasarc_binary,banglasarc3_binary,123
108f2ff9574fa860,1,0,0.9453125,-1.1796875,0.8933094060543487,0.10669059394565118,1.322050315368429,dann_matched,banglasarc3_binary+banglasarc_binary,banglasarc3_binary,123
651cfe2be094f7d4,0,0,0.16503906,-0.5234375,0.6656279448517037,0.3343720551482963,1.322050315368429,dann_matched,banglasarc3_binary+banglasarc_binary,banglasarc3_binary,123
701194ab8ff79d41,1,1,-1.8515625,1.4609375,0.03514484640079327,0.9648551535992067,1.322050315368429,dann_matched,banglasarc3_binary+banglasarc_binary,banglasarc3_binary,123
7d54a3089303d820,1,1,-2.109375,1.7109375,0.021450729175489416,0.9785492708245106,1.322050315368429,dann_matched,banglasarc3_binary+banglasarc_binary,banglasarc3_binary,123
07a4bfe2a5a2e5ca,1,1,-0.296875,0.032226562,0.4184592428858705,0.5815407571141296,1.322050315368429,dann_matched,banglasarc3_binary+banglasarc_binary,banglasarc3_binary,123
8e8d800bdbdaaff7,0,0,1.4765625,-1.671875,0.9588471107825551,0.04115288921744485,1.322050315368429,dann_matched,banglasarc3_binary+banglasarc_binary,banglasarc3_binary,123
c015494f033a38d6,0,0,2.34375,-2.390625,0.9912886155422945,0.008711384457705508,1.322050315368429,dann_matched,banglasarc3_binary+banglasarc_binary,banglasarc3_binary,123
ce91a1211be5691e,0,0,0.23925781,-0.55078125,0.6878397179975203,0.31216028200247975,1.322050315368429,dann_matched,banglasarc3_binary+banglasarc_binary,banglasarc3_binary,123
b67fe2f1724da4fc,0,0,1.0390625,-1.1953125,0.9032942067038784,0.09670579329612154,1.322050315368429,dann_matched,banglasarc3_binary+banglasarc_binary,banglasarc3_binary,123
c82b33bcfb8e93ad,1,1,-2.375,2.109375,0.011158031248084033,0.988841968751916,1.322050315368429,dann_matched,banglasarc3_binary+banglasarc_binary,banglasarc3_binary,123
94ad7e948eed42c2,1,1,-1.0234375,0.6640625,0.1561048974454574,0.8438951025545426,1.322050315368429,dann_matched,banglasarc3_binary+banglasarc_binary,banglasarc3_binary,123
7065829cdc40567b,1,0,0.58203125,-0.7734375,0.7950222638482464,0.20497773615175374,1.322050315368429,dann_matched,banglasarc3_binary+banglasarc_binary,banglasarc3_binary,123
80cf082fa6d9ed32,0,1,-0.75390625,0.41015625,0.23792989161116973,0.7620701083888303,1.322050315368429,dann_matched,banglasarc3_binary+banglasarc_binary,banglasarc3_binary,123
082cc009d05d3e6a,0,0,1.609375,-1.703125,0.9648551535992067,0.03514484640079327,1.322050315368429,dann_matched,banglasarc3_binary+banglasarc_binary,banglasarc3_binary,123
91675e6a7e696d31,1,1,-1.875,1.5625,0.031143830534778462,0.9688561694652216,1.322050315368429,dann_matched,banglasarc3_binary+banglasarc_binary,banglasarc3_binary,123
0f26e9a22c5ac1d7,0,1,-1.2421875,0.90234375,0.10484336403025446,0.8951566359697456,1.322050315368429,dann_matched,banglasarc3_binary+banglasarc_binary,banglasarc3_binary,123
9a4c63e1a0b50046,0,0,1.484375,-1.6015625,0.956308939359532,0.04369106064046812,1.322050315368429,dann_matched,banglasarc3_binary+banglasarc_binary,banglasarc3_binary,123
dd8a11641c9c1035,1,0,-0.06298828,-0.21679688,0.5383765218689693,0.4616234781310307,1.322050315368429,dann_matched,banglasarc3_binary+banglasarc_binary,banglasarc3_binary,123
947e78373e8ee90d,1,1,-1.9375,1.59375,0.02843603304485266,0.9715639669551474,1.322050315368429,dann_matched,banglasarc3_binary+banglasarc_binary,banglasarc3_binary,123
a93bffde267df6fb,0,1,-1.265625,0.85546875,0.10706346207954626,0.8929365379204537,1.322050315368429,dann_matched,banglasarc3_binary+banglasarc_binary,banglasarc3_binary,123
2b6006a4aa890634,0,1,-1.0703125,0.7734375,0.13660839002621938,0.8633916099737806,1.322050315368429,dann_matched,banglasarc3_binary+banglasarc_binary,banglasarc3_binary,123
08c0f13f45787db9,0,0,1.3515625,-1.59375,0.9500414759334155,0.0499585240665846,1.322050315368429,dann_matched,banglasarc3_binary+banglasarc_binary,banglasarc3_binary,123
ec266bb4c5478b18,1,1,-1.1953125,0.84375,0.11516222873143664,0.8848377712685633,1.322050315368429,dann_matched,banglasarc3_binary+banglasarc_binary,banglasarc3_binary,123
073d86cef983e918,1,1,-1.1171875,0.76953125,0.13161904835577012,0.8683809516442299,1.322050315368429,dann_matched,banglasarc3_binary+banglasarc_binary,banglasarc3_binary,123
67edcfa910eb831c,1,0,-0.025268555,-0.27929688,0.5631677581933243,0.4368322418066756,1.322050315368429,dann_matched,banglasarc3_binary+banglasarc_binary,banglasarc3_binary,123
04d2c1127101c192,1,1,-1.1484375,0.79296875,0.12549344653756345,0.8745065534624367,1.322050315368429,dann_matched,banglasarc3_binary+banglasarc_binary,banglasarc3_binary,123
876b4804c6fc5b43,1,1,-1.2734375,0.94140625,0.0984254123665623,0.9015745876334377,1.322050315368429,dann_matched,banglasarc3_binary+banglasarc_binary,banglasarc3_binary,123
34dbd0864564cfc0,0,1,-0.828125,0.5,0.20946968133032526,0.7905303186696747,1.322050315368429,dann_matched,banglasarc3_binary+banglasarc_binary,banglasarc3_binary,123
63a49fd32ab811fd,0,0,0.4765625,-0.77734375,0.7779753192320792,0.2220246807679208,1.322050315368429,dann_matched,banglasarc3_binary+banglasarc_binary,banglasarc3_binary,123
9f666c15fa725558,0,0,2.0,-2.234375,0.9857180660748888,0.014281933925111153,1.322050315368429,dann_matched,banglasarc3_binary+banglasarc_binary,banglasarc3_binary,123
265176b36196d1b2,0,0,1.3359375,-1.4140625,0.9399133498259924,0.06008665017400762,1.322050315368429,dann_matched,banglasarc3_binary+banglasarc_binary,banglasarc3_binary,123
96de00b59977a347,1,1,-0.73828125,0.37109375,0.24798742624020276,0.7520125737597972,1.322050315368429,dann_matched,banglasarc3_binary+banglasarc_binary,banglasarc3_binary,123
4a51117b4af25a2c,1,1,-0.67578125,0.3984375,0.2546016227874352,0.7453983772125647,1.322050315368429,dann_matched,banglasarc3_binary+banglasarc_binary,banglasarc3_binary,123
aaa1c8bb9251740a,1,1,-0.87109375,0.51171875,0.2005576797447963,0.7994423202552038,1.322050315368429,dann_matched,banglasarc3_binary+banglasarc_binary,banglasarc3_binary,123
b956c99bea48b45e,0,0,1.484375,-1.5546875,0.9543079676184154,0.04569203238158463,1.322050315368429,dann_matched,banglasarc3_binary+banglasarc_binary,banglasarc3_binary,123
a7f029b1664720b2,0,0,1.6875,-1.7890625,0.9700134939339985,0.029986506066001513,1.322050315368429,dann_matched,banglasarc3_binary+banglasarc_binary,banglasarc3_binary,123
1f65da3aad7897f2,0,0,2.53125,-2.734375,0.9948603889024311,0.005139611097568844,1.322050315368429,dann_matched,banglasarc3_binary+banglasarc_binary,banglasarc3_binary,123
e299df642da32c11,1,0,0.38085938,-0.6640625,0.7397985681509067,0.26020143184909333,1.322050315368429,dann_matched,banglasarc3_binary+banglasarc_binary,banglasarc3_binary,123
281dcf0e5128a950,1,1,-0.62109375,0.41210938,0.26246358299978934,0.7375364170002107,1.322050315368429,dann_matched,banglasarc3_binary+banglasarc_binary,banglasarc3_binary,123
4d19d4857cf11f76,1,0,0.25976562,-0.515625,0.6846858388837074,0.3153141611162926,1.322050315368429,dann_matched,banglasarc3_binary+banglasarc_binary,banglasarc3_binary,123
0a1efda3664119ed,0,0,0.16503906,-0.43554688,0.6457903480479878,0.35420965195201215,1.322050315368429,dann_matched,banglasarc3_binary+banglasarc_binary,banglasarc3_binary,123
222513aed35eef7e,0,0,1.2578125,-1.4296875,0.9362850057480346,0.06371499425196533,1.322050315368429,dann_matched,banglasarc3_binary+banglasarc_binary,banglasarc3_binary,123
39fe6dafd7939acc,0,0,1.1953125,-1.4765625,0.9353465116437761,0.06465348835622392,1.322050315368429,dann_matched,banglasarc3_binary+banglasarc_binary,banglasarc3_binary,123
a27193d4c497eccb,0,0,-0.11376953,-0.234375,0.5301148725945025,0.4698851274054974,1.322050315368429,dann_matched,banglasarc3_binary+banglasarc_binary,banglasarc3_binary,123
a6de149712c45c7c,1,1,-1.703125,1.5,0.03904829272622638,0.9609517072737735,1.322050315368429,dann_matched,banglasarc3_binary+banglasarc_binary,banglasarc3_binary,123
73ec3e5aee767003,0,0,1.3125,-1.5546875,0.946200356539936,0.053799643460063995,1.322050315368429,dann_matched,banglasarc3_binary+banglasarc_binary,banglasarc3_binary,123
7be88e4c070ecb7c,0,1,-1.125,0.69921875,0.1389284260290056,0.8610715739709943,1.322050315368429,dann_matched,banglasarc3_binary+banglasarc_binary,banglasarc3_binary,123
e1692847746aaeb7,0,1,-1.8203125,1.5234375,0.03410042571231151,0.9658995742876885,1.322050315368429,dann_matched,banglasarc3_binary+banglasarc_binary,banglasarc3_binary,123
affe88ed42c09f2b,0,1,-1.34375,0.96875,0.09009299396195182,0.9099070060380482,1.322050315368429,dann_matched,banglasarc3_binary+banglasarc_binary,banglasarc3_binary,123
c26d77ece62c8a34,0,0,1.7734375,-1.828125,0.9734434290045008,0.02655657099549924,1.322050315368429,dann_matched,banglasarc3_binary+banglasarc_binary,banglasarc3_binary,123
4562504c76eb98bd,1,0,1.40625,-1.4453125,0.9453993942183476,0.05460060578165237,1.322050315368429,dann_matched,banglasarc3_binary+banglasarc_binary,banglasarc3_binary,123
c31bf7af3cca52d5,0,0,0.49414062,-0.78125,0.7816641373754407,0.21833586262455928,1.322050315368429,dann_matched,banglasarc3_binary+banglasarc_binary,banglasarc3_binary,123
d60439bc7741539c,1,1,-0.6796875,0.35546875,0.2620856794387872,0.7379143205612129,1.322050315368429,dann_matched,banglasarc3_binary+banglasarc_binary,banglasarc3_binary,123
f10b478fd6e0b177,0,0,1.921875,-2.109375,0.9825575152637948,0.01744248473620534,1.322050315368429,dann_matched,banglasarc3_binary+banglasarc_binary,banglasarc3_binary,123
3fbae9ce8772e658,0,0,1.4765625,-1.625,0.9569571506599678,0.04304284934003218,1.322050315368429,dann_matched,banglasarc3_binary+banglasarc_binary,banglasarc3_binary,123
d823840f4b1ff927,0,0,2.296875,-2.265625,0.9896718474806949,0.010328152519305191,1.322050315368429,dann_matched,banglasarc3_binary+banglasarc_binary,banglasarc3_binary,123
e0c3a628a2e7801f,1,0,0.58984375,-0.875,0.8122723960432147,0.1877276039567854,1.322050315368429,dann_matched,banglasarc3_binary+banglasarc_binary,banglasarc3_binary,123
eff887513d13438d,1,0,2.203125,-2.203125,0.9879462204837635,0.012053779516236447,1.322050315368429,dann_matched,banglasarc3_binary+banglasarc_binary,banglasarc3_binary,123
0cd82b6dca6fe2e1,1,1,-1.375,1.0625,0.08035746882220708,0.9196425311777929,1.322050315368429,dann_matched,banglasarc3_binary+banglasarc_binary,banglasarc3_binary,123
1d09754dbb62cc6b,1,1,-1.7421875,1.3671875,0.042722197546490565,0.9572778024535095,1.322050315368429,dann_matched,banglasarc3_binary+banglasarc_binary,banglasarc3_binary,123
c311ed8c137856aa,1,0,0.87109375,-1.0859375,0.8762113062841353,0.12378869371586462,1.322050315368429,dann_matched,banglasarc3_binary+banglasarc_binary,banglasarc3_binary,123
7071237a4ec6c93c,1,1,-1.4765625,1.15625,0.06705628692511957,0.9329437130748804,1.322050315368429,dann_matched,banglasarc3_binary+banglasarc_binary,banglasarc3_binary,123
406cc3cc6af1c396,0,1,-1.6015625,1.171875,0.05877655584806683,0.9412234441519332,1.322050315368429,dann_matched,banglasarc3_binary+banglasarc_binary,banglasarc3_binary,123
5017f4130c84f906,1,1,-1.1875,0.78515625,0.12210386546882639,0.8778961345311737,1.322050315368429,dann_matched,banglasarc3_binary+banglasarc_binary,banglasarc3_binary,123
dda9d98881ec3a10,0,0,0.74609375,-0.96875,0.8474634859343486,0.15253651406565133,1.322050315368429,dann_matched,banglasarc3_binary+banglasarc_binary,banglasarc3_binary,123
44526b65a93bf812,0,0,1.3046875,-1.4921875,0.9425067211996143,0.05749327880038583,1.322050315368429,dann_matched,banglasarc3_binary+banglasarc_binary,banglasarc3_binary,123
045171b67bd95561,0,0,1.5234375,-1.75,0.9635062337709722,0.0364937662290278,1.322050315368429,dann_matched,banglasarc3_binary+banglasarc_binary,banglasarc3_binary,123
008c34b815bb55fd,0,0,2.078125,-2.296875,0.9875683491468141,0.012431650853185818,1.322050315368429,dann_matched,banglasarc3_binary+banglasarc_binary,banglasarc3_binary,123
aca0a6cea18374f2,0,0,0.31835938,-0.47460938,0.6884684230494847,0.3115315769505153,1.322050315368429,dann_matched,banglasarc3_binary+banglasarc_binary,banglasarc3_binary,123
51e0fcfbe89577bb,1,1,-1.203125,0.86328125,0.11240508853787773,0.8875949114621223,1.322050315368429,dann_matched,banglasarc3_binary+banglasarc_binary,banglasarc3_binary,123
0cd747c951646fc6,1,1,-1.859375,1.53125,0.032589744766025344,0.9674102552339746,1.322050315368429,dann_matched,banglasarc3_binary+banglasarc_binary,banglasarc3_binary,123
2a8dc43b96afa2e7,1,1,-1.1796875,0.828125,0.1183850968071675,0.8816149031928324,1.322050315368429,dann_matched,banglasarc3_binary+banglasarc_binary,banglasarc3_binary,123
4dacd616983d14ed,1,0,1.0,-1.265625,0.9059898203834277,0.09401017961657226,1.322050315368429,dann_matched,banglasarc3_binary+banglasarc_binary,banglasarc3_binary,123
8e45e4191312d057,0,0,1.453125,-1.6953125,0.9588471107825551,0.04115288921744485,1.322050315368429,dann_matched,banglasarc3_binary+banglasarc_binary,banglasarc3_binary,123
a30ac9245fef57e8,0,0,0.52734375,-0.6796875,0.769773241471674,0.23022675852832591,1.322050315368429,dann_matched,banglasarc3_binary+banglasarc_binary,banglasarc3_binary,123
1ba578744dcf18f2,0,1,-0.75,0.33203125,0.2531218139565015,0.7468781860434985,1.322050315368429,dann_matched,banglasarc3_binary+banglasarc_binary,banglasarc3_binary,123
b1a866c6cbb06b7b,0,0,2.328125,-2.34375,0.9907319866190857,0.009268013380914325,1.322050315368429,dann_matched,banglasarc3_binary+banglasarc_binary,banglasarc3_binary,123
a61d6c2433486af9,0,1,-0.47851562,0.09423828,0.3606016184956938,0.6393983815043063,1.322050315368429,dann_matched,banglasarc3_binary+banglasarc_binary,banglasarc3_binary,123
8cb4b0e68d2b2280,0,0,0.99609375,-1.265625,0.9056565881718779,0.09434341182812206,1.322050315368429,dann_matched,banglasarc3_binary+banglasarc_binary,banglasarc3_binary,123
5862ad605fad8a15,1,1,-0.421875,0.15429688,0.3598139200382316,0.6401860799617684,1.322050315368429,dann_matched,banglasarc3_binary+banglasarc_binary,banglasarc3_binary,123
cdf0634800d69305,1,0,0.018676758,-0.390625,0.6009204416587531,0.3990795583412469,1.322050315368429,dann_matched,banglasarc3_binary+banglasarc_binary,banglasarc3_binary,123
778c43b485a168af,1,0,0.60546875,-0.875,0.8146433721849758,0.18535662781502407,1.322050315368429,dann_matched,banglasarc3_binary+banglasarc_binary,banglasarc3_binary,123
1df9d37a3cec5465,0,0,1.5234375,-1.609375,0.9582261192116938,0.04177388078830622,1.322050315368429,dann_matched,banglasarc3_binary+banglasarc_binary,banglasarc3_binary,123
47b74426cb84e137,1,1,-0.50390625,0.16992188,0.33764019024069764,0.6623598097593023,1.322050315368429,dann_matched,banglasarc3_binary+banglasarc_binary,banglasarc3_binary,123
3f468b17c098db0b,0,0,-0.12695312,-0.15332031,0.5065914150010857,0.4934085849989143,1.322050315368429,dann_matched,banglasarc3_binary+banglasarc_binary,banglasarc3_binary,123
e8eed6879adc1fb9,1,1,-1.203125,0.91796875,0.10706346207954626,0.8929365379204537,1.322050315368429,dann_matched,banglasarc3_binary+banglasarc_binary,banglasarc3_binary,123
59adf653819d9fe1,0,0,0.017700195,-0.19238281,0.5523284343192003,0.4476715656807997,1.322050315368429,dann_matched,banglasarc3_binary+banglasarc_binary,banglasarc3_binary,123
ab24e7278a3aa349,1,0,0.047851562,-0.39257812,0.6083614119122961,0.3916385880877039,1.322050315368429,dann_matched,banglasarc3_binary+banglasarc_binary,banglasarc3_binary,123
e3d3248598f096fa,1,1,-1.9375,1.609375,0.02800752060598813,0.9719924793940118,1.322050315368429,dann_matched,banglasarc3_binary+banglasarc_binary,banglasarc3_binary,123
cc1dab7c4d3e2fa9,1,1,-0.765625,0.49414062,0.22101424120975285,0.7789857587902472,1.322050315368429,dann_matched,banglasarc3_binary+banglasarc_binary,banglasarc3_binary,123
f7a48562ed437eea,0,0,1.4609375,-1.5625,0.953621794005189,0.046378205994811086,1.322050315368429,dann_matched,banglasarc3_binary+banglasarc_binary,banglasarc3_binary,123
b2ae48f6c244c3b3,1,1,-0.96484375,0.69921875,0.15921740814605373,0.8407825918539462,1.322050315368429,dann_matched,banglasarc3_binary+banglasarc_binary,banglasarc3_binary,123
6d69a5e5443ef4a0,0,0,-0.11767578,-0.25585938,0.5344910328859646,0.4655089671140355,1.322050315368429,dann_matched,banglasarc3_binary+banglasarc_binary,banglasarc3_binary,123
17e9568c1bec66f3,1,0,2.109375,-2.296875,0.9879462204837635,0.012053779516236447,1.322050315368429,dann_matched,banglasarc3_binary+banglasarc_binary,banglasarc3_binary,123
432511856befb10b,0,0,0.796875,-1.0703125,0.8661325122464822,0.13386748775351784,1.322050315368429,dann_matched,banglasarc3_binary+banglasarc_binary,banglasarc3_binary,123
b7be99240747d7b9,0,1,-0.6015625,0.2578125,0.2974699426047947,0.7025300573952054,1.322050315368429,dann_matched,banglasarc3_binary+banglasarc_binary,banglasarc3_binary,123
88421f62e8ff3b41,1,0,1.359375,-1.5859375,0.9500414759334155,0.0499585240665846,1.322050315368429,dann_matched,banglasarc3_binary+banglasarc_binary,banglasarc3_binary,123
3e2207ffcf3ee105,0,0,0.6015625,-0.7890625,0.8006920020959544,0.19930799790404563,1.322050315368429,dann_matched,banglasarc3_binary+banglasarc_binary,banglasarc3_binary,123
51b018644cef2e50,0,0,1.8125,-1.9296875,0.9768465889071616,0.023153411092838465,1.322050315368429,dann_matched,banglasarc3_binary+banglasarc_binary,banglasarc3_binary,123
f95cec4307ef3024,0,0,1.0078125,-1.265625,0.9066531214804244,0.09334687851957546,1.322050315368429,dann_matched,banglasarc3_binary+banglasarc_binary,banglasarc3_binary,123
26b12ba4953ff47f,1,1,-1.4140625,1.0390625,0.07921032410902437,0.9207896758909757,1.322050315368429,dann_matched,banglasarc3_binary+banglasarc_binary,banglasarc3_binary,123
9e6fb96648d97dc0,0,0,1.015625,-1.1953125,0.9012274112476257,0.09877258875237437,1.322050315368429,dann_matched,banglasarc3_binary+banglasarc_binary,banglasarc3_binary,123
a4b8f5a2bfe6f63a,1,1,-1.9140625,1.6015625,0.028870906946287907,0.9711290930537122,1.322050315368429,dann_matched,banglasarc3_binary+banglasarc_binary,banglasarc3_binary,123
c7e2731135ca9edc,1,1,-1.671875,1.3125,0.04813677111663481,0.9518632288833652,1.322050315368429,dann_matched,banglasarc3_binary+banglasarc_binary,banglasarc3_binary,123
a5f5e1447f81c7c1,0,0,1.0234375,-1.109375,0.8940517128636203,0.10594828713637978,1.322050315368429,dann_matched,banglasarc3_binary+banglasarc_binary,banglasarc3_binary,123
c2122763b56ffbf5,1,0,1.2421875,-1.34375,0.9299510391228232,0.07004896087717674,1.322050315368429,dann_matched,banglasarc3_binary+banglasarc_binary,banglasarc3_binary,123
d89f0be1f7612e43,1,1,-1.1171875,0.71484375,0.13799647126840353,0.8620035287315965,1.322050315368429,dann_matched,banglasarc3_binary+banglasarc_binary,banglasarc3_binary,123
83ff80d11d2cfe42,0,0,0.80078125,-1.015625,0.8601343465140441,0.13986565348595606,1.322050315368429,dann_matched,banglasarc3_binary+banglasarc_binary,banglasarc3_binary,123
ff19766f243a9d57,1,1,-1.9375,1.5625,0.029312230751356316,0.9706877692486436,1.322050315368429,dann_matched,banglasarc3_binary+banglasarc_binary,banglasarc3_binary,123
e8bd3886d550c247,1,1,-1.9375,1.5,0.031143830534778462,0.9688561694652216,1.322050315368429,dann_matched,banglasarc3_binary+banglasarc_binary,banglasarc3_binary,123
0cb293f08063597d,1,0,1.9765625,-2.015625,0.9818752792555313,0.018124720744468643,1.322050315368429,dann_matched,banglasarc3_binary+banglasarc_binary,banglasarc3_binary,123
bd4e9e3bdd01a022,1,0,1.390625,-1.609375,0.9525741268224334,0.04742587317756679,1.322050315368429,dann_matched,banglasarc3_binary+banglasarc_binary,banglasarc3_binary,123
5b22a3f51d681541,0,0,2.484375,-2.34375,0.9920620058985926,0.007937994101407319,1.322050315368429,dann_matched,banglasarc3_binary+banglasarc_binary,banglasarc3_binary,123
5e682d52ed383d6b,0,0,0.62890625,-0.8828125,0.819315785835197,0.180684214164803,1.322050315368429,dann_matched,banglasarc3_binary+banglasarc_binary,banglasarc3_binary,123
baad976c4d644487,0,0,2.09375,-2.203125,0.9865717452580314,0.013428254741968517,1.322050315368429,dann_matched,banglasarc3_binary+banglasarc_binary,banglasarc3_binary,123
dd9bd6b2bf6b34e5,1,1,-1.28125,0.9140625,0.10017221862592252,0.8998277813740775,1.322050315368429,dann_matched,banglasarc3_binary+banglasarc_binary,banglasarc3_binary,123
cdbf9e38b718e84c,0,0,1.640625,-1.6953125,0.965641310666991,0.03435868933300902,1.322050315368429,dann_matched,banglasarc3_binary+banglasarc_binary,banglasarc3_binary,123
4d0a57f210a73977,1,0,1.359375,-1.515625,0.9465966702001757,0.053403329799824234,1.322050315368429,dann_matched,banglasarc3_binary+banglasarc_binary,banglasarc3_binary,123
ab338dede5081252,0,0,0.72265625,-1.0,0.8484706618201715,0.15152933817982858,1.322050315368429,dann_matched,banglasarc3_binary+banglasarc_binary,banglasarc3_binary,123
ab718a592e29dca9,0,0,2.25,-2.546875,0.9918120900983038,0.008187909901696235,1.322050315368429,dann_matched,banglasarc3_binary+banglasarc_binary,banglasarc3_binary,123
e36d944d14221a6c,0,0,0.73828125,-1.015625,0.8524448171983366,0.1475551828016634,1.322050315368429,dann_matched,banglasarc3_binary+banglasarc_binary,banglasarc3_binary,123
63ea034834c6a12c,0,0,1.6328125,-1.7734375,0.9678992932829918,0.03210070671700819,1.322050315368429,dann_matched,banglasarc3_binary+banglasarc_binary,banglasarc3_binary,123
1ead6e0bfd452d2b,1,1,-1.984375,1.6484375,0.025760559119668493,0.9742394408803315,1.322050315368429,dann_matched,banglasarc3_binary+banglasarc_binary,banglasarc3_binary,123
9fb91b24bd470ab7,0,1,-0.55078125,0.19140625,0.3225259830643727,0.6774740169356273,1.322050315368429,dann_matched,banglasarc3_binary+banglasarc_binary,banglasarc3_binary,123
7adb5d686301eb8f,1,0,0.890625,-1.171875,0.8872045937171068,0.11279540628289324,1.322050315368429,dann_matched,banglasarc3_binary+banglasarc_binary,banglasarc3_binary,123
30a467ac9c6d2435,1,1,-1.5703125,1.140625,0.06233103588192476,0.9376689641180752,1.322050315368429,dann_matched,banglasarc3_binary+banglasarc_binary,banglasarc3_binary,123
4e5a50b99551fa9f,0,0,1.421875,-1.6484375,0.9556514186046017,0.04434858139539836,1.322050315368429,dann_matched,banglasarc3_binary+banglasarc_binary,banglasarc3_binary,123
2cc5b657e99479ab,1,1,-1.890625,1.484375,0.033085978388704126,0.9669140216112958,1.322050315368429,dann_matched,banglasarc3_binary+banglasarc_binary,banglasarc3_binary,123
60a819c9455826f5,0,0,1.28125,-1.390625,0.9353465116437761,0.06465348835622392,1.322050315368429,dann_matched,banglasarc3_binary+banglasarc_binary,banglasarc3_binary,123
f387e0db7e685a99,0,0,1.1171875,-1.375,0.923592316649553,0.07640768335044701,1.322050315368429,dann_matched,banglasarc3_binary+banglasarc_binary,banglasarc3_binary,123
0ccfba3f9e960460,1,1,-0.3046875,-0.029541016,0.4316440795211362,0.5683559204788639,1.322050315368429,dann_matched,banglasarc3_binary+banglasarc_binary,banglasarc3_binary,123
ddc2982c4d5b19bb,0,0,0.69140625,-0.99609375,0.8438951025545426,0.1561048974454574,1.322050315368429,dann_matched,banglasarc3_binary+banglasarc_binary,banglasarc3_binary,123
c9700acd4f20666a,1,1,-0.36523438,0.16308594,0.3709087336056053,0.6290912663943946,1.322050315368429,dann_matched,banglasarc3_binary+banglasarc_binary,banglasarc3_binary,123
d4943eed81c34c48,1,0,1.2734375,-1.4140625,0.9362850057480346,0.06371499425196533,1.322050315368429,dann_matched,banglasarc3_binary+banglasarc_binary,banglasarc3_binary,123
2e2e4b889c9df812,1,1,-0.6875,0.34960938,0.26170812692029033,0.7382918730797098,1.322050315368429,dann_matched,banglasarc3_binary+banglasarc_binary,banglasarc3_binary,123
5ddbd9cf7f8b9e4e,1,0,-0.033203125,-0.1796875,0.536555750339639,0.463444249660361,1.322050315368429,dann_matched,banglasarc3_binary+banglasarc_binary,banglasarc3_binary,123
0346c19c3d6e1abf,0,0,1.8359375,-1.9453125,0.9777138144607745,0.022286185539225494,1.322050315368429,dann_matched,banglasarc3_binary+banglasarc_binary,banglasarc3_binary,123
c5d392cb407885e6,0,0,1.3125,-1.6171875,0.9492946352021694,0.050705364797830506,1.322050315368429,dann_matched,banglasarc3_binary+banglasarc_binary,banglasarc3_binary,123
f4997612d5ea678a,0,1,-1.2421875,0.84765625,0.11008788101422484,0.8899121189857752,1.322050315368429,dann_matched,banglasarc3_binary+banglasarc_binary,banglasarc3_binary,123
5fb61d0d9878c215,0,0,0.828125,-0.98046875,0.8591918303320635,0.14080816966793647,1.322050315368429,dann_matched,banglasarc3_binary+banglasarc_binary,banglasarc3_binary,123
a3b2337ee913ed3c,1,0,0.14941406,-0.34960938,0.6222298079588998,0.3777701920411003,1.322050315368429,dann_matched,banglasarc3_binary+banglasarc_binary,banglasarc3_binary,123
218ac0a1387a629e,0,0,1.578125,-1.6640625,0.9623913644941934,0.03760863550580657,1.322050315368429,dann_matched,banglasarc3_binary+banglasarc_binary,banglasarc3_binary,123
18e844b31049008b,0,0,1.3203125,-1.53125,0.9453993942183476,0.05460060578165237,1.322050315368429,dann_matched,banglasarc3_binary+banglasarc_binary,banglasarc3_binary,123
cbed70c13bc0c9f0,1,1,-1.2578125,0.9140625,0.10230470789265303,0.8976952921073469,1.322050315368429,dann_matched,banglasarc3_binary+banglasarc_binary,banglasarc3_binary,123
2ab1740ebfbd3e05,1,0,1.53125,-1.7109375,0.9623913644941934,0.03760863550580657,1.322050315368429,dann_matched,banglasarc3_binary+banglasarc_binary,banglasarc3_binary,123
0ac6a6a9e59b6038,1,1,-1.6015625,1.296875,0.052230857101425734,0.9477691428985743,1.322050315368429,dann_matched,banglasarc3_binary+banglasarc_binary,banglasarc3_binary,123
08f7a8e225bd8151,1,1,-1.5703125,1.1171875,0.06371499425196533,0.9362850057480346,1.322050315368429,dann_matched,banglasarc3_binary+banglasarc_binary,banglasarc3_binary,123
b09ce16653e41187,1,1,-0.26367188,-0.080566406,0.45435110314439703,0.5456488968556029,1.322050315368429,dann_matched,banglasarc3_binary+banglasarc_binary,banglasarc3_binary,123
d8186fbe40131e81,1,1,-1.8984375,1.5546875,0.030675801710674105,0.9693241982893259,1.322050315368429,dann_matched,banglasarc3_binary+banglasarc_binary,banglasarc3_binary,123
c89eaa10622b37e2,1,1,-1.0546875,0.6875,0.14903529447863062,0.8509647055213694,1.322050315368429,dann_matched,banglasarc3_binary+banglasarc_binary,banglasarc3_binary,123
0ef139aef5b0b651,1,1,-1.8203125,1.46875,0.035948321789243294,0.9640516782107567,1.322050315368429,dann_matched,banglasarc3_binary+banglasarc_binary,banglasarc3_binary,123
2f577efec6c86515,1,1,-2.234375,1.9453125,0.01507262830894569,0.9849273716910543,1.322050315368429,dann_matched,banglasarc3_binary+banglasarc_binary,banglasarc3_binary,123
843e76141f5386ea,1,1,-1.53125,1.1796875,0.06233103588192476,0.9376689641180752,1.322050315368429,dann_matched,banglasarc3_binary+banglasarc_binary,banglasarc3_binary,123
a6b139ef0507918c,0,0,0.7109375,-1.03125,0.8509647055213694,0.14903529447863062,1.322050315368429,dann_matched,banglasarc3_binary+banglasarc_binary,banglasarc3_binary,123
364f64d22ee2ac7a,0,0,2.140625,-2.25,0.9877587247081928,0.012241275291807161,1.322050315368429,dann_matched,banglasarc3_binary+banglasarc_binary,banglasarc3_binary,123
2ac3b1eefc9be85e,1,1,-0.53125,0.13476562,0.33938958230485144,0.6606104176951485,1.322050315368429,dann_matched,banglasarc3_binary+banglasarc_binary,banglasarc3_binary,123
adf94921ccf02eaa,1,1,-2.078125,1.765625,0.0209642408181275,0.9790357591818724,1.322050315368429,dann_matched,banglasarc3_binary+banglasarc_binary,banglasarc3_binary,123
a4d173afcf1ce29e,0,0,1.09375,-1.3046875,0.916708077443256,0.0832919225567441,1.322050315368429,dann_matched,banglasarc3_binary+banglasarc_binary,banglasarc3_binary,123
503091a9ce967b64,1,1,-1.2265625,0.890625,0.10743747660842011,0.8925625233915799,1.322050315368429,dann_matched,banglasarc3_binary+banglasarc_binary,banglasarc3_binary,123
4d1624fcf2e4e7d6,1,0,0.53125,-0.82421875,0.7950222638482464,0.20497773615175374,1.322050315368429,dann_matched,banglasarc3_binary+banglasarc_binary,banglasarc3_binary,123
7bb7f9b1cb68aac0,0,0,0.39453125,-0.56640625,0.7233094689745646,0.27669053102543534,1.322050315368429,dann_matched,banglasarc3_binary+banglasarc_binary,banglasarc3_binary,123
9b912e15d3d8493f,0,0,1.015625,-1.1796875,0.8998277813740775,0.10017221862592252,1.322050315368429,dann_matched,banglasarc3_binary+banglasarc_binary,banglasarc3_binary,123
3827617f21fba1e3,0,0,2.125,-2.265625,0.9877587247081928,0.012241275291807161,1.322050315368429,dann_matched,banglasarc3_binary+banglasarc_binary,banglasarc3_binary,123
bbfcd270940c6f50,0,0,0.2578125,-0.62109375,0.7065955179610504,0.2934044820389496,1.322050315368429,dann_matched,banglasarc3_binary+banglasarc_binary,banglasarc3_binary,123
a5f9487af8a08111,1,1,-1.5625,1.1484375,0.06233103588192476,0.9376689641180752,1.322050315368429,dann_matched,banglasarc3_binary+banglasarc_binary,banglasarc3_binary,123
b132c35de55abf62,1,1,-1.1171875,0.73046875,0.1361483150237161,0.863851684976284,1.322050315368429,dann_matched,banglasarc3_binary+banglasarc_binary,banglasarc3_binary,123
49e50f5f6743b9a9,0,0,1.0625,-1.328125,0.91610961358942,0.08389038641057993,1.322050315368429,dann_matched,banglasarc3_binary+banglasarc_binary,banglasarc3_binary,123
bc2fea241ae6e245,0,0,2.375,-2.578125,0.992988204618503,0.007011795381497108,1.322050315368429,dann_matched,banglasarc3_binary+banglasarc_binary,banglasarc3_binary,123
1ac9669da2a3b22a,0,0,1.28125,-1.5703125,0.9453993942183476,0.05460060578165237,1.322050315368429,dann_matched,banglasarc3_binary+banglasarc_binary,banglasarc3_binary,123
c678ed32dfec8e9b,1,1,-0.48046875,0.18945312,0.338514334512262,0.6614856654877381,1.322050315368429,dann_matched,banglasarc3_binary+banglasarc_binary,banglasarc3_binary,123
1a46fdea53a04cce,0,1,-1.1484375,0.69921875,0.1361483150237161,0.863851684976284,1.322050315368429,dann_matched,banglasarc3_binary+banglasarc_binary,banglasarc3_binary,123
a27bf2e316d4219b,1,1,-1.4296875,1.078125,0.07531230632362355,0.9246876936763765,1.322050315368429,dann_matched,banglasarc3_binary+banglasarc_binary,banglasarc3_binary,123
0cec6e06c0ba9f1e,0,0,2.28125,-2.515625,0.9918120900983038,0.008187909901696235,1.322050315368429,dann_matched,banglasarc3_binary+banglasarc_binary,banglasarc3_binary,123
d6b2f0ee01c230dd,1,0,1.84375,-1.875,0.9763105287006256,0.023689471299374428,1.322050315368429,dann_matched,banglasarc3_binary+banglasarc_binary,banglasarc3_binary,123
9eb091e9a9d4c695,0,0,0.265625,-0.47070312,0.6761923970034418,0.3238076029965582,1.322050315368429,dann_matched,banglasarc3_binary+banglasarc_binary,banglasarc3_binary,123
963ae71db6ff7e4f,0,0,0.71875,-0.89453125,0.8338664465831974,0.1661335534168026,1.322050315368429,dann_matched,banglasarc3_binary+banglasarc_binary,banglasarc3_binary,123
9aabf8d92c3a8ef5,1,0,1.4140625,-1.6796875,0.9566342012360932,0.04336579876390677,1.322050315368429,dann_matched,banglasarc3_binary+banglasarc_binary,banglasarc3_binary,123
1f00788c3c80def3,0,0,1.5703125,-1.71875,0.9640516782107567,0.035948321789243294,1.322050315368429,dann_matched,banglasarc3_binary+banglasarc_binary,banglasarc3_binary,123
b39f2b8134c7f61a,1,1,-0.609375,0.3203125,0.28298811828270554,0.7170118817172945,1.322050315368429,dann_matched,banglasarc3_binary+banglasarc_binary,banglasarc3_binary,123
a6a9b4365f236b0d,1,0,0.5390625,-0.57421875,0.7527403316567737,0.2472596683432263,1.322050315368429,dann_matched,banglasarc3_binary+banglasarc_binary,banglasarc3_binary,123
672f65575c01c938,1,0,0.33203125,-0.45117188,0.6863700497784223,0.3136299502215776,1.322050315368429,dann_matched,banglasarc3_binary+banglasarc_binary,banglasarc3_binary,123
c361b64edd41d872,0,1,-1.2578125,0.85546875,0.1078126399606749,0.8921873600393251,1.322050315368429,dann_matched,banglasarc3_binary+banglasarc_binary,banglasarc3_binary,123
89c73de9b852078e,0,0,0.41796875,-0.66015625,0.746138993030751,0.25386100696924885,1.322050315368429,dann_matched,banglasarc3_binary+banglasarc_binary,banglasarc3_binary,123
ce8d47c1fb816aa3,0,0,2.203125,-2.15625,0.9873750507184357,0.012624949281564409,1.322050315368429,dann_matched,banglasarc3_binary+banglasarc_binary,banglasarc3_binary,123
456683ca31fa5e65,0,0,0.46484375,-0.71484375,0.7648916107800069,0.2351083892199931,1.322050315368429,dann_matched,banglasarc3_binary+banglasarc_binary,banglasarc3_binary,123
ebd8a51d0f72f8ae,0,1,-1.390625,0.97265625,0.08601588131710575,0.9139841186828943,1.322050315368429,dann_matched,banglasarc3_binary+banglasarc_binary,banglasarc3_binary,123
fb863821fda44d53,1,1,-1.2109375,0.85546875,0.11240508853787773,0.8875949114621223,1.322050315368429,dann_matched,banglasarc3_binary+banglasarc_binary,banglasarc3_binary,123
3b470389b41a77d0,0,0,1.2109375,-1.3359375,0.927363293639213,0.07263670636078697,1.322050315368429,dann_matched,banglasarc3_binary+banglasarc_binary,banglasarc3_binary,123
7485ab52357fe573,0,0,1.5,-1.6875,0.96036116089903,0.039638839100970026,1.322050315368429,dann_matched,banglasarc3_binary+banglasarc_binary,banglasarc3_binary,123
5d08e6dbd0a02098,0,0,2.296875,-2.359375,0.9905874104123901,0.009412589587609823,1.322050315368429,dann_matched,banglasarc3_binary+banglasarc_binary,banglasarc3_binary,123
bd8e1a4992f836d9,1,1,-1.125,0.67578125,0.14175599046041915,0.8582440095395809,1.322050315368429,dann_matched,banglasarc3_binary+banglasarc_binary,banglasarc3_binary,123
f54c8c8dd14b9ee4,1,0,0.48632812,-0.7265625,0.7708100121686987,0.2291899878313013,1.322050315368429,dann_matched,banglasarc3_binary+banglasarc_binary,banglasarc3_binary,123
93aa7ab3e702a390,1,0,-0.111816406,-0.14648438,0.5086661242433934,0.4913338757566066,1.322050315368429,dann_matched,banglasarc3_binary+banglasarc_binary,banglasarc3_binary,123
5d4df30470964289,0,0,1.3125,-1.5625,0.9465966702001757,0.053403329799824234,1.322050315368429,dann_matched,banglasarc3_binary+banglasarc_binary,banglasarc3_binary,123
99413b6d85bd8b6a,1,1,-1.8828125,1.5625,0.030908958517211163,0.9690910414827888,1.322050315368429,dann_matched,banglasarc3_binary+banglasarc_binary,banglasarc3_binary,123
b6c18248921fce54,1,0,1.015625,-1.2734375,0.90796713988899,0.09203286011100995,1.322050315368429,dann_matched,banglasarc3_binary+banglasarc_binary,banglasarc3_binary,123
1cabf2a505c66110,1,1,-0.74609375,0.51171875,0.22135068799782798,0.7786493120021721,1.322050315368429,dann_matched,banglasarc3_binary+banglasarc_binary,banglasarc3_binary,123
4e7d5694a62e5de3,1,1,-0.24707031,-0.033691406,0.4468567573818268,0.5531432426181732,1.322050315368429,dann_matched,banglasarc3_binary+banglasarc_binary,banglasarc3_binary,123
27bff07ea2567aff,0,0,0.09423828,-0.40625,0.622574072245029,0.3774259277549709,1.322050315368429,dann_matched,banglasarc3_binary+banglasarc_binary,banglasarc3_binary,123
3d2b2afef8a71422,0,0,2.046875,-2.03125,0.983342959990771,0.01665704000922906,1.322050315368429,dann_matched,banglasarc3_binary+banglasarc_binary,banglasarc3_binary,123
a6b65f2d6607df8d,0,1,-0.84765625,0.48632812,0.20850106658992473,0.7914989334100753,1.322050315368429,dann_matched,banglasarc3_binary+banglasarc_binary,banglasarc3_binary,123
f2ce21fd06e6c0a1,0,0,0.90234375,-1.15625,0.8868130934598374,0.11318690654016261,1.322050315368429,dann_matched,banglasarc3_binary+banglasarc_binary,banglasarc3_binary,123
8c321d6535475133,0,1,-1.421875,0.97265625,0.08359066775394157,0.9164093322460585,1.322050315368429,dann_matched,banglasarc3_binary+banglasarc_binary,banglasarc3_binary,123
e4400f251525d858,0,0,1.6640625,-1.71875,0.9671630439727548,0.03283695602724524,1.322050315368429,dann_matched,banglasarc3_binary+banglasarc_binary,banglasarc3_binary,123
a2549aea9cf0feed,0,0,1.484375,-1.7265625,0.9612438064128053,0.03875619358719477,1.322050315368429,dann_matched,banglasarc3_binary+banglasarc_binary,banglasarc3_binary,123
208728590d99f477,0,0,1.5,-1.5390625,0.9543079676184154,0.04569203238158463,1.322050315368429,dann_matched,banglasarc3_binary+banglasarc_binary,banglasarc3_binary,123
d7aa541a5731f237,1,1,-1.7265625,1.3828125,0.042722197546490565,0.9572778024535095,1.322050315368429,dann_matched,banglasarc3_binary+banglasarc_binary,banglasarc3_binary,123
72d9d0c152014fd4,1,0,-0.13671875,-0.13671875,0.5,0.5,1.322050315368429,dann_matched,banglasarc3_binary+banglasarc_binary,banglasarc3_binary,123
8dc4677cf180080c,0,0,1.7734375,-1.8515625,0.9740426428022031,0.02595735719779685,1.322050315368429,dann_matched,banglasarc3_binary+banglasarc_binary,banglasarc3_binary,123
326478b91e0a83b6,0,0,0.69921875,-0.9375,0.8370879625470882,0.16291203745291188,1.322050315368429,dann_matched,banglasarc3_binary+banglasarc_binary,banglasarc3_binary,123
38972718ea06dcda,0,0,2.171875,-2.234375,0.9879462204837635,0.012053779516236447,1.322050315368429,dann_matched,banglasarc3_binary+banglasarc_binary,banglasarc3_binary,123
7bb95f4327f97619,0,0,1.125,-1.25,0.9149009549929797,0.08509904500702024,1.322050315368429,dann_matched,banglasarc3_binary+banglasarc_binary,banglasarc3_binary,123
b5430ac62bc817b3,0,1,-0.90625,0.59765625,0.1818436430556475,0.8181563569443524,1.322050315368429,dann_matched,banglasarc3_binary+banglasarc_binary,banglasarc3_binary,123
7745aafd0a592886,0,0,1.0390625,-1.234375,0.9066531214804244,0.09334687851957546,1.322050315368429,dann_matched,banglasarc3_binary+banglasarc_binary,banglasarc3_binary,123
6327f9fa75cf0eb5,0,0,2.515625,-2.484375,0.9933071490757153,0.006692850924284856,1.322050315368429,dann_matched,banglasarc3_binary+banglasarc_binary,banglasarc3_binary,123
50c0d6b40de5c934,1,0,0.068847656,-0.33007812,0.5984295401754633,0.40157045982453676,1.322050315368429,dann_matched,banglasarc3_binary+banglasarc_binary,banglasarc3_binary,123
fa23fb1cf1fa6ce1,0,1,-1.5859375,1.25,0.05541279438176918,0.944587205618231,1.322050315368429,dann_matched,banglasarc3_binary+banglasarc_binary,banglasarc3_binary,123
5793d347d7491ffa,0,1,-0.55859375,0.17871094,0.32359381534608794,0.676406184653912,1.322050315368429,dann_matched,banglasarc3_binary+banglasarc_binary,banglasarc3_binary,123
7a193a03efce7c95,0,0,0.70703125,-0.7578125,0.8122723960432147,0.1877276039567854,1.322050315368429,dann_matched,banglasarc3_binary+banglasarc_binary,banglasarc3_binary,123
04f3d847a89bddc0,0,0,2.375,-2.359375,0.9912886155422945,0.008711384457705508,1.322050315368429,dann_matched,banglasarc3_binary+banglasarc_binary,banglasarc3_binary,123
79fe03d925dd23f2,1,1,-0.9921875,0.67578125,0.1586951851359601,0.8413048148640399,1.322050315368429,dann_matched,banglasarc3_binary+banglasarc_binary,banglasarc3_binary,123
56a90627c13f7482,0,1,-1.484375,1.140625,0.0675466911396291,0.9324533088603709,1.322050315368429,dann_matched,banglasarc3_binary+banglasarc_binary,banglasarc3_binary,123
34eae78ac0856b44,0,0,0.75,-0.984375,0.849971175657575,0.1500288243424251,1.322050315368429,dann_matched,banglasarc3_binary+banglasarc_binary,banglasarc3_binary,123
e7de35f2d96d04ae,1,1,-1.4140625,1.0390625,0.07921032410902437,0.9207896758909757,1.322050315368429,dann_matched,banglasarc3_binary+banglasarc_binary,banglasarc3_binary,123
7edb0fbf4e12f482,1,1,-0.20898438,-0.036132812,0.45689438056586734,0.5431056194341326,1.322050315368429,dann_matched,banglasarc3_binary+banglasarc_binary,banglasarc3_binary,123
05b114079ca39ab2,0,0,1.109375,-1.3515625,0.9213576188158985,0.07864238118410145,1.322050315368429,dann_matched,banglasarc3_binary+banglasarc_binary,banglasarc3_binary,123
012cf4a871450976,0,0,0.26367188,-0.5,0.6821504061872917,0.3178495938127082,1.322050315368429,dann_matched,banglasarc3_binary+banglasarc_binary,banglasarc3_binary,123
974f03c115fc2171,1,1,-0.39453125,0.041992188,0.3925696755692437,0.6074303244307563,1.322050315368429,dann_matched,banglasarc3_binary+banglasarc_binary,banglasarc3_binary,123
7d320f16846e7bf9,1,0,1.4453125,-1.4765625,0.9489172630429474,0.05108273695705249,1.322050315368429,dann_matched,banglasarc3_binary+banglasarc_binary,banglasarc3_binary,123
8fd01412b63f6b5f,1,0,1.125,-1.1484375,0.9066531214804244,0.09334687851957546,1.322050315368429,dann_matched,banglasarc3_binary+banglasarc_binary,banglasarc3_binary,123
88e6fff6830ee411,0,0,0.083496094,-0.51171875,0.6445607764067608,0.35543922359323926,1.322050315368429,dann_matched,banglasarc3_binary+banglasarc_binary,banglasarc3_binary,123
018878abd62bc2c6,0,0,1.2890625,-1.5078125,0.9425067211996143,0.05749327880038583,1.322050315368429,dann_matched,banglasarc3_binary+banglasarc_binary,banglasarc3_binary,123
f09b809925c88fc0,1,1,-1.984375,1.5703125,0.027795622581245058,0.9722043774187549,1.322050315368429,dann_matched,banglasarc3_binary+banglasarc_binary,banglasarc3_binary,123
bc8f433d14df5bbe,1,1,-1.921875,1.4296875,0.03384403534049258,0.9661559646595075,1.322050315368429,dann_matched,banglasarc3_binary+banglasarc_binary,banglasarc3_binary,123
c952b7bed5795739,0,0,1.4296875,-1.59375,0.953621794005189,0.046378205994811086,1.322050315368429,dann_matched,banglasarc3_binary+banglasarc_binary,banglasarc3_binary,123
90c33f63e3080a0d,0,0,1.3046875,-1.546875,0.9453993942183476,0.05460060578165237,1.322050315368429,dann_matched,banglasarc3_binary+banglasarc_binary,banglasarc3_binary,123
1ef4973752ea4564,1,1,-1.421875,1.109375,0.07369626970604846,0.9263037302939515,1.322050315368429,dann_matched,banglasarc3_binary+banglasarc_binary,banglasarc3_binary,123
3f4477d5080cdfe1,0,0,1.6484375,-1.7265625,0.9669140216112958,0.033085978388704126,1.322050315368429,dann_matched,banglasarc3_binary+banglasarc_binary,banglasarc3_binary,123
7a9c24d799805b22,0,0,0.17578125,-0.484375,0.6592954869730118,0.3407045130269881,1.322050315368429,dann_matched,banglasarc3_binary+banglasarc_binary,banglasarc3_binary,123
a53750d111a874b9,0,0,1.453125,-1.6953125,0.9588471107825551,0.04115288921744485,1.322050315368429,dann_matched,banglasarc3_binary+banglasarc_binary,banglasarc3_binary,123
08221e16563f5ed2,1,1,-0.8515625,0.57421875,0.19375686554382185,0.8062431344561782,1.322050315368429,dann_matched,banglasarc3_binary+banglasarc_binary,banglasarc3_binary,123
a911bbedbe9083b7,1,1,-1.2578125,0.8203125,0.11124120650754304,0.888758793492457,1.322050315368429,dann_matched,banglasarc3_binary+banglasarc_binary,banglasarc3_binary,123
79af8e8606e24621,0,0,1.3359375,-1.3984375,0.9390248191350352,0.06097518086496481,1.322050315368429,dann_matched,banglasarc3_binary+banglasarc_binary,banglasarc3_binary,123
725ab0037339d5f4,1,1,-1.3203125,0.8359375,0.10374862686637971,0.8962513731336202,1.322050315368429,dann_matched,banglasarc3_binary+banglasarc_binary,banglasarc3_binary,123
888be69f29549db6,1,0,-0.07910156,-0.25390625,0.5435902306396628,0.4564097693603371,1.322050315368429,dann_matched,banglasarc3_binary+banglasarc_binary,banglasarc3_binary,123
74ead3cc3b9dcc3e,0,1,-0.3125,-0.012573242,0.42557538794745653,0.5744246120525435,1.322050315368429,dann_matched,banglasarc3_binary+banglasarc_binary,banglasarc3_binary,123
70a0b9c4daba4b62,1,1,-1.796875,1.5390625,0.03435868933300902,0.965641310666991,1.322050315368429,dann_matched,banglasarc3_binary+banglasarc_binary,banglasarc3_binary,123
772cd1347ab32158,0,0,1.34375,-1.3671875,0.9376689641180752,0.06233103588192476,1.322050315368429,dann_matched,banglasarc3_binary+banglasarc_binary,banglasarc3_binary,123
825abf4f5714d44e,0,0,1.4296875,-1.59375,0.953621794005189,0.046378205994811086,1.322050315368429,dann_matched,banglasarc3_binary+banglasarc_binary,banglasarc3_binary,123
f6d2b8f0fd5630a5,1,1,-1.03125,0.63671875,0.1586951851359601,0.8413048148640399,1.322050315368429,dann_matched,banglasarc3_binary+banglasarc_binary,banglasarc3_binary,123
070eb74aab3e9b16,0,0,1.796875,-1.96875,0.9773707999669629,0.022629200033037256,1.322050315368429,dann_matched,banglasarc3_binary+banglasarc_binary,banglasarc3_binary,123
ccdd5f5935aa5c08,0,0,1.3125,-1.484375,0.9425067211996143,0.05749327880038583,1.322050315368429,dann_matched,banglasarc3_binary+banglasarc_binary,banglasarc3_binary,123
ff8b8a0023de988a,1,1,-0.640625,0.3046875,0.2798284924581987,0.7201715075418013,1.322050315368429,dann_matched,banglasarc3_binary+banglasarc_binary,banglasarc3_binary,123
955c6c4b3c56526f,0,1,-0.24902344,-0.046142578,0.44945304509721756,0.5505469549027825,1.322050315368429,dann_matched,banglasarc3_binary+banglasarc_binary,banglasarc3_binary,123
3c7f74408087c581,0,0,1.1796875,-1.390625,0.9289263306198166,0.07107366938018356,1.322050315368429,dann_matched,banglasarc3_binary+banglasarc_binary,banglasarc3_binary,123
3fd3335f6927bc03,1,1,-0.796875,0.48632812,0.2170054741491156,0.7829945258508844,1.322050315368429,dann_matched,banglasarc3_binary+banglasarc_binary,banglasarc3_binary,123
6b4cf7b079c5b900,0,0,0.014587402,-0.28125,0.5734246212665242,0.4265753787334758,1.322050315368429,dann_matched,banglasarc3_binary+banglasarc_binary,banglasarc3_binary,123
a396d6fc294ae956,0,0,1.75,-1.890625,0.9744347860767304,0.025565213923269593,1.322050315368429,dann_matched,banglasarc3_binary+banglasarc_binary,banglasarc3_binary,123
acd192278c3d2499,0,0,-0.030151367,-0.203125,0.5431359100346661,0.4568640899653339,1.322050315368429,dann_matched,banglasarc3_binary+banglasarc_binary,banglasarc3_binary,123
13e6f0fb32b886df,1,1,-1.7265625,1.3984375,0.04208772791561884,0.9579122720843811,1.322050315368429,dann_matched,banglasarc3_binary+banglasarc_binary,banglasarc3_binary,123
5139d41ec223ee1d,1,0,0.4453125,-0.7578125,0.7690802370707283,0.23091976292927183,1.322050315368429,dann_matched,banglasarc3_binary+banglasarc_binary,banglasarc3_binary,123
db25536a5ca06207,1,1,-1.109375,0.765625,0.13296424019782924,0.8670357598021706,1.322050315368429,dann_matched,banglasarc3_binary+banglasarc_binary,banglasarc3_binary,123
9cf7c23f5c83e3c1,1,1,-1.625,1.21875,0.05500528829345415,0.9449947117065459,1.322050315368429,dann_matched,banglasarc3_binary+banglasarc_binary,banglasarc3_binary,123
dece6cbb7ae48b4c,0,1,-1.6875,1.296875,0.04813677111663481,0.9518632288833652,1.322050315368429,dann_matched,banglasarc3_binary+banglasarc_binary,banglasarc3_binary,123
cc32b357f5c62cf0,1,0,1.03125,-1.2734375,0.909264512360149,0.09073548763985106,1.322050315368429,dann_matched,banglasarc3_binary+banglasarc_binary,banglasarc3_binary,123
a82a7beb318bc95f,0,0,0.578125,-0.7734375,0.7943849604299823,0.20561503957001773,1.322050315368429,dann_matched,banglasarc3_binary+banglasarc_binary,banglasarc3_binary,123
4269510b20e3a78d,0,1,-0.43359375,0.10253906,0.3690876463175275,0.6309123536824726,1.322050315368429,dann_matched,banglasarc3_binary+banglasarc_binary,banglasarc3_binary,123
af7a5887ba75ec02,1,1,-0.5703125,0.23535156,0.3088152265252637,0.6911847734747362,1.322050315368429,dann_matched,banglasarc3_binary+banglasarc_binary,banglasarc3_binary,123
ff7092e064f5e7f0,0,0,1.296875,-1.46875,0.9407897492587141,0.05921025074128593,1.322050315368429,dann_matched,banglasarc3_binary+banglasarc_binary,banglasarc3_binary,123
bd75e40f2d1c3973,1,1,-1.9609375,1.53125,0.029535339291104773,0.9704646607088951,1.322050315368429,dann_matched,banglasarc3_binary+banglasarc_binary,banglasarc3_binary,123
55361b7e5b2475c1,1,1,-1.3515625,0.9296875,0.09268777863937604,0.9073122213606241,1.322050315368429,dann_matched,banglasarc3_binary+banglasarc_binary,banglasarc3_binary,123
f478ea328fe5ce48,1,0,0.016113281,-0.30664062,0.5799952531998211,0.42000474680017874,1.322050315368429,dann_matched,banglasarc3_binary+banglasarc_binary,banglasarc3_binary,123
5a05491d31008062,0,1,-0.22851562,-0.048828125,0.4551986043017219,0.5448013956982781,1.322050315368429,dann_matched,banglasarc3_binary+banglasarc_binary,banglasarc3_binary,123
ae0fcdf8d0676f03,0,0,1.34375,-1.5546875,0.9477691428985743,0.052230857101425734,1.322050315368429,dann_matched,banglasarc3_binary+banglasarc_binary,banglasarc3_binary,123
1473977d7b8985e5,0,0,0.70703125,-0.75390625,0.811676021090197,0.1883239789098031,1.322050315368429,dann_matched,banglasarc3_binary+banglasarc_binary,banglasarc3_binary,123
880392a54d0ebe3e,0,0,1.7421875,-1.9140625,0.9748211582993981,0.025178841700601855,1.322050315368429,dann_matched,banglasarc3_binary+banglasarc_binary,banglasarc3_binary,123
a8d6ffd7233218d9,0,0,0.44921875,-0.6796875,0.7556369949292148,0.24436300507078523,1.322050315368429,dann_matched,banglasarc3_binary+banglasarc_binary,banglasarc3_binary,123
532a79af0df6317b,1,1,-2.078125,1.7578125,0.02112519189594821,0.9788748081040518,1.322050315368429,dann_matched,banglasarc3_binary+banglasarc_binary,banglasarc3_binary,123
e67ce7d008308e4f,1,0,1.09375,-1.5703125,0.9348724531603766,0.0651275468396235,1.322050315368429,dann_matched,banglasarc3_binary+banglasarc_binary,banglasarc3_binary,123
d7578006b9f26c23,1,1,-1.78125,1.4140625,0.03934250326425821,0.9606574967357419,1.322050315368429,dann_matched,banglasarc3_binary+banglasarc_binary,banglasarc3_binary,123
714a136f278f7f6d,1,1,-1.8671875,1.4609375,0.03461883883917583,0.9653811611608242,1.322050315368429,dann_matched,banglasarc3_binary+banglasarc_binary,banglasarc3_binary,123
cb7574a7cdfb2600,0,1,-1.6015625,1.25,0.05460060578165237,0.9453993942183476,1.322050315368429,dann_matched,banglasarc3_binary+banglasarc_binary,banglasarc3_binary,123
539200a378d20681,0,0,-0.019165039,-0.34960938,0.581867486690852,0.4181325133091479,1.322050315368429,dann_matched,banglasarc3_binary+banglasarc_binary,banglasarc3_binary,123
9d4e9c774780337b,1,0,0.97265625,-1.2734375,0.904313056994317,0.09568694300568312,1.322050315368429,dann_matched,banglasarc3_binary+banglasarc_binary,banglasarc3_binary,123
d19183e0c68495fe,0,0,-0.19921875,-0.21191406,0.5031737854982766,0.49682621450172326,1.322050315368429,dann_matched,banglasarc3_binary+banglasarc_binary,banglasarc3_binary,123
e727d555b9906254,0,0,-0.071777344,-0.20117188,0.5323035739718591,0.46769642602814093,1.322050315368429,dann_matched,banglasarc3_binary+banglasarc_binary,banglasarc3_binary,123
560326443dd5a61f,1,1,-1.796875,1.4140625,0.03875619358719477,0.9612438064128053,1.322050315368429,dann_matched,banglasarc3_binary+banglasarc_binary,banglasarc3_binary,123
3a356b90dc52db7a,0,1,-0.20214844,-0.06201172,0.4650230422517099,0.5349769577482901,1.322050315368429,dann_matched,banglasarc3_binary+banglasarc_binary,banglasarc3_binary,123
10315d34cdace8c1,0,1,-1.28125,0.89453125,0.10194652082730637,0.8980534791726937,1.322050315368429,dann_matched,banglasarc3_binary+banglasarc_binary,banglasarc3_binary,123
5b040037fd3ecdae,1,1,-1.3828125,1.09375,0.07751765647688268,0.9224823435231172,1.322050315368429,dann_matched,banglasarc3_binary+banglasarc_binary,banglasarc3_binary,123
586f5d207285bf27,0,0,0.56640625,-0.92578125,0.8164063773658039,0.18359362263419612,1.322050315368429,dann_matched,banglasarc3_binary+banglasarc_binary,banglasarc3_binary,123
11319ec3cf94ef20,0,0,1.7890625,-1.9296875,0.9763105287006256,0.023689471299374428,1.322050315368429,dann_matched,banglasarc3_binary+banglasarc_binary,banglasarc3_binary,123
69fbdf73ddc7be78,1,1,-1.234375,0.83984375,0.11162799104060678,0.8883720089593933,1.322050315368429,dann_matched,banglasarc3_binary+banglasarc_binary,banglasarc3_binary,123
757ab3d1fca46e3c,1,1,-0.7109375,0.37890625,0.25164770242862033,0.7483522975713798,1.322050315368429,dann_matched,banglasarc3_binary+banglasarc_binary,banglasarc3_binary,123
a39c5cc8dcf7f753,0,0,1.109375,-1.1953125,0.909264512360149,0.09073548763985106,1.322050315368429,dann_matched,banglasarc3_binary+banglasarc_binary,banglasarc3_binary,123
ba0d8b695ca6ef05,0,1,-0.19628906,-0.10546875,0.47731051559275106,0.5226894844072489,1.322050315368429,dann_matched,banglasarc3_binary+banglasarc_binary,banglasarc3_binary,123
7e976976fd12e611,0,0,0.6953125,-0.8984375,0.8311430478583168,0.16885695214168314,1.322050315368429,dann_matched,banglasarc3_binary+banglasarc_binary,banglasarc3_binary,123
177bf85b5ddcbb0b,1,1,-1.1328125,0.83984375,0.12210386546882639,0.8778961345311737,1.322050315368429,dann_matched,banglasarc3_binary+banglasarc_binary,banglasarc3_binary,123
6d78d071878ac3d1,1,1,-1.296875,0.9765625,0.09334687851957546,0.9066531214804244,1.322050315368429,dann_matched,banglasarc3_binary+banglasarc_binary,banglasarc3_binary,123
c85c38b6528754b8,1,1,-0.40234375,0.18261719,0.3577918826509579,0.6422081173490422,1.322050315368429,dann_matched,banglasarc3_binary+banglasarc_binary,banglasarc3_binary,123
90dbb76ac473a400,1,1,-1.5703125,1.2578125,0.05582314113461443,0.9441768588653856,1.322050315368429,dann_matched,banglasarc3_binary+banglasarc_binary,banglasarc3_binary,123
63c48593140100b8,0,0,1.46875,-1.6015625,0.9556514186046017,0.04434858139539836,1.322050315368429,dann_matched,banglasarc3_binary+banglasarc_binary,banglasarc3_binary,123
aff3807e81a949e8,0,0,1.6640625,-1.765625,0.9686195704870232,0.031380429512976746,1.322050315368429,dann_matched,banglasarc3_binary+banglasarc_binary,banglasarc3_binary,123
2a1a90955017061c,1,1,-1.265625,0.9140625,0.10158944591881586,0.8984105540811842,1.322050315368429,dann_matched,banglasarc3_binary+banglasarc_binary,banglasarc3_binary,123
8ba3ce83e1b38636,0,0,1.6484375,-1.765625,0.9681411443139596,0.03185885568604046,1.322050315368429,dann_matched,banglasarc3_binary+banglasarc_binary,banglasarc3_binary,123
b6a150e585a90815,1,0,1.0625,-1.21875,0.9073122213606241,0.09268777863937604,1.322050315368429,dann_matched,banglasarc3_binary+banglasarc_binary,banglasarc3_binary,123
e7f847b226aac07c,0,0,1.3359375,-1.3828125,0.9381240142763573,0.061875985723642724,1.322050315368429,dann_matched,banglasarc3_binary+banglasarc_binary,banglasarc3_binary,123
dddd46a1f7d0d0f0,1,1,-1.953125,1.6640625,0.02615561835382285,0.9738443816461771,1.322050315368429,dann_matched,banglasarc3_binary+banglasarc_binary,banglasarc3_binary,123
1bffdb75712cd569,0,0,0.8671875,-1.03125,0.8697145792507666,0.13028542074923347,1.322050315368429,dann_matched,banglasarc3_binary+banglasarc_binary,banglasarc3_binary,123
2ab62d60d1d4472e,1,1,-1.0546875,0.68359375,0.1495313793312345,0.8504686206687655,1.322050315368429,dann_matched,banglasarc3_binary+banglasarc_binary,banglasarc3_binary,123
8fc93f04e6590154,1,0,1.34375,-1.328125,0.9353465116437761,0.06465348835622392,1.322050315368429,dann_matched,banglasarc3_binary+banglasarc_binary,banglasarc3_binary,123
86de20b950da2d3c,0,1,-1.7421875,1.421875,0.040540738463481864,0.9594592615365182,1.322050315368429,dann_matched,banglasarc3_binary+banglasarc_binary,banglasarc3_binary,123
5621eac1c37b8431,0,0,0.96484375,-1.1484375,0.8921873600393251,0.1078126399606749,1.322050315368429,dann_matched,banglasarc3_binary+banglasarc_binary,banglasarc3_binary,123
837aaea86232ce70,1,0,0.75,-0.8515625,0.8322366527818007,0.16776334721819924,1.322050315368429,dann_matched,banglasarc3_binary+banglasarc_binary,banglasarc3_binary,123
f99f7e89824b6612,0,0,2.328125,-2.40625,0.9912886155422945,0.008711384457705508,1.322050315368429,dann_matched,banglasarc3_binary+banglasarc_binary,banglasarc3_binary,123
f398263b812de4fc,0,0,1.7421875,-1.8125,0.9722043774187549,0.027795622581245058,1.322050315368429,dann_matched,banglasarc3_binary+banglasarc_binary,banglasarc3_binary,123
f933964e1386abbc,1,0,0.23144531,-0.59765625,0.6961649264326446,0.30383507356735534,1.322050315368429,dann_matched,banglasarc3_binary+banglasarc_binary,banglasarc3_binary,123
29429b72289fcd40,0,0,1.0078125,-1.1796875,0.8991213772699436,0.10087862273005653,1.322050315368429,dann_matched,banglasarc3_binary+banglasarc_binary,banglasarc3_binary,123
065cb8d51b12f79a,0,1,-1.890625,1.5,0.032589744766025344,0.9674102552339746,1.322050315368429,dann_matched,banglasarc3_binary+banglasarc_binary,banglasarc3_binary,123
238ed849caf48da2,0,0,0.99609375,-1.203125,0.9001793324323768,0.09982066756762313,1.322050315368429,dann_matched,banglasarc3_binary+banglasarc_binary,banglasarc3_binary,123
e6879d34059ffd78,1,1,-0.4375,0.17285156,0.3519790059319447,0.6480209940680554,1.322050315368429,dann_matched,banglasarc3_binary+banglasarc_binary,banglasarc3_binary,123
e1920815e63fd77c,1,1,-1.9140625,1.640625,0.027795622581245058,0.9722043774187549,1.322050315368429,dann_matched,banglasarc3_binary+banglasarc_binary,banglasarc3_binary,123
9d6102939ae27963,1,1,-1.0859375,0.7265625,0.14033624949008322,0.8596637505099167,1.322050315368429,dann_matched,banglasarc3_binary+banglasarc_binary,banglasarc3_binary,123
7cf8d62bc548f981,1,1,-0.14160156,-0.076660156,0.48377035192782775,0.5162296480721722,1.322050315368429,dann_matched,banglasarc3_binary+banglasarc_binary,banglasarc3_binary,123
3dedb7824bbf60be,0,0,0.33984375,-0.48828125,0.6959583250334526,0.30404167496654744,1.322050315368429,dann_matched,banglasarc3_binary+banglasarc_binary,banglasarc3_binary,123
7168d49fd7747b74,0,0,1.3203125,-1.4453125,0.9407897492587141,0.05921025074128593,1.322050315368429,dann_matched,banglasarc3_binary+banglasarc_binary,banglasarc3_binary,123
85cf586fc25418e3,0,1,-0.51171875,0.18847656,0.3317689259588373,0.6682310740411628,1.322050315368429,dann_matched,banglasarc3_binary+banglasarc_binary,banglasarc3_binary,123
b4853c23f7a9f71d,0,0,0.71875,-0.94921875,0.8413048148640399,0.1586951851359601,1.322050315368429,dann_matched,banglasarc3_binary+banglasarc_binary,banglasarc3_binary,123
b577521aba23e9a6,1,1,-0.62109375,0.265625,0.29178742608054825,0.7082125739194518,1.322050315368429,dann_matched,banglasarc3_binary+banglasarc_binary,banglasarc3_binary,123
43913a364404a6b7,1,1,-0.23730469,-0.076660156,0.45992501362222304,0.540074986377777,1.322050315368429,dann_matched,banglasarc3_binary+banglasarc_binary,banglasarc3_binary,123
98595080b20ded8e,0,0,0.09375,-0.34179688,0.6071974301667464,0.39280256983325357,1.322050315368429,dann_matched,banglasarc3_binary+banglasarc_binary,banglasarc3_binary,123
e8908d5a70ac67f7,0,0,0.515625,-0.828125,0.7931059511841119,0.2068940488158881,1.322050315368429,dann_matched,banglasarc3_binary+banglasarc_binary,banglasarc3_binary,123
a92f9901130b2155,0,0,0.016723633,-0.36523438,0.5943452636742039,0.4056547363257961,1.322050315368429,dann_matched,banglasarc3_binary+banglasarc_binary,banglasarc3_binary,123
7d6de967d264bd85,0,0,0.24804688,-0.5625,0.6922260278044772,0.30777397219552277,1.322050315368429,dann_matched,banglasarc3_binary+banglasarc_binary,banglasarc3_binary,123
9837a43eab10dddf,1,1,-2.296875,2.03125,0.013020490113842825,0.9869795098861571,1.322050315368429,dann_matched,banglasarc3_binary+banglasarc_binary,banglasarc3_binary,123
65319c5414a8306a,0,1,-0.30859375,0.057128906,0.40957498152636423,0.5904250184736357,1.322050315368429,dann_matched,banglasarc3_binary+banglasarc_binary,banglasarc3_binary,123
fade48daf673b1f8,0,0,1.4921875,-1.6640625,0.9591542840900507,0.040845715909949315,1.322050315368429,dann_matched,banglasarc3_binary+banglasarc_binary,banglasarc3_binary,123
866873fff24113c0,1,1,-1.5078125,1.140625,0.06608537866754877,0.9339146213324513,1.322050315368429,dann_matched,banglasarc3_binary+banglasarc_binary,banglasarc3_binary,123
e3cc36cc8d198224,0,1,-0.45507812,0.31835938,0.31573597552138716,0.6842640244786128,1.322050315368429,dann_matched,banglasarc3_binary+banglasarc_binary,banglasarc3_binary,123
89c21dd6d937eaff,1,0,0.328125,-0.66015625,0.7287483034031065,0.2712516965968936,1.322050315368429,dann_matched,banglasarc3_binary+banglasarc_binary,banglasarc3_binary,123
4b6f29550988601b,0,0,1.5390625,-1.78125,0.9651191130633208,0.034880886936679296,1.322050315368429,dann_matched,banglasarc3_binary+banglasarc_binary,banglasarc3_binary,123
d975dd69c2f72afd,1,1,-1.328125,0.96484375,0.09170696264527785,0.9082930373547222,1.322050315368429,dann_matched,banglasarc3_binary+banglasarc_binary,banglasarc3_binary,123
877fb7d4cf62f178,1,1,-1.5703125,1.21875,0.05791808743947446,0.9420819125605256,1.322050315368429,dann_matched,banglasarc3_binary+banglasarc_binary,banglasarc3_binary,123
8e7741f5f6607b4c,1,1,-1.8046875,1.40625,0.03875619358719477,0.9612438064128053,1.322050315368429,dann_matched,banglasarc3_binary+banglasarc_binary,banglasarc3_binary,123
0892c4bec7f40ca2,1,1,-1.9765625,1.6484375,0.02595735719779685,0.9740426428022031,1.322050315368429,dann_matched,banglasarc3_binary+banglasarc_binary,banglasarc3_binary,123
a2b22017bfba6565,1,1,-0.8359375,0.56640625,0.19744445710480676,0.8025555428951934,1.322050315368429,dann_matched,banglasarc3_binary+banglasarc_binary,banglasarc3_binary,123
f5daae7220a90010,0,0,0.45117188,-0.70703125,0.7610060599864007,0.23899394001359922,1.322050315368429,dann_matched,banglasarc3_binary+banglasarc_binary,banglasarc3_binary,123
0f083853e0116694,1,1,-1.3515625,1.0625,0.08210662704685086,0.9178933729531492,1.322050315368429,dann_matched,banglasarc3_binary+banglasarc_binary,banglasarc3_binary,123
40768fb2acdaf890,0,0,0.2890625,-0.41992188,0.670176704984625,0.32982329501537494,1.322050315368429,dann_matched,banglasarc3_binary+banglasarc_binary,banglasarc3_binary,123
d61c45eabc68eb9b,0,1,-0.9921875,0.69140625,0.156620183363451,0.843379816636549,1.322050315368429,dann_matched,banglasarc3_binary+banglasarc_binary,banglasarc3_binary,123
f8966d9f2ebf8a15,1,1,-1.7265625,1.34375,0.04434858139539836,0.9556514186046017,1.322050315368429,dann_matched,banglasarc3_binary+banglasarc_binary,banglasarc3_binary,123
3a91532d913e2c4b,0,0,1.515625,-1.765625,0.9637799441350253,0.036220055864974746,1.322050315368429,dann_matched,banglasarc3_binary+banglasarc_binary,banglasarc3_binary,123
701ed1e21508a181,0,0,0.25,-0.5625,0.6926419831347361,0.30735801686526387,1.322050315368429,dann_matched,banglasarc3_binary+banglasarc_binary,banglasarc3_binary,123
b4b9460c57fb2ff8,1,1,-1.765625,1.3828125,0.04115288921744485,0.9588471107825551,1.322050315368429,dann_matched,banglasarc3_binary+banglasarc_binary,banglasarc3_binary,123
f6ef35c40454d8a9,1,1,-0.76953125,0.3984375,0.2372223384883484,0.7627776615116516,1.322050315368429,dann_matched,banglasarc3_binary+banglasarc_binary,banglasarc3_binary,123
c749254818a2beb4,1,0,0.08544922,-0.4765625,0.6369178852866301,0.3630821147133699,1.322050315368429,dann_matched,banglasarc3_binary+banglasarc_binary,banglasarc3_binary,123
a8d95df3867755d7,1,0,1.3203125,-1.3515625,0.9353465116437761,0.06465348835622392,1.322050315368429,dann_matched,banglasarc3_binary+banglasarc_binary,banglasarc3_binary,123
fb125052de8613ad,1,1,-1.1484375,0.80078125,0.12463857053608371,0.8753614294639163,1.322050315368429,dann_matched,banglasarc3_binary+banglasarc_binary,banglasarc3_binary,123
09a2cced4bee49f7,1,1,-1.453125,1.0234375,0.07751765647688268,0.9224823435231172,1.322050315368429,dann_matched,banglasarc3_binary+banglasarc_binary,banglasarc3_binary,123
8a83d3da7699811c,0,0,0.14160156,-0.45898438,0.6457903480479878,0.35420965195201215,1.322050315368429,dann_matched,banglasarc3_binary+banglasarc_binary,banglasarc3_binary,123
3964424aa0d49a56,0,1,-0.16894531,0.0030517578,0.45710642368294113,0.5428935763170589,1.322050315368429,dann_matched,banglasarc3_binary+banglasarc_binary,banglasarc3_binary,123
0fa27d4578133779,1,0,1.2890625,-1.453125,0.9394706097974611,0.060529390202538995,1.322050315368429,dann_matched,banglasarc3_binary+banglasarc_binary,banglasarc3_binary,123
2a782f9195e8bf56,0,0,1.5,-1.5859375,0.956308939359532,0.04369106064046812,1.322050315368429,dann_matched,banglasarc3_binary+banglasarc_binary,banglasarc3_binary,123
ce572474de1b6dd4,1,0,0.859375,-1.03125,0.8688267762381844,0.13117322376181567,1.322050315368429,dann_matched,banglasarc3_binary+banglasarc_binary,banglasarc3_binary,123
2b921d548ea4c4df,1,1,-1.4296875,1.109375,0.07316472140562331,0.9268352785943768,1.322050315368429,dann_matched,banglasarc3_binary+banglasarc_binary,banglasarc3_binary,123
8a3dac5169c757dc,1,1,-1.7421875,1.421875,0.040540738463481864,0.9594592615365182,1.322050315368429,dann_matched,banglasarc3_binary+banglasarc_binary,banglasarc3_binary,123
1dc83e50f7da3618,0,1,-0.3671875,0.064941406,0.3936180831620176,0.6063819168379824,1.322050315368429,dann_matched,banglasarc3_binary+banglasarc_binary,banglasarc3_binary,123
43e4c5caf8ccf8d9,1,1,-0.38476562,0.12207031,0.37593554804551743,0.6240644519544826,1.322050315368429,dann_matched,banglasarc3_binary+banglasarc_binary,banglasarc3_binary,123
c768491a2e849a34,1,1,-1.15625,0.62109375,0.14463143714297527,0.8553685628570248,1.322050315368429,dann_matched,banglasarc3_binary+banglasarc_binary,banglasarc3_binary,123
d9b9d06a13c83be0,0,0,1.3125,-1.5703125,0.9469902279841446,0.05300977201585542,1.322050315368429,dann_matched,banglasarc3_binary+banglasarc_binary,banglasarc3_binary,123
6bac0560c62a5092,1,1,-0.609375,0.21386719,0.30507586721565505,0.694924132784345,1.322050315368429,dann_matched,banglasarc3_binary+banglasarc_binary,banglasarc3_binary,123
77eefbc8cad52155,0,0,1.28125,-1.4609375,0.9394706097974611,0.060529390202538995,1.322050315368429,dann_matched,banglasarc3_binary+banglasarc_binary,banglasarc3_binary,123
61341c4de44d2405,1,0,0.14453125,-0.48242188,0.6517982719334875,0.34820172806651245,1.322050315368429,dann_matched,banglasarc3_binary+banglasarc_binary,banglasarc3_binary,123
cd6e8a914163a6ff,0,0,0.18652344,-0.45507812,0.6551154062132463,0.3448845937867537,1.322050315368429,dann_matched,banglasarc3_binary+banglasarc_binary,banglasarc3_binary,123
81087120efb6f7bd,0,0,2.484375,-2.390625,0.9924227587321393,0.007577241267860811,1.322050315368429,dann_matched,banglasarc3_binary+banglasarc_binary,banglasarc3_binary,123
467d95865670a7c7,0,0,0.40820312,-0.671875,0.7465087674839027,0.25349123251609723,1.322050315368429,dann_matched,banglasarc3_binary+banglasarc_binary,banglasarc3_binary,123
a061508d9f7523b5,1,0,1.1328125,-1.3515625,0.9230391643039738,0.07696083569602613,1.322050315368429,dann_matched,banglasarc3_binary+banglasarc_binary,banglasarc3_binary,123
cf0096f6a70cc1c1,1,1,-1.4765625,1.1171875,0.06954174450582809,0.9304582554941719,1.322050315368429,dann_matched,banglasarc3_binary+banglasarc_binary,banglasarc3_binary,123
2038f5084e716133,0,1,-1.2109375,0.98828125,0.09982066756762313,0.9001793324323768,1.322050315368429,dann_matched,banglasarc3_binary+banglasarc_binary,banglasarc3_binary,123
40e021231f9b1641,0,0,1.4375,-1.6796875,0.9575961713681533,0.04240382863184672,1.322050315368429,dann_matched,banglasarc3_binary+banglasarc_binary,banglasarc3_binary,123
2416d3cb16cd9c24,1,1,-1.125,0.76953125,0.13072868194347032,0.8692713180565296,1.322050315368429,dann_matched,banglasarc3_binary+banglasarc_binary,banglasarc3_binary,123
c8d7de7cf70fcf2b,0,1,-0.40039062,0.13769531,0.36863295421433606,0.6313670457856639,1.322050315368429,dann_matched,banglasarc3_binary+banglasarc_binary,banglasarc3_binary,123
f6314ebda0e9b467,1,0,0.19921875,-0.57421875,0.6842640244786128,0.31573597552138716,1.322050315368429,dann_matched,banglasarc3_binary+banglasarc_binary,banglasarc3_binary,123
6062c09c444e211f,1,0,0.6484375,-0.85546875,0.8181563569443524,0.1818436430556475,1.322050315368429,dann_matched,banglasarc3_binary+banglasarc_binary,banglasarc3_binary,123
4adaf7a44c6d430f,1,0,1.140625,-1.21875,0.9136765234137297,0.08632347658627028,1.322050315368429,dann_matched,banglasarc3_binary+banglasarc_binary,banglasarc3_binary,123
a5bb573405980a25,1,0,0.26171875,-0.39453125,0.658417500561683,0.341582499438317,1.322050315368429,dann_matched,banglasarc3_binary+banglasarc_binary,banglasarc3_binary,123
44fc54763842d3f4,1,1,-2.0,1.6484375,0.02537131147440214,0.9746286885255978,1.322050315368429,dann_matched,banglasarc3_binary+banglasarc_binary,banglasarc3_binary,123
64ad5df98a085346,0,0,-0.00793457,-0.23828125,0.5573333866428644,0.44266661335713575,1.322050315368429,dann_matched,banglasarc3_binary+banglasarc_binary,banglasarc3_binary,123
d3b2db834378679a,0,0,0.4296875,-0.7109375,0.7577943712746406,0.24220562872535945,1.322050315368429,dann_matched,banglasarc3_binary+banglasarc_binary,banglasarc3_binary,123
411964e4c9aadb31,0,1,-2.03125,1.6484375,0.024609928625961945,0.975390071374038,1.322050315368429,dann_matched,banglasarc3_binary+banglasarc_binary,banglasarc3_binary,123
9d3774289ff1c6b7,1,1,-0.296875,-0.110839844,0.4536248838578532,0.5463751161421467,1.322050315368429,dann_matched,banglasarc3_binary+banglasarc_binary,banglasarc3_binary,123
7799f6cae337598c,0,0,1.640625,-1.8984375,0.9717790128704671,0.02822098712953305,1.322050315368429,dann_matched,banglasarc3_binary+banglasarc_binary,banglasarc3_binary,123
211c6d38bfbe7b02,0,0,0.5625,-0.65234375,0.7711548724998493,0.22884512750015074,1.322050315368429,dann_matched,banglasarc3_binary+banglasarc_binary,banglasarc3_binary,123
3cff9f15c3baf42c,1,0,0.37890625,-0.54296875,0.7154239957834733,0.28457600421652673,1.322050315368429,dann_matched,banglasarc3_binary+banglasarc_binary,banglasarc3_binary,123
9c18cf645a2b92f4,1,1,-2.546875,2.15625,0.008985428752560176,0.9910145712474399,1.322050315368429,dann_matched,banglasarc3_binary+banglasarc_binary,banglasarc3_binary,123
0b45893ebd275e93,0,0,1.609375,-1.75,0.9664104943498959,0.033589505650103976,1.322050315368429,dann_matched,banglasarc3_binary+banglasarc_binary,banglasarc3_binary,123
e5026d6cb3802c30,1,1,-0.9453125,0.5546875,0.18242552380635632,0.8175744761936437,1.322050315368429,dann_matched,banglasarc3_binary+banglasarc_binary,banglasarc3_binary,123
6aaf9704fc1bdef0,0,1,-1.203125,0.96875,0.10230470789265303,0.8976952921073469,1.322050315368429,dann_matched,banglasarc3_binary+banglasarc_binary,banglasarc3_binary,123
81a1f43037e1cac1,1,1,-0.796875,0.43554688,0.22575782208345962,0.7742421779165404,1.322050315368429,dann_matched,banglasarc3_binary+banglasarc_binary,banglasarc3_binary,123
7fb0bd6317330d4d,1,1,-1.453125,1.0546875,0.07531230632362355,0.9246876936763765,1.322050315368429,dann_matched,banglasarc3_binary+banglasarc_binary,banglasarc3_binary,123
02520a874eae112e,1,1,-1.5078125,1.1640625,0.06465348835622392,0.9353465116437761,1.322050315368429,dann_matched,banglasarc3_binary+banglasarc_binary,banglasarc3_binary,123
a5ce9ddbfc286430,0,0,2.1875,-2.015625,0.9852713861502774,0.014728613849722676,1.322050315368429,dann_matched,banglasarc3_binary+banglasarc_binary,banglasarc3_binary,123
f0dad52b23c7b1b2,0,0,1.15625,-1.34375,0.9241418199787566,0.07585818002124356,1.322050315368429,dann_matched,banglasarc3_binary+banglasarc_binary,banglasarc3_binary,123
552cb5e4af89f7b4,1,1,-1.7890625,1.3828125,0.04023794262361602,0.9597620573763841,1.322050315368429,dann_matched,banglasarc3_binary+banglasarc_binary,banglasarc3_binary,123
5943a521e3945c92,0,0,0.099609375,-0.30664062,0.600188359260205,0.3998116407397951,1.322050315368429,dann_matched,banglasarc3_binary+banglasarc_binary,banglasarc3_binary,123
ae9b18fb7ff57a4e,1,0,-0.12792969,-0.21386719,0.5214711624606773,0.4785288375393227,1.322050315368429,dann_matched,banglasarc3_binary+banglasarc_binary,banglasarc3_binary,123
ff80e0cbcd7c1782,0,0,1.875,-1.8671875,0.9768465889071616,0.023153411092838465,1.322050315368429,dann_matched,banglasarc3_binary+banglasarc_binary,banglasarc3_binary,123
f1314c540d6527e9,0,0,1.4375,-1.625,0.9553191297273498,0.0446808702726502,1.322050315368429,dann_matched,banglasarc3_binary+banglasarc_binary,banglasarc3_binary,123
fac42c7ed54d77d8,0,1,-0.30664062,0.07714844,0.4052133472982556,0.5947866527017444,1.322050315368429,dann_matched,banglasarc3_binary+banglasarc_binary,banglasarc3_binary,123
8658527a6a2a33bf,0,0,1.6796875,-1.8359375,0.9711290930537122,0.028870906946287907,1.322050315368429,dann_matched,banglasarc3_binary+banglasarc_binary,banglasarc3_binary,123
67575dc5c930b3d1,0,0,1.0,-1.1015625,0.8910549527982959,0.108945047201704,1.322050315368429,dann_matched,banglasarc3_binary+banglasarc_binary,banglasarc3_binary,123
ad380f5058befbd4,1,1,-1.3671875,1.125,0.07640768335044701,0.923592316649553,1.322050315368429,dann_matched,banglasarc3_binary+banglasarc_binary,banglasarc3_binary,123
392a0ef4d44c3c73,1,1,-0.59375,0.37695312,0.27474037666903506,0.725259623330965,1.322050315368429,dann_matched,banglasarc3_binary+banglasarc_binary,banglasarc3_binary,123
d6bafb1cda6b4f80,1,1,-1.828125,1.46875,0.035678550877730524,0.9643214491222695,1.322050315368429,dann_matched,banglasarc3_binary+banglasarc_binary,banglasarc3_binary,123
809d83f7454be9cd,1,1,-1.296875,0.7578125,0.11357959169117389,0.8864204083088262,1.322050315368429,dann_matched,banglasarc3_binary+banglasarc_binary,banglasarc3_binary,123
a7ecaf79eb5d5fb9,1,1,-1.2890625,0.81640625,0.10856642283565619,0.8914335771643437,1.322050315368429,dann_matched,banglasarc3_binary+banglasarc_binary,banglasarc3_binary,123
16902334d4aac003,0,0,1.0390625,-1.234375,0.9066531214804244,0.09334687851957546,1.322050315368429,dann_matched,banglasarc3_binary+banglasarc_binary,banglasarc3_binary,123
051f1b25aad139f0,1,0,0.39257812,-0.546875,0.7189891779798493,0.28101082202015076,1.322050315368429,dann_matched,banglasarc3_binary+banglasarc_binary,banglasarc3_binary,123
74628967f465b267,0,1,-1.3671875,0.99609375,0.08601588131710575,0.9139841186828943,1.322050315368429,dann_matched,banglasarc3_binary+banglasarc_binary,banglasarc3_binary,123
32b5e23e297c895c,1,1,-1.4296875,1.046875,0.07751765647688268,0.9224823435231172,1.322050315368429,dann_matched,banglasarc3_binary+banglasarc_binary,banglasarc3_binary,123
78a8f1d91019c411,0,1,-0.32617188,0.045898438,0.4080408559621469,0.5919591440378531,1.322050315368429,dann_matched,banglasarc3_binary+banglasarc_binary,banglasarc3_binary,123
6bbdac83cbe8ed55,1,0,0.4140625,-0.6875,0.7505527565366589,0.24944724346334116,1.322050315368429,dann_matched,banglasarc3_binary+banglasarc_binary,banglasarc3_binary,123
505144aeff25d610,0,0,1.8359375,-2.015625,0.9791955100493928,0.020804489950607352,1.322050315368429,dann_matched,banglasarc3_binary+banglasarc_binary,banglasarc3_binary,123
514e7229ecf5d2fe,1,1,-1.140625,0.8125,0.1242130083520534,0.8757869916479466,1.322050315368429,dann_matched,banglasarc3_binary+banglasarc_binary,banglasarc3_binary,123
97ff4666ec5e9f65,0,0,1.875,-2.109375,0.9817357216481429,0.01826427835185701,1.322050315368429,dann_matched,banglasarc3_binary+banglasarc_binary,banglasarc3_binary,123
7cb9734d271aa603,1,1,-1.6328125,1.2578125,0.05261895334771377,0.9473810466522863,1.322050315368429,dann_matched,banglasarc3_binary+banglasarc_binary,banglasarc3_binary,123
895b32d6f531e8d6,0,1,-1.40625,0.98828125,0.08359066775394157,0.9164093322460585,1.322050315368429,dann_matched,banglasarc3_binary+banglasarc_binary,banglasarc3_binary,123
b1a4b29882b6c492,0,0,1.0625,-1.2734375,0.9118099551992372,0.08819004480076281,1.322050315368429,dann_matched,banglasarc3_binary+banglasarc_binary,banglasarc3_binary,123
0dc4897d46949237,0,0,2.234375,-2.125,0.9873750507184357,0.012624949281564409,1.322050315368429,dann_matched,banglasarc3_binary+banglasarc_binary,banglasarc3_binary,123
c3b7103111f141a1,1,1,-0.9296875,0.640625,0.17217184695139578,0.8278281530486042,1.322050315368429,dann_matched,banglasarc3_binary+banglasarc_binary,banglasarc3_binary,123
ec3e49aee99d8f7a,1,1,-1.828125,1.4296875,0.037047168669075196,0.9629528313309248,1.322050315368429,dann_matched,banglasarc3_binary+banglasarc_binary,banglasarc3_binary,123
992c3932d484ad9a,0,0,0.40234375,-0.56640625,0.7248702761768248,0.2751297238231752,1.322050315368429,dann_matched,banglasarc3_binary+banglasarc_binary,banglasarc3_binary,123
c5bd12f82a343358,1,0,0.45898438,-0.79296875,0.777637773340701,0.222362226659299,1.322050315368429,dann_matched,banglasarc3_binary+banglasarc_binary,banglasarc3_binary,123
3ea7fe33caac8580,0,0,1.9296875,-1.890625,0.9785492708245106,0.021450729175489416,1.322050315368429,dann_matched,banglasarc3_binary+banglasarc_binary,banglasarc3_binary,123
33a5e06ca430c8f1,0,0,0.63671875,-0.8984375,0.8227594829327498,0.17724051706725022,1.322050315368429,dann_matched,banglasarc3_binary+banglasarc_binary,banglasarc3_binary,123
0e1ca87b75e07a22,0,0,0.83984375,-1.0625,0.870156561979502,0.12984343802049797,1.322050315368429,dann_matched,banglasarc3_binary+banglasarc_binary,banglasarc3_binary,123
d8fee321b4621b14,1,0,0.53125,-0.76953125,0.7859664367768047,0.2140335632231953,1.322050315368429,dann_matched,banglasarc3_binary+banglasarc_binary,banglasarc3_binary,123
00c1732e4277e2ff,1,1,-0.2109375,-0.15527344,0.4860875764791109,0.5139124235208892,1.322050315368429,dann_matched,banglasarc3_binary+banglasarc_binary,banglasarc3_binary,123
fbce076f3a151066,1,1,-2.140625,1.703125,0.0209642408181275,0.9790357591818724,1.322050315368429,dann_matched,banglasarc3_binary+banglasarc_binary,banglasarc3_binary,123
dbbbd3567edaaf38,0,0,0.1875,-0.52734375,0.6714705667356973,0.3285294332643027,1.322050315368429,dann_matched,banglasarc3_binary+banglasarc_binary,banglasarc3_binary,123
4ac1dba701f4fda5,1,1,-1.03125,0.8046875,0.13753246610186087,0.8624675338981391,1.322050315368429,dann_matched,banglasarc3_binary+banglasarc_binary,banglasarc3_binary,123
a13bde6d3c5bb87a,0,0,1.109375,-1.2109375,0.9105453978311193,0.08945460216888064,1.322050315368429,dann_matched,banglasarc3_binary+banglasarc_binary,banglasarc3_binary,123
9f92c9c63ab16ba9,1,1,-2.09375,1.6953125,0.022116588802079524,0.9778834111979205,1.322050315368429,dann_matched,banglasarc3_binary+banglasarc_binary,banglasarc3_binary,123
e70632ab44b95d37,1,1,-1.3359375,1.0625,0.0832919225567441,0.916708077443256,1.322050315368429,dann_matched,banglasarc3_binary+banglasarc_binary,banglasarc3_binary,123
e1e95dc7d5fd4fe7,0,1,-0.2109375,-0.16015625,0.4873074149509266,0.5126925850490733,1.322050315368429,dann_matched,banglasarc3_binary+banglasarc_binary,banglasarc3_binary,123
cf43563beef479bd,1,0,1.640625,-1.796875,0.9688561694652216,0.031143830534778462,1.322050315368429,dann_matched,banglasarc3_binary+banglasarc_binary,banglasarc3_binary,123
9f9b2bac0fb579a1,1,1,-1.59375,1.34375,0.05033063259747688,0.9496693674025232,1.322050315368429,dann_matched,banglasarc3_binary+banglasarc_binary,banglasarc3_binary,123
64261898e8263c33,0,1,-0.67578125,0.359375,0.2620856794387872,0.7379143205612129,1.322050315368429,dann_matched,banglasarc3_binary+banglasarc_binary,banglasarc3_binary,123
2584524d390cdfab,1,1,-0.796875,0.3828125,0.2351083892199931,0.7648916107800069,1.322050315368429,dann_matched,banglasarc3_binary+banglasarc_binary,banglasarc3_binary,123
257a7560d1ab7c7e,0,1,-1.8125,1.453125,0.036769466075598736,0.9632305339244013,1.322050315368429,dann_matched,banglasarc3_binary+banglasarc_binary,banglasarc3_binary,123
2f14c0092aa7ca57,1,1,-0.4296875,0.13183594,0.363195039005093,0.6368049609949069,1.322050315368429,dann_matched,banglasarc3_binary+banglasarc_binary,banglasarc3_binary,123
342881c8a15bad16,0,0,0.1796875,-0.49609375,0.6627964666451921,0.3372035333548079,1.322050315368429,dann_matched,banglasarc3_binary+banglasarc_binary,banglasarc3_binary,123
43f923ef5eb8a6f5,0,0,1.2734375,-1.4375,0.9376689641180752,0.06233103588192476,1.322050315368429,dann_matched,banglasarc3_binary+banglasarc_binary,banglasarc3_binary,123
ee6f09f058aef096,1,1,-1.5859375,1.265625,0.05460060578165237,0.9453993942183476,1.322050315368429,dann_matched,banglasarc3_binary+banglasarc_binary,banglasarc3_binary,123
923b266511af9ccd,1,1,-1.4375,0.96875,0.08269734267503885,0.9173026573249612,1.322050315368429,dann_matched,banglasarc3_binary+banglasarc_binary,banglasarc3_binary,123
405b3d840ad271a8,0,0,0.73046875,-0.96875,0.8454326716299558,0.15456732837004417,1.322050315368429,dann_matched,banglasarc3_binary+banglasarc_binary,banglasarc3_binary,123
dab992c0f3dc01a0,0,0,1.25,-1.390625,0.9334308110294983,0.06656918897050168,1.322050315368429,dann_matched,banglasarc3_binary+banglasarc_binary,banglasarc3_binary,123
667af3eb14934a3e,0,0,1.578125,-1.7421875,0.9651191130633208,0.034880886936679296,1.322050315368429,dann_matched,banglasarc3_binary+banglasarc_binary,banglasarc3_binary,123
b564fa9b23515ed0,1,1,-1.90625,1.4921875,0.032344332381157095,0.9676556676188429,1.322050315368429,dann_matched,banglasarc3_binary+banglasarc_binary,banglasarc3_binary,123
66d2aff5fc2e61bc,0,0,1.7578125,-1.890625,0.9746286885255978,0.02537131147440214,1.322050315368429,dann_matched,banglasarc3_binary+banglasarc_binary,banglasarc3_binary,123
d3a8233595cb8024,0,0,1.015625,-1.1875,0.9005297861178929,0.09947021388210707,1.322050315368429,dann_matched,banglasarc3_binary+banglasarc_binary,banglasarc3_binary,123
1d769f0a19572287,1,1,-1.640625,1.5859375,0.03817827426156642,0.9618217257384336,1.322050315368429,dann_matched,banglasarc3_binary+banglasarc_binary,banglasarc3_binary,123
3fee32aadfaf6383,0,0,1.09375,-1.34375,0.9196425311777929,0.08035746882220708,1.322050315368429,dann_matched,banglasarc3_binary+banglasarc_binary,banglasarc3_binary,123
114b54f8ea927149,1,1,-0.8828125,0.5546875,0.19193278644723683,0.8080672135527632,1.322050315368429,dann_matched,banglasarc3_binary+banglasarc_binary,banglasarc3_binary,123
f8e88475333512af,1,1,-0.20410156,-0.15527344,0.487795393491103,0.512204606508897,1.322050315368429,dann_matched,banglasarc3_binary+banglasarc_binary,banglasarc3_binary,123
7a2afdf85b0e4a57,1,1,-1.4765625,1.140625,0.06804042027255897,0.9319595797274409,1.322050315368429,dann_matched,banglasarc3_binary+banglasarc_binary,banglasarc3_binary,123
92c430c72628f547,0,0,0.38085938,-0.59765625,0.7268135846252497,0.27318641537475025,1.322050315368429,dann_matched,banglasarc3_binary+banglasarc_binary,banglasarc3_binary,123
26dc21d32e9a6348,1,0,0.59765625,-0.734375,0.7911764288611264,0.2088235711388737,1.322050315368429,dann_matched,banglasarc3_binary+banglasarc_binary,banglasarc3_binary,123
d08da382f5aa6fd6,1,0,1.5078125,-1.609375,0.9575961713681533,0.04240382863184672,1.322050315368429,dann_matched,banglasarc3_binary+banglasarc_binary,banglasarc3_binary,123
ff9a012f3a431db5,1,1,-1.1875,0.7890625,0.12168575463704705,0.878314245362953,1.322050315368429,dann_matched,banglasarc3_binary+banglasarc_binary,banglasarc3_binary,123
55386c020543c40f,1,1,-2.09375,1.7734375,0.02048855468474385,0.9795114453152562,1.322050315368429,dann_matched,banglasarc3_binary+banglasarc_binary,banglasarc3_binary,123
017099e7610a6f6c,1,0,1.421875,-1.6015625,0.953621794005189,0.046378205994811086,1.322050315368429,dann_matched,banglasarc3_binary+banglasarc_binary,banglasarc3_binary,123
f016ba0cc1c77d81,1,1,-1.5859375,1.0859375,0.06465348835622392,0.9353465116437761,1.322050315368429,dann_matched,banglasarc3_binary+banglasarc_binary,banglasarc3_binary,123
bbbc6d295b42948d,0,1,-0.6875,0.25585938,0.28022226421698404,0.719777735783016,1.322050315368429,dann_matched,banglasarc3_binary+banglasarc_binary,banglasarc3_binary,123
8a6ec5d8b3140bbc,1,1,-0.72265625,0.40429688,0.24472382910998208,0.755276170890018,1.322050315368429,dann_matched,banglasarc3_binary+banglasarc_binary,banglasarc3_binary,123
52f3e5cbfe71dd90,0,0,0.953125,-1.171875,0.8933094060543487,0.10669059394565118,1.322050315368429,dann_matched,banglasarc3_binary+banglasarc_binary,banglasarc3_binary,123
6311c3f6e9111661,1,0,0.33789062,-0.6640625,0.7314424129709252,0.2685575870290748,1.322050315368429,dann_matched,banglasarc3_binary+banglasarc_binary,banglasarc3_binary,123
ab531d6915b77591,1,0,0.51953125,-0.78515625,0.786622824583395,0.21337717541660498,1.322050315368429,dann_matched,banglasarc3_binary+banglasarc_binary,banglasarc3_binary,123
c8d4191a4c0034b0,0,1,-1.03125,0.83984375,0.1334152172639784,0.8665847827360217,1.322050315368429,dann_matched,banglasarc3_binary+banglasarc_binary,banglasarc3_binary,123
78f45826d9c886c2,1,0,0.78515625,-0.9296875,0.8474634859343486,0.15253651406565133,1.322050315368429,dann_matched,banglasarc3_binary+banglasarc_binary,banglasarc3_binary,123
f5080918cb703e26,1,1,-1.8203125,1.484375,0.03541073007632382,0.9645892699236761,1.322050315368429,dann_matched,banglasarc3_binary+banglasarc_binary,banglasarc3_binary,123
50855678cee37752,0,1,-0.35742188,-0.17578125,0.45471428582912016,0.5452857141708799,1.322050315368429,dann_matched,banglasarc3_binary+banglasarc_binary,banglasarc3_binary,123
0e861cdeb8d4ab68,1,1,-1.4609375,1.0703125,0.07369626970604846,0.9263037302939515,1.322050315368429,dann_matched,banglasarc3_binary+banglasarc_binary,banglasarc3_binary,123
6aa0691388dde3ef,0,0,1.2890625,-1.4453125,0.9390248191350352,0.06097518086496481,1.322050315368429,dann_matched,banglasarc3_binary+banglasarc_binary,banglasarc3_binary,123
ac035386ab80b4e6,1,1,-1.5078125,1.2265625,0.06097518086496481,0.9390248191350352,1.322050315368429,dann_matched,banglasarc3_binary+banglasarc_binary,banglasarc3_binary,123
e76a1038723dc5eb,1,1,-1.2421875,0.8671875,0.10818895456207035,0.8918110454379297,1.322050315368429,dann_matched,banglasarc3_binary+banglasarc_binary,banglasarc3_binary,123
ff922cbca8785282,1,1,-0.3984375,-0.08984375,0.4234580256008813,0.5765419743991188,1.322050315368429,dann_matched,banglasarc3_binary+banglasarc_binary,banglasarc3_binary,123
66a6d7fc7c022153,1,1,-0.22460938,-0.047851562,0.45592524066460843,0.5440747593353916,1.322050315368429,dann_matched,banglasarc3_binary+banglasarc_binary,banglasarc3_binary,123
6f920e614b465135,0,1,-0.27539062,-0.092285156,0.45435110314439703,0.5456488968556029,1.322050315368429,dann_matched,banglasarc3_binary+banglasarc_binary,banglasarc3_binary,123
a3046e4436328bea,1,1,-1.328125,0.94140625,0.09367800267455072,0.9063219973254493,1.322050315368429,dann_matched,banglasarc3_binary+banglasarc_binary,banglasarc3_binary,123
226afc1f08fe0780,0,0,0.8203125,-1.1953125,0.8824278664544911,0.11757213354550883,1.322050315368429,dann_matched,banglasarc3_binary+banglasarc_binary,banglasarc3_binary,123
9924815a000de0cd,0,0,0.9375,-1.1953125,0.8940517128636203,0.10594828713637978,1.322050315368429,dann_matched,banglasarc3_binary+banglasarc_binary,banglasarc3_binary,123
71c861c5ca9ae94c,0,0,2.15625,-2.3125,0.9886682464686385,0.011331753531361453,1.322050315368429,dann_matched,banglasarc3_binary+banglasarc_binary,banglasarc3_binary,123
9a8af6572f036955,1,0,0.39648438,-0.76171875,0.7610060599864007,0.23899394001359922,1.322050315368429,dann_matched,banglasarc3_binary+banglasarc_binary,banglasarc3_binary,123
148f42b7e3a77173,1,1,-1.734375,1.15625,0.05261895334771377,0.9473810466522863,1.322050315368429,dann_matched,banglasarc3_binary+banglasarc_binary,banglasarc3_binary,123
4a3ebc4e56a23695,0,1,-0.84765625,0.4453125,0.2153507429786673,0.7846492570213327,1.322050315368429,dann_matched,banglasarc3_binary+banglasarc_binary,banglasarc3_binary,123
9884f74105725ac3,0,0,1.03125,-1.25,0.9073122213606241,0.09268777863937604,1.322050315368429,dann_matched,banglasarc3_binary+banglasarc_binary,banglasarc3_binary,123
bc7aa60f495fb7a9,0,1,-0.3515625,0.06933594,0.39630178193325116,0.6036982180667488,1.322050315368429,dann_matched,banglasarc3_binary+banglasarc_binary,banglasarc3_binary,123
1a19fa077638051f,0,0,1.9765625,-2.21875,0.9851575827657517,0.014842417234248268,1.322050315368429,dann_matched,banglasarc3_binary+banglasarc_binary,banglasarc3_binary,123
bbac56b00ec41b2d,1,0,1.2421875,-1.453125,0.9367494780065266,0.06325052199347325,1.322050315368429,dann_matched,banglasarc3_binary+banglasarc_binary,banglasarc3_binary,123
1ee3ab9f5f73d8e3,0,0,0.47070312,-0.74609375,0.7714993677488416,0.22850063225115835,1.322050315368429,dann_matched,banglasarc3_binary+banglasarc_binary,banglasarc3_binary,123
0a70db745aa8febf,1,1,-0.625,0.25195312,0.2938095639024741,0.706190436097526,1.322050315368429,dann_matched,banglasarc3_binary+banglasarc_binary,banglasarc3_binary,123
a831521b5fade0b4,0,0,1.0390625,-1.21875,0.9053222982086733,0.0946777017913266,1.322050315368429,dann_matched,banglasarc3_binary+banglasarc_binary,banglasarc3_binary,123
aee1e0859bd82e49,0,0,1.609375,-1.7421875,0.9661559646595075,0.03384403534049258,1.322050315368429,dann_matched,banglasarc3_binary+banglasarc_binary,banglasarc3_binary,123
14c1d9b31ee9da91,0,0,1.53125,-1.7421875,0.9635062337709722,0.0364937662290278,1.322050315368429,dann_matched,banglasarc3_binary+banglasarc_binary,banglasarc3_binary,123
0b3f384c234e0487,1,1,-1.859375,1.5234375,0.03283695602724524,0.9671630439727548,1.322050315368429,dann_matched,banglasarc3_binary+banglasarc_binary,banglasarc3_binary,123
ba3b5a884606387b,1,1,-2.0625,1.6796875,0.023153411092838465,0.9768465889071616,1.322050315368429,dann_matched,banglasarc3_binary+banglasarc_binary,banglasarc3_binary,123
d93424c4b5243f73,0,0,2.375,-2.3125,0.9908743626108194,0.00912563738918052,1.322050315368429,dann_matched,banglasarc3_binary+banglasarc_binary,banglasarc3_binary,123
b7e8e4540b6277b4,0,0,1.09375,-1.265625,0.9136765234137297,0.08632347658627028,1.322050315368429,dann_matched,banglasarc3_binary+banglasarc_binary,banglasarc3_binary,123
dfa9f26844b0493f,1,1,-1.5703125,1.21875,0.05791808743947446,0.9420819125605256,1.322050315368429,dann_matched,banglasarc3_binary+banglasarc_binary,banglasarc3_binary,123
c63b2cd906f1ec56,1,1,-0.20410156,-0.16992188,0.49145590991231375,0.5085440900876863,1.322050315368429,dann_matched,banglasarc3_binary+banglasarc_binary,banglasarc3_binary,123
30f04a8c49d82a1e,1,1,-0.36523438,-0.07421875,0.4277552434539343,0.5722447565460658,1.322050315368429,dann_matched,banglasarc3_binary+banglasarc_binary,banglasarc3_binary,123
f53841d746ae3cd5,1,0,1.515625,-1.796875,0.9648551535992067,0.03514484640079327,1.322050315368429,dann_matched,banglasarc3_binary+banglasarc_binary,banglasarc3_binary,123
78b23bee083f3547,0,0,0.016967773,-0.36328125,0.5939331629549689,0.40606683704503105,1.322050315368429,dann_matched,banglasarc3_binary+banglasarc_binary,banglasarc3_binary,123
57f53209ea014911,0,0,1.1953125,-1.4765625,0.9353465116437761,0.06465348835622392,1.322050315368429,dann_matched,banglasarc3_binary+banglasarc_binary,banglasarc3_binary,123
6bfa33ebacfeda42,1,1,-1.484375,1.046875,0.07369626970604846,0.9263037302939515,1.322050315368429,dann_matched,banglasarc3_binary+banglasarc_binary,banglasarc3_binary,123
188035f94f43d5ab,0,0,1.65625,-1.90625,0.9724147177732099,0.027585282226789985,1.322050315368429,dann_matched,banglasarc3_binary+banglasarc_binary,banglasarc3_binary,123
a9c618cbe59ac37d,1,1,-1.90625,1.5234375,0.031380429512976746,0.9686195704870232,1.322050315368429,dann_matched,banglasarc3_binary+banglasarc_binary,banglasarc3_binary,123
b24787eee7829216,0,0,1.421875,-1.4609375,0.9469902279841446,0.05300977201585542,1.322050315368429,dann_matched,banglasarc3_binary+banglasarc_binary,banglasarc3_binary,123
7ef070492a733c38,0,0,1.6640625,-1.890625,0.9722043774187549,0.027795622581245058,1.322050315368429,dann_matched,banglasarc3_binary+banglasarc_binary,banglasarc3_binary,123
c367988694c84530,0,0,0.65625,-0.9375,0.8311430478583168,0.16885695214168314,1.322050315368429,dann_matched,banglasarc3_binary+banglasarc_binary,banglasarc3_binary,123
18d391b119c1644a,1,0,1.2734375,-1.5625,0.944587205618231,0.05541279438176918,1.322050315368429,dann_matched,banglasarc3_binary+banglasarc_binary,banglasarc3_binary,123
4faab331ced87a08,0,0,0.40820312,-0.71875,0.755276170890018,0.24472382910998208,1.322050315368429,dann_matched,banglasarc3_binary+banglasarc_binary,banglasarc3_binary,123
977b72c19a26ad0b,0,0,1.6953125,-1.8515625,0.9719924793940118,0.02800752060598813,1.322050315368429,dann_matched,banglasarc3_binary+banglasarc_binary,banglasarc3_binary,123
6517e05a5287776b,0,0,0.21679688,-0.55078125,0.6829967608364195,0.3170032391635806,1.322050315368429,dann_matched,banglasarc3_binary+banglasarc_binary,banglasarc3_binary,123
ee6dbf89dce4e2bb,1,1,-1.640625,1.2421875,0.05300977201585542,0.9469902279841446,1.322050315368429,dann_matched,banglasarc3_binary+banglasarc_binary,banglasarc3_binary,123
ccf32cdc3d0775ad,1,1,-1.953125,1.53125,0.029760093945964218,0.9702399060540357,1.322050315368429,dann_matched,banglasarc3_binary+banglasarc_binary,banglasarc3_binary,123
4da5e414258db266,0,0,0.71484375,-0.86328125,0.8289388083214156,0.17106119167858438,1.322050315368429,dann_matched,banglasarc3_binary+banglasarc_binary,banglasarc3_binary,123
60ac14a8affe8358,1,1,-0.45703125,0.20605469,0.34004673956928044,0.6599532604307196,1.322050315368429,dann_matched,banglasarc3_binary+banglasarc_binary,banglasarc3_binary,123
c82b770796c8cf66,1,1,-2.078125,1.78125,0.020645930739218447,0.9793540692607815,1.322050315368429,dann_matched,banglasarc3_binary+banglasarc_binary,banglasarc3_binary,123
f5fd2d4cdc3bc132,1,1,-2.390625,2.140625,0.010652510839726164,0.9893474891602738,1.322050315368429,dann_matched,banglasarc3_binary+banglasarc_binary,banglasarc3_binary,123
94f3c9ec4b1c85a4,1,0,2.40625,-2.40625,0.9919380084717284,0.008061991528271641,1.322050315368429,dann_matched,banglasarc3_binary+banglasarc_binary,banglasarc3_binary,123
5a10d03482f58dbf,1,0,2.296875,-2.328125,0.9902915235185259,0.009708476481474066,1.322050315368429,dann_matched,banglasarc3_binary+banglasarc_binary,banglasarc3_binary,123
acbcf17308c9467e,1,1,-1.3046875,0.9375,0.09602548878779378,0.9039745112122062,1.322050315368429,dann_matched,banglasarc3_binary+banglasarc_binary,banglasarc3_binary,123
efc06bd7dc0335d5,1,1,-1.4375,1.0703125,0.07531230632362355,0.9246876936763765,1.322050315368429,dann_matched,banglasarc3_binary+banglasarc_binary,banglasarc3_binary,123
ed59d0f7934d3996,0,1,-0.65625,0.29101562,0.2794350592151495,0.7205649407848504,1.322050315368429,dann_matched,banglasarc3_binary+banglasarc_binary,banglasarc3_binary,123
562d6d6d9b6ae4be,1,1,-1.8984375,1.609375,0.029090757042564665,0.9709092429574353,1.322050315368429,dann_matched,banglasarc3_binary+banglasarc_binary,banglasarc3_binary,123
f32e502d7c88ac0b,1,1,-1.484375,1.1484375,0.06705628692511957,0.9329437130748804,1.322050315368429,dann_matched,banglasarc3_binary+banglasarc_binary,banglasarc3_binary,123
8e5d3f2f373f5e29,0,0,1.2734375,-1.453125,0.9385759599453297,0.06142404005467019,1.322050315368429,dann_matched,banglasarc3_binary+banglasarc_binary,banglasarc3_binary,123
9207c873bbd453c3,0,0,1.546875,-1.75,0.9643214491222695,0.035678550877730524,1.322050315368429,dann_matched,banglasarc3_binary+banglasarc_binary,banglasarc3_binary,123
89156813be6db8c4,1,1,-2.046875,1.6328125,0.024609928625961945,0.975390071374038,1.322050315368429,dann_matched,banglasarc3_binary+banglasarc_binary,banglasarc3_binary,123
8b10125a3aa18362,1,0,0.056640625,-0.32617188,0.5945512642417856,0.40544873575821444,1.322050315368429,dann_matched,banglasarc3_binary+banglasarc_binary,banglasarc3_binary,123
1ab10ab51e82c702,0,1,-1.0078125,0.69140625,0.15456732837004417,0.8454326716299558,1.322050315368429,dann_matched,banglasarc3_binary+banglasarc_binary,banglasarc3_binary,123
0c97107ad69abd97,0,0,1.0625,-1.3828125,0.9202179865359069,0.079782013464093,1.322050315368429,dann_matched,banglasarc3_binary+banglasarc_binary,banglasarc3_binary,123
319378441192755c,1,1,-0.375,0.18164062,0.36432511001163725,0.6356748899883626,1.322050315368429,dann_matched,banglasarc3_binary+banglasarc_binary,banglasarc3_binary,123
da5927d625a7e992,0,0,0.007080078,-0.34179688,0.5863452165100635,0.4136547834899365,1.322050315368429,dann_matched,banglasarc3_binary+banglasarc_binary,banglasarc3_binary,123
f948aa239ae79172,0,0,0.77734375,-1.0078125,0.8563323913156724,0.14366760868432768,1.322050315368429,dann_matched,banglasarc3_binary+banglasarc_binary,banglasarc3_binary,123
b98ee8eae2d4d6c2,1,1,-0.95703125,0.75390625,0.15304215724489628,0.8469578427551038,1.322050315368429,dann_matched,banglasarc3_binary+banglasarc_binary,banglasarc3_binary,123
2c4933c952f7fae0,1,1,-1.8984375,1.6640625,0.027585282226789985,0.9724147177732099,1.322050315368429,dann_matched,banglasarc3_binary+banglasarc_binary,banglasarc3_binary,123
5611174ac8f322d9,0,0,1.6953125,-1.8125,0.9709092429574353,0.029090757042564665,1.322050315368429,dann_matched,banglasarc3_binary+banglasarc_binary,banglasarc3_binary,123
a68c6a0d2e4a0d44,0,1,-0.48632812,0.17675781,0.34004673956928044,0.6599532604307196,1.322050315368429,dann_matched,banglasarc3_binary+banglasarc_binary,banglasarc3_binary,123
f0beee1358ba6702,1,1,-1.53125,1.1953125,0.06142404005467019,0.9385759599453297,1.322050315368429,dann_matched,banglasarc3_binary+banglasarc_binary,banglasarc3_binary,123
9dd87b3601b59c5e,1,1,-0.9921875,0.6328125,0.1645164628965632,0.8354835371034369,1.322050315368429,dann_matched,banglasarc3_binary+banglasarc_binary,banglasarc3_binary,123
059d63cf1f988857,0,0,-0.11767578,-0.2265625,0.5271948157979138,0.4728051842020863,1.322050315368429,dann_matched,banglasarc3_binary+banglasarc_binary,banglasarc3_binary,123
205492061bc3b836,1,1,-1.5078125,1.1484375,0.06560483745906928,0.9343951625409306,1.322050315368429,dann_matched,banglasarc3_binary+banglasarc_binary,banglasarc3_binary,123
ba85309fe6f0de09,1,0,0.30664062,-0.59375,0.7110297695673703,0.2889702304326297,1.322050315368429,dann_matched,banglasarc3_binary+banglasarc_binary,banglasarc3_binary,123
34cf41d51399f927,1,1,-1.9609375,1.578125,0.02822098712953305,0.9717790128704671,1.322050315368429,dann_matched,banglasarc3_binary+banglasarc_binary,banglasarc3_binary,123
8f9e66d0954319bd,1,1,-1.0625,0.6328125,0.15507847160659358,0.8449215283934065,1.322050315368429,dann_matched,banglasarc3_binary+banglasarc_binary,banglasarc3_binary,123
7aea9964e3bab268,0,0,0.20214844,-0.47851562,0.6638868931548084,0.3361131068451915,1.322050315368429,dann_matched,banglasarc3_binary+banglasarc_binary,banglasarc3_binary,123
34262aaf029abe9c,0,0,1.4765625,-1.6171875,0.9566342012360932,0.04336579876390677,1.322050315368429,dann_matched,banglasarc3_binary+banglasarc_binary,banglasarc3_binary,123
afc98c7da489d792,0,0,2.09375,-2.140625,0.9857180660748888,0.014281933925111153,1.322050315368429,dann_matched,banglasarc3_binary+banglasarc_binary,banglasarc3_binary,123
87ca816cf9ca3a57,0,0,2.015625,-2.359375,0.9875683491468141,0.012431650853185818,1.322050315368429,dann_matched,banglasarc3_binary+banglasarc_binary,banglasarc3_binary,123
b8705f91611e42fd,1,1,-1.828125,1.4609375,0.035948321789243294,0.9640516782107567,1.322050315368429,dann_matched,banglasarc3_binary+banglasarc_binary,banglasarc3_binary,123
9b4172a29427d096,1,1,-2.046875,1.6640625,0.023870834952430912,0.976129165047569,1.322050315368429,dann_matched,banglasarc3_binary+banglasarc_binary,banglasarc3_binary,123
277d8e87c25a04d0,0,0,2.65625,-2.625,0.9949396679680339,0.00506033203196621,1.322050315368429,dann_matched,banglasarc3_binary+banglasarc_binary,banglasarc3_binary,123
d41615dc78dfd442,0,0,1.2890625,-1.4609375,0.9399133498259924,0.06008665017400762,1.322050315368429,dann_matched,banglasarc3_binary+banglasarc_binary,banglasarc3_binary,123
3b570bff1dc82229,1,1,-1.28125,0.98828125,0.09367800267455072,0.9063219973254493,1.322050315368429,dann_matched,banglasarc3_binary+banglasarc_binary,banglasarc3_binary,123
a14957fec3333e4d,1,1,-1.3984375,1.0546875,0.07921032410902437,0.9207896758909757,1.322050315368429,dann_matched,banglasarc3_binary+banglasarc_binary,banglasarc3_binary,123
434aefb45c633a6e,1,1,-0.96484375,0.65234375,0.16559311363082369,0.8344068863691763,1.322050315368429,dann_matched,banglasarc3_binary+banglasarc_binary,banglasarc3_binary,123
cb001950d002af6a,0,0,1.3359375,-1.5859375,0.9489172630429474,0.05108273695705249,1.322050315368429,dann_matched,banglasarc3_binary+banglasarc_binary,banglasarc3_binary,123
bde02cf99aa6475c,0,0,1.3984375,-1.4921875,0.9473810466522863,0.05261895334771377,1.322050315368429,dann_matched,banglasarc3_binary+banglasarc_binary,banglasarc3_binary,123
d59a0afee6d44b0f,1,1,-1.8046875,1.5390625,0.03410042571231151,0.9658995742876885,1.322050315368429,dann_matched,banglasarc3_binary+banglasarc_binary,banglasarc3_binary,123
53e03d54e9f7c1ed,1,1,-1.0625,0.71484375,0.14463143714297527,0.8553685628570248,1.322050315368429,dann_matched,banglasarc3_binary+banglasarc_binary,banglasarc3_binary,123
2922023d8f4b1469,0,0,1.34375,-1.5625,0.94815453335022,0.05184546664977983,1.322050315368429,dann_matched,banglasarc3_binary+banglasarc_binary,banglasarc3_binary,123
9a38672a43ee4277,1,1,-1.5390625,1.1796875,0.061875985723642724,0.9381240142763573,1.322050315368429,dann_matched,banglasarc3_binary+banglasarc_binary,banglasarc3_binary,123
7d708b93f7458e17,0,0,2.359375,-2.53125,0.9925393565360598,0.007460643463940165,1.322050315368429,dann_matched,banglasarc3_binary+banglasarc_binary,banglasarc3_binary,123
123e910b36e0446d,0,0,1.3671875,-1.5390625,0.94815453335022,0.05184546664977983,1.322050315368429,dann_matched,banglasarc3_binary+banglasarc_binary,banglasarc3_binary,123
5dc46488541a62ec,1,1,-1.96875,1.8125,0.022286185539225494,0.9777138144607745,1.322050315368429,dann_matched,banglasarc3_binary+banglasarc_binary,banglasarc3_binary,123
e52a1f58f51e0c0a,1,1,-1.3828125,1.0703125,0.07921032410902437,0.9207896758909757,1.322050315368429,dann_matched,banglasarc3_binary+banglasarc_binary,banglasarc3_binary,123
9b0ea3fdc41c9127,0,0,-0.11669922,-0.20117188,0.5211056154002078,0.4788943845997921,1.322050315368429,dann_matched,banglasarc3_binary+banglasarc_binary,banglasarc3_binary,123
6013016338f9c6dd,0,0,0.8203125,-1.125,0.8749346174830964,0.12506538251690355,1.322050315368429,dann_matched,banglasarc3_binary+banglasarc_binary,banglasarc3_binary,123
5e41f878680dab10,0,0,2.09375,-2.171875,0.9861513897844354,0.013848610215564576,1.322050315368429,dann_matched,banglasarc3_binary+banglasarc_binary,banglasarc3_binary,123
f86040734ae27c6d,1,1,-1.484375,1.0703125,0.07211220541293051,0.9278877945870695,1.322050315368429,dann_matched,banglasarc3_binary+banglasarc_binary,banglasarc3_binary,123
d10cccce1b8473e7,0,1,-1.4375,1.078125,0.07477004290796138,0.9252299570920387,1.322050315368429,dann_matched,banglasarc3_binary+banglasarc_binary,banglasarc3_binary,123
24135986932e677c,1,0,-0.03955078,-0.21191406,0.5429844538464565,0.4570155461535435,1.322050315368429,dann_matched,banglasarc3_binary+banglasarc_binary,banglasarc3_binary,123
7514b989309b1d9c,0,0,1.5078125,-1.6796875,0.96036116089903,0.039638839100970026,1.322050315368429,dann_matched,banglasarc3_binary+banglasarc_binary,banglasarc3_binary,123
ce110dc8185ae08e,1,1,-0.421875,0.32617188,0.32124702583500586,0.6787529741649941,1.322050315368429,dann_matched,banglasarc3_binary+banglasarc_binary,banglasarc3_binary,123
cb27ebe4bead824c,1,1,-1.03125,0.66796875,0.15456732837004417,0.8454326716299558,1.322050315368429,dann_matched,banglasarc3_binary+banglasarc_binary,banglasarc3_binary,123
bc540917f9b7c71d,1,1,-0.640625,0.27539062,0.2857704332839452,0.7142295667160549,1.322050315368429,dann_matched,banglasarc3_binary+banglasarc_binary,banglasarc3_binary,123
4ffffbe307d0a83a,0,0,0.9921875,-1.234375,0.9026096017480523,0.09739039825194779,1.322050315368429,dann_matched,banglasarc3_binary+banglasarc_binary,banglasarc3_binary,123
b4323b5c74f8fc36,0,0,1.2265625,-1.3515625,0.9294404038127071,0.07055959618729296,1.322050315368429,dann_matched,banglasarc3_binary+banglasarc_binary,banglasarc3_binary,123
ad6cc5fb265960cc,0,0,0.3515625,-0.7421875,0.7490872131147275,0.25091278688527247,1.322050315368429,dann_matched,banglasarc3_binary+banglasarc_binary,banglasarc3_binary,123
d39ddcf24d6d9189,0,1,-1.2109375,0.86328125,0.11162799104060678,0.8883720089593933,1.322050315368429,dann_matched,banglasarc3_binary+banglasarc_binary,banglasarc3_binary,123
f38d81be661a4b8f,1,1,-2.09375,1.6640625,0.02280263596800613,0.9771973640319939,1.322050315368429,dann_matched,banglasarc3_binary+banglasarc_binary,banglasarc3_binary,123
373eddabf5c3d1f7,1,0,1.03125,-0.921875,0.8757869916479466,0.1242130083520534,1.322050315368429,dann_matched,banglasarc3_binary+banglasarc_binary,banglasarc3_binary,123
c511137eaf00d6b1,1,1,-2.21875,1.8828125,0.016277460912713496,0.9837225390872865,1.322050315368429,dann_matched,banglasarc3_binary+banglasarc_binary,banglasarc3_binary,123
3cb9b64cd0bcd1c4,1,0,-0.10888672,-0.17089844,0.5154979636145429,0.48450203638545714,1.322050315368429,dann_matched,banglasarc3_binary+banglasarc_binary,banglasarc3_binary,123
44e81fb71fafc5f6,1,1,-1.3515625,0.9375,0.09203286011100995,0.90796713988899,1.322050315368429,dann_matched,banglasarc3_binary+banglasarc_binary,banglasarc3_binary,123
1f6366dc8c87721e,0,0,0.12988281,-0.36914062,0.6222298079588998,0.3777701920411003,1.322050315368429,dann_matched,banglasarc3_binary+banglasarc_binary,banglasarc3_binary,123
406b7cc3a0445691,1,1,-1.3671875,1.09375,0.07864238118410145,0.9213576188158985,1.322050315368429,dann_matched,banglasarc3_binary+banglasarc_binary,banglasarc3_binary,123
35cf36bc3d8642ab,0,0,0.13769531,-0.38085938,0.6268097418521419,0.3731902581478581,1.322050315368429,dann_matched,banglasarc3_binary+banglasarc_binary,banglasarc3_binary,123
57cd7fdd60d1667d,1,1,-0.95703125,0.66796875,0.1645164628965632,0.8354835371034369,1.322050315368429,dann_matched,banglasarc3_binary+banglasarc_binary,banglasarc3_binary,123
0bb1548e56ec97e6,1,0,1.0,-1.265625,0.9059898203834277,0.09401017961657226,1.322050315368429,dann_matched,banglasarc3_binary+banglasarc_binary,banglasarc3_binary,123
8e8b85d15b47827c,1,1,-0.9921875,0.6484375,0.16238003666671086,0.8376199633332891,1.322050315368429,dann_matched,banglasarc3_binary+banglasarc_binary,banglasarc3_binary,123
fae8d93fe40b415d,1,0,0.140625,-0.35351562,0.6210813715335566,0.3789186284664433,1.322050315368429,dann_matched,banglasarc3_binary+banglasarc_binary,banglasarc3_binary,123
12e6dab580637364,1,1,-1.3046875,0.92578125,0.09704755697933022,0.9029524430206697,1.322050315368429,dann_matched,banglasarc3_binary+banglasarc_binary,banglasarc3_binary,123
c63614053bc8ae28,0,0,0.77734375,-1.0234375,0.8582440095395809,0.14175599046041915,1.322050315368429,dann_matched,banglasarc3_binary+banglasarc_binary,banglasarc3_binary,123
e567c1f8bb54ed53,0,0,1.265625,-1.4296875,0.9367494780065266,0.06325052199347325,1.322050315368429,dann_matched,banglasarc3_binary+banglasarc_binary,banglasarc3_binary,123
4689d69a0738828f,0,0,2.28125,-2.359375,0.9904406006529085,0.009559399347091532,1.322050315368429,dann_matched,banglasarc3_binary+banglasarc_binary,banglasarc3_binary,123
b24c7e2e479c102f,0,0,2.046875,-2.234375,0.9863631647185701,0.013636835281429876,1.322050315368429,dann_matched,banglasarc3_binary+banglasarc_binary,banglasarc3_binary,123
8ed4645228916f02,0,0,0.69140625,-0.96484375,0.8397339676722393,0.16026603232776068,1.322050315368429,dann_matched,banglasarc3_binary+banglasarc_binary,banglasarc3_binary,123
f59c42c49edda760,0,1,-0.4296875,0.13378906,0.3627434324677321,0.6372565675322679,1.322050315368429,dann_matched,banglasarc3_binary+banglasarc_binary,banglasarc3_binary,123
d760334e952c9d53,0,0,2.1875,-2.1875,0.9875683491468141,0.012431650853185818,1.322050315368429,dann_matched,banglasarc3_binary+banglasarc_binary,banglasarc3_binary,123
98f8544b2ea323d3,0,0,0.54296875,-0.83984375,0.7994423202552038,0.2005576797447963,1.322050315368429,dann_matched,banglasarc3_binary+banglasarc_binary,banglasarc3_binary,123
ce05c3fa0cc62627,0,0,1.3359375,-1.4765625,0.9433475746920261,0.05665242530797383,1.322050315368429,dann_matched,banglasarc3_binary+banglasarc_binary,banglasarc3_binary,123
fdc64d7635cb59b2,0,0,0.69140625,-0.89453125,0.8300437698548124,0.16995623014518763,1.322050315368429,dann_matched,banglasarc3_binary+banglasarc_binary,banglasarc3_binary,123
f93ea9b921c3c0f7,1,1,-0.765625,0.41601562,0.23475733573117155,0.7652426642688286,1.322050315368429,dann_matched,banglasarc3_binary+banglasarc_binary,banglasarc3_binary,123
2278f57caa613701,0,0,1.640625,-1.8203125,0.9695556515673754,0.030444348432624533,1.322050315368429,dann_matched,banglasarc3_binary+banglasarc_binary,banglasarc3_binary,123
c25fe5e4766f241a,0,0,2.0,-2.109375,0.983847165177859,0.016152834822140957,1.322050315368429,dann_matched,banglasarc3_binary+banglasarc_binary,banglasarc3_binary,123
572e4397ff6c9eb2,1,0,1.6875,-1.7421875,0.9686195704870232,0.031380429512976746,1.322050315368429,dann_matched,banglasarc3_binary+banglasarc_binary,banglasarc3_binary,123
9e94c5340c1e9e84,1,1,-0.5234375,0.17285156,0.3326355033372793,0.6673644966627208,1.322050315368429,dann_matched,banglasarc3_binary+banglasarc_binary,banglasarc3_binary,123
e0b7bf00262d60a7,0,0,0.87109375,-1.1171875,0.8795611834053839,0.12043881659461604,1.322050315368429,dann_matched,banglasarc3_binary+banglasarc_binary,banglasarc3_binary,123
7d5dcba04c7cbfc6,1,1,-2.15625,1.90625,0.01691491326672651,0.9830850867332734,1.322050315368429,dann_matched,banglasarc3_binary+banglasarc_binary,banglasarc3_binary,123
cd9fc03dbd82abcd,0,0,2.453125,-2.265625,0.9911526449170697,0.008847355082930386,1.322050315368429,dann_matched,banglasarc3_binary+banglasarc_binary,banglasarc3_binary,123
54b803aa09d54185,1,1,-0.96875,0.703125,0.1581743527484317,0.8418256472515684,1.322050315368429,dann_matched,banglasarc3_binary+banglasarc_binary,banglasarc3_binary,123
725ea8a5def6acac,0,0,2.265625,-2.546875,0.9919380084717284,0.008061991528271641,1.322050315368429,dann_matched,banglasarc3_binary+banglasarc_binary,banglasarc3_binary,123
56d6d68354837500,0,1,-0.23925781,0.00793457,0.43851466959741997,0.5614853304025801,1.322050315368429,dann_matched,banglasarc3_binary+banglasarc_binary,banglasarc3_binary,123
da5033e533eee677,1,1,-0.8125,0.62890625,0.19132767714793028,0.8086723228520697,1.322050315368429,dann_matched,banglasarc3_binary+banglasarc_binary,banglasarc3_binary,123
ce347cf05f786fe0,1,1,-0.45507812,0.18359375,0.3455468255389751,0.6544531744610249,1.322050315368429,dann_matched,banglasarc3_binary+banglasarc_binary,banglasarc3_binary,123
ea499bace09f44ce,1,1,-0.93359375,0.703125,0.16291203745291188,0.8370879625470882,1.322050315368429,dann_matched,banglasarc3_binary+banglasarc_binary,banglasarc3_binary,123
2ccc2f875d7de471,1,1,-0.8984375,0.55078125,0.19012183026908458,0.8098781697309154,1.322050315368429,dann_matched,banglasarc3_binary+banglasarc_binary,banglasarc3_binary,123
22e8efc34608d82d,0,0,0.3125,-0.66796875,0.7272012166848617,0.2727987833151383,1.322050315368429,dann_matched,banglasarc3_binary+banglasarc_binary,banglasarc3_binary,123
040a68c1b02bd862,1,1,-0.34179688,0.17773438,0.3729618496455532,0.6270381503544469,1.322050315368429,dann_matched,banglasarc3_binary+banglasarc_binary,banglasarc3_binary,123
efde5d179b5fd873,1,1,-1.8125,1.4921875,0.03541073007632382,0.9645892699236761,1.322050315368429,dann_matched,banglasarc3_binary+banglasarc_binary,banglasarc3_binary,123
0b43510285b09eba,0,0,1.828125,-2.0625,0.9799765587105447,0.020023441289455244,1.322050315368429,dann_matched,banglasarc3_binary+banglasarc_binary,banglasarc3_binary,123
dd4fae9961a88873,1,1,-1.1796875,0.890625,0.11201595092000367,0.8879840490799963,1.322050315368429,dann_matched,banglasarc3_binary+banglasarc_binary,banglasarc3_binary,123
121299f05ede0c91,1,1,-0.94140625,0.5390625,0.18535662781502407,0.8146433721849758,1.322050315368429,dann_matched,banglasarc3_binary+banglasarc_binary,banglasarc3_binary,123
30a6096d2f7010ff,1,1,-1.640625,1.2265625,0.053799643460063995,0.946200356539936,1.322050315368429,dann_matched,banglasarc3_binary+banglasarc_binary,banglasarc3_binary,123
a1bd9a0f27bbd51e,0,1,-1.515625,1.203125,0.061875985723642724,0.9381240142763573,1.322050315368429,dann_matched,banglasarc3_binary+banglasarc_binary,banglasarc3_binary,123
477fd95f302c284c,0,0,1.875,-1.8984375,0.9775429470705839,0.02245705292941607,1.322050315368429,dann_matched,banglasarc3_binary+banglasarc_binary,banglasarc3_binary,123
8c8158a78b04bd05,1,1,-1.78125,1.3984375,0.0399373142069266,0.9600626857930734,1.322050315368429,dann_matched,banglasarc3_binary+banglasarc_binary,banglasarc3_binary,123
226eabf5281f11fa,0,0,1.6328125,-1.734375,0.9666631758572982,0.03333682414270177,1.322050315368429,dann_matched,banglasarc3_binary+banglasarc_binary,banglasarc3_binary,123
d094516197c5cc27,0,0,1.0390625,-1.21875,0.9053222982086733,0.0946777017913266,1.322050315368429,dann_matched,banglasarc3_binary+banglasarc_binary,banglasarc3_binary,123
9d3e29981c15d1c1,0,0,0.087402344,-0.4453125,0.6301160832755441,0.369883916724456,1.322050315368429,dann_matched,banglasarc3_binary+banglasarc_binary,banglasarc3_binary,123
fd31f5f3ca6c7a27,1,0,0.73046875,-1.0234375,0.8524448171983366,0.1475551828016634,1.322050315368429,dann_matched,banglasarc3_binary+banglasarc_binary,banglasarc3_binary,123
73b89dd260eea14b,0,0,2.4375,-2.640625,0.9938070098421449,0.006192990157855187,1.322050315368429,dann_matched,banglasarc3_binary+banglasarc_binary,banglasarc3_binary,123
37f2931057293b4e,1,0,0.38085938,-0.41796875,0.6897237499113223,0.31027625008867765,1.322050315368429,dann_matched,banglasarc3_binary+banglasarc_binary,banglasarc3_binary,123
d2fa1859fec8bc19,0,0,1.265625,-1.5390625,0.9429286027746023,0.057071397225397696,1.322050315368429,dann_matched,banglasarc3_binary+banglasarc_binary,banglasarc3_binary,123
50dbee0e7a539695,1,0,0.796875,-0.875,0.8418256472515684,0.1581743527484317,1.322050315368429,dann_matched,banglasarc3_binary+banglasarc_binary,banglasarc3_binary,123
d2ebc3d3ea553892,1,0,1.1328125,-1.234375,0.9142907207192192,0.08570927928078063,1.322050315368429,dann_matched,banglasarc3_binary+banglasarc_binary,banglasarc3_binary,123
e15f93ee6c7733d1,1,0,-0.087890625,-0.19042969,0.5256123283346986,0.4743876716653013,1.322050315368429,dann_matched,banglasarc3_binary+banglasarc_binary,banglasarc3_binary,123
25e11947840674b6,1,1,-1.1484375,0.87109375,0.11716746932535992,0.8828325306746402,1.322050315368429,dann_matched,banglasarc3_binary+banglasarc_binary,banglasarc3_binary,123
37ed4175676826d3,1,1,-0.49414062,0.15332031,0.34356193714317157,0.6564380628568284,1.322050315368429,dann_matched,banglasarc3_binary+banglasarc_binary,banglasarc3_binary,123
acf59b60bc703e78,0,1,-0.46289062,0.23144531,0.33306921748379326,0.6669307825162067,1.322050315368429,dann_matched,banglasarc3_binary+banglasarc_binary,banglasarc3_binary,123
2dac047c35342cac,1,1,-0.53125,0.15429688,0.33502442411845135,0.6649755758815485,1.322050315368429,dann_matched,banglasarc3_binary+banglasarc_binary,banglasarc3_binary,123
ea0b4a8ffa6daf5d,0,0,1.1875,-1.28125,0.9219218348550491,0.07807816514495095,1.322050315368429,dann_matched,banglasarc3_binary+banglasarc_binary,banglasarc3_binary,123
52c53afde23c5737,1,1,-1.234375,0.87890625,0.1078126399606749,0.8921873600393251,1.322050315368429,dann_matched,banglasarc3_binary+banglasarc_binary,banglasarc3_binary,123
597d374e58e24ce0,0,0,1.015625,-1.203125,0.90192067652954,0.09807932347046003,1.322050315368429,dann_matched,banglasarc3_binary+banglasarc_binary,banglasarc3_binary,123
21f6588fa41d80f2,1,1,-1.4140625,0.94921875,0.08601588131710575,0.9139841186828943,1.322050315368429,dann_matched,banglasarc3_binary+banglasarc_binary,banglasarc3_binary,123
b4e8413b56264fde,0,0,0.9921875,-1.1015625,0.8902942261220291,0.10970577387797074,1.322050315368429,dann_matched,banglasarc3_binary+banglasarc_binary,banglasarc3_binary,123
576dad90f863a07a,0,0,1.5390625,-1.703125,0.9623913644941934,0.03760863550580657,1.322050315368429,dann_matched,banglasarc3_binary+banglasarc_binary,banglasarc3_binary,123
acc440f1fc8bac8a,1,0,1.6953125,-1.921875,0.9738443816461771,0.02615561835382285,1.322050315368429,dann_matched,banglasarc3_binary+banglasarc_binary,banglasarc3_binary,123
99f834500aa28da7,1,1,-1.8515625,1.4375,0.035948321789243294,0.9640516782107567,1.322050315368429,dann_matched,banglasarc3_binary+banglasarc_binary,banglasarc3_binary,123
ab8cb0f62e0897af,0,0,0.55078125,-0.6875,0.775264699264738,0.2247353007352621,1.322050315368429,dann_matched,banglasarc3_binary+banglasarc_binary,banglasarc3_binary,123
c2990dd82a44f69e,1,1,-0.6171875,0.36914062,0.27163795149137593,0.7283620485086241,1.322050315368429,dann_matched,banglasarc3_binary+banglasarc_binary,banglasarc3_binary,123
00d461014350b89e,1,1,-0.97265625,0.59375,0.1727293128639838,0.8272706871360163,1.322050315368429,dann_matched,banglasarc3_binary+banglasarc_binary,banglasarc3_binary,123
3e29fef3bf46bf1b,0,0,2.4375,-2.5625,0.9933071490757153,0.006692850924284856,1.322050315368429,dann_matched,banglasarc3_binary+banglasarc_binary,banglasarc3_binary,123
5707e3c0244d1dfb,1,0,0.079589844,-0.32421875,0.5996023707771148,0.4003976292228853,1.322050315368429,dann_matched,banglasarc3_binary+banglasarc_binary,banglasarc3_binary,123
fd622c33ab6796bd,1,1,-1.3515625,1.0078125,0.08632347658627028,0.9136765234137297,1.322050315368429,dann_matched,banglasarc3_binary+banglasarc_binary,banglasarc3_binary,123
61890d2332416b73,0,1,-1.578125,1.171875,0.06008665017400762,0.9399133498259924,1.322050315368429,dann_matched,banglasarc3_binary+banglasarc_binary,banglasarc3_binary,123
3b4ef2d9f41c852f,1,1,-0.890625,0.5078125,0.19806417366892506,0.801935826331075,1.322050315368429,dann_matched,banglasarc3_binary+banglasarc_binary,banglasarc3_binary,123
e5390f71a9c29ba6,0,0,1.15625,-1.3046875,0.9213576188158985,0.07864238118410145,1.322050315368429,dann_matched,banglasarc3_binary+banglasarc_binary,banglasarc3_binary,123
b099c317bb9c6687,1,1,-2.0625,1.734375,0.02194825371486785,0.9780517462851323,1.322050315368429,dann_matched,banglasarc3_binary+banglasarc_binary,banglasarc3_binary,123
912bbeda5648f283,1,0,0.7890625,-0.96875,0.8529354795409523,0.14706452045904778,1.322050315368429,dann_matched,banglasarc3_binary+banglasarc_binary,banglasarc3_binary,123
c823ae44a3e23b84,0,0,0.61328125,-0.8515625,0.8122723960432147,0.1877276039567854,1.322050315368429,dann_matched,banglasarc3_binary+banglasarc_binary,banglasarc3_binary,123
bfea9a263b223c80,1,1,-0.18847656,0.021850586,0.4476111998177913,0.5523888001822088,1.322050315368429,dann_matched,banglasarc3_binary+banglasarc_binary,banglasarc3_binary,123
3cdaa503d41fc6a6,0,0,2.421875,-2.546875,0.993096161928778,0.006903838071221877,1.322050315368429,dann_matched,banglasarc3_binary+banglasarc_binary,banglasarc3_binary,123
d71f7c52c9ea87be,0,1,-1.625,1.28125,0.05184546664977983,0.94815453335022,1.322050315368429,dann_matched,banglasarc3_binary+banglasarc_binary,banglasarc3_binary,123
def9ea9b246c55b1,0,0,0.17675781,-0.42578125,0.6462369886453169,0.3537630113546831,1.322050315368429,dann_matched,banglasarc3_binary+banglasarc_binary,banglasarc3_binary,123
04b1b4f08fdd18c5,1,1,-0.4296875,0.23925781,0.33873304318448744,0.6612669568155125,1.322050315368429,dann_matched,banglasarc3_binary+banglasarc_binary,banglasarc3_binary,123
39bf383204dad4e3,0,0,1.1484375,-1.3515625,0.9241418199787566,0.07585818002124356,1.322050315368429,dann_matched,banglasarc3_binary+banglasarc_binary,banglasarc3_binary,123
1f427bfaa298bf6b,1,0,0.55078125,-0.83984375,0.8006920020959544,0.19930799790404563,1.322050315368429,dann_matched,banglasarc3_binary+banglasarc_binary,banglasarc3_binary,123
ed3220bf0c8abb3b,1,1,-1.6640625,1.2734375,0.05033063259747688,0.9496693674025232,1.322050315368429,dann_matched,banglasarc3_binary+banglasarc_binary,banglasarc3_binary,123
855a37fc463d8e33,1,1,-1.6953125,1.359375,0.04501553160023231,0.9549844683997677,1.322050315368429,dann_matched,banglasarc3_binary+banglasarc_binary,banglasarc3_binary,123
4771a65e8a1e5abf,0,0,0.80859375,-0.96484375,0.8548846370796298,0.14511536292037017,1.322050315368429,dann_matched,banglasarc3_binary+banglasarc_binary,banglasarc3_binary,123
4f4b52f3c17a4ba1,0,0,1.546875,-1.640625,0.96036116089903,0.039638839100970026,1.322050315368429,dann_matched,banglasarc3_binary+banglasarc_binary,banglasarc3_binary,123
51e27f8269f8eaac,0,0,0.23535156,-0.59765625,0.6969905400906166,0.3030094599093834,1.322050315368429,dann_matched,banglasarc3_binary+banglasarc_binary,banglasarc3_binary,123
8de5e108effcbaea,0,0,1.8046875,-2.015625,0.9785492708245106,0.021450729175489416,1.322050315368429,dann_matched,banglasarc3_binary+banglasarc_binary,banglasarc3_binary,123
75e09ea10216853d,0,0,0.87890625,-1.0703125,0.8753614294639163,0.12463857053608371,1.322050315368429,dann_matched,banglasarc3_binary+banglasarc_binary,banglasarc3_binary,123
b3ece23327e83d73,0,0,1.5859375,-1.9140625,0.9706877692486436,0.029312230751356316,1.322050315368429,dann_matched,banglasarc3_binary+banglasarc_binary,banglasarc3_binary,123
237b60d67d3a977b,0,0,1.53125,-1.71875,0.9626731126558706,0.037326887344129464,1.322050315368429,dann_matched,banglasarc3_binary+banglasarc_binary,banglasarc3_binary,123
9ce912c1a315b4d4,1,1,-0.71875,0.40234375,0.24580846052125757,0.7541915394787425,1.322050315368429,dann_matched,banglasarc3_binary+banglasarc_binary,banglasarc3_binary,123
a034075943ae5ef1,1,1,-0.84765625,0.62890625,0.1859471949014217,0.8140528050985784,1.322050315368429,dann_matched,banglasarc3_binary+banglasarc_binary,banglasarc3_binary,123
00e1bdb06e67ed07,0,0,1.1640625,-1.4296875,0.9304582554941719,0.06954174450582809,1.322050315368429,dann_matched,banglasarc3_binary+banglasarc_binary,banglasarc3_binary,123
5e81d0127cda6083,1,1,-0.17480469,-0.103027344,0.4820633641776711,0.5179366358223289,1.322050315368429,dann_matched,banglasarc3_binary+banglasarc_binary,banglasarc3_binary,123
391c2dab4f4a8ea6,1,1,-2.203125,1.921875,0.01590639171181471,0.9840936082881853,1.322050315368429,dann_matched,banglasarc3_binary+banglasarc_binary,banglasarc3_binary,123
76010f7452a4ee0b,0,0,1.1796875,-1.3984375,0.9294404038127071,0.07055959618729296,1.322050315368429,dann_matched,banglasarc3_binary+banglasarc_binary,banglasarc3_binary,123
501212c9f4c39f1a,0,0,1.109375,-1.3359375,0.9202179865359069,0.079782013464093,1.322050315368429,dann_matched,banglasarc3_binary+banglasarc_binary,banglasarc3_binary,123
2d0c4e3b8cd32421,1,1,-2.09375,1.8046875,0.019870713960402048,0.980129286039598,1.322050315368429,dann_matched,banglasarc3_binary+banglasarc_binary,banglasarc3_binary,123
b46fca43ca40e1a1,0,1,-1.0,0.609375,0.16667540468797667,0.8333245953120233,1.322050315368429,dann_matched,banglasarc3_binary+banglasarc_binary,banglasarc3_binary,123
eb34b73284cdfb62,0,0,2.15625,-2.203125,0.9873750507184357,0.012624949281564409,1.322050315368429,dann_matched,banglasarc3_binary+banglasarc_binary,banglasarc3_binary,123
82b1b909a5385c25,0,0,0.00030517578,-0.26757812,0.566573184778905,0.43342681522109505,1.322050315368429,dann_matched,banglasarc3_binary+banglasarc_binary,banglasarc3_binary,123
afab669e2802f55a,0,0,1.75,-1.859375,0.9736446471538801,0.02635535284611975,1.322050315368429,dann_matched,banglasarc3_binary+banglasarc_binary,banglasarc3_binary,123
32655b6af6468900,1,1,-1.5234375,1.1015625,0.0675466911396291,0.9324533088603709,1.322050315368429,dann_matched,banglasarc3_binary+banglasarc_binary,banglasarc3_binary,123
63522bcc58aca5aa,1,1,-0.57421875,0.23144531,0.3088152265252637,0.6911847734747362,1.322050315368429,dann_matched,banglasarc3_binary+banglasarc_binary,banglasarc3_binary,123
b81a6fc550996879,0,1,-1.3984375,1.0234375,0.08151975597471893,0.9184802440252811,1.322050315368429,dann_matched,banglasarc3_binary+banglasarc_binary,banglasarc3_binary,123
9e9c76d8536be656,0,0,1.7421875,-1.921875,0.9750122054090997,0.024987794590900315,1.322050315368429,dann_matched,banglasarc3_binary+banglasarc_binary,banglasarc3_binary,123
487ba6736df9dac4,1,1,-0.095214844,0.036132812,0.4672102137359968,0.5327897862640032,1.322050315368429,dann_matched,banglasarc3_binary+banglasarc_binary,banglasarc3_binary,123
7224809745c5317e,0,0,0.34375,-0.5546875,0.7106283025898368,0.2893716974101633,1.322050315368429,dann_matched,banglasarc3_binary+banglasarc_binary,banglasarc3_binary,123
cc351cfcab72e656,0,1,-0.875,0.4453125,0.2107663063197709,0.7892336936802291,1.322050315368429,dann_matched,banglasarc3_binary+banglasarc_binary,banglasarc3_binary,123
0ac9087c2e695175,0,0,2.46875,-2.515625,0.9932024684496267,0.006797531550373378,1.322050315368429,dann_matched,banglasarc3_binary+banglasarc_binary,banglasarc3_binary,123
7ab4d04075a8767b,1,1,-0.91796875,0.59765625,0.18010666408646395,0.8198933359135361,1.322050315368429,dann_matched,banglasarc3_binary+banglasarc_binary,banglasarc3_binary,123
005a81526dd973be,1,1,-1.8203125,1.3828125,0.03904829272622638,0.9609517072737735,1.322050315368429,dann_matched,banglasarc3_binary+banglasarc_binary,banglasarc3_binary,123
5422984065fd2576,1,0,2.265625,-2.59375,0.9923043528216078,0.007695647178392188,1.322050315368429,dann_matched,banglasarc3_binary+banglasarc_binary,banglasarc3_binary,123
73b2db9434de0a4f,1,1,-1.515625,1.015625,0.07369626970604846,0.9263037302939515,1.322050315368429,dann_matched,banglasarc3_binary+banglasarc_binary,banglasarc3_binary,123
7b755c23081cae77,1,1,-1.6953125,1.3671875,0.0446808702726502,0.9553191297273498,1.322050315368429,dann_matched,banglasarc3_binary+banglasarc_binary,banglasarc3_binary,123
4df4505e1099e8b8,0,1,-1.3203125,0.85546875,0.10194652082730637,0.8980534791726937,1.322050315368429,dann_matched,banglasarc3_binary+banglasarc_binary,banglasarc3_binary,123
20d8bb2aacda3ef4,0,0,1.7109375,-1.8359375,0.9719924793940118,0.02800752060598813,1.322050315368429,dann_matched,banglasarc3_binary+banglasarc_binary,banglasarc3_binary,123
86168cedfa8908d4,1,1,-1.6328125,1.296875,0.050705364797830506,0.9492946352021694,1.322050315368429,dann_matched,banglasarc3_binary+banglasarc_binary,banglasarc3_binary,123
ffe0b07ccb36819b,1,1,-2.296875,1.9296875,0.014392336369436931,0.9856076636305632,1.322050315368429,dann_matched,banglasarc3_binary+banglasarc_binary,banglasarc3_binary,123
0f006194b45e6c5f,1,1,-1.328125,0.98046875,0.09041372682383805,0.9095862731761619,1.322050315368429,dann_matched,banglasarc3_binary+banglasarc_binary,banglasarc3_binary,123
0032784830ddb818,0,0,0.70703125,-0.9296875,0.8370879625470882,0.16291203745291188,1.322050315368429,dann_matched,banglasarc3_binary+banglasarc_binary,banglasarc3_binary,123
471ce8d0863df951,0,1,-0.3671875,0.12890625,0.3784590902141952,0.6215409097858049,1.322050315368429,dann_matched,banglasarc3_binary+banglasarc_binary,banglasarc3_binary,123
b8051eeb7d141427,1,1,-1.4296875,0.91796875,0.0872522465547244,0.9127477534452755,1.322050315368429,dann_matched,banglasarc3_binary+banglasarc_binary,banglasarc3_binary,123
13f5d731d71ec752,0,0,1.65625,-1.9375,0.9732407168145568,0.026759283185443145,1.322050315368429,dann_matched,banglasarc3_binary+banglasarc_binary,banglasarc3_binary,123
53d67a30efe6b19e,0,1,-1.4453125,1.1328125,0.07055959618729296,0.9294404038127071,1.322050315368429,dann_matched,banglasarc3_binary+banglasarc_binary,banglasarc3_binary,123
002c1140ae3dde4e,1,1,-1.015625,0.67578125,0.15559099407709326,0.8444090059229068,1.322050315368429,dann_matched,banglasarc3_binary+banglasarc_binary,banglasarc3_binary,123
03a3878f85634362,1,1,-2.203125,1.9453125,0.015543647930770626,0.9844563520692292,1.322050315368429,dann_matched,banglasarc3_binary+banglasarc_binary,banglasarc3_binary,123
15cf011d32f28273,1,1,-1.875,1.546875,0.03161876726864548,0.9683812327313545,1.322050315368429,dann_matched,banglasarc3_binary+banglasarc_binary,banglasarc3_binary,123
39afb1a94688145e,1,1,-0.46875,0.10449219,0.3604890440845792,0.6395109559154208,1.322050315368429,dann_matched,banglasarc3_binary+banglasarc_binary,banglasarc3_binary,123
5f3e3a9180cef321,1,1,-0.5,0.16992188,0.338514334512262,0.6614856654877381,1.322050315368429,dann_matched,banglasarc3_binary+banglasarc_binary,banglasarc3_binary,123
4962ffafd1494e25,1,0,0.93359375,-1.2265625,0.8966140333938164,0.10338596660618364,1.322050315368429,dann_matched,banglasarc3_binary+banglasarc_binary,banglasarc3_binary,123
2f76c0643b8dc919,1,1,-1.4375,1.140625,0.07055959618729296,0.9294404038127071,1.322050315368429,dann_matched,banglasarc3_binary+banglasarc_binary,banglasarc3_binary,123
984ddd9e97dcc313,0,0,0.3984375,-0.6875,0.74761595472359,0.2523840452764101,1.322050315368429,dann_matched,banglasarc3_binary+banglasarc_binary,banglasarc3_binary,123
37b55e10fbcaaa62,0,1,-0.9921875,0.66796875,0.15974102335538914,0.8402589766446108,1.322050315368429,dann_matched,banglasarc3_binary+banglasarc_binary,banglasarc3_binary,123
73d0ee7cb4b89e64,1,1,-0.51953125,0.1640625,0.3354596873925299,0.6645403126074702,1.322050315368429,dann_matched,banglasarc3_binary+banglasarc_binary,banglasarc3_binary,123
67351714d10f07bb,1,1,-0.796875,0.41796875,0.22884512750015074,0.7711548724998493,1.322050315368429,dann_matched,banglasarc3_binary+banglasarc_binary,banglasarc3_binary,123
a4ebfa262a40ce6d,1,1,-1.0703125,0.7109375,0.14414885303274058,0.8558511469672594,1.322050315368429,dann_matched,banglasarc3_binary+banglasarc_binary,banglasarc3_binary,123
711787e882523b00,0,0,0.421875,-0.7578125,0.7648916107800069,0.2351083892199931,1.322050315368429,dann_matched,banglasarc3_binary+banglasarc_binary,banglasarc3_binary,123
46fef03e1665a7ca,0,0,0.5,-0.66796875,0.7627776615116516,0.2372223384883484,1.322050315368429,dann_matched,banglasarc3_binary+banglasarc_binary,banglasarc3_binary,123
a76dc1c36dd7c504,0,0,0.26367188,-0.578125,0.6988435236330957,0.30115647636690435,1.322050315368429,dann_matched,banglasarc3_binary+banglasarc_binary,banglasarc3_binary,123
d7b2d256a4143a25,1,0,1.1953125,-1.390625,0.9299510391228232,0.07004896087717674,1.322050315368429,dann_matched,banglasarc3_binary+banglasarc_binary,banglasarc3_binary,123
1b94ccf4d275d3d1,1,0,0.084472656,-0.265625,0.5866412601032307,0.4133587398967693,1.322050315368429,dann_matched,banglasarc3_binary+banglasarc_binary,banglasarc3_binary,123
734ed3d8328829a9,1,1,-0.9921875,0.65625,0.16132023775174625,0.8386797622482537,1.322050315368429,dann_matched,banglasarc3_binary+banglasarc_binary,banglasarc3_binary,123
a6b2d326016440e6,1,1,-0.39257812,-0.03100586,0.410579018122946,0.589420981877054,1.322050315368429,dann_matched,banglasarc3_binary+banglasarc_binary,banglasarc3_binary,123
31b230e3a9af4fda,0,0,0.92578125,-1.1328125,0.8868130934598374,0.11318690654016261,1.322050315368429,dann_matched,banglasarc3_binary+banglasarc_binary,banglasarc3_binary,123
2220cd6a505565f7,0,0,1.9453125,-2.1875,0.9842154389261902,0.015784561073809773,1.322050315368429,dann_matched,banglasarc3_binary+banglasarc_binary,banglasarc3_binary,123
ce2b334fad8c3a5d,0,0,0.041503906,-0.328125,0.5913693060573335,0.40863069394266643,1.322050315368429,dann_matched,banglasarc3_binary+banglasarc_binary,banglasarc3_binary,123
722c6881b0dee379,1,1,-1.2734375,1.1171875,0.08389038641057993,0.91610961358942,1.322050315368429,dann_matched,banglasarc3_binary+banglasarc_binary,banglasarc3_binary,123
f1e88058df9310e0,1,0,0.33203125,-0.6171875,0.72095803519905,0.27904196480094995,1.322050315368429,dann_matched,banglasarc3_binary+banglasarc_binary,banglasarc3_binary,123
e2b5924ce46e4127,1,1,-0.17578125,-0.084472656,0.4771886980056601,0.5228113019943399,1.322050315368429,dann_matched,banglasarc3_binary+banglasarc_binary,banglasarc3_binary,123
8aa47f0f19a6b655,0,0,1.2734375,-1.484375,0.9403530570548787,0.0596469429451214,1.322050315368429,dann_matched,banglasarc3_binary+banglasarc_binary,banglasarc3_binary,123
366e2c4f0de8d88d,0,1,-1.796875,1.4453125,0.03760863550580657,0.9623913644941934,1.322050315368429,dann_matched,banglasarc3_binary+banglasarc_binary,banglasarc3_binary,123
49e7e0b2adafbcd1,0,0,1.8984375,-2.078125,0.9815951096107584,0.018404890389241722,1.322050315368429,dann_matched,banglasarc3_binary+banglasarc_binary,banglasarc3_binary,123
aae4075a20d3ba22,0,0,1.7890625,-1.7421875,0.9715639669551474,0.02843603304485266,1.322050315368429,dann_matched,banglasarc3_binary+banglasarc_binary,banglasarc3_binary,123
f70f4b9f132b9352,0,0,0.90234375,-1.171875,0.8883720089593933,0.11162799104060678,1.322050315368429,dann_matched,banglasarc3_binary+banglasarc_binary,banglasarc3_binary,123
e868e8fa9c38e342,0,0,1.5703125,-1.71875,0.9640516782107567,0.035948321789243294,1.322050315368429,dann_matched,banglasarc3_binary+banglasarc_binary,banglasarc3_binary,123
34f804166b33a246,1,1,-0.83203125,0.37304688,0.23057307839092478,0.7694269216090752,1.322050315368429,dann_matched,banglasarc3_binary+banglasarc_binary,banglasarc3_binary,123
186dcee2e7df2920,1,1,-1.75,1.3515625,0.04304284934003218,0.9569571506599678,1.322050315368429,dann_matched,banglasarc3_binary+banglasarc_binary,banglasarc3_binary,123
992528b2a23ee70a,0,0,0.41601562,-0.6953125,0.7523766320725713,0.24762336792742878,1.322050315368429,dann_matched,banglasarc3_binary+banglasarc_binary,banglasarc3_binary,123
63b9ff3f715bfb2f,0,0,1.8515625,-1.984375,0.9788748081040518,0.02112519189594821,1.322050315368429,dann_matched,banglasarc3_binary+banglasarc_binary,banglasarc3_binary,123
52a86f6315459641,1,1,-1.953125,1.578125,0.02843603304485266,0.9715639669551474,1.322050315368429,dann_matched,banglasarc3_binary+banglasarc_binary,banglasarc3_binary,123
875e2c2018999836,0,0,1.03125,-1.2578125,0.90796713988899,0.09203286011100995,1.322050315368429,dann_matched,banglasarc3_binary+banglasarc_binary,banglasarc3_binary,123
b0853ab27aae530b,0,0,0.33007812,-0.55078125,0.7070002730499041,0.2929997269500959,1.322050315368429,dann_matched,banglasarc3_binary+banglasarc_binary,banglasarc3_binary,123
2360a4258810318d,0,0,-0.13671875,-0.13964844,0.5007324213511315,0.4992675786488685,1.322050315368429,dann_matched,banglasarc3_binary+banglasarc_binary,banglasarc3_binary,123
6691a7d1596c1c0e,0,0,0.875,-1.03125,0.870597268408361,0.12940273159163906,1.322050315368429,dann_matched,banglasarc3_binary+banglasarc_binary,banglasarc3_binary,123
c7c7d1e79083dbae,0,0,0.14550781,-0.44921875,0.6444489022124282,0.3555510977875717,1.322050315368429,dann_matched,banglasarc3_binary+banglasarc_binary,banglasarc3_binary,123
07edd2171dff4faa,1,1,-1.59375,1.203125,0.05749327880038583,0.9425067211996143,1.322050315368429,dann_matched,banglasarc3_binary+banglasarc_binary,banglasarc3_binary,123
2652e297e664589c,1,1,-0.59375,0.29296875,0.29178742608054825,0.7082125739194518,1.322050315368429,dann_matched,banglasarc3_binary+banglasarc_binary,banglasarc3_binary,123
ce6d32b468635b62,1,1,-1.8828125,1.546875,0.031380429512976746,0.9686195704870232,1.322050315368429,dann_matched,banglasarc3_binary+banglasarc_binary,banglasarc3_binary,123
112e0419a2dcbd6c,0,1,-0.73046875,0.3828125,0.2472596683432263,0.7527403316567737,1.322050315368429,dann_matched,banglasarc3_binary+banglasarc_binary,banglasarc3_binary,123
175f493bd4aa3997,1,0,0.6171875,-0.71484375,0.7911764288611264,0.2088235711388737,1.322050315368429,dann_matched,banglasarc3_binary+banglasarc_binary,banglasarc3_binary,123
15319cb8ed77aaa8,1,1,-0.1875,-0.171875,0.4960938294709195,0.5039061705290805,1.322050315368429,dann_matched,banglasarc3_binary+banglasarc_binary,banglasarc3_binary,123
